Date,Strategy,Cash,Open_Position_Value,Open_Positions,Equity,Peak,Drawdown,Daily_Return
2018-10-25,BASE,8000.0,2080.0,1,10080.0,10080.0,0.0,0.0
2018-10-26,BASE,10080.0,0.0,0,10080.0,10080.0,0.0,0.0
2018-10-27,BASE,10080.0,0.0,0,10080.0,10080.0,0.0,0.0
2018-10-28,BASE,10080.0,0.0,0,10080.0,10080.0,0.0,0.0
2018-10-29,BASE,6048.0,4149.231997221224,2,10197.231997221224,10197.231997221224,0.0,0.01163015845448645
2018-10-30,BASE,8144.639999999999,2052.591997221224,1,10197.231997221224,10197.231997221224,0.0,0.0
2018-10-31,BASE,8144.639999999999,2052.591997221224,1,10197.231997221224,10197.231997221224,0.0,0.0
2018-11-01,BASE,4080.384,6157.490557221225,3,10237.874557221225,10237.874557221225,0.0,0.00398564630196474
2018-11-02,BASE,6071.86944,4166.005117221224,2,10237.874557221225,10237.874557221225,0.0,0.0
2018-11-03,BASE,6071.86944,4166.005117221224,2,10237.874557221225,10237.874557221225,0.0,0.0
2018-11-04,BASE,6071.86944,4166.005117221224,2,10237.874557221225,10237.874557221225,0.0,0.0
2018-11-05,BASE,8124.4614372212245,2113.41312,1,10237.874557221225,10237.874557221225,0.0,0.0
2018-11-06,BASE,8124.4614372212245,2113.41312,1,10237.874557221225,10237.874557221225,0.0,0.0
2018-11-07,BASE,10237.874557221225,0.0,0,10237.874557221225,10237.874557221225,0.0,0.0
2018-11-08,BASE,10237.874557221225,0.0,0,10237.874557221225,10237.874557221225,0.0,0.0
2018-11-09,BASE,10237.874557221225,0.0,0,10237.874557221225,10237.874557221225,0.0,0.0
2018-11-10,BASE,10237.874557221225,0.0,0,10237.874557221225,10237.874557221225,0.0,0.0
2018-11-11,BASE,10237.874557221225,0.0,0,10237.874557221225,10237.874557221225,0.0,0.0
2018-11-12,BASE,10237.874557221225,0.0,0,10237.874557221225,10237.874557221225,0.0,0.0
2018-11-13,BASE,10237.874557221225,0.0,0,10237.874557221225,10237.874557221225,0.0,0.0
2018-11-14,BASE,10237.874557221225,0.0,0,10237.874557221225,10237.874557221225,0.0,0.0
2018-11-15,BASE,10237.874557221225,0.0,0,10237.874557221225,10237.874557221225,0.0,0.0
2018-11-16,BASE,10237.874557221225,0.0,0,10237.874557221225,10237.874557221225,0.0,0.0
2018-11-17,BASE,10237.874557221225,0.0,0,10237.874557221225,10237.874557221225,0.0,0.0
2018-11-18,BASE,10237.874557221225,0.0,0,10237.874557221225,10237.874557221225,0.0,0.0
2018-11-19,BASE,10237.874557221225,0.0,0,10237.874557221225,10237.874557221225,0.0,0.0
2018-11-20,BASE,8190.29964577698,2006.62341321536,1,10196.923058992339,10237.874557221225,-0.004000000000000115,-0.004000000000000115
2018-11-21,BASE,4095.1498228884893,6134.771928543102,3,10229.921751431591,10237.874557221225,-0.0007768024256581407,0.0032361421429136783
2018-11-22,BASE,4095.1498228884893,6134.771928543102,3,10229.921751431591,10237.874557221225,-0.0007768024256581407,0.0
2018-11-23,BASE,2047.5749114442442,8264.249836445117,4,10311.82474788936,10311.82474788936,0.0,0.00800621925053413
2018-11-24,BASE,2047.5749114442442,8264.249836445117,4,10311.82474788936,10311.82474788936,0.0,0.0
2018-11-25,BASE,2047.5749114442442,8264.249836445117,4,10311.82474788936,10311.82474788936,0.0,0.0
2018-11-26,BASE,2047.5749114442442,8264.249836445117,4,10311.82474788936,10311.82474788936,0.0,0.0
2018-11-27,BASE,4054.198324659604,6257.626423229757,3,10311.82474788936,10311.82474788936,0.0,0.0
2018-11-28,BASE,4054.198324659604,6257.626423229757,3,10311.82474788936,10311.82474788936,0.0,0.0
2018-11-29,BASE,10311.82474788936,0.0,0,10311.82474788936,10311.82474788936,0.0,0.0
2018-11-30,BASE,10311.82474788936,0.0,0,10311.82474788936,10311.82474788936,0.0,0.0
2018-12-01,BASE,10311.82474788936,0.0,0,10311.82474788936,10311.82474788936,0.0,0.0
2018-12-02,BASE,10311.82474788936,0.0,0,10311.82474788936,10311.82474788936,0.0,0.0
2018-12-03,BASE,10311.82474788936,0.0,0,10311.82474788936,10311.82474788936,0.0,0.0
2018-12-04,BASE,8249.459798311489,2021.1176505863145,1,10270.577448897804,10311.82474788936,-0.0039999999999998925,-0.0039999999999998925
2018-12-05,BASE,8249.459798311489,2021.1176505863145,1,10270.577448897804,10311.82474788936,-0.0039999999999998925,0.0
2018-12-06,BASE,4108.230979559122,6162.346469338683,3,10270.577448897806,10311.82474788936,-0.0039999999999997815,2.220446049250313e-16
2018-12-07,BASE,8134.297339527061,2136.2801093707435,1,10270.577448897804,10311.82474788936,-0.0039999999999998925,-2.220446049250313e-16
2018-12-08,BASE,8134.297339527061,2136.2801093707435,1,10270.577448897804,10311.82474788936,-0.0039999999999998925,0.0
2018-12-09,BASE,8134.297339527061,2136.2801093707435,1,10270.577448897804,10311.82474788936,-0.0039999999999998925,0.0
2018-12-10,BASE,4058.9322078044124,6130.13793845894,3,10189.070146263351,10311.82474788936,-0.011904255999999891,-0.007935999999999943
2018-12-11,BASE,10189.070146263351,0.0,0,10189.070146263351,10311.82474788936,-0.011904255999999891,0.0
2018-12-12,BASE,10189.070146263351,0.0,0,10189.070146263351,10311.82474788936,-0.011904255999999891,0.0
2018-12-13,BASE,10189.070146263351,0.0,0,10189.070146263351,10311.82474788936,-0.011904255999999891,0.0
2018-12-14,BASE,10189.070146263351,0.0,0,10189.070146263351,10311.82474788936,-0.011904255999999891,0.0
2018-12-15,BASE,10189.070146263351,0.0,0,10189.070146263351,10311.82474788936,-0.011904255999999891,0.0
2018-12-16,BASE,10189.070146263351,0.0,0,10189.070146263351,10311.82474788936,-0.011904255999999891,0.0
2018-12-17,BASE,4075.62805850534,5991.173246002851,3,10066.80130450819,10311.82474788936,-0.02376140492800005,-0.012000000000000122
2018-12-18,BASE,2013.360260901638,7892.372222734423,4,9905.73248363606,10311.82474788936,-0.039381222449151876,-0.015999999999999792
2018-12-19,BASE,1981.1464967272123,7884.479850511689,4,9865.6263472389,10311.82474788936,-0.04327055701191873,-0.004048780487804882
2018-12-20,BASE,5911.354581063909,3914.648191965165,2,9826.002773029075,10311.82474788936,-0.0471130946013919,-0.004016326264060788
2018-12-21,BASE,9826.002773029073,0.0,0,9826.002773029073,10311.82474788936,-0.047113094601392125,-2.220446049250313e-16
2018-12-22,BASE,9826.002773029073,0.0,0,9826.002773029073,10311.82474788936,-0.047113094601392125,0.0
2018-12-23,BASE,9826.002773029073,0.0,0,9826.002773029073,10311.82474788936,-0.047113094601392125,0.0
2018-12-24,BASE,9826.002773029073,0.0,0,9826.002773029073,10311.82474788936,-0.047113094601392125,0.0
2018-12-25,BASE,9826.002773029073,0.0,0,9826.002773029073,10311.82474788936,-0.047113094601392125,0.0
2018-12-26,BASE,9826.002773029073,0.0,0,9826.002773029073,10311.82474788936,-0.047113094601392125,0.0
2018-12-27,BASE,9826.002773029073,0.0,0,9826.002773029073,10311.82474788936,-0.047113094601392125,0.0
2018-12-28,BASE,9826.002773029073,0.0,0,9826.002773029073,10311.82474788936,-0.047113094601392125,0.0
2018-12-29,BASE,9826.002773029073,0.0,0,9826.002773029073,10311.82474788936,-0.047113094601392125,0.0
2018-12-30,BASE,9826.002773029073,0.0,0,9826.002773029073,10311.82474788936,-0.047113094601392125,0.0
2018-12-31,BASE,9826.002773029073,0.0,0,9826.002773029073,10311.82474788936,-0.047113094601392125,0.0
2019-01-01,BASE,9826.002773029073,0.0,0,9826.002773029073,10311.82474788936,-0.047113094601392125,0.0
2019-01-02,BASE,9826.002773029073,0.0,0,9826.002773029073,10311.82474788936,-0.047113094601392125,0.0
2019-01-03,BASE,7860.802218423259,1925.8965435136984,1,9786.698761936957,10311.82474788936,-0.05092464222298643,-0.0039999999999998925
2019-01-04,BASE,9786.698761936957,0.0,0,9786.698761936957,10311.82474788936,-0.05092464222298643,0.0
2019-01-05,BASE,9786.698761936957,0.0,0,9786.698761936957,10311.82474788936,-0.05092464222298643,0.0
2019-01-06,BASE,9786.698761936957,0.0,0,9786.698761936957,10311.82474788936,-0.05092464222298643,0.0
2019-01-07,BASE,9786.698761936957,0.0,0,9786.698761936957,10311.82474788936,-0.05092464222298643,0.0
2019-01-08,BASE,9786.698761936957,0.0,0,9786.698761936957,10311.82474788936,-0.05092464222298643,0.0
2019-01-09,BASE,7829.359009549566,1918.192957339644,1,9747.55196688921,10311.82474788936,-0.05472094365409452,-0.0039999999999998925
2019-01-10,BASE,5848.5311801335265,3821.04037102057,2,9669.571551154097,10311.82474788936,-0.06228317610486167,-0.008000000000000007
2019-01-11,BASE,5817.339013839481,3929.9010313867893,2,9747.24004522627,10311.82474788936,-0.05475119258389749,0.00803225806451624
2019-01-12,BASE,7836.719859715985,1910.5201855102853,1,9747.24004522627,10311.82474788936,-0.05475119258389749,0.0
2019-01-13,BASE,7836.719859715985,1910.5201855102853,1,9747.24004522627,10311.82474788936,-0.05475119258389749,0.0
2019-01-14,BASE,9747.24004522627,0.0,0,9747.24004522627,10311.82474788936,-0.05475119258389749,0.0
2019-01-15,BASE,9747.24004522627,0.0,0,9747.24004522627,10311.82474788936,-0.05475119258389749,0.0
2019-01-16,BASE,7797.792036181016,1910.459048864349,1,9708.251085045365,10311.82474788936,-0.05853218781356184,-0.0039999999999998925
2019-01-17,BASE,9708.251085045365,0.0,0,9708.251085045365,10311.82474788936,-0.05853218781356184,0.0
2019-01-18,BASE,9708.251085045365,0.0,0,9708.251085045365,10311.82474788936,-0.05853218781356184,0.0
2019-01-19,BASE,9708.251085045365,0.0,0,9708.251085045365,10311.82474788936,-0.05853218781356184,0.0
2019-01-20,BASE,9708.251085045365,0.0,0,9708.251085045365,10311.82474788936,-0.05853218781356184,0.0
2019-01-21,BASE,9708.251085045365,0.0,0,9708.251085045365,10311.82474788936,-0.05853218781356184,0.0
2019-01-22,BASE,5824.950651027219,3844.8035538325494,2,9669.754204859768,10311.82474788936,-0.062265463070540705,-0.003965377476165433
2019-01-23,BASE,1926.117015273,7627.604172618306,4,9553.721187891306,10311.82474788936,-0.07351788636179302,-0.011999582875658499
2019-01-24,BASE,5716.528902909432,3837.192284981874,2,9553.721187891306,10311.82474788936,-0.07351788636179302,0.0
2019-01-25,BASE,5716.528902909432,3837.192284981874,2,9553.721187891306,10311.82474788936,-0.07351788636179302,0.0
2019-01-26,BASE,5716.528902909432,3837.192284981874,2,9553.721187891306,10311.82474788936,-0.07351788636179302,0.0
2019-01-27,BASE,5716.528902909432,3837.192284981874,2,9553.721187891306,10311.82474788936,-0.07351788636179302,0.0
2019-01-28,BASE,7611.734846727648,1941.9863411636582,1,9553.721187891306,10311.82474788936,-0.07351788636179302,0.0
2019-01-29,BASE,9553.721187891306,0.0,0,9553.721187891306,10311.82474788936,-0.07351788636179302,0.0
2019-01-30,BASE,9553.721187891306,0.0,0,9553.721187891306,10311.82474788936,-0.07351788636179302,0.0
2019-01-31,BASE,9553.721187891306,0.0,0,9553.721187891306,10311.82474788936,-0.07351788636179302,0.0
2019-02-01,BASE,5732.2327127347835,3745.058705653392,2,9477.291418388175,10311.82474788936,-0.08092974327089875,-0.008000000000000007
2019-02-02,BASE,5732.2327127347835,3745.058705653392,2,9477.291418388175,10311.82474788936,-0.08092974327089875,0.0
2019-02-03,BASE,5732.2327127347835,3745.058705653392,2,9477.291418388175,10311.82474788936,-0.08092974327089875,0.0
2019-02-04,BASE,5732.2327127347835,3745.058705653392,2,9477.291418388175,10311.82474788936,-0.08092974327089875,0.0
2019-02-05,BASE,5732.2327127347835,3745.058705653392,2,9477.291418388175,10311.82474788936,-0.08092974327089875,0.0
2019-02-06,BASE,3821.4884751565223,5617.588058480088,3,9439.07653363661,10311.82474788936,-0.08463567172545161,-0.0040322580645161255
2019-02-07,BASE,7551.261226909288,1917.3258083815774,1,9468.587035290866,10311.82474788936,-0.08177385993406161,0.0031264183047032823
2019-02-08,BASE,3775.6306134546444,5716.632208245011,3,9492.262821699655,10311.82474788936,-0.07947787576175158,0.002500456120912764
2019-02-09,BASE,5625.68961404742,3866.573207652235,2,9492.262821699655,10311.82474788936,-0.07947787576175158,0.0
2019-02-10,BASE,5625.68961404742,3866.573207652235,2,9492.262821699655,10311.82474788936,-0.07947787576175158,0.0
2019-02-11,BASE,1865.1615230465943,7777.522422293094,4,9642.683945339688,10311.82474788936,-0.0648906298263684,0.01584670867900595
2019-02-12,BASE,1865.1615230465943,7777.522422293094,4,9642.683945339688,10311.82474788936,-0.0648906298263684,0.0
2019-02-13,BASE,3820.6361303670237,5822.047814972664,3,9642.683945339688,10311.82474788936,-0.0648906298263684,0.0
2019-02-14,BASE,5737.961938748601,3904.722006591087,2,9642.683945339688,10311.82474788936,-0.0648906298263684,0.0
2019-02-15,BASE,7687.209338019258,1955.4746073204294,1,9642.683945339688,10311.82474788936,-0.0648906298263684,0.0
2019-02-16,BASE,7687.209338019258,1955.4746073204294,1,9642.683945339688,10311.82474788936,-0.0648906298263684,0.0
2019-02-17,BASE,7687.209338019258,1955.4746073204294,1,9642.683945339688,10311.82474788936,-0.0648906298263684,0.0
2019-02-18,BASE,7687.209338019258,1955.4746073204294,1,9642.683945339688,10311.82474788936,-0.0648906298263684,0.0
2019-02-19,BASE,9642.683945339688,0.0,0,9642.683945339688,10311.82474788936,-0.0648906298263684,0.0
2019-02-20,BASE,9642.683945339688,0.0,0,9642.683945339688,10311.82474788936,-0.0648906298263684,0.0
2019-02-21,BASE,7714.147156271751,1889.966053286579,1,9604.113209558329,10311.82474788936,-0.06863106730706292,-0.0040000000000000036
2019-02-22,BASE,7714.147156271751,1889.966053286579,1,9604.113209558329,10311.82474788936,-0.06863106730706292,0.0
2019-02-23,BASE,7714.147156271751,1889.966053286579,1,9604.113209558329,10311.82474788936,-0.06863106730706292,0.0
2019-02-24,BASE,7714.147156271751,1889.966053286579,1,9604.113209558329,10311.82474788936,-0.06863106730706292,0.0
2019-02-25,BASE,7714.147156271751,1889.966053286579,1,9604.113209558329,10311.82474788936,-0.06863106730706292,0.0
2019-02-26,BASE,7714.147156271751,1889.966053286579,1,9604.113209558329,10311.82474788936,-0.06863106730706292,0.0
2019-02-27,BASE,7683.2905676466635,1882.4061890734324,1,9565.696756720095,10311.82474788936,-0.07235654303783468,-0.0040000000000000036
2019-02-28,BASE,5762.467925734998,3791.8254524141225,2,9554.293378149121,10311.82474788936,-0.07346239761253626,-0.0011921116528142983
2019-03-01,BASE,3841.6452838233317,5674.231641487555,3,9515.876925310888,10311.82474788936,-0.07718787334330801,-0.004020857568189484
2019-03-02,BASE,5724.051472896765,3791.8254524141225,2,9515.876925310888,10311.82474788936,-0.07718787334330801,0.0
2019-03-03,BASE,5724.051472896765,3791.8254524141225,2,9515.876925310888,10311.82474788936,-0.07718787334330801,0.0
2019-03-04,BASE,5724.051472896765,3791.8254524141225,2,9515.876925310888,10311.82474788936,-0.07718787334330801,0.0
2019-03-05,BASE,0.0,9452.688233779021,5,9452.688233779021,10311.82474788936,-0.0833156628545485,-0.006640343504632051
2019-03-06,BASE,3742.223503877985,5710.464729901036,3,9452.688233779021,10311.82474788936,-0.0833156628545485,0.0
2019-03-07,BASE,7526.519331535814,1926.1689022432074,1,9452.688233779021,10311.82474788936,-0.0833156628545485,0.0
2019-03-08,BASE,3750.6558583838805,5853.066914321218,3,9603.7227727051,10311.82474788936,-0.06866893032963894,0.015977945658501636
2019-03-09,BASE,3750.6558583838805,5853.066914321218,3,9603.7227727051,10311.82474788936,-0.06866893032963894,0.0
2019-03-10,BASE,3750.6558583838805,5853.066914321218,3,9603.7227727051,10311.82474788936,-0.06866893032963894,0.0
2019-03-11,BASE,5714.104864422886,3889.6179082822127,2,9603.7227727051,10311.82474788936,-0.06866893032963894,0.0
2019-03-12,BASE,5734.632666017681,3945.3157507133537,2,9679.948416731035,10311.82474788936,-0.06127686870237581,0.007937093336614964
2019-03-13,BASE,9679.948416731035,0.0,0,9679.948416731035,10311.82474788936,-0.06127686870237581,0.0
2019-03-14,BASE,9679.948416731035,0.0,0,9679.948416731035,10311.82474788936,-0.06127686870237581,0.0
2019-03-15,BASE,9679.948416731035,0.0,0,9679.948416731035,10311.82474788936,-0.06127686870237581,0.0
2019-03-16,BASE,9679.948416731035,0.0,0,9679.948416731035,10311.82474788936,-0.06127686870237581,0.0
2019-03-17,BASE,9679.948416731035,0.0,0,9679.948416731035,10311.82474788936,-0.06127686870237581,0.0
2019-03-18,BASE,3871.9793666924134,5786.785511193613,3,9658.764877886028,10311.82474788936,-0.06333116455814503,-0.00218839377370994
2019-03-19,BASE,3841.0035317588745,5894.891175111667,3,9735.894706870542,10311.82474788936,-0.05585141864796539,0.007985475364568062
2019-03-20,BASE,3841.0035317588745,5894.891175111667,3,9735.894706870542,10311.82474788936,-0.05585141864796539,0.0
2019-03-21,BASE,0.0,9659.074636235364,5,9659.074636235364,10311.82474788936,-0.06330112541794342,-0.00789039661459845
2019-03-22,BASE,3764.183461123697,5894.891175111667,3,9659.074636235364,10311.82474788936,-0.06330112541794342,0.0
2019-03-23,BASE,3764.183461123697,5894.891175111667,3,9659.074636235364,10311.82474788936,-0.06330112541794342,0.0
2019-03-24,BASE,3764.183461123697,5894.891175111667,3,9659.074636235364,10311.82474788936,-0.06330112541794342,0.0
2019-03-25,BASE,0.0,9798.955868712203,5,9798.955868712203,10311.82474788936,-0.049735996461938825,0.014481846113092889
2019-03-26,BASE,3883.436735818502,5915.519132893701,3,9798.955868712203,10311.82474788936,-0.049735996461938825,0.0
2019-03-27,BASE,3883.436735818502,5915.519132893701,3,9798.955868712203,10311.82474788936,-0.049735996461938825,0.0
2019-03-28,BASE,1959.2873644172296,7916.634479151024,4,9875.921843568252,10311.82474788936,-0.04227214047739991,0.007854507754423201
2019-03-29,BASE,1959.2873644172296,7916.634479151024,4,9875.921843568252,10311.82474788936,-0.04227214047739991,0.0
2019-03-30,BASE,1959.2873644172296,7916.634479151024,4,9875.921843568252,10311.82474788936,-0.04227214047739991,0.0
2019-03-31,BASE,1959.2873644172296,7916.634479151024,4,9875.921843568252,10311.82474788936,-0.04227214047739991,0.0
2019-04-01,BASE,9875.921843568254,0.0,0,9875.921843568254,10311.82474788936,-0.0422721404773998,2.220446049250313e-16
2019-04-02,BASE,7900.7374748546035,2013.255398370522,1,9913.992873225125,10311.82474788936,-0.038580162521251626,0.0038549342795441977
2019-04-03,BASE,7900.7374748546035,2013.255398370522,1,9913.992873225125,10311.82474788936,-0.038580162521251626,0.0
2019-04-04,BASE,7900.7374748546035,2013.255398370522,1,9913.992873225125,10311.82474788936,-0.038580162521251626,0.0
2019-04-05,BASE,5925.553106140953,4001.802843010324,2,9927.355949151277,10311.82474788936,-0.037284264243996,0.0013479004975121
2019-04-06,BASE,5925.553106140953,4001.802843010324,2,9927.355949151277,10311.82474788936,-0.037284264243996,0.0
2019-04-07,BASE,5925.553106140953,4001.802843010324,2,9927.355949151277,10311.82474788936,-0.037284264243996,0.0
2019-04-08,BASE,5925.553106140953,4001.802843010324,2,9927.355949151277,10311.82474788936,-0.037284264243996,0.0
2019-04-09,BASE,7938.808504511475,1988.5474446398023,1,9927.355949151277,10311.82474788936,-0.037284264243996,0.0
2019-04-10,BASE,7938.808504511475,1988.5474446398023,1,9927.355949151277,10311.82474788936,-0.037284264243996,0.0
2019-04-11,BASE,7938.808504511475,1988.5474446398023,1,9927.355949151277,10311.82474788936,-0.037284264243996,0.0
2019-04-12,BASE,9927.355949151277,0.0,0,9927.355949151277,10311.82474788936,-0.037284264243996,0.0
2019-04-13,BASE,9927.355949151277,0.0,0,9927.355949151277,10311.82474788936,-0.037284264243996,0.0
2019-04-14,BASE,9927.355949151277,0.0,0,9927.355949151277,10311.82474788936,-0.037284264243996,0.0
2019-04-15,BASE,9927.355949151277,0.0,0,9927.355949151277,10311.82474788936,-0.037284264243996,0.0
2019-04-16,BASE,7941.884759321021,2064.890037423466,1,10006.774796744487,10311.82474788936,-0.029582538357947996,0.008000000000000007
2019-04-17,BASE,10006.774796744487,0.0,0,10006.774796744487,10311.82474788936,-0.029582538357947996,0.0
2019-04-18,BASE,10006.774796744487,0.0,0,10006.774796744487,10311.82474788936,-0.029582538357947996,0.0
2019-04-19,BASE,10006.774796744487,0.0,0,10006.774796744487,10311.82474788936,-0.029582538357947996,0.0
2019-04-20,BASE,10006.774796744487,0.0,0,10006.774796744487,10311.82474788936,-0.029582538357947996,0.0
2019-04-21,BASE,10006.774796744487,0.0,0,10006.774796744487,10311.82474788936,-0.029582538357947996,0.0
2019-04-22,BASE,8005.41983739559,1961.3278601619193,1,9966.747697557508,10311.82474788936,-0.03346420820451623,-0.0040000000000000036
2019-04-23,BASE,8005.41983739559,1961.3278601619193,1,9966.747697557508,10311.82474788936,-0.03346420820451623,0.0
2019-04-24,BASE,8005.41983739559,1961.3278601619193,1,9966.747697557508,10311.82474788936,-0.03346420820451623,0.0
2019-04-25,BASE,6004.064878046693,3922.655720323839,2,9926.720598370532,10311.82474788936,-0.03734587805108436,-0.00401606425702794
2019-04-26,BASE,5972.04319869711,3914.8104088831915,2,9886.853607580302,10311.82474788936,-0.04121202121826617,-0.004016129032258009
2019-04-27,BASE,7925.525747418382,1961.3278601619193,1,9886.8536075803,10311.82474788936,-0.04121202121826639,-2.220446049250313e-16
2019-04-28,BASE,7925.525747418382,1961.3278601619193,1,9886.8536075803,10311.82474788936,-0.04121202121826639,0.0
2019-04-29,BASE,7909.48288606424,1937.8233070857393,1,9847.30619314998,10311.82474788936,-0.04504717313339324,-0.0040000000000000036
2019-04-30,BASE,7909.48288606424,1937.8233070857393,1,9847.30619314998,10311.82474788936,-0.04504717313339324,0.0
2019-05-01,BASE,7909.48288606424,1937.8233070857393,1,9847.30619314998,10311.82474788936,-0.04504717313339324,0.0
2019-05-02,BASE,0.0,9768.52774360478,5,9768.52774360478,10311.82474788936,-0.05268679574832613,-0.008000000000000007
2019-05-03,BASE,2048.2396881751956,7720.288055429584,4,9768.52774360478,10311.82474788936,-0.05268679574832613,0.0
2019-05-04,BASE,2048.2396881751956,7720.288055429584,4,9768.52774360478,10311.82474788936,-0.05268679574832613,0.0
2019-05-05,BASE,2048.2396881751956,7720.288055429584,4,9768.52774360478,10311.82474788936,-0.05268679574832613,0.0
2019-05-06,BASE,5908.383715889988,3860.144027714792,2,9768.52774360478,10311.82474788936,-0.05268679574832613,0.0
2019-05-07,BASE,7814.822194883824,1914.631437746537,1,9729.45363263036,10311.82474788936,-0.05647604856533284,-0.0040000000000000036
2019-05-08,BASE,0.0,9590.015287063032,5,9590.015287063032,10311.82474788936,-0.06999822809964551,-0.014331569976312353
2019-05-09,BASE,1906.972911995551,7683.042375067481,4,9590.015287063032,10311.82474788936,-0.06999822809964551,0.0
2019-05-10,BASE,3813.945823991101,5776.069463071931,3,9590.015287063032,10311.82474788936,-0.06999822809964551,0.0
2019-05-11,BASE,3813.945823991101,5776.069463071931,3,9590.015287063032,10311.82474788936,-0.06999822809964551,0.0
2019-05-12,BASE,3813.945823991101,5776.069463071931,3,9590.015287063032,10311.82474788936,-0.06999822809964551,0.0
2019-05-13,BASE,7627.891647982203,1962.1236390808292,1,9590.015287063032,10311.82474788936,-0.06999822809964551,0.0
2019-05-14,BASE,0.0,9810.67946399841,5,9810.67946399841,10311.82474788936,-0.048599088536054436,0.023009783647900406
2019-05-15,BASE,1962.123639080829,7848.55582491758,4,9810.67946399841,10311.82474788936,-0.048599088536054436,0.0
2019-05-16,BASE,5912.437485186877,3898.241978811532,2,9810.67946399841,10311.82474788936,-0.048599088536054436,0.0
2019-05-17,BASE,5912.437485186877,3898.241978811532,2,9810.67946399841,10311.82474788936,-0.048599088536054436,0.0
2019-05-18,BASE,5912.437485186877,3898.241978811532,2,9810.67946399841,10311.82474788936,-0.048599088536054436,0.0
2019-05-19,BASE,5912.437485186877,3898.241978811532,2,9810.67946399841,10311.82474788936,-0.048599088536054436,0.0
2019-05-20,BASE,5912.437485186877,3898.241978811532,2,9810.67946399841,10311.82474788936,-0.048599088536054436,0.0
2019-05-21,BASE,7848.5435711987275,1978.3660161307503,1,9826.909587329477,10311.82474788936,-0.04702515533529961,0.0016543322397419846
2019-05-22,BASE,7848.5435711987275,1978.3660161307503,1,9826.909587329477,10311.82474788936,-0.04702515533529961,0.0
2019-05-23,BASE,7848.5435711987275,1978.3660161307503,1,9826.909587329477,10311.82474788936,-0.04702515533529961,0.0
2019-05-24,BASE,3924.271785599364,5824.1523660181265,3,9748.424151617492,10311.82474788936,-0.05463636262701099,-0.007986787200442214
2019-05-25,BASE,3924.271785599364,5824.1523660181265,3,9748.424151617492,10311.82474788936,-0.05463636262701099,0.0
2019-05-26,BASE,3924.271785599364,5824.1523660181265,3,9748.424151617492,10311.82474788936,-0.05463636262701099,0.0
2019-05-27,BASE,3924.271785599364,5824.1523660181265,3,9748.424151617492,10311.82474788936,-0.05463636262701099,0.0
2019-05-28,BASE,3924.271785599364,5824.1523660181265,3,9748.424151617492,10311.82474788936,-0.05463636262701099,0.0
2019-05-29,BASE,3937.2558842642184,5771.860629003953,3,9709.11651326817,10311.82474788936,-0.058448262005670104,-0.004032204358157543
2019-05-30,BASE,1971.8739667983225,7697.934908120532,4,9669.808874918854,10311.82474788936,-0.06226016138432877,-0.0040485288538457676
2019-05-31,BASE,3897.9482459149003,5771.860629003953,3,9669.808874918854,10311.82474788936,-0.06226016138432877,0.0
2019-06-01,BASE,3897.9482459149003,5771.860629003953,3,9669.808874918854,10311.82474788936,-0.06226016138432877,0.0
2019-06-02,BASE,3897.9482459149003,5771.860629003953,3,9669.808874918854,10311.82474788936,-0.06226016138432877,0.0
2019-06-03,BASE,7743.734595802278,1926.0742791165776,1,9669.808874918856,10311.82474788936,-0.06226016138432866,2.220446049250313e-16
2019-06-04,BASE,9669.808874918856,0.0,0,9669.808874918856,10311.82474788936,-0.06226016138432866,0.0
2019-06-05,BASE,9669.808874918856,0.0,0,9669.808874918856,10311.82474788936,-0.06226016138432866,0.0
2019-06-06,BASE,9669.808874918856,0.0,0,9669.808874918856,10311.82474788936,-0.06226016138432866,0.0
2019-06-07,BASE,9669.808874918856,0.0,0,9669.808874918856,10311.82474788936,-0.06226016138432866,0.0
2019-06-08,BASE,9669.808874918856,0.0,0,9669.808874918856,10311.82474788936,-0.06226016138432866,0.0
2019-06-09,BASE,9669.808874918856,0.0,0,9669.808874918856,10311.82474788936,-0.06226016138432866,0.0
2019-06-10,BASE,9669.808874918856,0.0,0,9669.808874918856,10311.82474788936,-0.06226016138432866,0.0
2019-06-11,BASE,7735.847099935085,1955.089283843624,1,9690.93638377871,10311.82474788936,-0.06021129909502543,0.002184894151802119
2019-06-12,BASE,5801.885324951314,3850.3718233277195,2,9652.257148279034,10311.82474788936,-0.06396225844948811,-0.003991279476812992
2019-06-13,BASE,7697.16786443541,1955.089283843624,1,9652.257148279034,10311.82474788936,-0.06396225844948811,0.0
2019-06-14,BASE,7697.16786443541,1955.089283843624,1,9652.257148279034,10311.82474788936,-0.06396225844948811,0.0
2019-06-15,BASE,7697.16786443541,1955.089283843624,1,9652.257148279034,10311.82474788936,-0.06396225844948811,0.0
2019-06-16,BASE,7697.16786443541,1955.089283843624,1,9652.257148279034,10311.82474788936,-0.06396225844948811,0.0
2019-06-17,BASE,7697.16786443541,1955.089283843624,1,9652.257148279034,10311.82474788936,-0.06396225844948811,0.0
2019-06-18,BASE,9652.257148279034,0.0,0,9652.257148279034,10311.82474788936,-0.06396225844948811,0.0
2019-06-19,BASE,9652.257148279034,0.0,0,9652.257148279034,10311.82474788936,-0.06396225844948811,0.0
2019-06-20,BASE,9652.257148279034,0.0,0,9652.257148279034,10311.82474788936,-0.06396225844948811,0.0
2019-06-21,BASE,9652.257148279034,0.0,0,9652.257148279034,10311.82474788936,-0.06396225844948811,0.0
2019-06-22,BASE,9652.257148279034,0.0,0,9652.257148279034,10311.82474788936,-0.06396225844948811,0.0
2019-06-23,BASE,9652.257148279034,0.0,0,9652.257148279034,10311.82474788936,-0.06396225844948811,0.0
2019-06-24,BASE,9652.257148279034,0.0,0,9652.257148279034,10311.82474788936,-0.06396225844948811,0.0
2019-06-25,BASE,9652.257148279034,0.0,0,9652.257148279034,10311.82474788936,-0.06396225844948811,0.0
2019-06-26,BASE,3860.902859311614,5990.476742064999,3,9851.379601376613,10311.82474788936,-0.04465215010631285,0.020629625800332452
2019-06-27,BASE,0.0,9848.06085787575,5,9848.06085787575,10311.82474788936,-0.04497398873158076,-0.00033688109027896207
2019-06-28,BASE,0.0,9848.06085787575,5,9848.06085787575,10311.82474788936,-0.04497398873158076,0.0
2019-06-29,BASE,0.0,9848.06085787575,5,9848.06085787575,10311.82474788936,-0.04497398873158076,0.0
2019-06-30,BASE,0.0,9848.06085787575,5,9848.06085787575,10311.82474788936,-0.04497398873158076,0.0
2019-07-01,BASE,3899.5118879047295,5948.548969971019,3,9848.06085787575,10311.82474788936,-0.04497398873158076,0.0
2019-07-02,BASE,3899.5118879047295,5948.548969971019,3,9848.06085787575,10311.82474788936,-0.04497398873158076,0.0
2019-07-03,BASE,7882.31914312769,1965.7417147480587,1,9848.06085787575,10311.82474788936,-0.04497398873158076,0.0
2019-07-04,BASE,7882.31914312769,1965.7417147480587,1,9848.06085787575,10311.82474788936,-0.04497398873158076,0.0
2019-07-05,BASE,7878.4486863006,1930.219928143647,1,9808.668614444246,10311.82474788936,-0.04879409277665436,-0.0040000000000000036
2019-07-06,BASE,7878.4486863006,1930.219928143647,1,9808.668614444246,10311.82474788936,-0.04879409277665436,0.0
2019-07-07,BASE,7878.4486863006,1930.219928143647,1,9808.668614444246,10311.82474788936,-0.04879409277665436,0.0
2019-07-08,BASE,9808.668614444246,0.0,0,9808.668614444246,10311.82474788936,-0.04879409277665436,0.0
2019-07-09,BASE,5885.201168666548,4026.062668581566,2,9911.263837248114,10311.82474788936,-0.0388448136420505,0.010459648178223313
2019-07-10,BASE,5885.201168666548,4026.062668581566,2,9911.263837248114,10311.82474788936,-0.0388448136420505,0.0
2019-07-11,BASE,5885.201168666548,4026.062668581566,2,9911.263837248114,10311.82474788936,-0.0388448136420505,0.0
2019-07-12,BASE,4.547473508864641e-13,9911.263837248114,5,9911.263837248114,10311.82474788936,-0.0388448136420505,0.0
2019-07-13,BASE,1922.4990484310729,7988.764788817041,4,9911.263837248114,10311.82474788936,-0.0388448136420505,0.0
2019-07-14,BASE,1922.4990484310729,7988.764788817041,4,9911.263837248114,10311.82474788936,-0.0388448136420505,0.0
2019-07-15,BASE,3962.7021202354763,5948.561717012638,3,9911.263837248114,10311.82474788936,-0.0388448136420505,0.0
2019-07-16,BASE,9911.263837248114,0.0,0,9911.263837248114,10311.82474788936,-0.0388448136420505,0.0
2019-07-17,BASE,9911.263837248114,0.0,0,9911.263837248114,10311.82474788936,-0.0388448136420505,0.0
2019-07-18,BASE,7929.011069798491,2061.542878147608,1,9990.553947946099,10311.82474788936,-0.031155572151186917,0.008000000000000007
2019-07-19,BASE,3964.5055348992446,5946.75830234887,3,9911.263837248114,10311.82474788936,-0.0388448136420505,-0.007936507936507908
2019-07-20,BASE,3964.5055348992446,5946.75830234887,3,9911.263837248114,10311.82474788936,-0.0388448136420505,0.0
2019-07-21,BASE,3964.5055348992446,5946.75830234887,3,9911.263837248114,10311.82474788936,-0.0388448136420505,0.0
2019-07-22,BASE,5907.113246999876,4004.1505902482386,2,9911.263837248114,10311.82474788936,-0.0388448136420505,0.0
2019-07-23,BASE,5907.113246999876,4004.1505902482386,2,9911.263837248114,10311.82474788936,-0.0388448136420505,0.0
2019-07-24,BASE,9911.263837248114,0.0,0,9911.263837248114,10311.82474788936,-0.0388448136420505,0.0
2019-07-25,BASE,7929.011069798491,1942.6077121006308,1,9871.618781899122,10311.82474788936,-0.042689434387482295,-0.0040000000000000036
2019-07-26,BASE,7897.295025519297,1934.837281252228,1,9832.132306771526,10311.82474788936,-0.04651867664993237,-0.0040000000000000036
2019-07-27,BASE,7897.295025519297,1934.837281252228,1,9832.132306771526,10311.82474788936,-0.04651867664993237,0.0
2019-07-28,BASE,7897.295025519297,1934.837281252228,1,9832.132306771526,10311.82474788936,-0.04651867664993237,0.0
2019-07-29,BASE,7897.295025519297,1934.837281252228,1,9832.132306771526,10311.82474788936,-0.04651867664993237,0.0
2019-07-30,BASE,5922.9712691394725,3869.674562504456,2,9792.645831643928,10311.82474788936,-0.05034791891238255,-0.004016064257028273
2019-07-31,BASE,7857.808550391701,1934.8372812522277,1,9792.64583164393,10311.82474788936,-0.05034791891238244,2.220446049250313e-16
2019-08-01,BASE,0.0,9596.79291501105,5,9596.79291501105,10311.82474788936,-0.06934096053413474,-0.020000000000000018
2019-08-02,BASE,0.0,9481.631400030918,5,9481.631400030918,10311.82474788936,-0.08050886900772514,-0.01200000000000001
2019-08-03,BASE,1850.2616740141307,7631.369726016786,4,9481.631400030918,10311.82474788936,-0.08050886900772514,0.0
2019-08-04,BASE,1850.2616740141307,7631.369726016786,4,9481.631400030918,10311.82474788936,-0.08050886900772514,0.0
2019-08-05,BASE,5688.97884001855,3716.7995088121197,2,9405.77834883067,10311.82474788936,-0.08786479805566338,-0.008000000000000007
2019-08-06,BASE,5643.4670092984015,3775.0612428180575,2,9418.528252116459,10311.82474788936,-0.08662836283711506,0.0013555394155522205
2019-08-07,BASE,7486.999565669214,1931.528686447246,1,9418.528252116459,10311.82474788936,-0.08662836283711506,0.0
2019-08-08,BASE,7486.999565669214,1931.528686447246,1,9418.528252116459,10311.82474788936,-0.08662836283711506,0.0
2019-08-09,BASE,7486.999565669214,1931.528686447246,1,9418.528252116459,10311.82474788936,-0.08662836283711506,0.0
2019-08-10,BASE,7486.999565669214,1931.528686447246,1,9418.528252116459,10311.82474788936,-0.08662836283711506,0.0
2019-08-11,BASE,7486.999565669214,1931.528686447246,1,9418.528252116459,10311.82474788936,-0.08662836283711506,0.0
2019-08-12,BASE,7486.999565669214,1931.528686447246,1,9418.528252116459,10311.82474788936,-0.08662836283711506,0.0
2019-08-13,BASE,9418.528252116459,0.0,0,9418.528252116459,10311.82474788936,-0.08662836283711506,0.0
2019-08-14,BASE,9418.528252116459,0.0,0,9418.528252116459,10311.82474788936,-0.08662836283711506,0.0
2019-08-15,BASE,5651.116951269876,3918.107752880447,2,9569.224704150323,10311.82474788936,-0.07201441664250874,0.016000000000000014
2019-08-16,BASE,5651.116951269876,3918.107752880447,2,9569.224704150323,10311.82474788936,-0.07201441664250874,0.0
2019-08-17,BASE,5651.116951269876,3918.107752880447,2,9569.224704150323,10311.82474788936,-0.07201441664250874,0.0
2019-08-18,BASE,5651.116951269876,3918.107752880447,2,9569.224704150323,10311.82474788936,-0.07201441664250874,0.0
2019-08-19,BASE,7610.1708277101,1959.0538764402236,1,9569.224704150323,10311.82474788936,-0.07201441664250874,0.0
2019-08-20,BASE,7610.1708277101,1959.0538764402236,1,9569.224704150323,10311.82474788936,-0.07201441664250874,0.0
2019-08-21,BASE,9569.224704150323,0.0,0,9569.224704150323,10311.82474788936,-0.07201441664250874,0.0
2019-08-22,BASE,9569.224704150323,0.0,0,9569.224704150323,10311.82474788936,-0.07201441664250874,0.0
2019-08-23,BASE,9569.224704150323,0.0,0,9569.224704150323,10311.82474788936,-0.07201441664250874,0.0
2019-08-24,BASE,9569.224704150323,0.0,0,9569.224704150323,10311.82474788936,-0.07201441664250874,0.0
2019-08-25,BASE,9569.224704150323,0.0,0,9569.224704150323,10311.82474788936,-0.07201441664250874,0.0
2019-08-26,BASE,0.0,9746.799863286706,5,9746.799863286706,10311.82474788936,-0.05479387968829719,0.01855690138192334
2019-08-27,BASE,1990.3987384632674,7756.401124823438,4,9746.799863286706,10311.82474788936,-0.05479387968829719,0.0
2019-08-28,BASE,1990.3987384632674,7756.401124823438,4,9746.799863286706,10311.82474788936,-0.05479387968829719,0.0
2019-08-29,BASE,1990.3987384632674,7756.401124823438,4,9746.799863286706,10311.82474788936,-0.05479387968829719,0.0
2019-08-30,BASE,1990.3987384632674,7756.401124823438,4,9746.799863286706,10311.82474788936,-0.05479387968829719,0.0
2019-08-31,BASE,1990.3987384632674,7756.401124823438,4,9746.799863286706,10311.82474788936,-0.05479387968829719,0.0
2019-09-01,BASE,1990.3987384632674,7756.401124823438,4,9746.799863286706,10311.82474788936,-0.05479387968829719,0.0
2019-09-02,BASE,1990.3987384632674,7756.401124823438,4,9746.799863286706,10311.82474788936,-0.05479387968829719,0.0
2019-09-03,BASE,9746.799863286706,0.0,0,9746.799863286706,10311.82474788936,-0.05479387968829719,0.0
2019-09-04,BASE,7797.4398906293645,2027.334371563635,1,9824.774262193,10311.82474788936,-0.047232230725803626,0.008000000000000007
2019-09-05,BASE,7797.4398906293645,2027.334371563635,1,9824.774262193,10311.82474788936,-0.047232230725803626,0.0
2019-09-06,BASE,5848.079917972023,3937.707144767829,2,9785.787062739852,10311.82474788936,-0.05101305520705046,-0.003968253968254065
2019-09-07,BASE,5848.079917972023,3937.707144767829,2,9785.787062739852,10311.82474788936,-0.05101305520705046,0.0
2019-09-08,BASE,5848.079917972023,3937.707144767829,2,9785.787062739852,10311.82474788936,-0.05101305520705046,0.0
2019-09-09,BASE,7758.452691176218,2027.334371563635,1,9785.787062739853,10311.82474788936,-0.05101305520705035,2.220446049250313e-16
2019-09-10,BASE,0.0,9718.364480732806,5,9718.364480732806,10311.82474788936,-0.05755143067942714,-0.006889847650963565
2019-09-11,BASE,5801.669555742998,3941.602381512571,2,9743.27193725557,10311.82474788936,-0.05513600400842378,0.0025629267735476358
2019-09-12,BASE,3867.8108935882283,5858.74311773234,3,9726.554011320568,10311.82474788936,-0.0567572423773578,-0.0017158431010302344
2019-09-13,BASE,3867.8108935882283,5858.74311773234,3,9726.554011320568,10311.82474788936,-0.0567572423773578,0.0
2019-09-14,BASE,3867.8108935882283,5858.74311773234,3,9726.554011320568,10311.82474788936,-0.0567572423773578,0.0
2019-09-15,BASE,3867.8108935882283,5858.74311773234,3,9726.554011320568,10311.82474788936,-0.0567572423773578,0.0
2019-09-16,BASE,1933.952231433458,7801.277454733343,4,9735.2296861668,10311.82474788936,-0.05591590972689675,0.0008919577104218313
2019-09-17,BASE,3916.788494268495,5818.441191898306,3,9735.2296861668,10311.82474788936,-0.05591590972689675,0.0
2019-09-18,BASE,3926.900225494915,5769.356372922864,3,9696.256598417778,10311.82474788936,-0.05969536571086298,-0.004003304390896911
2019-09-19,BASE,5844.040961714683,3852.215636703095,2,9696.256598417778,10311.82474788936,-0.05969536571086298,0.0
2019-09-20,BASE,5844.040961714683,3852.215636703095,2,9696.256598417778,10311.82474788936,-0.05969536571086298,0.0
2019-09-21,BASE,5844.040961714683,3852.215636703095,2,9696.256598417778,10311.82474788936,-0.05969536571086298,0.0
2019-09-22,BASE,5844.040961714683,3852.215636703095,2,9696.256598417778,10311.82474788936,-0.05969536571086298,0.0
2019-09-23,BASE,3892.483424248967,5780.277294307853,3,9672.76071855682,10311.82474788936,-0.06197390325735952,-0.0024231908079652698
2019-09-24,BASE,7710.269742439751,1962.4909761170682,1,9672.76071855682,10311.82474788936,-0.06197390325735952,0.0
2019-09-25,BASE,5778.806606505129,3855.3248493329975,2,9634.131455838127,10311.82474788936,-0.06572001644907166,-0.003993612975929706
2019-09-26,BASE,5778.806606505129,3855.3248493329975,2,9634.131455838127,10311.82474788936,-0.06572001644907166,0.0
2019-09-27,BASE,5778.806606505129,3855.3248493329975,2,9634.131455838127,10311.82474788936,-0.06572001644907166,0.0
2019-09-28,BASE,5778.806606505129,3855.3248493329975,2,9634.131455838127,10311.82474788936,-0.06572001644907166,0.0
2019-09-29,BASE,5778.806606505129,3855.3248493329975,2,9634.131455838127,10311.82474788936,-0.06572001644907166,0.0
2019-09-30,BASE,5806.745438910833,3904.768102675748,2,9711.51354158658,10311.82474788936,-0.05821580767513068,0.008032077006958627
2019-10-01,BASE,9711.513541586583,0.0,0,9711.513541586583,10311.82474788936,-0.05821580767513057,2.220446049250313e-16
2019-10-02,BASE,7769.210833269266,1953.2275395135175,1,9722.438372782784,10311.82474788936,-0.05715636073307129,0.0011249359998748432
2019-10-03,BASE,0.0,9884.380310832805,5,9884.380310832805,10311.82474788936,-0.041451871759559,0.016656514738459416
2019-10-04,BASE,2019.9948166500092,7864.385494182795,4,9884.380310832805,10311.82474788936,-0.041451871759559,0.0
2019-10-05,BASE,2019.9948166500092,7864.385494182795,4,9884.380310832805,10311.82474788936,-0.041451871759559,0.0
2019-10-06,BASE,2019.9948166500092,7864.385494182795,4,9884.380310832805,10311.82474788936,-0.041451871759559,0.0
2019-10-07,BASE,2019.9948166500092,7864.385494182795,4,9884.380310832805,10311.82474788936,-0.041451871759559,0.0
2019-10-08,BASE,2019.9948166500092,7864.385494182795,4,9884.380310832805,10311.82474788936,-0.041451871759559,0.0
2019-10-09,BASE,2013.196259940431,7949.585094741296,4,9962.781354681727,10311.82474788936,-0.03384884845711489,0.007931811745749862
2019-10-10,BASE,7924.354214609708,2038.4271400720193,1,9962.781354681727,10311.82474788936,-0.03384884845711489,0.0
2019-10-11,BASE,9962.781354681727,0.0,0,9962.781354681727,10311.82474788936,-0.03384884845711489,0.0
2019-10-12,BASE,9962.781354681727,0.0,0,9962.781354681727,10311.82474788936,-0.03384884845711489,0.0
2019-10-13,BASE,9962.781354681727,0.0,0,9962.781354681727,10311.82474788936,-0.03384884845711489,0.0
2019-10-14,BASE,9962.781354681727,0.0,0,9962.781354681727,10311.82474788936,-0.03384884845711489,0.0
2019-10-15,BASE,9962.781354681727,0.0,0,9962.781354681727,10311.82474788936,-0.03384884845711489,0.0
2019-10-16,BASE,9962.781354681727,0.0,0,9962.781354681727,10311.82474788936,-0.03384884845711489,0.0
2019-10-17,BASE,9962.781354681727,0.0,0,9962.781354681727,10311.82474788936,-0.03384884845711489,0.0
2019-10-18,BASE,9962.781354681727,0.0,0,9962.781354681727,10311.82474788936,-0.03384884845711489,0.0
2019-10-19,BASE,9962.781354681727,0.0,0,9962.781354681727,10311.82474788936,-0.03384884845711489,0.0
2019-10-20,BASE,9962.781354681727,0.0,0,9962.781354681727,10311.82474788936,-0.03384884845711489,0.0
2019-10-21,BASE,7970.225083745381,1952.7051455176186,1,9922.930229263,10311.82474788936,-0.03771345306328644,-0.0040000000000000036
2019-10-22,BASE,9922.930229263,0.0,0,9922.930229263,10311.82474788936,-0.03771345306328644,0.0
2019-10-23,BASE,9922.930229263,0.0,0,9922.930229263,10311.82474788936,-0.03771345306328644,0.0
2019-10-24,BASE,7938.3441834104,1944.8943249355482,1,9883.238508345949,10311.82474788936,-0.04156259925103323,-0.0040000000000000036
2019-10-25,BASE,9883.238508345949,0.0,0,9883.238508345949,10311.82474788936,-0.04156259925103323,0.0
2019-10-26,BASE,9883.238508345949,0.0,0,9883.238508345949,10311.82474788936,-0.04156259925103323,0.0
2019-10-27,BASE,9883.238508345949,0.0,0,9883.238508345949,10311.82474788936,-0.04156259925103323,0.0
2019-10-28,BASE,9883.238508345949,0.0,0,9883.238508345949,10311.82474788936,-0.04156259925103323,0.0
2019-10-29,BASE,9883.238508345949,0.0,0,9883.238508345949,10311.82474788936,-0.04156259925103323,0.0
2019-10-30,BASE,3953.2954033383794,6025.949652175523,3,9979.245055513902,10311.82474788936,-0.03225226383366642,0.009714077737462246
2019-10-31,BASE,5890.410150974185,4088.8349045397167,2,9979.245055513902,10311.82474788936,-0.03225226383366642,0.0
2019-11-01,BASE,5890.410150974185,4088.8349045397167,2,9979.245055513902,10311.82474788936,-0.03225226383366642,0.0
2019-11-02,BASE,5890.410150974185,4088.8349045397167,2,9979.245055513902,10311.82474788936,-0.03225226383366642,0.0
2019-11-03,BASE,5890.410150974185,4088.8349045397167,2,9979.245055513902,10311.82474788936,-0.03225226383366642,0.0
2019-11-04,BASE,5890.410150974185,4088.8349045397167,2,9979.245055513902,10311.82474788936,-0.03225226383366642,0.0
2019-11-05,BASE,3921.669040111672,6018.201193184979,3,9939.870233296651,10311.82474788936,-0.0360706784382504,-0.0039456714408967475
2019-11-06,BASE,8010.503944651388,1929.3662886452626,1,9939.870233296651,10311.82474788936,-0.0360706784382504,0.0
2019-11-07,BASE,7951.896186637321,1948.2145657261435,1,9900.110752363464,10311.82474788936,-0.03992639572449752,-0.004000000000000115
2019-11-08,BASE,7951.896186637321,1948.2145657261435,1,9900.110752363464,10311.82474788936,-0.03992639572449752,0.0
2019-11-09,BASE,7951.896186637321,1948.2145657261435,1,9900.110752363464,10311.82474788936,-0.03992639572449752,0.0
2019-11-10,BASE,7951.896186637321,1948.2145657261435,1,9900.110752363464,10311.82474788936,-0.03992639572449752,0.0
2019-11-11,BASE,7951.896186637321,1948.2145657261435,1,9900.110752363464,10311.82474788936,-0.03992639572449752,0.0
2019-11-12,BASE,9900.110752363466,0.0,0,9900.110752363466,10311.82474788936,-0.0399263957244973,2.220446049250313e-16
2019-11-13,BASE,9900.110752363466,0.0,0,9900.110752363466,10311.82474788936,-0.0399263957244973,0.0
2019-11-14,BASE,7920.088601890772,2059.2230364916013,1,9979.311638382373,10311.82474788936,-0.03224580689029333,0.008000000000000007
2019-11-15,BASE,9979.311638382373,0.0,0,9979.311638382373,10311.82474788936,-0.03224580689029333,0.0
2019-11-16,BASE,9979.311638382373,0.0,0,9979.311638382373,10311.82474788936,-0.03224580689029333,0.0
2019-11-17,BASE,9979.311638382373,0.0,0,9979.311638382373,10311.82474788936,-0.03224580689029333,0.0
2019-11-18,BASE,7983.449310705898,2075.696820783534,1,10059.146131489431,10311.82474788936,-0.024503773345415758,0.008000000000000007
2019-11-19,BASE,10059.146131489431,0.0,0,10059.146131489431,10311.82474788936,-0.024503773345415758,0.0
2019-11-20,BASE,8047.316905191545,2092.302395349802,1,10139.619300541346,10311.82474788936,-0.016699803532179147,0.008000000000000007
2019-11-21,BASE,6035.487678893658,4125.921054742835,2,10161.408733636494,10311.82474788936,-0.014586750447213914,0.002148939960101348
2019-11-22,BASE,4023.6584525957715,6097.513696514763,3,10121.172149110535,10311.82474788936,-0.01848873535383244,-0.00395974471460514
2019-11-23,BASE,5995.2510943677,4125.921054742835,2,10121.172149110535,10311.82474788936,-0.01848873535383244,0.0
2019-11-24,BASE,5995.2510943677,4125.921054742835,2,10121.172149110535,10311.82474788936,-0.01848873535383244,0.0
2019-11-25,BASE,8087.553489717502,2033.618659393033,1,10121.172149110535,10311.82474788936,-0.01848873535383244,0.0
2019-11-26,BASE,8087.553489717502,2033.618659393033,1,10121.172149110535,10311.82474788936,-0.01848873535383244,0.0
2019-11-27,BASE,8087.553489717502,2033.618659393033,1,10121.172149110535,10311.82474788936,-0.01848873535383244,0.0
2019-11-28,BASE,8087.553489717502,2033.618659393033,1,10121.172149110535,10311.82474788936,-0.01848873535383244,0.0
2019-11-29,BASE,10121.172149110535,0.0,0,10121.172149110535,10311.82474788936,-0.01848873535383244,0.0
2019-11-30,BASE,10121.172149110535,0.0,0,10121.172149110535,10311.82474788936,-0.01848873535383244,0.0
2019-12-01,BASE,10121.172149110535,0.0,0,10121.172149110535,10311.82474788936,-0.01848873535383244,0.0
2019-12-02,BASE,10121.172149110535,0.0,0,10121.172149110535,10311.82474788936,-0.01848873535383244,0.0
2019-12-03,BASE,4048.468859644214,6251.766613115079,3,10300.235472759294,10311.82474788936,-0.0011238820881279699,0.017691955142220994
2019-12-04,BASE,2072.816056137838,8352.74467121804,4,10425.560727355878,10425.560727355878,0.0,0.012167222286133983
2019-12-05,BASE,32.38775087715453,10430.512217872205,5,10462.89996874936,10462.89996874936,0.0,0.0035815091744184624
2019-12-06,BASE,2154.4331883482655,8308.466780401093,4,10462.89996874936,10462.89996874936,0.0,0.0
2019-12-07,BASE,2154.4331883482655,8308.466780401093,4,10462.89996874936,10462.89996874936,0.0,0.0
2019-12-08,BASE,2154.4331883482655,8308.466780401093,4,10462.89996874936,10462.89996874936,0.0,0.0
2019-12-09,BASE,4259.636995363257,6203.262973386102,3,10462.89996874936,10462.89996874936,0.0,0.0
2019-12-10,BASE,6300.9959944483535,4161.903974301005,2,10462.89996874936,10462.89996874936,0.0,0.0
2019-12-11,BASE,6300.02027662402,4246.284177944186,2,10546.304454568206,10546.304454568206,0.0,0.007971450178053896
2019-12-12,BASE,8377.787823278184,2168.5166312900233,1,10546.304454568208,10546.304454568208,0.0,2.220446049250313e-16
2019-12-13,BASE,6285.207829528312,4344.79982478989,2,10630.007654318202,10630.007654318202,0.0,0.00793673273046247
2019-12-14,BASE,6285.207829528312,4344.79982478989,2,10630.007654318202,10630.007654318202,0.0,0.0
2019-12-15,BASE,6285.207829528312,4344.79982478989,2,10630.007654318202,10630.007654318202,0.0,0.0
2019-12-16,BASE,2100.0478420285676,8697.366211789624,4,10797.414053818191,10797.414053818191,0.0,0.015748474031623383
2019-12-17,BASE,4268.564473318591,6528.8495804996,3,10797.414053818191,10797.414053818191,0.0,0.0
2019-12-18,BASE,8621.130860318324,2176.2831934998667,1,10797.414053818191,10797.414053818191,0.0,0.0
2019-12-19,BASE,8621.130860318324,2176.2831934998667,1,10797.414053818191,10797.414053818191,0.0,0.0
2019-12-20,BASE,10797.414053818191,0.0,0,10797.414053818191,10797.414053818191,0.0,0.0
2019-12-21,BASE,10797.414053818191,0.0,0,10797.414053818191,10797.414053818191,0.0,0.0
2019-12-22,BASE,10797.414053818191,0.0,0,10797.414053818191,10797.414053818191,0.0,0.0
2019-12-23,BASE,10797.414053818191,0.0,0,10797.414053818191,10797.414053818191,0.0,0.0
2019-12-24,BASE,10797.414053818191,0.0,0,10797.414053818191,10797.414053818191,0.0,0.0
2019-12-25,BASE,10797.414053818191,0.0,0,10797.414053818191,10797.414053818191,0.0,0.0
2019-12-26,BASE,10797.414053818191,0.0,0,10797.414053818191,10797.414053818191,0.0,0.0
2019-12-27,BASE,10797.414053818191,0.0,0,10797.414053818191,10797.414053818191,0.0,0.0
2019-12-28,BASE,10797.414053818191,0.0,0,10797.414053818191,10797.414053818191,0.0,0.0
2019-12-29,BASE,10797.414053818191,0.0,0,10797.414053818191,10797.414053818191,0.0,0.0
2019-12-30,BASE,10797.414053818191,0.0,0,10797.414053818191,10797.414053818191,0.0,0.0
2019-12-31,BASE,8637.931243054552,2245.862123194184,1,10883.793366248736,10883.793366248736,0.0,0.008000000000000007
2020-01-01,BASE,10883.793366248736,0.0,0,10883.793366248736,10883.793366248736,0.0,0.0
2020-01-02,BASE,10883.793366248736,0.0,0,10883.793366248736,10883.793366248736,0.0,0.0
2020-01-03,BASE,10883.793366248736,0.0,0,10883.793366248736,10883.793366248736,0.0,0.0
2020-01-04,BASE,10883.793366248736,0.0,0,10883.793366248736,10883.793366248736,0.0,0.0
2020-01-05,BASE,10883.793366248736,0.0,0,10883.793366248736,10883.793366248736,0.0,0.0
2020-01-06,BASE,8707.034692998988,2217.877831878711,1,10924.912524877698,10924.912524877698,0.0,0.0037780172082717556
2020-01-07,BASE,8707.034692998988,2217.877831878711,1,10924.912524877698,10924.912524877698,0.0,0.0
2020-01-08,BASE,6530.276019749241,4454.497579534512,2,10984.773599283752,10984.773599283752,0.0,0.00547931841740068
2020-01-09,BASE,4353.517346499493,6648.111765139407,3,11001.6291116389,11001.6291116389,0.0,0.0015344433094413024
2020-01-10,BASE,2176.758673249746,8911.940785319144,4,11088.69945856889,11088.69945856889,0.0,0.007914313966272069
2020-01-11,BASE,2176.758673249746,8911.940785319144,4,11088.69945856889,11088.69945856889,0.0,0.0
2020-01-12,BASE,2176.758673249746,8911.940785319144,4,11088.69945856889,11088.69945856889,0.0,0.0
2020-01-13,BASE,6658.465525308193,4430.233933260696,2,11088.699458568888,11088.69945856889,-1.1102230246251565e-16,-1.1102230246251565e-16
2020-01-14,BASE,4456.068950946656,6720.726370596694,3,11176.79532154335,11176.79532154335,0.0,0.007944652418763631
2020-01-15,BASE,8983.181135938456,2193.6141856048953,1,11176.795321543352,11176.795321543352,0.0,2.220446049250313e-16
2020-01-16,BASE,8941.43625723468,2324.773426881017,1,11266.209684115696,11266.209684115696,0.0,0.007999999999999785
2020-01-17,BASE,11266.209684115696,0.0,0,11266.209684115696,11266.209684115696,0.0,0.0
2020-01-18,BASE,11266.209684115696,0.0,0,11266.209684115696,11266.209684115696,0.0,0.0
2020-01-19,BASE,11266.209684115696,0.0,0,11266.209684115696,11266.209684115696,0.0,0.0
2020-01-20,BASE,11266.209684115696,0.0,0,11266.209684115696,11266.209684115696,0.0,0.0
2020-01-21,BASE,11266.209684115696,0.0,0,11266.209684115696,11266.209684115696,0.0,0.0
2020-01-22,BASE,9012.967747292558,2208.177098086677,1,11221.144845379235,11266.209684115696,-0.0039999999999998925,-0.0039999999999998925
2020-01-23,BASE,8976.915876303388,2333.998127838881,1,11310.914004142269,11310.914004142269,0.0,0.008000000000000007
2020-01-24,BASE,11310.914004142269,0.0,0,11310.914004142269,11310.914004142269,0.0,0.0
2020-01-25,BASE,11310.914004142269,0.0,0,11310.914004142269,11310.914004142269,0.0,0.0
2020-01-26,BASE,11310.914004142269,0.0,0,11310.914004142269,11310.914004142269,0.0,0.0
2020-01-27,BASE,2262.1828008284538,9028.261315221669,4,11290.444116050123,11310.914004142269,-0.0018097465938340385,-0.0018097465938340385
2020-01-28,BASE,0.0,11431.933573455568,5,11431.933573455568,11431.933573455568,0.0,0.012531788470951932
2020-01-29,BASE,2352.6701128615914,9079.263460593977,4,11431.933573455568,11431.933573455568,0.0,0.0
2020-01-30,BASE,2352.6701128615914,9079.263460593977,4,11431.933573455568,11431.933573455568,0.0,0.0
2020-01-31,BASE,4569.6092576734745,6862.3243157820925,3,11431.933573455568,11431.933573455568,0.0,0.0
2020-02-01,BASE,4569.6092576734745,6862.3243157820925,3,11431.933573455568,11431.933573455568,0.0,0.0
2020-02-02,BASE,4569.6092576734745,6862.3243157820925,3,11431.933573455568,11431.933573455568,0.0,0.0
2020-02-03,BASE,9.909507169769313,11558.0523195506,5,11567.96182672037,11567.96182672037,0.0,0.011898971629843436
2020-02-04,BASE,6852.3157135406245,4715.646113179744,2,11567.96182672037,11567.96182672037,0.0,0.0
2020-02-05,BASE,4574.997549067164,6947.417914363736,3,11522.4154634309,11567.96182672037,-0.003937285061251128,-0.003937285061251128
2020-02-06,BASE,9164.592406841028,2357.823056589872,1,11522.4154634309,11567.96182672037,-0.003937285061251128,0.0
2020-02-07,BASE,11522.4154634309,0.0,0,11522.4154634309,11567.96182672037,-0.003937285061251128,0.0
2020-02-08,BASE,11522.4154634309,0.0,0,11522.4154634309,11567.96182672037,-0.003937285061251128,0.0
2020-02-09,BASE,11522.4154634309,0.0,0,11522.4154634309,11567.96182672037,-0.003937285061251128,0.0
2020-02-10,BASE,11522.4154634309,0.0,0,11522.4154634309,11567.96182672037,-0.003937285061251128,0.0
2020-02-11,BASE,11522.4154634309,0.0,0,11522.4154634309,11567.96182672037,-0.003937285061251128,0.0
2020-02-12,BASE,9217.93237074472,2258.3934308324565,1,11476.325801577177,11567.96182672037,-0.007921535921006084,-0.0039999999999998925
2020-02-13,BASE,11476.325801577177,0.0,0,11476.325801577177,11567.96182672037,-0.007921535921006084,0.0
2020-02-14,BASE,11476.325801577177,0.0,0,11476.325801577177,11567.96182672037,-0.007921535921006084,0.0
2020-02-15,BASE,11476.325801577177,0.0,0,11476.325801577177,11567.96182672037,-0.007921535921006084,0.0
2020-02-16,BASE,11476.325801577177,0.0,0,11476.325801577177,11567.96182672037,-0.007921535921006084,0.0
2020-02-17,BASE,11476.325801577177,0.0,0,11476.325801577177,11567.96182672037,-0.007921535921006084,0.0
2020-02-18,BASE,11476.325801577177,0.0,0,11476.325801577177,11567.96182672037,-0.007921535921006084,0.0
2020-02-19,BASE,11476.325801577177,0.0,0,11476.325801577177,11567.96182672037,-0.007921535921006084,0.0
2020-02-20,BASE,9181.060641261742,2249.3598571091266,1,11430.420498370868,11567.96182672037,-0.011889849777322103,-0.0040000000000000036
2020-02-21,BASE,6885.795480946306,4498.719714218253,2,11384.51519516456,11567.96182672037,-0.01585816363363801,-0.004016064257028051
2020-02-22,BASE,9135.155338055432,2249.3598571091266,1,11384.515195164558,11567.96182672037,-0.015858163633638123,-1.1102230246251565e-16
2020-02-23,BASE,9135.155338055432,2249.3598571091266,1,11384.515195164558,11567.96182672037,-0.015858163633638123,0.0
2020-02-24,BASE,2276.9030390329117,8970.447110151197,4,11247.350149184109,11567.96182672037,-0.027715485436310194,-0.012048387096774138
2020-02-25,BASE,0.0,11022.403146200424,5,11022.403146200424,11567.96182672037,-0.04716117572758427,-0.02000000000000024
2020-02-26,BASE,0.0,10934.223921030823,5,10934.223921030823,11567.96182672037,-0.05478388632176334,-0.007999999999999785
2020-02-27,BASE,10934.223921030823,0.0,0,10934.223921030823,11567.96182672037,-0.05478388632176334,0.0
2020-02-28,BASE,8747.379136824658,2143.107888522041,1,10890.4870253467,11567.96182672037,-0.05856475077647627,-0.0040000000000000036
2020-02-29,BASE,10890.4870253467,0.0,0,10890.4870253467,11567.96182672037,-0.05856475077647627,0.0
2020-03-01,BASE,10890.4870253467,0.0,0,10890.4870253467,11567.96182672037,-0.05856475077647627,0.0
2020-03-02,BASE,10890.4870253467,0.0,0,10890.4870253467,11567.96182672037,-0.05856475077647627,0.0
2020-03-03,BASE,10890.4870253467,0.0,0,10890.4870253467,11567.96182672037,-0.05856475077647627,0.0
2020-03-04,BASE,8712.38962027736,2134.5354569679535,1,10846.925077245312,11567.96182672037,-0.06233049177337047,-0.0040000000000000036
2020-03-05,BASE,10846.925077245312,0.0,0,10846.925077245312,11567.96182672037,-0.06233049177337047,0.0
2020-03-06,BASE,4338.770030898124,6377.991945420243,3,10716.761976318367,11567.96182672037,-0.07358252587209013,-0.012000000000000233
2020-03-07,BASE,10716.761976318367,0.0,0,10716.761976318367,11567.96182672037,-0.07358252587209013,0.0
2020-03-08,BASE,10716.761976318367,0.0,0,10716.761976318367,11567.96182672037,-0.07358252587209013,0.0
2020-03-09,BASE,10716.761976318367,0.0,0,10716.761976318367,11567.96182672037,-0.07358252587209013,0.0
2020-03-10,BASE,8573.409581054693,2100.4853473584,1,10673.894928413094,11567.96182672037,-0.07728819576860169,-0.0039999999999998925
2020-03-11,BASE,10673.894928413094,0.0,0,10673.894928413094,11567.96182672037,-0.07728819576860169,0.0
2020-03-12,BASE,10673.894928413094,0.0,0,10673.894928413094,11567.96182672037,-0.07728819576860169,0.0
2020-03-13,BASE,10673.894928413094,0.0,0,10673.894928413094,11567.96182672037,-0.07728819576860169,0.0
2020-03-14,BASE,10673.894928413094,0.0,0,10673.894928413094,11567.96182672037,-0.07728819576860169,0.0
2020-03-15,BASE,10673.894928413094,0.0,0,10673.894928413094,11567.96182672037,-0.07728819576860169,0.0
2020-03-16,BASE,10673.894928413094,0.0,0,10673.894928413094,11567.96182672037,-0.07728819576860169,0.0
2020-03-17,BASE,10673.894928413094,0.0,0,10673.894928413094,11567.96182672037,-0.07728819576860169,0.0
2020-03-18,BASE,10673.894928413094,0.0,0,10673.894928413094,11567.96182672037,-0.07728819576860169,0.0
2020-03-19,BASE,10673.894928413094,0.0,0,10673.894928413094,11567.96182672037,-0.07728819576860169,0.0
2020-03-20,BASE,8539.115942730476,2092.0834059689664,1,10631.199348699442,11567.96182672037,-0.08097904298552727,-0.0040000000000000036
2020-03-21,BASE,10631.199348699442,0.0,0,10631.199348699442,11567.96182672037,-0.08097904298552727,0.0
2020-03-22,BASE,10631.199348699442,0.0,0,10631.199348699442,11567.96182672037,-0.08097904298552727,0.0
2020-03-23,BASE,10631.199348699442,0.0,0,10631.199348699442,11567.96182672037,-0.08097904298552727,0.0
2020-03-24,BASE,10631.199348699442,0.0,0,10631.199348699442,11567.96182672037,-0.08097904298552727,0.0
2020-03-25,BASE,10631.199348699442,0.0,0,10631.199348699442,11567.96182672037,-0.08097904298552727,0.0
2020-03-26,BASE,10631.199348699442,0.0,0,10631.199348699442,11567.96182672037,-0.08097904298552727,0.0
2020-03-27,BASE,10631.199348699442,0.0,0,10631.199348699442,11567.96182672037,-0.08097904298552727,0.0
2020-03-28,BASE,10631.199348699442,0.0,0,10631.199348699442,11567.96182672037,-0.08097904298552727,0.0
2020-03-29,BASE,10631.199348699442,0.0,0,10631.199348699442,11567.96182672037,-0.08097904298552727,0.0
2020-03-30,BASE,10631.199348699442,0.0,0,10631.199348699442,11567.96182672037,-0.08097904298552727,0.0
2020-03-31,BASE,10631.199348699442,0.0,0,10631.199348699442,11567.96182672037,-0.08097904298552727,0.0
2020-04-01,BASE,10631.199348699442,0.0,0,10631.199348699442,11567.96182672037,-0.08097904298552727,0.0
2020-04-02,BASE,10631.199348699442,0.0,0,10631.199348699442,11567.96182672037,-0.08097904298552727,0.0
2020-04-03,BASE,10631.199348699442,0.0,0,10631.199348699442,11567.96182672037,-0.08097904298552727,0.0
2020-04-04,BASE,10631.199348699442,0.0,0,10631.199348699442,11567.96182672037,-0.08097904298552727,0.0
2020-04-05,BASE,10631.199348699442,0.0,0,10631.199348699442,11567.96182672037,-0.08097904298552727,0.0
2020-04-06,BASE,10631.199348699442,0.0,0,10631.199348699442,11567.96182672037,-0.08097904298552727,0.0
2020-04-07,BASE,10631.199348699442,0.0,0,10631.199348699442,11567.96182672037,-0.08097904298552727,0.0
2020-04-08,BASE,8504.959478959554,2083.715072345091,1,10588.674551304644,11567.96182672037,-0.08465512681358511,-0.0039999999999998925
2020-04-09,BASE,8504.959478959554,2083.715072345091,1,10588.674551304644,11567.96182672037,-0.08465512681358511,0.0
2020-04-10,BASE,8504.959478959554,2083.715072345091,1,10588.674551304644,11567.96182672037,-0.08465512681358511,0.0
2020-04-11,BASE,8504.959478959554,2083.715072345091,1,10588.674551304644,11567.96182672037,-0.08465512681358511,0.0
2020-04-12,BASE,8504.959478959554,2083.715072345091,1,10588.674551304644,11567.96182672037,-0.08465512681358511,0.0
2020-04-13,BASE,10588.674551304644,0.0,0,10588.674551304644,11567.96182672037,-0.08465512681358511,0.0
2020-04-14,BASE,10588.674551304644,0.0,0,10588.674551304644,11567.96182672037,-0.08465512681358511,0.0
2020-04-15,BASE,10588.674551304644,0.0,0,10588.674551304644,11567.96182672037,-0.08465512681358511,0.0
2020-04-16,BASE,10588.674551304644,0.0,0,10588.674551304644,11567.96182672037,-0.08465512681358511,0.0
2020-04-17,BASE,10588.674551304644,0.0,0,10588.674551304644,11567.96182672037,-0.08465512681358511,0.0
2020-04-18,BASE,10588.674551304644,0.0,0,10588.674551304644,11567.96182672037,-0.08465512681358511,0.0
2020-04-19,BASE,10588.674551304644,0.0,0,10588.674551304644,11567.96182672037,-0.08465512681358511,0.0
2020-04-20,BASE,8470.939641043715,2075.3802120557107,1,10546.319853099425,11567.96182672037,-0.08831650630633092,-0.004000000000000115
2020-04-21,BASE,10546.319853099425,0.0,0,10546.319853099425,11567.96182672037,-0.08831650630633092,0.0
2020-04-22,BASE,8437.05588247954,2067.0786912074873,1,10504.134573687028,11567.96182672037,-0.09196324028110547,-0.0039999999999998925
2020-04-23,BASE,4218.5279412397695,6454.347750096849,3,10672.87569133662,11567.96182672037,-0.07737630438200671,0.016064257028112428
2020-04-24,BASE,6412.16247068445,4260.713220652167,2,10672.875691336618,11567.96182672037,-0.07737630438200693,-2.220446049250313e-16
2020-04-25,BASE,6412.16247068445,4260.713220652167,2,10672.875691336618,11567.96182672037,-0.07737630438200693,0.0
2020-04-26,BASE,6412.16247068445,4260.713220652167,2,10672.875691336618,11567.96182672037,-0.07737630438200693,0.0
2020-04-27,BASE,8605.79700012913,2067.0786912074873,1,10672.875691336618,11567.96182672037,-0.07737630438200693,0.0
2020-04-28,BASE,10672.875691336618,0.0,0,10672.875691336618,11567.96182672037,-0.07737630438200693,0.0
2020-04-29,BASE,8538.300553069294,2091.883635501977,1,10630.184188571271,11567.96182672037,-0.0810667991644789,-0.0040000000000000036
2020-04-30,BASE,2126.036837714252,8365.29106302881,4,10491.327900743061,11567.96182672037,-0.09307032147101624,-0.013062453609928748
2020-05-01,BASE,2075.01195360911,8331.95480541345,4,10406.96675902256,11567.96182672037,-0.10036297535284688,-0.008041035655222073
2020-05-02,BASE,4141.859925761399,6265.106833261161,3,10406.96675902256,11567.96182672037,-0.10036297535284688,0.0
2020-05-03,BASE,4141.859925761399,6265.106833261161,3,10406.96675902256,11567.96182672037,-0.10036297535284688,0.0
2020-05-04,BASE,8292.223998873656,2114.742760148903,1,10406.96675902256,11567.96182672037,-0.10036297535284688,0.0
2020-05-05,BASE,8292.223998873656,2114.742760148903,1,10406.96675902256,11567.96182672037,-0.10036297535284688,0.0
2020-05-06,BASE,8292.223998873656,2114.742760148903,1,10406.96675902256,11567.96182672037,-0.10036297535284688,0.0
2020-05-07,BASE,10406.96675902256,0.0,0,10406.96675902256,11567.96182672037,-0.10036297535284688,0.0
2020-05-08,BASE,8325.573407218048,2109.89013299448,1,10435.463540212528,11567.96182672037,-0.097899552528945,0.0027382408198106667
2020-05-09,BASE,8325.573407218048,2109.89013299448,1,10435.463540212528,11567.96182672037,-0.097899552528945,0.0
2020-05-10,BASE,8325.573407218048,2109.89013299448,1,10435.463540212528,11567.96182672037,-0.097899552528945,0.0
2020-05-11,BASE,8325.573407218048,2109.89013299448,1,10435.463540212528,11567.96182672037,-0.097899552528945,0.0
2020-05-12,BASE,8325.573407218048,2109.89013299448,1,10435.463540212528,11567.96182672037,-0.097899552528945,0.0
2020-05-13,BASE,2081.393351804511,8229.186587299744,4,10310.579939104255,11567.96182672037,-0.10869519682471107,-0.011967230840014054
2020-05-14,BASE,0.0,10516.721136666976,5,10516.721136666976,11567.96182672037,-0.09087518664049998,0.0199931719437918
2020-05-15,BASE,10516.721136666976,0.0,0,10516.721136666976,11567.96182672037,-0.09087518664049998,0.0
2020-05-16,BASE,10516.721136666976,0.0,0,10516.721136666976,11567.96182672037,-0.09087518664049998,0.0
2020-05-17,BASE,10516.721136666976,0.0,0,10516.721136666976,11567.96182672037,-0.09087518664049998,0.0
2020-05-18,BASE,10516.721136666976,0.0,0,10516.721136666976,11567.96182672037,-0.09087518664049998,0.0
2020-05-19,BASE,10516.721136666976,0.0,0,10516.721136666976,11567.96182672037,-0.09087518664049998,0.0
2020-05-20,BASE,4206.688454666792,6183.832028360182,3,10390.520483026974,11567.96182672037,-0.1017846844008139,-0.0119999999999999
2020-05-21,BASE,6242.725666725517,4106.064466831161,2,10348.790133556678,11567.96182672037,-0.10539209166022445,-0.004016194331983858
2020-05-22,BASE,4139.5160534226725,6209.274080134008,3,10348.79013355668,11567.96182672037,-0.10539209166022434,2.220446049250313e-16
2020-05-23,BASE,6167.8789195997815,4180.911213956899,2,10348.79013355668,11567.96182672037,-0.10539209166022434,0.0
2020-05-24,BASE,6167.8789195997815,4180.911213956899,2,10348.79013355668,11567.96182672037,-0.10539209166022434,0.0
2020-05-25,BASE,6167.8789195997815,4180.911213956899,2,10348.79013355668,11567.96182672037,-0.10539209166022434,0.0
2020-05-26,BASE,8320.427267379571,2028.362866177109,1,10348.79013355668,11567.96182672037,-0.10539209166022434,0.0
2020-05-27,BASE,2069.758026711335,8113.451464708439,4,10183.209491419773,11567.96182672037,-0.11970581819366077,-0.016000000000000014
2020-05-28,BASE,8146.56759313582,2118.1075742153134,1,10264.675167351133,11567.96182672037,-0.11266346473920985,0.00800000000000023
2020-05-29,BASE,10264.675167351133,0.0,0,10264.675167351133,11567.96182672037,-0.11266346473920985,0.0
2020-05-30,BASE,10264.675167351133,0.0,0,10264.675167351133,11567.96182672037,-0.11266346473920985,0.0
2020-05-31,BASE,10264.675167351133,0.0,0,10264.675167351133,11567.96182672037,-0.11266346473920985,0.0
2020-06-01,BASE,2052.9350334702267,8417.033637227929,4,10469.968670698156,11567.96182672037,-0.09491673403399414,0.020000000000000018
2020-06-02,BASE,6323.039903088298,4146.9287676098575,2,10469.968670698156,11567.96182672037,-0.09491673403399414,0.0
2020-06-03,BASE,8458.092337897335,2011.876332800822,1,10469.968670698157,11567.96182672037,-0.09491673403399392,2.220446049250313e-16
2020-06-04,BASE,8458.092337897335,2011.876332800822,1,10469.968670698157,11567.96182672037,-0.09491673403399392,0.0
2020-06-05,BASE,4187.987468279262,6156.341578370517,3,10344.329046649778,11567.96182672037,-0.10577773322558615,-0.012000000000000122
2020-06-06,BASE,4187.987468279262,6156.341578370517,3,10344.329046649778,11567.96182672037,-0.10577773322558615,0.0
2020-06-07,BASE,4187.987468279262,6156.341578370517,3,10344.329046649778,11567.96182672037,-0.10577773322558615,0.0
2020-06-08,BASE,4187.987468279262,6156.341578370517,3,10344.329046649778,11567.96182672037,-0.10577773322558615,0.0
2020-06-09,BASE,4187.987468279262,6156.341578370517,3,10344.329046649778,11567.96182672037,-0.10577773322558615,0.0
2020-06-10,BASE,0.0,10219.527020095058,5,10219.527020095058,11567.96182672037,-0.11656632575590076,-0.012064777327935094
2020-06-11,BASE,6131.716212057036,4006.054591877264,2,10137.7708039343,11567.96182672037,-0.1236337951498534,-0.007999999999999785
2020-06-12,BASE,4055.10832157372,5961.009232713368,3,10016.117554287088,11567.96182672037,-0.13415018960805514,-0.01200000000000001
2020-06-13,BASE,10016.117554287088,0.0,0,10016.117554287088,11567.96182672037,-0.13415018960805514,0.0
2020-06-14,BASE,10016.117554287088,0.0,0,10016.117554287088,11567.96182672037,-0.13415018960805514,0.0
2020-06-15,BASE,8012.89404342967,2083.3524512917147,1,10096.246494721385,11567.96182672037,-0.12722339112491954,0.008000000000000007
2020-06-16,BASE,10096.246494721385,0.0,0,10096.246494721385,11567.96182672037,-0.12722339112491954,0.0
2020-06-17,BASE,10096.246494721385,0.0,0,10096.246494721385,11567.96182672037,-0.12722339112491954,0.0
2020-06-18,BASE,10096.246494721385,0.0,0,10096.246494721385,11567.96182672037,-0.12722339112491954,0.0
2020-06-19,BASE,10096.246494721385,0.0,0,10096.246494721385,11567.96182672037,-0.12722339112491954,0.0
2020-06-20,BASE,10096.246494721385,0.0,0,10096.246494721385,11567.96182672037,-0.12722339112491954,0.0
2020-06-21,BASE,10096.246494721385,0.0,0,10096.246494721385,11567.96182672037,-0.12722339112491954,0.0
2020-06-22,BASE,0.0,9894.321564826956,5,9894.321564826956,11567.96182672037,-0.14467892330242127,-0.02000000000000013
2020-06-23,BASE,0.0,9894.321564826956,5,9894.321564826956,11567.96182672037,-0.14467892330242127,0.0
2020-06-24,BASE,7915.457251861566,1978.8643129653906,1,9894.321564826956,11567.96182672037,-0.14467892330242127,0.0
2020-06-25,BASE,0.0,9902.067210610887,5,9902.067210610887,11567.96182672037,-0.14400934590408998,0.0007828374824065953
2020-06-26,BASE,3878.574053412167,6023.49315719872,3,9902.067210610887,11567.96182672037,-0.14400934590408998,0.0
2020-06-27,BASE,3878.574053412167,6023.49315719872,3,9902.067210610887,11567.96182672037,-0.14400934590408998,0.0
2020-06-28,BASE,3878.574053412167,6023.49315719872,3,9902.067210610887,11567.96182672037,-0.14400934590408998,0.0
2020-06-29,BASE,0.0,9903.01706548111,5,9903.01706548111,11567.96182672037,-0.14392723508072702,9.59249063876566e-05
2020-06-30,BASE,3785.4882761302747,6117.528789350836,3,9903.01706548111,11567.96182672037,-0.14392723508072702,0.0
2020-07-01,BASE,5843.507161614281,4059.5099038668286,2,9903.01706548111,11567.96182672037,-0.14392723508072702,0.0
2020-07-02,BASE,9903.01706548111,0.0,0,9903.01706548111,11567.96182672037,-0.14392723508072702,0.0
2020-07-03,BASE,9903.01706548111,0.0,0,9903.01706548111,11567.96182672037,-0.14392723508072702,0.0
2020-07-04,BASE,9903.01706548111,0.0,0,9903.01706548111,11567.96182672037,-0.14392723508072702,0.0
2020-07-05,BASE,9903.01706548111,0.0,0,9903.01706548111,11567.96182672037,-0.14392723508072702,0.0
2020-07-06,BASE,9903.01706548111,0.0,0,9903.01706548111,11567.96182672037,-0.14392723508072702,0.0
2020-07-07,BASE,9903.01706548111,0.0,0,9903.01706548111,11567.96182672037,-0.14392723508072702,0.0
2020-07-08,BASE,9903.01706548111,0.0,0,9903.01706548111,11567.96182672037,-0.14392723508072702,0.0
2020-07-09,BASE,9903.01706548111,0.0,0,9903.01706548111,11567.96182672037,-0.14392723508072702,0.0
2020-07-10,BASE,9903.01706548111,0.0,0,9903.01706548111,11567.96182672037,-0.14392723508072702,0.0
2020-07-11,BASE,9903.01706548111,0.0,0,9903.01706548111,11567.96182672037,-0.14392723508072702,0.0
2020-07-12,BASE,9903.01706548111,0.0,0,9903.01706548111,11567.96182672037,-0.14392723508072702,0.0
2020-07-13,BASE,7922.413652384888,1940.9913448342977,1,9863.404997219186,11567.96182672037,-0.14735152614040414,-0.0039999999999998925
2020-07-14,BASE,1972.6809994438372,7851.270377786472,4,9823.951377230309,11567.96182672037,-0.15076212003584255,-0.0040000000000000036
2020-07-15,BASE,7890.723997775349,1933.2273794549603,1,9823.951377230309,11567.96182672037,-0.15076212003584255,0.0
2020-07-16,BASE,5918.042998331512,3984.8156188765515,2,9902.858617208063,11567.96182672037,-0.14394093224496574,0.008032128514056325
2020-07-17,BASE,7851.270377786472,2051.588239421591,1,9902.858617208063,11567.96182672037,-0.14394093224496574,0.0
2020-07-18,BASE,7851.270377786472,2051.588239421591,1,9902.858617208063,11567.96182672037,-0.14394093224496574,0.0
2020-07-19,BASE,7851.270377786472,2051.588239421591,1,9902.858617208063,11567.96182672037,-0.14394093224496574,0.0
2020-07-20,BASE,9902.858617208061,0.0,0,9902.858617208061,11567.96182672037,-0.14394093224496585,-2.220446049250313e-16
2020-07-21,BASE,9902.858617208061,0.0,0,9902.858617208061,11567.96182672037,-0.14394093224496585,0.0
2020-07-22,BASE,7922.286893766449,1964.5733615975494,1,9886.860255363998,11567.96182672037,-0.1453239210621583,-0.0016155296629464244
2020-07-23,BASE,3961.143446883224,5846.493939543109,3,9807.637386426333,11567.96182672037,-0.15217239360419865,-0.008012945150578266
2020-07-24,BASE,0.0,9966.083124301662,5,9966.083124301662,11567.96182672037,-0.13847544852011806,0.016155342171868536
2020-07-25,BASE,4119.589184758553,5846.493939543109,3,9966.083124301662,11567.96182672037,-0.13847544852011806,0.0
2020-07-26,BASE,4119.589184758553,5846.493939543109,3,9966.083124301662,11567.96182672037,-0.13847544852011806,0.0
2020-07-27,BASE,6005.093465474968,4040.8463107158605,2,10045.93977619083,11567.96182672037,-0.1315721881977413,0.008012842246362784
2020-07-28,BASE,6005.093465474968,4040.8463107158605,2,10045.93977619083,11567.96182672037,-0.1315721881977413,0.0
2020-07-29,BASE,8036.7518209526625,1969.0041961334025,1,10005.756017086065,11567.96182672037,-0.1350458994449505,-0.004000000000000115
2020-07-30,BASE,8036.7518209526625,1969.0041961334025,1,10005.756017086065,11567.96182672037,-0.1350458994449505,0.0
2020-07-31,BASE,6003.4536102516395,3999.905803707531,2,10003.35941395917,11567.96182672037,-0.1352530753643384,-0.00023952244316205462
2020-08-01,BASE,6003.4536102516395,3999.905803707531,2,10003.35941395917,11567.96182672037,-0.1352530753643384,0.0
2020-08-02,BASE,6003.4536102516395,3999.905803707531,2,10003.35941395917,11567.96182672037,-0.1352530753643384,0.0
2020-08-03,BASE,5971.435190996964,4039.7042987343357,2,10011.1394897313,11567.96182672037,-0.13458052164323608,0.0007777463000353535
2020-08-04,BASE,5971.435190996964,4039.7042987343357,2,10011.1394897313,11567.96182672037,-0.13458052164323608,0.0
2020-08-05,BASE,5971.435190996964,4039.7042987343357,2,10011.1394897313,11567.96182672037,-0.13458052164323608,0.0
2020-08-06,BASE,5971.435190996964,4039.7042987343357,2,10011.1394897313,11567.96182672037,-0.13458052164323608,0.0
2020-08-07,BASE,8010.212815355626,2000.9266743756737,1,10011.1394897313,11567.96182672037,-0.13458052164323608,0.0
2020-08-08,BASE,8010.212815355626,2000.9266743756737,1,10011.1394897313,11567.96182672037,-0.13458052164323608,0.0
2020-08-09,BASE,8010.212815355626,2000.9266743756737,1,10011.1394897313,11567.96182672037,-0.13458052164323608,0.0
2020-08-10,BASE,4004.4557958925207,5886.550019962005,3,9891.005815854525,11567.96182672037,-0.1449655553835172,-0.0119999999999999
2020-08-11,BASE,5934.603489512716,3933.1842523406203,2,9867.787741853335,11567.96182672037,-0.14697265692387318,-0.0023473926144066404
2020-08-12,BASE,0.0,10068.423363029236,5,10068.423363029236,11567.96182672037,-0.12962857987890397,0.020332381119723797
2020-08-13,BASE,6053.29555930297,4015.1278037262664,2,10068.423363029236,11567.96182672037,-0.12962857987890397,0.0
2020-08-14,BASE,6053.29555930297,4015.1278037262664,2,10068.423363029236,11567.96182672037,-0.12962857987890397,0.0
2020-08-15,BASE,6053.29555930297,4015.1278037262664,2,10068.423363029236,11567.96182672037,-0.12962857987890397,0.0
2020-08-16,BASE,6053.29555930297,4015.1278037262664,2,10068.423363029236,11567.96182672037,-0.12962857987890397,0.0
2020-08-17,BASE,6053.29555930297,4015.1278037262664,2,10068.423363029236,11567.96182672037,-0.12962857987890397,0.0
2020-08-18,BASE,6042.633904754702,3985.685282934907,2,10028.319187689609,11567.96182672037,-0.13309541145566384,-0.003983163390495537
2020-08-19,BASE,8063.214596047835,1965.1045916417736,1,10028.319187689609,11567.96182672037,-0.13309541145566384,0.0
2020-08-20,BASE,8022.655350151687,2046.3965271391226,1,10069.05187729081,11567.96182672037,-0.12957424755390246,0.004061766367708275
2020-08-21,BASE,8022.655350151687,2046.3965271391226,1,10069.05187729081,11567.96182672037,-0.12957424755390246,0.0
2020-08-22,BASE,8022.655350151687,2046.3965271391226,1,10069.05187729081,11567.96182672037,-0.12957424755390246,0.0
2020-08-23,BASE,8022.655350151687,2046.3965271391226,1,10069.05187729081,11567.96182672037,-0.12957424755390246,0.0
2020-08-24,BASE,8022.655350151687,2046.3965271391226,1,10069.05187729081,11567.96182672037,-0.12957424755390246,0.0
2020-08-25,BASE,8022.655350151687,2046.3965271391226,1,10069.05187729081,11567.96182672037,-0.12957424755390246,0.0
2020-08-26,BASE,8022.655350151687,2046.3965271391226,1,10069.05187729081,11567.96182672037,-0.12957424755390246,0.0
2020-08-27,BASE,10069.05187729081,0.0,0,10069.05187729081,11567.96182672037,-0.12957424755390246,0.0
2020-08-28,BASE,2013.810375458161,8014.965294323486,4,10028.775669781648,11567.96182672037,-0.1330559505636868,-0.0040000000000000036
2020-08-29,BASE,2013.810375458161,8014.965294323486,4,10028.775669781648,11567.96182672037,-0.1330559505636868,0.0
2020-08-30,BASE,2013.810375458161,8014.965294323486,4,10028.775669781648,11567.96182672037,-0.1330559505636868,0.0
2020-08-31,BASE,3987.34454340716,6041.431126374488,3,10028.775669781648,11567.96182672037,-0.1330559505636868,0.0
2020-09-01,BASE,1981.5894094508303,8007.07115765169,4,9988.66056710252,11567.96182672037,-0.1365237267614321,-0.0040000000000000036
2020-09-02,BASE,2054.0865829673244,7894.136671795996,4,9948.223254763321,11567.96182672037,-0.1400193565832556,-0.004048321801261245
2020-09-03,BASE,5969.0628367220215,3939.205775772889,2,9908.26861249491,11567.96182672037,-0.14347326167620988,-0.004016259109311804
2020-09-04,BASE,0.0,9710.103240245011,5,9710.103240245011,11567.96182672037,-0.16060379644268585,-0.02000000000000013
2020-09-05,BASE,9710.103240245011,0.0,0,9710.103240245011,11567.96182672037,-0.16060379644268585,0.0
2020-09-06,BASE,9710.103240245011,0.0,0,9710.103240245011,11567.96182672037,-0.16060379644268585,0.0
2020-09-07,BASE,9710.103240245011,0.0,0,9710.103240245011,11567.96182672037,-0.16060379644268585,0.0
2020-09-08,BASE,0.0,9748.943653205992,5,9748.943653205992,11567.96182672037,-0.15724621162845653,0.0040000000000000036
2020-09-09,BASE,46.60849555317691,9820.254651402349,5,9866.863146955526,11567.96182672037,-0.1470525841324566,0.01209561752988031
2020-09-10,BASE,1972.6268934622553,7894.236253493271,4,9866.863146955526,11567.96182672037,-0.1470525841324566,0.0
2020-09-11,BASE,1895.1325015225075,7894.053548190703,4,9789.186049713211,11567.96182672037,-0.15376743143277283,-0.007872522004755078
2020-09-12,BASE,5701.310266395983,4087.875783317227,2,9789.18604971321,11567.96182672037,-0.15376743143277305,-2.220446049250313e-16
2020-09-13,BASE,5701.310266395983,4087.875783317227,2,9789.18604971321,11567.96182672037,-0.15376743143277305,0.0
2020-09-14,BASE,5803.133547278559,4063.7370868656926,2,9866.870634144252,11567.96182672037,-0.14705193689754714,0.007935755234043995
2020-09-15,BASE,9866.870634144252,0.0,0,9866.870634144252,11567.96182672037,-0.14705193689754714,0.0
2020-09-16,BASE,5920.122380486551,3986.2157361942777,2,9906.338116680829,11567.96182672037,-0.1436401446451373,0.0040000000000000036
2020-09-17,BASE,5983.270352545075,3883.284541738885,2,9866.55489428396,11567.96182672037,-0.14707923123556632,-0.004015936254979979
2020-09-18,BASE,9866.55489428396,0.0,0,9866.55489428396,11567.96182672037,-0.14707923123556632,0.0
2020-09-19,BASE,9866.55489428396,0.0,0,9866.55489428396,11567.96182672037,-0.14707923123556632,0.0
2020-09-20,BASE,9866.55489428396,0.0,0,9866.55489428396,11567.96182672037,-0.14707923123556632,0.0
2020-09-21,BASE,5919.932936570376,3965.123967003442,2,9885.056903573819,11567.96182672037,-0.1454798129830681,0.0018752248873188382
2020-09-22,BASE,1957.5244910259378,7820.534393633087,4,9778.058884659025,11567.96182672037,-0.15472932646846393,-0.01082421881416884
2020-09-23,BASE,1957.5244910259378,7820.534393633087,4,9778.058884659025,11567.96182672037,-0.15472932646846393,0.0
2020-09-24,BASE,5809.743251511013,3968.315633148012,2,9778.058884659025,11567.96182672037,-0.15472932646846393,0.0
2020-09-25,BASE,5809.743251511013,3968.315633148012,2,9778.058884659025,11567.96182672037,-0.15472932646846393,0.0
2020-09-26,BASE,5809.743251511013,3968.315633148012,2,9778.058884659025,11567.96182672037,-0.15472932646846393,0.0
2020-09-27,BASE,5809.743251511013,3968.315633148012,2,9778.058884659025,11567.96182672037,-0.15472932646846393,0.0
2020-09-28,BASE,7841.022459234799,1937.036425424226,1,9778.058884659025,11567.96182672037,-0.15472932646846393,0.0
2020-09-29,BASE,9778.058884659025,0.0,0,9778.058884659025,11567.96182672037,-0.15472932646846393,0.0
2020-09-30,BASE,9778.058884659025,0.0,0,9778.058884659025,11567.96182672037,-0.15472932646846393,0.0
2020-10-01,BASE,9778.058884659025,0.0,0,9778.058884659025,11567.96182672037,-0.15472932646846393,0.0
2020-10-02,BASE,9778.058884659025,0.0,0,9778.058884659025,11567.96182672037,-0.15472932646846393,0.0
2020-10-03,BASE,9778.058884659025,0.0,0,9778.058884659025,11567.96182672037,-0.15472932646846393,0.0
2020-10-04,BASE,9778.058884659025,0.0,0,9778.058884659025,11567.96182672037,-0.15472932646846393,0.0
2020-10-05,BASE,9778.058884659025,0.0,0,9778.058884659025,11567.96182672037,-0.15472932646846393,0.0
2020-10-06,BASE,9778.058884659025,0.0,0,9778.058884659025,11567.96182672037,-0.15472932646846393,0.0
2020-10-07,BASE,9778.058884659025,0.0,0,9778.058884659025,11567.96182672037,-0.15472932646846393,0.0
2020-10-08,BASE,9778.058884659025,0.0,0,9778.058884659025,11567.96182672037,-0.15472932646846393,0.0
2020-10-09,BASE,9778.058884659025,0.0,0,9778.058884659025,11567.96182672037,-0.15472932646846393,0.0
2020-10-10,BASE,9778.058884659025,0.0,0,9778.058884659025,11567.96182672037,-0.15472932646846393,0.0
2020-10-11,BASE,9778.058884659025,0.0,0,9778.058884659025,11567.96182672037,-0.15472932646846393,0.0
2020-10-12,BASE,7822.44710772722,1916.4995413931688,1,9738.94664912039,11567.96182672037,-0.15811040916259,-0.0040000000000000036
2020-10-13,BASE,7822.44710772722,1916.4995413931688,1,9738.94664912039,11567.96182672037,-0.15811040916259,0.0
2020-10-14,BASE,3911.2235538636096,5749.498624179507,3,9660.722178043117,11567.96182672037,-0.16487257455084237,-0.008032128514056214
2020-10-15,BASE,1924.3219885008964,7736.400189542221,4,9660.722178043117,11567.96182672037,-0.16487257455084237,0.0
2020-10-16,BASE,7744.222636649949,1916.4995413931688,1,9660.722178043117,11567.96182672037,-0.16487257455084237,0.0
2020-10-17,BASE,7744.222636649949,1916.4995413931688,1,9660.722178043117,11567.96182672037,-0.16487257455084237,0.0
2020-10-18,BASE,7744.222636649949,1916.4995413931688,1,9660.722178043117,11567.96182672037,-0.16487257455084237,0.0
2020-10-19,BASE,7728.577742434494,1893.5015468964514,1,9622.079289330946,11567.96182672037,-0.1682130842526388,-0.0039999999999998925
2020-10-20,BASE,7697.663431464757,1885.9275407088658,1,9583.590972173623,11567.96182672037,-0.17154023191562828,-0.0040000000000000036
2020-10-21,BASE,7697.663431464757,1885.9275407088658,1,9583.590972173623,11567.96182672037,-0.17154023191562828,0.0
2020-10-22,BASE,5773.247573598568,3887.320032889703,2,9660.567606488272,11567.96182672037,-0.16488593658964923,0.008032128514056325
2020-10-23,BASE,7774.640065779405,1885.9275407088658,1,9660.56760648827,11567.96182672037,-0.16488593658964934,-2.220446049250313e-16
2020-10-24,BASE,7774.640065779405,1885.9275407088658,1,9660.56760648827,11567.96182672037,-0.16488593658964934,0.0
2020-10-25,BASE,7774.640065779405,1885.9275407088658,1,9660.56760648827,11567.96182672037,-0.16488593658964934,0.0
2020-10-26,BASE,9660.56760648827,0.0,0,9660.56760648827,11567.96182672037,-0.16488593658964934,0.0
2020-10-27,BASE,0.0,9467.356254358505,5,9467.356254358505,11567.96182672037,-0.1815882178578564,-0.020000000000000018
2020-10-28,BASE,7573.885003486804,1855.601825854267,1,9429.486829341071,11567.96182672037,-0.18486186498642498,-0.0040000000000000036
2020-10-29,BASE,5657.692097604642,3809.512679053793,2,9467.204776658435,11567.96182672037,-0.18160131244637068,0.0040000000000000036
2020-10-30,BASE,7505.871516155492,1961.333260502943,1,9467.204776658435,11567.96182672037,-0.18160131244637068,0.0
2020-10-31,BASE,7505.871516155492,1961.333260502943,1,9467.204776658435,11567.96182672037,-0.18160131244637068,0.0
2020-11-01,BASE,7505.871516155492,1961.333260502943,1,9467.204776658435,11567.96182672037,-0.18160131244637068,0.0
2020-11-02,BASE,7505.871516155492,1961.333260502943,1,9467.204776658435,11567.96182672037,-0.18160131244637068,0.0
2020-11-03,BASE,9467.204776658435,0.0,0,9467.204776658435,11567.96182672037,-0.18160131244637068,0.0
2020-11-04,BASE,9467.204776658435,0.0,0,9467.204776658435,11567.96182672037,-0.18160131244637068,0.0
2020-11-05,BASE,5680.32286599506,3938.357187089909,2,9618.680053084969,11567.96182672037,-0.1685069334455127,0.015999999999999792
2020-11-06,BASE,5680.32286599506,3938.357187089909,2,9618.680053084969,11567.96182672037,-0.1685069334455127,0.0
2020-11-07,BASE,5680.32286599506,3938.357187089909,2,9618.680053084969,11567.96182672037,-0.1685069334455127,0.0
2020-11-08,BASE,5680.32286599506,3938.357187089909,2,9618.680053084969,11567.96182672037,-0.1685069334455127,0.0
2020-11-09,BASE,9618.680053084969,0.0,0,9618.680053084969,11567.96182672037,-0.1685069334455127,0.0
2020-11-10,BASE,5771.208031850982,3770.522580809308,2,9541.730612660289,11567.96182672037,-0.1751588779779486,-0.008000000000000007
2020-11-11,BASE,5725.038367596173,3768.0578252539917,2,9493.096192850164,11567.96182672037,-0.17936311209789413,-0.00509702293896197
2020-11-12,BASE,3793.79209159373,5851.361120299789,3,9645.15321189352,11567.96182672037,-0.16621844397735064,0.01601764229018121
2020-11-13,BASE,22.778019318542647,9737.330298971752,5,9760.108318290295,11567.96182672037,-0.15628107487821985,0.011918432384777855
2020-11-14,BASE,2015.333196862658,7744.775121427636,4,9760.108318290295,11567.96182672037,-0.15628107487821985,0.0
2020-11-15,BASE,2015.333196862658,7744.775121427636,4,9760.108318290295,11567.96182672037,-0.15628107487821985,0.0
2020-11-16,BASE,5984.62962197038,3775.478696319914,2,9760.108318290295,11567.96182672037,-0.15628107487821985,0.0
2020-11-17,BASE,4022.8507850806395,5743.171520604202,3,9766.02230568484,11567.96182672037,-0.15576983638321673,0.0006059346066338289
2020-11-18,BASE,3894.286154084435,5858.356247583382,3,9752.642401667817,11567.96182672037,-0.1569264709068644,-0.001370046432234262
2020-11-19,BASE,1918.8402304624797,7989.339257365612,4,9908.179487828093,11567.96182672037,-0.1434809661161236,0.015948199447328948
2020-11-20,BASE,1981.0550649265892,7934.963310859152,4,9916.018375785741,11567.96182672037,-0.1428033283373109,0.0007911532050139947
2020-11-21,BASE,1981.0550649265892,7934.963310859152,4,9916.018375785741,11567.96182672037,-0.1428033283373109,0.0
2020-11-22,BASE,1981.0550649265892,7934.963310859152,4,9916.018375785741,11567.96182672037,-0.1428033283373109,0.0
2020-11-23,BASE,21.287779307135224,9855.535250766217,5,9876.823030073352,11567.96182672037,-0.1461915955445776,-0.003952730241817748
2020-11-24,BASE,3909.5525434984875,5967.270486574865,3,9876.823030073352,11567.96182672037,-0.1461915955445776,0.0
2020-11-25,BASE,5887.234736412684,3989.588293660668,2,9876.823030073352,11567.96182672037,-0.1461915955445776,0.0
2020-11-26,BASE,5887.234736412684,3989.588293660668,2,9876.823030073352,11567.96182672037,-0.1461915955445776,0.0
2020-11-27,BASE,7909.216856496247,1967.6061735771045,1,9876.823030073352,11567.96182672037,-0.1461915955445776,0.0
2020-11-28,BASE,7909.216856496247,1967.6061735771045,1,9876.823030073352,11567.96182672037,-0.1461915955445776,0.0
2020-11-29,BASE,7909.216856496247,1967.6061735771045,1,9876.823030073352,11567.96182672037,-0.1461915955445776,0.0
2020-11-30,BASE,9876.82303007335,0.0,0,9876.82303007335,11567.96182672037,-0.14619159554457772,-2.220446049250313e-16
2020-12-01,BASE,0.0,9891.957209076074,5,9891.957209076074,11567.96182672037,-0.14488331157637124,0.0015322922114371362
2020-12-02,BASE,1935.857313894376,7956.099895181699,4,9891.957209076076,11567.96182672037,-0.14488331157637102,2.220446049250313e-16
2020-12-03,BASE,0.0,9969.39150163185,5,9969.39150163185,11567.96182672037,-0.13818945368544067,0.00782800520858773
2020-12-04,BASE,0.0,9968.824205984738,5,9968.824205984738,11567.96182672037,-0.13823849392741316,-5.690373850986141e-05
2020-12-05,BASE,0.0,9968.824205984738,5,9968.824205984738,11567.96182672037,-0.13823849392741316,0.0
2020-12-06,BASE,0.0,9968.824205984738,5,9968.824205984738,11567.96182672037,-0.13823849392741316,0.0
2020-12-07,BASE,2013.291606450151,7955.5325995345875,4,9968.824205984738,11567.96182672037,-0.13823849392741316,0.0
2020-12-08,BASE,8033.534187737474,1935.2900182472652,1,9968.82420598474,11567.96182672037,-0.13823849392741305,2.220446049250313e-16
2020-12-09,BASE,8033.534187737474,1935.2900182472652,1,9968.82420598474,11567.96182672037,-0.13823849392741305,0.0
2020-12-10,BASE,2051.899286758364,8036.557617245958,4,10088.45690400432,11567.96182672037,-0.12789676737163846,0.012000682883720692
2020-12-11,BASE,5941.190039325471,4147.26686467885,2,10088.45690400432,11567.96182672037,-0.12789676737163846,0.0
2020-12-12,BASE,5941.190039325471,4147.26686467885,2,10088.45690400432,11567.96182672037,-0.12789676737163846,0.0
2020-12-13,BASE,5941.190039325471,4147.26686467885,2,10088.45690400432,11567.96182672037,-0.12789676737163846,0.0
2020-12-14,BASE,8014.823471664897,2073.633432339425,1,10088.45690400432,11567.96182672037,-0.12789676737163846,0.0
2020-12-15,BASE,4.547473508864641e-13,9963.63031449539,5,9963.63031449539,11567.96182672037,-0.13868748326253966,-0.012373209371532634
2020-12-16,BASE,3954.6751063696943,6008.955208125696,3,9963.63031449539,11567.96182672037,-0.13868748326253966,0.0
2020-12-17,BASE,5932.012659554541,4031.6176549408497,2,9963.63031449539,11567.96182672037,-0.13868748326253966,0.0
2020-12-18,BASE,7909.350212739388,2054.2801017560028,1,9963.63031449539,11567.96182672037,-0.13868748326253966,0.0
2020-12-19,BASE,7909.350212739388,2054.2801017560028,1,9963.63031449539,11567.96182672037,-0.13868748326253966,0.0
2020-12-20,BASE,7909.350212739388,2054.2801017560028,1,9963.63031449539,11567.96182672037,-0.13868748326253966,0.0
2020-12-21,BASE,3938.5335753232866,5968.259844016364,3,9906.79341933965,11567.96182672037,-0.14360078571003343,-0.0057044363712543955
2020-12-22,BASE,5953.729399788934,3913.368330958232,2,9867.097730747166,11567.96182672037,-0.14703230538368883,-0.004006915952743273
2020-12-23,BASE,5921.972848914946,4024.19869350845,2,9946.171542423395,11567.96182672037,-0.14019671819376744,0.008013887551739263
2020-12-24,BASE,5921.972848914946,4024.19869350845,2,9946.171542423395,11567.96182672037,-0.14019671819376744,0.0
2020-12-25,BASE,5921.972848914946,4024.19869350845,2,9946.171542423395,11567.96182672037,-0.14019671819376744,0.0
2020-12-26,BASE,5921.972848914946,4024.19869350845,2,9946.171542423395,11567.96182672037,-0.14019671819376744,0.0
2020-12-27,BASE,5921.972848914946,4024.19869350845,2,9946.171542423395,11567.96182672037,-0.14019671819376744,0.0
2020-12-28,BASE,7977.891952496924,1968.279589926471,1,9946.171542423395,11567.96182672037,-0.14019671819376744,0.0
2020-12-29,BASE,9946.171542423395,0.0,0,9946.171542423395,11567.96182672037,-0.14019671819376744,0.0
2020-12-30,BASE,9946.171542423395,0.0,0,9946.171542423395,11567.96182672037,-0.14019671819376744,0.0
2020-12-31,BASE,9946.171542423395,0.0,0,9946.171542423395,11567.96182672037,-0.14019671819376744,0.0
2021-01-01,BASE,9946.171542423395,0.0,0,9946.171542423395,11567.96182672037,-0.14019671819376744,0.0
2021-01-02,BASE,9946.171542423395,0.0,0,9946.171542423395,11567.96182672037,-0.14019671819376744,0.0
2021-01-03,BASE,9946.171542423395,0.0,0,9946.171542423395,11567.96182672037,-0.14019671819376744,0.0
2021-01-04,BASE,9946.171542423395,0.0,0,9946.171542423395,11567.96182672037,-0.14019671819376744,0.0
2021-01-05,BASE,4.547473508864641e-13,9904.997355989228,5,9904.997355989228,11567.96182672037,-0.143756047577018,-0.004139702020877767
2021-01-06,BASE,3898.8992446299717,6006.098111359256,3,9904.997355989228,11567.96182672037,-0.143756047577018,0.0
2021-01-07,BASE,3978.4686169693587,6006.098111359256,3,9984.566728328615,11567.96182672037,-0.1368776213225682,0.008033255283129703
2021-01-08,BASE,6047.2722977934245,3937.29443053519,2,9984.566728328615,11567.96182672037,-0.1368776213225682,0.0
2021-01-09,BASE,6047.2722977934245,3937.29443053519,2,9984.566728328615,11567.96182672037,-0.1368776213225682,0.0
2021-01-10,BASE,6047.2722977934245,3937.29443053519,2,9984.566728328615,11567.96182672037,-0.1368776213225682,0.0
2021-01-11,BASE,6047.2722977934245,3937.29443053519,2,9984.566728328615,11567.96182672037,-0.1368776213225682,0.0
2021-01-12,BASE,7987.653382662892,2076.789879492352,1,10064.443262155244,11567.96182672037,-0.12997264229314864,0.008000000000000007
2021-01-13,BASE,5990.740036997169,4153.579758984704,2,10144.319795981874,11567.96182672037,-0.1230676632637292,0.007936507936507908
2021-01-14,BASE,6054.641264058471,4049.42075887478,2,10104.06202293325,11567.96182672037,-0.12654777269455675,-0.003968503937008094
2021-01-15,BASE,8027.2721434408995,2076.789879492352,1,10104.062022933253,11567.96182672037,-0.12654777269455664,2.220446049250313e-16
2021-01-16,BASE,8027.2721434408995,2076.789879492352,1,10104.062022933253,11567.96182672037,-0.12654777269455664,0.0
2021-01-17,BASE,8027.2721434408995,2076.789879492352,1,10104.062022933253,11567.96182672037,-0.12654777269455664,0.0
2021-01-18,BASE,8027.2721434408995,2076.789879492352,1,10104.062022933253,11567.96182672037,-0.12654777269455664,0.0
2021-01-19,BASE,7.923752155601051,9935.751302951945,5,9943.675055107546,11567.96182672037,-0.14041252866697307,-0.015873513786997306
2021-01-20,BASE,2036.6609313174856,7866.758262666152,4,9903.419193983638,11567.96182672037,-0.14389247282022244,-0.004048388639090739
2021-01-21,BASE,7938.67883811874,1964.7403558648984,1,9903.419193983638,11567.96182672037,-0.14389247282022244,0.0
2021-01-22,BASE,3961.2724637427145,5862.598602753404,3,9823.871066496118,11567.96182672037,-0.15076906254960543,-0.008032390220929497
2021-01-23,BASE,3961.2724637427145,5862.598602753404,3,9823.871066496118,11567.96182672037,-0.15076906254960543,0.0
2021-01-24,BASE,3961.2724637427145,5862.598602753404,3,9823.871066496118,11567.96182672037,-0.15076906254960543,0.0
2021-01-25,BASE,3945.3289808108852,5838.928408909298,3,9784.257389720184,11567.96182672037,-0.1541934926583245,-0.004032389727816721
2021-01-26,BASE,1940.9093941975634,7725.459618081052,4,9666.369012278616,11567.96182672037,-0.164384430284801,-0.01204878129692577
2021-01-27,BASE,9666.369012278616,0.0,0,9666.369012278616,11567.96182672037,-0.164384430284801,0.0
2021-01-28,BASE,0.0,9705.034488327732,5,9705.034488327732,11567.96182672037,-0.16104196800594006,0.004000000000000226
2021-01-29,BASE,0.0,9741.534697718096,5,9741.534697718096,11567.96182672037,-0.1578866836146955,0.003760956175298702
2021-01-30,BASE,1879.4514597953562,7862.0832379227395,4,9741.534697718096,11567.96182672037,-0.1578866836146955,0.0
2021-01-31,BASE,1879.4514597953562,7862.0832379227395,4,9741.534697718096,11567.96182672037,-0.1578866836146955,0.0
2021-02-01,BASE,0.0,9778.352891983488,5,9778.352891983488,11567.96182672037,-0.15470391081366952,0.0037795065570127573
2021-02-02,BASE,3874.9599752045,5903.392916778987,3,9778.352891983486,11567.96182672037,-0.15470391081366963,-2.220446049250313e-16
2021-02-03,BASE,7832.087489575261,1946.2654024082256,1,9778.352891983486,11567.96182672037,-0.15470391081366963,0.0
2021-02-04,BASE,5891.388183504781,3964.5926807215246,2,9855.980864226305,11567.96182672037,-0.14799331015595407,0.007938757488130666
2021-02-05,BASE,7837.653585913007,2018.3272783132993,1,9855.980864226307,11567.96182672037,-0.14799331015595385,2.220446049250313e-16
2021-02-06,BASE,7837.653585913007,2018.3272783132993,1,9855.980864226307,11567.96182672037,-0.14799331015595385,0.0
2021-02-07,BASE,7837.653585913007,2018.3272783132993,1,9855.980864226307,11567.96182672037,-0.14799331015595385,0.0
2021-02-08,BASE,7837.653585913007,2018.3272783132993,1,9855.980864226307,11567.96182672037,-0.14799331015595385,0.0
2021-02-09,BASE,7837.653585913007,2018.3272783132993,1,9855.980864226307,11567.96182672037,-0.14799331015595385,0.0
2021-02-10,BASE,7837.653585913007,2018.3272783132993,1,9855.980864226307,11567.96182672037,-0.14799331015595385,0.0
2021-02-11,BASE,9855.980864226307,0.0,0,9855.980864226307,11567.96182672037,-0.14799331015595385,0.0
2021-02-12,BASE,9855.980864226307,0.0,0,9855.980864226307,11567.96182672037,-0.14799331015595385,0.0
2021-02-13,BASE,9855.980864226307,0.0,0,9855.980864226307,11567.96182672037,-0.14799331015595385,0.0
2021-02-14,BASE,9855.980864226307,0.0,0,9855.980864226307,11567.96182672037,-0.14799331015595385,0.0
2021-02-15,BASE,9855.980864226307,0.0,0,9855.980864226307,11567.96182672037,-0.14799331015595385,0.0
2021-02-16,BASE,9855.980864226307,0.0,0,9855.980864226307,11567.96182672037,-0.14799331015595385,0.0
2021-02-17,BASE,7884.784691381045,1931.7722493883562,1,9816.556940769402,11567.96182672037,-0.1514013369153301,-0.0040000000000000036
2021-02-18,BASE,7884.784691381045,1931.7722493883562,1,9816.556940769402,11567.96182672037,-0.1514013369153301,0.0
2021-02-19,BASE,9816.556940769402,0.0,0,9816.556940769402,11567.96182672037,-0.1514013369153301,0.0
2021-02-20,BASE,9816.556940769402,0.0,0,9816.556940769402,11567.96182672037,-0.1514013369153301,0.0
2021-02-21,BASE,9816.556940769402,0.0,0,9816.556940769402,11567.96182672037,-0.1514013369153301,0.0
2021-02-22,BASE,5889.934164461642,3848.0903207816054,2,9738.024485243248,11567.96182672037,-0.15819012622000728,-0.007999999999999896
2021-02-23,BASE,0.0,9612.149057906376,5,9612.149057906376,11567.96182672037,-0.1690715095805676,-0.012926176918903853
2021-02-24,BASE,3801.7247590389625,5733.766570119578,3,9535.49132915854,11567.96182672037,-0.17569823690696384,-0.007975087390554081
2021-02-25,BASE,7557.953467682869,1977.537861475671,1,9535.49132915854,11567.96182672037,-0.17569823690696384,0.0
2021-02-26,BASE,0.0,9485.2142809021,5,9485.2142809021,11567.96182672037,-0.18004446911360084,-0.005272622722931719
2021-02-27,BASE,3726.178878974755,5759.035401927345,3,9485.2142809021,11567.96182672037,-0.18004446911360084,0.0
2021-02-28,BASE,3726.178878974755,5759.035401927345,3,9485.2142809021,11567.96182672037,-0.18004446911360084,0.0
2021-03-01,BASE,0.0,9523.844870096369,5,9523.844870096369,11567.96182672037,-0.17670502265164612,0.004072716551280164
2021-03-02,BASE,1977.537861475671,7546.307008620698,4,9523.844870096369,11567.96182672037,-0.17670502265164612,0.0
2021-03-03,BASE,5742.3473296446955,3781.4975404516745,2,9523.84487009637,11567.96182672037,-0.176705022651646,2.220446049250313e-16
2021-03-04,BASE,5667.676393020159,3818.3245367463796,2,9486.000929766538,11567.96182672037,-0.17997646673978418,-0.003973598987175642
2021-03-05,BASE,7588.800743813231,1859.2561822342416,1,9448.056926047473,11567.96182672037,-0.18325656087282494,-0.0039999999999998925
2021-03-06,BASE,9448.056926047473,0.0,0,9448.056926047473,11567.96182672037,-0.18325656087282494,0.0
2021-03-07,BASE,9448.056926047473,0.0,0,9448.056926047473,11567.96182672037,-0.18325656087282494,0.0
2021-03-08,BASE,9448.056926047473,0.0,0,9448.056926047473,11567.96182672037,-0.18325656087282494,0.0
2021-03-09,BASE,9448.056926047473,0.0,0,9448.056926047473,11567.96182672037,-0.18325656087282494,0.0
2021-03-10,BASE,5668.834155628483,3817.01499812318,2,9485.849153751664,11567.96182672037,-0.17998958711631619,0.0040000000000000036
2021-03-11,BASE,5668.834155628483,3817.01499812318,2,9485.849153751664,11567.96182672037,-0.17998958711631619,0.0
2021-03-12,BASE,7634.029996246358,1851.819157505305,1,9485.849153751662,11567.96182672037,-0.1799895871163163,-2.220446049250313e-16
2021-03-13,BASE,7634.029996246358,1851.819157505305,1,9485.849153751662,11567.96182672037,-0.1799895871163163,0.0
2021-03-14,BASE,7634.029996246358,1851.819157505305,1,9485.849153751662,11567.96182672037,-0.1799895871163163,0.0
2021-03-15,BASE,3824.573443664016,5699.37027561347,3,9523.943719277486,11567.96182672037,-0.17669647756975548,0.00401593625498009
2021-03-16,BASE,5744.902351551476,3740.7932145867962,2,9485.695566138273,11567.96182672037,-0.18000286409766275,-0.004015999492079647
2021-03-17,BASE,3832.494694590814,5729.697177825885,3,9562.191872416699,11567.96182672037,-0.17339009104184833,0.008064385552441822
2021-03-18,BASE,5775.500874062847,3863.4932898573925,2,9638.99416392024,11567.96182672037,-0.16675086689381047,0.008031870990278689
2021-03-19,BASE,3817.257835861515,5745.238793079391,3,9562.496628940906,11567.96182672037,-0.17336374616547578,-0.007936257007569614
2021-03-20,BASE,7565.637049848861,1996.859579092045,1,9562.496628940906,11567.96182672037,-0.17336374616547578,0.0
2021-03-21,BASE,7565.637049848861,1996.859579092045,1,9562.496628940906,11567.96182672037,-0.17336374616547578,0.0
2021-03-22,BASE,3771.3593148739146,5790.344023864753,3,9561.703338738667,11567.96182672037,-0.17343232265406738,-8.29584817669815e-05
2021-03-23,BASE,5722.504213785452,3891.786443298706,2,9614.290657084159,11567.96182672037,-0.1688863776437699,0.005499785601215779
2021-03-24,BASE,3817.59344346722,5758.598998210573,3,9576.192441677793,11567.96182672037,-0.17217980270663313,-0.003962665241277419
2021-03-25,BASE,5684.405998379087,3891.786443298706,2,9576.192441677793,11567.96182672037,-0.17217980270663313,0.0
2021-03-26,BASE,5684.405998379087,3891.786443298706,2,9576.192441677793,11567.96182672037,-0.17217980270663313,0.0
2021-03-27,BASE,5684.405998379087,3891.786443298706,2,9576.192441677793,11567.96182672037,-0.17217980270663313,0.0
2021-03-28,BASE,5684.405998379087,3891.786443298706,2,9576.192441677793,11567.96182672037,-0.17217980270663313,0.0
2021-03-29,BASE,7618.694353014071,1957.4980886637218,1,9576.192441677793,11567.96182672037,-0.17217980270663313,0.0
2021-03-30,BASE,7660.953953342234,1924.2463330796181,1,9585.200286421852,11567.96182672037,-0.17140111369650413,0.0009406499293869164
2021-03-31,BASE,7660.953953342234,1924.2463330796181,1,9585.200286421852,11567.96182672037,-0.17140111369650413,0.0
2021-04-01,BASE,7660.953953342234,1924.2463330796181,1,9585.200286421852,11567.96182672037,-0.17140111369650413,0.0
2021-04-02,BASE,7660.953953342234,1924.2463330796181,1,9585.200286421852,11567.96182672037,-0.17140111369650413,0.0
2021-04-03,BASE,7660.953953342234,1924.2463330796181,1,9585.200286421852,11567.96182672037,-0.17140111369650413,0.0
2021-04-04,BASE,7660.953953342234,1924.2463330796181,1,9585.200286421852,11567.96182672037,-0.17140111369650413,0.0
2021-04-05,BASE,7660.953953342234,1924.2463330796181,1,9585.200286421852,11567.96182672037,-0.17140111369650413,0.0
2021-04-06,BASE,7660.953953342234,1924.2463330796181,1,9585.200286421852,11567.96182672037,-0.17140111369650413,0.0
2021-04-07,BASE,9585.200286421852,0.0,0,9585.200286421852,11567.96182672037,-0.17140111369650413,0.0
2021-04-08,BASE,9585.200286421852,0.0,0,9585.200286421852,11567.96182672037,-0.17140111369650413,0.0
2021-04-09,BASE,9585.200286421852,0.0,0,9585.200286421852,11567.96182672037,-0.17140111369650413,0.0
2021-04-10,BASE,9585.200286421852,0.0,0,9585.200286421852,11567.96182672037,-0.17140111369650413,0.0
2021-04-11,BASE,9585.200286421852,0.0,0,9585.200286421852,11567.96182672037,-0.17140111369650413,0.0
2021-04-12,BASE,9585.200286421852,0.0,0,9585.200286421852,11567.96182672037,-0.17140111369650413,0.0
2021-04-13,BASE,9585.200286421852,0.0,0,9585.200286421852,11567.96182672037,-0.17140111369650413,0.0
2021-04-14,BASE,9585.200286421852,0.0,0,9585.200286421852,11567.96182672037,-0.17140111369650413,0.0
2021-04-15,BASE,3834.0801145687415,5636.097768416049,3,9470.17788298479,11567.96182672037,-0.1813443003321461,-0.01200000000000001
2021-04-16,BASE,3803.407473652191,5628.5829713914945,3,9431.990445043686,11567.96182672037,-0.1846454382951791,-0.00403238866396749
2021-04-17,BASE,3803.407473652191,5628.5829713914945,3,9431.990445043686,11567.96182672037,-0.1846454382951791,0.0
2021-04-18,BASE,3803.407473652191,5628.5829713914945,3,9431.990445043686,11567.96182672037,-0.1846454382951791,0.0
2021-04-19,BASE,5682.106729790874,3749.8837152528117,2,9431.990445043686,11567.96182672037,-0.1846454382951791,0.0
2021-04-20,BASE,1871.0924411913788,7447.254028898034,4,9318.346470089413,11567.96182672037,-0.1944694657821796,-0.012048779694639244
2021-04-21,BASE,1848.424868791794,7669.2594360305875,4,9517.684304822382,11567.96182672037,-0.17723757673215468,0.021391975000373264
2021-04-22,BASE,1893.4266574403362,7549.112077042446,4,9442.538734482781,11567.96182672037,-0.1837335845393403,-0.007895362772384229
2021-04-23,BASE,0.0,9481.283574736557,5,9481.283574736557,11567.96182672037,-0.1803842615700787,0.004103222803024886
2021-04-24,BASE,0.0,9481.283574736557,5,9481.283574736557,11567.96182672037,-0.1803842615700787,0.0
2021-04-25,BASE,0.0,9481.283574736557,5,9481.283574736557,11567.96182672037,-0.1803842615700787,0.0
2021-04-26,BASE,60.00071544726711,9383.560965970726,5,9443.561681417994,11567.96182672037,-0.18364515522477864,-0.003978563980416627
2021-04-27,BASE,60.00071544726711,9383.560965970726,5,9443.561681417994,11567.96182672037,-0.18364515522477864,0.0
2021-04-28,BASE,3821.950937794084,5621.610743623909,3,9443.561681417992,11567.96182672037,-0.18364515522477876,-2.220446049250313e-16
2021-04-29,BASE,44.93544400097085,9365.154786838963,5,9410.090230839933,11567.96182672037,-0.18653861658637705,-0.003544367232113377
2021-04-30,BASE,5636.125474287493,3849.2110887642802,2,9485.336563051773,11567.96182672037,-0.18003389835347006,0.007996345451102504
2021-05-01,BASE,5636.125474287493,3849.2110887642802,2,9485.336563051773,11567.96182672037,-0.18003389835347006,0.0
2021-05-02,BASE,5636.125474287493,3849.2110887642802,2,9485.336563051773,11567.96182672037,-0.18003389835347006,0.0
2021-05-03,BASE,3754.9671689914803,5805.6157262721335,3,9560.582895263615,11567.96182672037,-0.17352918012056284,0.007932911153089695
2021-05-04,BASE,0.0,9485.483551883784,5,9485.483551883784,11567.96182672037,-0.18002119180808085,-0.007855100907815493
2021-05-05,BASE,7.729222608225427,9326.055371715176,5,9333.784594323402,11567.96182672037,-0.19313490707034764,-0.015992748996992878
2021-05-06,BASE,5601.130497466014,3735.465774588786,2,9336.596272054801,11567.96182672037,-0.19289184975623164,0.00030123662089964753
2021-05-07,BASE,5601.130497466014,3735.465774588786,2,9336.596272054801,11567.96182672037,-0.19289184975623164,0.0
2021-05-08,BASE,5601.130497466014,3735.465774588786,2,9336.596272054801,11567.96182672037,-0.19289184975623164,0.0
2021-05-09,BASE,5601.130497466014,3735.465774588786,2,9336.596272054801,11567.96182672037,-0.19289184975623164,0.0
2021-05-10,BASE,5601.130497466014,3735.465774588786,2,9336.596272054801,11567.96182672037,-0.19289184975623164,0.0
2021-05-11,BASE,3725.9288898513405,5591.334138927003,3,9317.263028778343,11567.96182672037,-0.19456312457249192,-0.0020706950063080765
2021-05-12,BASE,0.0,9206.156015371569,5,9206.156015371569,11567.96182672037,-0.20416784276495104,-0.011924855299629944
2021-05-13,BASE,0.0,9419.451765910555,5,9419.451765910555,11567.96182672037,-0.1857293525854362,0.023168817710979894
2021-05-14,BASE,1918.8707029636594,7500.581062946895,4,9419.451765910555,11567.96182672037,-0.1857293525854362,0.0
2021-05-15,BASE,1918.8707029636594,7500.581062946895,4,9419.451765910555,11567.96182672037,-0.1857293525854362,0.0
2021-05-16,BASE,1918.8707029636594,7500.581062946895,4,9419.451765910555,11567.96182672037,-0.1857293525854362,0.0
2021-05-17,BASE,3837.7414059273187,5581.710359983235,3,9419.451765910555,11567.96182672037,-0.1857293525854362,0.0
2021-05-18,BASE,3844.310769515862,5537.577207387152,3,9381.887976903014,11567.96182672037,-0.18897657880991892,-0.003987895467917446
2021-05-19,BASE,5643.800991240025,3743.4714697691006,2,9387.272461009125,11567.96182672037,-0.18851111357180994,0.0005739232998056565
2021-05-20,BASE,3765.8932531311,5604.919595065665,3,9370.812848196765,11567.96182672037,-0.1899339755295958,-0.0017533967274014906
2021-05-21,BASE,3765.8932531311,5604.919595065665,3,9370.812848196765,11567.96182672037,-0.1899339755295958,0.0
2021-05-22,BASE,3765.8932531311,5604.919595065665,3,9370.812848196765,11567.96182672037,-0.1899339755295958,0.0
2021-05-23,BASE,3765.8932531311,5604.919595065665,3,9370.812848196765,11567.96182672037,-0.1899339755295958,0.0
2021-05-24,BASE,3765.8932531311,5604.919595065665,3,9370.812848196765,11567.96182672037,-0.1899339755295958,0.0
2021-05-25,BASE,3765.8932531311,5604.919595065665,3,9370.812848196765,11567.96182672037,-0.1899339755295958,0.0
2021-05-26,BASE,5634.517270247919,3736.2955779488466,2,9370.812848196765,11567.96182672037,-0.1899339755295958,0.0
2021-05-27,BASE,9370.812848196765,0.0,0,9370.812848196765,11567.96182672037,-0.1899339755295958,0.0
2021-05-28,BASE,7496.650278557412,1836.679318246566,1,9333.329596803978,11567.96182672037,-0.19317423962747737,-0.0040000000000000036
2021-05-29,BASE,7496.650278557412,1836.679318246566,1,9333.329596803978,11567.96182672037,-0.19317423962747737,0.0
2021-05-30,BASE,7496.650278557412,1836.679318246566,1,9333.329596803978,11567.96182672037,-0.19317423962747737,0.0
2021-05-31,BASE,7496.650278557412,1836.679318246566,1,9333.329596803978,11567.96182672037,-0.19317423962747737,0.0
2021-06-01,BASE,3748.325139278706,5546.38640773005,3,9294.711547008756,11567.96182672037,-0.19651260211290844,-0.004137649848822145
2021-06-02,BASE,3718.3385381644766,5579.647329830024,3,9297.985867994501,11567.96182672037,-0.19622955130112396,0.0003522778484501554
2021-06-03,BASE,5555.017856411043,3742.968011583458,2,9297.985867994501,11567.96182672037,-0.19622955130112396,0.0
2021-06-04,BASE,5555.017856411043,3742.968011583458,2,9297.985867994501,11567.96182672037,-0.19622955130112396,0.0
2021-06-05,BASE,5555.017856411043,3742.968011583458,2,9297.985867994501,11567.96182672037,-0.19622955130112396,0.0
2021-06-06,BASE,5555.017856411043,3742.968011583458,2,9297.985867994501,11567.96182672037,-0.19622955130112396,0.0
2021-06-07,BASE,5555.017856411043,3742.968011583458,2,9297.985867994501,11567.96182672037,-0.19622955130112396,0.0
2021-06-08,BASE,5569.10331824621,3739.566501124622,2,9308.669819370833,11567.96182672037,-0.19530597016069762,0.0011490608318849294
2021-06-09,BASE,7439.04355859275,1869.626260778082,1,9308.669819370833,11567.96182672037,-0.19530597016069762,0.0
2021-06-10,BASE,7439.04355859275,1869.626260778082,1,9308.669819370833,11567.96182672037,-0.19530597016069762,0.0
2021-06-11,BASE,3719.8492113949487,5514.436721031927,3,9234.285932426876,11567.96182672037,-0.20173613375028865,-0.00799081806394808
2021-06-12,BASE,3719.8492113949487,5514.436721031927,3,9234.285932426876,11567.96182672037,-0.20173613375028865,0.0
2021-06-13,BASE,3719.8492113949487,5514.436721031927,3,9234.285932426876,11567.96182672037,-0.20173613375028865,0.0
2021-06-14,BASE,3719.8492113949487,5514.436721031927,3,9234.285932426876,11567.96182672037,-0.20173613375028865,0.0
2021-06-15,BASE,7411.880702299953,1822.405230126922,1,9234.285932426876,11567.96182672037,-0.20173613375028865,0.0
2021-06-16,BASE,9234.285932426876,0.0,0,9234.285932426876,11567.96182672037,-0.20173613375028865,0.0
2021-06-17,BASE,9234.285932426876,0.0,0,9234.285932426876,11567.96182672037,-0.20173613375028865,0.0
2021-06-18,BASE,0.0,9271.223076156584,5,9271.223076156584,11567.96182672037,-0.19854307828528972,0.004000000000000226
2021-06-19,BASE,5429.760128267004,3841.4629478895804,2,9271.223076156584,11567.96182672037,-0.19854307828528972,0.0
2021-06-20,BASE,5429.760128267004,3841.4629478895804,2,9271.223076156584,11567.96182672037,-0.19854307828528972,0.0
2021-06-21,BASE,0.0,9459.820995137798,5,9459.820995137798,11567.96182672037,-0.18223960825260177,0.020342291133760293
2021-06-22,BASE,1957.1958222347566,7577.381223857571,4,9534.577046092327,11567.96182672037,-0.17577727270254373,0.007902480500735942
2021-06-23,BASE,1957.1958222347566,7577.381223857571,4,9534.577046092327,11567.96182672037,-0.17577727270254373,0.0
2021-06-24,BASE,5813.901695101564,3720.675350990764,2,9534.577046092327,11567.96182672037,-0.17577727270254373,0.0
2021-06-25,BASE,5813.901695101564,3720.675350990764,2,9534.577046092327,11567.96182672037,-0.17577727270254373,0.0
2021-06-26,BASE,5813.901695101564,3720.675350990764,2,9534.577046092327,11567.96182672037,-0.17577727270254373,0.0
2021-06-27,BASE,5813.901695101564,3720.675350990764,2,9534.577046092327,11567.96182672037,-0.17577727270254373,0.0
2021-06-28,BASE,9534.577046092327,0.0,0,9534.577046092327,11567.96182672037,-0.17577727270254373,0.0
2021-06-29,BASE,7627.661636873861,1868.777101034096,1,9496.438737907958,11567.96182672037,-0.17907416361173356,-0.0039999999999998925
2021-06-30,BASE,9496.438737907958,0.0,0,9496.438737907958,11567.96182672037,-0.17907416361173356,0.0
2021-07-01,BASE,9496.438737907958,0.0,0,9496.438737907958,11567.96182672037,-0.17907416361173356,0.0
2021-07-02,BASE,9496.438737907958,0.0,0,9496.438737907958,11567.96182672037,-0.17907416361173356,0.0
2021-07-03,BASE,9496.438737907958,0.0,0,9496.438737907958,11567.96182672037,-0.17907416361173356,0.0
2021-07-04,BASE,9496.438737907958,0.0,0,9496.438737907958,11567.96182672037,-0.17907416361173356,0.0
2021-07-05,BASE,9496.438737907958,0.0,0,9496.438737907958,11567.96182672037,-0.17907416361173356,0.0
2021-07-06,BASE,9496.438737907958,0.0,0,9496.438737907958,11567.96182672037,-0.17907416361173356,0.0
2021-07-07,BASE,7597.150990326367,1861.3019926299598,1,9458.452982956327,11567.96182672037,-0.1823578669572865,-0.0039999999999998925
2021-07-08,BASE,9458.452982956327,0.0,0,9458.452982956327,11567.96182672037,-0.1823578669572865,0.0
2021-07-09,BASE,5675.071789773796,3707.713569318881,2,9382.785359092677,11567.96182672037,-0.18889900402162818,-0.007999999999999896
2021-07-10,BASE,5675.071789773796,3707.713569318881,2,9382.785359092677,11567.96182672037,-0.18889900402162818,0.0
2021-07-11,BASE,5675.071789773796,3707.713569318881,2,9382.785359092677,11567.96182672037,-0.18889900402162818,0.0
2021-07-12,BASE,5675.071789773796,3707.713569318881,2,9382.785359092677,11567.96182672037,-0.18889900402162818,0.0
2021-07-13,BASE,5675.071789773796,3707.713569318881,2,9382.785359092677,11567.96182672037,-0.18889900402162818,0.0
2021-07-14,BASE,7528.9285744332365,1853.8567846594403,1,9382.785359092677,11567.96182672037,-0.18889900402162818,0.0
2021-07-15,BASE,7506.228287274142,1839.025930382165,1,9345.254217656307,11567.96182672037,-0.19214340800554164,-0.0039999999999998925
2021-07-16,BASE,1876.5570718185354,7693.883994455995,4,9570.44106627453,11567.96182672037,-0.17267698410206078,0.02409638554216853
2021-07-17,BASE,1876.5570718185354,7693.883994455995,4,9570.44106627453,11567.96182672037,-0.17267698410206078,0.0
2021-07-18,BASE,1876.5570718185354,7693.883994455995,4,9570.44106627453,11567.96182672037,-0.17267698410206078,0.0
2021-07-19,BASE,3715.5830022007003,5854.858064073831,3,9570.441066274532,11567.96182672037,-0.17267698410206067,2.220446049250313e-16
2021-07-20,BASE,0.0,9719.06438636256,5,9719.06438636256,11567.96182672037,-0.15982914432576334,0.015529411764705792
2021-07-21,BASE,1951.6193546912768,7767.445031671282,4,9719.06438636256,11567.96182672037,-0.15982914432576334,0.0
2021-07-22,BASE,2004.1629527021958,7729.938875734438,4,9734.101828436633,11567.96182672037,-0.15852922284440607,0.0015472108709531085
2021-07-23,BASE,3955.7823073934724,5778.31952104316,3,9734.101828436633,11567.96182672037,-0.15852922284440607,0.0
2021-07-24,BASE,3955.7823073934724,5778.31952104316,3,9734.101828436633,11567.96182672037,-0.15852922284440607,0.0
2021-07-25,BASE,3955.7823073934724,5778.31952104316,3,9734.101828436633,11567.96182672037,-0.15852922284440607,0.0
2021-07-26,BASE,7819.988629682201,1914.1131987544322,1,9734.101828436633,11567.96182672037,-0.15852922284440607,0.0
2021-07-27,BASE,7819.988629682201,1914.1131987544322,1,9734.101828436633,11567.96182672037,-0.15852922284440607,0.0
2021-07-28,BASE,5876.175752409688,3820.087537343059,2,9696.263289752747,11567.96182672037,-0.16180019998373962,-0.003887214182755505
2021-07-29,BASE,7790.288951164121,1905.974338588627,1,9696.263289752747,11567.96182672037,-0.16180019998373962,0.0
2021-07-30,BASE,7790.288951164121,1905.974338588627,1,9696.263289752747,11567.96182672037,-0.16180019998373962,0.0
2021-07-31,BASE,7790.288951164121,1905.974338588627,1,9696.263289752747,11567.96182672037,-0.16180019998373962,0.0
2021-08-01,BASE,7790.288951164121,1905.974338588627,1,9696.263289752747,11567.96182672037,-0.16180019998373962,0.0
2021-08-02,BASE,5843.468585476794,3813.858296962207,2,9657.326882439002,11567.96182672037,-0.16516608309236203,-0.004015609534334219
2021-08-03,BASE,1949.827854102141,7629.626213709367,4,9579.454067811508,11567.96182672037,-0.17189784930960672,-0.008063599335039418
2021-08-04,BASE,7671.570109437927,1907.88395837358,1,9579.454067811508,11567.96182672037,-0.17189784930960672,0.0
2021-08-05,BASE,9579.454067811508,0.0,0,9579.454067811508,11567.96182672037,-0.17189784930960672,0.0
2021-08-06,BASE,7663.563254249207,1905.0092752968621,1,9568.572529546069,11567.96182672037,-0.1728385109774474,-0.0011359246767519426
2021-08-07,BASE,7663.563254249207,1905.0092752968621,1,9568.572529546069,11567.96182672037,-0.1728385109774474,0.0
2021-08-08,BASE,7663.563254249207,1905.0092752968621,1,9568.572529546069,11567.96182672037,-0.1728385109774474,0.0
2021-08-09,BASE,7663.563254249207,1905.0092752968621,1,9568.572529546069,11567.96182672037,-0.1728385109774474,0.0
2021-08-10,BASE,5747.672440686905,3782.582272587918,2,9530.254713274822,11567.96182672037,-0.176150919580209,-0.00400454886587609
2021-08-11,BASE,7625.245437977961,1905.0092752968621,1,9530.254713274822,11567.96182672037,-0.176150919580209,0.0
2021-08-12,BASE,5717.018187669908,3889.565615617237,2,9606.583803287145,11567.96182672037,-0.16955260164350783,0.008009134310545063
2021-08-13,BASE,9606.583803287145,0.0,0,9606.583803287145,11567.96182672037,-0.16955260164350783,0.0
2021-08-14,BASE,9606.583803287145,0.0,0,9606.583803287145,11567.96182672037,-0.16955260164350783,0.0
2021-08-15,BASE,9606.583803287145,0.0,0,9606.583803287145,11567.96182672037,-0.16955260164350783,0.0
2021-08-16,BASE,9606.583803287145,0.0,0,9606.583803287145,11567.96182672037,-0.16955260164350783,0.0
2021-08-17,BASE,9606.583803287145,0.0,0,9606.583803287145,11567.96182672037,-0.16955260164350783,0.0
2021-08-18,BASE,7685.267042629716,1998.1694310837263,1,9683.436473713442,11567.96182672037,-0.16290902245665595,0.008000000000000007
2021-08-19,BASE,3842.6335213148586,5994.508293251179,3,9837.141814566037,11567.96182672037,-0.14962186408295197,0.01587301587301604
2021-08-20,BASE,3842.6335213148586,5994.508293251179,3,9837.141814566037,11567.96182672037,-0.14962186408295197,0.0
2021-08-21,BASE,3842.6335213148586,5994.508293251179,3,9837.141814566037,11567.96182672037,-0.14962186408295197,0.0
2021-08-22,BASE,3842.6335213148586,5994.508293251179,3,9837.141814566037,11567.96182672037,-0.14962186408295197,0.0
2021-08-23,BASE,7838.972383482312,1998.1694310837263,1,9837.141814566037,11567.96182672037,-0.14962186408295197,0.0
2021-08-24,BASE,7869.7134516528295,1970.7983030258097,1,9840.511754678639,11567.96182672037,-0.14933054741342278,0.00034257309451524165
2021-08-25,BASE,5902.285088739622,3898.878098680753,2,9801.163187420374,11567.96182672037,-0.15273205995709105,-0.0039986301768865085
2021-08-26,BASE,7830.364884394565,1970.7983030258097,1,9801.163187420374,11567.96182672037,-0.15273205995709105,0.0
2021-08-27,BASE,7830.364884394565,1970.7983030258097,1,9801.163187420374,11567.96182672037,-0.15273205995709105,0.0
2021-08-28,BASE,7830.364884394565,1970.7983030258097,1,9801.163187420374,11567.96182672037,-0.15273205995709105,0.0
2021-08-29,BASE,7830.364884394565,1970.7983030258097,1,9801.163187420374,11567.96182672037,-0.15273205995709105,0.0
2021-08-30,BASE,7830.364884394565,1970.7983030258097,1,9801.163187420374,11567.96182672037,-0.15273205995709105,0.0
2021-08-31,BASE,9801.163187420374,0.0,0,9801.163187420374,11567.96182672037,-0.15273205995709105,0.0
2021-09-01,BASE,9801.163187420374,0.0,0,9801.163187420374,11567.96182672037,-0.15273205995709105,0.0
2021-09-02,BASE,9801.163187420374,0.0,0,9801.163187420374,11567.96182672037,-0.15273205995709105,0.0
2021-09-03,BASE,9801.163187420374,0.0,0,9801.163187420374,11567.96182672037,-0.15273205995709105,0.0
2021-09-04,BASE,9801.163187420374,0.0,0,9801.163187420374,11567.96182672037,-0.15273205995709105,0.0
2021-09-05,BASE,9801.163187420374,0.0,0,9801.163187420374,11567.96182672037,-0.15273205995709105,0.0
2021-09-06,BASE,9801.163187420374,0.0,0,9801.163187420374,11567.96182672037,-0.15273205995709105,0.0
2021-09-07,BASE,9801.163187420374,0.0,0,9801.163187420374,11567.96182672037,-0.15273205995709105,0.0
2021-09-08,BASE,9801.163187420374,0.0,0,9801.163187420374,11567.96182672037,-0.15273205995709105,0.0
2021-09-09,BASE,9801.163187420374,0.0,0,9801.163187420374,11567.96182672037,-0.15273205995709105,0.0
2021-09-10,BASE,7840.930549936299,1921.0279847343934,1,9761.958534670692,11567.96182672037,-0.15612113171726272,-0.004000000000000115
2021-09-11,BASE,7840.930549936299,1921.0279847343934,1,9761.958534670692,11567.96182672037,-0.15612113171726272,0.0
2021-09-12,BASE,7840.930549936299,1921.0279847343934,1,9761.958534670692,11567.96182672037,-0.15612113171726272,0.0
2021-09-13,BASE,5880.697912452224,3842.0559694687868,2,9722.753881921011,11567.96182672037,-0.15951020347743428,-0.004016064257028051
2021-09-14,BASE,7778.203105536809,1905.6597608565185,1,9683.862866393327,11567.96182672037,-0.16287216266352456,-0.0040000000000000036
2021-09-15,BASE,3889.101552768404,5716.979282569555,3,9606.080835337958,11567.96182672037,-0.16959608103570512,-0.008032128514056325
2021-09-16,BASE,3889.101552768404,5716.979282569555,3,9606.080835337958,11567.96182672037,-0.16959608103570512,0.0
2021-09-17,BASE,3889.101552768404,5716.979282569555,3,9606.080835337958,11567.96182672037,-0.16959608103570512,0.0
2021-09-18,BASE,3889.101552768404,5716.979282569555,3,9606.080835337958,11567.96182672037,-0.16959608103570512,0.0
2021-09-19,BASE,3889.101552768404,5716.979282569555,3,9606.080835337958,11567.96182672037,-0.16959608103570512,0.0
2021-09-20,BASE,5763.648501202775,3765.5836874524803,2,9529.232188655256,11567.96182672037,-0.1762393123874193,-0.007999999999999785
2021-09-21,BASE,0.0,9519.808470361535,5,9519.808470361535,11567.96182672037,-0.1770539518576114,-0.0009889273455777614
2021-09-22,BASE,5733.06273982306,3786.745730538475,2,9519.808470361535,11567.96182672037,-0.1770539518576114,0.0
2021-09-23,BASE,5733.06273982306,3786.745730538475,2,9519.808470361535,11567.96182672037,-0.1770539518576114,0.0
2021-09-24,BASE,5733.06273982306,3786.745730538475,2,9519.808470361535,11567.96182672037,-0.1770539518576114,0.0
2021-09-25,BASE,5733.06273982306,3786.745730538475,2,9519.808470361535,11567.96182672037,-0.1770539518576114,0.0
2021-09-26,BASE,5733.06273982306,3786.745730538475,2,9519.808470361535,11567.96182672037,-0.1770539518576114,0.0
2021-09-27,BASE,7615.8545835493005,1903.953886812235,1,9519.808470361535,11567.96182672037,-0.1770539518576114,0.0
2021-09-28,BASE,9519.808470361535,0.0,0,9519.808470361535,11567.96182672037,-0.1770539518576114,0.0
2021-09-29,BASE,0.0,9329.412300954304,5,9329.412300954304,11567.96182672037,-0.19351287282045926,-0.020000000000000018
2021-09-30,BASE,0.0,9329.412300954304,5,9329.412300954304,11567.96182672037,-0.19351287282045926,0.0
2021-10-01,BASE,5590.031533796293,3761.727670383222,2,9351.759204179514,11567.96182672037,-0.19158108020565368,0.0023953173580852916
2021-10-02,BASE,5590.031533796293,3761.727670383222,2,9351.759204179514,11567.96182672037,-0.19158108020565368,0.0
2021-10-03,BASE,5590.031533796293,3761.727670383222,2,9351.759204179514,11567.96182672037,-0.19158108020565368,0.0
2021-10-04,BASE,7455.913993987154,1895.8452101923613,1,9351.759204179514,11567.96182672037,-0.19158108020565368,0.0
2021-10-05,BASE,7455.913993987154,1895.8452101923613,1,9351.759204179514,11567.96182672037,-0.19158108020565368,0.0
2021-10-06,BASE,7455.913993987154,1895.8452101923613,1,9351.759204179514,11567.96182672037,-0.19158108020565368,0.0
2021-10-07,BASE,7455.913993987154,1895.8452101923613,1,9351.759204179514,11567.96182672037,-0.19158108020565368,0.0
2021-10-08,BASE,9351.759204179514,0.0,0,9351.759204179514,11567.96182672037,-0.19158108020565368,0.0
2021-10-09,BASE,9351.759204179514,0.0,0,9351.759204179514,11567.96182672037,-0.19158108020565368,0.0
2021-10-10,BASE,9351.759204179514,0.0,0,9351.759204179514,11567.96182672037,-0.19158108020565368,0.0
2021-10-11,BASE,9351.759204179514,0.0,0,9351.759204179514,11567.96182672037,-0.19158108020565368,0.0
2021-10-12,BASE,7481.407363343611,1832.9448040191849,1,9314.352167362797,11567.96182672037,-0.194814755884831,-0.0040000000000000036
2021-10-13,BASE,9314.352167362797,0.0,0,9314.352167362797,11567.96182672037,-0.194814755884831,0.0
2021-10-14,BASE,7451.481733890238,1937.385250811462,1,9388.866984701699,11567.96182672037,-0.18837327393190972,0.008000000000000007
2021-10-15,BASE,7451.481733890238,1937.385250811462,1,9388.866984701699,11567.96182672037,-0.18837327393190972,0.0
2021-10-16,BASE,7451.481733890238,1937.385250811462,1,9388.866984701699,11567.96182672037,-0.18837327393190972,0.0
2021-10-17,BASE,7451.481733890238,1937.385250811462,1,9388.866984701699,11567.96182672037,-0.18837327393190972,0.0
2021-10-18,BASE,9388.866984701699,0.0,0,9388.866984701699,11567.96182672037,-0.18837327393190972,0.0
2021-10-19,BASE,9388.866984701699,0.0,0,9388.866984701699,11567.96182672037,-0.18837327393190972,0.0
2021-10-20,BASE,9388.866984701699,0.0,0,9388.866984701699,11567.96182672037,-0.18837327393190972,0.0
2021-10-21,BASE,7511.093587761359,1952.8843328179535,1,9463.977920579313,11567.96182672037,-0.1818802601233649,0.008000000000000007
2021-10-22,BASE,9463.977920579313,0.0,0,9463.977920579313,11567.96182672037,-0.1818802601233649,0.0
2021-10-23,BASE,9463.977920579313,0.0,0,9463.977920579313,11567.96182672037,-0.1818802601233649,0.0
2021-10-24,BASE,9463.977920579313,0.0,0,9463.977920579313,11567.96182672037,-0.1818802601233649,0.0
2021-10-25,BASE,9463.977920579313,0.0,0,9463.977920579313,11567.96182672037,-0.1818802601233649,0.0
2021-10-26,BASE,9463.977920579313,0.0,0,9463.977920579313,11567.96182672037,-0.1818802601233649,0.0
2021-10-27,BASE,9463.977920579313,0.0,0,9463.977920579313,11567.96182672037,-0.1818802601233649,0.0
2021-10-28,BASE,1892.7955841158619,7659.856041831947,4,9552.651625947808,11567.96182672037,-0.17421480386609478,0.009369601885447665
2021-10-29,BASE,1892.7955841158619,7659.856041831947,4,9552.651625947808,11567.96182672037,-0.17421480386609478,0.0
2021-10-30,BASE,1892.7955841158619,7659.856041831947,4,9552.651625947808,11567.96182672037,-0.17421480386609478,0.0
2021-10-31,BASE,1892.7955841158619,7659.856041831947,4,9552.651625947808,11567.96182672037,-0.17421480386609478,0.0
2021-11-01,BASE,0.0,9514.79571426549,5,9514.79571426549,11567.96182672037,-0.17748728282560144,-0.003962869490549692
2021-11-02,BASE,0.0,9663.190888060175,5,9663.190888060175,11567.96182672037,-0.16465916530433566,0.01559625432337941
2021-11-03,BASE,13.204141994791826,9725.679187203237,5,9738.88332919803,11567.96182672037,-0.1581158828945497,0.007833069015678928
2021-11-04,BASE,5818.120511393193,3920.7628178048353,2,9738.883329198028,11567.96182672037,-0.15811588289454992,-2.220446049250313e-16
2021-11-05,BASE,1987.857660725188,7635.060342067796,4,9622.918002792983,11567.96182672037,-0.16814058112074748,-0.011907456171835529
2021-11-06,BASE,3881.957992007569,5740.960010785415,3,9622.918002792983,11567.96182672037,-0.16814058112074748,0.0
2021-11-07,BASE,3881.957992007569,5740.960010785415,3,9622.918002792983,11567.96182672037,-0.16814058112074748,0.0
2021-11-08,BASE,1954.6260520696833,7707.092863604887,4,9661.71891567457,11567.96182672037,-0.16478641091662716,0.004032135872957143
2021-11-09,BASE,3810.42460986757,5824.767549333053,3,9635.192159200622,11567.96182672037,-0.16707953366990902,-0.0027455524948994947
2021-11-10,BASE,5688.911559490204,3946.280599710418,2,9635.192159200622,11567.96182672037,-0.16707953366990902,0.0
2021-11-11,BASE,0.0,9740.295195104392,5,9740.295195104392,11567.96182672037,-0.15799383322603322,0.010908244917918752
2021-11-12,BASE,2017.6474698424404,7722.647725261952,4,9740.295195104392,11567.96182672037,-0.15799383322603322,0.0
2021-11-13,BASE,2017.6474698424404,7722.647725261952,4,9740.295195104392,11567.96182672037,-0.15799383322603322,0.0
2021-11-14,BASE,2017.6474698424404,7722.647725261952,4,9740.295195104392,11567.96182672037,-0.15799383322603322,0.0
2021-11-15,BASE,2017.6474698424404,7722.647725261952,4,9740.295195104392,11567.96182672037,-0.15799383322603322,0.0
2021-11-16,BASE,3946.280599710418,5794.014595393974,3,9740.29519510439,11567.96182672037,-0.15799383322603344,-2.220446049250313e-16
2021-11-17,BASE,2019.2421678702933,7682.512258597296,4,9701.754426467589,11567.96182672037,-0.16132551509135373,-0.003956837843700378
2021-11-18,BASE,5821.052655880554,3803.087735175295,2,9624.14039105585,11567.96182672037,-0.16803491097062284,-0.007999999999999896
2021-11-19,BASE,9624.14039105585,0.0,0,9624.14039105585,11567.96182672037,-0.16803491097062284,0.0
2021-11-20,BASE,9624.14039105585,0.0,0,9624.14039105585,11567.96182672037,-0.16803491097062284,0.0
2021-11-21,BASE,9624.14039105585,0.0,0,9624.14039105585,11567.96182672037,-0.16803491097062284,0.0
2021-11-22,BASE,3849.6561564223402,5819.066011489169,3,9668.72216791151,11567.96182672037,-0.16418101021235065,0.0046322866296810705
2021-11-23,BASE,30.79724925137816,9568.534693829992,5,9599.33194308137,11567.96182672037,-0.1701794934256906,-0.00717677306525899
2021-11-24,BASE,1932.2194180315005,7667.11252504987,4,9599.33194308137,11567.96182672037,-0.1701794934256906,0.0
2021-11-25,BASE,1932.2194180315005,7667.11252504987,4,9599.33194308137,11567.96182672037,-0.1701794934256906,0.0
2021-11-26,BASE,5719.973103458569,3879.3588396228015,2,9599.331943081372,11567.96182672037,-0.1701794934256905,2.220446049250313e-16
2021-11-27,BASE,5719.973103458569,3879.3588396228015,2,9599.331943081372,11567.96182672037,-0.1701794934256905,0.0
2021-11-28,BASE,5719.973103458569,3879.3588396228015,2,9599.331943081372,11567.96182672037,-0.1701794934256905,0.0
2021-11-29,BASE,0.0,9599.952815626279,5,9599.952815626279,11567.96182672037,-0.17012582169386714,6.467872437254663e-05
2021-11-30,BASE,1851.7999698219546,7786.213060801392,4,9638.013030623348,11567.96182672037,-0.16683568160115392,0.0039646252151486205
2021-12-01,BASE,0.0,9599.862479700994,5,9599.862479700994,11567.96182672037,-0.17013363084180844,-0.003958341911464047
2021-12-02,BASE,3748.042460558539,5851.820019142455,3,9599.862479700994,11567.96182672037,-0.17013363084180844,0.0
2021-12-03,BASE,7611.105255731158,1988.757223969837,1,9599.862479700994,11567.96182672037,-0.17013363084180844,0.0
2021-12-04,BASE,7611.105255731158,1988.757223969837,1,9599.862479700994,11567.96182672037,-0.17013363084180844,0.0
2021-12-05,BASE,7611.105255731158,1988.757223969837,1,9599.862479700994,11567.96182672037,-0.17013363084180844,0.0
2021-12-06,BASE,7611.105255731158,1988.757223969837,1,9599.862479700994,11567.96182672037,-0.17013363084180844,0.0
2021-12-07,BASE,5759.917487820596,3878.3444417992023,2,9638.261929619799,11567.96182672037,-0.16681416536517557,0.0040000000000000036
2021-12-08,BASE,9638.261929619799,0.0,0,9638.261929619799,11567.96182672037,-0.16681416536517557,0.0
2021-12-09,BASE,7710.609543695839,2004.7584813609183,1,9715.368025056758,11567.96182672037,-0.160148678688097,0.008000000000000007
2021-12-10,BASE,9715.368025056758,0.0,0,9715.368025056758,11567.96182672037,-0.160148678688097,0.0
2021-12-11,BASE,9715.368025056758,0.0,0,9715.368025056758,11567.96182672037,-0.160148678688097,0.0
2021-12-12,BASE,9715.368025056758,0.0,0,9715.368025056758,11567.96182672037,-0.160148678688097,0.0
2021-12-13,BASE,9715.368025056758,0.0,0,9715.368025056758,11567.96182672037,-0.160148678688097,0.0
2021-12-14,BASE,7772.294420045406,1904.2121329111246,1,9676.50655295653,11567.96182672037,-0.1635080839733446,-0.0040000000000000036
2021-12-15,BASE,3886.147210022702,5763.805952264825,3,9649.953162287526,11567.96182672037,-0.16580350913697806,-0.0027441092013616997
2021-12-16,BASE,5790.359342933827,3859.5938193537,2,9649.953162287527,11567.96182672037,-0.16580350913697783,2.220446049250313e-16
2021-12-17,BASE,0.0,9843.016955681456,5,9843.016955681456,11567.96182672037,-0.1491139836798676,0.0200067078199333
2021-12-18,BASE,1873.7447387845457,7969.27221689691,4,9843.016955681456,11567.96182672037,-0.1491139836798676,0.0
2021-12-19,BASE,1873.7447387845457,7969.27221689691,4,9843.016955681456,11567.96182672037,-0.1491139836798676,0.0
2021-12-20,BASE,7.772294420044545,9924.74146616872,5,9932.513760588765,11567.96182672037,-0.14137737404647632,0.009092416005201498
2021-12-21,BASE,7.772294420044545,9924.74146616872,5,9932.513760588765,11567.96182672037,-0.14137737404647632,0.0
2021-12-22,BASE,25.391053985068993,9868.367448066145,5,9893.758502051214,11567.96182672037,-0.14472759763106935,-0.0039018580262458746
2021-12-23,BASE,4034.651407621292,5859.107094429921,3,9893.758502051212,11567.96182672037,-0.14472759763106946,-2.220446049250313e-16
2021-12-24,BASE,4034.651407621292,5859.107094429921,3,9893.758502051212,11567.96182672037,-0.14472759763106946,0.0
2021-12-25,BASE,4034.651407621292,5859.107094429921,3,9893.758502051212,11567.96182672037,-0.14472759763106946,0.0
2021-12-26,BASE,4034.651407621292,5859.107094429921,3,9893.758502051212,11567.96182672037,-0.14472759763106946,0.0
2021-12-27,BASE,4034.651407621292,5859.107094429921,3,9893.758502051212,11567.96182672037,-0.14472759763106946,0.0
2021-12-28,BASE,9893.758502051214,0.0,0,9893.758502051214,11567.96182672037,-0.14472759763106935,2.220446049250313e-16
2021-12-29,BASE,9893.758502051214,0.0,0,9893.758502051214,11567.96182672037,-0.14472759763106935,0.0
2021-12-30,BASE,9893.758502051214,0.0,0,9893.758502051214,11567.96182672037,-0.14472759763106935,0.0
2021-12-31,BASE,9893.758502051214,0.0,0,9893.758502051214,11567.96182672037,-0.14472759763106935,0.0
2022-01-01,BASE,9893.758502051214,0.0,0,9893.758502051214,11567.96182672037,-0.14472759763106935,0.0
2022-01-02,BASE,9893.758502051214,0.0,0,9893.758502051214,11567.96182672037,-0.14472759763106935,0.0
2022-01-03,BASE,9893.758502051214,0.0,0,9893.758502051214,11567.96182672037,-0.14472759763106935,0.0
2022-01-04,BASE,5936.2551012307285,3878.3533328040758,2,9814.608434034804,11567.96182672037,-0.15156977685002082,-0.008000000000000007
2022-01-05,BASE,1962.921686806961,7694.653012283286,4,9657.574699090248,11567.96182672037,-0.16514466042042042,-0.015999999999999903
2022-01-06,BASE,1931.5149398180497,7571.538564086755,4,9503.053503904805,11567.96182672037,-0.17850234585369362,-0.015999999999999903
2022-01-07,BASE,9503.053503904805,0.0,0,9503.053503904805,11567.96182672037,-0.17850234585369362,0.0
2022-01-08,BASE,9503.053503904805,0.0,0,9503.053503904805,11567.96182672037,-0.17850234585369362,0.0
2022-01-09,BASE,9503.053503904805,0.0,0,9503.053503904805,11567.96182672037,-0.17850234585369362,0.0
2022-01-10,BASE,7602.442803123844,1862.5984867653417,1,9465.041289889186,11567.96182672037,-0.1817883364702788,-0.0039999999999998925
2022-01-11,BASE,5679.024773933512,3823.8766811152313,2,9502.901455048743,11567.96182672037,-0.17851548981615994,0.0040000000000000036
2022-01-12,BASE,5679.024773933512,3823.8766811152313,2,9502.901455048743,11567.96182672037,-0.17851548981615994,0.0
2022-01-13,BASE,5739.601038188803,3725.137370379108,2,9464.738408567911,11567.96182672037,-0.18181451924351155,-0.004015936254979868
2022-01-14,BASE,9464.738408567911,0.0,0,9464.738408567911,11567.96182672037,-0.18181451924351155,0.0
2022-01-15,BASE,9464.738408567911,0.0,0,9464.738408567911,11567.96182672037,-0.18181451924351155,0.0
2022-01-16,BASE,9464.738408567911,0.0,0,9464.738408567911,11567.96182672037,-0.18181451924351155,0.0
2022-01-17,BASE,9464.738408567911,0.0,0,9464.738408567911,11567.96182672037,-0.18181451924351155,0.0
2022-01-18,BASE,9464.738408567911,0.0,0,9464.738408567911,11567.96182672037,-0.18181451924351155,0.0
2022-01-19,BASE,5678.843045140748,3749.3368812858125,2,9428.179926426561,11567.96182672037,-0.18497484106069684,-0.003862598263493
2022-01-20,BASE,1877.8041002598732,7437.253272707482,4,9315.057372967356,11567.96182672037,-0.19475379392669845,-0.01199834478573425
2022-01-21,BASE,5558.057839465966,3719.744505895492,2,9277.802345361459,11567.96182672037,-0.19797432907056833,-0.003999441561574613
2022-01-22,BASE,7383.554192154956,1894.2481532065021,1,9277.802345361459,11567.96182672037,-0.19797432907056833,0.0
2022-01-23,BASE,7383.554192154956,1894.2481532065021,1,9277.802345361459,11567.96182672037,-0.19797432907056833,0.0
2022-01-24,BASE,3672.9534426075406,5530.636887762968,3,9203.590330370509,11567.96182672037,-0.20438963507715713,-0.007998878638328932
2022-01-25,BASE,7309.342177164008,1894.2481532065021,1,9203.590330370509,11567.96182672037,-0.20438963507715713,0.0
2022-01-26,BASE,9203.590330370509,0.0,0,9203.590330370509,11567.96182672037,-0.20438963507715713,0.0
2022-01-27,BASE,9203.590330370509,0.0,0,9203.590330370509,11567.96182672037,-0.20438963507715713,0.0
2022-01-28,BASE,9203.590330370509,0.0,0,9203.590330370509,11567.96182672037,-0.20438963507715713,0.0
2022-01-29,BASE,9203.590330370509,0.0,0,9203.590330370509,11567.96182672037,-0.20438963507715713,0.0
2022-01-30,BASE,9203.590330370509,0.0,0,9203.590330370509,11567.96182672037,-0.20438963507715713,0.0
2022-01-31,BASE,7362.872264296408,1914.3467887170661,1,9277.219053013474,11567.96182672037,-0.19802475215777438,0.008000000000000007
2022-02-01,BASE,9277.219053013474,0.0,0,9277.219053013474,11567.96182672037,-0.19802475215777438,0.0
2022-02-02,BASE,9277.219053013474,0.0,0,9277.219053013474,11567.96182672037,-0.19802475215777438,0.0
2022-02-03,BASE,9277.219053013474,0.0,0,9277.219053013474,11567.96182672037,-0.19802475215777438,0.0
2022-02-04,BASE,5566.331431808085,3636.669868781282,2,9203.001300589367,11567.96182672037,-0.2044405541405121,-0.007999999999999896
2022-02-05,BASE,7384.666366198726,1818.334934390641,1,9203.001300589367,11567.96182672037,-0.2044405541405121,0.0
2022-02-06,BASE,7384.666366198726,1818.334934390641,1,9203.001300589367,11567.96182672037,-0.2044405541405121,0.0
2022-02-07,BASE,5536.644330838441,3629.39652904372,2,9166.040859882161,11567.96182672037,-0.20763562352791554,-0.004016129032258009
2022-02-08,BASE,9166.040859882161,0.0,0,9166.040859882161,11567.96182672037,-0.20763562352791554,0.0
2022-02-09,BASE,7332.8326879057295,1796.5440085369037,1,9129.376696442632,11567.96182672037,-0.2108050810338039,-0.0040000000000000036
2022-02-10,BASE,9129.376696442632,0.0,0,9129.376696442632,11567.96182672037,-0.2108050810338039,0.0
2022-02-11,BASE,9129.376696442632,0.0,0,9129.376696442632,11567.96182672037,-0.2108050810338039,0.0
2022-02-12,BASE,9129.376696442632,0.0,0,9129.376696442632,11567.96182672037,-0.2108050810338039,0.0
2022-02-13,BASE,9129.376696442632,0.0,0,9129.376696442632,11567.96182672037,-0.2108050810338039,0.0
2022-02-14,BASE,5477.626017865579,3578.715665005512,2,9056.34168287109,11567.96182672037,-0.21711864038553352,-0.008000000000000118
2022-02-15,BASE,7266.983850368335,1789.357832502756,1,9056.34168287109,11567.96182672037,-0.21711864038553352,0.0
2022-02-16,BASE,7266.983850368335,1789.357832502756,1,9056.34168287109,11567.96182672037,-0.21711864038553352,0.0
2022-02-17,BASE,7266.983850368335,1789.357832502756,1,9056.34168287109,11567.96182672037,-0.21711864038553352,0.0
2022-02-18,BASE,9056.34168287109,0.0,0,9056.34168287109,11567.96182672037,-0.21711864038553352,0.0
2022-02-19,BASE,9056.34168287109,0.0,0,9056.34168287109,11567.96182672037,-0.21711864038553352,0.0
2022-02-20,BASE,9056.34168287109,0.0,0,9056.34168287109,11567.96182672037,-0.21711864038553352,0.0
2022-02-21,BASE,9056.34168287109,0.0,0,9056.34168287109,11567.96182672037,-0.21711864038553352,0.0
2022-02-22,BASE,9056.34168287109,0.0,0,9056.34168287109,11567.96182672037,-0.21711864038553352,0.0
2022-02-23,BASE,7245.073346296873,1775.0429698427338,1,9020.116316139607,11567.96182672037,-0.22025016582399126,-0.0039999999999998925
2022-02-24,BASE,9020.116316139607,0.0,0,9020.116316139607,11567.96182672037,-0.22025016582399126,0.0
2022-02-25,BASE,9020.116316139607,0.0,0,9020.116316139607,11567.96182672037,-0.22025016582399126,0.0
2022-02-26,BASE,9020.116316139607,0.0,0,9020.116316139607,11567.96182672037,-0.22025016582399126,0.0
2022-02-27,BASE,9020.116316139607,0.0,0,9020.116316139607,11567.96182672037,-0.22025016582399126,0.0
2022-02-28,BASE,9020.116316139607,0.0,0,9020.116316139607,11567.96182672037,-0.22025016582399126,0.0
2022-03-01,BASE,9020.116316139607,0.0,0,9020.116316139607,11567.96182672037,-0.22025016582399126,0.0
2022-03-02,BASE,9020.116316139607,0.0,0,9020.116316139607,11567.96182672037,-0.22025016582399126,0.0
2022-03-03,BASE,9020.116316139607,0.0,0,9020.116316139607,11567.96182672037,-0.22025016582399126,0.0
2022-03-04,BASE,9020.116316139607,0.0,0,9020.116316139607,11567.96182672037,-0.22025016582399126,0.0
2022-03-05,BASE,9020.116316139607,0.0,0,9020.116316139607,11567.96182672037,-0.22025016582399126,0.0
2022-03-06,BASE,9020.116316139607,0.0,0,9020.116316139607,11567.96182672037,-0.22025016582399126,0.0
2022-03-07,BASE,9020.116316139607,0.0,0,9020.116316139607,11567.96182672037,-0.22025016582399126,0.0
2022-03-08,BASE,5412.069789683765,3644.1269917204017,2,9056.196781404167,11567.96182672037,-0.21713116648728714,0.004000000000000226
2022-03-09,BASE,1789.591077122098,7266.6057042820685,4,9056.196781404167,11567.96182672037,-0.21713116648728714,0.0
2022-03-10,BASE,1746.467705037898,7238.431767853724,4,8984.899472891622,11567.96182672037,-0.22329450879257184,-0.00787276494023914
2022-03-11,BASE,1746.467705037898,7238.431767853724,4,8984.899472891622,11567.96182672037,-0.22329450879257184,0.0
2022-03-12,BASE,1746.467705037898,7238.431767853724,4,8984.899472891622,11567.96182672037,-0.22329450879257184,0.0
2022-03-13,BASE,1746.467705037898,7238.431767853724,4,8984.899472891622,11567.96182672037,-0.22329450879257184,0.0
2022-03-14,BASE,5240.035822152573,3744.8636507390484,2,8984.899472891622,11567.96182672037,-0.22329450879257184,0.0
2022-03-15,BASE,7116.220015909612,1868.6794569820102,1,8984.899472891622,11567.96182672037,-0.22329450879257184,0.0
2022-03-16,BASE,8984.899472891622,0.0,0,8984.899472891622,11567.96182672037,-0.22329450879257184,0.0
2022-03-17,BASE,8984.899472891622,0.0,0,8984.899472891622,11567.96182672037,-0.22329450879257184,0.0
2022-03-18,BASE,8984.899472891622,0.0,0,8984.899472891622,11567.96182672037,-0.22329450879257184,0.0
2022-03-19,BASE,8984.899472891622,0.0,0,8984.899472891622,11567.96182672037,-0.22329450879257184,0.0
2022-03-20,BASE,8984.899472891622,0.0,0,8984.899472891622,11567.96182672037,-0.22329450879257184,0.0
2022-03-21,BASE,8984.899472891622,0.0,0,8984.899472891622,11567.96182672037,-0.22329450879257184,0.0
2022-03-22,BASE,8984.899472891622,0.0,0,8984.899472891622,11567.96182672037,-0.22329450879257184,0.0
2022-03-23,BASE,8984.899472891622,0.0,0,8984.899472891622,11567.96182672037,-0.22329450879257184,0.0
2022-03-24,BASE,7187.919578313298,1868.8590903614577,1,9056.778668674757,11567.96182672037,-0.21708086486291234,0.00800000000000023
2022-03-25,BASE,9056.778668674755,0.0,0,9056.778668674755,11567.96182672037,-0.21708086486291245,-2.220446049250313e-16
2022-03-26,BASE,9056.778668674755,0.0,0,9056.778668674755,11567.96182672037,-0.21708086486291245,0.0
2022-03-27,BASE,9056.778668674755,0.0,0,9056.778668674755,11567.96182672037,-0.21708086486291245,0.0
2022-03-28,BASE,9056.778668674755,0.0,0,9056.778668674755,11567.96182672037,-0.21708086486291245,0.0
2022-03-29,BASE,9056.778668674755,0.0,0,9056.778668674755,11567.96182672037,-0.21708086486291245,0.0
2022-03-30,BASE,7245.422934939804,1775.128619060252,1,9020.551554000056,11567.96182672037,-0.2202125414034608,-0.0040000000000000036
2022-03-31,BASE,7245.422934939804,1775.128619060252,1,9020.551554000056,11567.96182672037,-0.2202125414034608,0.0
2022-04-01,BASE,3608.2206216000213,5412.330932400034,3,9020.551554000056,11567.96182672037,-0.2202125414034608,0.0
2022-04-02,BASE,5376.248726184032,3644.3028278160227,2,9020.551554000056,11567.96182672037,-0.2202125414034608,0.0
2022-04-03,BASE,5376.248726184032,3644.3028278160227,2,9020.551554000056,11567.96182672037,-0.2202125414034608,0.0
2022-04-04,BASE,5376.248726184032,3644.3028278160227,2,9020.551554000056,11567.96182672037,-0.2202125414034608,0.0
2022-04-05,BASE,5376.248726184032,3644.3028278160227,2,9020.551554000056,11567.96182672037,-0.2202125414034608,0.0
2022-04-06,BASE,7216.4412432000445,1830.5280197764605,1,9046.969262976505,11567.96182672037,-0.21792884533217638,0.0029286134909050077
2022-04-07,BASE,0.0,8902.640438112503,5,8902.640438112503,11567.96182672037,-0.23040544466972113,-0.01595327901186183
2022-04-08,BASE,5304.084313752033,3598.5561243604698,2,8902.640438112503,11567.96182672037,-0.23040544466972113,0.0
2022-04-09,BASE,5304.084313752033,3598.5561243604698,2,8902.640438112503,11567.96182672037,-0.23040544466972113,0.0
2022-04-10,BASE,5304.084313752033,3598.5561243604698,2,8902.640438112503,11567.96182672037,-0.23040544466972113,0.0
2022-04-11,BASE,7072.1124183360425,1830.5280197764605,1,8902.640438112503,11567.96182672037,-0.23040544466972113,0.0
2022-04-12,BASE,3521.623326681621,5396.467588110878,3,8918.0909147925,11567.96182672037,-0.22906981814264293,0.0017354937321574226
2022-04-13,BASE,7091.891001368748,1826.1999134237508,1,8918.0909147925,11567.96182672037,-0.22906981814264293,0.0
2022-04-14,BASE,7091.891001368748,1826.1999134237508,1,8918.0909147925,11567.96182672037,-0.22906981814264293,0.0
2022-04-15,BASE,7091.891001368748,1826.1999134237508,1,8918.0909147925,11567.96182672037,-0.22906981814264293,0.0
2022-04-16,BASE,7091.891001368748,1826.1999134237508,1,8918.0909147925,11567.96182672037,-0.22906981814264293,0.0
2022-04-17,BASE,7091.891001368748,1826.1999134237508,1,8918.0909147925,11567.96182672037,-0.22906981814264293,0.0
2022-04-18,BASE,7091.891001368748,1826.1999134237508,1,8918.0909147925,11567.96182672037,-0.22906981814264293,0.0
2022-04-19,BASE,7091.891001368748,1826.1999134237508,1,8918.0909147925,11567.96182672037,-0.22906981814264293,0.0
2022-04-20,BASE,8918.0909147925,0.0,0,8918.0909147925,11567.96182672037,-0.22906981814264293,0.0
2022-04-21,BASE,8918.0909147925,0.0,0,8918.0909147925,11567.96182672037,-0.22906981814264293,0.0
2022-04-22,BASE,8918.0909147925,0.0,0,8918.0909147925,11567.96182672037,-0.22906981814264293,0.0
2022-04-23,BASE,8918.0909147925,0.0,0,8918.0909147925,11567.96182672037,-0.22906981814264293,0.0
2022-04-24,BASE,8918.0909147925,0.0,0,8918.0909147925,11567.96182672037,-0.22906981814264293,0.0
2022-04-25,BASE,0.0,8846.746187474158,5,8846.746187474158,11567.96182672037,-0.23523725959750186,-0.008000000000000118
2022-04-26,BASE,5350.854548875499,3495.8916385986595,2,8846.746187474158,11567.96182672037,-0.23523725959750186,0.0
2022-04-27,BASE,8846.746187474158,0.0,0,8846.746187474158,11567.96182672037,-0.23523725959750186,0.0
2022-04-28,BASE,8846.746187474158,0.0,0,8846.746187474158,11567.96182672037,-0.23523725959750186,0.0
2022-04-29,BASE,8846.746187474158,0.0,0,8846.746187474158,11567.96182672037,-0.23523725959750186,0.0
2022-04-30,BASE,8846.746187474158,0.0,0,8846.746187474158,11567.96182672037,-0.23523725959750186,0.0
2022-05-01,BASE,8846.746187474158,0.0,0,8846.746187474158,11567.96182672037,-0.23523725959750186,0.0
2022-05-02,BASE,1769.349237494831,7042.009965229431,4,8811.359202724263,11567.96182672037,-0.2382963105591117,-0.0039999999999998925
2022-05-03,BASE,7049.087362179411,1786.756769173438,1,8835.84413135285,11567.96182672037,-0.23617969494476643,0.002778791338005515
2022-05-04,BASE,7049.087362179411,1786.756769173438,1,8835.84413135285,11567.96182672037,-0.23617969494476643,0.0
2022-05-05,BASE,7049.087362179411,1786.756769173438,1,8835.84413135285,11567.96182672037,-0.23617969494476643,0.0
2022-05-06,BASE,3524.543681089706,5240.80957664135,3,8765.353257731056,11567.96182672037,-0.24227332446029348,-0.007977831271566371
2022-05-07,BASE,5251.570084823661,3513.7831729073937,2,8765.353257731054,11567.96182672037,-0.2422733244602936,-2.220446049250313e-16
2022-05-08,BASE,5251.570084823661,3513.7831729073937,2,8765.353257731054,11567.96182672037,-0.2422733244602936,0.0
2022-05-09,BASE,3496.3473316409872,5265.9322433265215,3,8762.27957496751,11567.96182672037,-0.24253903097018592,-0.0003506627369335158
2022-05-10,BASE,3522.9843619060352,5204.092818283307,3,8727.077180189342,11567.96182672037,-0.24558212493137577,-0.004017492762811936
2022-05-11,BASE,6974.928109770213,1752.149070419128,1,8727.07718018934,11567.96182672037,-0.24558212493137588,-2.220446049250313e-16
2022-05-12,BASE,6974.928109770213,1752.149070419128,1,8727.07718018934,11567.96182672037,-0.24558212493137588,0.0
2022-05-13,BASE,6974.928109770213,1752.149070419128,1,8727.07718018934,11567.96182672037,-0.24558212493137588,0.0
2022-05-14,BASE,6974.928109770213,1752.149070419128,1,8727.07718018934,11567.96182672037,-0.24558212493137588,0.0
2022-05-15,BASE,6974.928109770213,1752.149070419128,1,8727.07718018934,11567.96182672037,-0.24558212493137588,0.0
2022-05-16,BASE,8727.07718018934,0.0,0,8727.07718018934,11567.96182672037,-0.24558212493137588,0.0
2022-05-17,BASE,8727.07718018934,0.0,0,8727.07718018934,11567.96182672037,-0.24558212493137588,0.0
2022-05-18,BASE,8727.07718018934,0.0,0,8727.07718018934,11567.96182672037,-0.24558212493137588,0.0
2022-05-19,BASE,5236.246308113605,3630.464106958766,2,8866.710415072372,11567.96182672037,-0.2335114389302777,0.016000000000000236
2022-05-20,BASE,7051.478361592988,1815.232053479383,1,8866.710415072372,11567.96182672037,-0.2335114389302777,0.0
2022-05-21,BASE,7051.478361592988,1815.232053479383,1,8866.710415072372,11567.96182672037,-0.2335114389302777,0.0
2022-05-22,BASE,7051.478361592988,1815.232053479383,1,8866.710415072372,11567.96182672037,-0.2335114389302777,0.0
2022-05-23,BASE,8866.710415072372,0.0,0,8866.710415072372,11567.96182672037,-0.2335114389302777,0.0
2022-05-24,BASE,8866.710415072372,0.0,0,8866.710415072372,11567.96182672037,-0.2335114389302777,0.0
2022-05-25,BASE,8866.710415072372,0.0,0,8866.710415072372,11567.96182672037,-0.2335114389302777,0.0
2022-05-26,BASE,8866.710415072372,0.0,0,8866.710415072372,11567.96182672037,-0.2335114389302777,0.0
2022-05-27,BASE,8866.710415072372,0.0,0,8866.710415072372,11567.96182672037,-0.2335114389302777,0.0
2022-05-28,BASE,8866.710415072372,0.0,0,8866.710415072372,11567.96182672037,-0.2335114389302777,0.0
2022-05-29,BASE,8866.710415072372,0.0,0,8866.710415072372,11567.96182672037,-0.2335114389302777,0.0
2022-05-30,BASE,8866.710415072372,0.0,0,8866.710415072372,11567.96182672037,-0.2335114389302777,0.0
2022-05-31,BASE,8866.710415072372,0.0,0,8866.710415072372,11567.96182672037,-0.2335114389302777,0.0
2022-06-01,BASE,5320.026249043423,3555.367761127929,2,8875.394010171352,11567.96182672037,-0.23276077989206045,0.0009793479985789055
2022-06-02,BASE,7057.9014903976085,1817.492519773744,1,8875.394010171352,11567.96182672037,-0.23276077989206045,0.0
2022-06-03,BASE,5291.652775715192,3654.391183043457,2,8946.043958758648,11567.96182672037,-0.22665339903745696,0.007960204189958242
2022-06-04,BASE,5291.652775715192,3654.391183043457,2,8946.043958758648,11567.96182672037,-0.22665339903745696,0.0
2022-06-05,BASE,5291.652775715192,3654.391183043457,2,8946.043958758648,11567.96182672037,-0.22665339903745696,0.0
2022-06-06,BASE,7128.551438984905,1817.492519773744,1,8946.04395875865,11567.96182672037,-0.22665339903745685,2.220446049250313e-16
2022-06-07,BASE,7128.551438984905,1817.492519773744,1,8946.04395875865,11567.96182672037,-0.22665339903745685,0.0
2022-06-08,BASE,8946.04395875865,0.0,0,8946.04395875865,11567.96182672037,-0.22665339903745685,0.0
2022-06-09,BASE,8946.04395875865,0.0,0,8946.04395875865,11567.96182672037,-0.22665339903745685,0.0
2022-06-10,BASE,7156.83516700692,1753.4246159166955,1,8910.259782923615,11567.96182672037,-0.229746785441307,-0.0040000000000000036
2022-06-11,BASE,8910.259782923615,0.0,0,8910.259782923615,11567.96182672037,-0.229746785441307,0.0
2022-06-12,BASE,8910.259782923615,0.0,0,8910.259782923615,11567.96182672037,-0.229746785441307,0.0
2022-06-13,BASE,8910.259782923615,0.0,0,8910.259782923615,11567.96182672037,-0.229746785441307,0.0
2022-06-14,BASE,8910.259782923615,0.0,0,8910.259782923615,11567.96182672037,-0.229746785441307,0.0
2022-06-15,BASE,8910.259782923615,0.0,0,8910.259782923615,11567.96182672037,-0.229746785441307,0.0
2022-06-16,BASE,8910.259782923615,0.0,0,8910.259782923615,11567.96182672037,-0.229746785441307,0.0
2022-06-17,BASE,7128.207826338892,1746.4109174530286,1,8874.618743791922,11567.96182672037,-0.2328277982995417,-0.0039999999999998925
2022-06-18,BASE,8874.618743791922,0.0,0,8874.618743791922,11567.96182672037,-0.2328277982995417,0.0
2022-06-19,BASE,8874.618743791922,0.0,0,8874.618743791922,11567.96182672037,-0.2328277982995417,0.0
2022-06-20,BASE,8874.618743791922,0.0,0,8874.618743791922,11567.96182672037,-0.2328277982995417,0.0
2022-06-21,BASE,8874.618743791922,0.0,0,8874.618743791922,11567.96182672037,-0.2328277982995417,0.0
2022-06-22,BASE,8874.618743791922,0.0,0,8874.618743791922,11567.96182672037,-0.2328277982995417,0.0
2022-06-23,BASE,8874.618743791922,0.0,0,8874.618743791922,11567.96182672037,-0.2328277982995417,0.0
2022-06-24,BASE,8874.618743791922,0.0,0,8874.618743791922,11567.96182672037,-0.2328277982995417,0.0
2022-06-25,BASE,8874.618743791922,0.0,0,8874.618743791922,11567.96182672037,-0.2328277982995417,0.0
2022-06-26,BASE,8874.618743791922,0.0,0,8874.618743791922,11567.96182672037,-0.2328277982995417,0.0
2022-06-27,BASE,8874.618743791922,0.0,0,8874.618743791922,11567.96182672037,-0.2328277982995417,0.0
2022-06-28,BASE,8874.618743791922,0.0,0,8874.618743791922,11567.96182672037,-0.2328277982995417,0.0
2022-06-29,BASE,7099.694995033537,1739.4252737832167,1,8839.120268816754,11567.96182672037,-0.23589648710634348,-0.0040000000000000036
2022-06-30,BASE,7099.694995033537,1739.4252737832167,1,8839.120268816754,11567.96182672037,-0.23589648710634348,0.0
2022-07-01,BASE,8839.120268816754,0.0,0,8839.120268816754,11567.96182672037,-0.23589648710634348,0.0
2022-07-02,BASE,8839.120268816754,0.0,0,8839.120268816754,11567.96182672037,-0.23589648710634348,0.0
2022-07-03,BASE,8839.120268816754,0.0,0,8839.120268816754,11567.96182672037,-0.23589648710634348,0.0
2022-07-04,BASE,8839.120268816754,0.0,0,8839.120268816754,11567.96182672037,-0.23589648710634348,0.0
2022-07-05,BASE,8839.120268816754,0.0,0,8839.120268816754,11567.96182672037,-0.23589648710634348,0.0
2022-07-06,BASE,8839.120268816754,0.0,0,8839.120268816754,11567.96182672037,-0.23589648710634348,0.0
2022-07-07,BASE,8839.120268816754,0.0,0,8839.120268816754,11567.96182672037,-0.23589648710634348,0.0
2022-07-08,BASE,8839.120268816754,0.0,0,8839.120268816754,11567.96182672037,-0.23589648710634348,0.0
2022-07-09,BASE,8839.120268816754,0.0,0,8839.120268816754,11567.96182672037,-0.23589648710634348,0.0
2022-07-10,BASE,8839.120268816754,0.0,0,8839.120268816754,11567.96182672037,-0.23589648710634348,0.0
2022-07-11,BASE,8839.120268816754,0.0,0,8839.120268816754,11567.96182672037,-0.23589648710634348,0.0
2022-07-12,BASE,8839.120268816754,0.0,0,8839.120268816754,11567.96182672037,-0.23589648710634348,0.0
2022-07-13,BASE,7071.296215053403,1838.5370159138852,1,8909.833230967288,11567.96182672037,-0.2297836590031943,0.008000000000000007
2022-07-14,BASE,7071.296215053403,1838.5370159138852,1,8909.833230967288,11567.96182672037,-0.2297836590031943,0.0
2022-07-15,BASE,7071.296215053403,1838.5370159138852,1,8909.833230967288,11567.96182672037,-0.2297836590031943,0.0
2022-07-16,BASE,7071.296215053403,1838.5370159138852,1,8909.833230967288,11567.96182672037,-0.2297836590031943,0.0
2022-07-17,BASE,7071.296215053403,1838.5370159138852,1,8909.833230967288,11567.96182672037,-0.2297836590031943,0.0
2022-07-18,BASE,7071.296215053403,1838.5370159138852,1,8909.833230967288,11567.96182672037,-0.2297836590031943,0.0
2022-07-19,BASE,5345.899938580373,3599.572625310784,2,8945.472563891157,11567.96182672037,-0.2267027936392071,0.0040000000000000036
2022-07-20,BASE,5345.899938580373,3599.572625310784,2,8945.472563891157,11567.96182672037,-0.2267027936392071,0.0
2022-07-21,BASE,7156.378051112925,1860.658293289361,1,9017.036344402286,11567.96182672037,-0.22051641598832072,0.008000000000000007
2022-07-22,BASE,7156.378051112925,1860.658293289361,1,9017.036344402286,11567.96182672037,-0.22051641598832072,0.0
2022-07-23,BASE,7156.378051112925,1860.658293289361,1,9017.036344402286,11567.96182672037,-0.22051641598832072,0.0
2022-07-24,BASE,7156.378051112925,1860.658293289361,1,9017.036344402286,11567.96182672037,-0.22051641598832072,0.0
2022-07-25,BASE,7156.378051112925,1860.658293289361,1,9017.036344402286,11567.96182672037,-0.22051641598832072,0.0
2022-07-26,BASE,7156.378051112925,1860.658293289361,1,9017.036344402286,11567.96182672037,-0.22051641598832072,0.0
2022-07-27,BASE,1789.0945127782306,7335.28750239075,4,9124.38201516898,11567.96182672037,-0.21123684951199118,0.011904761904761862
2022-07-28,BASE,7263.723721879619,1860.658293289361,1,9124.38201516898,11567.96182672037,-0.21123684951199118,0.0
2022-07-29,BASE,9124.38201516898,0.0,0,9124.38201516898,11567.96182672037,-0.21123684951199118,0.0
2022-07-30,BASE,9124.38201516898,0.0,0,9124.38201516898,11567.96182672037,-0.21123684951199118,0.0
2022-07-31,BASE,9124.38201516898,0.0,0,9124.38201516898,11567.96182672037,-0.21123684951199118,0.0
2022-08-01,BASE,9124.38201516898,0.0,0,9124.38201516898,11567.96182672037,-0.21123684951199118,0.0
2022-08-02,BASE,9124.38201516898,0.0,0,9124.38201516898,11567.96182672037,-0.21123684951199118,0.0
2022-08-03,BASE,3649.7528060675913,5693.614377465444,3,9343.367183533035,11567.96182672037,-0.19230653390027908,0.02400000000000002
2022-08-04,BASE,5547.624265222739,3795.742918310296,2,9343.367183533035,11567.96182672037,-0.19230653390027908,0.0
2022-08-05,BASE,3708.148850964673,5708.797349138685,3,9416.946200103357,11567.96182672037,-0.18594594785474383,0.007874999999999854
2022-08-06,BASE,3708.148850964673,5708.797349138685,3,9416.946200103357,11567.96182672037,-0.18594594785474383,0.0
2022-08-07,BASE,3708.148850964673,5708.797349138685,3,9416.946200103357,11567.96182672037,-0.18594594785474383,0.0
2022-08-08,BASE,5606.02031011982,3810.9258899835368,2,9416.946200103357,11567.96182672037,-0.18594594785474383,0.0
2022-08-09,BASE,3751.9458846374837,5627.918826956226,3,9379.86471159371,11567.96182672037,-0.18915148129832715,-0.0039377402951755736
2022-08-10,BASE,21.781724746610507,9356.104573599861,5,9377.886298346471,11567.96182672037,-0.1893225065209958,-0.00021092129876798538
2022-08-11,BASE,3758.8681517995833,5619.018146546889,3,9377.886298346471,11567.96182672037,-0.1893225065209958,0.0
2022-08-12,BASE,3758.8681517995833,5619.018146546889,3,9377.886298346471,11567.96182672037,-0.1893225065209958,0.0
2022-08-13,BASE,3758.8681517995833,5619.018146546889,3,9377.886298346471,11567.96182672037,-0.1893225065209958,0.0
2022-08-14,BASE,3758.8681517995833,5619.018146546889,3,9377.886298346471,11567.96182672037,-0.1893225065209958,0.0
2022-08-15,BASE,5694.575576364448,3683.310721982024,2,9377.886298346471,11567.96182672037,-0.1893225065209958,0.0
2022-08-16,BASE,5694.575576364448,3683.310721982024,2,9377.886298346471,11567.96182672037,-0.1893225065209958,0.0
2022-08-17,BASE,9377.886298346471,0.0,0,9377.886298346471,11567.96182672037,-0.1893225065209958,0.0
2022-08-18,BASE,7502.309038677177,1838.0657144759086,1,9340.374753153086,11567.96182672037,-0.19256521649491176,-0.0039999999999998925
2022-08-19,BASE,7502.309038677177,1838.0657144759086,1,9340.374753153086,11567.96182672037,-0.19256521649491176,0.0
2022-08-20,BASE,7502.309038677177,1838.0657144759086,1,9340.374753153086,11567.96182672037,-0.19256521649491176,0.0
2022-08-21,BASE,7502.309038677177,1838.0657144759086,1,9340.374753153086,11567.96182672037,-0.19256521649491176,0.0
2022-08-22,BASE,1868.0749506306165,7322.853806472021,4,9190.928757102636,11567.96182672037,-0.2054841730309933,-0.016000000000000125
2022-08-23,BASE,0.0,9116.952989057665,5,9116.952989057665,11567.96182672037,-0.21187905651635341,-0.008048780487804774
2022-08-24,BASE,1830.7134516180051,7286.239537439659,4,9116.952989057665,11567.96182672037,-0.21187905651635341,0.0
2022-08-25,BASE,1830.7134516180051,7286.239537439659,4,9116.952989057665,11567.96182672037,-0.21187905651635341,0.0
2022-08-26,BASE,7286.23953743966,1830.7134516180051,1,9116.952989057665,11567.96182672037,-0.21187905651635341,0.0
2022-08-27,BASE,7286.23953743966,1830.7134516180051,1,9116.952989057665,11567.96182672037,-0.21187905651635341,0.0
2022-08-28,BASE,7286.23953743966,1830.7134516180051,1,9116.952989057665,11567.96182672037,-0.21187905651635341,0.0
2022-08-29,BASE,0.0,8934.613929276513,5,8934.613929276513,11567.96182672037,-0.2276414753860263,-0.019999999999999907
2022-08-30,BASE,1786.9227858553024,7147.691143421211,4,8934.613929276513,11567.96182672037,-0.2276414753860263,0.0
2022-08-31,BASE,0.0,8898.875473559407,5,8898.875473559407,11567.96182672037,-0.23073090948448216,-0.0040000000000000036
2022-09-01,BASE,5324.884030600977,3538.250069816368,2,8863.134100417345,11567.96182672037,-0.23382059578163994,-0.00401639209900817
2022-09-02,BASE,8863.134100417345,0.0,0,8863.134100417345,11567.96182672037,-0.23382059578163994,0.0
2022-09-03,BASE,8863.134100417345,0.0,0,8863.134100417345,11567.96182672037,-0.23382059578163994,0.0
2022-09-04,BASE,8863.134100417345,0.0,0,8863.134100417345,11567.96182672037,-0.23382059578163994,0.0
2022-09-05,BASE,8863.134100417345,0.0,0,8863.134100417345,11567.96182672037,-0.23382059578163994,0.0
2022-09-06,BASE,7090.507280333875,1752.4477616171243,1,8842.955041951,11567.96182672037,-0.23556498764328448,-0.002276740737274241
2022-09-07,BASE,5317.880460250406,3595.979654503932,2,8913.860114754338,11567.96182672037,-0.2294355524095376,0.00801825548891344
2022-09-08,BASE,7161.412353137213,1752.4477616171243,1,8913.860114754338,11567.96182672037,-0.2294355524095376,0.0
2022-09-09,BASE,7161.412353137213,1752.4477616171243,1,8913.860114754338,11567.96182672037,-0.2294355524095376,0.0
2022-09-10,BASE,7161.412353137213,1752.4477616171243,1,8913.860114754338,11567.96182672037,-0.2294355524095376,0.0
2022-09-11,BASE,7161.412353137213,1752.4477616171243,1,8913.860114754338,11567.96182672037,-0.2294355524095376,0.0
2022-09-12,BASE,7161.412353137213,1752.4477616171243,1,8913.860114754338,11567.96182672037,-0.2294355524095376,0.0
2022-09-13,BASE,8913.860114754338,0.0,0,8913.860114754338,11567.96182672037,-0.2294355524095376,0.0
2022-09-14,BASE,0.0,8735.582912459251,5,8735.582912459251,11567.96182672037,-0.24484684136134682,-0.020000000000000018
2022-09-15,BASE,1747.1165824918503,6988.4663299674,4,8735.582912459251,11567.96182672037,-0.24484684136134682,0.0
2022-09-16,BASE,1718.592230124636,6946.535531987597,4,8665.127762112234,11567.96182672037,-0.2509373827551018,-0.008065306122448934
2022-09-17,BASE,3444.743413626584,5220.384348485649,3,8665.127762112232,11567.96182672037,-0.2509373827551019,-2.220446049250313e-16
2022-09-18,BASE,3444.743413626584,5220.384348485649,3,8665.127762112232,11567.96182672037,-0.2509373827551019,0.0
2022-09-19,BASE,0.0,8701.492888458146,5,8701.492888458146,11567.96182672037,-0.24779377570568073,0.004196721311475526
2022-09-20,BASE,0.0,8701.492888458146,5,8701.492888458146,11567.96182672037,-0.24779377570568073,0.0
2022-09-21,BASE,5318.739738370086,3382.75315008806,2,8701.492888458146,11567.96182672037,-0.24779377570568073,0.0
2022-09-22,BASE,5297.830703500462,3368.720980590253,2,8666.551684090715,11567.96182672037,-0.25081429089157303,-0.004015541334726369
2022-09-23,BASE,8666.551684090715,0.0,0,8666.551684090715,11567.96182672037,-0.25081429089157303,0.0
2022-09-24,BASE,8666.551684090715,0.0,0,8666.551684090715,11567.96182672037,-0.25081429089157303,0.0
2022-09-25,BASE,8666.551684090715,0.0,0,8666.551684090715,11567.96182672037,-0.25081429089157303,0.0
2022-09-26,BASE,8666.551684090715,0.0,0,8666.551684090715,11567.96182672037,-0.25081429089157303,0.0
2022-09-27,BASE,8666.551684090715,0.0,0,8666.551684090715,11567.96182672037,-0.25081429089157303,0.0
2022-09-28,BASE,8666.551684090715,0.0,0,8666.551684090715,11567.96182672037,-0.25081429089157303,0.0
2022-09-29,BASE,8666.551684090715,0.0,0,8666.551684090715,11567.96182672037,-0.25081429089157303,0.0
2022-09-30,BASE,6933.241347272572,1698.64413008178,1,8631.885477354352,11567.96182672037,-0.25381103372800673,-0.0040000000000000036
2022-10-01,BASE,6933.241347272572,1698.64413008178,1,8631.885477354352,11567.96182672037,-0.25381103372800673,0.0
2022-10-02,BASE,6933.241347272572,1698.64413008178,1,8631.885477354352,11567.96182672037,-0.25381103372800673,0.0
2022-10-03,BASE,5199.931010454429,3397.28826016356,2,8597.219270617989,11567.96182672037,-0.2568077765644404,-0.004016064257028162
2022-10-04,BASE,6898.57514053621,1698.64413008178,1,8597.21927061799,11567.96182672037,-0.2568077765644403,2.220446049250313e-16
2022-10-05,BASE,8597.21927061799,0.0,0,8597.21927061799,11567.96182672037,-0.2568077765644403,0.0
2022-10-06,BASE,8597.21927061799,0.0,0,8597.21927061799,11567.96182672037,-0.2568077765644403,0.0
2022-10-07,BASE,8597.21927061799,0.0,0,8597.21927061799,11567.96182672037,-0.2568077765644403,0.0
2022-10-08,BASE,8597.21927061799,0.0,0,8597.21927061799,11567.96182672037,-0.2568077765644403,0.0
2022-10-09,BASE,8597.21927061799,0.0,0,8597.21927061799,11567.96182672037,-0.2568077765644403,0.0
2022-10-10,BASE,8597.21927061799,0.0,0,8597.21927061799,11567.96182672037,-0.2568077765644403,0.0
2022-10-11,BASE,8597.21927061799,0.0,0,8597.21927061799,11567.96182672037,-0.2568077765644403,0.0
2022-10-12,BASE,8597.21927061799,0.0,0,8597.21927061799,11567.96182672037,-0.2568077765644403,0.0
2022-10-13,BASE,8597.21927061799,0.0,0,8597.21927061799,11567.96182672037,-0.2568077765644403,0.0
2022-10-14,BASE,8597.21927061799,0.0,0,8597.21927061799,11567.96182672037,-0.2568077765644403,0.0
2022-10-15,BASE,8597.21927061799,0.0,0,8597.21927061799,11567.96182672037,-0.2568077765644403,0.0
2022-10-16,BASE,8597.21927061799,0.0,0,8597.21927061799,11567.96182672037,-0.2568077765644403,0.0
2022-10-17,BASE,6877.775416494393,1685.0549770411262,1,8562.830393535518,11567.96182672037,-0.2597805454581825,-0.0040000000000000036
2022-10-18,BASE,8562.830393535518,0.0,0,8562.830393535518,11567.96182672037,-0.2597805454581825,0.0
2022-10-19,BASE,8562.830393535518,0.0,0,8562.830393535518,11567.96182672037,-0.2597805454581825,0.0
2022-10-20,BASE,8562.830393535518,0.0,0,8562.830393535518,11567.96182672037,-0.2597805454581825,0.0
2022-10-21,BASE,8562.830393535518,0.0,0,8562.830393535518,11567.96182672037,-0.2597805454581825,0.0
2022-10-22,BASE,8562.830393535518,0.0,0,8562.830393535518,11567.96182672037,-0.2597805454581825,0.0
2022-10-23,BASE,8562.830393535518,0.0,0,8562.830393535518,11567.96182672037,-0.2597805454581825,0.0
2022-10-24,BASE,8562.830393535518,0.0,0,8562.830393535518,11567.96182672037,-0.2597805454581825,0.0
2022-10-25,BASE,8562.830393535518,0.0,0,8562.830393535518,11567.96182672037,-0.2597805454581825,0.0
2022-10-26,BASE,8562.830393535518,0.0,0,8562.830393535518,11567.96182672037,-0.2597805454581825,0.0
2022-10-27,BASE,8562.830393535518,0.0,0,8562.830393535518,11567.96182672037,-0.2597805454581825,0.0
2022-10-28,BASE,8562.830393535518,0.0,0,8562.830393535518,11567.96182672037,-0.2597805454581825,0.0
2022-10-29,BASE,8562.830393535518,0.0,0,8562.830393535518,11567.96182672037,-0.2597805454581825,0.0
2022-10-30,BASE,8562.830393535518,0.0,0,8562.830393535518,11567.96182672037,-0.2597805454581825,0.0
2022-10-31,BASE,6850.264314828414,1747.1315724194355,1,8597.39588724785,11567.96182672037,-0.2567925088247549,0.004036690220844186
2022-11-01,BASE,5137.69823612131,3425.4463295523974,2,8563.144565673709,11567.96182672037,-0.25975338664292225,-0.00398391815653687
2022-11-02,BASE,5110.297178861997,3521.076019387402,2,8631.3731982494,11567.96182672037,-0.2538553180291331,0.00796770766304622
2022-11-03,BASE,0.0,8733.442136540343,5,8733.442136540343,11567.96182672037,-0.24503190213099457,0.011825341802118583
2022-11-04,BASE,3486.236515102476,5316.250805519885,3,8802.48732062236,11567.96182672037,-0.2390632461900204,0.00790583861466665
2022-11-05,BASE,3486.236515102476,5316.250805519885,3,8802.48732062236,11567.96182672037,-0.2390632461900204,0.0
2022-11-06,BASE,3486.236515102476,5316.250805519885,3,8802.48732062236,11567.96182672037,-0.2390632461900204,0.0
2022-11-07,BASE,5233.368087521912,3569.119233100449,2,8802.48732062236,11567.96182672037,-0.2390632461900204,0.0
2022-11-08,BASE,7007.312534489878,1795.1747861324827,1,8802.48732062236,11567.96182672037,-0.2390632461900204,0.0
2022-11-09,BASE,7007.312534489878,1795.1747861324827,1,8802.48732062236,11567.96182672037,-0.2390632461900204,0.0
2022-11-10,BASE,8802.48732062236,0.0,0,8802.48732062236,11567.96182672037,-0.2390632461900204,0.0
2022-11-11,BASE,8802.48732062236,0.0,0,8802.48732062236,11567.96182672037,-0.2390632461900204,0.0
2022-11-12,BASE,8802.48732062236,0.0,0,8802.48732062236,11567.96182672037,-0.2390632461900204,0.0
2022-11-13,BASE,8802.48732062236,0.0,0,8802.48732062236,11567.96182672037,-0.2390632461900204,0.0
2022-11-14,BASE,3520.9949282489447,5482.9303778980775,3,9003.925306147023,11567.96182672037,-0.22164980823594893,0.02288421194913126
2022-11-15,BASE,0.0,9144.765103276979,5,9144.765103276979,11567.96182672037,-0.2094748201749893,0.015642044146435108
2022-11-16,BASE,1830.917362689451,7313.847740587529,4,9144.76510327698,11567.96182672037,-0.2094748201749892,2.220446049250313e-16
2022-11-17,BASE,56.3359188519828,9159.412442178496,5,9215.748361030479,11567.96182672037,-0.2033386261922655,0.007762173981709086
2022-11-18,BASE,98.58785799096995,9136.39277137359,5,9234.98062936456,11567.96182672037,-0.2016760802207136,0.0020868916533578474
2022-11-19,BASE,98.58785799096995,9136.39277137359,5,9234.98062936456,11567.96182672037,-0.2016760802207136,0.0
2022-11-20,BASE,98.58785799096995,9136.39277137359,5,9234.98062936456,11567.96182672037,-0.2016760802207136,0.0
2022-11-21,BASE,5581.518235889048,3653.462393475512,2,9234.98062936456,11567.96182672037,-0.2016760802207136,0.0
2022-11-22,BASE,5583.9332652739195,3724.773350978885,2,9308.706616252804,11567.96182672037,-0.19530278923025168,0.007983339635149633
2022-11-23,BASE,5583.9332652739195,3724.773350978885,2,9308.706616252804,11567.96182672037,-0.19530278923025168,0.0
2022-11-24,BASE,5583.9332652739195,3724.773350978885,2,9308.706616252804,11567.96182672037,-0.19530278923025168,0.0
2022-11-25,BASE,3740.783593067824,5531.060029740858,3,9271.843622808683,11567.96182672037,-0.19848943472548253,-0.003960055350735736
2022-11-26,BASE,3740.783593067824,5531.060029740858,3,9271.843622808683,11567.96182672037,-0.19848943472548253,0.0
2022-11-27,BASE,3740.783593067824,5531.060029740858,3,9271.843622808683,11567.96182672037,-0.19848943472548253,0.0
2022-11-28,BASE,7354.967963714343,1916.8756590943397,1,9271.843622808683,11567.96182672037,-0.19848943472548253,0.0
2022-11-29,BASE,0.0,9235.121675165441,5,9235.121675165441,11567.96182672037,-0.20166388742452412,-0.003960587466435017
2022-11-30,BASE,3719.7067157347456,5515.414959430695,3,9235.12167516544,11567.96182672037,-0.20166388742452424,-2.220446049250313e-16
2022-12-01,BASE,5632.915184006197,3602.2064911592433,2,9235.12167516544,11567.96182672037,-0.20166388742452424,0.0
2022-12-02,BASE,3771.1879653357237,5426.699165456307,3,9197.88713079203,11567.96182672037,-0.2048826518820107,-0.004031841234267364
2022-12-03,BASE,3771.1879653357237,5426.699165456307,3,9197.88713079203,11567.96182672037,-0.2048826518820107,0.0
2022-12-04,BASE,3771.1879653357237,5426.699165456307,3,9197.88713079203,11567.96182672037,-0.2048826518820107,0.0
2022-12-05,BASE,9197.88713079203,0.0,0,9197.88713079203,11567.96182672037,-0.2048826518820107,0.0
2022-12-06,BASE,1839.577426158405,7211.143510540953,4,9050.720936699357,11567.96182672037,-0.21760452945189868,-0.016000000000000125
2022-12-07,BASE,4.547473508864641e-13,9412.749774167334,5,9412.749774167334,11567.96182672037,-0.18630871062997445,0.04000000000000026
2022-12-08,BASE,3765.099909666934,5647.649864500401,3,9412.749774167336,11567.96182672037,-0.18630871062997423,2.220446049250313e-16
2022-12-09,BASE,3765.099909666934,5647.649864500401,3,9412.749774167336,11567.96182672037,-0.18630871062997423,0.0
2022-12-10,BASE,3765.099909666934,5647.649864500401,3,9412.749774167336,11567.96182672037,-0.18630871062997423,0.0
2022-12-11,BASE,3765.099909666934,5647.649864500401,3,9412.749774167336,11567.96182672037,-0.18630871062997423,0.0
2022-12-12,BASE,3794.0622166643707,5543.964805449572,3,9338.027022113944,11567.96182672037,-0.19276816763481963,-0.007938461538461783
2022-12-13,BASE,5676.612171497837,3661.4148506161055,2,9338.027022113944,11567.96182672037,-0.19276816763481963,0.0
2022-12-14,BASE,3794.0622166643707,5591.158274906497,3,9385.220491570868,11567.96182672037,-0.18868849740735438,0.005053901573122799
2022-12-15,BASE,0.0,9272.725098731418,5,9272.725098731418,11567.96182672037,-0.1984132349648039,-0.011986441122026403
2022-12-16,BASE,0.0,9258.06047209084,5,9258.06047209084,11567.96182672037,-0.19968092817301508,-0.001581479714370615
2022-12-17,BASE,3616.4083986756013,5641.652073415238,3,9258.06047209084,11567.96182672037,-0.19968092817301508,0.0
2022-12-18,BASE,3616.4083986756013,5641.652073415238,3,9258.06047209084,11567.96182672037,-0.19968092817301508,0.0
2022-12-19,BASE,0.0,9326.728275711559,5,9326.728275711559,11567.96182672037,-0.19374489513199078,0.007417083073471442
2022-12-20,BASE,0.0,9326.728275711559,5,9326.728275711559,11567.96182672037,-0.19374489513199078,0.0
2022-12-21,BASE,1929.7434242903919,7396.984851421166,4,9326.728275711557,11567.96182672037,-0.1937448951319909,-2.220446049250313e-16
2022-12-22,BASE,1929.7434242903919,7396.984851421166,4,9326.728275711557,11567.96182672037,-0.1937448951319909,0.0
2022-12-23,BASE,5641.652073415238,3685.0762022963204,2,9326.728275711559,11567.96182672037,-0.19374489513199078,2.220446049250313e-16
2022-12-24,BASE,5641.652073415238,3685.0762022963204,2,9326.728275711559,11567.96182672037,-0.19374489513199078,0.0
2022-12-25,BASE,5641.652073415238,3685.0762022963204,2,9326.728275711559,11567.96182672037,-0.19374489513199078,0.0
2022-12-26,BASE,5641.652073415238,3685.0762022963204,2,9326.728275711559,11567.96182672037,-0.19374489513199078,0.0
2022-12-27,BASE,9326.728275711557,0.0,0,9326.728275711557,11567.96182672037,-0.1937448951319909,-2.220446049250313e-16
2022-12-28,BASE,9326.728275711557,0.0,0,9326.728275711557,11567.96182672037,-0.1937448951319909,0.0
2022-12-29,BASE,9326.728275711557,0.0,0,9326.728275711557,11567.96182672037,-0.1937448951319909,0.0
2022-12-30,BASE,9326.728275711557,0.0,0,9326.728275711557,11567.96182672037,-0.1937448951319909,0.0
2022-12-31,BASE,9326.728275711557,0.0,0,9326.728275711557,11567.96182672037,-0.1937448951319909,0.0
2023-01-01,BASE,9326.728275711557,0.0,0,9326.728275711557,11567.96182672037,-0.1937448951319909,0.0
2023-01-02,BASE,9326.728275711557,0.0,0,9326.728275711557,11567.96182672037,-0.1937448951319909,0.0
2023-01-03,BASE,9326.728275711557,0.0,0,9326.728275711557,11567.96182672037,-0.1937448951319909,0.0
2023-01-04,BASE,9326.728275711557,0.0,0,9326.728275711557,11567.96182672037,-0.1937448951319909,0.0
2023-01-05,BASE,7461.382620569246,1828.0387420394654,1,9289.421362608711,11567.96182672037,-0.19696991555146293,-0.0040000000000000036
2023-01-06,BASE,5596.036965426934,3767.9982233874694,2,9364.035188814403,11567.96182672037,-0.19051987471251897,0.008032128514056103
2023-01-07,BASE,5596.036965426934,3767.9982233874694,2,9364.035188814403,11567.96182672037,-0.19051987471251897,0.0
2023-01-08,BASE,5596.036965426934,3767.9982233874694,2,9364.035188814403,11567.96182672037,-0.19051987471251897,0.0
2023-01-09,BASE,9364.035188814403,0.0,0,9364.035188814403,11567.96182672037,-0.19051987471251897,0.0
2023-01-10,BASE,1872.8070377628794,7461.245558420994,4,9334.052596183874,11567.96182672037,-0.19311173947483806,-0.00320188807773214
2023-01-11,BASE,5543.508831778126,3790.5437644057474,2,9334.052596183872,11567.96182672037,-0.19311173947483817,-2.220446049250313e-16
2023-01-12,BASE,7491.228151051521,1842.8244451323517,1,9334.052596183872,11567.96182672037,-0.19311173947483817,0.0
2023-01-13,BASE,7491.228151051521,1842.8244451323517,1,9334.052596183872,11567.96182672037,-0.19311173947483817,0.0
2023-01-14,BASE,7491.228151051521,1842.8244451323517,1,9334.052596183872,11567.96182672037,-0.19311173947483817,0.0
2023-01-15,BASE,7491.228151051521,1842.8244451323517,1,9334.052596183872,11567.96182672037,-0.19311173947483817,0.0
2023-01-16,BASE,7491.228151051521,1842.8244451323517,1,9334.052596183872,11567.96182672037,-0.19311173947483817,0.0
2023-01-17,BASE,7491.228151051521,1842.8244451323517,1,9334.052596183872,11567.96182672037,-0.19311173947483817,0.0
2023-01-18,BASE,9334.052596183872,0.0,0,9334.052596183872,11567.96182672037,-0.19311173947483817,0.0
2023-01-19,BASE,1866.8105192367732,7531.528799890023,4,9398.339319126797,11567.96182672037,-0.18755443180855325,0.006887332407919722
2023-01-20,BASE,0.0,9508.257122499457,5,9508.257122499457,11567.96182672037,-0.17805251565260904,0.011695449551280213
2023-01-21,BASE,1814.8385143812227,7693.418608118234,4,9508.257122499457,11567.96182672037,-0.17805251565260904,0.0
2023-01-22,BASE,1814.8385143812227,7693.418608118234,4,9508.257122499457,11567.96182672037,-0.17805251565260904,0.0
2023-01-23,BASE,5651.208803833562,3857.048318665895,2,9508.257122499457,11567.96182672037,-0.17805251565260904,0.0
2023-01-24,BASE,7577.159880319758,1931.0972421796994,1,9508.257122499457,11567.96182672037,-0.17805251565260904,0.0
2023-01-25,BASE,3799.5717204971443,5859.788928395217,3,9659.360648892361,11567.96182672037,-0.16499027282571133,0.015891821649979043
2023-01-26,BASE,7695.014805784603,1964.345843107759,1,9659.360648892361,11567.96182672037,-0.16499027282571133,0.0
2023-01-27,BASE,9659.360648892361,0.0,0,9659.360648892361,11567.96182672037,-0.16499027282571133,0.0
2023-01-28,BASE,9659.360648892361,0.0,0,9659.360648892361,11567.96182672037,-0.16499027282571133,0.0
2023-01-29,BASE,9659.360648892361,0.0,0,9659.360648892361,11567.96182672037,-0.16499027282571133,0.0
2023-01-30,BASE,9659.360648892361,0.0,0,9659.360648892361,11567.96182672037,-0.16499027282571133,0.0
2023-01-31,BASE,5795.616389335417,3902.381702152514,2,9697.99809148793,11567.96182672037,-0.16165023391701427,0.0040000000000000036
2023-02-01,BASE,5764.706435258961,3894.808763403783,2,9659.515198662744,11567.96182672037,-0.16497691267007653,-0.003968127490039719
2023-02-02,BASE,9659.515198662744,0.0,0,9659.515198662744,11567.96182672037,-0.16497691267007653,0.0
2023-02-03,BASE,7727.612158930196,2009.1791613218509,1,9736.791320252047,11567.96182672037,-0.15829672797143712,0.008000000000000007
2023-02-04,BASE,7727.612158930196,2009.1791613218509,1,9736.791320252047,11567.96182672037,-0.15829672797143712,0.0
2023-02-05,BASE,7727.612158930196,2009.1791613218509,1,9736.791320252047,11567.96182672037,-0.15829672797143712,0.0
2023-02-06,BASE,0.0,9814.06744184135,5,9814.06744184135,11567.96182672037,-0.1516165432727976,0.007936507936507908
2023-02-07,BASE,2009.1791613218509,7804.888280519498,4,9814.06744184135,11567.96182672037,-0.1516165432727976,0.0
2023-02-08,BASE,2009.1791613218509,7804.888280519498,4,9814.06744184135,11567.96182672037,-0.1516165432727976,0.0
2023-02-09,BASE,2055.5448342754325,7753.8999217719265,4,9809.44475604736,11567.96182672037,-0.1520161543592824,-0.0004710264955263277
2023-02-10,BASE,7851.253953473079,1958.1908025742794,1,9809.444756047358,11567.96182672037,-0.1520161543592825,-2.220446049250313e-16
2023-02-11,BASE,7851.253953473079,1958.1908025742794,1,9809.444756047358,11567.96182672037,-0.1520161543592825,0.0
2023-02-12,BASE,7851.253953473079,1958.1908025742794,1,9809.444756047358,11567.96182672037,-0.1520161543592825,0.0
2023-02-13,BASE,3925.6269767365393,5805.305239776088,3,9730.932216512627,11567.96182672037,-0.15880322201310015,-0.008003769987728337
2023-02-14,BASE,5849.184195337444,3881.7480211751836,2,9730.932216512629,11567.96182672037,-0.15880322201310004,2.220446049250313e-16
2023-02-15,BASE,5849.184195337444,3881.7480211751836,2,9730.932216512629,11567.96182672037,-0.15880322201310004,0.0
2023-02-16,BASE,7807.374997911724,1923.5572186009042,1,9730.932216512629,11567.96182672037,-0.15880322201310004,0.0
2023-02-17,BASE,7784.745773210103,1907.262714436475,1,9692.008487646577,11567.96182672037,-0.1621680091250477,-0.004000000000000115
2023-02-18,BASE,9692.008487646577,0.0,0,9692.008487646577,11567.96182672037,-0.1621680091250477,0.0
2023-02-19,BASE,9692.008487646577,0.0,0,9692.008487646577,11567.96182672037,-0.1621680091250477,0.0
2023-02-20,BASE,9692.008487646577,0.0,0,9692.008487646577,11567.96182672037,-0.1621680091250477,0.0
2023-02-21,BASE,5815.205092587947,3822.2915749942713,2,9637.496667582218,11567.96182672037,-0.1668803189408049,-0.0056244090307844274
2023-02-22,BASE,4.547473508864641e-13,9624.003510144885,5,9624.003510144885,11567.96182672037,-0.1680467437301888,-0.0014000687006948676
2023-02-23,BASE,4.547473508864641e-13,9624.003510144885,5,9624.003510144885,11567.96182672037,-0.1680467437301888,0.0
2023-02-24,BASE,1899.6336635787295,7724.369846566155,4,9624.003510144885,11567.96182672037,-0.1680467437301888,0.0
2023-02-25,BASE,1899.6336635787295,7724.369846566155,4,9624.003510144885,11567.96182672037,-0.1680467437301888,0.0
2023-02-26,BASE,1899.6336635787295,7724.369846566155,4,9624.003510144885,11567.96182672037,-0.1680467437301888,0.0
2023-02-27,BASE,1899.6336635787295,7724.369846566155,4,9624.003510144885,11567.96182672037,-0.1680467437301888,0.0
2023-02-28,BASE,5721.9252385730015,3902.0782715718833,2,9624.003510144885,11567.96182672037,-0.1680467437301888,0.0
2023-03-01,BASE,9624.003510144885,0.0,0,9624.003510144885,11567.96182672037,-0.1680467437301888,0.0
2023-03-02,BASE,9624.003510144885,0.0,0,9624.003510144885,11567.96182672037,-0.1680467437301888,0.0
2023-03-03,BASE,9624.003510144885,0.0,0,9624.003510144885,11567.96182672037,-0.1680467437301888,0.0
2023-03-04,BASE,9624.003510144885,0.0,0,9624.003510144885,11567.96182672037,-0.1680467437301888,0.0
2023-03-05,BASE,9624.003510144885,0.0,0,9624.003510144885,11567.96182672037,-0.1680467437301888,0.0
2023-03-06,BASE,9624.003510144885,0.0,0,9624.003510144885,11567.96182672037,-0.1680467437301888,0.0
2023-03-07,BASE,9624.003510144885,0.0,0,9624.003510144885,11567.96182672037,-0.1680467437301888,0.0
2023-03-08,BASE,9624.003510144885,0.0,0,9624.003510144885,11567.96182672037,-0.1680467437301888,0.0
2023-03-09,BASE,9624.003510144885,0.0,0,9624.003510144885,11567.96182672037,-0.1680467437301888,0.0
2023-03-10,BASE,9624.003510144885,0.0,0,9624.003510144885,11567.96182672037,-0.1680467437301888,0.0
2023-03-11,BASE,9624.003510144885,0.0,0,9624.003510144885,11567.96182672037,-0.1680467437301888,0.0
2023-03-12,BASE,9624.003510144885,0.0,0,9624.003510144885,11567.96182672037,-0.1680467437301888,0.0
2023-03-13,BASE,7699.202808115908,2001.792730110136,1,9700.995538226043,11567.96182672037,-0.16139111768003034,0.008000000000000007
2023-03-14,BASE,7760.796430580835,1901.3951254923045,1,9662.19155607314,11567.96182672037,-0.16474555320931017,-0.0040000000000000036
2023-03-15,BASE,9662.19155607314,0.0,0,9662.19155607314,11567.96182672037,-0.16474555320931017,0.0
2023-03-16,BASE,9662.19155607314,0.0,0,9662.19155607314,11567.96182672037,-0.16474555320931017,0.0
2023-03-17,BASE,9662.19155607314,0.0,0,9662.19155607314,11567.96182672037,-0.16474555320931017,0.0
2023-03-18,BASE,9662.19155607314,0.0,0,9662.19155607314,11567.96182672037,-0.16474555320931017,0.0
2023-03-19,BASE,9662.19155607314,0.0,0,9662.19155607314,11567.96182672037,-0.16474555320931017,0.0
2023-03-20,BASE,9662.19155607314,0.0,0,9662.19155607314,11567.96182672037,-0.16474555320931017,0.0
2023-03-21,BASE,7729.753244858512,1934.8983470511096,1,9664.651591909622,11567.96182672037,-0.16453289380799718,0.0002546043330031722
2023-03-22,BASE,7729.753244858512,1934.8983470511096,1,9664.651591909622,11567.96182672037,-0.16453289380799718,0.0
2023-03-23,BASE,7729.753244858512,1934.8983470511096,1,9664.651591909622,11567.96182672037,-0.16453289380799718,0.0
2023-03-24,BASE,7729.753244858512,1934.8983470511096,1,9664.651591909622,11567.96182672037,-0.16453289380799718,0.0
2023-03-25,BASE,7729.753244858512,1934.8983470511096,1,9664.651591909622,11567.96182672037,-0.16453289380799718,0.0
2023-03-26,BASE,7729.753244858512,1934.8983470511096,1,9664.651591909622,11567.96182672037,-0.16453289380799718,0.0
2023-03-27,BASE,7729.753244858512,1934.8983470511096,1,9664.651591909622,11567.96182672037,-0.16453289380799718,0.0
2023-03-28,BASE,9664.65159190962,0.0,0,9664.65159190962,11567.96182672037,-0.1645328938079973,-2.220446049250313e-16
2023-03-29,BASE,9664.65159190962,0.0,0,9664.65159190962,11567.96182672037,-0.1645328938079973,0.0
2023-03-30,BASE,9664.65159190962,0.0,0,9664.65159190962,11567.96182672037,-0.1645328938079973,0.0
2023-03-31,BASE,9664.65159190962,0.0,0,9664.65159190962,11567.96182672037,-0.1645328938079973,0.0
2023-04-01,BASE,9664.65159190962,0.0,0,9664.65159190962,11567.96182672037,-0.1645328938079973,0.0
2023-04-02,BASE,9664.65159190962,0.0,0,9664.65159190962,11567.96182672037,-0.1645328938079973,0.0
2023-04-03,BASE,9664.65159190962,0.0,0,9664.65159190962,11567.96182672037,-0.1645328938079973,0.0
2023-04-04,BASE,9664.65159190962,0.0,0,9664.65159190962,11567.96182672037,-0.1645328938079973,0.0
2023-04-05,BASE,9664.65159190962,0.0,0,9664.65159190962,11567.96182672037,-0.1645328938079973,0.0
2023-04-06,BASE,7731.721273527696,2010.247531117201,1,9741.968804644897,11567.96182672037,-0.15784915695846125,0.008000000000000007
2023-04-07,BASE,7731.721273527696,2010.247531117201,1,9741.968804644897,11567.96182672037,-0.15784915695846125,0.0
2023-04-08,BASE,7731.721273527696,2010.247531117201,1,9741.968804644897,11567.96182672037,-0.15784915695846125,0.0
2023-04-09,BASE,7731.721273527696,2010.247531117201,1,9741.968804644897,11567.96182672037,-0.15784915695846125,0.0
2023-04-10,BASE,7731.721273527696,2010.247531117201,1,9741.968804644897,11567.96182672037,-0.15784915695846125,0.0
2023-04-11,BASE,9741.968804644897,0.0,0,9741.968804644897,11567.96182672037,-0.15784915695846125,0.0
2023-04-12,BASE,7793.575043715918,1909.4258857104,1,9703.000929426318,11567.96182672037,-0.1612177603306274,-0.0040000000000000036
2023-04-13,BASE,9703.000929426318,0.0,0,9703.000929426318,11567.96182672037,-0.1612177603306274,0.0
2023-04-14,BASE,9703.000929426318,0.0,0,9703.000929426318,11567.96182672037,-0.1612177603306274,0.0
2023-04-15,BASE,9703.000929426318,0.0,0,9703.000929426318,11567.96182672037,-0.1612177603306274,0.0
2023-04-16,BASE,9703.000929426318,0.0,0,9703.000929426318,11567.96182672037,-0.1612177603306274,0.0
2023-04-17,BASE,7762.400743541055,1901.7881821675585,1,9664.188925708613,11567.96182672037,-0.1645728892893049,-0.0040000000000000036
2023-04-18,BASE,7731.3511405668905,1894.1810294388881,1,9625.53217000578,11567.96182672037,-0.16791459773214756,-0.0039999999999998925
2023-04-19,BASE,7700.425736004623,1932.5933551146352,1,9633.019091119259,11567.96182672037,-0.16726738595658786,0.00077781892795592
2023-04-20,BASE,5775.319302003467,3877.526981073759,2,9652.846283077226,11567.96182672037,-0.16555341142460334,0.0020582531572315155
2023-04-21,BASE,3850.2128680023106,5764.131286394892,3,9614.344154397204,11567.96182672037,-0.1688817530336747,-0.003988681426277507
2023-04-22,BASE,3850.2128680023106,5764.131286394892,3,9614.344154397204,11567.96182672037,-0.1688817530336747,0.0
2023-04-23,BASE,3850.2128680023106,5764.131286394892,3,9614.344154397204,11567.96182672037,-0.1688817530336747,0.0
2023-04-24,BASE,1925.1064340011546,7650.735591716025,4,9575.84202571718,11567.96182672037,-0.17221009464274617,-0.004004654718170686
2023-04-25,BASE,5698.315044643421,3877.526981073759,2,9575.84202571718,11567.96182672037,-0.17221009464274617,0.0
2023-04-26,BASE,0.0,9766.406183702393,5,9766.406183702393,11567.96182672037,-0.1557366517977813,0.019900511879104466
2023-04-27,BASE,1978.9061819863882,7787.500001716005,4,9766.406183702393,11567.96182672037,-0.1557366517977813,0.0
2023-04-28,BASE,7750.779229328155,2015.6269543742367,1,9766.406183702393,11567.96182672037,-0.1557366517977813,0.0
2023-04-29,BASE,7750.779229328155,2015.6269543742367,1,9766.406183702393,11567.96182672037,-0.1557366517977813,0.0
2023-04-30,BASE,7750.779229328155,2015.6269543742367,1,9766.406183702393,11567.96182672037,-0.1557366517977813,0.0
2023-05-01,BASE,7813.124946961914,1914.2156120056688,1,9727.340558967582,11567.96182672037,-0.15911370519059032,-0.004000000000000115
2023-05-02,BASE,5836.40433538055,3929.8455858229036,2,9766.249921203453,11567.96182672037,-0.15575016001135267,0.0040000000000000036
2023-05-03,BASE,7812.999936962762,1914.1849845558768,1,9727.18492151864,11567.96182672037,-0.15912715937130717,-0.0039999999999998925
2023-05-04,BASE,9727.18492151864,0.0,0,9727.18492151864,11567.96182672037,-0.15912715937130717,0.0
2023-05-05,BASE,5836.310952911184,3813.056489235307,2,9649.367442146491,11567.96182672037,-0.16585414209633664,-0.007999999999999896
2023-05-06,BASE,5836.310952911184,3813.056489235307,2,9649.367442146491,11567.96182672037,-0.16585414209633664,0.0
2023-05-07,BASE,5836.310952911184,3813.056489235307,2,9649.367442146491,11567.96182672037,-0.16585414209633664,0.0
2023-05-08,BASE,5836.310952911184,3813.056489235307,2,9649.367442146491,11567.96182672037,-0.16585414209633664,0.0
2023-05-09,BASE,5836.310952911184,3813.056489235307,2,9649.367442146491,11567.96182672037,-0.16585414209633664,0.0
2023-05-10,BASE,9649.367442146491,0.0,0,9649.367442146491,11567.96182672037,-0.16585414209633664,0.0
2023-05-11,BASE,9649.367442146491,0.0,0,9649.367442146491,11567.96182672037,-0.16585414209633664,0.0
2023-05-12,BASE,9649.367442146491,0.0,0,9649.367442146491,11567.96182672037,-0.16585414209633664,0.0
2023-05-13,BASE,9649.367442146491,0.0,0,9649.367442146491,11567.96182672037,-0.16585414209633664,0.0
2023-05-14,BASE,9649.367442146491,0.0,0,9649.367442146491,11567.96182672037,-0.16585414209633664,0.0
2023-05-15,BASE,9649.367442146491,0.0,0,9649.367442146491,11567.96182672037,-0.16585414209633664,0.0
2023-05-16,BASE,9649.367442146491,0.0,0,9649.367442146491,11567.96182672037,-0.16585414209633664,0.0
2023-05-17,BASE,9649.367442146491,0.0,0,9649.367442146491,11567.96182672037,-0.16585414209633664,0.0
2023-05-18,BASE,9649.367442146491,0.0,0,9649.367442146491,11567.96182672037,-0.16585414209633664,0.0
2023-05-19,BASE,9649.367442146491,0.0,0,9649.367442146491,11567.96182672037,-0.16585414209633664,0.0
2023-05-20,BASE,9649.367442146491,0.0,0,9649.367442146491,11567.96182672037,-0.16585414209633664,0.0
2023-05-21,BASE,9649.367442146491,0.0,0,9649.367442146491,11567.96182672037,-0.16585414209633664,0.0
2023-05-22,BASE,9649.367442146491,0.0,0,9649.367442146491,11567.96182672037,-0.16585414209633664,0.0
2023-05-23,BASE,7719.493953717193,1891.2760186607125,1,9610.769972377906,11567.96182672037,-0.16919072552795122,-0.0039999999999998925
2023-05-24,BASE,1929.8734884292983,7776.343393153703,4,9706.216881583001,11567.96182672037,-0.16093975525031545,0.009931244788858429
2023-05-25,BASE,5828.217935056481,3877.99894652652,2,9706.216881583001,11567.96182672037,-0.16093975525031545,0.0
2023-05-26,BASE,5828.217935056481,3877.99894652652,2,9706.216881583001,11567.96182672037,-0.16093975525031545,0.0
2023-05-27,BASE,5828.217935056481,3877.99894652652,2,9706.216881583001,11567.96182672037,-0.16093975525031545,0.0
2023-05-28,BASE,5828.217935056481,3877.99894652652,2,9706.216881583001,11567.96182672037,-0.16093975525031545,0.0
2023-05-29,BASE,5828.217935056481,3877.99894652652,2,9706.216881583001,11567.96182672037,-0.16093975525031545,0.0
2023-05-30,BASE,5828.217935056481,3877.99894652652,2,9706.216881583001,11567.96182672037,-0.16093975525031545,0.0
2023-05-31,BASE,7719.493953717194,1986.7229278658072,1,9706.216881583001,11567.96182672037,-0.16093975525031545,0.0
2023-06-01,BASE,9706.216881583001,0.0,0,9706.216881583001,11567.96182672037,-0.16093975525031545,0.0
2023-06-02,BASE,7764.973505266401,2018.8931113692643,1,9783.866616635665,11567.96182672037,-0.154227273292318,0.008000000000000007
2023-06-03,BASE,9783.866616635665,0.0,0,9783.866616635665,11567.96182672037,-0.154227273292318,0.0
2023-06-04,BASE,9783.866616635665,0.0,0,9783.866616635665,11567.96182672037,-0.154227273292318,0.0
2023-06-05,BASE,9783.866616635665,0.0,0,9783.866616635665,11567.96182672037,-0.154227273292318,0.0
2023-06-06,BASE,7827.093293308532,1917.6378568605903,1,9744.731150169122,11567.96182672037,-0.15761036419914876,-0.0040000000000000036
2023-06-07,BASE,9744.731150169122,0.0,0,9744.731150169122,11567.96182672037,-0.15761036419914876,0.0
2023-06-08,BASE,0.0,10102.164933302432,5,10102.164933302432,11567.96182672037,-0.12671176784419813,0.036679696712526244
2023-06-09,BASE,4053.808158470354,6048.356774832078,3,10102.164933302432,11567.96182672037,-0.12671176784419813,0.0
2023-06-10,BASE,4053.808158470354,6048.356774832078,3,10102.164933302432,11567.96182672037,-0.12671176784419813,0.0
2023-06-11,BASE,4053.808158470354,6048.356774832078,3,10102.164933302432,11567.96182672037,-0.12671176784419813,0.0
2023-06-12,BASE,6080.712237705531,4021.4526955969013,2,10102.164933302432,11567.96182672037,-0.12671176784419813,0.0
2023-06-13,BASE,8107.616316940708,1994.5486163617234,1,10102.164933302432,11567.96182672037,-0.12671176784419813,0.0
2023-06-14,BASE,4084.991298150895,6057.399885339435,3,10142.39118349033,11567.96182672037,-0.12323438342761217,0.003981943519382636
2023-06-15,BASE,8050.626173719627,2091.765009770703,1,10142.39118349033,11567.96182672037,-0.12323438342761217,0.0
2023-06-16,BASE,6038.23843709672,4063.904991661152,2,10102.143428757872,11567.96182672037,-0.12671362681856901,-0.003968270795744133
2023-06-17,BASE,8010.378418987169,2091.765009770703,1,10102.143428757872,11567.96182672037,-0.12671362681856901,0.0
2023-06-18,BASE,8010.378418987169,2091.765009770703,1,10102.143428757872,11567.96182672037,-0.12671362681856901,0.0
2023-06-19,BASE,8010.378418987169,2091.765009770703,1,10102.143428757872,11567.96182672037,-0.12671362681856901,0.0
2023-06-20,BASE,6061.286057254723,3960.0402240730855,2,10021.326281327809,11567.96182672037,-0.13369991780402057,-0.008000000000000007
2023-06-21,BASE,0.0,9966.958390743219,5,9966.958390743219,11567.96182672037,-0.1383997855420872,-0.005425219083614818
2023-06-22,BASE,5924.220175213336,4042.738215529882,2,9966.958390743217,11567.96182672037,-0.13839978554208743,-2.220446049250313e-16
2023-06-23,BASE,7888.4001263535865,2078.558264389632,1,9966.958390743219,11567.96182672037,-0.1383997855420872,2.220446049250313e-16
2023-06-24,BASE,7888.4001263535865,2078.558264389632,1,9966.958390743219,11567.96182672037,-0.1383997855420872,0.0
2023-06-25,BASE,7888.4001263535865,2078.558264389632,1,9966.958390743219,11567.96182672037,-0.1383997855420872,0.0
2023-06-26,BASE,5908.250706881156,4019.1046954726144,2,9927.355402353769,11567.96182672037,-0.14182329168627006,-0.003973427683437558
2023-06-27,BASE,1932.110672580514,8231.9121883886,4,10164.022860969115,11567.96182672037,-0.12136441896863392,0.023839930074351035
2023-06-28,BASE,4010.6689369701458,6153.353923998969,3,10164.022860969115,11567.96182672037,-0.12136441896863392,0.0
2023-06-29,BASE,4010.6689369701458,6153.353923998969,3,10164.022860969115,11567.96182672037,-0.12136441896863392,0.0
2023-06-30,BASE,6061.786911636469,4102.235949332646,2,10164.022860969115,11567.96182672037,-0.12136441896863392,0.0
2023-07-01,BASE,6061.786911636469,4102.235949332646,2,10164.022860969115,11567.96182672037,-0.12136441896863392,0.0
2023-07-02,BASE,6061.786911636469,4102.235949332646,2,10164.022860969115,11567.96182672037,-0.12136441896863392,0.0
2023-07-03,BASE,6061.786911636469,4102.235949332646,2,10164.022860969115,11567.96182672037,-0.12136441896863392,0.0
2023-07-04,BASE,6061.786911636469,4102.235949332646,2,10164.022860969115,11567.96182672037,-0.12136441896863392,0.0
2023-07-05,BASE,10164.022860969115,0.0,0,10164.022860969115,11567.96182672037,-0.12136441896863392,0.0
2023-07-06,BASE,8131.2182887752915,2114.1167550815762,1,10245.335043856867,11567.96182672037,-0.11433533432038312,0.008000000000000007
2023-07-07,BASE,6098.413716581468,4228.2335101631525,2,10326.64722674462,11567.96182672037,-0.10730624967213209,0.00793650793650813
2023-07-08,BASE,6098.413716581468,4228.2335101631525,2,10326.64722674462,11567.96182672037,-0.10730624967213209,0.0
2023-07-09,BASE,6098.413716581468,4228.2335101631525,2,10326.64722674462,11567.96182672037,-0.10730624967213209,0.0
2023-07-10,BASE,0.0,10371.11716670799,5,10371.11716670799,11567.96182672037,-0.10346201672690825,0.004306328955268057
2023-07-11,BASE,2065.3294453489243,8387.42515297837,4,10452.754598327294,11567.96182672037,-0.09640481574006432,0.007871614051508935
2023-07-12,BASE,4179.4462004305005,6273.308397896795,3,10452.754598327296,11567.96182672037,-0.09640481574006421,2.220446049250313e-16
2023-07-13,BASE,6302.019422532403,4150.735175794893,2,10452.754598327296,11567.96182672037,-0.09640481574006421,0.0
2023-07-14,BASE,8416.136177613978,2036.6184207133163,1,10452.754598327294,11567.96182672037,-0.09640481574006432,-2.220446049250313e-16
2023-07-15,BASE,8416.136177613978,2036.6184207133163,1,10452.754598327294,11567.96182672037,-0.09640481574006432,0.0
2023-07-16,BASE,8416.136177613978,2036.6184207133163,1,10452.754598327294,11567.96182672037,-0.09640481574006432,0.0
2023-07-17,BASE,10452.754598327294,0.0,0,10452.754598327294,11567.96182672037,-0.09640481574006432,0.0
2023-07-18,BASE,10452.754598327294,0.0,0,10452.754598327294,11567.96182672037,-0.09640481574006432,0.0
2023-07-19,BASE,8362.203678661836,2048.73990127215,1,10410.943579933984,11567.96182672037,-0.10001919647710411,-0.0040000000000000036
2023-07-20,BASE,10410.943579933984,0.0,0,10410.943579933984,11567.96182672037,-0.10001919647710411,0.0
2023-07-21,BASE,2082.1887159867974,8194.886423068934,4,10277.07513905573,11567.96182672037,-0.11159154110302061,-0.012858434958409659
2023-07-22,BASE,8203.82354098798,2073.2515980677513,1,10277.07513905573,11567.96182672037,-0.11159154110302061,0.0
2023-07-23,BASE,8203.82354098798,2073.2515980677513,1,10277.07513905573,11567.96182672037,-0.11159154110302061,0.0
2023-07-24,BASE,2032.2161868031135,8244.858952252618,4,10277.07513905573,11567.96182672037,-0.11159154110302061,0.0
2023-07-25,BASE,4048.2745891701697,6228.800549885562,3,10277.07513905573,11567.96182672037,-0.11159154110302061,0.0
2023-07-26,BASE,6064.332991537226,4212.742147518506,2,10277.07513905573,11567.96182672037,-0.11159154110302061,0.0
2023-07-27,BASE,4089.418638198069,6105.368402801863,3,10194.787040999932,11567.96182672037,-0.1187049893740656,-0.008006956934963005
2023-07-28,BASE,8178.728638632876,2016.0584023670563,1,10194.787040999932,11567.96182672037,-0.1187049893740656,0.0
2023-07-29,BASE,8178.728638632876,2016.0584023670563,1,10194.787040999932,11567.96182672037,-0.1187049893740656,0.0
2023-07-30,BASE,8178.728638632876,2016.0584023670563,1,10194.787040999932,11567.96182672037,-0.1187049893740656,0.0
2023-07-31,BASE,8178.728638632876,2016.0584023670563,1,10194.787040999932,11567.96182672037,-0.1187049893740656,0.0
2023-08-01,BASE,8155.829632799946,2120.515704527986,1,10276.345337327932,11567.96182672037,-0.11165462928905812,0.008000000000000007
2023-08-02,BASE,8155.829632799946,2120.515704527986,1,10276.345337327932,11567.96182672037,-0.11165462928905812,0.0
2023-08-03,BASE,4077.9148163999735,6116.87222459996,3,10194.787040999934,11567.96182672037,-0.11870498937406537,-0.007936507936507797
2023-08-04,BASE,2038.9574081999865,8115.050484635947,4,10154.007892835934,11567.96182672037,-0.12223016941656917,-0.0040000000000000036
2023-08-05,BASE,4037.1356682359738,6116.87222459996,3,10154.007892835933,11567.96182672037,-0.12223016941656928,-2.220446049250313e-16
2023-08-06,BASE,4037.1356682359738,6116.87222459996,3,10154.007892835933,11567.96182672037,-0.12223016941656928,0.0
2023-08-07,BASE,6157.651372763959,3996.3565200719736,2,10154.007892835933,11567.96182672037,-0.12223016941656928,0.0
2023-08-08,BASE,8155.829632799946,1998.1782600359868,1,10154.007892835933,11567.96182672037,-0.12223016941656928,0.0
2023-08-09,BASE,10154.007892835933,0.0,0,10154.007892835933,11567.96182672037,-0.12223016941656928,0.0
2023-08-10,BASE,10154.007892835933,0.0,0,10154.007892835933,11567.96182672037,-0.12223016941656928,0.0
2023-08-11,BASE,10154.007892835933,0.0,0,10154.007892835933,11567.96182672037,-0.12223016941656928,0.0
2023-08-12,BASE,10154.007892835933,0.0,0,10154.007892835933,11567.96182672037,-0.12223016941656928,0.0
2023-08-13,BASE,10154.007892835933,0.0,0,10154.007892835933,11567.96182672037,-0.12223016941656928,0.0
2023-08-14,BASE,8123.206314268746,1990.185546995843,1,10113.391861264588,11567.96182672037,-0.12574124873890302,-0.0040000000000000036
2023-08-15,BASE,10113.391861264588,0.0,0,10113.391861264588,11567.96182672037,-0.12574124873890302,0.0
2023-08-16,BASE,8090.71348901167,1982.2248048078593,1,10072.93829381953,11567.96182672037,-0.1292382837439474,-0.0040000000000000036
2023-08-17,BASE,8090.71348901167,1982.2248048078593,1,10072.93829381953,11567.96182672037,-0.1292382837439474,0.0
2023-08-18,BASE,8058.3506350556245,1974.2959055886276,1,10032.646540644251,11567.96182672037,-0.13272133060897173,-0.004000000000000115
2023-08-19,BASE,8058.3506350556245,1974.2959055886276,1,10032.646540644251,11567.96182672037,-0.13272133060897173,0.0
2023-08-20,BASE,8058.3506350556245,1974.2959055886276,1,10032.646540644251,11567.96182672037,-0.13272133060897173,0.0
2023-08-21,BASE,8058.3506350556245,1974.2959055886276,1,10032.646540644251,11567.96182672037,-0.13272133060897173,0.0
2023-08-22,BASE,6043.762976291719,3948.5918111772553,2,9992.354787468974,11567.96182672037,-0.13620437747399583,-0.004016064257028051
2023-08-23,BASE,6011.529573751495,4061.0863860426325,2,10072.615959794128,11567.96182672037,-0.1292661481188676,0.008032258064516018
2023-08-24,BASE,10072.615959794128,0.0,0,10072.615959794128,11567.96182672037,-0.1292661481188676,0.0
2023-08-25,BASE,8058.092767835302,2095.104119637179,1,10153.19688747248,11567.96182672037,-0.12230027730381854,0.008000000000000007
2023-08-26,BASE,8058.092767835302,2095.104119637179,1,10153.19688747248,11567.96182672037,-0.12230027730381854,0.0
2023-08-27,BASE,8058.092767835302,2095.104119637179,1,10153.19688747248,11567.96182672037,-0.12230027730381854,0.0
2023-08-28,BASE,6043.569575876476,4069.3368477568283,2,10112.906423633303,11567.96182672037,-0.12578321271134318,-0.003968253968254065
2023-08-29,BASE,10112.906423633303,0.0,0,10112.906423633303,11567.96182672037,-0.12578321271134318,0.0
2023-08-30,BASE,10112.906423633303,0.0,0,10112.906423633303,11567.96182672037,-0.12578321271134318,0.0
2023-08-31,BASE,10112.906423633303,0.0,0,10112.906423633303,11567.96182672037,-0.12578321271134318,0.0
2023-09-01,BASE,8090.325138906643,1982.1296590321274,1,10072.45479793877,11567.96182672037,-0.12928007986049783,-0.0040000000000000036
2023-09-02,BASE,8090.325138906643,1982.1296590321274,1,10072.45479793877,11567.96182672037,-0.12928007986049783,0.0
2023-09-03,BASE,8090.325138906643,1982.1296590321274,1,10072.45479793877,11567.96182672037,-0.12928007986049783,0.0
2023-09-04,BASE,8090.325138906643,1982.1296590321274,1,10072.45479793877,11567.96182672037,-0.12928007986049783,0.0
2023-09-05,BASE,10072.45479793877,0.0,0,10072.45479793877,11567.96182672037,-0.12928007986049783,0.0
2023-09-06,BASE,10072.45479793877,0.0,0,10072.45479793877,11567.96182672037,-0.12928007986049783,0.0
2023-09-07,BASE,10072.45479793877,0.0,0,10072.45479793877,11567.96182672037,-0.12928007986049783,0.0
2023-09-08,BASE,10072.45479793877,0.0,0,10072.45479793877,11567.96182672037,-0.12928007986049783,0.0
2023-09-09,BASE,10072.45479793877,0.0,0,10072.45479793877,11567.96182672037,-0.12928007986049783,0.0
2023-09-10,BASE,10072.45479793877,0.0,0,10072.45479793877,11567.96182672037,-0.12928007986049783,0.0
2023-09-11,BASE,10072.45479793877,0.0,0,10072.45479793877,11567.96182672037,-0.12928007986049783,0.0
2023-09-12,BASE,8057.9638383510155,2037.6454681191585,1,10095.609306470174,11567.96182672037,-0.12727847327860875,0.002298794980558627
2023-09-13,BASE,4028.981919175507,5986.047748911156,3,10015.029668086663,11567.96182672037,-0.13424423263972496,-0.007981651818862345
2023-09-14,BASE,3996.7500638221027,5978.1509443495725,3,9974.901008171675,11567.96182672037,-0.1377131808015607,-0.00400684383820249
2023-09-15,BASE,1990.3170680726998,7944.455280183987,4,9934.772348256687,11567.96182672037,-0.14118212896339644,-0.004022963223606291
2023-09-16,BASE,1990.3170680726998,7944.455280183987,4,9934.772348256687,11567.96182672037,-0.14118212896339644,0.0
2023-09-17,BASE,1990.3170680726998,7944.455280183987,4,9934.772348256687,11567.96182672037,-0.14118212896339644,0.0
2023-09-18,BASE,0.0,9855.481984087313,5,9855.481984087313,11567.96182672037,-0.1480364361747346,-0.007981095226936685
2023-09-19,BASE,5922.873312418484,3932.6086716688296,2,9855.481984087313,11567.96182672037,-0.1480364361747346,0.0
2023-09-20,BASE,5922.873312418484,3932.6086716688296,2,9855.481984087313,11567.96182672037,-0.1480364361747346,0.0
2023-09-21,BASE,7884.3855872698505,1931.6744688811136,1,9816.060056150964,11567.96182672037,-0.1514442904300357,-0.0040000000000000036
2023-09-22,BASE,5913.289190452388,3863.3489377622273,2,9776.638128214614,11567.96182672037,-0.1548521446853368,-0.004016064257028162
2023-09-23,BASE,5913.289190452388,3863.3489377622273,2,9776.638128214614,11567.96182672037,-0.1548521446853368,0.0
2023-09-24,BASE,5913.289190452388,3863.3489377622273,2,9776.638128214614,11567.96182672037,-0.1548521446853368,0.0
2023-09-25,BASE,5913.289190452388,3863.3489377622273,2,9776.638128214614,11567.96182672037,-0.1548521446853368,0.0
2023-09-26,BASE,7844.963659333502,1931.6744688811134,1,9776.638128214616,11567.96182672037,-0.1548521446853366,2.220446049250313e-16
2023-09-27,BASE,7844.963659333502,1931.6744688811134,1,9776.638128214616,11567.96182672037,-0.1548521446853366,0.0
2023-09-28,BASE,7844.963659333502,1931.6744688811134,1,9776.638128214616,11567.96182672037,-0.1548521446853366,0.0
2023-09-29,BASE,9776.638128214616,0.0,0,9776.638128214616,11567.96182672037,-0.1548521446853366,0.0
2023-09-30,BASE,9776.638128214616,0.0,0,9776.638128214616,11567.96182672037,-0.1548521446853366,0.0
2023-10-01,BASE,9776.638128214616,0.0,0,9776.638128214616,11567.96182672037,-0.1548521446853366,0.0
2023-10-02,BASE,7821.310502571692,1916.2210731300647,1,9737.531575701756,11567.96182672037,-0.15823273610659538,-0.004000000000000115
2023-10-03,BASE,9737.531575701756,0.0,0,9737.531575701756,11567.96182672037,-0.15823273610659538,0.0
2023-10-04,BASE,9737.531575701756,0.0,0,9737.531575701756,11567.96182672037,-0.15823273610659538,0.0
2023-10-05,BASE,7790.025260561405,2025.4065677459653,1,9815.43182830737,11567.96182672037,-0.15149859799544818,0.008000000000000007
2023-10-06,BASE,7790.025260561405,2025.4065677459653,1,9815.43182830737,11567.96182672037,-0.15149859799544818,0.0
2023-10-07,BASE,7790.025260561405,2025.4065677459653,1,9815.43182830737,11567.96182672037,-0.15149859799544818,0.0
2023-10-08,BASE,7790.025260561405,2025.4065677459653,1,9815.43182830737,11567.96182672037,-0.15149859799544818,0.0
2023-10-09,BASE,7852.345462645896,2024.0660301419393,1,9876.411492787836,11567.96182672037,-0.14622717115346018,0.006212631858397044
2023-10-10,BASE,7852.345462645896,2024.0660301419393,1,9876.411492787836,11567.96182672037,-0.14622717115346018,0.0
2023-10-11,BASE,7852.345462645896,2024.0660301419393,1,9876.411492787836,11567.96182672037,-0.14622717115346018,0.0
2023-10-12,BASE,7852.345462645896,2024.0660301419393,1,9876.411492787836,11567.96182672037,-0.14622717115346018,0.0
2023-10-13,BASE,7852.345462645896,2024.0660301419393,1,9876.411492787836,11567.96182672037,-0.14622717115346018,0.0
2023-10-14,BASE,7852.345462645896,2024.0660301419393,1,9876.411492787836,11567.96182672037,-0.14622717115346018,0.0
2023-10-15,BASE,7852.345462645896,2024.0660301419393,1,9876.411492787836,11567.96182672037,-0.14622717115346018,0.0
2023-10-16,BASE,3950.5645971151334,5807.329957759248,3,9757.894554874381,11567.96182672037,-0.15647244509961877,-0.012000000000000122
2023-10-17,BASE,7822.117902287966,1935.776652586416,1,9757.894554874381,11567.96182672037,-0.15647244509961877,0.0
2023-10-18,BASE,5862.63786211886,3856.067091952141,2,9718.704954071,11567.96182672037,-0.15986021568448172,-0.004016194331983747
2023-10-19,BASE,7798.414514705276,1920.2904393657245,1,9718.704954071,11567.96182672037,-0.15986021568448172,0.0
2023-10-20,BASE,5831.2229724426,3809.732341995832,2,9640.955314438432,11567.96182672037,-0.16658133395900587,-0.008000000000000007
2023-10-21,BASE,7736.089143440516,1904.866170997916,1,9640.955314438432,11567.96182672037,-0.16658133395900587,0.0
2023-10-22,BASE,7736.089143440516,1904.866170997916,1,9640.955314438432,11567.96182672037,-0.16658133395900587,0.0
2023-10-23,BASE,7712.764251550745,1889.6272416299325,1,9602.391493180678,11567.96182672037,-0.16991500862316988,-0.0040000000000000036
2023-10-24,BASE,5784.573188663058,3779.254483259865,2,9563.827671922923,11567.96182672037,-0.1732486832873339,-0.004016064257028162
2023-10-25,BASE,9563.827671922923,0.0,0,9563.827671922923,11567.96182672037,-0.1732486832873339,0.0
2023-10-26,BASE,9563.827671922923,0.0,0,9563.827671922923,11567.96182672037,-0.1732486832873339,0.0
2023-10-27,BASE,5738.296603153754,3978.552311519936,2,9716.84891467369,11567.96182672037,-0.16002066221993128,0.016000000000000014
2023-10-28,BASE,5738.296603153754,3978.552311519936,2,9716.84891467369,11567.96182672037,-0.16002066221993128,0.0
2023-10-29,BASE,5738.296603153754,3978.552311519936,2,9716.84891467369,11567.96182672037,-0.16002066221993128,0.0
2023-10-30,BASE,5738.296603153754,3978.552311519936,2,9716.84891467369,11567.96182672037,-0.16002066221993128,0.0
2023-10-31,BASE,5738.296603153754,3978.552311519936,2,9716.84891467369,11567.96182672037,-0.16002066221993128,0.0
2023-11-01,BASE,7727.572758913722,1989.276155759968,1,9716.84891467369,11567.96182672037,-0.16002066221993128,0.0
2023-11-02,BASE,9716.84891467369,0.0,0,9716.84891467369,11567.96182672037,-0.16002066221993128,0.0
2023-11-03,BASE,9716.84891467369,0.0,0,9716.84891467369,11567.96182672037,-0.16002066221993128,0.0
2023-11-04,BASE,9716.84891467369,0.0,0,9716.84891467369,11567.96182672037,-0.16002066221993128,0.0
2023-11-05,BASE,9716.84891467369,0.0,0,9716.84891467369,11567.96182672037,-0.16002066221993128,0.0
2023-11-06,BASE,9716.84891467369,0.0,0,9716.84891467369,11567.96182672037,-0.16002066221993128,0.0
2023-11-07,BASE,9716.84891467369,0.0,0,9716.84891467369,11567.96182672037,-0.16002066221993128,0.0
2023-11-08,BASE,9716.84891467369,0.0,0,9716.84891467369,11567.96182672037,-0.16002066221993128,0.0
2023-11-09,BASE,9716.84891467369,0.0,0,9716.84891467369,11567.96182672037,-0.16002066221993128,0.0
2023-11-10,BASE,7773.479131738952,1904.5023872760432,1,9677.981519014995,11567.96182672037,-0.16338057957105157,-0.004000000000000115
2023-11-11,BASE,7773.479131738952,1904.5023872760432,1,9677.981519014995,11567.96182672037,-0.16338057957105157,0.0
2023-11-12,BASE,7773.479131738952,1904.5023872760432,1,9677.981519014995,11567.96182672037,-0.16338057957105157,0.0
2023-11-13,BASE,7742.385215211996,2013.020155955119,1,9755.405371167115,11567.96182672037,-0.15668762420761995,0.008000000000000007
2023-11-14,BASE,7742.385215211996,2013.020155955119,1,9755.405371167115,11567.96182672037,-0.15668762420761995,0.0
2023-11-15,BASE,9755.405371167115,0.0,0,9755.405371167115,11567.96182672037,-0.15668762420761995,0.0
2023-11-16,BASE,7804.324296933692,1982.747056146014,1,9787.071353079706,11567.96182672037,-0.15395023776159567,0.0032459934475077556
2023-11-17,BASE,5853.243222700268,3987.7532134333537,2,9840.996436133622,11567.96182672037,-0.14928864880913584,0.005509828334596456
2023-11-18,BASE,5853.243222700268,3987.7532134333537,2,9840.996436133622,11567.96182672037,-0.14928864880913584,0.0
2023-11-19,BASE,5853.243222700268,3987.7532134333537,2,9840.996436133622,11567.96182672037,-0.14928864880913584,0.0
2023-11-20,BASE,5853.243222700268,3987.7532134333537,2,9840.996436133622,11567.96182672037,-0.14928864880913584,0.0
2023-11-21,BASE,5853.243222700268,3987.7532134333537,2,9840.996436133622,11567.96182672037,-0.14928864880913584,0.0
2023-11-22,BASE,5853.243222700268,3987.7532134333537,2,9840.996436133622,11567.96182672037,-0.14928864880913584,0.0
2023-11-23,BASE,5853.243222700268,3987.7532134333537,2,9840.996436133622,11567.96182672037,-0.14928864880913584,0.0
2023-11-24,BASE,5878.576008230341,3923.2721424909614,2,9801.848150721304,11567.96182672037,-0.15267284785808943,-0.003978081454086957
2023-11-25,BASE,5878.576008230341,3923.2721424909614,2,9801.848150721304,11567.96182672037,-0.15267284785808943,0.0
2023-11-26,BASE,5878.576008230341,3923.2721424909614,2,9801.848150721304,11567.96182672037,-0.15267284785808943,0.0
2023-11-27,BASE,7883.582165517681,1918.265985203622,1,9801.848150721302,11567.96182672037,-0.15267284785808966,-2.220446049250313e-16
2023-11-28,BASE,7841.478520577043,1921.1622375413756,1,9762.64075811842,11567.96182672037,-0.156062156466657,-0.0039999999999996705
2023-11-29,BASE,5881.108890432783,3842.324475082751,2,9723.433365515533,11567.96182672037,-0.15945146507522479,-0.004016064257028162
2023-11-30,BASE,5849.742976350474,3834.6398261325858,2,9684.38280248306,11567.96182672037,-0.16282721644935805,-0.004016129032258009
2023-12-01,BASE,5818.502525924496,3826.985915778221,2,9645.488441702717,11567.96182672037,-0.1661894648179949,-0.004016194069731638
2023-12-02,BASE,5818.502525924496,3826.985915778221,2,9645.488441702717,11567.96182672037,-0.1661894648179949,0.0
2023-12-03,BASE,5818.502525924496,3826.985915778221,2,9645.488441702717,11567.96182672037,-0.1661894648179949,0.0
2023-12-04,BASE,7724.326204161342,1921.1622375413756,1,9645.488441702717,11567.96182672037,-0.1661894648179949,0.0
2023-12-05,BASE,3858.1953766810857,5991.470916835051,3,9849.666293516137,11567.96182672037,-0.14853917733677258,0.021168223159197197
2023-12-06,BASE,3919.9265027079837,6007.521009602044,3,9927.447512310027,11567.96182672037,-0.14181532918106488,0.007896837971565818
2023-12-07,BASE,1975.396032860716,7913.160870052366,4,9888.556902913082,11567.96182672037,-0.14517725325891873,-0.003917483255259868
2023-12-08,BASE,1975.396032860716,7913.160870052366,4,9888.556902913082,11567.96182672037,-0.14517725325891873,0.0
2023-12-09,BASE,1975.396032860716,7913.160870052366,4,9888.556902913082,11567.96182672037,-0.14517725325891873,0.0
2023-12-10,BASE,1975.396032860716,7913.160870052366,4,9888.556902913082,11567.96182672037,-0.14517725325891873,0.0
2023-12-11,BASE,2021.6943773808896,7945.261055586352,4,9966.955432967241,11567.96182672037,-0.13840004122895944,0.007928207404162668
2023-12-12,BASE,3944.126826094093,6101.3148123461015,3,10045.441638440194,11567.96182672037,-0.13161525004027652,0.007874641960708306
2023-12-13,BASE,8007.079857032043,2038.3617814081517,1,10045.441638440196,11567.96182672037,-0.1316152500402764,2.220446049250313e-16
2023-12-14,BASE,10045.441638440196,0.0,0,10045.441638440196,11567.96182672037,-0.1316152500402764,0.0
2023-12-15,BASE,4018.176655376077,6152.7216628487495,3,10170.898318224827,11567.96182672037,-0.1207700655848053,0.012488916296577113
2023-12-16,BASE,4018.176655376077,6152.7216628487495,3,10170.898318224827,11567.96182672037,-0.1207700655848053,0.0
2023-12-17,BASE,4018.176655376077,6152.7216628487495,3,10170.898318224827,11567.96182672037,-0.1207700655848053,0.0
2023-12-18,BASE,4082.467481862095,6047.927615676542,3,10130.395097538636,11567.96182672037,-0.12427139289664291,-0.0039822658155587165
2023-12-19,BASE,2057.3064475525516,8103.880483097798,4,10161.18693065035,11567.96182672037,-0.12160957281347229,0.0030395490812786807
2023-12-20,BASE,4041.9642611759045,6119.222669474445,3,10161.18693065035,11567.96182672037,-0.12160957281347229,0.0
2023-12-21,BASE,7.843480831293618,10229.28957819229,5,10237.133059023585,11567.96182672037,-0.11504436024527298,0.007474139477165798
2023-12-22,BASE,4071.1132828844825,6166.019776139103,3,10237.133059023585,11567.96182672037,-0.11504436024527298,0.0
2023-12-23,BASE,4071.1132828844825,6166.019776139103,3,10237.133059023585,11567.96182672037,-0.11504436024527298,0.0
2023-12-24,BASE,4071.1132828844825,6166.019776139103,3,10237.133059023585,11567.96182672037,-0.11504436024527298,0.0
2023-12-25,BASE,4071.1132828844825,6166.019776139103,3,10237.133059023585,11567.96182672037,-0.11504436024527298,0.0
2023-12-26,BASE,4071.1132828844825,6166.019776139103,3,10237.133059023585,11567.96182672037,-0.11504436024527298,0.0
2023-12-27,BASE,8224.808956084937,2012.3241029386486,1,10237.133059023585,11567.96182672037,-0.11504436024527298,0.0
2023-12-28,BASE,8224.808956084937,2012.3241029386486,1,10237.133059023585,11567.96182672037,-0.11504436024527298,0.0
2023-12-29,BASE,10237.133059023585,0.0,0,10237.133059023585,11567.96182672037,-0.11504436024527298,0.0
2023-12-30,BASE,10237.133059023585,0.0,0,10237.133059023585,11567.96182672037,-0.11504436024527298,0.0
2023-12-31,BASE,10237.133059023585,0.0,0,10237.133059023585,11567.96182672037,-0.11504436024527298,0.0
2024-01-01,BASE,10237.133059023585,0.0,0,10237.133059023585,11567.96182672037,-0.11504436024527298,0.0
2024-01-02,BASE,10237.133059023585,0.0,0,10237.133059023585,11567.96182672037,-0.11504436024527298,0.0
2024-01-03,BASE,4094.8532236094334,6387.971028830718,3,10482.82425244015,11567.96182672037,-0.09380542489115962,0.02400000000000002
2024-01-04,BASE,0.0,10400.927187967964,5,10400.927187967964,11567.96182672037,-0.10088507000919722,-0.007812499999999778
2024-01-05,BASE,65.51765157775071,10417.96177737818,5,10483.47942895593,11567.96182672037,-0.09374878773021511,0.007937007874015745
2024-01-06,BASE,65.51765157775071,10417.96177737818,5,10483.47942895593,11567.96182672037,-0.09374878773021511,0.0
2024-01-07,BASE,65.51765157775071,10417.96177737818,5,10483.47942895593,11567.96182672037,-0.09374878773021511,0.0
2024-01-08,BASE,4201.319407423278,6282.160021532651,3,10483.479428955929,11567.96182672037,-0.09374878773021522,-2.220446049250313e-16
2024-01-09,BASE,8354.155752679022,2129.323676276906,1,10483.479428955929,11567.96182672037,-0.09374878773021522,0.0
2024-01-10,BASE,10483.479428955929,0.0,0,10483.479428955929,11567.96182672037,-0.09374878773021522,0.0
2024-01-11,BASE,10483.479428955929,0.0,0,10483.479428955929,11567.96182672037,-0.09374878773021522,0.0
2024-01-12,BASE,8386.783543164744,2054.7619680753623,1,10441.545511240107,11567.96182672037,-0.09737379257929424,-0.0039999999999997815
2024-01-13,BASE,8386.783543164744,2054.7619680753623,1,10441.545511240107,11567.96182672037,-0.09737379257929424,0.0
2024-01-14,BASE,8386.783543164744,2054.7619680753623,1,10441.545511240107,11567.96182672037,-0.09737379257929424,0.0
2024-01-15,BASE,8386.783543164744,2054.7619680753623,1,10441.545511240107,11567.96182672037,-0.09737379257929424,0.0
2024-01-16,BASE,8386.783543164744,2054.7619680753623,1,10441.545511240107,11567.96182672037,-0.09737379257929424,0.0
2024-01-17,BASE,6264.927306744063,4343.682932675885,2,10608.610239419948,11567.96182672037,-0.082931773260563,0.016000000000000014
2024-01-18,BASE,2088.3091022480194,8594.116004354844,4,10682.425106602863,11567.96182672037,-0.07655079895509698,0.006958014812216362
2024-01-19,BASE,2088.3091022480194,8594.116004354844,4,10682.425106602863,11567.96182672037,-0.07655079895509698,0.0
2024-01-20,BASE,2088.3091022480194,8594.116004354844,4,10682.425106602863,11567.96182672037,-0.07655079895509698,0.0
2024-01-21,BASE,2088.3091022480194,8594.116004354844,4,10682.425106602863,11567.96182672037,-0.07655079895509698,0.0
2024-01-22,BASE,6431.992034923905,4250.433071678958,2,10682.425106602863,11567.96182672037,-0.07655079895509698,0.0
2024-01-23,BASE,4310.269987039916,6457.024001478307,3,10767.293988518222,11567.96182672037,-0.06921425314118146,0.007944720516964043
2024-01-24,BASE,8688.702383177208,2078.5916053410156,1,10767.293988518224,11567.96182672037,-0.06921425314118124,2.220446049250313e-16
2024-01-25,BASE,6460.376393110935,4324.270300252614,2,10784.64669336355,11567.96182672037,-0.06771418726049672,0.0016116124314826674
2024-01-26,BASE,6460.376393110935,4324.270300252614,2,10784.64669336355,11567.96182672037,-0.06771418726049672,0.0
2024-01-27,BASE,6460.376393110935,4324.270300252614,2,10784.64669336355,11567.96182672037,-0.06771418726049672,0.0
2024-01-28,BASE,6460.376393110935,4324.270300252614,2,10784.64669336355,11567.96182672037,-0.06771418726049672,0.0
2024-01-29,BASE,6460.376393110935,4324.270300252614,2,10784.64669336355,11567.96182672037,-0.06771418726049672,0.0
2024-01-30,BASE,8570.766014860506,2213.8806785030415,1,10784.646693363547,11567.96182672037,-0.06771418726049683,-2.220446049250313e-16
2024-01-31,BASE,6425.921052347676,4444.519439516385,2,10870.440491864061,11567.96182672037,-0.06029768642952571,0.007955179334090623
2024-02-01,BASE,12.084376159878957,11053.688084646737,5,11065.772460806616,11567.96182672037,-0.04341208705873889,0.0179690941768873
2024-02-02,BASE,8842.926913511714,2222.8455472949017,1,11065.772460806616,11567.96182672037,-0.04341208705873889,0.0
2024-02-03,BASE,8842.926913511714,2222.8455472949017,1,11065.772460806616,11567.96182672037,-0.04341208705873889,0.0
2024-02-04,BASE,8842.926913511714,2222.8455472949017,1,11065.772460806616,11567.96182672037,-0.04341208705873889,0.0
2024-02-05,BASE,8842.926913511714,2222.8455472949017,1,11065.772460806616,11567.96182672037,-0.04341208705873889,0.0
2024-02-06,BASE,6642.955663074828,4378.817372723049,2,11021.773035797876,11567.96182672037,-0.04721564603203254,-0.003976172939085809
2024-02-07,BASE,6607.756123067838,4370.193485421336,2,10977.949608489174,11567.96182672037,-0.05100399076943263,-0.003976077820362134
2024-02-08,BASE,8830.60167036274,2147.347938126434,1,10977.949608489173,11567.96182672037,-0.05100399076943285,-1.1102230246251565e-16
2024-02-09,BASE,8830.60167036274,2147.347938126434,1,10977.949608489173,11567.96182672037,-0.05100399076943285,0.0
2024-02-10,BASE,8830.60167036274,2147.347938126434,1,10977.949608489173,11567.96182672037,-0.05100399076943285,0.0
2024-02-11,BASE,8830.60167036274,2147.347938126434,1,10977.949608489173,11567.96182672037,-0.05100399076943285,0.0
2024-02-12,BASE,6626.247063203164,4385.037923111031,2,11011.284986314195,11567.96182672037,-0.048122292305661785,0.0030365759557908767
2024-02-13,BASE,8773.595001329599,2237.689984984597,1,11011.284986314196,11567.96182672037,-0.048122292305661674,2.220446049250313e-16
2024-02-14,BASE,0.0,10967.548481589474,5,10967.548481589474,11567.96182672037,-0.05190312296363431,-0.003971971007841635
2024-02-15,BASE,0.0,10967.548481589474,5,10967.548481589474,11567.96182672037,-0.05190312296363431,0.0
2024-02-16,BASE,0.0,10967.548481589474,5,10967.548481589474,11567.96182672037,-0.05190312296363431,0.0
2024-02-17,BASE,0.0,10967.548481589474,5,10967.548481589474,11567.96182672037,-0.05190312296363431,0.0
2024-02-18,BASE,0.0,10967.548481589474,5,10967.548481589474,11567.96182672037,-0.05190312296363431,0.0
2024-02-19,BASE,0.0,10967.548481589474,5,10967.548481589474,11567.96182672037,-0.05190312296363431,0.0
2024-02-20,BASE,6541.046231512353,4426.502250077121,2,10967.548481589474,11567.96182672037,-0.05190312296363431,0.0
2024-02-21,BASE,4332.2450091351,6809.379070609918,3,11141.62407974502,11567.96182672037,-0.03685504442023402,0.015871878610589585
2024-02-22,BASE,8913.299263796016,2317.4578085869643,1,11230.757072382981,11567.96182672037,-0.029149884775595658,0.00800000000000023
2024-02-23,BASE,11230.757072382981,0.0,0,11230.757072382981,11567.96182672037,-0.029149884775595658,0.0
2024-02-24,BASE,11230.757072382981,0.0,0,11230.757072382981,11567.96182672037,-0.029149884775595658,0.0
2024-02-25,BASE,11230.757072382981,0.0,0,11230.757072382981,11567.96182672037,-0.029149884775595658,0.0
2024-02-26,BASE,11230.757072382981,0.0,0,11230.757072382981,11567.96182672037,-0.029149884775595658,0.0
2024-02-27,BASE,11230.757072382981,0.0,0,11230.757072382981,11567.96182672037,-0.029149884775595658,0.0
2024-02-28,BASE,11230.757072382981,0.0,0,11230.757072382981,11567.96182672037,-0.029149884775595658,0.0
2024-02-29,BASE,11230.757072382981,0.0,0,11230.757072382981,11567.96182672037,-0.029149884775595658,0.0
2024-03-01,BASE,11230.757072382981,0.0,0,11230.757072382981,11567.96182672037,-0.029149884775595658,0.0
2024-03-02,BASE,11230.757072382981,0.0,0,11230.757072382981,11567.96182672037,-0.029149884775595658,0.0
2024-03-03,BASE,11230.757072382981,0.0,0,11230.757072382981,11567.96182672037,-0.029149884775595658,0.0
2024-03-04,BASE,11230.757072382981,0.0,0,11230.757072382981,11567.96182672037,-0.029149884775595658,0.0
2024-03-05,BASE,6738.454243429787,4493.5613111296225,2,11232.01555455941,11567.96182672037,-0.02904109446358749,0.00011205675346004362
2024-03-06,BASE,0.0,11413.537981280522,5,11413.537981280522,11567.96182672037,-0.01334926997106356,0.01616116233452214
2024-03-07,BASE,0.0,11413.537981280522,5,11413.537981280522,11567.96182672037,-0.01334926997106356,0.0
2024-03-08,BASE,2201.2283861870646,9212.309595093457,4,11413.537981280522,11567.96182672037,-0.01334926997106356,0.0
2024-03-09,BASE,2201.2283861870646,9212.309595093457,4,11413.537981280522,11567.96182672037,-0.01334926997106356,0.0
2024-03-10,BASE,2201.2283861870646,9212.309595093457,4,11413.537981280522,11567.96182672037,-0.01334926997106356,0.0
2024-03-11,BASE,0.0,11369.51341355678,5,11369.51341355678,11567.96182672037,-0.01715500242274326,-0.0038572235704604774
2024-03-12,BASE,2274.399397095647,9140.225364634793,4,11414.62476173044,11567.96182672037,-0.013255322526717128,0.003967746598536825
2024-03-13,BASE,9068.834656700175,2345.790105030265,1,11414.62476173044,11567.96182672037,-0.013255322526717128,0.0
2024-03-14,BASE,6803.9542436235515,4565.372909845357,2,11369.327153468908,11567.96182672037,-0.01717110379744191,-0.003968383473576753
2024-03-15,BASE,2256.0743741656884,9383.951286274138,4,11640.025660439826,11640.025660439826,0.0,0.02380954504315791
2024-03-16,BASE,4602.128101246979,7037.8975591928465,3,11640.025660439826,11640.025660439826,0.0,0.0
2024-03-17,BASE,4602.128101246979,7037.8975591928465,3,11640.025660439826,11640.025660439826,0.0,0.0
2024-03-18,BASE,54.39318413555429,11727.160723769173,5,11781.553907904727,11781.553907904727,0.0,0.012158757342426219
2024-03-19,BASE,4746.23701624711,7035.316891657618,3,11781.553907904727,11781.553907904727,0.0,0.0
2024-03-20,BASE,4746.23701624711,7035.316891657618,3,11781.553907904727,11781.553907904727,0.0,0.0
2024-03-21,BASE,9457.11290022634,2324.441007678385,1,11781.553907904727,11781.553907904727,0.0,0.0
2024-03-22,BASE,9457.11290022634,2324.441007678385,1,11781.553907904727,11781.553907904727,0.0,0.0
2024-03-23,BASE,9457.11290022634,2324.441007678385,1,11781.553907904727,11781.553907904727,0.0,0.0
2024-03-24,BASE,9457.11290022634,2324.441007678385,1,11781.553907904727,11781.553907904727,0.0,0.0
2024-03-25,BASE,7068.932344742836,4654.438180381534,2,11723.37052512437,11781.553907904727,-0.004938515176790004,-0.004938515176790004
2024-03-26,BASE,7068.932344742836,4654.438180381534,2,11723.37052512437,11781.553907904727,-0.004938515176790004,0.0
2024-03-27,BASE,9378.116910692162,2345.2536144322075,1,11723.37052512437,11781.553907904727,-0.004938515176790004,0.0
2024-03-28,BASE,9378.116910692162,2345.2536144322075,1,11723.37052512437,11781.553907904727,-0.004938515176790004,0.0
2024-03-29,BASE,9378.116910692162,2345.2536144322075,1,11723.37052512437,11781.553907904727,-0.004938515176790004,0.0
2024-03-30,BASE,9378.116910692162,2345.2536144322075,1,11723.37052512437,11781.553907904727,-0.004938515176790004,0.0
2024-03-31,BASE,9378.116910692162,2345.2536144322075,1,11723.37052512437,11781.553907904727,-0.004938515176790004,0.0
2024-04-01,BASE,7031.23137223754,4645.201442117737,2,11676.432814355278,11781.553907904727,-0.008922515176789991,-0.0040037726922048655
2024-04-02,BASE,9341.146251484222,2428.698025385898,1,11769.84427687012,11781.553907904727,-0.0009938952982042615,0.008000000000000007
2024-04-03,BASE,9415.875421496097,2448.1276095889853,1,11864.003031085082,11864.003031085082,0.0,0.008000000000000007
2024-04-04,BASE,9491.202424868065,2325.3445940926763,1,11816.54701896074,11864.003031085082,-0.004000000000000115,-0.004000000000000115
2024-04-05,BASE,7089.928211376445,4773.88499566014,2,11863.813207036585,11864.003031085082,-1.6000000000016e-05,0.0040000000000000036
2024-04-06,BASE,7089.928211376445,4773.88499566014,2,11863.813207036585,11864.003031085082,-1.6000000000016e-05,0.0
2024-04-07,BASE,7089.928211376445,4773.88499566014,2,11863.813207036585,11864.003031085082,-1.6000000000016e-05,0.0
2024-04-08,BASE,7089.928211376445,4773.88499566014,2,11863.813207036585,11864.003031085082,-1.6000000000016e-05,0.0
2024-04-09,BASE,9547.76999132028,2316.0432157163054,1,11863.813207036585,11864.003031085082,-1.6000000000016e-05,0.0
2024-04-10,BASE,11863.813207036585,0.0,0,11863.813207036585,11864.003031085082,-1.6000000000016e-05,0.0
2024-04-11,BASE,9491.050565629268,2325.307388579171,1,11816.357954208439,11864.003031085082,-0.004015935999999942,-0.0039999999999998925
2024-04-12,BASE,11816.357954208439,0.0,0,11816.357954208439,11864.003031085082,-0.004015935999999942,0.0
2024-04-13,BASE,11816.357954208439,0.0,0,11816.357954208439,11864.003031085082,-0.004015935999999942,0.0
2024-04-14,BASE,11816.357954208439,0.0,0,11816.357954208439,11864.003031085082,-0.004015935999999942,0.0
2024-04-15,BASE,9453.08636336675,2316.006159024854,1,11769.092522391604,11864.003031085082,-0.007999872256000073,-0.004000000000000115
2024-04-16,BASE,7061.455513434964,4613.48426877751,2,11674.939782212474,11864.003031085082,-0.015935873277951762,-0.007999999999999785
2024-04-17,BASE,9368.19764782372,2306.742134388755,1,11674.939782212474,11864.003031085082,-0.015935873277951762,0.0
2024-04-18,BASE,7023.794417363311,4604.257300239955,2,11628.051717603266,11864.003031085082,-0.01988800178688388,-0.004016129032258009
2024-04-19,BASE,11628.051717603266,0.0,0,11628.051717603266,11864.003031085082,-0.01988800178688388,0.0
2024-04-20,BASE,11628.051717603266,0.0,0,11628.051717603266,11864.003031085082,-0.01988800178688388,0.0
2024-04-21,BASE,11628.051717603266,0.0,0,11628.051717603266,11864.003031085082,-0.01988800178688388,0.0
2024-04-22,BASE,9302.441374082613,2418.6347572614795,1,11721.076131344093,11864.003031085082,-0.012047105801178848,0.008000000000000007
2024-04-23,BASE,11721.076131344093,0.0,0,11721.076131344093,11864.003031085082,-0.012047105801178848,0.0
2024-04-24,BASE,9376.860905075275,2437.9838353195714,1,11814.844740394847,11864.003031085082,-0.004143482647588237,0.008000000000000007
2024-04-25,BASE,9451.875792315877,2457.487706002128,1,11909.363498318005,11909.363498318005,0.0,0.008000000000000007
2024-04-26,BASE,9451.875792315877,2457.487706002128,1,11909.363498318005,11909.363498318005,0.0,0.0
2024-04-27,BASE,9451.875792315877,2457.487706002128,1,11909.363498318005,11909.363498318005,0.0,0.0
2024-04-28,BASE,9451.875792315877,2457.487706002128,1,11909.363498318005,11909.363498318005,0.0,0.0
2024-04-29,BASE,9527.490798654404,2334.235245670329,1,11861.726044324732,11909.363498318005,-0.004000000000000115,-0.004000000000000115
2024-04-30,BASE,7145.6180989908025,4797.224537363116,2,11942.842636353918,11942.842636353918,0.0,0.006838515046298621
2024-05-01,BASE,2381.8726996636,9465.695028703773,4,11847.567728367372,11942.842636353918,-0.007977573755893808,-0.007977573755893808
2024-05-02,BASE,4716.107945333929,7131.459783033444,3,11847.567728367372,11942.842636353918,-0.007977573755893808,0.0
2024-05-03,BASE,9384.578436674587,2462.989291692787,1,11847.567728367374,11942.842636353918,-0.007977573755893586,2.220446049250313e-16
2024-05-04,BASE,9384.578436674587,2462.989291692787,1,11847.567728367374,11942.842636353918,-0.007977573755893586,0.0
2024-05-05,BASE,9384.578436674587,2462.989291692787,1,11847.567728367374,11942.842636353918,-0.007977573755893586,0.0
2024-05-06,BASE,9384.578436674587,2462.989291692787,1,11847.567728367374,11942.842636353918,-0.007977573755893586,0.0
2024-05-07,BASE,11847.567728367374,0.0,0,11847.567728367374,11942.842636353918,-0.007977573755893586,0.0
2024-05-08,BASE,11847.567728367374,0.0,0,11847.567728367374,11942.842636353918,-0.007977573755893586,0.0
2024-05-09,BASE,11847.567728367374,0.0,0,11847.567728367374,11942.842636353918,-0.007977573755893586,0.0
2024-05-10,BASE,11847.567728367374,0.0,0,11847.567728367374,11942.842636353918,-0.007977573755893586,0.0
2024-05-11,BASE,11847.567728367374,0.0,0,11847.567728367374,11942.842636353918,-0.007977573755893586,0.0
2024-05-12,BASE,11847.567728367374,0.0,0,11847.567728367374,11942.842636353918,-0.007977573755893586,0.0
2024-05-13,BASE,11847.567728367374,0.0,0,11847.567728367374,11942.842636353918,-0.007977573755893586,0.0
2024-05-14,BASE,9478.054182693899,2404.7635663579385,1,11882.817749051837,11942.842636353918,-0.005026013414877073,0.0029752959841757853
2024-05-15,BASE,9478.054182693899,2404.7635663579385,1,11882.817749051837,11942.842636353918,-0.005026013414877073,0.0
2024-05-16,BASE,9478.054182693899,2404.7635663579385,1,11882.817749051837,11942.842636353918,-0.005026013414877073,0.0
2024-05-17,BASE,9478.054182693899,2404.7635663579385,1,11882.817749051837,11942.842636353918,-0.005026013414877073,0.0
2024-05-18,BASE,9478.054182693899,2404.7635663579385,1,11882.817749051837,11942.842636353918,-0.005026013414877073,0.0
2024-05-19,BASE,9478.054182693899,2404.7635663579385,1,11882.817749051837,11942.842636353918,-0.005026013414877073,0.0
2024-05-20,BASE,9478.054182693899,2404.7635663579385,1,11882.817749051837,11942.842636353918,-0.005026013414877073,0.0
2024-05-21,BASE,11882.817749051837,0.0,0,11882.817749051837,11942.842636353918,-0.005026013414877073,0.0
2024-05-22,BASE,11882.817749051837,0.0,0,11882.817749051837,11942.842636353918,-0.005026013414877073,0.0
2024-05-23,BASE,11882.817749051837,0.0,0,11882.817749051837,11942.842636353918,-0.005026013414877073,0.0
2024-05-24,BASE,11882.817749051837,0.0,0,11882.817749051837,11942.842636353918,-0.005026013414877073,0.0
2024-05-25,BASE,11882.817749051837,0.0,0,11882.817749051837,11942.842636353918,-0.005026013414877073,0.0
2024-05-26,BASE,11882.817749051837,0.0,0,11882.817749051837,11942.842636353918,-0.005026013414877073,0.0
2024-05-27,BASE,11882.817749051837,0.0,0,11882.817749051837,11942.842636353918,-0.005026013414877073,0.0
2024-05-28,BASE,11882.817749051837,0.0,0,11882.817749051837,11942.842636353918,-0.005026013414877073,0.0
2024-05-29,BASE,11882.817749051837,0.0,0,11882.817749051837,11942.842636353918,-0.005026013414877073,0.0
2024-05-30,BASE,9506.25419924147,2329.03227881416,1,11835.28647805563,11942.842636353918,-0.00900590936121759,-0.0040000000000000036
2024-05-31,BASE,9468.229182444504,2319.7161496989033,1,11787.945332143407,11942.842636353918,-0.012969885723772778,-0.004000000000000115
2024-06-01,BASE,11787.945332143407,0.0,0,11787.945332143407,11942.842636353918,-0.012969885723772778,0.0
2024-06-02,BASE,11787.945332143407,0.0,0,11787.945332143407,11942.842636353918,-0.012969885723772778,0.0
2024-06-03,BASE,11787.945332143407,0.0,0,11787.945332143407,11942.842636353918,-0.012969885723772778,0.0
2024-06-04,BASE,7072.767199286043,4620.874570200214,2,11693.641769486258,11942.842636353918,-0.020866126637982818,-0.008000000000000118
2024-06-05,BASE,9383.204484386151,2310.437285100107,1,11693.641769486258,11942.842636353918,-0.020866126637982818,0.0
2024-06-06,BASE,9383.204484386151,2310.437285100107,1,11693.641769486258,11942.842636353918,-0.020866126637982818,0.0
2024-06-07,BASE,11693.641769486258,0.0,0,11693.641769486258,11942.842636353918,-0.020866126637982818,0.0
2024-06-08,BASE,11693.641769486258,0.0,0,11693.641769486258,11942.842636353918,-0.020866126637982818,0.0
2024-06-09,BASE,11693.641769486258,0.0,0,11693.641769486258,11942.842636353918,-0.020866126637982818,0.0
2024-06-10,BASE,9354.913415589006,2340.1833307302923,1,11695.096746319297,11942.842636353918,-0.02074429828627944,0.00012442461140182992
2024-06-11,BASE,9354.913415589006,2340.1833307302923,1,11695.096746319297,11942.842636353918,-0.02074429828627944,0.0
2024-06-12,BASE,7016.1850616917545,4632.137117549599,2,11648.322179241353,11942.842636353918,-0.024660833779727387,-0.0039995023634725735
2024-06-13,BASE,6978.7654080294,4622.969302402322,2,11601.734710431721,11942.842636353918,-0.028561703131201543,-0.003999500365181818
2024-06-14,BASE,6978.7654080294,4622.969302402322,2,11601.734710431721,11942.842636353918,-0.028561703131201543,0.0
2024-06-15,BASE,6978.7654080294,4622.969302402322,2,11601.734710431721,11942.842636353918,-0.028561703131201543,0.0
2024-06-16,BASE,6978.7654080294,4622.969302402322,2,11601.734710431721,11942.842636353918,-0.028561703131201543,0.0
2024-06-17,BASE,9281.387768345376,2413.160819769798,1,11694.548588115173,11942.842636353918,-0.020790196756251378,0.007999999999999785
2024-06-18,BASE,11694.548588115173,0.0,0,11694.548588115173,11942.842636353918,-0.020790196756251378,0.0
2024-06-19,BASE,11694.548588115173,0.0,0,11694.548588115173,11942.842636353918,-0.020790196756251378,0.0
2024-06-20,BASE,11694.548588115173,0.0,0,11694.548588115173,11942.842636353918,-0.020790196756251378,0.0
2024-06-21,BASE,4677.819435246067,6925.729611555546,3,11603.549046801614,11942.842636353918,-0.028409784829576235,-0.007781364165354687
2024-06-22,BASE,9262.082481787216,2341.466565014398,1,11603.549046801614,11942.842636353918,-0.028409784829576235,0.0
2024-06-23,BASE,9262.082481787216,2341.466565014398,1,11603.549046801614,11942.842636353918,-0.028409784829576235,0.0
2024-06-24,BASE,6941.884041905166,4615.261036098807,2,11557.145078003974,11942.842636353918,-0.0322952893288474,-0.003999118598152607
2024-06-25,BASE,4593.843220744531,6938.152934875692,3,11531.996155620223,11942.842636353918,-0.0344010628996384,-0.0021760497262957035
2024-06-26,BASE,0.0,11469.543738162774,5,11469.543738162774,11942.842636353918,-0.039630338655759045,-0.005415577374001446
2024-06-27,BASE,0.0,11469.543738162774,5,11469.543738162774,11942.842636353918,-0.039630338655759045,0.0
2024-06-28,BASE,2304.1284119275174,9257.134472199823,4,11561.26288412734,11942.842636353918,-0.031950496531290895,0.00799675628415697
2024-06-29,BASE,2304.1284119275174,9257.134472199823,4,11561.26288412734,11942.842636353918,-0.031950496531290895,0.0
2024-06-30,BASE,2304.1284119275174,9257.134472199823,4,11561.26288412734,11942.842636353918,-0.031950496531290895,0.0
2024-07-01,BASE,11.14976281336476,11504.253548331693,5,11515.403311145059,11942.842636353918,-0.03579041759352475,-0.003966657746814373
2024-07-02,BASE,6800.346587217624,4715.056723927433,2,11515.403311145057,11942.842636353918,-0.03579041759352497,-1.1102230246251565e-16
2024-07-03,BASE,11515.403311145057,0.0,0,11515.403311145057,11942.842636353918,-0.03579041759352497,0.0
2024-07-04,BASE,11515.403311145057,0.0,0,11515.403311145057,11942.842636353918,-0.03579041759352497,0.0
2024-07-05,BASE,11515.403311145057,0.0,0,11515.403311145057,11942.842636353918,-0.03579041759352497,0.0
2024-07-06,BASE,11515.403311145057,0.0,0,11515.403311145057,11942.842636353918,-0.03579041759352497,0.0
2024-07-07,BASE,11515.403311145057,0.0,0,11515.403311145057,11942.842636353918,-0.03579041759352497,0.0
2024-07-08,BASE,11515.403311145057,0.0,0,11515.403311145057,11942.842636353918,-0.03579041759352497,0.0
2024-07-09,BASE,11515.403311145057,0.0,0,11515.403311145057,11942.842636353918,-0.03579041759352497,0.0
2024-07-10,BASE,9212.322648916046,2395.203888718172,1,11607.526537634218,11942.842636353918,-0.028076740934273148,0.008000000000000007
2024-07-11,BASE,9212.322648916046,2395.203888718172,1,11607.526537634218,11942.842636353918,-0.028076740934273148,0.0
2024-07-12,BASE,2303.080662229011,9166.261035671467,4,11469.341697900478,11942.842636353918,-0.03964725592315077,-0.011904761904761862
2024-07-13,BASE,2303.080662229011,9166.261035671467,4,11469.341697900478,11942.842636353918,-0.03964725592315077,0.0
2024-07-14,BASE,2303.080662229011,9166.261035671467,4,11469.341697900478,11942.842636353918,-0.03964725592315077,0.0
2024-07-15,BASE,2376.779243420339,9046.132348329602,4,11422.91159174994,11942.842636353918,-0.04353494895941379,-0.004048192771084369
2024-07-16,BASE,4651.854444796645,6771.057146953295,3,11422.91159174994,11942.842636353918,-0.04353494895941379,0.0
2024-07-17,BASE,11422.91159174994,0.0,0,11422.91159174994,11942.842636353918,-0.04353494895941379,0.0
2024-07-18,BASE,4569.164636699974,6737.117960070716,3,11306.28259677069,11942.842636353918,-0.05330054652529237,-0.010210093463691283
2024-07-19,BASE,0.0,11273.0730496022,5,11273.0730496022,11942.842636353918,-0.0560812536131845,-0.002937264913047133
2024-07-20,BASE,2203.068421231259,9070.004628370942,4,11273.0730496022,11942.842636353918,-0.0560812536131845,0.0
2024-07-21,BASE,2203.068421231259,9070.004628370942,4,11273.0730496022,11942.842636353918,-0.0560812536131845,0.0
2024-07-22,BASE,0.0,11228.32050570527,5,11228.32050570527,11942.842636353918,-0.059828480739891,-0.003969861962218935
2024-07-23,BASE,0.0,11228.32050570527,5,11228.32050570527,11942.842636353918,-0.059828480739891,0.0
2024-07-24,BASE,2203.2833547357704,9025.037150969498,4,11228.32050570527,11942.842636353918,-0.059828480739891,0.0
2024-07-25,BASE,0.0,11406.825304538888,5,11406.825304538888,11942.842636353918,-0.04488188851985686,0.015897729205620603
2024-07-26,BASE,4589.688465659079,6817.136838879809,3,11406.825304538888,11942.842636353918,-0.04488188851985686,0.0
2024-07-27,BASE,4589.688465659079,6817.136838879809,3,11406.825304538888,11942.842636353918,-0.04488188851985686,0.0
2024-07-28,BASE,4589.688465659079,6817.136838879809,3,11406.825304538888,11942.842636353918,-0.04488188851985686,0.0
2024-07-29,BASE,9089.274969787033,2317.550334751855,1,11406.825304538888,11942.842636353918,-0.04488188851985686,0.0
2024-07-30,BASE,11406.825304538888,0.0,0,11406.825304538888,11942.842636353918,-0.04488188851985686,0.0
2024-07-31,BASE,11406.825304538888,0.0,0,11406.825304538888,11942.842636353918,-0.04488188851985686,0.0
2024-08-01,BASE,6844.095182723333,4608.357423033711,2,11452.452605757044,11942.842636353918,-0.04106141607393632,0.0040000000000000036
2024-08-02,BASE,6871.471563454226,4489.3614214567615,2,11360.832984910987,11942.842636353918,-0.04873292474534485,-0.008000000000000007
2024-08-03,BASE,11360.832984910987,0.0,0,11360.832984910987,11942.842636353918,-0.04873292474534485,0.0
2024-08-04,BASE,11360.832984910987,0.0,0,11360.832984910987,11942.842636353918,-0.04873292474534485,0.0
2024-08-05,BASE,6816.499790946593,4635.030521999626,2,11451.530312946219,11942.842636353918,-0.04113864164232961,0.007983334334347836
2024-08-06,BASE,4.547473508864641e-13,11502.002019550253,5,11502.002019550253,11942.842636353918,-0.03691253667378569,0.004407420250809091
2024-08-07,BASE,2363.053260861486,9138.948758688768,4,11502.002019550255,11942.842636353918,-0.03691253667378558,2.220446049250313e-16
2024-08-08,BASE,72.70933110343049,11520.906445637145,5,11593.615776740575,11942.842636353918,-0.029241518978932235,0.00796502704786528
2024-08-09,BASE,72.70933110343049,11520.906445637145,5,11593.615776740575,11942.842636353918,-0.029241518978932235,0.0
2024-08-10,BASE,72.70933110343049,11520.906445637145,5,11593.615776740575,11942.842636353918,-0.029241518978932235,0.0
2024-08-11,BASE,72.70933110343049,11520.906445637145,5,11593.615776740575,11942.842636353918,-0.029241518978932235,0.0
2024-08-12,BASE,4571.409857284125,7022.205919456451,3,11593.615776740575,11942.842636353918,-0.029241518978932235,0.0
2024-08-13,BASE,9211.658089792198,2381.9576869483776,1,11593.615776740575,11942.842636353918,-0.029241518978932235,0.0
2024-08-14,BASE,9211.658089792198,2381.9576869483776,1,11593.615776740575,11942.842636353918,-0.029241518978932235,0.0
2024-08-15,BASE,11593.615776740575,0.0,0,11593.615776740575,11942.842636353918,-0.029241518978932235,0.0
2024-08-16,BASE,11593.615776740575,0.0,0,11593.615776740575,11942.842636353918,-0.029241518978932235,0.0
2024-08-17,BASE,11593.615776740575,0.0,0,11593.615776740575,11942.842636353918,-0.029241518978932235,0.0
2024-08-18,BASE,11593.615776740575,0.0,0,11593.615776740575,11942.842636353918,-0.029241518978932235,0.0
2024-08-19,BASE,11593.615776740575,0.0,0,11593.615776740575,11942.842636353918,-0.029241518978932235,0.0
2024-08-20,BASE,11593.615776740575,0.0,0,11593.615776740575,11942.842636353918,-0.029241518978932235,0.0
2024-08-21,BASE,9274.89262139246,2349.166452478464,1,11624.059073870925,11942.842636353918,-0.026692435979405627,0.002625867349461908
2024-08-22,BASE,9274.89262139246,2349.166452478464,1,11624.059073870925,11942.842636353918,-0.026692435979405627,0.0
2024-08-23,BASE,4637.44631069623,7032.987226281657,3,11670.433536977887,11942.842636353918,-0.022809402055321337,0.003989524039085923
2024-08-24,BASE,4637.44631069623,7032.987226281657,3,11670.433536977887,11942.842636353918,-0.022809402055321337,0.0
2024-08-25,BASE,4637.44631069623,7032.987226281657,3,11670.433536977887,11942.842636353918,-0.022809402055321337,0.0
2024-08-26,BASE,9321.267084499423,2349.166452478464,1,11670.433536977887,11942.842636353918,-0.022809402055321337,0.0
2024-08-27,BASE,9321.267084499423,2349.166452478464,1,11670.433536977887,11942.842636353918,-0.022809402055321337,0.0
2024-08-28,BASE,11670.433536977887,0.0,0,11670.433536977887,11942.842636353918,-0.022809402055321337,0.0
2024-08-29,BASE,7002.260122186732,4574.809946495331,2,11577.070068682064,11942.842636353918,-0.03062692683887891,-0.008000000000000007
2024-08-30,BASE,11577.070068682064,0.0,0,11577.070068682064,11942.842636353918,-0.03062692683887891,0.0
2024-08-31,BASE,11577.070068682064,0.0,0,11577.070068682064,11942.842636353918,-0.03062692683887891,0.0
2024-09-01,BASE,11577.070068682064,0.0,0,11577.070068682064,11942.842636353918,-0.03062692683887891,0.0
2024-09-02,BASE,11577.070068682064,0.0,0,11577.070068682064,11942.842636353918,-0.03062692683887891,0.0
2024-09-03,BASE,11577.070068682064,0.0,0,11577.070068682064,11942.842636353918,-0.03062692683887891,0.0
2024-09-04,BASE,2315.414013736413,9150.792317925261,4,11466.206331661673,11942.842636353918,-0.039909786907965095,-0.009576148054963873
2024-09-05,BASE,4584.519747198097,6881.686584463577,3,11466.206331661673,11942.842636353918,-0.039909786907965095,0.0
2024-09-06,BASE,4556.734779033261,6918.256972816609,3,11474.99175184987,11942.842636353918,-0.039174164706810566,0.0007662011247728806
2024-09-07,BASE,4556.734779033261,6918.256972816609,3,11474.99175184987,11942.842636353918,-0.039174164706810566,0.0
2024-09-08,BASE,4556.734779033261,6918.256972816609,3,11474.99175184987,11942.842636353918,-0.039174164706810566,0.0
2024-09-09,BASE,4538.21146692337,6891.027704015069,3,11429.23917093844,11942.842636353918,-0.04300512709194326,-0.003987155886543858
2024-09-10,BASE,6780.087931583515,4649.151239354924,2,11429.23917093844,11942.842636353918,-0.04300512709194326,0.0
2024-09-11,BASE,9123.56304912372,2305.676121814717,1,11429.239170938437,11942.842636353918,-0.043005127091943374,-1.1102230246251565e-16
2024-09-12,BASE,9123.56304912372,2305.676121814717,1,11429.239170938437,11942.842636353918,-0.043005127091943374,0.0
2024-09-13,BASE,11429.239170938437,0.0,0,11429.239170938437,11942.842636353918,-0.043005127091943374,0.0
2024-09-14,BASE,11429.239170938437,0.0,0,11429.239170938437,11942.842636353918,-0.043005127091943374,0.0
2024-09-15,BASE,11429.239170938437,0.0,0,11429.239170938437,11942.842636353918,-0.043005127091943374,0.0
2024-09-16,BASE,11429.239170938437,0.0,0,11429.239170938437,11942.842636353918,-0.043005127091943374,0.0
2024-09-17,BASE,11429.239170938437,0.0,0,11429.239170938437,11942.842636353918,-0.043005127091943374,0.0
2024-09-18,BASE,9143.39133675075,2366.073308713724,1,11509.464645464475,11942.842636353918,-0.036287674893265676,0.007019318900074234
2024-09-19,BASE,6857.543502563063,4672.769298862415,2,11530.312801425478,11942.842636353918,-0.034542013780932135,0.0018113923282450095
2024-09-20,BASE,4571.695668375375,7022.259575602993,3,11593.95524397837,11942.842636353918,-0.029213094654160332,0.005519576411233462
2024-09-21,BASE,4571.695668375375,7022.259575602993,3,11593.95524397837,11942.842636353918,-0.029213094654160332,0.0
2024-09-22,BASE,4571.695668375375,7022.259575602993,3,11593.95524397837,11942.842636353918,-0.029213094654160332,0.0
2024-09-23,BASE,0.0,11679.61134678859,5,11679.61134678859,11942.842636353918,-0.022040924223857283,0.007387996676518904
2024-09-24,BASE,2377.2817475551947,9302.329599233395,4,11679.61134678859,11942.842636353918,-0.022040924223857283,0.0
2024-09-25,BASE,4743.355056268918,6936.256290519672,3,11679.61134678859,11942.842636353918,-0.022040924223857283,0.0
2024-09-26,BASE,7050.051046417609,4629.56030037098,2,11679.611346788588,11942.842636353918,-0.022040924223857394,-1.1102230246251565e-16
2024-09-27,BASE,9399.541323158186,2280.070023630403,1,11679.611346788588,11942.842636353918,-0.022040924223857394,0.0
2024-09-28,BASE,9399.541323158186,2280.070023630403,1,11679.611346788588,11942.842636353918,-0.022040924223857394,0.0
2024-09-29,BASE,9399.541323158186,2280.070023630403,1,11679.611346788588,11942.842636353918,-0.022040924223857394,0.0
2024-09-30,BASE,11679.611346788588,0.0,0,11679.611346788588,11942.842636353918,-0.022040924223857394,0.0
2024-10-01,BASE,11679.611346788588,0.0,0,11679.611346788588,11942.842636353918,-0.022040924223857394,0.0
2024-10-02,BASE,4671.844538715435,6867.6114719116895,3,11539.456010627124,11942.842636353918,-0.033776433133171246,-0.012000000000000122
2024-10-03,BASE,2335.9222693577176,9156.815295882252,4,11492.73756523997,11942.842636353918,-0.03768826943627579,-0.004048582995951344
2024-10-04,BASE,2298.547513047994,9147.658480586371,4,11446.205993634365,11942.842636353918,-0.04158445839416791,-0.004048780487804771
2024-10-05,BASE,2298.547513047994,9147.658480586371,4,11446.205993634365,11942.842636353918,-0.04158445839416791,0.0
2024-10-06,BASE,2298.547513047994,9147.658480586371,4,11446.205993634365,11942.842636353918,-0.04158445839416791,0.0
2024-10-07,BASE,9157.002169663801,2289.203823970563,1,11446.205993634365,11942.842636353918,-0.04158445839416791,0.0
2024-10-08,BASE,4578.482397453745,7092.926031073863,3,11671.408428527608,11942.842636353918,-0.02272777228095324,0.01967485427210436
2024-10-09,BASE,4578.482397453745,7092.926031073863,3,11671.408428527608,11942.842636353918,-0.02272777228095324,0.0
2024-10-10,BASE,6959.2932441296925,4712.115184397915,2,11671.408428527608,11942.842636353918,-0.02272777228095324,0.0
2024-10-11,BASE,4688.3659749926355,6925.434304601207,3,11613.800279593843,11942.842636353918,-0.02755142697421742,-0.004935835232443564
2024-10-12,BASE,4688.3659749926355,6925.434304601207,3,11613.800279593843,11942.842636353918,-0.02755142697421742,0.0
2024-10-13,BASE,4688.3659749926355,6925.434304601207,3,11613.800279593843,11942.842636353918,-0.02755142697421742,0.0
2024-10-14,BASE,4688.3659749926355,6925.434304601207,3,11613.800279593843,11942.842636353918,-0.02755142697421742,0.0
2024-10-15,BASE,6974.04377998908,4635.147753769119,2,11609.1915337582,11942.842636353918,-0.02793732721388187,-0.00039683357081155
2024-10-16,BASE,2324.087361041288,9226.680696296475,4,11550.768057337762,11942.842636353918,-0.03282925103799694,-0.005032518952809872
2024-10-17,BASE,2324.087361041288,9226.680696296475,4,11550.768057337762,11942.842636353918,-0.03282925103799694,0.0
2024-10-18,BASE,4638.865651172155,6911.902406165609,3,11550.768057337764,11942.842636353918,-0.03282925103799683,2.220446049250313e-16
2024-10-19,BASE,4638.865651172155,6911.902406165609,3,11550.768057337764,11942.842636353918,-0.03282925103799683,0.0
2024-10-20,BASE,4638.865651172155,6911.902406165609,3,11550.768057337764,11942.842636353918,-0.03282925103799683,0.0
2024-10-21,BASE,4638.865651172155,6911.902406165609,3,11550.768057337764,11942.842636353918,-0.03282925103799683,0.0
2024-10-22,BASE,0.0,11629.516316245954,5,11629.516316245954,11942.842636353918,-0.026235489292490644,0.006817577715809486
2024-10-23,BASE,4591.532942527356,7037.983373718598,3,11629.516316245954,11942.842636353918,-0.026235489292490644,0.0
2024-10-24,BASE,13.679545452738239,11755.557455561895,5,11769.237001014633,11942.842636353918,-0.014536374682760256,0.01201431607035075
2024-10-25,BASE,13.679545452738239,11755.557455561895,5,11769.237001014633,11942.842636353918,-0.014536374682760256,0.0
2024-10-26,BASE,13.679545452738239,11755.557455561895,5,11769.237001014633,11942.842636353918,-0.014536374682760256,0.0
2024-10-27,BASE,13.679545452738239,11755.557455561895,5,11769.237001014633,11942.842636353918,-0.014536374682760256,0.0
2024-10-28,BASE,13.679545452738239,11755.557455561895,5,11769.237001014633,11942.842636353918,-0.014536374682760256,0.0
2024-10-29,BASE,4720.774592584039,7001.571754672895,3,11722.346347256935,11942.842636353918,-0.018462630364549426,-0.003984171085488097
2024-10-30,BASE,9440.241829368484,2282.1045178884497,1,11722.346347256935,11942.842636353918,-0.018462630364549426,0.0
2024-10-31,BASE,9377.877077805548,2438.2480402294427,1,11816.12511803499,11942.842636353918,-0.010610331407465812,0.008000000000000007
2024-11-01,BASE,0.0,12050.57204498013,5,12050.57204498013,12050.57204498013,0.0,0.019841269841269993
2024-11-02,BASE,0.0,12050.57204498013,5,12050.57204498013,12050.57204498013,0.0,0.0
2024-11-03,BASE,0.0,12050.57204498013,5,12050.57204498013,12050.57204498013,0.0,0.0
2024-11-04,BASE,2297.5798840623593,9752.99216091777,4,12050.57204498013,12050.57204498013,0.0,0.0
2024-11-05,BASE,2297.5798840623593,9752.99216091777,4,12050.57204498013,12050.57204498013,0.0,0.0
2024-11-06,BASE,12050.572044980128,0.0,0,12050.572044980128,12050.57204498013,-1.1102230246251565e-16,-1.1102230246251565e-16
2024-11-07,BASE,12050.572044980128,0.0,0,12050.572044980128,12050.57204498013,-1.1102230246251565e-16,0.0
2024-11-08,BASE,7230.343226988078,4801.2890426932,2,12031.632269681279,12050.57204498013,-0.0015716909726904982,-0.0015716909726903872
2024-11-09,BASE,9592.255347804183,2439.376921877095,1,12031.632269681279,12050.57204498013,-0.0015716909726904982,0.0
2024-11-10,BASE,9592.255347804183,2439.376921877095,1,12031.632269681279,12050.57204498013,-0.0015716909726904982,0.0
2024-11-11,BASE,7191.781396444141,4791.841394209936,2,11983.622790654077,12050.57204498013,-0.005555690972690486,-0.003990271473653828
2024-11-12,BASE,7191.781396444141,4791.841394209936,2,11983.622790654077,12050.57204498013,-0.005555690972690486,0.0
2024-11-13,BASE,9544.245868776981,2439.376921877095,1,11983.622790654077,12050.57204498013,-0.005555690972690486,0.0
2024-11-14,BASE,9544.245868776981,2439.376921877095,1,11983.622790654077,12050.57204498013,-0.005555690972690486,0.0
2024-11-15,BASE,9586.898232523261,2348.7900669681994,1,11935.68829949146,12050.57204498013,-0.009533468208799856,-0.004000000000000115
2024-11-16,BASE,9586.898232523261,2348.7900669681994,1,11935.68829949146,12050.57204498013,-0.009533468208799856,0.0
2024-11-17,BASE,9586.898232523261,2348.7900669681994,1,11935.68829949146,12050.57204498013,-0.009533468208799856,0.0
2024-11-18,BASE,9548.550639593168,2482.6231662942237,1,12031.173805887393,12050.57204498013,-0.001609735954470115,0.008000000000000007
2024-11-19,BASE,12031.173805887393,0.0,0,12031.173805887393,12050.57204498013,-0.001609735954470115,0.0
2024-11-20,BASE,9624.939044709914,2376.1670606785597,1,12001.106105388473,12050.57204498013,-0.004104862358983441,-0.0024991493751179705
2024-11-21,BASE,9624.939044709914,2376.1670606785597,1,12001.106105388473,12050.57204498013,-0.004104862358983441,0.0
2024-11-22,BASE,7218.7042835324355,4878.651212303137,2,12097.355495835573,12097.355495835573,0.0,0.008020043286167011
2024-11-23,BASE,7218.7042835324355,4878.651212303137,2,12097.355495835573,12097.355495835573,0.0,0.0
2024-11-24,BASE,7218.7042835324355,4878.651212303137,2,12097.355495835573,12097.355495835573,0.0,0.0
2024-11-25,BASE,4812.469522354957,7236.761278257067,3,12049.230800612024,12097.355495835573,-0.003978116972764401,-0.003978116972764401
2024-11-26,BASE,4841.3443394890855,7256.2036551273795,3,12097.547994616465,12097.547994616465,0.0,0.0040099816165848345
2024-11-27,BASE,9585.05390638539,2512.4940882310757,1,12097.547994616467,12097.547994616467,0.0,2.220446049250313e-16
2024-11-28,BASE,9585.05390638539,2512.4940882310757,1,12097.547994616467,12097.547994616467,0.0,0.0
2024-11-29,BASE,7184.871185063874,5008.684118405452,2,12193.555303469326,12193.555303469326,0.0,0.007936096545811067
2024-11-30,BASE,7184.871185063874,5008.684118405452,2,12193.555303469326,12193.555303469326,0.0,0.0
2024-12-01,BASE,7184.871185063874,5008.684118405452,2,12193.555303469326,12193.555303469326,0.0,0.0
2024-12-02,BASE,9697.365273294949,2496.1900301743767,1,12193.555303469326,12193.555303469326,0.0,0.0
2024-12-03,BASE,9697.365273294949,2496.1900301743767,1,12193.555303469326,12193.555303469326,0.0,0.0
2024-12-04,BASE,12193.555303469326,0.0,0,12193.555303469326,12193.555303469326,0.0,0.0
2024-12-05,BASE,9754.84424277546,2389.936839479988,1,12144.781082255447,12193.555303469326,-0.004000000000000115,-0.004000000000000115
2024-12-06,BASE,12144.781082255447,0.0,0,12144.781082255447,12193.555303469326,-0.004000000000000115,0.0
2024-12-07,BASE,12144.781082255447,0.0,0,12144.781082255447,12193.555303469326,-0.004000000000000115,0.0
2024-12-08,BASE,12144.781082255447,0.0,0,12144.781082255447,12193.555303469326,-0.004000000000000115,0.0
2024-12-09,BASE,9715.824865804358,2380.377092122068,1,12096.201957926425,12193.555303469326,-0.007984000000000102,-0.0040000000000000036
2024-12-10,BASE,7286.868649353268,4823.607907183819,2,12110.476556537087,12193.555303469326,-0.0068133325239932985,0.0011800893090503362
2024-12-11,BASE,7286.868649353268,4823.607907183819,2,12110.476556537087,12193.555303469326,-0.0068133325239932985,0.0
2024-12-12,BASE,7286.868649353268,4823.607907183819,2,12110.476556537087,12193.555303469326,-0.0068133325239932985,0.0
2024-12-13,BASE,9667.245741475335,2443.230815061751,1,12110.476556537087,12193.555303469326,-0.0068133325239932985,0.0
2024-12-14,BASE,9667.245741475335,2443.230815061751,1,12110.476556537087,12193.555303469326,-0.0068133325239932985,0.0
2024-12-15,BASE,9667.245741475335,2443.230815061751,1,12110.476556537087,12193.555303469326,-0.0068133325239932985,0.0
2024-12-16,BASE,9667.245741475335,2443.230815061751,1,12110.476556537087,12193.555303469326,-0.0068133325239932985,0.0
2024-12-17,BASE,12110.476556537087,0.0,0,12110.476556537087,12193.555303469326,-0.0068133325239932985,0.0
2024-12-18,BASE,9688.38124522967,2373.653405081269,1,12062.03465031094,12193.555303469326,-0.010786079193897291,-0.0039999999999998925
2024-12-19,BASE,0.0,11965.538373108451,5,11965.538373108451,12193.555303469326,-0.018699790560346208,-0.008000000000000118
2024-12-20,BASE,7082.826746662583,4977.663963213117,2,12060.4907098757,12193.555303469326,-0.010912698575760493,0.007935483870967763
2024-12-21,BASE,9551.587502611024,2508.903207264676,1,12060.4907098757,12193.555303469326,-0.010912698575760493,0.0
2024-12-22,BASE,9551.587502611024,2508.903207264676,1,12060.4907098757,12193.555303469326,-0.010912698575760493,0.0
2024-12-23,BASE,7158.788616076381,4853.846116068626,2,12012.634732145007,12193.555303469326,-0.014837392935991622,-0.00396799590347563
2024-12-24,BASE,9610.107785716005,2392.690004741854,1,12002.797790457858,12193.555303469326,-0.015644125791367203,-0.0008188829433750655
2024-12-25,BASE,9610.107785716005,2392.690004741854,1,12002.797790457858,12193.555303469326,-0.015644125791367203,0.0
2024-12-26,BASE,9610.107785716005,2392.690004741854,1,12002.797790457858,12193.555303469326,-0.015644125791367203,0.0
2024-12-27,BASE,9610.107785716005,2392.690004741854,1,12002.797790457858,12193.555303469326,-0.015644125791367203,0.0
2024-12-28,BASE,9610.107785716005,2392.690004741854,1,12002.797790457858,12193.555303469326,-0.015644125791367203,0.0
2024-12-29,BASE,9610.107785716005,2392.690004741854,1,12002.797790457858,12193.555303469326,-0.015644125791367203,0.0
2024-12-30,BASE,9610.107785716005,2392.690004741854,1,12002.797790457858,12193.555303469326,-0.015644125791367203,0.0
2024-12-31,BASE,7207.580839287004,4747.166412242275,2,11954.74725152928,12193.555303469326,-0.01958477621962318,-0.004003278216248796
2025-01-01,BASE,7207.580839287004,4747.166412242275,2,11954.74725152928,12193.555303469326,-0.01958477621962318,0.0
2025-01-02,BASE,11954.74725152928,0.0,0,11954.74725152928,12193.555303469326,-0.01958477621962318,0.0
2025-01-03,BASE,7172.848350917568,4686.260922599477,2,11859.109273517046,12193.555303469326,-0.02742809800986612,-0.007999999999999896
2025-01-04,BASE,7172.848350917568,4686.260922599477,2,11859.109273517046,12193.555303469326,-0.02742809800986612,0.0
2025-01-05,BASE,7172.848350917568,4686.260922599477,2,11859.109273517046,12193.555303469326,-0.02742809800986612,0.0
2025-01-06,BASE,7172.848350917568,4686.260922599477,2,11859.109273517046,12193.555303469326,-0.02742809800986612,0.0
2025-01-07,BASE,7172.848350917568,4686.260922599477,2,11859.109273517046,12193.555303469326,-0.02742809800986612,0.0
2025-01-08,BASE,7172.848350917568,4686.260922599477,2,11859.109273517046,12193.555303469326,-0.02742809800986612,0.0
2025-01-09,BASE,7172.848350917568,4686.260922599477,2,11859.109273517046,12193.555303469326,-0.02742809800986612,0.0
2025-01-10,BASE,11859.109273517046,0.0,0,11859.109273517046,12193.555303469326,-0.02742809800986612,0.0
2025-01-11,BASE,11859.109273517046,0.0,0,11859.109273517046,12193.555303469326,-0.02742809800986612,0.0
2025-01-12,BASE,11859.109273517046,0.0,0,11859.109273517046,12193.555303469326,-0.02742809800986612,0.0
2025-01-13,BASE,11859.109273517046,0.0,0,11859.109273517046,12193.555303469326,-0.02742809800986612,0.0
2025-01-14,BASE,11859.109273517046,0.0,0,11859.109273517046,12193.555303469326,-0.02742809800986612,0.0
2025-01-15,BASE,9487.287418813637,2466.6947288915458,1,11953.982147705183,12193.555303469326,-0.019647522793944994,0.008000000000000007
2025-01-16,BASE,9487.287418813637,2466.6947288915458,1,11953.982147705183,12193.555303469326,-0.019647522793944994,0.0
2025-01-17,BASE,9487.287418813637,2466.6947288915458,1,11953.982147705183,12193.555303469326,-0.019647522793944994,0.0
2025-01-18,BASE,9487.287418813637,2466.6947288915458,1,11953.982147705183,12193.555303469326,-0.019647522793944994,0.0
2025-01-19,BASE,9487.287418813637,2466.6947288915458,1,11953.982147705183,12193.555303469326,-0.019647522793944994,0.0
2025-01-20,BASE,9487.287418813637,2466.6947288915458,1,11953.982147705183,12193.555303469326,-0.019647522793944994,0.0
2025-01-21,BASE,9487.287418813637,2466.6947288915458,1,11953.982147705183,12193.555303469326,-0.019647522793944994,0.0
2025-01-22,BASE,7115.465564110228,4808.583271345823,2,11924.048835456051,12193.555303469326,-0.022102369760573004,-0.0025040452528095614
2025-01-23,BASE,9582.160293001774,2341.8885424542773,1,11924.048835456051,12193.555303469326,-0.022102369760573004,0.0
2025-01-24,BASE,9582.160293001774,2341.8885424542773,1,11924.048835456051,12193.555303469326,-0.022102369760573004,0.0
2025-01-25,BASE,9582.160293001774,2341.8885424542773,1,11924.048835456051,12193.555303469326,-0.022102369760573004,0.0
2025-01-26,BASE,9582.160293001774,2341.8885424542773,1,11924.048835456051,12193.555303469326,-0.022102369760573004,0.0
2025-01-27,BASE,4800.567433919701,7171.297330127172,3,11971.864764046873,12193.555303469326,-0.018180959851748613,0.004010041324943536
2025-01-28,BASE,2381.0814472241714,9495.533987069786,4,11876.615434293957,12193.555303469326,-0.02599240839012662,-0.007956098037371961
2025-01-29,BASE,4722.969989678449,7153.6454446155085,3,11876.615434293957,12193.555303469326,-0.02599240839012662,0.0
2025-01-30,BASE,9501.292347435166,2470.336010333144,1,11971.62835776831,12193.555303469326,-0.01820034765724754,0.008000000000000007
2025-01-31,BASE,9577.302686214647,2346.439158122589,1,11923.741844337237,12193.555303469326,-0.022127546266618503,-0.0040000000000000036
2025-02-01,BASE,11923.741844337237,0.0,0,11923.741844337237,12193.555303469326,-0.022127546266618503,0.0
2025-02-02,BASE,11923.741844337237,0.0,0,11923.741844337237,12193.555303469326,-0.022127546266618503,0.0
2025-02-03,BASE,11923.741844337237,0.0,0,11923.741844337237,12193.555303469326,-0.022127546266618503,0.0
2025-02-04,BASE,11923.741844337237,0.0,0,11923.741844337237,12193.555303469326,-0.022127546266618503,0.0
2025-02-05,BASE,11923.741844337237,0.0,0,11923.741844337237,12193.555303469326,-0.022127546266618503,0.0
2025-02-06,BASE,9538.99347546979,2337.0534014900986,1,11876.046876959888,12193.555303469326,-0.026039036081552003,-0.0040000000000000036
2025-02-07,BASE,11876.046876959888,0.0,0,11876.046876959888,12193.555303469326,-0.026039036081552003,0.0
2025-02-08,BASE,11876.046876959888,0.0,0,11876.046876959888,12193.555303469326,-0.026039036081552003,0.0
2025-02-09,BASE,11876.046876959888,0.0,0,11876.046876959888,12193.555303469326,-0.026039036081552003,0.0
2025-02-10,BASE,11876.046876959888,0.0,0,11876.046876959888,12193.555303469326,-0.026039036081552003,0.0
2025-02-11,BASE,11876.046876959888,0.0,0,11876.046876959888,12193.555303469326,-0.026039036081552003,0.0
2025-02-12,BASE,11876.046876959888,0.0,0,11876.046876959888,12193.555303469326,-0.026039036081552003,0.0
2025-02-13,BASE,11876.046876959888,0.0,0,11876.046876959888,12193.555303469326,-0.026039036081552003,0.0
2025-02-14,BASE,9500.83750156791,2327.705187884138,1,11828.542689452048,12193.555303469326,-0.029934879937225878,-0.004000000000000115
2025-02-15,BASE,9500.83750156791,2327.705187884138,1,11828.542689452048,12193.555303469326,-0.029934879937225878,0.0
2025-02-16,BASE,9500.83750156791,2327.705187884138,1,11828.542689452048,12193.555303469326,-0.029934879937225878,0.0
2025-02-17,BASE,9500.83750156791,2327.705187884138,1,11828.542689452048,12193.555303469326,-0.029934879937225878,0.0
2025-02-18,BASE,11828.542689452048,0.0,0,11828.542689452048,12193.555303469326,-0.029934879937225878,0.0
2025-02-19,BASE,9462.834151561638,2318.3943671326015,1,11781.228518694239,12193.555303469326,-0.03381514041747702,-0.0040000000000000036
2025-02-20,BASE,9462.834151561638,2318.3943671326015,1,11781.228518694239,12193.555303469326,-0.03381514041747702,0.0
2025-02-21,BASE,4712.491407477693,7006.371235525146,3,11718.86264300284,12193.555303469326,-0.03892979927941331,-0.005293664883287641
2025-02-22,BASE,9330.732986805837,2388.1296561970034,1,11718.86264300284,12193.555303469326,-0.03892979927941331,0.0
2025-02-23,BASE,9330.732986805837,2388.1296561970034,1,11718.86264300284,12193.555303469326,-0.03892979927941331,0.0
2025-02-24,BASE,2318.5457724790263,9260.07312623728,4,11578.618898716306,12193.555303469326,-0.050431263847883434,-0.011967351146510041
2025-02-25,BASE,6899.841419172544,4678.777479543762,2,11578.618898716306,12193.555303469326,-0.050431263847883434,0.0
2025-02-26,BASE,9190.489242519303,2388.1296561970034,1,11578.618898716306,12193.555303469326,-0.050431263847883434,0.0
2025-02-27,BASE,4571.795264016042,7151.953891138098,3,11723.749155154139,12193.555303469326,-0.03852905380119254,0.012534332264267034
2025-02-28,BASE,4644.201140469784,7033.2335390894905,3,11677.434679559276,12193.555303469326,-0.04232732874580092,-0.003950483329345333
2025-03-01,BASE,4644.201140469784,7033.2335390894905,3,11677.434679559276,12193.555303469326,-0.04232732874580092,0.0
2025-03-02,BASE,4644.201140469784,7033.2335390894905,3,11677.434679559276,12193.555303469326,-0.04232732874580092,0.0
2025-03-03,BASE,4644.201140469784,7033.2335390894905,3,11677.434679559276,12193.555303469326,-0.04232732874580092,0.0
2025-03-04,BASE,4665.459992363272,6918.977260774469,3,11584.437253137741,12193.555303469326,-0.04995409748609392,-0.007963857557201415
2025-03-05,BASE,2303.325361256359,9281.111891881383,4,11584.437253137741,12193.555303469326,-0.04995409748609392,0.0
2025-03-06,BASE,6925.638179124673,4658.799074013069,2,11584.437253137741,12193.555303469326,-0.04995409748609392,0.0
2025-03-07,BASE,0.0,11400.72030052027,5,11400.72030052027,12193.555303469326,-0.0650208231493794,-0.01585894494509954
2025-03-08,BASE,6749.6626522551105,4651.05764826516,2,11400.720300520272,12193.555303469326,-0.06502082314937918,2.220446049250313e-16
2025-03-09,BASE,6749.6626522551105,4651.05764826516,2,11400.720300520272,12193.555303469326,-0.06502082314937918,0.0
2025-03-10,BASE,9148.252274519265,2252.468026001006,1,11400.720300520272,12193.555303469326,-0.06502082314937918,0.0
2025-03-11,BASE,9120.576240416218,2234.541178901973,1,11355.11741931819,12193.555303469326,-0.06876073985678166,-0.0040000000000000036
2025-03-12,BASE,0.0,11454.732053824624,5,11454.732053824624,12193.555303469326,-0.060591290337978054,0.00877266441445701
2025-03-13,BASE,0.0,11503.402618431683,5,11503.402618431683,12193.555303469326,-0.056599791271810584,0.00424894832793643
2025-03-14,BASE,0.0,11503.402618431683,5,11503.402618431683,12193.555303469326,-0.056599791271810584,0.0
2025-03-15,BASE,0.0,11503.402618431683,5,11503.402618431683,12193.555303469326,-0.056599791271810584,0.0
2025-03-16,BASE,0.0,11503.402618431683,5,11503.402618431683,12193.555303469326,-0.056599791271810584,0.0
2025-03-17,BASE,4587.467437404547,6915.935181027135,3,11503.402618431683,12193.555303469326,-0.056599791271810584,0.0
2025-03-18,BASE,6949.33186062273,4554.070757808951,2,11503.402618431683,12193.555303469326,-0.056599791271810584,0.0
2025-03-19,BASE,9229.129039638257,2274.2735787934243,1,11503.402618431683,12193.555303469326,-0.056599791271810584,0.0
2025-03-20,BASE,11503.402618431683,0.0,0,11503.402618431683,12193.555303469326,-0.056599791271810584,0.0
2025-03-21,BASE,11503.402618431683,0.0,0,11503.402618431683,12193.555303469326,-0.056599791271810584,0.0
2025-03-22,BASE,11503.402618431683,0.0,0,11503.402618431683,12193.555303469326,-0.056599791271810584,0.0
2025-03-23,BASE,11503.402618431683,0.0,0,11503.402618431683,12193.555303469326,-0.056599791271810584,0.0
2025-03-24,BASE,11503.402618431683,0.0,0,11503.402618431683,12193.555303469326,-0.056599791271810584,0.0
2025-03-25,BASE,11503.402618431683,0.0,0,11503.402618431683,12193.555303469326,-0.056599791271810584,0.0
2025-03-26,BASE,9202.722094745346,2254.66691321261,1,11457.389007957956,12193.555303469326,-0.06037339210672332,-0.0040000000000000036
2025-03-27,BASE,11457.389007957956,0.0,0,11457.389007957956,12193.555303469326,-0.06037339210672332,0.0
2025-03-28,BASE,11457.389007957956,0.0,0,11457.389007957956,12193.555303469326,-0.06037339210672332,0.0
2025-03-29,BASE,11457.389007957956,0.0,0,11457.389007957956,12193.555303469326,-0.06037339210672332,0.0
2025-03-30,BASE,11457.389007957956,0.0,0,11457.389007957956,12193.555303469326,-0.06037339210672332,0.0
2025-03-31,BASE,11457.389007957956,0.0,0,11457.389007957956,12193.555303469326,-0.06037339210672332,0.0
2025-04-01,BASE,11457.389007957956,0.0,0,11457.389007957956,12193.555303469326,-0.06037339210672332,0.0
2025-04-02,BASE,11457.389007957956,0.0,0,11457.389007957956,12193.555303469326,-0.06037339210672332,0.0
2025-04-03,BASE,11457.389007957956,0.0,0,11457.389007957956,12193.555303469326,-0.06037339210672332,0.0
2025-04-04,BASE,11457.389007957956,0.0,0,11457.389007957956,12193.555303469326,-0.06037339210672332,0.0
2025-04-05,BASE,11457.389007957956,0.0,0,11457.389007957956,12193.555303469326,-0.06037339210672332,0.0
2025-04-06,BASE,11457.389007957956,0.0,0,11457.389007957956,12193.555303469326,-0.06037339210672332,0.0
2025-04-07,BASE,6874.433404774774,4628.785159215015,2,11503.218563989789,12193.555303469326,-0.05661488567515016,0.0040000000000000036
2025-04-08,BASE,9202.574851191832,2254.630838541999,1,11457.20568973383,12193.555303469326,-0.060388426132449546,-0.0040000000000000036
2025-04-09,BASE,11457.20568973383,0.0,0,11457.20568973383,12193.555303469326,-0.060388426132449546,0.0
2025-04-10,BASE,11457.20568973383,0.0,0,11457.20568973383,12193.555303469326,-0.060388426132449546,0.0
2025-04-11,BASE,11457.20568973383,0.0,0,11457.20568973383,12193.555303469326,-0.060388426132449546,0.0
2025-04-12,BASE,11457.20568973383,0.0,0,11457.20568973383,12193.555303469326,-0.060388426132449546,0.0
2025-04-13,BASE,11457.20568973383,0.0,0,11457.20568973383,12193.555303469326,-0.060388426132449546,0.0
2025-04-14,BASE,11457.20568973383,0.0,0,11457.20568973383,12193.555303469326,-0.060388426132449546,0.0
2025-04-15,BASE,11457.20568973383,0.0,0,11457.20568973383,12193.555303469326,-0.060388426132449546,0.0
2025-04-16,BASE,11457.20568973383,0.0,0,11457.20568973383,12193.555303469326,-0.060388426132449546,0.0
2025-04-17,BASE,11457.20568973383,0.0,0,11457.20568973383,12193.555303469326,-0.060388426132449546,0.0
2025-04-18,BASE,11457.20568973383,0.0,0,11457.20568973383,12193.555303469326,-0.060388426132449546,0.0
2025-04-19,BASE,11457.20568973383,0.0,0,11457.20568973383,12193.555303469326,-0.060388426132449546,0.0
2025-04-20,BASE,11457.20568973383,0.0,0,11457.20568973383,12193.555303469326,-0.060388426132449546,0.0
2025-04-21,BASE,11457.20568973383,0.0,0,11457.20568973383,12193.555303469326,-0.060388426132449546,0.0
2025-04-22,BASE,11457.20568973383,0.0,0,11457.20568973383,12193.555303469326,-0.060388426132449546,0.0
2025-04-23,BASE,11457.20568973383,0.0,0,11457.20568973383,12193.555303469326,-0.060388426132449546,0.0
2025-04-24,BASE,9165.764551787064,2245.6123151878305,1,11411.376866974895,12193.555303469326,-0.06414687242791972,-0.0039999999999998925
2025-04-25,BASE,11411.376866974895,0.0,0,11411.376866974895,12193.555303469326,-0.06414687242791972,0.0
2025-04-26,BASE,11411.376866974895,0.0,0,11411.376866974895,12193.555303469326,-0.06414687242791972,0.0
2025-04-27,BASE,11411.376866974895,0.0,0,11411.376866974895,12193.555303469326,-0.06414687242791972,0.0
2025-04-28,BASE,11411.376866974895,0.0,0,11411.376866974895,12193.555303469326,-0.06414687242791972,0.0
2025-04-29,BASE,11411.376866974895,0.0,0,11411.376866974895,12193.555303469326,-0.06414687242791972,0.0
2025-04-30,BASE,11411.376866974895,0.0,0,11411.376866974895,12193.555303469326,-0.06414687242791972,0.0
2025-05-01,BASE,11411.376866974895,0.0,0,11411.376866974895,12193.555303469326,-0.06414687242791972,0.0
2025-05-02,BASE,11411.376866974895,0.0,0,11411.376866974895,12193.555303469326,-0.06414687242791972,0.0
2025-05-03,BASE,11411.376866974895,0.0,0,11411.376866974895,12193.555303469326,-0.06414687242791972,0.0
2025-05-04,BASE,11411.376866974895,0.0,0,11411.376866974895,12193.555303469326,-0.06414687242791972,0.0
2025-05-05,BASE,11411.376866974895,0.0,0,11411.376866974895,12193.555303469326,-0.06414687242791972,0.0
2025-05-06,BASE,11411.376866974895,0.0,0,11411.376866974895,12193.555303469326,-0.06414687242791972,0.0
2025-05-07,BASE,9129.101493579916,2317.2722925130156,1,11446.373786092932,12193.555303469326,-0.06127675635044727,0.003066844564508342
2025-05-08,BASE,9129.101493579916,2317.2722925130156,1,11446.373786092932,12193.555303469326,-0.06127675635044727,0.0
2025-05-09,BASE,6846.826120184936,4553.902158440094,2,11400.72827862503,12193.555303469326,-0.0650201688607357,-0.003987770128855983
2025-05-10,BASE,6846.826120184936,4553.902158440094,2,11400.72827862503,12193.555303469326,-0.0650201688607357,0.0
2025-05-11,BASE,6846.826120184936,4553.902158440094,2,11400.72827862503,12193.555303469326,-0.0650201688607357,0.0
2025-05-12,BASE,9083.455986112016,2317.2722925130156,1,11400.728278625033,12193.555303469326,-0.06502016886073558,2.220446049250313e-16
2025-05-13,BASE,6810.309714210616,4681.34441529047,2,11491.654129501087,12193.555303469326,-0.05756329114024139,0.00797544232735814
2025-05-14,BASE,9127.582006723631,2364.072122777455,1,11491.654129501087,12193.555303469326,-0.05756329114024139,0.0
2025-05-15,BASE,11491.654129501087,0.0,0,11491.654129501087,12193.555303469326,-0.05756329114024139,0.0
2025-05-16,BASE,4596.661651800436,6757.092628146639,3,11353.754279947076,12193.555303469326,-0.06887253164655827,-0.011999999999999789
2025-05-17,BASE,4596.661651800436,6757.092628146639,3,11353.754279947076,12193.555303469326,-0.06887253164655827,0.0
2025-05-18,BASE,4596.661651800436,6757.092628146639,3,11353.754279947076,12193.555303469326,-0.06887253164655827,0.0
2025-05-19,BASE,9101.390070564861,2252.3642093822127,1,11353.754279947074,12193.555303469326,-0.06887253164655849,-1.1102230246251565e-16
2025-05-20,BASE,9101.390070564861,2252.3642093822127,1,11353.754279947074,12193.555303469326,-0.06887253164655849,0.0
2025-05-21,BASE,11353.754279947074,0.0,0,11353.754279947074,12193.555303469326,-0.06887253164655849,0.0
2025-05-22,BASE,0.0,11422.36465913937,5,11422.36465913937,12193.555303469326,-0.06324575770862628,0.006042968475500343
2025-05-23,BASE,4450.671677739254,6971.692981400115,3,11422.36465913937,12193.555303469326,-0.06324575770862628,0.0
2025-05-24,BASE,4450.671677739254,6971.692981400115,3,11422.36465913937,12193.555303469326,-0.06324575770862628,0.0
2025-05-25,BASE,4450.671677739254,6971.692981400115,3,11422.36465913937,12193.555303469326,-0.06324575770862628,0.0
2025-05-26,BASE,4450.671677739254,6971.692981400115,3,11422.36465913937,12193.555303469326,-0.06324575770862628,0.0
2025-05-27,BASE,2198.0868285977544,9179.226133558785,4,11377.312962156539,12193.555303469326,-0.06694047150305282,-0.003944165532027921
2025-05-28,BASE,2198.0868285977544,9179.226133558785,4,11377.312962156539,12193.555303469326,-0.06694047150305282,0.0
2025-05-29,BASE,4405.619980756424,6971.692981400115,3,11377.312962156539,12193.555303469326,-0.06694047150305282,0.0
2025-05-30,BASE,11377.312962156539,0.0,0,11377.312962156539,12193.555303469326,-0.06694047150305282,0.0
2025-05-31,BASE,11377.312962156539,0.0,0,11377.312962156539,12193.555303469326,-0.06694047150305282,0.0
2025-06-01,BASE,11377.312962156539,0.0,0,11377.312962156539,12193.555303469326,-0.06694047150305282,0.0
2025-06-02,BASE,6826.387777293923,4596.434436711242,2,11422.822214005166,12193.555303469326,-0.063208233389065,0.0040000000000000036
2025-06-03,BASE,9138.257771204133,2375.9470205130747,1,11514.204791717208,12193.555303469326,-0.055713899256177424,0.008000000000000007
2025-06-04,BASE,9138.257771204133,2375.9470205130747,1,11514.204791717208,12193.555303469326,-0.055713899256177424,0.0
2025-06-05,BASE,11514.204791717208,0.0,0,11514.204791717208,12193.555303469326,-0.055713899256177424,0.0
2025-06-06,BASE,9211.363833373765,2256.784139176573,1,11468.147972550338,12193.555303469326,-0.05949104365915281,-0.004000000000000115
2025-06-07,BASE,9211.363833373765,2256.784139176573,1,11468.147972550338,12193.555303469326,-0.05949104365915281,0.0
2025-06-08,BASE,9211.363833373765,2256.784139176573,1,11468.147972550338,12193.555303469326,-0.05949104365915281,0.0
2025-06-09,BASE,11468.147972550338,0.0,0,11468.147972550338,12193.555303469326,-0.05949104365915281,0.0
2025-06-10,BASE,11468.147972550338,0.0,0,11468.147972550338,12193.555303469326,-0.05949104365915281,0.0
2025-06-11,BASE,9174.51837804027,2247.7570026198664,1,11422.275380660136,12193.555303469326,-0.0632530794845162,-0.0040000000000000036
2025-06-12,BASE,6880.888783530201,4518.7514215673955,2,11399.640205097596,12193.555303469326,-0.06510940235337637,-0.001981669571797018
2025-06-13,BASE,4559.735633886012,7022.660977302146,3,11582.396611188158,12193.555303469326,-0.0501214516251286,0.016031769670137308
2025-06-14,BASE,4559.735633886012,7022.660977302146,3,11582.396611188158,12193.555303469326,-0.0501214516251286,0.0
2025-06-15,BASE,4559.735633886012,7022.660977302146,3,11582.396611188158,12193.555303469326,-0.0501214516251286,0.0
2025-06-16,BASE,4632.838196322236,6903.5038005311,3,11536.341996853336,12193.555303469326,-0.05389841520864702,-0.0039762594807308815
2025-06-17,BASE,4595.99450485438,6894.4770961214745,3,11490.471600975854,12193.555303469326,-0.057660270937831326,-0.003976164705414731
2025-06-18,BASE,2274.9524734537717,9398.266784697971,4,11673.219258151743,12193.555303469326,-0.042673037712760986,0.015904278216080314
2025-06-19,BASE,2274.9524734537717,9398.266784697971,4,11673.219258151743,12193.555303469326,-0.042673037712760986,0.0
2025-06-20,BASE,4545.946892401302,7127.272365750443,3,11673.219258151745,12193.555303469326,-0.042673037712760764,2.220446049250313e-16
2025-06-21,BASE,4545.946892401302,7127.272365750443,3,11673.219258151745,12193.555303469326,-0.042673037712760764,0.0
2025-06-22,BASE,4545.946892401302,7127.272365750443,3,11673.219258151745,12193.555303469326,-0.042673037712760764,0.0
2025-06-23,BASE,2325.5915311882686,9393.58961336738,4,11719.181144555649,12193.555303469326,-0.03890367879651213,0.003937378831619931
2025-06-24,BASE,4692.338674882001,7071.728017795699,3,11764.066692677701,12193.555303469326,-0.035222590959129496,0.003830092526806439
2025-06-25,BASE,2366.7772116884603,9471.397468313178,4,11838.174680001639,12193.555303469326,-0.0291449552343912,0.006299521182591139
2025-06-26,BASE,4742.496754975027,7095.67792502661,3,11838.174680001637,12193.555303469326,-0.029144955234391312,-1.1102230246251565e-16
2025-06-27,BASE,4742.496754975027,7095.67792502661,3,11838.174680001637,12193.555303469326,-0.029144955234391312,0.0
2025-06-28,BASE,4742.496754975027,7095.67792502661,3,11838.174680001637,12193.555303469326,-0.029144955234391312,0.0
2025-06-29,BASE,4742.496754975027,7095.67792502661,3,11838.174680001637,12193.555303469326,-0.029144955234391312,0.0
2025-06-30,BASE,4742.496754975027,7095.67792502661,3,11838.174680001637,12193.555303469326,-0.029144955234391312,0.0
2025-07-01,BASE,9438.505229484159,2399.6694505174783,1,11838.174680001637,12193.555303469326,-0.029144955234391312,0.0
2025-07-02,BASE,2367.6349360003264,9652.01799195991,4,12019.652927960236,12193.555303469326,-0.014261826938990474,0.015329918071336879
2025-07-03,BASE,7292.315602881008,4727.337325079229,2,12019.652927960236,12193.555303469326,-0.014261826938990474,0.0
2025-07-04,BASE,7292.315602881008,4727.337325079229,2,12019.652927960236,12193.555303469326,-0.014261826938990474,0.0
2025-07-05,BASE,7292.315602881008,4727.337325079229,2,12019.652927960236,12193.555303469326,-0.014261826938990474,0.0
2025-07-06,BASE,7292.315602881008,4727.337325079229,2,12019.652927960236,12193.555303469326,-0.014261826938990474,0.0
2025-07-07,BASE,7292.315602881008,4727.337325079229,2,12019.652927960236,12193.555303469326,-0.014261826938990474,0.0
2025-07-08,BASE,7216.551284928997,4761.468258152263,2,11978.01954308126,12193.555303469326,-0.017676203127298007,-0.003463775961627724
2025-07-09,BASE,28.41161923200343,11986.181792537454,5,12014.593411769458,12193.555303469326,-0.01467676057113132,0.0030534153460555213
2025-07-10,BASE,2435.4667070309115,9579.126704738546,4,12014.593411769458,12193.555303469326,-0.01467676057113132,0.0
2025-07-11,BASE,31.53612143886403,11934.978678618752,5,11966.514800057616,12193.555303469326,-0.018619713263375526,-0.0040016844568993015
2025-07-12,BASE,2387.3880953190705,9579.126704738546,4,11966.514800057617,12193.555303469326,-0.018619713263375304,2.220446049250313e-16
2025-07-13,BASE,2387.3880953190705,9579.126704738546,4,11966.514800057617,12193.555303469326,-0.018619713263375304,0.0
2025-07-14,BASE,4879.2765127606945,7087.238287296921,3,11966.514800057616,12193.555303469326,-0.018619713263375526,-1.1102230246251565e-16
2025-07-15,BASE,7186.242934746921,4732.360417860798,2,11918.603352607719,12193.555303469326,-0.02254895672498214,-0.00400379293807962
2025-07-16,BASE,4784.336507539756,7278.768437224418,3,12063.104944764174,12193.555303469326,-0.010698303772652351,0.01212403734577161
2025-07-17,BASE,4784.336507539756,7278.768437224418,3,12063.104944764174,12193.555303469326,-0.010698303772652351,0.0
2025-07-18,BASE,4748.276762063128,7267.153769290615,3,12015.430531353744,12193.555303469326,-0.014608107945752402,-0.003952084776575049
2025-07-19,BASE,4748.276762063128,7267.153769290615,3,12015.430531353744,12193.555303469326,-0.014608107945752402,0.0
2025-07-20,BASE,4748.276762063128,7267.153769290615,3,12015.430531353744,12193.555303469326,-0.014608107945752402,0.0
2025-07-21,BASE,7084.323019174241,4931.107512179502,2,12015.430531353744,12193.555303469326,-0.014608107945752402,0.0
2025-07-22,BASE,7084.323019174241,4931.107512179502,2,12015.430531353744,12193.555303469326,-0.014608107945752402,0.0
2025-07-23,BASE,9612.344425082996,2499.209550521579,1,12111.553975604575,12193.555303469326,-0.006724972809318386,0.008000000000000007
2025-07-24,BASE,9612.344425082996,2499.209550521579,1,12111.553975604575,12193.555303469326,-0.006724972809318386,0.0
2025-07-25,BASE,9612.344425082996,2499.209550521579,1,12111.553975604575,12193.555303469326,-0.006724972809318386,0.0
2025-07-26,BASE,9612.344425082996,2499.209550521579,1,12111.553975604575,12193.555303469326,-0.006724972809318386,0.0
2025-07-27,BASE,9612.344425082996,2499.209550521579,1,12111.553975604575,12193.555303469326,-0.006724972809318386,0.0
2025-07-28,BASE,12111.553975604575,0.0,0,12111.553975604575,12193.555303469326,-0.006724972809318386,0.0
2025-07-29,BASE,9689.24318048366,2373.8645792184966,1,12063.107759702156,12193.555303469326,-0.010698072918081114,-0.0040000000000000036
2025-07-30,BASE,9650.486207761725,2364.369120901623,1,12014.855328663349,12193.555303469326,-0.014655280626408751,-0.0039999999999998925
2025-07-31,BASE,9611.884262930678,2354.9116444180167,1,11966.795907348695,12193.555303469326,-0.0185966595039031,-0.004000000000000115
2025-08-01,BASE,2393.359181469738,9885.082044602948,4,12278.441226072686,12278.441226072686,0.0,0.026042503033966824
2025-08-02,BASE,2393.359181469738,9885.082044602948,4,12278.441226072686,12278.441226072686,0.0,0.0
2025-08-03,BASE,2393.359181469738,9885.082044602948,4,12278.441226072686,12278.441226072686,0.0,0.0
2025-08-04,BASE,57.440620355273495,12269.250726815842,5,12326.691347171116,12326.691347171116,0.0,0.003929661771395976
2025-08-05,BASE,5055.540466202157,7271.150880968958,3,12326.691347171116,12326.691347171116,0.0,0.0
2025-08-06,BASE,5055.540466202157,7271.150880968958,3,12326.691347171116,12326.691347171116,0.0,0.0
2025-08-07,BASE,7419.796400025223,4906.894947145891,2,12326.691347171114,12326.691347171116,-1.1102230246251565e-16,-1.1102230246251565e-16
2025-08-08,BASE,7396.014808302667,4832.063008091078,2,12228.077816393745,12326.691347171116,-0.00800000000000023,-0.008000000000000007
2025-08-09,BASE,7396.014808302667,4832.063008091078,2,12228.077816393745,12326.691347171116,-0.00800000000000023,0.0
2025-08-10,BASE,7396.014808302667,4832.063008091078,2,12228.077816393745,12326.691347171116,-0.00800000000000023,0.0
2025-08-11,BASE,9812.046312348206,2416.031504045539,1,12228.077816393745,12326.691347171116,-0.00800000000000023,0.0
2025-08-12,BASE,9812.046312348206,2416.031504045539,1,12228.077816393745,12326.691347171116,-0.00800000000000023,0.0
2025-08-13,BASE,12228.077816393745,0.0,0,12228.077816393745,12326.691347171116,-0.00800000000000023,0.0
2025-08-14,BASE,4891.231126557498,7190.109756039522,3,12081.34088259702,12326.691347171116,-0.019904000000000144,-0.01200000000000001
2025-08-15,BASE,7287.9343785706715,4793.406504026349,2,12081.34088259702,12326.691347171116,-0.019904000000000144,0.0
2025-08-16,BASE,7287.9343785706715,4793.406504026349,2,12081.34088259702,12326.691347171116,-0.019904000000000144,0.0
2025-08-17,BASE,7287.9343785706715,4793.406504026349,2,12081.34088259702,12326.691347171116,-0.019904000000000144,0.0
2025-08-18,BASE,2416.268176519403,9623.015265991546,4,12039.283442510949,12326.691347171116,-0.02331590015240592,-0.00348118975325451
2025-08-19,BASE,2386.920789760058,9603.84163997544,4,11990.7624297355,12326.691347171116,-0.027252156152405727,-0.004030224307546404
2025-08-20,BASE,0.0,11992.127278869053,5,11992.127278869053,12326.691347171116,-0.02714143308040584,0.00011382505003765253
2025-08-21,BASE,7046.767727943119,4945.359550925936,2,11992.127278869055,12326.691347171116,-0.02714143308040573,2.220446049250313e-16
2025-08-22,BASE,9549.63495590898,2442.4923229600763,1,11992.127278869055,12326.691347171116,-0.02714143308040573,0.0
2025-08-23,BASE,9549.63495590898,2442.4923229600763,1,11992.127278869055,12326.691347171116,-0.02714143308040573,0.0
2025-08-24,BASE,9549.63495590898,2442.4923229600763,1,11992.127278869055,12326.691347171116,-0.02714143308040573,0.0
2025-08-25,BASE,11992.127278869055,0.0,0,11992.127278869055,12326.691347171116,-0.02714143308040573,0.0
2025-08-26,BASE,11992.127278869055,0.0,0,11992.127278869055,12326.691347171116,-0.02714143308040573,0.0
2025-08-27,BASE,11992.127278869055,0.0,0,11992.127278869055,12326.691347171116,-0.02714143308040573,0.0
2025-08-28,BASE,11992.127278869055,0.0,0,11992.127278869055,12326.691347171116,-0.02714143308040573,0.0
2025-08-29,BASE,11992.127278869055,0.0,0,11992.127278869055,12326.691347171116,-0.02714143308040573,0.0
2025-08-30,BASE,11992.127278869055,0.0,0,11992.127278869055,12326.691347171116,-0.02714143308040573,0.0
2025-08-31,BASE,11992.127278869055,0.0,0,11992.127278869055,12326.691347171116,-0.02714143308040573,0.0
2025-09-01,BASE,11992.127278869055,0.0,0,11992.127278869055,12326.691347171116,-0.02714143308040573,0.0
2025-09-02,BASE,2398.42545577381,9761.828266466855,4,12160.253722240665,12326.691347171116,-0.013502214036424931,0.014019734736126388
2025-09-03,BASE,2513.5498776509526,9641.352050312098,4,12154.90192796305,12326.691347171116,-0.013936377116109955,-0.00044010547804818057
2025-09-04,BASE,76.74961458476082,12029.416308116965,5,12106.165922701726,12326.691347171116,-0.017890074332071126,-0.004009576181705277
2025-09-05,BASE,4815.270819047963,7290.895103653763,3,12106.165922701726,12326.691347171116,-0.017890074332071126,0.0
2025-09-06,BASE,4815.270819047963,7290.895103653763,3,12106.165922701726,12326.691347171116,-0.017890074332071126,0.0
2025-09-07,BASE,4815.270819047963,7290.895103653763,3,12106.165922701726,12326.691347171116,-0.017890074332071126,0.0
2025-09-08,BASE,0.0,12255.482171641135,5,12255.482171641135,12326.691347171116,-0.005776827984447119,0.012333900748824789
2025-09-09,BASE,0.34282840312425833,12235.407921374555,5,12235.750749777679,12326.691347171116,-0.007377535044252315,-0.0016100077979073202
2025-09-10,BASE,2447.3583757175497,9885.241701441744,4,12332.600077159294,12332.600077159294,0.0,0.007915274621246748
2025-09-11,BASE,84.23478760617263,12297.177350553455,5,12381.412138159627,12381.412138159627,0.0,0.003957969989697219
2025-09-12,BASE,2519.7265643464657,9812.685111223413,4,12332.411675569878,12381.412138159627,-0.003957582708900342,-0.003957582708900342
2025-09-13,BASE,2519.7265643464657,9812.685111223413,4,12332.411675569878,12381.412138159627,-0.003957582708900342,0.0
2025-09-14,BASE,2519.7265643464657,9812.685111223413,4,12332.411675569878,12381.412138159627,-0.003957582708900342,0.0
2025-09-15,BASE,7528.816887139756,4803.594788430122,2,12332.411675569878,12381.412138159627,-0.003957582708900342,0.0
2025-09-16,BASE,9931.38900867217,2401.0226668977098,1,12332.41167556988,12381.412138159627,-0.00395758270890012,2.220446049250313e-16
2025-09-17,BASE,12332.41167556988,0.0,0,12332.41167556988,12381.412138159627,-0.00395758270890012,0.0
2025-09-18,BASE,9865.929340455903,2417.152688411697,1,12283.0820288676,12381.412138159627,-0.007941752378064493,-0.0040000000000000036
2025-09-19,BASE,7369.84921732056,4962.36513966251,2,12332.21435698307,12381.412138159627,-0.0039735193875769514,0.0040000000000000036
2025-09-20,BASE,7369.84921732056,4962.36513966251,2,12332.21435698307,12381.412138159627,-0.0039735193875769514,0.0
2025-09-21,BASE,7369.84921732056,4962.36513966251,2,12332.21435698307,12381.412138159627,-0.0039735193875769514,0.0
2025-09-22,BASE,9924.73027932502,2407.4840776580495,1,12332.21435698307,12381.412138159627,-0.0039735193875769514,0.0
2025-09-23,BASE,12332.21435698307,0.0,0,12332.21435698307,12381.412138159627,-0.0039735193875769514,0.0
2025-09-24,BASE,12332.21435698307,0.0,0,12332.21435698307,12381.412138159627,-0.0039735193875769514,0.0
2025-09-25,BASE,12332.21435698307,0.0,0,12332.21435698307,12381.412138159627,-0.0039735193875769514,0.0
2025-09-26,BASE,12332.21435698307,0.0,0,12332.21435698307,12381.412138159627,-0.0039735193875769514,0.0
2025-09-27,BASE,12332.21435698307,0.0,0,12332.21435698307,12381.412138159627,-0.0039735193875769514,0.0
2025-09-28,BASE,12332.21435698307,0.0,0,12332.21435698307,12381.412138159627,-0.0039735193875769514,0.0
2025-09-29,BASE,12332.21435698307,0.0,0,12332.21435698307,12381.412138159627,-0.0039735193875769514,0.0
2025-09-30,BASE,4932.885742793229,7251.342041906045,3,12184.227784699273,12381.412138159627,-0.015925837154926015,-0.01200000000000001
2025-10-01,BASE,4932.885742793229,7251.342041906045,3,12184.227784699273,12381.412138159627,-0.015925837154926015,0.0
2025-10-02,BASE,4893.422656850882,7337.747726731107,3,12231.17038358199,12381.412138159627,-0.012134460342741571,0.00385273483984494
2025-10-03,BASE,2436.8455569398543,9745.193284643914,4,12182.038841583768,12381.412138159627,-0.01610262984150157,-0.004016912564980046
2025-10-04,BASE,2436.8455569398543,9745.193284643914,4,12182.038841583768,12381.412138159627,-0.01610262984150157,0.0
2025-10-05,BASE,2436.8455569398543,9745.193284643914,4,12182.038841583768,12381.412138159627,-0.01610262984150157,0.0
2025-10-06,BASE,4844.291114852662,7337.747726731107,3,12182.03884158377,12381.412138159627,-0.01610262984150146,2.220446049250313e-16
2025-10-07,BASE,7251.499894249813,4881.998562363151,2,12133.498456612964,12381.412138159627,-0.020023053814886782,-0.003984586291508996
2025-10-08,BASE,9629.978757819219,2503.519698793744,1,12133.498456612962,12381.412138159627,-0.020023053814886893,-1.1102230246251565e-16
2025-10-09,BASE,12133.498456612962,0.0,0,12133.498456612962,12381.412138159627,-0.020023053814886893,0.0
2025-10-10,BASE,12133.498456612962,0.0,0,12133.498456612962,12381.412138159627,-0.020023053814886893,0.0
2025-10-11,BASE,12133.498456612962,0.0,0,12133.498456612962,12381.412138159627,-0.020023053814886893,0.0
2025-10-12,BASE,12133.498456612962,0.0,0,12133.498456612962,12381.412138159627,-0.020023053814886893,0.0
2025-10-13,BASE,0.0,12442.797923954762,5,12442.797923954762,12442.797923954762,0.0,0.025491367427769918
2025-10-14,BASE,4901.9333764716375,7540.864547483125,3,12442.797923954762,12442.797923954762,0.0,0.0
2025-10-15,BASE,4969.880967828671,7423.800554373722,3,12393.681522202392,12442.797923954762,-0.003947375988306523,-0.003947375988306523
2025-10-16,BASE,7376.584653694765,5017.096868507628,2,12393.681522202392,12442.797923954762,-0.003947375988306523,0.0
2025-10-17,BASE,2484.591039158785,9937.943022354373,4,12422.534061513157,12442.797923954762,-0.0016285615635204254,0.0023280039316064816
2025-10-18,BASE,2484.591039158785,9937.943022354373,4,12422.534061513157,12442.797923954762,-0.0016285615635204254,0.0
2025-10-19,BASE,2484.591039158785,9937.943022354373,4,12422.534061513157,12442.797923954762,-0.0016285615635204254,0.0
2025-10-20,BASE,5022.951603225934,7463.612149420569,3,12486.563752646503,12486.563752646503,0.0,0.005154318017265069
2025-10-21,BASE,7420.0284743485645,5066.535278297939,2,12486.563752646503,12486.563752646503,0.0,0.0
2025-10-22,BASE,4951.076157137158,7634.245688197802,3,12585.32184533496,12585.32184533496,0.0,0.00790914895761663
2025-10-23,BASE,13.171522714344064,12769.666507997528,5,12782.838030711871,12782.838030711871,0.0,0.01569417038390042
2025-10-24,BASE,2536.9408054384585,10245.897225273413,4,12782.838030711871,12782.838030711871,0.0,0.0
2025-10-25,BASE,2536.9408054384585,10245.897225273413,4,12782.838030711871,12782.838030711871,0.0,0.0
2025-10-26,BASE,2536.9408054384585,10245.897225273413,4,12782.838030711871,12782.838030711871,0.0,0.0
2025-10-27,BASE,5141.495645602643,7692.078704861324,3,12833.574350463967,12833.574350463967,0.0,0.003969096661492255
2025-10-28,BASE,10265.863940564104,2567.710409899863,1,12833.574350463967,12833.574350463967,0.0,0.0
2025-10-29,BASE,10266.859480371173,2515.380572690938,1,12782.24005306211,12833.574350463967,-0.0040000000000000036,-0.0040000000000000036
2025-10-30,BASE,2556.448010612421,10151.94021623381,4,12708.388226846231,12833.574350463967,-0.009754579682877629,-0.005777690444656258
2025-10-31,BASE,0.0,12607.15288562598,5,12607.15288562598,12833.574350463967,-0.01764289968287769,-0.007966025227840734
2025-11-01,BASE,4960.531719792342,7646.621165833638,3,12607.15288562598,12833.574350463967,-0.01764289968287769,0.0
2025-11-02,BASE,4960.531719792342,7646.621165833638,3,12607.15288562598,12833.574350463967,-0.01764289968287769,0.0
2025-11-03,BASE,7465.8507701925155,5141.302115433464,2,12607.15288562598,12833.574350463967,-0.01764289968287769,0.0
2025-11-04,BASE,7465.8507701925155,5141.302115433464,2,12607.15288562598,12833.574350463967,-0.01764289968287769,0.0
2025-11-05,BASE,2434.352053625571,10072.170857669069,4,12506.52291129464,12833.574350463967,-0.025484049122877717,-0.007981974617446874
2025-11-06,BASE,7529.720960484776,4950.945541410105,2,12480.66650189488,12833.574350463967,-0.027498796432836925,-0.0020674338969474126
2025-11-07,BASE,4992.546167084722,7388.068151519801,3,12380.614318604523,12833.574350463967,-0.035294924039854014,-0.008016573736279842
2025-11-08,BASE,9895.10314831222,2485.511170292302,1,12380.614318604523,12833.574350463967,-0.035294924039854014,0.0
2025-11-09,BASE,9895.10314831222,2485.511170292302,1,12380.614318604523,12833.574350463967,-0.035294924039854014,0.0
2025-11-10,BASE,4932.514857110507,7348.8476956699815,3,12281.362552780489,12833.574350463967,-0.04302868262601478,-0.008016707674585066
2025-11-11,BASE,2451.2207115096508,9846.90484826458,4,12298.125559774231,12833.574350463967,-0.041722498819697695,0.0013649142692189198
2025-11-12,BASE,2411.520005180037,9985.460313354932,4,12396.980318534968,12833.574350463967,-0.03401967526788163,0.008038197226094335
2025-11-13,BASE,9898.92316594037,2498.057152594599,1,12396.98031853497,12833.574350463967,-0.03401967526788141,2.220446049250313e-16
2025-11-14,BASE,0.0,12199.001855216162,5,12199.001855216162,12833.574350463967,-0.04944627879331709,-0.01596989413807548
2025-11-15,BASE,4847.899516497401,7351.10233871876,3,12199.00185521616,12833.574350463967,-0.04944627879331731,-1.1102230246251565e-16
2025-11-16,BASE,4847.899516497401,7351.10233871876,3,12199.00185521616,12833.574350463967,-0.04944627879331731,0.0
2025-11-17,BASE,4828.070166065765,7322.004650280522,3,12150.074816346287,12833.574350463967,-0.05325870372917341,-0.004010741161495357
2025-11-18,BASE,4876.422773767898,7371.640224374087,3,12248.062998141984,12833.574350463967,-0.0456234043870104,0.00806482126874375
2025-11-19,BASE,4876.422773767898,7371.640224374087,3,12248.062998141984,12833.574350463967,-0.0456234043870104,0.0
2025-11-20,BASE,9821.540405079904,2426.5225930620804,1,12248.062998141984,12833.574350463967,-0.0456234043870104,0.0
2025-11-21,BASE,12248.062998141984,0.0,0,12248.062998141984,12833.574350463967,-0.0456234043870104,0.0
2025-11-22,BASE,12248.062998141984,0.0,0,12248.062998141984,12833.574350463967,-0.0456234043870104,0.0
2025-11-23,BASE,12248.062998141984,0.0,0,12248.062998141984,12833.574350463967,-0.0456234043870104,0.0
2025-11-24,BASE,12248.062998141984,0.0,0,12248.062998141984,12833.574350463967,-0.0456234043870104,0.0
2025-11-25,BASE,9798.450398513587,2400.6203476358287,1,12199.070746149417,12833.574350463967,-0.04944091076946233,-0.0040000000000000036
2025-11-26,BASE,9798.450398513587,2400.6203476358287,1,12199.070746149417,12833.574350463967,-0.04944091076946233,0.0
2025-11-27,BASE,9798.450398513587,2400.6203476358287,1,12199.070746149417,12833.574350463967,-0.04944091076946233,0.0
2025-11-28,BASE,12199.070746149417,0.0,0,12199.070746149417,12833.574350463967,-0.04944091076946233,0.0
2025-11-29,BASE,12199.070746149417,0.0,0,12199.070746149417,12833.574350463967,-0.04944091076946233,0.0
2025-11-30,BASE,12199.070746149417,0.0,0,12199.070746149417,12833.574350463967,-0.04944091076946233,0.0
2025-12-01,BASE,12199.070746149417,0.0,0,12199.070746149417,12833.574350463967,-0.04944091076946233,0.0
2025-12-02,BASE,9759.256596919533,2495.9508950526856,1,12255.207491972218,12833.574350463967,-0.04506670103725541,0.004601723114075806
2025-12-03,BASE,9759.256596919533,2495.9508950526856,1,12255.207491972218,12833.574350463967,-0.04506670103725541,0.0
2025-12-04,BASE,9759.256596919533,2495.9508950526856,1,12255.207491972218,12833.574350463967,-0.04506670103725541,0.0
2025-12-05,BASE,7319.442447689649,5033.357610251764,2,12352.800057941413,12833.574350463967,-0.03746222832341117,0.007963354845939907
2025-12-06,BASE,7319.442447689649,5033.357610251764,2,12352.800057941413,12833.574350463967,-0.03746222832341117,0.0
2025-12-07,BASE,7319.442447689649,5033.357610251764,2,12352.800057941413,12833.574350463967,-0.03746222832341117,0.0
2025-12-08,BASE,7319.442447689649,5033.357610251764,2,12352.800057941413,12833.574350463967,-0.03746222832341117,0.0
2025-12-09,BASE,7364.351844347891,4939.427383625633,2,12303.779227973524,12833.574350463967,-0.04128196151926211,-0.003968398236671389
2025-12-10,BASE,7431.198547958686,4922.412592897816,2,12353.611140856501,12833.574350463967,-0.03739902824423291,0.004050130611062963
2025-12-11,BASE,9833.219216385241,2520.391924471261,1,12353.611140856503,12833.574350463967,-0.0373990282442328,2.220446049250313e-16
2025-12-12,BASE,9833.219216385241,2520.391924471261,1,12353.611140856503,12833.574350463967,-0.0373990282442328,0.0
2025-12-13,BASE,9833.219216385241,2520.391924471261,1,12353.611140856503,12833.574350463967,-0.0373990282442328,0.0
2025-12-14,BASE,9833.219216385241,2520.391924471261,1,12353.611140856503,12833.574350463967,-0.0373990282442328,0.0
2025-12-15,BASE,7372.463370790536,4931.932653154072,2,12304.396023944608,12833.574350463967,-0.04123390039815589,-0.003983864827113437
2025-12-16,BASE,4911.70752519583,7454.0093102597,3,12365.71683545553,12833.574350463967,-0.03645574508176841,0.004983650671807949
2025-12-17,BASE,2461.0025639831365,9849.143550584344,4,12310.14611456748,12833.574350463967,-0.04078584980322053,-0.004493934450182091
2025-12-18,BASE,0.1233591942145722,12260.805171277487,5,12260.928530471701,12833.574350463967,-0.04462091420162795,-0.003998131593055287
2025-12-19,BASE,9808.74282437736,2438.6583801762026,1,12247.401204553562,12833.574350463967,-0.04567497175011215,-0.0011032872334685306
