Date,Cash,Open_Positions,Equity,Daily_Return,Peak,Drawdown
2018-10-29,6000.0,2,10000.0,,10000.0,0.0
2018-10-30,8080.0,1,10080.0,0.008000000000000007,10080.0,0.0
2018-10-31,8080.0,1,10080.0,0.0,10080.0,0.0
2018-11-01,4048.0,3,10080.0,0.0,10080.0,0.0
2018-11-02,6023.68,2,10039.68,-0.0040000000000000036,10080.0,-0.0040000000000000036
2018-11-03,6023.68,2,10039.68,0.0,10080.0,-0.0040000000000000036
2018-11-04,6023.68,2,10039.68,0.0,10080.0,-0.0040000000000000036
2018-11-05,8059.981584544866,1,10075.981584544865,0.003615810916768769,10080.0,-0.00039865232689828556
2018-11-06,8059.981584544866,1,10075.981584544865,0.0,10080.0,-0.00039865232689828556
2018-11-07,10156.621584544866,0,10156.621584544866,0.008003190490511791,10156.621584544866,0.0
2018-11-08,10156.621584544866,0,10156.621584544866,0.0,10156.621584544866,0.0
2018-11-09,10156.621584544866,0,10156.621584544866,0.0,10156.621584544866,0.0
2018-11-10,10156.621584544866,0,10156.621584544866,0.0,10156.621584544866,0.0
2018-11-11,10156.621584544866,0,10156.621584544866,0.0,10156.621584544866,0.0
2018-11-12,10156.621584544866,0,10156.621584544866,0.0,10156.621584544866,0.0
2018-11-13,10156.621584544866,0,10156.621584544866,0.0,10156.621584544866,0.0
2018-11-14,10156.621584544866,0,10156.621584544866,0.0,10156.621584544866,0.0
2018-11-15,10156.621584544866,0,10156.621584544866,0.0,10156.621584544866,0.0
2018-11-16,10156.621584544866,0,10156.621584544866,0.0,10156.621584544866,0.0
2018-11-17,10156.621584544866,0,10156.621584544866,0.0,10156.621584544866,0.0
2018-11-18,10156.621584544866,0,10156.621584544866,0.0,10156.621584544866,0.0
2018-11-19,10156.621584544866,0,10156.621584544866,0.0,10156.621584544866,0.0
2018-11-20,8125.297267635893,1,10156.621584544866,0.0,10156.621584544866,0.0
2018-11-21,4062.6486338179466,3,10156.621584544868,2.220446049250313e-16,10156.621584544868,0.0
2018-11-22,4062.6486338179466,3,10156.621584544868,0.0,10156.621584544868,0.0
2018-11-23,2031.3243169089728,4,10156.621584544868,0.0,10156.621584544868,0.0
2018-11-24,2031.3243169089728,4,10156.621584544868,0.0,10156.621584544868,0.0
2018-11-25,2031.3243169089728,4,10156.621584544868,0.0,10156.621584544868,0.0
2018-11-26,2031.3243169089728,4,10156.621584544868,0.0,10156.621584544868,0.0
2018-11-27,4022.0221474797663,3,10115.995098206688,-0.004000000000000115,10156.621584544868,-0.004000000000000115
2018-11-28,4022.0221474797663,3,10115.995098206688,0.0,10156.621584544868,-0.004000000000000115
2018-11-29,10229.98486893786,0,10229.98486893786,0.011268270656969781,10229.98486893786,0.0
2018-11-30,10229.98486893786,0,10229.98486893786,0.0,10229.98486893786,0.0
2018-12-01,10229.98486893786,0,10229.98486893786,0.0,10229.98486893786,0.0
2018-12-02,10229.98486893786,0,10229.98486893786,0.0,10229.98486893786,0.0
2018-12-03,10229.98486893786,0,10229.98486893786,0.0,10229.98486893786,0.0
2018-12-04,8183.987895150288,1,10229.98486893786,0.0,10229.98486893786,0.0
2018-12-05,8183.987895150288,1,10229.98486893786,0.0,10229.98486893786,0.0
2018-12-06,6113.438957677265,2,10189.064929462107,-0.004000000000000115,10229.98486893786,-0.004000000000000115
2018-12-07,8110.495683851837,1,10148.30866974426,-0.0039999999999998925,10229.98486893786,-0.007983999999999991
2018-12-08,8110.495683851837,1,10148.30866974426,0.0,10229.98486893786,-0.007983999999999991
2018-12-09,8110.495683851837,1,10148.30866974426,0.0,10229.98486893786,-0.007983999999999991
2018-12-10,8110.495683851837,1,10148.30866974426,0.0,10229.98486893786,-0.007983999999999991
2018-12-11,10229.821189179955,0,10229.821189179955,0.008032128514056103,10229.98486893786,-1.6000000000238046e-05
2018-12-12,10229.821189179955,0,10229.821189179955,0.0,10229.98486893786,-1.6000000000238046e-05
2018-12-13,10229.821189179955,0,10229.821189179955,0.0,10229.98486893786,-1.6000000000238046e-05
2018-12-14,10229.821189179955,0,10229.821189179955,0.0,10229.98486893786,-1.6000000000238046e-05
2018-12-15,10229.821189179955,0,10229.821189179955,0.0,10229.98486893786,-1.6000000000238046e-05
2018-12-16,10229.821189179955,0,10229.821189179955,0.0,10229.98486893786,-1.6000000000238046e-05
2018-12-17,4091.928475671981,3,10229.821189179955,0.0,10229.98486893786,-1.6000000000238046e-05
2018-12-18,2021.4126669819595,4,10107.063334909795,-0.01200000000000001,10229.98486893786,-0.012015808000000128
2018-12-19,4002.3970806242796,3,10066.635081570157,-0.0039999999999998925,10229.98486893786,-0.015967744768000114
2018-12-20,5967.210192930744,2,9985.77857489088,-0.008032128514056214,10229.98486893786,-0.023871618304000086
2018-12-21,9905.407207251676,0,9905.407207251676,-0.008048582995951459,10229.98486893786,-0.031728068598784076
2018-12-22,9905.407207251676,0,9905.407207251676,0.0,10229.98486893786,-0.031728068598784076
2018-12-23,9905.407207251676,0,9905.407207251676,0.0,10229.98486893786,-0.031728068598784076
2018-12-24,9905.407207251676,0,9905.407207251676,0.0,10229.98486893786,-0.031728068598784076
2018-12-25,9905.407207251676,0,9905.407207251676,0.0,10229.98486893786,-0.031728068598784076
2018-12-26,9905.407207251676,0,9905.407207251676,0.0,10229.98486893786,-0.031728068598784076
2018-12-27,9905.407207251676,0,9905.407207251676,0.0,10229.98486893786,-0.031728068598784076
2018-12-28,9905.407207251676,0,9905.407207251676,0.0,10229.98486893786,-0.031728068598784076
2018-12-29,9905.407207251676,0,9905.407207251676,0.0,10229.98486893786,-0.031728068598784076
2018-12-30,9905.407207251676,0,9905.407207251676,0.0,10229.98486893786,-0.031728068598784076
2018-12-31,9905.407207251676,0,9905.407207251676,0.0,10229.98486893786,-0.031728068598784076
2019-01-01,9905.407207251676,0,9905.407207251676,0.0,10229.98486893786,-0.031728068598784076
2019-01-02,9905.407207251676,0,9905.407207251676,0.0,10229.98486893786,-0.031728068598784076
2019-01-03,7924.325765801341,1,9905.407207251676,0.0,10229.98486893786,-0.031728068598784076
2019-01-04,9865.785578422669,0,9865.785578422669,-0.0040000000000000036,10229.98486893786,-0.03560115632438898
2019-01-05,9865.785578422669,0,9865.785578422669,0.0,10229.98486893786,-0.03560115632438898
2019-01-06,9865.785578422669,0,9865.785578422669,0.0,10229.98486893786,-0.03560115632438898
2019-01-07,9865.785578422669,0,9865.785578422669,0.0,10229.98486893786,-0.03560115632438898
2019-01-08,9865.785578422669,0,9865.785578422669,0.0,10229.98486893786,-0.03560115632438898
2019-01-09,9865.785578422669,0,9865.785578422669,0.0,10229.98486893786,-0.03560115632438898
2019-01-10,7892.628462738135,1,9865.785578422669,0.0,10229.98486893786,-0.03560115632438898
2019-01-11,5919.471347053601,2,9865.785578422669,0.0,10229.98486893786,-0.03560115632438898
2019-01-12,7971.554747365516,1,9944.71186305005,0.008000000000000007,10229.98486893786,-0.02788596557498413
2019-01-13,7971.554747365516,1,9944.71186305005,0.0,10229.98486893786,-0.02788596557498413
2019-01-14,9905.24872073636,0,9905.24872073636,-0.003968253968253954,10229.98486893786,-0.031743560949686556
2019-01-15,9905.24872073636,0,9905.24872073636,0.0,10229.98486893786,-0.031743560949686556
2019-01-16,7924.198976589088,1,9905.24872073636,0.0,10229.98486893786,-0.031743560949686556
2019-01-17,9865.627725853414,0,9865.627725853414,-0.0040000000000000036,10229.98486893786,-0.035616586705887854
2019-01-18,9865.627725853414,0,9865.627725853414,0.0,10229.98486893786,-0.035616586705887854
2019-01-19,9865.627725853414,0,9865.627725853414,0.0,10229.98486893786,-0.035616586705887854
2019-01-20,9865.627725853414,0,9865.627725853414,0.0,10229.98486893786,-0.035616586705887854
2019-01-21,9865.627725853414,0,9865.627725853414,0.0,10229.98486893786,-0.035616586705887854
2019-01-22,7892.502180682731,1,9865.627725853414,0.0,10229.98486893786,-0.035616586705887854
2019-01-23,3946.251090341365,3,9865.627725853414,0.0,10229.98486893786,-0.035616586705887854
2019-01-24,5879.914124608634,2,9826.16521495,-0.0040000000000000036,10229.98486893786,-0.03947412035906428
2019-01-25,5879.914124608634,2,9826.16521495,0.0,10229.98486893786,-0.03947412035906428
2019-01-26,5879.914124608634,2,9826.16521495,0.0,10229.98486893786,-0.03947412035906428
2019-01-27,5879.914124608634,2,9826.16521495,0.0,10229.98486893786,-0.03947412035906428
2019-01-28,7813.577158875903,1,9786.702704046585,-0.004016064257028273,10229.98486893786,-0.04333165401224082
2019-01-29,9787.044276977667,0,9787.044276977667,3.4901737736570126e-05,10229.98486893786,-0.04329826462452835
2019-01-30,9787.044276977667,0,9787.044276977667,0.0,10229.98486893786,-0.04329826462452835
2019-01-31,9787.044276977667,0,9787.044276977667,0.0,10229.98486893786,-0.04329826462452835
2019-02-01,5872.2265661866,2,9787.044276977667,0.0,10229.98486893786,-0.04329826462452835
2019-02-02,5872.2265661866,2,9787.044276977667,0.0,10229.98486893786,-0.04329826462452835
2019-02-03,5872.2265661866,2,9787.044276977667,0.0,10229.98486893786,-0.04329826462452835
2019-02-04,5872.2265661866,2,9787.044276977667,0.0,10229.98486893786,-0.04329826462452835
2019-02-05,5872.2265661866,2,9787.044276977667,0.0,10229.98486893786,-0.04329826462452835
2019-02-06,5872.2265661866,2,9787.044276977667,0.0,10229.98486893786,-0.04329826462452835
2019-02-07,7766.998338209477,1,9708.747922761846,-0.008000000000000007,10229.98486893786,-0.05095187850753213
2019-02-08,3883.499169104739,3,9708.747922761846,0.0,10229.98486893786,-0.05095187850753213
2019-02-09,5786.4137619660605,2,9669.9129310708,-0.0039999999999998925,10229.98486893786,-0.054748070993501874
2019-02-10,5786.4137619660605,2,9669.9129310708,0.0,10229.98486893786,-0.054748070993501874
2019-02-11,1918.4485895377409,4,9669.9129310708,0.0,10229.98486893786,-0.054748070993501874
2019-02-12,1918.4485895377409,4,9669.9129310708,0.0,10229.98486893786,-0.054748070993501874
2019-02-13,3929.7904792004674,3,9747.272234519365,0.008000000000000007,10229.98486893786,-0.04718605556144995
2019-02-14,5901.893670974308,2,9777.625841740837,0.0031140617078464494,10229.98486893786,-0.04421893414237177
2019-02-15,7906.830443250564,1,9840.813029464724,0.006462426436296909,10229.98486893786,-0.03804226931506127
2019-02-16,7906.830443250564,1,9840.813029464724,0.0,10229.98486893786,-0.03804226931506127
2019-02-17,7906.830443250564,1,9840.813029464724,0.0,10229.98486893786,-0.03804226931506127
2019-02-18,7906.830443250564,1,9840.813029464724,0.0,10229.98486893786,-0.03804226931506127
2019-02-19,9918.172332913291,0,9918.172332913291,0.007861068309797492,10229.98486893786,-0.030480253883009234
2019-02-20,9918.172332913291,0,9918.172332913291,0.0,10229.98486893786,-0.030480253883009234
2019-02-21,7934.537866330633,1,9918.172332913291,0.0,10229.98486893786,-0.030480253883009234
2019-02-22,7934.537866330633,1,9918.172332913291,0.0,10229.98486893786,-0.030480253883009234
2019-02-23,7934.537866330633,1,9918.172332913291,0.0,10229.98486893786,-0.030480253883009234
2019-02-24,7934.537866330633,1,9918.172332913291,0.0,10229.98486893786,-0.030480253883009234
2019-02-25,7934.537866330633,1,9918.172332913291,0.0,10229.98486893786,-0.030480253883009234
2019-02-26,7934.537866330633,1,9918.172332913291,0.0,10229.98486893786,-0.030480253883009234
2019-02-27,7902.79971486531,1,9878.499643581637,-0.0040000000000000036,10229.98486893786,-0.03435833286747725
2019-02-28,5927.099786148983,2,9878.49964358164,2.220446049250313e-16,10229.98486893786,-0.034358332867477026
2019-03-01,3951.399857432655,3,9878.49964358164,0.0,10229.98486893786,-0.034358332867477026
2019-03-02,5887.585787574657,2,9838.985645007313,-0.0040000000000000036,10229.98486893786,-0.03822089953600705
2019-03-03,5887.585787574657,2,9838.985645007313,0.0,10229.98486893786,-0.03822089953600705
2019-03-04,5887.585787574657,2,9838.985645007313,0.0,10229.98486893786,-0.03822089953600705
2019-03-05,1951.9915295717312,4,9838.985645007311,-2.220446049250313e-16,10229.98486893786,-0.03822089953600727
2019-03-06,3888.1774597137323,3,9799.471646432985,-0.004016064257028051,10229.98486893786,-0.04208346620453729
2019-03-07,7780.589405412206,1,9748.386534413668,-0.005213047586898334,10229.98486893786,-0.04707713067948982
2019-03-08,3881.2347916467384,3,9748.386534413668,0.0,10229.98486893786,-0.04707713067948982
2019-03-09,3881.2347916467384,3,9748.386534413668,0.0,10229.98486893786,-0.04707713067948982
2019-03-10,3881.2347916467384,3,9748.386534413668,0.0,10229.98486893786,-0.04707713067948982
2019-03-11,5908.899190804781,2,9826.373626688977,0.008000000000000007,10229.98486893786,-0.039453747724925825
2019-03-12,5922.143035259925,2,9839.775427678323,0.0013638603108827585,10229.98486893786,-0.03814369681468066
2019-03-13,9996.48072337506,0,9996.48072337506,0.015925698391036525,10229.98486893786,-0.022825463434633986
2019-03-14,9996.48072337506,0,9996.48072337506,0.0,10229.98486893786,-0.022825463434633986
2019-03-15,9996.48072337506,0,9996.48072337506,0.0,10229.98486893786,-0.022825463434633986
2019-03-16,9996.48072337506,0,9996.48072337506,0.0,10229.98486893786,-0.022825463434633986
2019-03-17,9996.48072337506,0,9996.48072337506,0.0,10229.98486893786,-0.022825463434633986
2019-03-18,5997.888434025035,2,9996.48072337506,0.0,10229.98486893786,-0.022825463434633986
2019-03-19,5965.899695710235,2,9956.49480048156,-0.0040000000000000036,10229.98486893786,-0.026734161580895366
2019-03-20,5965.899695710235,2,9956.49480048156,0.0,10229.98486893786,-0.026734161580895366
2019-03-21,1983.3017755176115,4,9956.49480048156,0.0,10229.98486893786,-0.026734161580895366
2019-03-22,5886.247737306383,2,9876.842842077707,-0.008000000000000007,10229.98486893786,-0.03452028828824827
2019-03-23,5886.247737306383,2,9876.842842077707,0.0,10229.98486893786,-0.03452028828824827
2019-03-24,5886.247737306383,2,9876.842842077707,0.0,10229.98486893786,-0.03452028828824827
2019-03-25,1975.4879235605238,4,9916.96720914209,0.004062468919060258,10229.98486893786,-0.030598056967436005
2019-03-26,5990.164415052538,2,9956.951298709375,0.004031886838389953,10229.98486893786,-0.02668953803221341
2019-03-27,5990.164415052538,2,9956.951298709375,0.0,10229.98486893786,-0.02668953803221341
2019-03-28,3998.774155310663,3,9956.951298709375,0.0,10229.98486893786,-0.02668953803221341
2019-03-29,3998.774155310663,3,9956.951298709375,0.0,10229.98486893786,-0.02668953803221341
2019-03-30,3998.774155310663,3,9956.951298709375,0.0,10229.98486893786,-0.02668953803221341
2019-03-31,3998.774155310663,3,9956.951298709375,0.0,10229.98486893786,-0.02668953803221341
2019-04-01,10157.801896929173,0,10157.801896929173,0.020171897219767754,10229.98486893786,-0.007056019430474514
2019-04-02,8126.241517543339,1,10157.801896929173,0.0,10229.98486893786,-0.007056019430474514
2019-04-03,8126.241517543339,1,10157.801896929173,0.0,10229.98486893786,-0.007056019430474514
2019-04-04,8126.241517543339,1,10157.801896929173,0.0,10229.98486893786,-0.007056019430474514
2019-04-05,6094.681138157504,2,10157.801896929173,0.0,10229.98486893786,-0.007056019430474514
2019-04-06,6094.681138157504,2,10157.801896929173,0.0,10229.98486893786,-0.007056019430474514
2019-04-07,6094.681138157504,2,10157.801896929173,0.0,10229.98486893786,-0.007056019430474514
2019-04-08,6094.681138157504,2,10157.801896929173,0.0,10229.98486893786,-0.007056019430474514
2019-04-09,8165.399176280631,1,10196.959555666466,0.0038549342795444197,10229.98486893786,-0.0032282856421098627
2019-04-10,8165.399176280631,1,10196.959555666466,0.0,10229.98486893786,-0.0032282856421098627
2019-04-11,8165.399176280631,1,10196.959555666466,0.0,10229.98486893786,-0.0032282856421098627
2019-04-12,10210.70404252466,0,10210.70404252466,0.0013479004975121,10229.98486893786,-0.0018847365524209403
2019-04-13,10210.70404252466,0,10210.70404252466,0.0,10229.98486893786,-0.0018847365524209403
2019-04-14,10210.70404252466,0,10210.70404252466,0.0,10229.98486893786,-0.0018847365524209403
2019-04-15,10210.70404252466,0,10210.70404252466,0.0,10229.98486893786,-0.0018847365524209403
2019-04-16,8168.563234019728,1,10210.70404252466,0.0,10229.98486893786,-0.0018847365524209403
2019-04-17,10292.389674864859,0,10292.389674864859,0.00800000000000023,10292.389674864859,0.0
2019-04-18,10292.389674864859,0,10292.389674864859,0.0,10292.389674864859,0.0
2019-04-19,10292.389674864859,0,10292.389674864859,0.0,10292.389674864859,0.0
2019-04-20,10292.389674864859,0,10292.389674864859,0.0,10292.389674864859,0.0
2019-04-21,10292.389674864859,0,10292.389674864859,0.0,10292.389674864859,0.0
2019-04-22,8233.911739891886,1,10292.389674864859,0.0,10292.389674864859,0.0
2019-04-23,8233.911739891886,1,10292.389674864859,0.0,10292.389674864859,0.0
2019-04-24,8233.911739891886,1,10292.389674864859,0.0,10292.389674864859,0.0
2019-04-25,6175.433804918914,2,10292.389674864859,0.0,10292.389674864859,0.0
2019-04-26,8192.742181192427,1,10251.2201161654,-0.0040000000000000036,10292.389674864859,-0.0040000000000000036
2019-04-27,8192.742181192427,1,10251.2201161654,0.0,10292.389674864859,-0.0040000000000000036
2019-04-28,8192.742181192427,1,10251.2201161654,0.0,10292.389674864859,-0.0040000000000000036
2019-04-29,8168.040445972752,1,10210.05055746594,-0.004016064257028051,10292.389674864859,-0.008000000000000007
2019-04-30,8168.040445972752,1,10210.05055746594,0.0,10292.389674864859,-0.008000000000000007
2019-05-01,8168.040445972752,1,10210.05055746594,0.0,10292.389674864859,-0.008000000000000007
2019-05-02,2033.8420710472146,4,10169.210355236077,-0.0040000000000000036,10292.389674864859,-0.011967999999999868
2019-05-03,2033.8420710472146,4,10169.210355236077,0.0,10292.389674864859,-0.011967999999999868
2019-05-04,2033.8420710472146,4,10169.210355236077,0.0,10292.389674864859,-0.011967999999999868
2019-05-05,2033.8420710472146,4,10169.210355236077,0.0,10292.389674864859,-0.011967999999999868
2019-05-06,6020.1725302997565,2,10087.856672394188,-0.008000000000000007,10292.389674864859,-0.019872255999999977
2019-05-07,10006.502989552298,0,10006.502989552298,-0.008064516129032362,10292.389674864859,-0.027776511999999975
2019-05-08,2001.300597910459,4,10006.502989552297,-2.220446049250313e-16,10292.389674864859,-0.027776512000000197
2019-05-09,3962.5751838627093,3,9966.476977594088,-0.0040000000000000036,10292.389674864859,-0.03166540595200018
2019-05-10,3962.5751838627093,3,9966.476977594088,0.0,10292.389674864859,-0.03166540595200018
2019-05-11,3962.5751838627093,3,9966.476977594088,0.0,10292.389674864859,-0.03166540595200018
2019-05-12,3962.5751838627093,3,9966.476977594088,0.0,10292.389674864859,-0.03166540595200018
2019-05-13,7885.124355767211,1,9886.42495367767,-0.008032128514056214,10292.389674864859,-0.03944319385600015
2019-05-14,7885.124355767211,1,9886.42495367767,0.0,10292.389674864859,-0.03944319385600015
2019-05-15,9903.12010369756,0,9903.12010369756,0.0016886943559593082,10292.389674864859,-0.03782110699888652
2019-05-16,9903.12010369756,0,9903.12010369756,0.0,10292.389674864859,-0.03782110699888652
2019-05-17,9903.12010369756,0,9903.12010369756,0.0,10292.389674864859,-0.03782110699888652
2019-05-18,9903.12010369756,0,9903.12010369756,0.0,10292.389674864859,-0.03782110699888652
2019-05-19,9903.12010369756,0,9903.12010369756,0.0,10292.389674864859,-0.03782110699888652
2019-05-20,9903.12010369756,0,9903.12010369756,0.0,10292.389674864859,-0.03782110699888652
2019-05-21,7922.496082958048,1,9903.12010369756,0.0,10292.389674864859,-0.03782110699888652
2019-05-22,7922.496082958048,1,9903.12010369756,0.0,10292.389674864859,-0.03782110699888652
2019-05-23,7922.496082958048,1,9903.12010369756,0.0,10292.389674864859,-0.03782110699888652
2019-05-24,5941.872062218536,2,9903.12010369756,0.0,10292.389674864859,-0.03782110699888652
2019-05-25,5941.872062218536,2,9903.12010369756,0.0,10292.389674864859,-0.03782110699888652
2019-05-26,5941.872062218536,2,9903.12010369756,0.0,10292.389674864859,-0.03782110699888652
2019-05-27,5941.872062218536,2,9903.12010369756,0.0,10292.389674864859,-0.03782110699888652
2019-05-28,5941.872062218536,2,9903.12010369756,0.0,10292.389674864859,-0.03782110699888652
2019-05-29,5954.978502907805,2,9919.503154559146,0.0016543322397422067,10292.389674864859,-0.036229343435795314
2019-05-30,5954.978502907805,2,9919.503154559146,0.0,10292.389674864859,-0.036229343435795314
2019-05-31,5954.978502907805,2,9919.503154559146,0.0,10292.389674864859,-0.036229343435795314
2019-06-01,5954.978502907805,2,9919.503154559146,0.0,10292.389674864859,-0.036229343435795314
2019-06-02,5954.978502907805,2,9919.503154559146,0.0,10292.389674864859,-0.036229343435795314
2019-06-03,7895.990043232527,1,9879.890674144355,-0.003993393600221218,10292.389674864859,-0.040078059007799816
2019-06-04,9840.212661526119,0,9840.212661526119,-0.004016037618925661,10292.389674864859,-0.043933141634056594
2019-06-05,9840.212661526119,0,9840.212661526119,0.0,10292.389674864859,-0.043933141634056594
2019-06-06,9840.212661526119,0,9840.212661526119,0.0,10292.389674864859,-0.043933141634056594
2019-06-07,9840.212661526119,0,9840.212661526119,0.0,10292.389674864859,-0.043933141634056594
2019-06-08,9840.212661526119,0,9840.212661526119,0.0,10292.389674864859,-0.043933141634056594
2019-06-09,9840.212661526119,0,9840.212661526119,0.0,10292.389674864859,-0.043933141634056594
2019-06-10,9840.212661526119,0,9840.212661526119,0.0,10292.389674864859,-0.043933141634056594
2019-06-11,7872.1701292208945,1,9840.212661526119,0.0,10292.389674864859,-0.043933141634056594
2019-06-12,7872.1701292208945,1,9840.212661526119,0.0,10292.389674864859,-0.043933141634056594
2019-06-13,7872.1701292208945,1,9840.212661526119,0.0,10292.389674864859,-0.043933141634056594
2019-06-14,7872.1701292208945,1,9840.212661526119,0.0,10292.389674864859,-0.043933141634056594
2019-06-15,7872.1701292208945,1,9840.212661526119,0.0,10292.389674864859,-0.043933141634056594
2019-06-16,7872.1701292208945,1,9840.212661526119,0.0,10292.389674864859,-0.043933141634056594
2019-06-17,7872.1701292208945,1,9840.212661526119,0.0,10292.389674864859,-0.043933141634056594
2019-06-18,9861.712484622774,0,9861.712484622774,0.002184894151801897,10292.389674864859,-0.04184423674648119
2019-06-19,9861.712484622774,0,9861.712484622774,0.0,10292.389674864859,-0.04184423674648119
2019-06-20,9861.712484622774,0,9861.712484622774,0.0,10292.389674864859,-0.04184423674648119
2019-06-21,9861.712484622774,0,9861.712484622774,0.0,10292.389674864859,-0.04184423674648119
2019-06-22,9861.712484622774,0,9861.712484622774,0.0,10292.389674864859,-0.04184423674648119
2019-06-23,9861.712484622774,0,9861.712484622774,0.0,10292.389674864859,-0.04184423674648119
2019-06-24,9861.712484622774,0,9861.712484622774,0.0,10292.389674864859,-0.04184423674648119
2019-06-25,9861.712484622774,0,9861.712484622774,0.0,10292.389674864859,-0.04184423674648119
2019-06-26,3944.6849938491087,3,9861.712484622774,0.0,10292.389674864859,-0.04184423674648119
2019-06-27,1972.3424969245536,4,9861.712484622774,0.0,10292.389674864859,-0.04184423674648119
2019-06-28,1972.3424969245536,4,9861.712484622774,0.0,10292.389674864859,-0.04184423674648119
2019-06-29,1972.3424969245536,4,9861.712484622774,0.0,10292.389674864859,-0.04184423674648119
2019-06-30,1972.3424969245536,4,9861.712484622774,0.0,10292.389674864859,-0.04184423674648119
2019-07-01,4023.578693726091,3,9940.606184499757,0.008000000000000007,10292.389674864859,-0.034178990640453044
2019-07-02,4023.578693726091,3,9940.606184499757,0.0,10292.389674864859,-0.034178990640453044
2019-07-03,8092.813426006452,1,10065.155922931006,0.012529390674932639,10292.389674864859,-0.02207784189212947
2019-07-04,8092.813426006452,1,10065.155922931006,0.0,10292.389674864859,-0.02207784189212947
2019-07-05,8080.9696097346805,1,10101.212012168351,0.0035822683238517783,10292.389674864859,-0.018574662321946933
2019-07-06,8080.9696097346805,1,10101.212012168351,0.0,10292.389674864859,-0.018574662321946933
2019-07-07,8080.9696097346805,1,10101.212012168351,0.0,10292.389674864859,-0.018574662321946933
2019-07-08,10060.807164119677,0,10060.807164119677,-0.004000000000000115,10292.389674864859,-0.022500363672659174
2019-07-09,6036.484298471805,2,10060.807164119677,0.0,10292.389674864859,-0.022500363672659174
2019-07-10,6036.484298471805,2,10060.807164119677,0.0,10292.389674864859,-0.022500363672659174
2019-07-11,6036.484298471805,2,10060.807164119677,0.0,10292.389674864859,-0.022500363672659174
2019-07-12,2012.161432823934,4,10060.807164119677,0.0,10292.389674864859,-0.022500363672659174
2019-07-13,3984.0796369913905,3,10020.563935463197,-0.004000000000000115,10292.389674864859,-0.026410362217968664
2019-07-14,3984.0796369913905,3,10020.563935463197,0.0,10292.389674864859,-0.026410362217968664
2019-07-15,3984.0796369913905,3,10020.563935463197,0.0,10292.389674864859,-0.026410362217968664
2019-07-16,10085.553210132357,0,10085.553210132357,0.006485590540384667,10292.389674864859,-0.020096058472952927
2019-07-17,10085.553210132357,0,10085.553210132357,0.0,10292.389674864859,-0.020096058472952927
2019-07-18,8068.442568105886,1,10085.553210132357,0.0,10292.389674864859,-0.020096058472952927
2019-07-19,4034.221284052943,3,10085.553210132357,0.0,10292.389674864859,-0.020096058472952927
2019-07-20,4034.221284052943,3,10085.553210132357,0.0,10292.389674864859,-0.020096058472952927
2019-07-21,4034.221284052943,3,10085.553210132357,0.0,10292.389674864859,-0.020096058472952927
2019-07-22,6010.989713238885,2,10045.210997291828,-0.0040000000000000036,10292.389674864859,-0.024015674239061147
2019-07-23,6010.989713238885,2,10045.210997291828,0.0,10292.389674864859,-0.024015674239061147
2019-07-24,10085.553210132357,0,10085.553210132357,0.004016064257028162,10292.389674864859,-0.020096058472952927
2019-07-25,8068.442568105886,1,10085.553210132357,0.0,10292.389674864859,-0.020096058472952927
2019-07-26,10045.210997291828,0,10045.210997291828,-0.0040000000000000036,10292.389674864859,-0.024015674239061147
2019-07-27,10045.210997291828,0,10045.210997291828,0.0,10292.389674864859,-0.024015674239061147
2019-07-28,10045.210997291828,0,10045.210997291828,0.0,10292.389674864859,-0.024015674239061147
2019-07-29,10045.210997291828,0,10045.210997291828,0.0,10292.389674864859,-0.024015674239061147
2019-07-30,8036.168797833462,1,10045.210997291828,0.0,10292.389674864859,-0.024015674239061147
2019-07-31,8036.168797833462,1,10045.210997291828,0.0,10292.389674864859,-0.024015674239061147
2019-08-01,0.0,5,10005.03015330266,-0.004000000000000115,10292.389674864859,-0.027919611542104983
2019-08-02,1928.9698135567533,4,9884.969791463027,-0.012000000000000122,10292.389674864859,-0.039584576203599786
2019-08-03,1928.9698135567533,4,9884.969791463027,0.0,10292.389674864859,-0.039584576203599786
2019-08-04,1928.9698135567533,4,9884.969791463027,0.0,10292.389674864859,-0.039584576203599786
2019-08-05,9725.849791904902,0,9725.849791904902,-0.016097165991902695,10292.389674864859,-0.05504454270163406
2019-08-06,9725.849791904902,0,9725.849791904902,0.0,10292.389674864859,-0.05504454270163406
2019-08-07,9725.849791904902,0,9725.849791904902,0.0,10292.389674864859,-0.05504454270163406
2019-08-08,9725.849791904902,0,9725.849791904902,0.0,10292.389674864859,-0.05504454270163406
2019-08-09,9725.849791904902,0,9725.849791904902,0.0,10292.389674864859,-0.05504454270163406
2019-08-10,9725.849791904902,0,9725.849791904902,0.0,10292.389674864859,-0.05504454270163406
2019-08-11,9725.849791904902,0,9725.849791904902,0.0,10292.389674864859,-0.05504454270163406
2019-08-12,9725.849791904902,0,9725.849791904902,0.0,10292.389674864859,-0.05504454270163406
2019-08-13,9725.849791904902,0,9725.849791904902,0.0,10292.389674864859,-0.05504454270163406
2019-08-14,9725.849791904902,0,9725.849791904902,0.0,10292.389674864859,-0.05504454270163406
2019-08-15,7780.679833523922,1,9725.849791904902,0.0,10292.389674864859,-0.05504454270163406
2019-08-16,7780.679833523922,1,9725.849791904902,0.0,10292.389674864859,-0.05504454270163406
2019-08-17,7780.679833523922,1,9725.849791904902,0.0,10292.389674864859,-0.05504454270163406
2019-08-18,7780.679833523922,1,9725.849791904902,0.0,10292.389674864859,-0.05504454270163406
2019-08-19,7780.679833523922,1,9725.849791904902,0.0,10292.389674864859,-0.05504454270163406
2019-08-20,7780.679833523922,1,9725.849791904902,0.0,10292.389674864859,-0.05504454270163406
2019-08-21,9803.656590240142,0,9803.656590240142,0.008000000000000007,10292.389674864859,-0.04748489904324715
2019-08-22,9803.656590240142,0,9803.656590240142,0.0,10292.389674864859,-0.04748489904324715
2019-08-23,9803.656590240142,0,9803.656590240142,0.0,10292.389674864859,-0.04748489904324715
2019-08-24,9803.656590240142,0,9803.656590240142,0.0,10292.389674864859,-0.04748489904324715
2019-08-25,9803.656590240142,0,9803.656590240142,0.0,10292.389674864859,-0.04748489904324715
2019-08-26,7842.925272192113,1,9803.656590240142,0.0,10292.389674864859,-0.04748489904324715
2019-08-27,7842.925272192113,1,9803.656590240142,0.0,10292.389674864859,-0.04748489904324715
2019-08-28,7842.925272192113,1,9803.656590240142,0.0,10292.389674864859,-0.04748489904324715
2019-08-29,7842.925272192113,1,9803.656590240142,0.0,10292.389674864859,-0.04748489904324715
2019-08-30,7842.925272192113,1,9803.656590240142,0.0,10292.389674864859,-0.04748489904324715
2019-08-31,7842.925272192113,1,9803.656590240142,0.0,10292.389674864859,-0.04748489904324715
2019-09-01,7842.925272192113,1,9803.656590240142,0.0,10292.389674864859,-0.04748489904324715
2019-09-02,7842.925272192113,1,9803.656590240142,0.0,10292.389674864859,-0.04748489904324715
2019-09-03,9832.821640261027,0,9832.821640261027,0.002974915507538256,10292.389674864859,-0.04465124709824653
2019-09-04,7866.2573122088215,1,9832.821640261027,0.0,10292.389674864859,-0.04465124709824653
2019-09-05,7866.2573122088215,1,9832.821640261027,0.0,10292.389674864859,-0.04465124709824653
2019-09-06,5899.692984156616,2,9832.821640261027,0.0,10292.389674864859,-0.04465124709824653
2019-09-07,5899.692984156616,2,9832.821640261027,0.0,10292.389674864859,-0.04465124709824653
2019-09-08,5899.692984156616,2,9832.821640261027,0.0,10292.389674864859,-0.04465124709824653
2019-09-09,7826.926025647777,1,9793.490353699983,-0.0040000000000000036,10292.389674864859,-0.04847264210985347
2019-09-10,1950.831813427788,4,9793.490353699985,2.220446049250313e-16,10292.389674864859,-0.04847264210985336
2019-09-11,7803.704834062138,1,9754.631042577672,-0.003967871485943908,10292.389674864859,-0.052248180381321174
2019-09-12,5852.7786255466035,2,9754.631042577672,0.0,10292.389674864859,-0.052248180381321174
2019-09-13,5852.7786255466035,2,9754.631042577672,0.0,10292.389674864859,-0.052248180381321174
2019-09-14,5852.7786255466035,2,9754.631042577672,0.0,10292.389674864859,-0.052248180381321174
2019-09-15,5852.7786255466035,2,9754.631042577672,0.0,10292.389674864859,-0.052248180381321174
2019-09-16,3901.8524170310693,3,9754.631042577672,0.0,10292.389674864859,-0.052248180381321174
2019-09-17,3901.8524170310693,3,9754.631042577672,0.0,10292.389674864859,-0.052248180381321174
2019-09-18,5877.905906391202,2,9779.758323422271,0.0025759334960924196,10292.389674864859,-0.04980683472318281
2019-09-19,7811.966642524037,1,9762.89285103957,-0.0017245285440549152,10292.389674864859,-0.051445469959068624
2019-09-20,7811.966642524037,1,9762.89285103957,0.0,10292.389674864859,-0.051445469959068624
2019-09-21,7811.966642524037,1,9762.89285103957,0.0,10292.389674864859,-0.051445469959068624
2019-09-22,7811.966642524037,1,9762.89285103957,0.0,10292.389674864859,-0.051445469959068624
2019-09-23,7817.316075436529,1,9771.645094295662,0.0008964805196196579,10292.389674864859,-0.0505951093010899
2019-09-24,9732.558513918479,0,9732.558513918479,-0.0040000000000000036,10292.389674864859,-0.054392728863885575
2019-09-25,7786.046811134783,1,9732.558513918479,0.0,10292.389674864859,-0.054392728863885575
2019-09-26,7786.046811134783,1,9732.558513918479,0.0,10292.389674864859,-0.054392728863885575
2019-09-27,7786.046811134783,1,9732.558513918479,0.0,10292.389674864859,-0.054392728863885575
2019-09-28,7786.046811134783,1,9732.558513918479,0.0,10292.389674864859,-0.054392728863885575
2019-09-29,7786.046811134783,1,9732.558513918479,0.0,10292.389674864859,-0.054392728863885575
2019-09-30,5839.535108351087,2,9732.558513918479,0.0,10292.389674864859,-0.054392728863885575
2019-10-01,9771.488747974152,0,9771.488747974152,0.0040000000000000036,10292.389674864859,-0.05061029977934117
2019-10-02,7817.190998379321,1,9771.488747974152,0.0,10292.389674864859,-0.05061029977934117
2019-10-03,1954.2977495948292,4,9771.488747974152,0.0,10292.389674864859,-0.05061029977934117
2019-10-04,1954.2977495948292,4,9771.488747974152,0.0,10292.389674864859,-0.05061029977934117
2019-10-05,1954.2977495948292,4,9771.488747974152,0.0,10292.389674864859,-0.05061029977934117
2019-10-06,1954.2977495948292,4,9771.488747974152,0.0,10292.389674864859,-0.05061029977934117
2019-10-07,1954.2977495948292,4,9771.488747974152,0.0,10292.389674864859,-0.05061029977934117
2019-10-08,1954.2977495948292,4,9771.488747974152,0.0,10292.389674864859,-0.05061029977934117
2019-10-09,1963.0915891668024,4,9782.481047439118,0.0011249359998746211,10292.389674864859,-0.04954229712765279
2019-10-10,7910.754967712871,1,9867.251177200695,0.008665504113986255,10292.389674864859,-0.04130610199324247
2019-10-11,9945.511025580208,0,9945.511025580208,0.007931271533893947,10292.389674864859,-0.03370244037026371
2019-10-12,9945.511025580208,0,9945.511025580208,0.0,10292.389674864859,-0.03370244037026371
2019-10-13,9945.511025580208,0,9945.511025580208,0.0,10292.389674864859,-0.03370244037026371
2019-10-14,9945.511025580208,0,9945.511025580208,0.0,10292.389674864859,-0.03370244037026371
2019-10-15,9945.511025580208,0,9945.511025580208,0.0,10292.389674864859,-0.03370244037026371
2019-10-16,9945.511025580208,0,9945.511025580208,0.0,10292.389674864859,-0.03370244037026371
2019-10-17,9945.511025580208,0,9945.511025580208,0.0,10292.389674864859,-0.03370244037026371
2019-10-18,9945.511025580208,0,9945.511025580208,0.0,10292.389674864859,-0.03370244037026371
2019-10-19,9945.511025580208,0,9945.511025580208,0.0,10292.389674864859,-0.03370244037026371
2019-10-20,9945.511025580208,0,9945.511025580208,0.0,10292.389674864859,-0.03370244037026371
2019-10-21,7956.408820464167,1,9945.511025580208,0.0,10292.389674864859,-0.03370244037026371
2019-10-22,9905.728981477887,0,9905.728981477887,-0.0040000000000000036,10292.389674864859,-0.037567630608782654
2019-10-23,9905.728981477887,0,9905.728981477887,0.0,10292.389674864859,-0.037567630608782654
2019-10-24,7924.5831851823095,1,9905.728981477887,0.0,10292.389674864859,-0.037567630608782654
2019-10-25,9866.106065551976,0,9866.106065551976,-0.0039999999999998925,10292.389674864859,-0.04141736008634744
2019-10-26,9866.106065551976,0,9866.106065551976,0.0,10292.389674864859,-0.04141736008634744
2019-10-27,9866.106065551976,0,9866.106065551976,0.0,10292.389674864859,-0.04141736008634744
2019-10-28,9866.106065551976,0,9866.106065551976,0.0,10292.389674864859,-0.04141736008634744
2019-10-29,9866.106065551976,0,9866.106065551976,0.0,10292.389674864859,-0.04141736008634744
2019-10-30,5919.663639331186,2,9866.106065551976,0.0,10292.389674864859,-0.04141736008634744
2019-10-31,7853.420428179373,1,9826.641641289767,-0.004000000000000115,10292.389674864859,-0.04525169064600221
2019-11-01,7853.420428179373,1,9826.641641289767,0.0,10292.389674864859,-0.04525169064600221
2019-11-02,7853.420428179373,1,9826.641641289767,0.0,10292.389674864859,-0.04525169064600221
2019-11-03,7853.420428179373,1,9826.641641289767,0.0,10292.389674864859,-0.04525169064600221
2019-11-04,7853.420428179373,1,9826.641641289767,0.0,10292.389674864859,-0.04525169064600221
2019-11-05,5888.0920999214195,2,9826.641641289767,0.0,10292.389674864859,-0.04525169064600221
2019-11-06,7917.689010056427,1,9883.017338314381,0.005737025840825805,10292.389674864859,-0.039774274923753516
2019-11-07,7874.968617399378,1,9843.710771749222,-0.003977182799505541,10292.389674864859,-0.043593268161169596
2019-11-08,7874.968617399378,1,9843.710771749222,0.0,10292.389674864859,-0.043593268161169596
2019-11-09,7874.968617399378,1,9843.710771749222,0.0,10292.389674864859,-0.043593268161169596
2019-11-10,7874.968617399378,1,9843.710771749222,0.0,10292.389674864859,-0.043593268161169596
2019-11-11,7874.968617399378,1,9843.710771749222,0.0,10292.389674864859,-0.043593268161169596
2019-11-12,9804.335928662225,0,9804.335928662225,-0.0040000000000000036,10292.389674864859,-0.047418895088524815
2019-11-13,9804.335928662225,0,9804.335928662225,0.0,10292.389674864859,-0.047418895088524815
2019-11-14,7843.46874292978,1,9804.335928662225,0.0,10292.389674864859,-0.047418895088524815
2019-11-15,9882.770616091522,0,9882.770616091522,0.008000000000000007,10292.389674864859,-0.039798246249233116
2019-11-16,9882.770616091522,0,9882.770616091522,0.0,10292.389674864859,-0.039798246249233116
2019-11-17,9882.770616091522,0,9882.770616091522,0.0,10292.389674864859,-0.039798246249233116
2019-11-18,7906.216492873218,1,9882.770616091522,0.0,10292.389674864859,-0.039798246249233116
2019-11-19,9961.832781020255,0,9961.832781020255,0.008000000000000007,10292.389674864859,-0.03211663221922689
2019-11-20,7969.466224816204,1,9961.832781020255,0.0,10292.389674864859,-0.03211663221922689
2019-11-21,5977.0996686121525,2,9961.832781020255,0.0,10292.389674864859,-0.03211663221922689
2019-11-22,3984.733112408101,3,9961.832781020254,-2.220446049250313e-16,10292.389674864859,-0.032116632219227115
2019-11-23,5937.252337488071,2,9921.985449896174,-0.0039999999999998925,10292.389674864859,-0.035988165690350016
2019-11-24,5937.252337488071,2,9921.985449896174,0.0,10292.389674864859,-0.035988165690350016
2019-11-25,8009.3135559402845,1,10001.680112144335,0.008032128514056103,10292.389674864859,-0.02824509874810399
2019-11-26,8009.3135559402845,1,10001.680112144335,0.0,10292.389674864859,-0.02824509874810399
2019-11-27,8009.3135559402845,1,10001.680112144335,0.0,10292.389674864859,-0.02824509874810399
2019-11-28,8009.3135559402845,1,10001.680112144335,0.0,10292.389674864859,-0.02824509874810399
2019-11-29,10023.258751727628,0,10023.258751727628,0.0021575014738866027,10292.389674864859,-0.02614853611639656
2019-11-30,10023.258751727628,0,10023.258751727628,0.0,10292.389674864859,-0.02614853611639656
2019-12-01,10023.258751727628,0,10023.258751727628,0.0,10292.389674864859,-0.02614853611639656
2019-12-02,10023.258751727628,0,10023.258751727628,0.0,10292.389674864859,-0.02614853611639656
2019-12-03,4009.3035006910513,3,10023.25875172763,2.220446049250313e-16,10292.389674864859,-0.026148536116396337
2019-12-04,2052.7633923538187,4,10103.44482174145,0.008000000000000007,10292.389674864859,-0.01835772440532757
2019-12-05,32.074428005528716,5,10103.44482174145,0.0,10292.389674864859,-0.01835772440532757
2019-12-06,2133.5909509277503,4,10184.272380315382,0.008000000000000007,10292.389674864859,-0.010504586200570154
2019-12-07,2133.5909509277503,4,10184.272380315382,0.0,10292.389674864859,-0.010504586200570154
2019-12-08,2133.5909509277503,4,10184.272380315382,0.0,10292.389674864859,-0.010504586200570154
2019-12-09,4218.428771287097,3,10264.458450329203,0.007873519778281546,10292.389674864859,-0.002713774489501386
2019-12-10,6240.039425819419,2,10281.417354516,0.0016521966812825806,10292.389674864859,-0.0010660614974241645
2019-12-11,6239.073147202882,2,10324.702639438965,0.004210050368586016,10324.702639438965,0.0
2019-12-12,8296.740128777463,1,10361.680656665256,0.0035815091744182403,10361.680656665256,0.0
2019-12-13,6224.403997444411,2,10361.680656665256,0.0,10361.680656665256,0.0
2019-12-14,6224.403997444411,2,10361.680656665256,0.0,10361.680656665256,0.0
2019-12-15,6224.403997444411,2,10361.680656665256,0.0,10361.680656665256,0.0
2019-12-16,2079.7317347783087,4,10361.680656665254,-2.220446049250313e-16,10361.680656665256,-2.220446049250313e-16
2019-12-17,4227.269883781613,3,10444.278277780766,0.007971450178053896,10444.278277780766,0.0
2019-12-18,8537.729036954359,1,10610.06516828741,0.015873465460925162,10610.06516828741,0.0
2019-12-19,8537.729036954359,1,10610.06516828741,0.0,10610.06516828741,0.0
2019-12-20,10692.958613540732,0,10692.958613540732,0.00781271782392845,10692.958613540732,0.0
2019-12-21,10692.958613540732,0,10692.958613540732,0.0,10692.958613540732,0.0
2019-12-22,10692.958613540732,0,10692.958613540732,0.0,10692.958613540732,0.0
2019-12-23,10692.958613540732,0,10692.958613540732,0.0,10692.958613540732,0.0
2019-12-24,10692.958613540732,0,10692.958613540732,0.0,10692.958613540732,0.0
2019-12-25,10692.958613540732,0,10692.958613540732,0.0,10692.958613540732,0.0
2019-12-26,10692.958613540732,0,10692.958613540732,0.0,10692.958613540732,0.0
2019-12-27,10692.958613540732,0,10692.958613540732,0.0,10692.958613540732,0.0
2019-12-28,10692.958613540732,0,10692.958613540732,0.0,10692.958613540732,0.0
2019-12-29,10692.958613540732,0,10692.958613540732,0.0,10692.958613540732,0.0
2019-12-30,10692.958613540732,0,10692.958613540732,0.0,10692.958613540732,0.0
2019-12-31,10692.958613540732,0,10692.958613540732,0.0,10692.958613540732,0.0
2020-01-01,10692.958613540732,0,10692.958613540732,0.0,10692.958613540732,0.0
2020-01-02,10692.958613540732,0,10692.958613540732,0.0,10692.958613540732,0.0
2020-01-03,10692.958613540732,0,10692.958613540732,0.0,10692.958613540732,0.0
2020-01-04,10692.958613540732,0,10692.958613540732,0.0,10692.958613540732,0.0
2020-01-05,10692.958613540732,0,10692.958613540732,0.0,10692.958613540732,0.0
2020-01-06,8554.366890832585,1,10692.958613540732,0.0,10692.958613540732,0.0
2020-01-07,8554.366890832585,1,10692.958613540732,0.0,10692.958613540732,0.0
2020-01-08,6415.775168124439,2,10692.958613540732,0.0,10692.958613540732,0.0
2020-01-09,4277.183445416293,3,10692.958613540732,0.0,10692.958613540732,0.0
2020-01-10,4277.183445416293,3,10692.958613540732,0.0,10692.958613540732,0.0
2020-01-11,4277.183445416293,3,10692.958613540732,0.0,10692.958613540732,0.0
2020-01-12,4277.183445416293,3,10692.958613540732,0.0,10692.958613540732,0.0
2020-01-13,6456.173349773735,2,10733.356795190028,0.0037780172082719776,10733.356795190028,0.0
2020-01-14,4309.501990735729,3,10733.356795190028,0.0,10733.356795190028,0.0
2020-01-15,8739.44340641182,1,10878.035129119966,0.013479318417400687,10878.035129119966,0.0
2020-01-16,10894.595099523533,0,10894.595099523533,0.001522331028260382,10894.595099523533,0.0
2020-01-17,10894.595099523533,0,10894.595099523533,0.0,10894.595099523533,0.0
2020-01-18,10894.595099523533,0,10894.595099523533,0.0,10894.595099523533,0.0
2020-01-19,10894.595099523533,0,10894.595099523533,0.0,10894.595099523533,0.0
2020-01-20,10894.595099523533,0,10894.595099523533,0.0,10894.595099523533,0.0
2020-01-21,10894.595099523533,0,10894.595099523533,0.0,10894.595099523533,0.0
2020-01-22,8715.676079618826,1,10894.595099523533,0.0,10894.595099523533,0.0
2020-01-23,8680.813375300351,1,10851.016719125439,-0.0040000000000000036,10894.595099523533,-0.0040000000000000036
2020-01-24,10937.824852878442,0,10937.824852878442,0.008000000000000007,10937.824852878442,0.0
2020-01-25,10937.824852878442,0,10937.824852878442,0.0,10937.824852878442,0.0
2020-01-26,10937.824852878442,0,10937.824852878442,0.0,10937.824852878442,0.0
2020-01-27,2187.5649705756887,4,10937.824852878442,0.0,10937.824852878442,0.0
2020-01-28,0.0,5,10937.824852878442,0.0,10937.824852878442,0.0
2020-01-29,2275.0675693987164,4,11025.32745170147,0.008000000000000007,11025.32745170147,0.0
2020-01-30,2275.0675693987164,4,11025.32745170147,0.0,11025.32745170147,0.0
2020-01-31,4418.881240562891,3,10981.576152289957,-0.003968253968253954,11025.32745170147,-0.003968253968253954
2020-02-01,4418.881240562891,3,10981.576152289957,0.0,11025.32745170147,-0.003968253968253954
2020-02-02,4418.881240562891,3,10981.576152289957,0.0,11025.32745170147,-0.003968253968253954
2020-02-03,9.582643256026131,5,10961.781461018509,-0.001802536448041736,11025.32745170147,-0.005763637493882756
2020-02-04,6626.2928958602515,2,11011.005480267655,0.004490512735014107,11025.32745170147,-0.0012990064464348805
2020-02-05,4424.09179980672,3,11011.005480267655,0.0,11025.32745170147,-0.0012990064464348805
2020-02-06,8862.299417831031,1,11054.655710034733,0.003964236494596429,11054.655710034733,0.0
2020-02-07,11142.34996172288,0,11142.34996172288,0.007932789042769173,11142.34996172288,0.0
2020-02-08,11142.34996172288,0,11142.34996172288,0.0,11142.34996172288,0.0
2020-02-09,11142.34996172288,0,11142.34996172288,0.0,11142.34996172288,0.0
2020-02-10,11142.34996172288,0,11142.34996172288,0.0,11142.34996172288,0.0
2020-02-11,11142.34996172288,0,11142.34996172288,0.0,11142.34996172288,0.0
2020-02-12,11142.34996172288,0,11142.34996172288,0.0,11142.34996172288,0.0
2020-02-13,11142.34996172288,0,11142.34996172288,0.0,11142.34996172288,0.0
2020-02-14,11142.34996172288,0,11142.34996172288,0.0,11142.34996172288,0.0
2020-02-15,11142.34996172288,0,11142.34996172288,0.0,11142.34996172288,0.0
2020-02-16,11142.34996172288,0,11142.34996172288,0.0,11142.34996172288,0.0
2020-02-17,11142.34996172288,0,11142.34996172288,0.0,11142.34996172288,0.0
2020-02-18,11142.34996172288,0,11142.34996172288,0.0,11142.34996172288,0.0
2020-02-19,11142.34996172288,0,11142.34996172288,0.0,11142.34996172288,0.0
2020-02-20,8913.879969378304,1,11142.34996172288,0.0,11142.34996172288,0.0
2020-02-21,8913.879969378304,1,11142.34996172288,0.0,11142.34996172288,0.0
2020-02-22,8913.879969378304,1,11142.34996172288,0.0,11142.34996172288,0.0
2020-02-23,8913.879969378304,1,11142.34996172288,0.0,11142.34996172288,0.0
2020-02-24,2228.469992344574,4,11142.34996172288,0.0,11142.34996172288,0.0
2020-02-25,4385.628944934125,3,10964.072362335315,-0.016000000000000014,11142.34996172288,-0.016000000000000014
2020-02-26,8666.002795189832,1,10832.50349398729,-0.012000000000000122,11142.34996172288,-0.027808000000000166
2020-02-27,10789.17348001134,0,10789.17348001134,-0.0039999999999998925,11142.34996172288,-0.0316967680000001
2020-02-28,10789.17348001134,0,10789.17348001134,0.0,11142.34996172288,-0.0316967680000001
2020-02-29,10789.17348001134,0,10789.17348001134,0.0,11142.34996172288,-0.0316967680000001
2020-03-01,10789.17348001134,0,10789.17348001134,0.0,11142.34996172288,-0.0316967680000001
2020-03-02,10789.17348001134,0,10789.17348001134,0.0,11142.34996172288,-0.0316967680000001
2020-03-03,10789.17348001134,0,10789.17348001134,0.0,11142.34996172288,-0.0316967680000001
2020-03-04,10789.17348001134,0,10789.17348001134,0.0,11142.34996172288,-0.0316967680000001
2020-03-05,10789.17348001134,0,10789.17348001134,0.0,11142.34996172288,-0.0316967680000001
2020-03-06,10789.17348001134,0,10789.17348001134,0.0,11142.34996172288,-0.0316967680000001
2020-03-07,10789.17348001134,0,10789.17348001134,0.0,11142.34996172288,-0.0316967680000001
2020-03-08,10789.17348001134,0,10789.17348001134,0.0,11142.34996172288,-0.0316967680000001
2020-03-09,10789.17348001134,0,10789.17348001134,0.0,11142.34996172288,-0.0316967680000001
2020-03-10,10789.17348001134,0,10789.17348001134,0.0,11142.34996172288,-0.0316967680000001
2020-03-11,10789.17348001134,0,10789.17348001134,0.0,11142.34996172288,-0.0316967680000001
2020-03-12,10789.17348001134,0,10789.17348001134,0.0,11142.34996172288,-0.0316967680000001
2020-03-13,10789.17348001134,0,10789.17348001134,0.0,11142.34996172288,-0.0316967680000001
2020-03-14,10789.17348001134,0,10789.17348001134,0.0,11142.34996172288,-0.0316967680000001
2020-03-15,10789.17348001134,0,10789.17348001134,0.0,11142.34996172288,-0.0316967680000001
2020-03-16,10789.17348001134,0,10789.17348001134,0.0,11142.34996172288,-0.0316967680000001
2020-03-17,10789.17348001134,0,10789.17348001134,0.0,11142.34996172288,-0.0316967680000001
2020-03-18,10789.17348001134,0,10789.17348001134,0.0,11142.34996172288,-0.0316967680000001
2020-03-19,10789.17348001134,0,10789.17348001134,0.0,11142.34996172288,-0.0316967680000001
2020-03-20,10789.17348001134,0,10789.17348001134,0.0,11142.34996172288,-0.0316967680000001
2020-03-21,10789.17348001134,0,10789.17348001134,0.0,11142.34996172288,-0.0316967680000001
2020-03-22,10789.17348001134,0,10789.17348001134,0.0,11142.34996172288,-0.0316967680000001
2020-03-23,10789.17348001134,0,10789.17348001134,0.0,11142.34996172288,-0.0316967680000001
2020-03-24,10789.17348001134,0,10789.17348001134,0.0,11142.34996172288,-0.0316967680000001
2020-03-25,10789.17348001134,0,10789.17348001134,0.0,11142.34996172288,-0.0316967680000001
2020-03-26,10789.17348001134,0,10789.17348001134,0.0,11142.34996172288,-0.0316967680000001
2020-03-27,10789.17348001134,0,10789.17348001134,0.0,11142.34996172288,-0.0316967680000001
2020-03-28,10789.17348001134,0,10789.17348001134,0.0,11142.34996172288,-0.0316967680000001
2020-03-29,10789.17348001134,0,10789.17348001134,0.0,11142.34996172288,-0.0316967680000001
2020-03-30,10789.17348001134,0,10789.17348001134,0.0,11142.34996172288,-0.0316967680000001
2020-03-31,10789.17348001134,0,10789.17348001134,0.0,11142.34996172288,-0.0316967680000001
2020-04-01,10789.17348001134,0,10789.17348001134,0.0,11142.34996172288,-0.0316967680000001
2020-04-02,10789.17348001134,0,10789.17348001134,0.0,11142.34996172288,-0.0316967680000001
2020-04-03,10789.17348001134,0,10789.17348001134,0.0,11142.34996172288,-0.0316967680000001
2020-04-04,10789.17348001134,0,10789.17348001134,0.0,11142.34996172288,-0.0316967680000001
2020-04-05,10789.17348001134,0,10789.17348001134,0.0,11142.34996172288,-0.0316967680000001
2020-04-06,10789.17348001134,0,10789.17348001134,0.0,11142.34996172288,-0.0316967680000001
2020-04-07,10789.17348001134,0,10789.17348001134,0.0,11142.34996172288,-0.0316967680000001
2020-04-08,10789.17348001134,0,10789.17348001134,0.0,11142.34996172288,-0.0316967680000001
2020-04-09,10789.17348001134,0,10789.17348001134,0.0,11142.34996172288,-0.0316967680000001
2020-04-10,10789.17348001134,0,10789.17348001134,0.0,11142.34996172288,-0.0316967680000001
2020-04-11,10789.17348001134,0,10789.17348001134,0.0,11142.34996172288,-0.0316967680000001
2020-04-12,10789.17348001134,0,10789.17348001134,0.0,11142.34996172288,-0.0316967680000001
2020-04-13,10789.17348001134,0,10789.17348001134,0.0,11142.34996172288,-0.0316967680000001
2020-04-14,10789.17348001134,0,10789.17348001134,0.0,11142.34996172288,-0.0316967680000001
2020-04-15,10789.17348001134,0,10789.17348001134,0.0,11142.34996172288,-0.0316967680000001
2020-04-16,10789.17348001134,0,10789.17348001134,0.0,11142.34996172288,-0.0316967680000001
2020-04-17,10789.17348001134,0,10789.17348001134,0.0,11142.34996172288,-0.0316967680000001
2020-04-18,10789.17348001134,0,10789.17348001134,0.0,11142.34996172288,-0.0316967680000001
2020-04-19,10789.17348001134,0,10789.17348001134,0.0,11142.34996172288,-0.0316967680000001
2020-04-20,10789.17348001134,0,10789.17348001134,0.0,11142.34996172288,-0.0316967680000001
2020-04-21,10789.17348001134,0,10789.17348001134,0.0,11142.34996172288,-0.0316967680000001
2020-04-22,10789.17348001134,0,10789.17348001134,0.0,11142.34996172288,-0.0316967680000001
2020-04-23,6473.5040880068045,2,10789.17348001134,0.0,11142.34996172288,-0.0316967680000001
2020-04-24,8717.652171849164,1,10875.486867851432,0.008000000000000007,11142.34996172288,-0.023950342144000047
2020-04-25,8717.652171849164,1,10875.486867851432,0.0,11142.34996172288,-0.023950342144000047
2020-04-26,8717.652171849164,1,10875.486867851432,0.0,11142.34996172288,-0.023950342144000047
2020-04-27,10961.800255691523,0,10961.800255691523,0.007936507936507908,11142.34996172288,-0.016203916287999998
2020-04-28,10961.800255691523,0,10961.800255691523,0.0,11142.34996172288,-0.016203916287999998
2020-04-29,10961.800255691523,0,10961.800255691523,0.0,11142.34996172288,-0.016203916287999998
2020-04-30,4384.720102276609,3,10961.800255691523,0.0,11142.34996172288,-0.016203916287999998
2020-05-01,8681.745802507687,1,10874.105853645991,-0.008000000000000007,11142.34996172288,-0.024074284957695924
2020-05-02,8681.745802507687,1,10874.105853645991,0.0,11142.34996172288,-0.024074284957695924
2020-05-03,8681.745802507687,1,10874.105853645991,0.0,11142.34996172288,-0.024074284957695924
2020-05-04,8681.745802507687,1,10874.105853645991,0.0,11142.34996172288,-0.024074284957695924
2020-05-05,8681.745802507687,1,10874.105853645991,0.0,11142.34996172288,-0.024074284957695924
2020-05-06,8681.745802507687,1,10874.105853645991,0.0,11142.34996172288,-0.024074284957695924
2020-05-07,10862.459449393018,0,10862.459449393018,-0.001071021784202042,11142.34996172288,-0.025119522658269222
2020-05-08,8689.967559514414,1,10862.459449393018,0.0,11142.34996172288,-0.025119522658269222
2020-05-09,8689.967559514414,1,10862.459449393018,0.0,11142.34996172288,-0.025119522658269222
2020-05-10,8689.967559514414,1,10862.459449393018,0.0,11142.34996172288,-0.025119522658269222
2020-05-11,8689.967559514414,1,10862.459449393018,0.0,11142.34996172288,-0.025119522658269222
2020-05-12,8689.967559514414,1,10862.459449393018,0.0,11142.34996172288,-0.025119522658269222
2020-05-13,8689.967559514414,1,10862.459449393018,0.0,11142.34996172288,-0.025119522658269222
2020-05-14,6517.475669635811,2,10862.459449393018,0.0,11142.34996172288,-0.025119522658269222
2020-05-15,10979.10315485603,0,10979.10315485603,0.010738240819810674,11142.34996172288,-0.014651021322041546
2020-05-16,10979.10315485603,0,10979.10315485603,0.0,11142.34996172288,-0.014651021322041546
2020-05-17,10979.10315485603,0,10979.10315485603,0.0,11142.34996172288,-0.014651021322041546
2020-05-18,10979.10315485603,0,10979.10315485603,0.0,11142.34996172288,-0.014651021322041546
2020-05-19,10979.10315485603,0,10979.10315485603,0.0,11142.34996172288,-0.014651021322041546
2020-05-20,8783.282523884824,1,10979.10315485603,0.0,11142.34996172288,-0.014651021322041546
2020-05-21,10935.186742236605,0,10935.186742236605,-0.0040000000000000036,11142.34996172288,-0.018592417236753422
2020-05-22,8748.149393789285,1,10935.186742236605,0.0,11142.34996172288,-0.018592417236753422
2020-05-23,10891.445995267659,0,10891.445995267659,-0.0040000000000000036,11142.34996172288,-0.0225180475678064
2020-05-24,10891.445995267659,0,10891.445995267659,0.0,11142.34996172288,-0.0225180475678064
2020-05-25,10891.445995267659,0,10891.445995267659,0.0,11142.34996172288,-0.0225180475678064
2020-05-26,10891.445995267659,0,10891.445995267659,0.0,11142.34996172288,-0.0225180475678064
2020-05-27,6534.867597160595,2,10891.445995267659,0.0,11142.34996172288,-0.0225180475678064
2020-05-28,8643.451541844415,1,10804.314427305519,-0.007999999999999896,11142.34996172288,-0.030337903187263926
2020-05-29,10890.748942723963,0,10890.748942723963,0.008000000000000007,11142.34996172288,-0.02258060641276194
2020-05-30,10890.748942723963,0,10890.748942723963,0.0,11142.34996172288,-0.02258060641276194
2020-05-31,10890.748942723963,0,10890.748942723963,0.0,11142.34996172288,-0.02258060641276194
2020-06-01,6534.449365634377,2,10890.748942723963,0.0,11142.34996172288,-0.02258060641276194
2020-06-02,8799.72514572096,1,10977.874934265754,0.007999999999999785,11142.34996172288,-0.014761251264064135
2020-06-03,8799.72514572096,1,10977.874934265754,0.0,11142.34996172288,-0.014761251264064135
2020-06-04,8799.72514572096,1,10977.874934265754,0.0,11142.34996172288,-0.014761251264064135
2020-06-05,8747.449550795885,1,10934.311938494857,-0.003968253968254065,11142.34996172288,-0.01867092883841326
2020-06-06,8747.449550795885,1,10934.311938494857,0.0,11142.34996172288,-0.01867092883841326
2020-06-07,8747.449550795885,1,10934.311938494857,0.0,11142.34996172288,-0.01867092883841326
2020-06-08,8747.449550795885,1,10934.311938494857,0.0,11142.34996172288,-0.01867092883841326
2020-06-09,8747.449550795885,1,10934.311938494857,0.0,11142.34996172288,-0.01867092883841326
2020-06-10,6560.587163096914,2,10934.311938494857,0.0,11142.34996172288,-0.01867092883841326
2020-06-11,8677.469954389519,1,10846.837442986898,-0.008000000000000007,11142.34996172288,-0.026521561407705896
2020-06-12,8642.760074571961,1,10803.450093214951,-0.0039999999999998925,11142.34996172288,-0.03041547516207499
2020-06-13,10760.236292842092,0,10760.236292842092,-0.0040000000000000036,11142.34996172288,-0.034293813261426664
2020-06-14,10760.236292842092,0,10760.236292842092,0.0,11142.34996172288,-0.034293813261426664
2020-06-15,10760.236292842092,0,10760.236292842092,0.0,11142.34996172288,-0.034293813261426664
2020-06-16,10760.236292842092,0,10760.236292842092,0.0,11142.34996172288,-0.034293813261426664
2020-06-17,10760.236292842092,0,10760.236292842092,0.0,11142.34996172288,-0.034293813261426664
2020-06-18,10760.236292842092,0,10760.236292842092,0.0,11142.34996172288,-0.034293813261426664
2020-06-19,10760.236292842092,0,10760.236292842092,0.0,11142.34996172288,-0.034293813261426664
2020-06-20,10760.236292842092,0,10760.236292842092,0.0,11142.34996172288,-0.034293813261426664
2020-06-21,10760.236292842092,0,10760.236292842092,0.0,11142.34996172288,-0.034293813261426664
2020-06-22,10760.236292842092,0,10760.236292842092,0.0,11142.34996172288,-0.034293813261426664
2020-06-23,10760.236292842092,0,10760.236292842092,0.0,11142.34996172288,-0.034293813261426664
2020-06-24,10760.236292842092,0,10760.236292842092,0.0,11142.34996172288,-0.034293813261426664
2020-06-25,8608.189034273673,1,10760.236292842092,0.0,11142.34996172288,-0.034293813261426664
2020-06-26,10717.195347670724,0,10717.195347670724,-0.0039999999999998925,11142.34996172288,-0.03815663800838087
2020-06-27,10717.195347670724,0,10717.195347670724,0.0,11142.34996172288,-0.03815663800838087
2020-06-28,10717.195347670724,0,10717.195347670724,0.0,11142.34996172288,-0.03815663800838087
2020-06-29,8573.75627813658,1,10717.195347670724,0.0,11142.34996172288,-0.03815663800838087
2020-06-30,8573.75627813658,1,10717.195347670724,0.0,11142.34996172288,-0.03815663800838087
2020-07-01,8573.75627813658,1,10717.195347670724,0.0,11142.34996172288,-0.03815663800838087
2020-07-02,10802.932910452091,0,10802.932910452091,0.00800000000000023,11142.34996172288,-0.030461891112447792
2020-07-03,10802.932910452091,0,10802.932910452091,0.0,11142.34996172288,-0.030461891112447792
2020-07-04,10802.932910452091,0,10802.932910452091,0.0,11142.34996172288,-0.030461891112447792
2020-07-05,10802.932910452091,0,10802.932910452091,0.0,11142.34996172288,-0.030461891112447792
2020-07-06,10802.932910452091,0,10802.932910452091,0.0,11142.34996172288,-0.030461891112447792
2020-07-07,10802.932910452091,0,10802.932910452091,0.0,11142.34996172288,-0.030461891112447792
2020-07-08,10802.932910452091,0,10802.932910452091,0.0,11142.34996172288,-0.030461891112447792
2020-07-09,10802.932910452091,0,10802.932910452091,0.0,11142.34996172288,-0.030461891112447792
2020-07-10,10802.932910452091,0,10802.932910452091,0.0,11142.34996172288,-0.030461891112447792
2020-07-11,10802.932910452091,0,10802.932910452091,0.0,11142.34996172288,-0.030461891112447792
2020-07-12,10802.932910452091,0,10802.932910452091,0.0,11142.34996172288,-0.030461891112447792
2020-07-13,10802.932910452091,0,10802.932910452091,0.0,11142.34996172288,-0.030461891112447792
2020-07-14,6481.759746271255,2,10802.932910452091,0.0,11142.34996172288,-0.030461891112447792
2020-07-15,8728.769791645289,1,10889.356373735707,0.008000000000000007,11142.34996172288,-0.022705586241347442
2020-07-16,6550.898516898147,2,10889.356373735707,0.0,11142.34996172288,-0.022705586241347442
2020-07-17,8668.273367346757,1,10846.1446420939,-0.003968253968253954,11142.34996172288,-0.026583738676897672
2020-07-18,8668.273367346757,1,10846.1446420939,0.0,11142.34996172288,-0.026583738676897672
2020-07-19,8668.273367346757,1,10846.1446420939,0.0,11142.34996172288,-0.026583738676897672
2020-07-20,10933.259493083784,0,10933.259493083784,0.00803187250996018,11142.34996172288,-0.018765383366828536
2020-07-21,10933.259493083784,0,10933.259493083784,0.0,11142.34996172288,-0.018765383366828536
2020-07-22,10933.259493083784,0,10933.259493083784,0.0,11142.34996172288,-0.018765383366828536
2020-07-23,6559.955695850269,2,10933.259493083784,0.0,11142.34996172288,-0.018765383366828536
2020-07-24,4373.303797233511,3,10933.259493083782,-1.1102230246251565e-16,11142.34996172288,-0.018765383366828647
2020-07-25,6647.421771794939,2,11020.725569028453,0.008000000000000007,11142.34996172288,-0.010915506433763267
2020-07-26,6647.421771794939,2,11020.725569028453,0.0,11142.34996172288,-0.010915506433763267
2020-07-27,8746.607594467027,1,10933.259493083784,-0.007936507936507797,11142.34996172288,-0.018765383366828536
2020-07-28,8746.607594467027,1,10933.259493083784,0.0,11142.34996172288,-0.018765383366828536
2020-07-29,8816.580455222762,1,11020.725569028453,0.007999999999999785,11142.34996172288,-0.010915506433763267
2020-07-30,8816.580455222762,1,11020.725569028453,0.0,11142.34996172288,-0.010915506433763267
2020-07-31,6585.985600051403,2,10976.642666752337,-0.004000000000000115,11142.34996172288,-0.014871844408028356
2020-08-01,6585.985600051403,2,10976.642666752337,0.0,11142.34996172288,-0.014871844408028356
2020-08-02,6585.985600051403,2,10976.642666752337,0.0,11142.34996172288,-0.014871844408028356
2020-08-03,6550.860343517796,2,10932.73609608533,-0.0039999999999998925,11142.34996172288,-0.018812357030396076
2020-08-04,6550.860343517796,2,10932.73609608533,0.0,11142.34996172288,-0.018812357030396076
2020-08-05,6550.860343517796,2,10932.73609608533,0.0,11142.34996172288,-0.018812357030396076
2020-08-06,6550.860343517796,2,10932.73609608533,0.0,11142.34996172288,-0.018812357030396076
2020-08-07,8787.466295266016,1,10974.013514483082,0.003775579876343471,11142.34996172288,-0.015107804710683292
2020-08-08,8787.466295266016,1,10974.013514483082,0.0,11142.34996172288,-0.015107804710683292
2020-08-09,8787.466295266016,1,10974.013514483082,0.0,11142.34996172288,-0.015107804710683292
2020-08-10,6589.5291077343045,2,10982.548512890507,0.0007777463000351315,11142.34996172288,-0.014341808449863436
2020-08-11,10894.688124787384,0,10894.688124787384,-0.007999999999999896,11142.34996172288,-0.022227073982264534
2020-08-12,2178.9376249574757,4,10894.688124787384,0.0,11142.34996172288,-0.022227073982264534
2020-08-13,6711.127884869029,2,11069.003134783983,0.016000000000000014,11142.34996172288,-0.006582707165980639
2020-08-14,6711.127884869029,2,11069.003134783983,0.0,11142.34996172288,-0.006582707165980639
2020-08-15,6711.127884869029,2,11069.003134783983,0.0,11142.34996172288,-0.006582707165980639
2020-08-16,6711.127884869029,2,11069.003134783983,0.0,11142.34996172288,-0.006582707165980639
2020-08-17,6711.127884869029,2,11069.003134783983,0.0,11142.34996172288,-0.006582707165980639
2020-08-18,4497.327257912232,3,11069.003134783983,0.0,11142.34996172288,-0.006582707165980639
2020-08-19,8932.340906587962,1,11146.14153354476,0.006968865924192658,11146.14153354476,0.0
2020-08-20,8881.492416804498,1,11101.865521005622,-0.003972317452267005,11146.14153354476,-0.003972317452267005
2020-08-21,8881.492416804498,1,11101.865521005622,0.0,11146.14153354476,-0.003972317452267005
2020-08-22,8881.492416804498,1,11101.865521005622,0.0,11146.14153354476,-0.003972317452267005
2020-08-23,8881.492416804498,1,11101.865521005622,0.0,11146.14153354476,-0.003972317452267005
2020-08-24,8881.492416804498,1,11101.865521005622,0.0,11146.14153354476,-0.003972317452267005
2020-08-25,8881.492416804498,1,11101.865521005622,0.0,11146.14153354476,-0.003972317452267005
2020-08-26,8881.492416804498,1,11101.865521005622,0.0,11146.14153354476,-0.003972317452267005
2020-08-27,11146.958704997664,0,11146.958704997664,0.004061766367708275,11146.958704997664,0.0
2020-08-28,6688.175222998598,2,11146.958704997664,0.0,11146.958704997664,0.0
2020-08-29,6688.175222998598,2,11146.958704997664,0.0,11146.958704997664,0.0
2020-08-30,6688.175222998598,2,11146.958704997664,0.0,11146.958704997664,0.0
2020-08-31,8872.97912917814,1,11102.370870177674,-0.0039999999999998925,11146.958704997664,-0.0039999999999998925
2020-09-01,6652.5049551426055,2,11102.370870177674,0.0,11146.958704997664,-0.0039999999999998925
2020-09-02,4432.030781107071,3,11102.370870177674,0.0,11146.958704997664,-0.0039999999999998925
2020-09-03,8792.899377841437,1,11013.373551876972,-0.008016064257028166,11146.958704997664,-0.011983999999999995
2020-09-04,4387.585627358503,3,10968.964068396259,-0.004032323363184598,11146.958704997664,-0.015968000000000204
2020-09-05,10837.336499575504,0,10837.336499575504,-0.01200000000000001,11146.958704997664,-0.027776384000000154
2020-09-06,10837.336499575504,0,10837.336499575504,0.0,11146.958704997664,-0.027776384000000154
2020-09-07,10837.336499575504,0,10837.336499575504,0.0,11146.958704997664,-0.027776384000000154
2020-09-08,0.0,5,10837.336499575504,0.0,11146.958704997664,-0.027776384000000154
2020-09-09,2245.496122712044,4,10967.38453757041,0.01200000000000001,11146.958704997664,-0.01610970060800021
2020-09-10,2245.496122712044,4,10967.38453757041,0.0,11146.958704997664,-0.01610970060800021
2020-09-11,6493.7320305456415,2,10880.685845573806,-0.007905138339920903,11146.958704997664,-0.023887489536000173
2020-09-12,6493.7320305456415,2,10880.685845573806,0.0,11146.958704997664,-0.023887489536000173
2020-09-13,6493.7320305456415,2,10880.685845573806,0.0,11146.958704997664,-0.023887489536000173
2020-09-14,8774.948014360287,1,10968.424921874368,0.008063745019920132,11146.958704997664,-0.016016367140864296
2020-09-15,11056.163998174932,0,11056.163998174932,0.007999241178702432,11146.958704997664,-0.008145244745728197
2020-09-16,6633.698398904959,2,11056.163998174932,0.0,11146.958704997664,-0.008145244745728197
2020-09-17,8933.380510525345,1,11144.613310160332,0.008000000000000007,11146.958704997664,-0.00021040670369398828
2020-09-18,11100.388654167631,0,11100.388654167631,-0.003968253968254065,11146.958704997664,-0.004177825724711148
2020-09-19,11100.388654167631,0,11100.388654167631,0.0,11146.958704997664,-0.004177825724711148
2020-09-20,11100.388654167631,0,11100.388654167631,0.0,11146.958704997664,-0.004177825724711148
2020-09-21,11100.388654167631,0,11100.388654167631,0.0,11146.958704997664,-0.004177825724711148
2020-09-22,6660.233192500578,2,11100.388654167631,0.0,11146.958704997664,-0.004177825724711148
2020-09-23,6660.233192500578,2,11100.388654167631,0.0,11146.958704997664,-0.004177825724711148
2020-09-24,8835.909368717434,1,11055.987099550961,-0.0040000000000000036,11146.958704997664,-0.008161114421812332
2020-09-25,8835.909368717434,1,11055.987099550961,0.0,11146.958704997664,-0.008161114421812332
2020-09-26,8835.909368717434,1,11055.987099550961,0.0,11146.958704997664,-0.008161114421812332
2020-09-27,8835.909368717434,1,11055.987099550961,0.0,11146.958704997664,-0.008161114421812332
2020-09-28,8835.909368717434,1,11055.987099550961,0.0,11146.958704997664,-0.008161114421812332
2020-09-29,11023.928411918952,0,11023.928411918952,-0.002899667604831957,11146.958704997664,-0.011037117507535998
2020-09-30,11023.928411918952,0,11023.928411918952,0.0,11146.958704997664,-0.011037117507535998
2020-10-01,11023.928411918952,0,11023.928411918952,0.0,11146.958704997664,-0.011037117507535998
2020-10-02,11023.928411918952,0,11023.928411918952,0.0,11146.958704997664,-0.011037117507535998
2020-10-03,11023.928411918952,0,11023.928411918952,0.0,11146.958704997664,-0.011037117507535998
2020-10-04,11023.928411918952,0,11023.928411918952,0.0,11146.958704997664,-0.011037117507535998
2020-10-05,11023.928411918952,0,11023.928411918952,0.0,11146.958704997664,-0.011037117507535998
2020-10-06,11023.928411918952,0,11023.928411918952,0.0,11146.958704997664,-0.011037117507535998
2020-10-07,11023.928411918952,0,11023.928411918952,0.0,11146.958704997664,-0.011037117507535998
2020-10-08,11023.928411918952,0,11023.928411918952,0.0,11146.958704997664,-0.011037117507535998
2020-10-09,11023.928411918952,0,11023.928411918952,0.0,11146.958704997664,-0.011037117507535998
2020-10-10,11023.928411918952,0,11023.928411918952,0.0,11146.958704997664,-0.011037117507535998
2020-10-11,11023.928411918952,0,11023.928411918952,0.0,11146.958704997664,-0.011037117507535998
2020-10-12,8819.142729535162,1,11023.928411918952,0.0,11146.958704997664,-0.011037117507535998
2020-10-13,8819.142729535162,1,11023.928411918952,0.0,11146.958704997664,-0.011037117507535998
2020-10-14,6614.357047151372,2,11023.928411918954,2.220446049250313e-16,11146.958704997664,-0.011037117507535887
2020-10-15,6579.080476233232,2,10979.832698271279,-0.0040000000000000036,11146.958704997664,-0.014992969037505688
2020-10-16,8862.885677473658,1,11067.671359857448,0.008000000000000007,11146.958704997664,-0.007112912789805859
2020-10-17,8862.885677473658,1,11067.671359857448,0.0,11146.958704997664,-0.007112912789805859
2020-10-18,8862.885677473658,1,11067.671359857448,0.0,11146.958704997664,-0.007112912789805859
2020-10-19,8818.860516967818,1,11023.575646209772,-0.003984190731178616,11146.958704997664,-0.011068764319775659
2020-10-20,8783.585074899947,1,10979.481343624935,-0.0039999999999998925,11146.958704997664,-0.015024489262496443
2020-10-21,8783.585074899947,1,10979.481343624935,0.0,11146.958704997664,-0.015024489262496443
2020-10-22,6587.68880617496,2,10979.481343624933,-1.1102230246251565e-16,11146.958704997664,-0.015024489262496554
2020-10-23,8871.420925648947,1,11067.317194373933,0.008000000000000007,11146.958704997664,-0.00714468517659661
2020-10-24,8871.420925648947,1,11067.317194373933,0.0,11146.958704997664,-0.00714468517659661
2020-10-25,8871.420925648947,1,11067.317194373933,0.0,11146.958704997664,-0.00714468517659661
2020-10-26,11023.399268999434,0,11023.399268999434,-0.003968253968253843,11146.958704997664,-0.011084587219546527
2020-10-27,2204.6798537998848,4,11023.399268999434,0.0,11146.958704997664,-0.011084587219546527
2020-10-28,8677.619904556354,1,10847.024880695442,-0.016000000000000014,11146.958704997664,-0.026907233824033816
2020-10-29,10803.63678117266,0,10803.63678117266,-0.004000000000000115,11146.958704997664,-0.030799604888737786
2020-10-30,10803.63678117266,0,10803.63678117266,0.0,11146.958704997664,-0.030799604888737786
2020-10-31,10803.63678117266,0,10803.63678117266,0.0,11146.958704997664,-0.030799604888737786
2020-11-01,10803.63678117266,0,10803.63678117266,0.0,11146.958704997664,-0.030799604888737786
2020-11-02,10803.63678117266,0,10803.63678117266,0.0,11146.958704997664,-0.030799604888737786
2020-11-03,10803.63678117266,0,10803.63678117266,0.0,11146.958704997664,-0.030799604888737786
2020-11-04,10803.63678117266,0,10803.63678117266,0.0,11146.958704997664,-0.030799604888737786
2020-11-05,10803.63678117266,0,10803.63678117266,0.0,11146.958704997664,-0.030799604888737786
2020-11-06,10803.63678117266,0,10803.63678117266,0.0,11146.958704997664,-0.030799604888737786
2020-11-07,10803.63678117266,0,10803.63678117266,0.0,11146.958704997664,-0.030799604888737786
2020-11-08,10803.63678117266,0,10803.63678117266,0.0,11146.958704997664,-0.030799604888737786
2020-11-09,10803.63678117266,0,10803.63678117266,0.0,11146.958704997664,-0.030799604888737786
2020-11-10,10803.63678117266,0,10803.63678117266,0.0,11146.958704997664,-0.030799604888737786
2020-11-11,10803.63678117266,0,10803.63678117266,0.0,11146.958704997664,-0.030799604888737786
2020-11-12,10803.63678117266,0,10803.63678117266,0.0,11146.958704997664,-0.030799604888737786
2020-11-13,2160.72735623453,4,10803.63678117266,0.0,11146.958704997664,-0.030799604888737786
2020-11-14,4407.883806718443,3,10890.065875422039,0.007999999999999785,11146.958704997664,-0.023046001727847876
2020-11-15,4407.883806718443,3,10890.065875422039,0.0,11146.958704997664,-0.023046001727847876
2020-11-16,8772.553066312197,1,10933.28042254673,0.003968253968253954,11146.958704997664,-0.019169200147402754
2020-11-17,6585.896981802851,2,10933.28042254673,0.0,11146.958704997664,-0.019169200147402754
2020-11-18,8703.409790912692,1,10890.065875422039,-0.0039525691699605625,11146.958704997664,-0.023046001727847876
2020-11-19,6525.396615828284,2,10890.065875422039,0.0,11146.958704997664,-0.023046001727847876
2020-11-20,4347.383440743875,3,10890.065875422037,-2.220446049250313e-16,11146.958704997664,-0.023046001727847987
2020-11-21,4347.383440743875,3,10890.065875422037,0.0,11146.958704997664,-0.023046001727847987
2020-11-22,4347.383440743875,3,10890.065875422037,0.0,11146.958704997664,-0.023046001727847987
2020-11-23,4347.383440743875,3,10890.065875422037,0.0,11146.958704997664,-0.023046001727847987
2020-11-24,6540.631428620117,2,10896.657778788933,0.000605313451939038,11146.958704997664,-0.022454638330768217
2020-11-25,6540.631428620117,2,10896.657778788933,0.0,11146.958704997664,-0.022454638330768217
2020-11-26,6540.631428620117,2,10896.657778788933,0.0,11146.958704997664,-0.022454638330768217
2020-11-27,8805.765130707901,1,10983.77830579231,0.007995160421846226,11146.958704997664,-0.014639006344590921
2020-11-28,8805.765130707901,1,10983.77830579231,0.0,11146.958704997664,-0.014639006344590921
2020-11-29,8805.765130707901,1,10983.77830579231,0.0,11146.958704997664,-0.014639006344590921
2020-11-30,10992.490157130504,0,10992.490157130504,0.0007931561522505071,11146.958704997664,-0.013857461210285527
2020-12-01,4396.9960628522,3,10992.490157130502,-1.1102230246251565e-16,11146.958704997664,-0.013857461210285749
2020-12-02,4396.9960628522,3,10992.490157130502,0.0,11146.958704997664,-0.013857461210285749
2020-12-03,4396.9960628522,3,10992.490157130502,0.0,11146.958704997664,-0.013857461210285749
2020-12-04,2198.4980314260997,4,10992.490157130502,0.0,11146.958704997664,-0.013857461210285749
2020-12-05,2198.4980314260997,4,10992.490157130502,0.0,11146.958704997664,-0.013857461210285749
2020-12-06,2198.4980314260997,4,10992.490157130502,0.0,11146.958704997664,-0.013857461210285749
2020-12-07,2198.4980314260997,4,10992.490157130502,0.0,11146.958704997664,-0.013857461210285749
2020-12-08,8898.775754013517,1,11097.273785439618,0.009532292211437365,11146.958704997664,-0.004457262368413484
2020-12-09,8898.775754013517,1,11097.273785439618,0.0,11146.958704997664,-0.004457262368413484
2020-12-10,2240.4114827497456,4,11097.273785439616,-1.1102230246251565e-16,11146.958704997664,-0.004457262368413706
2020-12-11,6613.330914608284,2,11052.240428784131,-0.004058055836612118,11146.958704997664,-0.008497230385456245
2020-12-12,6613.330914608284,2,11052.240428784131,0.0,11146.958704997664,-0.008497230385456245
2020-12-13,6613.330914608284,2,11052.240428784131,0.0,11146.958704997664,-0.008497230385456245
2020-12-14,8921.563861979725,1,11141.018619067649,0.008032596726027297,11146.958704997664,-0.0005328884844035819
2020-12-15,2245.959361870234,4,11229.796809351166,0.007968588269978705,11229.796809351166,0.0
2020-12-16,6648.039711135891,2,11139.958434876358,-0.007999999999999896,11229.796809351166,-0.007999999999999896
2020-12-17,6648.039711135891,2,11139.958434876358,0.0,11229.796809351166,-0.007999999999999896
2020-12-18,8849.079885768719,1,11095.039247638952,-0.0040322580645163475,11229.796809351166,-0.01200000000000001
2020-12-19,8849.079885768719,1,11095.039247638952,0.0,11229.796809351166,-0.01200000000000001
2020-12-20,8849.079885768719,1,11095.039247638952,0.0,11229.796809351166,-0.01200000000000001
2020-12-21,6630.072036240928,2,11095.039247638952,0.0,11229.796809351166,-0.01200000000000001
2020-12-22,8873.109769980914,1,11091.387212476144,-0.0003291592829277601,11229.796809351166,-0.012325209371532697
2020-12-23,8837.61733090099,1,11047.021663626238,-0.004000000000000115,11229.796809351166,-0.0162759085340467
2020-12-24,8837.61733090099,1,11047.021663626238,0.0,11229.796809351166,-0.0162759085340467
2020-12-25,8837.61733090099,1,11047.021663626238,0.0,11229.796809351166,-0.0162759085340467
2020-12-26,8837.61733090099,1,11047.021663626238,0.0,11229.796809351166,-0.0162759085340467
2020-12-27,8837.61733090099,1,11047.021663626238,0.0,11229.796809351166,-0.0162759085340467
2020-12-28,11135.397836935248,0,11135.397836935248,0.008000000000000007,11229.796809351166,-0.00840611580231898
2020-12-29,11135.397836935248,0,11135.397836935248,0.0,11229.796809351166,-0.00840611580231898
2020-12-30,11135.397836935248,0,11135.397836935248,0.0,11229.796809351166,-0.00840611580231898
2020-12-31,11135.397836935248,0,11135.397836935248,0.0,11229.796809351166,-0.00840611580231898
2021-01-01,11135.397836935248,0,11135.397836935248,0.0,11229.796809351166,-0.00840611580231898
2021-01-02,11135.397836935248,0,11135.397836935248,0.0,11229.796809351166,-0.00840611580231898
2021-01-03,11135.397836935248,0,11135.397836935248,0.0,11229.796809351166,-0.00840611580231898
2021-01-04,11135.397836935248,0,11135.397836935248,0.0,11229.796809351166,-0.00840611580231898
2021-01-05,0.0,5,11135.397836935248,0.0,11229.796809351166,-0.00840611580231898
2021-01-06,4365.075952078618,3,11046.314654239766,-0.008000000000000007,11229.796809351166,-0.01633886687590047
2021-01-07,6681.23870216115,2,11135.39783693525,0.008064516129032473,11229.796809351166,-0.00840611580231887
2021-01-08,6681.23870216115,2,11135.39783693525,0.0,11229.796809351166,-0.00840611580231887
2021-01-09,6681.23870216115,2,11135.39783693525,0.0,11229.796809351166,-0.00840611580231887
2021-01-10,6681.23870216115,2,11135.39783693525,0.0,11229.796809351166,-0.00840611580231887
2021-01-11,6681.23870216115,2,11135.39783693525,0.0,11229.796809351166,-0.00840611580231887
2021-01-12,8871.440486405127,1,11089.300608006408,-0.0041397020208781,11229.796809351166,-0.012511019008622282
2021-01-13,6653.580364803845,2,11089.300608006408,0.0,11229.796809351166,-0.012511019008622282
2021-01-14,6724.551888695086,2,11178.015012870459,0.008000000000000007,11229.796809351166,-0.004611107160691241
2021-01-15,8915.442831217695,1,11133.302952818976,-0.004000000000000115,11229.796809351166,-0.008592662732048617
2021-01-16,8915.442831217695,1,11133.302952818976,0.0,11229.796809351166,-0.008592662732048617
2021-01-17,8915.442831217695,1,11133.302952818976,0.0,11229.796809351166,-0.008592662732048617
2021-01-18,8915.442831217695,1,11133.302952818976,0.0,11229.796809351166,-0.008592662732048617
2021-01-19,2235.4610595263093,4,11133.302952818976,0.0,11229.796809351166,-0.008592662732048617
2021-01-20,2297.632114455036,4,11222.017357683028,0.007968381462357454,11229.796809351166,-0.0006927508841175767
2021-01-21,8861.402274065947,1,11088.062864629743,-0.011936756893498712,11229.796809351166,-0.01262123857872477
2021-01-22,6643.789701139998,2,11088.062864629743,0.0,11229.796809351166,-0.01262123857872477
2021-01-23,6643.789701139998,2,11088.062864629743,0.0,11229.796809351166,-0.01262123857872477
2021-01-24,6643.789701139998,2,11088.062864629743,0.0,11229.796809351166,-0.01262123857872477
2021-01-25,8825.917079892519,1,11043.529652818468,-0.004016320285604835,11229.796809351166,-0.01658686792779651
2021-01-26,6617.211149328825,2,11043.529652818466,-1.1102230246251565e-16,11229.796809351166,-0.016586867927796622
2021-01-27,10955.003282748676,0,10955.003282748676,-0.008016130064648075,11229.796809351166,-0.024470035501770404
2021-01-28,4382.00131309947,3,10955.003282748676,0.0,11229.796809351166,-0.024470035501770404
2021-01-29,4346.945302594674,3,10911.18326961768,-0.0040000000000000036,11229.796809351166,-0.02837215535976334
2021-01-30,6485.53722343974,2,10867.53853653921,-0.0040000000000000036,11229.796809351166,-0.032258666738324226
2021-01-31,6485.53722343974,2,10867.53853653921,0.0,11229.796809351166,-0.032258666738324226
2021-02-01,4303.230457495194,3,10823.718523408215,-0.004032193029144704,11229.796809351166,-0.03616078659631716
2021-02-02,8703.319970894929,1,10868.063675576572,0.004097034865832017,11229.796809351166,-0.03221190373394611
2021-02-03,10954.653423763837,0,10954.653423763837,0.00796735745870314,11229.796809351166,-0.02450119002671669
2021-02-04,10954.653423763837,0,10954.653423763837,0.0,11229.796809351166,-0.02450119002671669
2021-02-05,10954.653423763837,0,10954.653423763837,0.0,11229.796809351166,-0.02450119002671669
2021-02-06,10954.653423763837,0,10954.653423763837,0.0,11229.796809351166,-0.02450119002671669
2021-02-07,10954.653423763837,0,10954.653423763837,0.0,11229.796809351166,-0.02450119002671669
2021-02-08,10954.653423763837,0,10954.653423763837,0.0,11229.796809351166,-0.02450119002671669
2021-02-09,10954.653423763837,0,10954.653423763837,0.0,11229.796809351166,-0.02450119002671669
2021-02-10,10954.653423763837,0,10954.653423763837,0.0,11229.796809351166,-0.02450119002671669
2021-02-11,10954.653423763837,0,10954.653423763837,0.0,11229.796809351166,-0.02450119002671669
2021-02-12,10954.653423763837,0,10954.653423763837,0.0,11229.796809351166,-0.02450119002671669
2021-02-13,10954.653423763837,0,10954.653423763837,0.0,11229.796809351166,-0.02450119002671669
2021-02-14,10954.653423763837,0,10954.653423763837,0.0,11229.796809351166,-0.02450119002671669
2021-02-15,10954.653423763837,0,10954.653423763837,0.0,11229.796809351166,-0.02450119002671669
2021-02-16,10954.653423763837,0,10954.653423763837,0.0,11229.796809351166,-0.02450119002671669
2021-02-17,10954.653423763837,0,10954.653423763837,0.0,11229.796809351166,-0.02450119002671669
2021-02-18,10954.653423763837,0,10954.653423763837,0.0,11229.796809351166,-0.02450119002671669
2021-02-19,10954.653423763837,0,10954.653423763837,0.0,11229.796809351166,-0.02450119002671669
2021-02-20,10954.653423763837,0,10954.653423763837,0.0,11229.796809351166,-0.02450119002671669
2021-02-21,10954.653423763837,0,10954.653423763837,0.0,11229.796809351166,-0.02450119002671669
2021-02-22,8763.72273901107,1,10954.653423763837,0.0,11229.796809351166,-0.02450119002671669
2021-02-23,0.0,5,10910.834810068782,-0.0040000000000000036,11229.796809351166,-0.028403185266609787
2021-02-24,6406.842200472389,2,10736.261453107682,-0.016000000000000014,11229.796809351166,-0.04394873430234403
2021-02-25,8511.149445281495,1,10693.316407295251,-0.0040000000000000036,11229.796809351166,-0.047772939365134603
2021-02-26,8511.149445281495,1,10693.316407295251,0.0,11229.796809351166,-0.047772939365134603
2021-02-27,8511.149445281495,1,10693.316407295251,0.0,11229.796809351166,-0.047772939365134603
2021-02-28,8511.149445281495,1,10693.316407295251,0.0,11229.796809351166,-0.047772939365134603
2021-03-01,2095.159600904344,4,10693.316407295251,0.0,11229.796809351166,-0.047772939365134603
2021-03-02,4310.864538791319,3,10726.85438316847,0.0031363493415696997,11229.796809351166,-0.04478642265048749
2021-03-03,8630.964367338602,1,10769.627648797652,0.00398749382636332,11229.796809351166,-0.040977514407947835
2021-03-04,4323.113307819542,3,10769.627648797654,2.220446049250313e-16,11229.796809351166,-0.040977514407947724
2021-03-05,6511.501646055223,2,10812.706159392843,0.0039999999999997815,11229.796809351166,-0.037141424465579664
2021-03-06,8630.79205329622,1,10769.45533475527,-0.004000000000000115,11229.796809351166,-0.04099285876771741
2021-03-07,8630.79205329622,1,10769.45533475527,0.0,11229.796809351166,-0.04099285876771741
2021-03-08,10817.94399817619,0,10817.94399817619,0.0045024248593554805,11229.796809351166,-0.03667500117473388
2021-03-09,10817.94399817619,0,10817.94399817619,0.0,11229.796809351166,-0.03667500117473388
2021-03-10,8654.355198540952,1,10817.94399817619,0.0,11229.796809351166,-0.03667500117473388
2021-03-11,8654.355198540952,1,10817.94399817619,0.0,11229.796809351166,-0.03667500117473388
2021-03-12,10904.4875501616,0,10904.4875501616,0.00800000000000023,11229.796809351166,-0.028968401184131576
2021-03-13,10904.4875501616,0,10904.4875501616,0.0,11229.796809351166,-0.028968401184131576
2021-03-14,10904.4875501616,0,10904.4875501616,0.0,11229.796809351166,-0.028968401184131576
2021-03-15,10904.4875501616,0,10904.4875501616,0.0,11229.796809351166,-0.028968401184131576
2021-03-16,8723.59004012928,1,10904.4875501616,0.0,11229.796809351166,-0.028968401184131576
2021-03-17,8723.59004012928,1,10904.4875501616,0.0,11229.796809351166,-0.028968401184131576
2021-03-18,10860.869599960954,0,10860.869599960954,-0.004000000000000115,11229.796809351166,-0.03285252757939516
2021-03-19,6516.521759976573,2,10860.869599960955,2.220446049250313e-16,11229.796809351166,-0.03285252757939494
2021-03-20,10773.982643161266,0,10773.982643161266,-0.00800000000000023,11229.796809351166,-0.04058970735876
2021-03-21,10773.982643161266,0,10773.982643161266,0.0,11229.796809351166,-0.04058970735876
2021-03-22,8619.186114529013,1,10773.982643161267,2.220446049250313e-16,11229.796809351166,-0.040589707358759886
2021-03-23,10730.88671258862,0,10730.88671258862,-0.004000000000000115,11229.796809351166,-0.04442734852932495
2021-03-24,8584.709370070897,1,10730.88671258862,0.0,11229.796809351166,-0.04442734852932495
2021-03-25,10687.963165738267,0,10687.963165738267,-0.0039999999999998925,11229.796809351166,-0.048249639135207634
2021-03-26,10687.963165738267,0,10687.963165738267,0.0,11229.796809351166,-0.048249639135207634
2021-03-27,10687.963165738267,0,10687.963165738267,0.0,11229.796809351166,-0.048249639135207634
2021-03-28,10687.963165738267,0,10687.963165738267,0.0,11229.796809351166,-0.048249639135207634
2021-03-29,10687.963165738267,0,10687.963165738267,0.0,11229.796809351166,-0.048249639135207634
2021-03-30,10687.963165738267,0,10687.963165738267,0.0,11229.796809351166,-0.048249639135207634
2021-03-31,10687.963165738267,0,10687.963165738267,0.0,11229.796809351166,-0.048249639135207634
2021-04-01,10687.963165738267,0,10687.963165738267,0.0,11229.796809351166,-0.048249639135207634
2021-04-02,10687.963165738267,0,10687.963165738267,0.0,11229.796809351166,-0.048249639135207634
2021-04-03,10687.963165738267,0,10687.963165738267,0.0,11229.796809351166,-0.048249639135207634
2021-04-04,10687.963165738267,0,10687.963165738267,0.0,11229.796809351166,-0.048249639135207634
2021-04-05,10687.963165738267,0,10687.963165738267,0.0,11229.796809351166,-0.048249639135207634
2021-04-06,10687.963165738267,0,10687.963165738267,0.0,11229.796809351166,-0.048249639135207634
2021-04-07,10687.963165738267,0,10687.963165738267,0.0,11229.796809351166,-0.048249639135207634
2021-04-08,10687.963165738267,0,10687.963165738267,0.0,11229.796809351166,-0.048249639135207634
2021-04-09,10687.963165738267,0,10687.963165738267,0.0,11229.796809351166,-0.048249639135207634
2021-04-10,10687.963165738267,0,10687.963165738267,0.0,11229.796809351166,-0.048249639135207634
2021-04-11,10687.963165738267,0,10687.963165738267,0.0,11229.796809351166,-0.048249639135207634
2021-04-12,10687.963165738267,0,10687.963165738267,0.0,11229.796809351166,-0.048249639135207634
2021-04-13,10687.963165738267,0,10687.963165738267,0.0,11229.796809351166,-0.048249639135207634
2021-04-14,10687.963165738267,0,10687.963165738267,0.0,11229.796809351166,-0.048249639135207634
2021-04-15,8550.370532590614,1,10687.963165738267,0.0,11229.796809351166,-0.048249639135207634
2021-04-16,6412.777899442961,2,10687.963165738267,0.0,11229.796809351166,-0.048249639135207634
2021-04-17,6412.777899442961,2,10687.963165738267,0.0,11229.796809351166,-0.048249639135207634
2021-04-18,6412.777899442961,2,10687.963165738267,0.0,11229.796809351166,-0.048249639135207634
2021-04-19,6412.777899442961,2,10687.963165738267,0.0,11229.796809351166,-0.048249639135207634
2021-04-20,2120.491892082473,4,10645.211313075315,-0.0039999999999998925,11229.796809351166,-0.05205664057866666
2021-04-21,4181.336399329592,3,10517.297769907758,-0.01201606425702817,11229.796809351166,-0.06344718889749656
2021-04-22,4231.853630107278,3,10558.855306814718,0.003951351175571327,11229.796809351166,-0.05974653984636202
2021-04-23,2094.74131600798,4,10516.619885587459,-0.0040000000000000036,11229.796809351166,-0.06350755368697658
2021-04-24,2094.74131600798,4,10516.619885587459,0.0,11229.796809351166,-0.06350755368697658
2021-04-25,2094.74131600798,4,10516.619885587459,0.0,11229.796809351166,-0.06350755368697658
2021-04-26,2162.1875985994498,4,10600.758267746722,0.00800051566706994,11229.796809351166,-0.05601513119815649
2021-04-27,2162.1875985994498,4,10600.758267746722,0.0,11229.796809351166,-0.05601513119815649
2021-04-28,4231.723238735134,3,10558.522846519461,-0.00398418869296957,11229.796809351166,-0.059776145038771156
2021-04-29,2120.018669431242,4,10558.522846519461,0.0,11229.796809351166,-0.059776145038771156
2021-04-30,8413.954528560856,1,10517.44316070107,-0.0038906659970843194,11229.796809351166,-0.0634342420209163
2021-05-01,8413.954528560856,1,10517.44316070107,0.0,11229.796809351166,-0.0634342420209163
2021-05-02,8413.954528560856,1,10517.44316070107,0.0,11229.796809351166,-0.0634342420209163
2021-05-03,6310.465896420643,2,10517.44316070107,0.0,11229.796809351166,-0.0634342420209163
2021-05-04,2103.4886321402146,4,10517.44316070107,0.0,11229.796809351166,-0.0634342420209163
2021-05-05,6360.949623592008,2,10601.582705986679,0.008000000000000007,11229.796809351166,-0.05594171595708364
2021-05-06,6327.02455893285,2,10559.176375162733,-0.0039999999999998925,11229.796809351166,-0.05971794909325523
2021-05-07,6327.02455893285,2,10559.176375162733,0.0,11229.796809351166,-0.05971794909325523
2021-05-08,6327.02455893285,2,10559.176375162733,0.0,11229.796809351166,-0.05971794909325523
2021-05-09,6327.02455893285,2,10559.176375162733,0.0,11229.796809351166,-0.05971794909325523
2021-05-10,6327.02455893285,2,10559.176375162733,0.0,11229.796809351166,-0.05971794909325523
2021-05-11,6301.580760438482,2,10516.770044338786,-0.004016064257028162,11229.796809351166,-0.06349418222942693
2021-05-12,2094.872742702967,4,10516.770044338784,-2.220446049250313e-16,11229.796809351166,-0.06349418222942715
2021-05-13,6271.162885167802,2,10477.870902903316,-0.003698772652769633,11229.796809351166,-0.0669581043373566
2021-05-14,6271.162885167802,2,10477.870902903316,0.0,11229.796809351166,-0.0669581043373566
2021-05-15,6271.162885167802,2,10477.870902903316,0.0,11229.796809351166,-0.0669581043373566
2021-05-16,6271.162885167802,2,10477.870902903316,0.0,11229.796809351166,-0.0669581043373566
2021-05-17,6271.162885167802,2,10477.870902903316,0.0,11229.796809351166,-0.0669581043373566
2021-05-18,8394.800390962728,1,10498.154399830484,0.0019358414619852216,11229.796809351166,-0.06515188314996367
2021-05-19,8364.869855722503,1,10456.08731965313,-0.0040070929208312345,11229.796809351166,-0.06889790642104587
2021-05-20,4182.434927861251,3,10456.087319653128,-2.220446049250313e-16,11229.796809351166,-0.06889790642104598
2021-05-21,4182.434927861251,3,10456.087319653128,0.0,11229.796809351166,-0.06889790642104598
2021-05-22,4182.434927861251,3,10456.087319653128,0.0,11229.796809351166,-0.06889790642104598
2021-05-23,4182.434927861251,3,10456.087319653128,0.0,11229.796809351166,-0.06889790642104598
2021-05-24,4182.434927861251,3,10456.087319653128,0.0,11229.796809351166,-0.06889790642104598
2021-05-25,4182.434927861251,3,10456.087319653128,0.0,11229.796809351166,-0.06889790642104598
2021-05-26,6279.695698085814,2,10462.130625947066,0.0005779701440116192,11229.796809351166,-0.0683597572099307
2021-05-27,10443.786434539386,0,10443.786434539386,-0.0017533896357768697,11229.796809351166,-0.06999328555591144
2021-05-28,8355.029147631509,1,10443.786434539386,0.0,11229.796809351166,-0.06999328555591144
2021-05-29,8355.029147631509,1,10443.786434539386,0.0,11229.796809351166,-0.06999328555591144
2021-05-30,8355.029147631509,1,10443.786434539386,0.0,11229.796809351166,-0.06999328555591144
2021-05-31,8355.029147631509,1,10443.786434539386,0.0,11229.796809351166,-0.06999328555591144
2021-06-01,6266.271860723631,2,10443.786434539386,0.0,11229.796809351166,-0.06999328555591144
2021-06-02,6232.851744133104,2,10402.011288801226,-0.004000000000000226,11229.796809351166,-0.07371331241368806
2021-06-03,6232.851744133104,2,10402.011288801226,0.0,11229.796809351166,-0.07371331241368806
2021-06-04,6232.851744133104,2,10402.011288801226,0.0,11229.796809351166,-0.07371331241368806
2021-06-05,6232.851744133104,2,10402.011288801226,0.0,11229.796809351166,-0.07371331241368806
2021-06-06,6232.851744133104,2,10402.011288801226,0.0,11229.796809351166,-0.07371331241368806
2021-06-07,6232.851744133104,2,10402.011288801226,0.0,11229.796809351166,-0.07371331241368806
2021-06-08,6240.194985522019,2,10400.746554102832,-0.00012158559179376027,11229.796809351166,-0.07382593552876893
2021-06-09,8324.24647944216,1,10404.395790262726,0.00035086290593766556,11229.796809351166,-0.07350097540510436
2021-06-10,8324.24647944216,1,10404.395790262726,0.0,11229.796809351166,-0.07350097540510436
2021-06-11,4162.48816333707,3,10404.395790262726,0.0,11229.796809351166,-0.07350097540510436
2021-06-12,4162.48816333707,3,10404.395790262726,0.0,11229.796809351166,-0.07350097540510436
2021-06-13,4162.48816333707,3,10404.395790262726,0.0,11229.796809351166,-0.07350097540510436
2021-06-14,4162.48816333707,3,10404.395790262726,0.0,11229.796809351166,-0.07350097540510436
2021-06-15,8293.854349641255,1,10374.7335076938,-0.0028509375428303896,11229.796809351166,-0.07614236625771775
2021-06-16,10333.115924532749,0,10333.115924532749,-0.004011436354503739,11229.796809351166,-0.07984836235609727
2021-06-17,10333.115924532749,0,10333.115924532749,0.0,11229.796809351166,-0.07984836235609727
2021-06-18,0.0,5,10333.115924532749,0.0,11229.796809351166,-0.07984836235609727
2021-06-19,6075.872163625256,2,10209.118533438355,-0.01200000000000001,11229.796809351166,-0.09089018200782417
2021-06-20,6075.872163625256,2,10209.118533438355,0.0,11229.796809351166,-0.09089018200782417
2021-06-21,2050.0901994272963,4,10291.783460834617,0.008097165991902688,11229.796809351166,-0.08352896890667305
2021-06-22,4199.378311730108,3,10374.44838823088,0.008032128514056325,11229.796809351166,-0.07616775580552171
2021-06-23,4199.378311730108,3,10374.44838823088,0.0,11229.796809351166,-0.07616775580552171
2021-06-24,6340.0692715837085,2,10456.782655917556,0.00793625498007966,11229.796809351166,-0.06883598755677522
2021-06-25,6340.0692715837085,2,10456.782655917556,0.0,11229.796809351166,-0.06883598755677522
2021-06-26,6340.0692715837085,2,10456.782655917556,0.0,11229.796809351166,-0.06883598755677522
2021-06-27,6340.0692715837085,2,10456.782655917556,0.0,11229.796809351166,-0.06883598755677522
2021-06-28,10503.48482971935,0,10503.48482971935,0.004466208712424979,11229.796809351166,-0.06467721473170462
2021-06-29,8402.78786377548,1,10503.48482971935,0.0,11229.796809351166,-0.06467721473170462
2021-06-30,10461.470890400473,0,10461.470890400473,-0.0039999999999998925,11229.796809351166,-0.06841850587277776
2021-07-01,10461.470890400473,0,10461.470890400473,0.0,11229.796809351166,-0.06841850587277776
2021-07-02,10461.470890400473,0,10461.470890400473,0.0,11229.796809351166,-0.06841850587277776
2021-07-03,10461.470890400473,0,10461.470890400473,0.0,11229.796809351166,-0.06841850587277776
2021-07-04,10461.470890400473,0,10461.470890400473,0.0,11229.796809351166,-0.06841850587277776
2021-07-05,10461.470890400473,0,10461.470890400473,0.0,11229.796809351166,-0.06841850587277776
2021-07-06,10461.470890400473,0,10461.470890400473,0.0,11229.796809351166,-0.06841850587277776
2021-07-07,8369.176712320379,1,10461.470890400473,0.0,11229.796809351166,-0.06841850587277776
2021-07-08,10419.625006838873,0,10419.625006838873,-0.0039999999999998925,11229.796809351166,-0.07214483184928644
2021-07-09,6251.775004103324,2,10419.625006838873,0.0,11229.796809351166,-0.07214483184928644
2021-07-10,6251.775004103324,2,10419.625006838873,0.0,11229.796809351166,-0.07214483184928644
2021-07-11,6251.775004103324,2,10419.625006838873,0.0,11229.796809351166,-0.07214483184928644
2021-07-12,6251.775004103324,2,10419.625006838873,0.0,11229.796809351166,-0.07214483184928644
2021-07-13,6251.775004103324,2,10419.625006838873,0.0,11229.796809351166,-0.07214483184928644
2021-07-14,8294.021505443743,1,10377.946506811517,-0.0040000000000000036,11229.796809351166,-0.07585625252188932
2021-07-15,8269.01440542733,1,10336.268006784163,-0.00401606425702794,11229.796809351166,-0.0795676731944921
2021-07-16,4134.507202713664,3,10336.268006784161,-2.220446049250313e-16,11229.796809351166,-0.0795676731944922
2021-07-17,4134.507202713664,3,10336.268006784161,0.0,11229.796809351166,-0.0795676731944922
2021-07-18,4134.507202713664,3,10336.268006784161,0.0,11229.796809351166,-0.0795676731944922
2021-07-19,6160.415732043361,2,10294.922934757025,-0.0039999999999998925,11229.796809351166,-0.0832494025017142
2021-07-20,2042.4465581405507,4,10294.922934757027,2.220446049250313e-16,11229.796809351166,-0.08324940250171398
2021-07-21,4192.390303551656,3,10377.613078811299,0.008032128514056103,11229.796809351166,-0.0758859438872701
2021-07-22,2116.8676877893963,4,10377.613078811299,0.0,11229.796809351166,-0.0758859438872701
2021-07-23,4266.8114332005025,3,10460.303222865572,0.007968127490039834,11229.796809351166,-0.068522485272826
2021-07-24,4266.8114332005025,3,10460.303222865572,0.0,11229.796809351166,-0.068522485272826
2021-07-25,4266.8114332005025,3,10460.303222865572,0.0,11229.796809351166,-0.068522485272826
2021-07-26,8549.499374059425,1,10625.021989821686,0.015747035573122625,11229.796809351166,-0.0538544757128534
2021-07-27,8549.499374059425,1,10625.021989821686,0.0,11229.796809351166,-0.0538544757128534
2021-07-28,6424.494976095088,2,10625.021989821686,0.0,11229.796809351166,-0.0538544757128534
2021-07-29,8516.45219221395,1,10641.456590178288,0.0015467827146471436,11229.796809351166,-0.052390994170345206
2021-07-30,8516.45219221395,1,10641.456590178288,0.0,11229.796809351166,-0.052390994170345206
2021-07-31,8516.45219221395,1,10641.456590178288,0.0,11229.796809351166,-0.052390994170345206
2021-08-01,8516.45219221395,1,10641.456590178288,0.0,11229.796809351166,-0.052390994170345206
2021-08-02,6388.160874178293,2,10641.456590178288,0.0,11229.796809351166,-0.052390994170345206
2021-08-03,2131.578238106978,4,10641.45659017829,2.220446049250313e-16,11229.796809351166,-0.052390994170345095
2021-08-04,8386.667980755088,1,10514.959298790745,-0.01188721584452046,11229.796809351166,-0.06365542695885362
2021-08-05,10472.393472430032,0,10472.393472430032,-0.004048120886745443,11229.796809351166,-0.06744586298217226
2021-08-06,8377.914777944026,1,10472.393472430032,0.0,11229.796809351166,-0.06744586298217226
2021-08-07,8377.914777944026,1,10472.393472430032,0.0,11229.796809351166,-0.06744586298217226
2021-08-08,8377.914777944026,1,10472.393472430032,0.0,11229.796809351166,-0.06744586298217226
2021-08-09,8377.914777944026,1,10472.393472430032,0.0,11229.796809351166,-0.06744586298217226
2021-08-10,6283.43608345802,2,10472.393472430034,2.220446049250313e-16,11229.796809351166,-0.06744586298217203
2021-08-11,8336.025204054306,1,10430.503898540312,-0.004000000000000226,11229.796809351166,-0.07117607953024363
2021-08-12,6249.9244243462435,2,10430.503898540312,0.0,11229.796809351166,-0.07117607953024363
2021-08-13,10502.052079558645,0,10502.052079558645,0.006859513376755055,11229.796809351166,-0.06480479942313122
2021-08-14,10502.052079558645,0,10502.052079558645,0.0,11229.796809351166,-0.06480479942313122
2021-08-15,10502.052079558645,0,10502.052079558645,0.0,11229.796809351166,-0.06480479942313122
2021-08-16,10502.052079558645,0,10502.052079558645,0.0,11229.796809351166,-0.06480479942313122
2021-08-17,10502.052079558645,0,10502.052079558645,0.0,11229.796809351166,-0.06480479942313122
2021-08-18,10502.052079558645,0,10502.052079558645,0.0,11229.796809351166,-0.06480479942313122
2021-08-19,8401.641663646917,1,10502.052079558645,0.0,11229.796809351166,-0.06480479942313122
2021-08-20,8401.641663646917,1,10502.052079558645,0.0,11229.796809351166,-0.06480479942313122
2021-08-21,8401.641663646917,1,10502.052079558645,0.0,11229.796809351166,-0.06480479942313122
2021-08-22,8401.641663646917,1,10502.052079558645,0.0,11229.796809351166,-0.06480479942313122
2021-08-23,8401.641663646917,1,10502.052079558645,0.0,11229.796809351166,-0.06480479942313122
2021-08-24,8468.854796956093,1,10586.068496195116,0.008000000000000007,11229.796809351166,-0.057323237818516115
2021-08-25,6351.64109771707,2,10586.068496195116,0.0,11229.796809351166,-0.057323237818516115
2021-08-26,8426.510522971312,1,10543.724222210334,-0.004000000000000115,11229.796809351166,-0.06109394486724218
2021-08-27,8426.510522971312,1,10543.724222210334,0.0,11229.796809351166,-0.06109394486724218
2021-08-28,8426.510522971312,1,10543.724222210334,0.0,11229.796809351166,-0.06109394486724218
2021-08-29,8426.510522971312,1,10543.724222210334,0.0,11229.796809351166,-0.06109394486724218
2021-08-30,8426.510522971312,1,10543.724222210334,0.0,11229.796809351166,-0.06109394486724218
2021-08-31,10547.350724453827,0,10547.350724453827,0.00034394889007560714,11229.796809351166,-0.06077100917169398
2021-09-01,10547.350724453827,0,10547.350724453827,0.0,11229.796809351166,-0.06077100917169398
2021-09-02,10547.350724453827,0,10547.350724453827,0.0,11229.796809351166,-0.06077100917169398
2021-09-03,10547.350724453827,0,10547.350724453827,0.0,11229.796809351166,-0.06077100917169398
2021-09-04,10547.350724453827,0,10547.350724453827,0.0,11229.796809351166,-0.06077100917169398
2021-09-05,10547.350724453827,0,10547.350724453827,0.0,11229.796809351166,-0.06077100917169398
2021-09-06,10547.350724453827,0,10547.350724453827,0.0,11229.796809351166,-0.06077100917169398
2021-09-07,10547.350724453827,0,10547.350724453827,0.0,11229.796809351166,-0.06077100917169398
2021-09-08,10547.350724453827,0,10547.350724453827,0.0,11229.796809351166,-0.06077100917169398
2021-09-09,10547.350724453827,0,10547.350724453827,0.0,11229.796809351166,-0.06077100917169398
2021-09-10,8437.880579563061,1,10547.350724453827,0.0,11229.796809351166,-0.06077100917169398
2021-09-11,8437.880579563061,1,10547.350724453827,0.0,11229.796809351166,-0.06077100917169398
2021-09-12,8437.880579563061,1,10547.350724453827,0.0,11229.796809351166,-0.06077100917169398
2021-09-13,6328.410434672296,2,10547.350724453827,0.0,11229.796809351166,-0.06077100917169398
2021-09-14,8370.377534926558,1,10462.971918658197,-0.007999999999999896,11229.796809351166,-0.06828484109832034
2021-09-15,4185.18876746328,3,10462.971918658199,2.220446049250313e-16,11229.796809351166,-0.06828484109832023
2021-09-16,4185.18876746328,3,10462.971918658199,0.0,11229.796809351166,-0.06828484109832023
2021-09-17,4185.18876746328,3,10462.971918658199,0.0,11229.796809351166,-0.06828484109832023
2021-09-18,4185.18876746328,3,10462.971918658199,0.0,11229.796809351166,-0.06828484109832023
2021-09-19,4185.18876746328,3,10462.971918658199,0.0,11229.796809351166,-0.06828484109832023
2021-09-20,6202.449753380581,2,10337.4162556343,-0.01200000000000001,11229.796809351166,-0.07946542300514037
2021-09-21,2050.9433851178455,4,10296.066590611763,-0.0040000000000000036,11229.796809351166,-0.08314756131311984
2021-09-22,6210.554287724997,2,10337.25085697421,0.0040000000000000036,11229.796809351166,-0.07948015155837229
2021-09-23,6210.554287724997,2,10337.25085697421,0.0,11229.796809351166,-0.07948015155837229
2021-09-24,6210.554287724997,2,10337.25085697421,0.0,11229.796809351166,-0.07948015155837229
2021-09-25,6210.554287724997,2,10337.25085697421,0.0,11229.796809351166,-0.07948015155837229
2021-09-26,6210.554287724997,2,10337.25085697421,0.0,11229.796809351166,-0.07948015155837229
2021-09-27,8236.68787382932,1,10295.901191951672,-0.00400006400102404,11229.796809351166,-0.08316228986635177
2021-09-28,10285.594623302708,0,10285.594623302708,-0.0010010360877414914,11229.796809351166,-0.08408007750079782
2021-09-29,6171.356773981624,2,10285.594623302708,0.0,11229.796809351166,-0.08408007750079782
2021-09-30,6171.356773981624,2,10285.594623302708,0.0,11229.796809351166,-0.08408007750079782
2021-10-01,6138.442871187057,2,10244.452244809498,-0.0040000000000000036,11229.796809351166,-0.08774375719079464
2021-10-02,6138.442871187057,2,10244.452244809498,0.0,11229.796809351166,-0.08774375719079464
2021-10-03,6138.442871187057,2,10244.452244809498,0.0,11229.796809351166,-0.08774375719079464
2021-10-04,8154.419417354388,1,10203.309866316287,-0.004016064257028051,11229.796809351166,-0.09140743688079134
2021-10-05,8154.419417354388,1,10203.309866316287,0.0,11229.796809351166,-0.09140743688079134
2021-10-06,8154.419417354388,1,10203.309866316287,0.0,11229.796809351166,-0.09140743688079134
2021-10-07,8154.419417354388,1,10203.309866316287,0.0,11229.796809351166,-0.09140743688079134
2021-10-08,10227.748829731276,0,10227.748829731276,0.002395199571039841,11229.796809351166,-0.0892311763633582
2021-10-09,10227.748829731276,0,10227.748829731276,0.0,11229.796809351166,-0.0892311763633582
2021-10-10,10227.748829731276,0,10227.748829731276,0.0,11229.796809351166,-0.0892311763633582
2021-10-11,10227.748829731276,0,10227.748829731276,0.0,11229.796809351166,-0.0892311763633582
2021-10-12,8182.19906378502,1,10227.748829731276,0.0,11229.796809351166,-0.0892311763633582
2021-10-13,10186.83783441235,0,10186.83783441235,-0.0040000000000000036,11229.796809351166,-0.09287425165790475
2021-10-14,8149.47026752988,1,10186.83783441235,0.0,11229.796809351166,-0.09287425165790475
2021-10-15,8149.47026752988,1,10186.83783441235,0.0,11229.796809351166,-0.09287425165790475
2021-10-16,8149.47026752988,1,10186.83783441235,0.0,11229.796809351166,-0.09287425165790475
2021-10-17,8149.47026752988,1,10186.83783441235,0.0,11229.796809351166,-0.09287425165790475
2021-10-18,10268.33253708765,0,10268.33253708765,0.008000000000000007,11229.796809351166,-0.08561724567116791
2021-10-19,10268.33253708765,0,10268.33253708765,0.0,11229.796809351166,-0.08561724567116791
2021-10-20,10268.33253708765,0,10268.33253708765,0.0,11229.796809351166,-0.08561724567116791
2021-10-21,8214.66602967012,1,10268.33253708765,0.0,11229.796809351166,-0.08561724567116791
2021-10-22,10350.479197384351,0,10350.479197384351,0.008000000000000007,11229.796809351166,-0.07830218363653729
2021-10-23,10350.479197384351,0,10350.479197384351,0.0,11229.796809351166,-0.07830218363653729
2021-10-24,10350.479197384351,0,10350.479197384351,0.0,11229.796809351166,-0.07830218363653729
2021-10-25,10350.479197384351,0,10350.479197384351,0.0,11229.796809351166,-0.07830218363653729
2021-10-26,10350.479197384351,0,10350.479197384351,0.0,11229.796809351166,-0.07830218363653729
2021-10-27,10350.479197384351,0,10350.479197384351,0.0,11229.796809351166,-0.07830218363653729
2021-10-28,4140.19167895374,3,10350.479197384353,2.220446049250313e-16,11229.796809351166,-0.07830218363653707
2021-10-29,4140.19167895374,3,10350.479197384353,0.0,11229.796809351166,-0.07830218363653707
2021-10-30,4140.19167895374,3,10350.479197384353,0.0,11229.796809351166,-0.07830218363653707
2021-10-31,4140.19167895374,3,10350.479197384353,0.0,11229.796809351166,-0.07830218363653707
2021-11-01,2070.095839476869,4,10350.479197384351,-2.220446049250313e-16,11229.796809351166,-0.07830218363653729
2021-11-02,2036.9743060452392,4,10309.077280594815,-0.0039999999999998925,11229.796809351166,-0.08198897490199109
2021-11-03,2036.9743060452392,4,10309.077280594815,0.0,11229.796809351166,-0.08198897490199109
2021-11-04,8385.643610668489,1,10447.45906678745,0.013423295065710494,11229.796809351166,-0.06966624203852512
2021-11-05,2117.168170596018,4,10447.45906678745,0.0,11229.796809351166,-0.06966624203852512
2021-11-06,4164.870147686359,3,10405.669230520303,-0.0039999999999997815,11229.796809351166,-0.0733875770703708
2021-11-07,4164.870147686359,3,10405.669230520303,0.0,11229.796809351166,-0.0733875770703708
2021-11-08,4211.529852297068,3,10488.14184876506,0.00792573898109894,11229.796809351166,-0.06604348886958689
2021-11-09,4145.108935985444,3,10404.56217623076,-0.007968968549385336,11229.796809351166,-0.0734861589332787
2021-11-10,6184.4031225266735,2,10362.943927525837,-0.0040000000000000036,11229.796809351166,-0.07719221429754564
2021-11-11,2039.2255515163383,4,10362.943927525837,0.0,11229.796809351166,-0.07719221429754564
2021-11-12,4220.759056059471,3,10446.849062315958,0.008096650466983046,11229.796809351166,-0.06972056220850231
2021-11-13,4220.759056059471,3,10446.849062315958,0.0,11229.796809351166,-0.06972056220850231
2021-11-14,4220.759056059471,3,10446.849062315958,0.0,11229.796809351166,-0.06972056220850231
2021-11-15,4220.759056059471,3,10446.849062315958,0.0,11229.796809351166,-0.06972056220850231
2021-11-16,6314.492169563765,2,10459.6697405741,0.0012272292039126054,11229.796809351166,-0.06857889611464507
2021-11-17,4222.558221448945,3,10459.6697405741,0.0,11229.796809351166,-0.06857889611464507
2021-11-18,8408.78201878276,1,10510.97752347845,0.0049052966467308945,11229.796809351166,-0.06400999929706186
2021-11-19,10468.933613384537,0,10468.933613384537,-0.0039999999999998925,11229.796809351166,-0.0677539592998736
2021-11-20,10468.933613384537,0,10468.933613384537,0.0,11229.796809351166,-0.0677539592998736
2021-11-21,10468.933613384537,0,10468.933613384537,0.0,11229.796809351166,-0.0677539592998736
2021-11-22,4187.573445353814,3,10468.933613384539,2.220446049250313e-16,11229.796809351166,-0.06775395929987338
2021-11-23,2144.037604021152,4,10552.685082291613,0.007999999999999785,11229.796809351166,-0.06029599097427263
2021-11-24,2144.037604021152,4,10552.685082291613,0.0,11229.796809351166,-0.06029599097427263
2021-11-25,2144.037604021152,4,10552.685082291613,0.0,11229.796809351166,-0.06029599097427263
2021-11-26,6264.274868373678,2,10468.59860750891,-0.007968253968253847,11229.796809351166,-0.0677837911731759
2021-11-27,6264.274868373678,2,10468.59860750891,0.0,11229.796809351166,-0.0677837911731759
2021-11-28,6264.274868373678,2,10468.59860750891,0.0,11229.796809351166,-0.0677837911731759
2021-11-29,4170.555146871897,3,10468.59860750891,0.0,11229.796809351166,-0.0677837911731759
2021-11-30,4175.9176414476315,3,10475.21797425967,0.0006323068635005757,11229.796809351166,-0.0671943444660682
2021-12-01,2083.183232060747,4,10442.257383906323,-0.003146530261646241,11229.796809351166,-0.07012944568944046
2021-12-02,6176.548126552026,2,10358.719324835072,-0.008000000000000007,11229.796809351166,-0.0775684101239249
2021-12-03,8354.016636913879,1,10442.468113695144,0.008084859357013752,11229.796809351166,-0.07011068045331026
2021-12-04,8354.016636913879,1,10442.468113695144,0.0,11229.796809351166,-0.07011068045331026
2021-12-05,8354.016636913879,1,10442.468113695144,0.0,11229.796809351166,-0.07011068045331026
2021-12-06,8354.016636913879,1,10442.468113695144,0.0,11229.796809351166,-0.07011068045331026
2021-12-07,10526.006172766394,0,10526.006172766394,0.007999838559400674,11229.796809351166,-0.06267171601882582
2021-12-08,10526.006172766394,0,10526.006172766394,0.0,11229.796809351166,-0.06267171601882582
2021-12-09,10526.006172766394,0,10526.006172766394,0.0,11229.796809351166,-0.06267171601882582
2021-12-10,10526.006172766394,0,10526.006172766394,0.0,11229.796809351166,-0.06267171601882582
2021-12-11,10526.006172766394,0,10526.006172766394,0.0,11229.796809351166,-0.06267171601882582
2021-12-12,10526.006172766394,0,10526.006172766394,0.0,11229.796809351166,-0.06267171601882582
2021-12-13,10526.006172766394,0,10526.006172766394,0.0,11229.796809351166,-0.06267171601882582
2021-12-14,10526.006172766394,0,10526.006172766394,0.0,11229.796809351166,-0.06267171601882582
2021-12-15,8420.804938213116,1,10526.006172766394,0.0,11229.796809351166,-0.06267171601882582
2021-12-16,8420.804938213116,1,10526.006172766394,0.0,11229.796809351166,-0.06267171601882582
2021-12-17,4193.5608592301305,3,10483.902148075327,-0.004000000000000115,11229.796809351166,-0.06642102915475057
2021-12-18,4193.5608592301305,3,10483.902148075327,0.0,11229.796809351166,-0.06642102915475057
2021-12-19,4193.5608592301305,3,10483.902148075327,0.0,11229.796809351166,-0.06642102915475057
2021-12-20,33.54848687383992,5,10567.77336525993,0.008000000000000007,11229.796809351166,-0.05895239738798852
2021-12-21,33.54848687383992,5,10567.77336525993,0.0,11229.796809351166,-0.05895239738798852
2021-12-22,101.18223641150371,5,10652.315552182008,0.007999999999999785,11229.796809351166,-0.05142401656709261
2021-12-23,4462.485530010841,3,10820.057986551215,0.015747039556563536,11229.796809351166,-0.03648675303356841
2021-12-24,4462.485530010841,3,10820.057986551215,0.0,11229.796809351166,-0.03648675303356841
2021-12-25,4462.485530010841,3,10820.057986551215,0.0,11229.796809351166,-0.03648675303356841
2021-12-26,4462.485530010841,3,10820.057986551215,0.0,11229.796809351166,-0.03648675303356841
2021-12-27,4462.485530010841,3,10820.057986551215,0.0,11229.796809351166,-0.03648675303356841
2021-12-28,10875.188745082341,0,10875.188745082341,0.00509523688317115,11229.796809351166,-0.03157742480020109
2021-12-29,10875.188745082341,0,10875.188745082341,0.0,11229.796809351166,-0.03157742480020109
2021-12-30,10875.188745082341,0,10875.188745082341,0.0,11229.796809351166,-0.03157742480020109
2021-12-31,10875.188745082341,0,10875.188745082341,0.0,11229.796809351166,-0.03157742480020109
2022-01-01,10875.188745082341,0,10875.188745082341,0.0,11229.796809351166,-0.03157742480020109
2022-01-02,10875.188745082341,0,10875.188745082341,0.0,11229.796809351166,-0.03157742480020109
2022-01-03,10875.188745082341,0,10875.188745082341,0.0,11229.796809351166,-0.03157742480020109
2022-01-04,6525.113247049405,2,10875.188745082341,0.0,11229.796809351166,-0.03157742480020109
2022-01-05,4315.274894048673,3,10788.18723512168,-0.00800000000000023,11229.796809351166,-0.03932480540179972
2022-01-06,6395.237392980132,2,10658.728988300221,-0.0119999999999999,11229.796809351166,-0.05085290773697804
2022-01-07,10573.45915639382,0,10573.45915639382,-0.008000000000000007,11229.796809351166,-0.05844608447508226
2022-01-08,10573.45915639382,0,10573.45915639382,0.0,11229.796809351166,-0.05844608447508226
2022-01-09,10573.45915639382,0,10573.45915639382,0.0,11229.796809351166,-0.05844608447508226
2022-01-10,8458.767325115055,1,10573.45915639382,0.0,11229.796809351166,-0.05844608447508226
2022-01-11,6318.699191860947,2,10531.165319768246,-0.0039999999999997815,11229.796809351166,-0.06221230013718171
2022-01-12,6318.699191860947,2,10531.165319768246,0.0,11229.796809351166,-0.06221230013718171
2022-01-13,6386.098649907464,2,10615.414642326392,0.008000000000000007,11229.796809351166,-0.05470999853827918
2022-01-14,10530.828322478013,0,10530.828322478013,-0.007968253968253958,11229.796809351166,-0.06224230934357733
2022-01-15,10530.828322478013,0,10530.828322478013,0.0,11229.796809351166,-0.06224230934357733
2022-01-16,10530.828322478013,0,10530.828322478013,0.0,11229.796809351166,-0.06224230934357733
2022-01-17,10530.828322478013,0,10530.828322478013,0.0,11229.796809351166,-0.06224230934357733
2022-01-18,10530.828322478013,0,10530.828322478013,0.0,11229.796809351166,-0.06224230934357733
2022-01-19,6318.496993486809,2,10530.828322478013,0.0,11229.796809351166,-0.06224230934357733
2022-01-20,2089.3163391796365,4,10488.705009188103,-0.0039999999999998925,11229.796809351166,-0.06599334010620284
2022-01-21,6184.106774766671,2,10362.840549077842,-0.012000000000000344,11229.796809351166,-0.07720142002492869
2022-01-22,8215.223522385928,1,10321.38918688153,-0.004000000000000115,11229.796809351166,-0.08089261434482908
2022-01-23,8215.223522385928,1,10321.38918688153,0.0,11229.796809351166,-0.08089261434482908
2022-01-24,6150.945685009621,2,10321.38918688153,0.0,11229.796809351166,-0.08089261434482908
2022-01-25,8173.937965638401,1,10280.103630134003,-0.004000000000000115,11229.796809351166,-0.0845690438874499
2022-01-26,10281.550584232367,0,10281.550584232367,0.0001407528708292638,11229.796809351166,-0.08444019435233097
2022-01-27,10281.550584232367,0,10281.550584232367,0.0,11229.796809351166,-0.08444019435233097
2022-01-28,10281.550584232367,0,10281.550584232367,0.0,11229.796809351166,-0.08444019435233097
2022-01-29,10281.550584232367,0,10281.550584232367,0.0,11229.796809351166,-0.08444019435233097
2022-01-30,10281.550584232367,0,10281.550584232367,0.0,11229.796809351166,-0.08444019435233097
2022-01-31,8225.240467385895,1,10281.55058423237,2.220446049250313e-16,11229.796809351166,-0.08444019435233086
2022-02-01,10363.802988906227,0,10363.802988906227,0.008000000000000007,11229.796809351166,-0.0771157159071496
2022-02-02,10363.802988906227,0,10363.802988906227,0.0,11229.796809351166,-0.0771157159071496
2022-02-03,10363.802988906227,0,10363.802988906227,0.0,11229.796809351166,-0.0771157159071496
2022-02-04,10363.802988906227,0,10363.802988906227,0.0,11229.796809351166,-0.0771157159071496
2022-02-05,10363.802988906227,0,10363.802988906227,0.0,11229.796809351166,-0.0771157159071496
2022-02-06,10363.802988906227,0,10363.802988906227,0.0,11229.796809351166,-0.0771157159071496
2022-02-07,8291.042391124982,1,10363.802988906227,0.0,11229.796809351166,-0.0771157159071496
2022-02-08,10322.347776950603,0,10322.347776950603,-0.0040000000000000036,11229.796809351166,-0.08080725304352099
2022-02-09,10322.347776950603,0,10322.347776950603,0.0,11229.796809351166,-0.08080725304352099
2022-02-10,10322.347776950603,0,10322.347776950603,0.0,11229.796809351166,-0.08080725304352099
2022-02-11,10322.347776950603,0,10322.347776950603,0.0,11229.796809351166,-0.08080725304352099
2022-02-12,10322.347776950603,0,10322.347776950603,0.0,11229.796809351166,-0.08080725304352099
2022-02-13,10322.347776950603,0,10322.347776950603,0.0,11229.796809351166,-0.08080725304352099
2022-02-14,6193.408666170362,2,10322.347776950603,0.0,11229.796809351166,-0.08080725304352099
2022-02-15,8216.58883045268,1,10281.0583858428,-0.0040000000000000036,11229.796809351166,-0.08448402403134692
2022-02-16,8216.58883045268,1,10281.0583858428,0.0,11229.796809351166,-0.08448402403134692
2022-02-17,8216.58883045268,1,10281.0583858428,0.0,11229.796809351166,-0.08448402403134692
2022-02-18,10239.768994734997,0,10239.768994734997,-0.004016064257028162,11229.796809351166,-0.08816079501917284
2022-02-19,10239.768994734997,0,10239.768994734997,0.0,11229.796809351166,-0.08816079501917284
2022-02-20,10239.768994734997,0,10239.768994734997,0.0,11229.796809351166,-0.08816079501917284
2022-02-21,10239.768994734997,0,10239.768994734997,0.0,11229.796809351166,-0.08816079501917284
2022-02-22,10239.768994734997,0,10239.768994734997,0.0,11229.796809351166,-0.08816079501917284
2022-02-23,10239.768994734997,0,10239.768994734997,0.0,11229.796809351166,-0.08816079501917284
2022-02-24,10239.768994734997,0,10239.768994734997,0.0,11229.796809351166,-0.08816079501917284
2022-02-25,10239.768994734997,0,10239.768994734997,0.0,11229.796809351166,-0.08816079501917284
2022-02-26,10239.768994734997,0,10239.768994734997,0.0,11229.796809351166,-0.08816079501917284
2022-02-27,10239.768994734997,0,10239.768994734997,0.0,11229.796809351166,-0.08816079501917284
2022-02-28,10239.768994734997,0,10239.768994734997,0.0,11229.796809351166,-0.08816079501917284
2022-03-01,10239.768994734997,0,10239.768994734997,0.0,11229.796809351166,-0.08816079501917284
2022-03-02,10239.768994734997,0,10239.768994734997,0.0,11229.796809351166,-0.08816079501917284
2022-03-03,10239.768994734997,0,10239.768994734997,0.0,11229.796809351166,-0.08816079501917284
2022-03-04,10239.768994734997,0,10239.768994734997,0.0,11229.796809351166,-0.08816079501917284
2022-03-05,10239.768994734997,0,10239.768994734997,0.0,11229.796809351166,-0.08816079501917284
2022-03-06,10239.768994734997,0,10239.768994734997,0.0,11229.796809351166,-0.08816079501917284
2022-03-07,10239.768994734997,0,10239.768994734997,0.0,11229.796809351166,-0.08816079501917284
2022-03-08,10239.768994734997,0,10239.768994734997,0.0,11229.796809351166,-0.08816079501917284
2022-03-09,10239.768994734997,0,10239.768994734997,0.0,11229.796809351166,-0.08816079501917284
2022-03-10,8191.815195787998,1,10239.768994734997,0.0,11229.796809351166,-0.08816079501917284
2022-03-11,8191.815195787998,1,10239.768994734997,0.0,11229.796809351166,-0.08816079501917284
2022-03-12,8191.815195787998,1,10239.768994734997,0.0,11229.796809351166,-0.08816079501917284
2022-03-13,8191.815195787998,1,10239.768994734997,0.0,11229.796809351166,-0.08816079501917284
2022-03-14,10198.809918756058,0,10198.809918756058,-0.0039999999999998925,11229.796809351166,-0.09180815183909607
2022-03-15,10198.809918756058,0,10198.809918756058,0.0,11229.796809351166,-0.09180815183909607
2022-03-16,10198.809918756058,0,10198.809918756058,0.0,11229.796809351166,-0.09180815183909607
2022-03-17,10198.809918756058,0,10198.809918756058,0.0,11229.796809351166,-0.09180815183909607
2022-03-18,10198.809918756058,0,10198.809918756058,0.0,11229.796809351166,-0.09180815183909607
2022-03-19,10198.809918756058,0,10198.809918756058,0.0,11229.796809351166,-0.09180815183909607
2022-03-20,10198.809918756058,0,10198.809918756058,0.0,11229.796809351166,-0.09180815183909607
2022-03-21,10198.809918756058,0,10198.809918756058,0.0,11229.796809351166,-0.09180815183909607
2022-03-22,10198.809918756058,0,10198.809918756058,0.0,11229.796809351166,-0.09180815183909607
2022-03-23,10198.809918756058,0,10198.809918756058,0.0,11229.796809351166,-0.09180815183909607
2022-03-24,8159.047935004846,1,10198.809918756058,0.0,11229.796809351166,-0.09180815183909607
2022-03-25,10280.400398106107,0,10280.400398106107,0.008000000000000007,11229.796809351166,-0.08454261705380883
2022-03-26,10280.400398106107,0,10280.400398106107,0.0,11229.796809351166,-0.08454261705380883
2022-03-27,10280.400398106107,0,10280.400398106107,0.0,11229.796809351166,-0.08454261705380883
2022-03-28,10280.400398106107,0,10280.400398106107,0.0,11229.796809351166,-0.08454261705380883
2022-03-29,10280.400398106107,0,10280.400398106107,0.0,11229.796809351166,-0.08454261705380883
2022-03-30,8224.320318484886,1,10280.400398106107,0.0,11229.796809351166,-0.08454261705380883
2022-03-31,8224.320318484886,1,10280.400398106107,0.0,11229.796809351166,-0.08454261705380883
2022-04-01,4095.7115186054734,3,10239.278796513685,-0.0039999999999997815,11229.796809351166,-0.08820444658559334
2022-04-02,6102.610162722155,2,10198.321681327629,-0.004000000000000115,11229.796809351166,-0.09185162879925113
2022-04-03,6102.610162722155,2,10198.321681327629,0.0,11229.796809351166,-0.09185162879925113
2022-04-04,6102.610162722155,2,10198.321681327629,0.0,11229.796809351166,-0.09185162879925113
2022-04-05,6102.610162722155,2,10198.321681327629,0.0,11229.796809351166,-0.09185162879925113
2022-04-06,10239.278796513683,0,10239.278796513683,0.004016064257028162,11229.796809351166,-0.08820444658559345
2022-04-07,2047.8557593027363,4,10239.278796513685,2.220446049250313e-16,11229.796809351166,-0.08820444658559334
2022-04-08,8068.551691652782,1,10116.40745095552,-0.012000000000000122,11229.796809351166,-0.09914599322656636
2022-04-09,8068.551691652782,1,10116.40745095552,0.0,11229.796809351166,-0.09914599322656636
2022-04-10,8068.551691652782,1,10116.40745095552,0.0,11229.796809351166,-0.09914599322656636
2022-04-11,10075.450335769465,0,10075.450335769465,-0.004048582995951455,11229.796809351166,-0.10279317544022393
2022-04-12,6045.270201461679,2,10075.450335769465,0.0,11229.796809351166,-0.10279317544022393
2022-04-13,8020.058467272494,1,10035.148534426387,-0.0040000000000000036,11229.796809351166,-0.10638200273846299
2022-04-14,8020.058467272494,1,10035.148534426387,0.0,11229.796809351166,-0.10638200273846299
2022-04-15,8020.058467272494,1,10035.148534426387,0.0,11229.796809351166,-0.10638200273846299
2022-04-16,8020.058467272494,1,10035.148534426387,0.0,11229.796809351166,-0.10638200273846299
2022-04-17,8020.058467272494,1,10035.148534426387,0.0,11229.796809351166,-0.10638200273846299
2022-04-18,8020.058467272494,1,10035.148534426387,0.0,11229.796809351166,-0.10638200273846299
2022-04-19,8020.058467272494,1,10035.148534426387,0.0,11229.796809351166,-0.10638200273846299
2022-04-20,10092.988258735535,0,10092.988258735535,0.005763713821546723,11229.796809351166,-0.1012314443364638
2022-04-21,10092.988258735535,0,10092.988258735535,0.0,11229.796809351166,-0.1012314443364638
2022-04-22,10092.988258735535,0,10092.988258735535,0.0,11229.796809351166,-0.1012314443364638
2022-04-23,10092.988258735535,0,10092.988258735535,0.0,11229.796809351166,-0.1012314443364638
2022-04-24,10092.988258735535,0,10092.988258735535,0.0,11229.796809351166,-0.1012314443364638
2022-04-25,10092.988258735535,0,10092.988258735535,0.0,11229.796809351166,-0.1012314443364638
2022-04-26,10092.988258735535,0,10092.988258735535,0.0,11229.796809351166,-0.1012314443364638
2022-04-27,10092.988258735535,0,10092.988258735535,0.0,11229.796809351166,-0.1012314443364638
2022-04-28,10092.988258735535,0,10092.988258735535,0.0,11229.796809351166,-0.1012314443364638
2022-04-29,10092.988258735535,0,10092.988258735535,0.0,11229.796809351166,-0.1012314443364638
2022-04-30,10092.988258735535,0,10092.988258735535,0.0,11229.796809351166,-0.1012314443364638
2022-05-01,10092.988258735535,0,10092.988258735535,0.0,11229.796809351166,-0.1012314443364638
2022-05-02,8074.390606988428,1,10092.988258735535,0.0,11229.796809351166,-0.1012314443364638
2022-05-03,8042.093044560474,1,10052.616305700592,-0.0040000000000000036,11229.796809351166,-0.10482651855911795
2022-05-04,8042.093044560474,1,10052.616305700592,0.0,11229.796809351166,-0.10482651855911795
2022-05-05,8042.093044560474,1,10052.616305700592,0.0,11229.796809351166,-0.10482651855911795
2022-05-06,8042.093044560474,1,10052.616305700592,0.0,11229.796809351166,-0.10482651855911795
2022-05-07,8042.093044560474,1,10052.616305700592,0.0,11229.796809351166,-0.10482651855911795
2022-05-08,8042.093044560474,1,10052.616305700592,0.0,11229.796809351166,-0.10482651855911795
2022-05-09,6031.569783420355,2,10052.616305700592,0.0,11229.796809351166,-0.10482651855911795
2022-05-10,8070.027167675047,1,10080.550428815166,0.002778791338005515,11229.796809351166,-0.10233901824287783
2022-05-11,8070.027167675047,1,10080.550428815166,0.0,11229.796809351166,-0.10233901824287783
2022-05-12,8070.027167675047,1,10080.550428815166,0.0,11229.796809351166,-0.10233901824287783
2022-05-13,8070.027167675047,1,10080.550428815166,0.0,11229.796809351166,-0.10233901824287783
2022-05-14,8070.027167675047,1,10080.550428815166,0.0,11229.796809351166,-0.10233901824287783
2022-05-15,8070.027167675047,1,10080.550428815166,0.0,11229.796809351166,-0.10233901824287783
2022-05-16,10077.029673012366,0,10077.029673012366,-0.0003492622578163962,11229.796809351166,-0.10265253734411994
2022-05-17,10077.029673012366,0,10077.029673012366,0.0,11229.796809351166,-0.10265253734411994
2022-05-18,10077.029673012366,0,10077.029673012366,0.0,11229.796809351166,-0.10265253734411994
2022-05-19,10077.029673012366,0,10077.029673012366,0.0,11229.796809351166,-0.10265253734411994
2022-05-20,10077.029673012366,0,10077.029673012366,0.0,11229.796809351166,-0.10265253734411994
2022-05-21,10077.029673012366,0,10077.029673012366,0.0,11229.796809351166,-0.10265253734411994
2022-05-22,10077.029673012366,0,10077.029673012366,0.0,11229.796809351166,-0.10265253734411994
2022-05-23,10077.029673012366,0,10077.029673012366,0.0,11229.796809351166,-0.10265253734411994
2022-05-24,10077.029673012366,0,10077.029673012366,0.0,11229.796809351166,-0.10265253734411994
2022-05-25,10077.029673012366,0,10077.029673012366,0.0,11229.796809351166,-0.10265253734411994
2022-05-26,10077.029673012366,0,10077.029673012366,0.0,11229.796809351166,-0.10265253734411994
2022-05-27,10077.029673012366,0,10077.029673012366,0.0,11229.796809351166,-0.10265253734411994
2022-05-28,10077.029673012366,0,10077.029673012366,0.0,11229.796809351166,-0.10265253734411994
2022-05-29,10077.029673012366,0,10077.029673012366,0.0,11229.796809351166,-0.10265253734411994
2022-05-30,10077.029673012366,0,10077.029673012366,0.0,11229.796809351166,-0.10265253734411994
2022-05-31,10077.029673012366,0,10077.029673012366,0.0,11229.796809351166,-0.10265253734411994
2022-06-01,8061.623738409893,1,10077.029673012366,0.0,11229.796809351166,-0.10265253734411994
2022-06-02,8061.623738409893,1,10077.029673012366,0.0,11229.796809351166,-0.10265253734411994
2022-06-03,6046.21780380742,2,10077.029673012366,0.0,11229.796809351166,-0.10265253734411994
2022-06-04,6046.21780380742,2,10077.029673012366,0.0,11229.796809351166,-0.10265253734411994
2022-06-05,6046.21780380742,2,10077.029673012366,0.0,11229.796809351166,-0.10265253734411994
2022-06-06,8142.239975793992,1,10157.645910396466,0.008000000000000007,11229.796809351166,-0.0954737576428728
2022-06-07,8142.239975793992,1,10157.645910396466,0.0,11229.796809351166,-0.0954737576428728
2022-06-08,10207.8229479304,0,10207.8229479304,0.004939829363669324,11229.796809351166,-0.09100555235066754
2022-06-09,10207.8229479304,0,10207.8229479304,0.0,11229.796809351166,-0.09100555235066754
2022-06-10,10207.8229479304,0,10207.8229479304,0.0,11229.796809351166,-0.09100555235066754
2022-06-11,10207.8229479304,0,10207.8229479304,0.0,11229.796809351166,-0.09100555235066754
2022-06-12,10207.8229479304,0,10207.8229479304,0.0,11229.796809351166,-0.09100555235066754
2022-06-13,10207.8229479304,0,10207.8229479304,0.0,11229.796809351166,-0.09100555235066754
2022-06-14,10207.8229479304,0,10207.8229479304,0.0,11229.796809351166,-0.09100555235066754
2022-06-15,10207.8229479304,0,10207.8229479304,0.0,11229.796809351166,-0.09100555235066754
2022-06-16,10207.8229479304,0,10207.8229479304,0.0,11229.796809351166,-0.09100555235066754
2022-06-17,10207.8229479304,0,10207.8229479304,0.0,11229.796809351166,-0.09100555235066754
2022-06-18,10207.8229479304,0,10207.8229479304,0.0,11229.796809351166,-0.09100555235066754
2022-06-19,10207.8229479304,0,10207.8229479304,0.0,11229.796809351166,-0.09100555235066754
2022-06-20,10207.8229479304,0,10207.8229479304,0.0,11229.796809351166,-0.09100555235066754
2022-06-21,10207.8229479304,0,10207.8229479304,0.0,11229.796809351166,-0.09100555235066754
2022-06-22,10207.8229479304,0,10207.8229479304,0.0,11229.796809351166,-0.09100555235066754
2022-06-23,10207.8229479304,0,10207.8229479304,0.0,11229.796809351166,-0.09100555235066754
2022-06-24,10207.8229479304,0,10207.8229479304,0.0,11229.796809351166,-0.09100555235066754
2022-06-25,10207.8229479304,0,10207.8229479304,0.0,11229.796809351166,-0.09100555235066754
2022-06-26,10207.8229479304,0,10207.8229479304,0.0,11229.796809351166,-0.09100555235066754
2022-06-27,10207.8229479304,0,10207.8229479304,0.0,11229.796809351166,-0.09100555235066754
2022-06-28,10207.8229479304,0,10207.8229479304,0.0,11229.796809351166,-0.09100555235066754
2022-06-29,8166.258358344319,1,10207.8229479304,0.0,11229.796809351166,-0.09100555235066754
2022-06-30,8166.258358344319,1,10207.8229479304,0.0,11229.796809351166,-0.09100555235066754
2022-07-01,10166.991656138678,0,10166.991656138678,-0.0039999999999998925,11229.796809351166,-0.09464153014126486
2022-07-02,10166.991656138678,0,10166.991656138678,0.0,11229.796809351166,-0.09464153014126486
2022-07-03,10166.991656138678,0,10166.991656138678,0.0,11229.796809351166,-0.09464153014126486
2022-07-04,10166.991656138678,0,10166.991656138678,0.0,11229.796809351166,-0.09464153014126486
2022-07-05,10166.991656138678,0,10166.991656138678,0.0,11229.796809351166,-0.09464153014126486
2022-07-06,10166.991656138678,0,10166.991656138678,0.0,11229.796809351166,-0.09464153014126486
2022-07-07,10166.991656138678,0,10166.991656138678,0.0,11229.796809351166,-0.09464153014126486
2022-07-08,10166.991656138678,0,10166.991656138678,0.0,11229.796809351166,-0.09464153014126486
2022-07-09,10166.991656138678,0,10166.991656138678,0.0,11229.796809351166,-0.09464153014126486
2022-07-10,10166.991656138678,0,10166.991656138678,0.0,11229.796809351166,-0.09464153014126486
2022-07-11,10166.991656138678,0,10166.991656138678,0.0,11229.796809351166,-0.09464153014126486
2022-07-12,10166.991656138678,0,10166.991656138678,0.0,11229.796809351166,-0.09464153014126486
2022-07-13,8133.593324910942,1,10166.991656138678,0.0,11229.796809351166,-0.09464153014126486
2022-07-14,8133.593324910942,1,10166.991656138678,0.0,11229.796809351166,-0.09464153014126486
2022-07-15,8133.593324910942,1,10166.991656138678,0.0,11229.796809351166,-0.09464153014126486
2022-07-16,8133.593324910942,1,10166.991656138678,0.0,11229.796809351166,-0.09464153014126486
2022-07-17,8133.593324910942,1,10166.991656138678,0.0,11229.796809351166,-0.09464153014126486
2022-07-18,8133.593324910942,1,10166.991656138678,0.0,11229.796809351166,-0.09464153014126486
2022-07-19,8198.662071510229,1,10248.327589387787,0.008000000000000007,11229.796809351166,-0.08739866238239502
2022-07-20,8198.662071510229,1,10248.327589387787,0.0,11229.796809351166,-0.08739866238239502
2022-07-21,8165.867423224188,1,10207.334279030236,-0.0040000000000000036,11229.796809351166,-0.09104906773286547
2022-07-22,8165.867423224188,1,10207.334279030236,0.0,11229.796809351166,-0.09104906773286547
2022-07-23,8165.867423224188,1,10207.334279030236,0.0,11229.796809351166,-0.09104906773286547
2022-07-24,8165.867423224188,1,10207.334279030236,0.0,11229.796809351166,-0.09104906773286547
2022-07-25,8165.867423224188,1,10207.334279030236,0.0,11229.796809351166,-0.09104906773286547
2022-07-26,8165.867423224188,1,10207.334279030236,0.0,11229.796809351166,-0.09104906773286547
2022-07-27,2041.4668558060464,4,10207.334279030234,-2.220446049250313e-16,11229.796809351166,-0.09104906773286559
2022-07-28,8288.355434572552,1,10329.822290378599,0.012000000000000233,11229.796809351166,-0.08014165654565975
2022-07-29,10411.48096461084,0,10411.48096461084,0.007905138339920903,11229.796809351166,-0.0728700490875227
2022-07-30,10411.48096461084,0,10411.48096461084,0.0,11229.796809351166,-0.0728700490875227
2022-07-31,10411.48096461084,0,10411.48096461084,0.0,11229.796809351166,-0.0728700490875227
2022-08-01,10411.48096461084,0,10411.48096461084,0.0,11229.796809351166,-0.0728700490875227
2022-08-02,10411.48096461084,0,10411.48096461084,0.0,11229.796809351166,-0.0728700490875227
2022-08-03,8329.184771688673,1,10411.48096461084,0.0,11229.796809351166,-0.0728700490875227
2022-08-04,10494.772812327728,0,10494.772812327728,0.008000000000000007,11229.796809351166,-0.06545300948022281
2022-08-05,8395.818249862183,1,10494.772812327728,0.0,11229.796809351166,-0.06545300948022281
2022-08-06,8395.818249862183,1,10494.772812327728,0.0,11229.796809351166,-0.06545300948022281
2022-08-07,8395.818249862183,1,10494.772812327728,0.0,11229.796809351166,-0.06545300948022281
2022-08-08,8395.818249862183,1,10494.772812327728,0.0,11229.796809351166,-0.06545300948022281
2022-08-09,8395.818249862183,1,10494.772812327728,0.0,11229.796809351166,-0.06545300948022281
2022-08-10,2098.9545624655457,4,10494.772812327728,0.0,11229.796809351166,-0.06545300948022281
2022-08-11,4281.867307429713,3,10578.73099482635,0.008000000000000007,11229.796809351166,-0.05797663355606464
2022-08-12,4281.867307429713,3,10578.73099482635,0.0,11229.796809351166,-0.05797663355606464
2022-08-13,4281.867307429713,3,10578.73099482635,0.0,11229.796809351166,-0.05797663355606464
2022-08-14,4281.867307429713,3,10578.73099482635,0.0,11229.796809351166,-0.05797663355606464
2022-08-15,6464.78005239388,2,10662.689177324972,0.007936507936507908,11229.796809351166,-0.050500257631906464
2022-08-16,6464.78005239388,2,10662.689177324972,0.0,11229.796809351166,-0.050500257631906464
2022-08-17,10618.479013632896,0,10618.479013632896,-0.004146248939347563,11229.796809351166,-0.05443711993161093
2022-08-18,8494.783210906317,1,10618.479013632896,0.0,11229.796809351166,-0.05443711993161093
2022-08-19,8494.783210906317,1,10618.479013632896,0.0,11229.796809351166,-0.05443711993161093
2022-08-20,8494.783210906317,1,10618.479013632896,0.0,11229.796809351166,-0.05443711993161093
2022-08-21,8494.783210906317,1,10618.479013632896,0.0,11229.796809351166,-0.05443711993161093
2022-08-22,4230.402039031345,3,10576.005097578363,-0.004000000000000115,11229.796809351166,-0.058219371451884494
2022-08-23,2115.2010195156727,4,10576.005097578363,0.0,11229.796809351166,-0.058219371451884494
2022-08-24,4188.0980186410325,3,10533.70107718805,-0.0039999999999998925,11229.796809351166,-0.061986493966076917
2022-08-25,4188.0980186410325,3,10533.70107718805,0.0,11229.796809351166,-0.061986493966076917
2022-08-26,8333.892016891752,1,10449.093036407425,-0.008032128514056103,11229.796809351166,-0.06952073899446176
2022-08-27,8333.892016891752,1,10449.093036407425,0.0,11229.796809351166,-0.06952073899446176
2022-08-28,8333.892016891752,1,10449.093036407425,0.0,11229.796809351166,-0.06952073899446176
2022-08-29,10406.789016017112,0,10406.789016017112,-0.004048582995951344,11229.796809351166,-0.07328786150865418
2022-08-30,10406.789016017112,0,10406.789016017112,0.0,11229.796809351166,-0.07328786150865418
2022-08-31,4162.715606406846,3,10406.789016017114,2.220446049250313e-16,11229.796809351166,-0.07328786150865396
2022-09-01,8242.176900685554,1,10323.534703888976,-0.008000000000000118,11229.796809351166,-0.08070155861658479
2022-09-02,8242.176900685554,1,10323.534703888976,0.0,11229.796809351166,-0.08070155861658479
2022-09-03,8242.176900685554,1,10323.534703888976,0.0,11229.796809351166,-0.08070155861658479
2022-09-04,8242.176900685554,1,10323.534703888976,0.0,11229.796809351166,-0.08070155861658479
2022-09-05,8242.176900685554,1,10323.534703888976,0.0,11229.796809351166,-0.08070155861658479
2022-09-06,6177.4699599077585,2,10323.534703888978,2.220446049250313e-16,11229.796809351166,-0.08070155861658468
2022-09-07,8217.200607047112,1,10281.907547824907,-0.0040322580645163475,11229.796809351166,-0.0844084071705502
2022-09-08,8217.200607047112,1,10281.907547824907,0.0,11229.796809351166,-0.0844084071705502
2022-09-09,8217.200607047112,1,10281.907547824907,0.0,11229.796809351166,-0.0844084071705502
2022-09-10,8217.200607047112,1,10281.907547824907,0.0,11229.796809351166,-0.0844084071705502
2022-09-11,8217.200607047112,1,10281.907547824907,0.0,11229.796809351166,-0.0844084071705502
2022-09-12,8217.200607047112,1,10281.907547824907,0.0,11229.796809351166,-0.0844084071705502
2022-09-13,10258.4035358119,0,10258.4035358119,-0.0022859583111092263,11229.796809351166,-0.08650141138176048
2022-09-14,10258.4035358119,0,10258.4035358119,0.0,11229.796809351166,-0.08650141138176048
2022-09-15,10258.4035358119,0,10258.4035358119,0.0,11229.796809351166,-0.08650141138176048
2022-09-16,8206.72282864952,1,10258.4035358119,0.0,11229.796809351166,-0.08650141138176048
2022-09-17,8206.72282864952,1,10258.4035358119,0.0,11229.796809351166,-0.08650141138176048
2022-09-18,8206.72282864952,1,10258.4035358119,0.0,11229.796809351166,-0.08650141138176048
2022-09-19,8206.72282864952,1,10258.4035358119,0.0,11229.796809351166,-0.08650141138176048
2022-09-20,8206.72282864952,1,10258.4035358119,0.0,11229.796809351166,-0.08650141138176048
2022-09-21,8206.72282864952,1,10258.4035358119,0.0,11229.796809351166,-0.08650141138176048
2022-09-22,8173.895937334921,1,10217.369921668651,-0.004000000000000115,11229.796809351166,-0.0901554057362336
2022-09-23,10176.500441981976,0,10176.500441981976,-0.0040000000000000036,11229.796809351166,-0.09379478411328868
2022-09-24,10176.500441981976,0,10176.500441981976,0.0,11229.796809351166,-0.09379478411328868
2022-09-25,10176.500441981976,0,10176.500441981976,0.0,11229.796809351166,-0.09379478411328868
2022-09-26,10176.500441981976,0,10176.500441981976,0.0,11229.796809351166,-0.09379478411328868
2022-09-27,10176.500441981976,0,10176.500441981976,0.0,11229.796809351166,-0.09379478411328868
2022-09-28,10176.500441981976,0,10176.500441981976,0.0,11229.796809351166,-0.09379478411328868
2022-09-29,10176.500441981976,0,10176.500441981976,0.0,11229.796809351166,-0.09379478411328868
2022-09-30,10176.500441981976,0,10176.500441981976,0.0,11229.796809351166,-0.09379478411328868
2022-10-01,10176.500441981976,0,10176.500441981976,0.0,11229.796809351166,-0.09379478411328868
2022-10-02,10176.500441981976,0,10176.500441981976,0.0,11229.796809351166,-0.09379478411328868
2022-10-03,10176.500441981976,0,10176.500441981976,0.0,11229.796809351166,-0.09379478411328868
2022-10-04,10176.500441981976,0,10176.500441981976,0.0,11229.796809351166,-0.09379478411328868
2022-10-05,10176.500441981976,0,10176.500441981976,0.0,11229.796809351166,-0.09379478411328868
2022-10-06,10176.500441981976,0,10176.500441981976,0.0,11229.796809351166,-0.09379478411328868
2022-10-07,10176.500441981976,0,10176.500441981976,0.0,11229.796809351166,-0.09379478411328868
2022-10-08,10176.500441981976,0,10176.500441981976,0.0,11229.796809351166,-0.09379478411328868
2022-10-09,10176.500441981976,0,10176.500441981976,0.0,11229.796809351166,-0.09379478411328868
2022-10-10,10176.500441981976,0,10176.500441981976,0.0,11229.796809351166,-0.09379478411328868
2022-10-11,10176.500441981976,0,10176.500441981976,0.0,11229.796809351166,-0.09379478411328868
2022-10-12,10176.500441981976,0,10176.500441981976,0.0,11229.796809351166,-0.09379478411328868
2022-10-13,10176.500441981976,0,10176.500441981976,0.0,11229.796809351166,-0.09379478411328868
2022-10-14,10176.500441981976,0,10176.500441981976,0.0,11229.796809351166,-0.09379478411328868
2022-10-15,10176.500441981976,0,10176.500441981976,0.0,11229.796809351166,-0.09379478411328868
2022-10-16,10176.500441981976,0,10176.500441981976,0.0,11229.796809351166,-0.09379478411328868
2022-10-17,10176.500441981976,0,10176.500441981976,0.0,11229.796809351166,-0.09379478411328868
2022-10-18,10176.500441981976,0,10176.500441981976,0.0,11229.796809351166,-0.09379478411328868
2022-10-19,10176.500441981976,0,10176.500441981976,0.0,11229.796809351166,-0.09379478411328868
2022-10-20,10176.500441981976,0,10176.500441981976,0.0,11229.796809351166,-0.09379478411328868
2022-10-21,10176.500441981976,0,10176.500441981976,0.0,11229.796809351166,-0.09379478411328868
2022-10-22,10176.500441981976,0,10176.500441981976,0.0,11229.796809351166,-0.09379478411328868
2022-10-23,10176.500441981976,0,10176.500441981976,0.0,11229.796809351166,-0.09379478411328868
2022-10-24,10176.500441981976,0,10176.500441981976,0.0,11229.796809351166,-0.09379478411328868
2022-10-25,10176.500441981976,0,10176.500441981976,0.0,11229.796809351166,-0.09379478411328868
2022-10-26,10176.500441981976,0,10176.500441981976,0.0,11229.796809351166,-0.09379478411328868
2022-10-27,10176.500441981976,0,10176.500441981976,0.0,11229.796809351166,-0.09379478411328868
2022-10-28,10176.500441981976,0,10176.500441981976,0.0,11229.796809351166,-0.09379478411328868
2022-10-29,10176.500441981976,0,10176.500441981976,0.0,11229.796809351166,-0.09379478411328868
2022-10-30,10176.500441981976,0,10176.500441981976,0.0,11229.796809351166,-0.09379478411328868
2022-10-31,8141.200353585581,1,10176.500441981976,0.0,11229.796809351166,-0.09379478411328868
2022-11-01,8141.200353585581,1,10176.500441981976,0.0,11229.796809351166,-0.09379478411328868
2022-11-02,6105.900265189186,2,10176.500441981976,0.0,11229.796809351166,-0.09379478411328868
2022-11-03,6105.900265189186,2,10176.500441981976,0.0,11229.796809351166,-0.09379478411328868
2022-11-04,4070.600176792791,3,10176.500441981978,2.220446049250313e-16,11229.796809351166,-0.09379478411328845
2022-11-05,4070.600176792791,3,10176.500441981978,0.0,11229.796809351166,-0.09379478411328845
2022-11-06,4070.600176792791,3,10176.500441981978,0.0,11229.796809351166,-0.09379478411328845
2022-11-07,6146.979645005751,2,10217.579821798541,0.004036690220843964,11229.796809351166,-0.09013671438024073
2022-11-08,8263.691736938003,1,10298.991825334399,0.007967836313073962,11229.796809351166,-0.08288707265314699
2022-11-09,8263.691736938003,1,10298.991825334399,0.0,11229.796809351166,-0.08288707265314699
2022-11-10,10380.403828870254,0,10380.403828870254,0.007904851748264496,11229.796809351166,-0.07563743092605324
2022-11-11,10380.403828870254,0,10380.403828870254,0.0,11229.796809351166,-0.07563743092605324
2022-11-12,10380.403828870254,0,10380.403828870254,0.0,11229.796809351166,-0.07563743092605324
2022-11-13,10380.403828870254,0,10380.403828870254,0.0,11229.796809351166,-0.07563743092605324
2022-11-14,4152.161531548099,3,10380.403828870252,-2.220446049250313e-16,11229.796809351166,-0.07563743092605346
2022-11-15,2076.080765774049,4,10380.403828870254,2.220446049250313e-16,11229.796809351166,-0.07563743092605324
2022-11-16,2076.080765774049,4,10380.403828870254,0.0,11229.796809351166,-0.07563743092605324
2022-11-17,2076.080765774049,4,10380.403828870254,0.0,11229.796809351166,-0.07563743092605324
2022-11-18,4235.2047621790625,3,10463.447059501215,0.008000000000000007,11229.796809351166,-0.06824253037346173
2022-11-19,4235.2047621790625,3,10463.447059501215,0.0,11229.796809351166,-0.06824253037346173
2022-11-20,4235.2047621790625,3,10463.447059501215,0.0,11229.796809351166,-0.06824253037346173
2022-11-21,10700.994420838653,0,10700.994420838653,0.0227025912193759,11229.796809351166,-0.04708922142493033
2022-11-22,8560.795536670923,1,10700.994420838653,0.0,11229.796809351166,-0.04708922142493033
2022-11-23,8560.795536670923,1,10700.994420838653,0.0,11229.796809351166,-0.04708922142493033
2022-11-24,8560.795536670923,1,10700.994420838653,0.0,11229.796809351166,-0.04708922142493033
2022-11-25,8560.795536670923,1,10700.994420838653,0.0,11229.796809351166,-0.04708922142493033
2022-11-26,8560.795536670923,1,10700.994420838653,0.0,11229.796809351166,-0.04708922142493033
2022-11-27,8560.795536670923,1,10700.994420838653,0.0,11229.796809351166,-0.04708922142493033
2022-11-28,8560.795536670923,1,10700.994420838653,0.0,11229.796809351166,-0.04708922142493033
2022-11-29,2140.1988841677303,4,10700.994420838655,2.220446049250313e-16,11229.796809351166,-0.047089221424930106
2022-11-30,6463.400630186547,2,10743.798398522009,0.0040000000000000036,11229.796809351166,-0.04327757831062995
2022-12-01,8689.207469720986,1,10829.406353888717,0.007968127490039612,11229.796809351166,-0.035654292082029526
2022-12-02,6523.326198943243,2,10829.406353888717,0.0,11229.796809351166,-0.035654292082029526
2022-12-03,6523.326198943243,2,10829.406353888717,0.0,11229.796809351166,-0.035654292082029526
2022-12-04,6523.326198943243,2,10829.406353888717,0.0,11229.796809351166,-0.035654292082029526
2022-12-05,10743.284750789808,0,10743.284750789808,-0.007952569169960455,11229.796809351166,-0.0433233180280016
2022-12-06,4297.313900315923,3,10743.284750789808,0.0,11229.796809351166,-0.0433233180280016
2022-12-07,2122.873066756064,4,10614.36533378033,-0.01200000000000001,11229.796809351166,-0.05480343821166567
2022-12-08,6538.449045608681,2,10784.195179120812,0.015999999999999792,11229.796809351166,-0.039680293223052554
2022-12-09,6538.449045608681,2,10784.195179120812,0.0,11229.796809351166,-0.039680293223052554
2022-12-10,6538.449045608681,2,10784.195179120812,0.0,11229.796809351166,-0.039680293223052554
2022-12-11,6538.449045608681,2,10784.195179120812,0.0,11229.796809351166,-0.039680293223052554
2022-12-12,4398.592994318567,3,10869.110101791057,0.007874015748031704,11229.796809351166,-0.032118720728745664
2022-12-13,6606.380983744876,2,10954.025024461298,0.007812499999999778,11229.796809351166,-0.024557148234439108
2022-12-14,4415.575978852617,3,10954.025024461298,0.0,11229.796809351166,-0.024557148234439108
2022-12-15,6545.921558803664,2,10910.548584054135,-0.003968992248061909,11229.796809351166,-0.028428673351523992
2022-12-16,6502.852710025316,2,10867.07214364697,-0.003984807919805822,11229.796809351166,-0.0323001984686091
2022-12-17,8632.798850180123,1,10823.603855072382,-0.0040000000000000036,11229.796809351166,-0.03617099767473464
2022-12-18,8632.798850180123,1,10823.603855072382,0.0,11229.796809351166,-0.03617099767473464
2022-12-19,4303.3573081511695,3,10823.603855072382,0.0,11229.796809351166,-0.03617099767473464
2022-12-20,4303.3573081511695,3,10823.603855072382,0.0,11229.796809351166,-0.03617099767473464
2022-12-21,6549.0833996361125,2,10878.524941665066,0.005074195926613179,11229.796809351166,-0.03128034047718409
2022-12-22,6549.0833996361125,2,10878.524941665066,0.0,11229.796809351166,-0.03128034047718409
2022-12-23,6549.0833996361125,2,10878.524941665066,0.0,11229.796809351166,-0.03128034047718409
2022-12-24,6549.0833996361125,2,10878.524941665066,0.0,11229.796809351166,-0.03128034047718409
2022-12-25,6549.0833996361125,2,10878.524941665066,0.0,11229.796809351166,-0.03128034047718409
2022-12-26,6549.0833996361125,2,10878.524941665066,0.0,11229.796809351166,-0.03128034047718409
2022-12-27,10959.85332434298,0,10959.85332434298,0.007476048739514685,11229.796809351166,-0.024038145087665552
2022-12-28,10959.85332434298,0,10959.85332434298,0.0,11229.796809351166,-0.024038145087665552
2022-12-29,10959.85332434298,0,10959.85332434298,0.0,11229.796809351166,-0.024038145087665552
2022-12-30,10959.85332434298,0,10959.85332434298,0.0,11229.796809351166,-0.024038145087665552
2022-12-31,10959.85332434298,0,10959.85332434298,0.0,11229.796809351166,-0.024038145087665552
2023-01-01,10959.85332434298,0,10959.85332434298,0.0,11229.796809351166,-0.024038145087665552
2023-01-02,10959.85332434298,0,10959.85332434298,0.0,11229.796809351166,-0.024038145087665552
2023-01-03,10959.85332434298,0,10959.85332434298,0.0,11229.796809351166,-0.024038145087665552
2023-01-04,10959.85332434298,0,10959.85332434298,0.0,11229.796809351166,-0.024038145087665552
2023-01-05,8767.882659474384,1,10959.853324342981,2.220446049250313e-16,11229.796809351166,-0.02403814508766544
2023-01-06,6575.911994605787,2,10959.85332434298,-1.1102230246251565e-16,11229.796809351166,-0.024038145087665552
2023-01-07,6575.911994605787,2,10959.85332434298,0.0,11229.796809351166,-0.024038145087665552
2023-01-08,6575.911994605787,2,10959.85332434298,0.0,11229.796809351166,-0.024038145087665552
2023-01-09,11003.692737640351,0,11003.692737640351,0.0040000000000000036,11229.796809351166,-0.02013429766801622
2023-01-10,4401.4770950561415,3,11003.692737640353,2.220446049250313e-16,11229.796809351166,-0.02013429766801611
2023-01-11,8714.92464821116,1,10915.66319573923,-0.008000000000000118,11229.796809351166,-0.027973223286672066
2023-01-12,8714.92464821116,1,10915.66319573923,0.0,11229.796809351166,-0.027973223286672066
2023-01-13,8714.92464821116,1,10915.66319573923,0.0,11229.796809351166,-0.027973223286672066
2023-01-14,8714.92464821116,1,10915.66319573923,0.0,11229.796809351166,-0.027973223286672066
2023-01-15,8714.92464821116,1,10915.66319573923,0.0,11229.796809351166,-0.027973223286672066
2023-01-16,8714.92464821116,1,10915.66319573923,0.0,11229.796809351166,-0.027973223286672066
2023-01-17,8714.92464821116,1,10915.66319573923,0.0,11229.796809351166,-0.027973223286672066
2023-01-18,10880.430603151552,0,10880.430603151552,-0.003227709755778241,11229.796809351166,-0.03111064359674731
2023-01-19,2176.0861206303093,4,10880.43060315155,-2.220446049250313e-16,11229.796809351166,-0.031110643596747534
2023-01-20,2123.8600537351817,4,10793.387158326337,-0.008000000000000007,11229.796809351166,-0.03886175844797357
2023-01-21,4239.363936767144,3,10750.213609693032,-0.0040000000000000036,11229.796809351166,-0.042706311414181686
2023-01-22,4239.363936767144,3,10750.213609693032,0.0,11229.796809351166,-0.042706311414181686
2023-01-23,6502.493502222667,2,10837.257054518246,0.008096903744008399,11229.796809351166,-0.034955196562955426
2023-01-24,8747.518031154546,1,10923.604151784857,0.007967615498297276,11229.796809351166,-0.027266090630539197
2023-01-25,8747.518031154546,1,10923.604151784857,0.0,11229.796809351166,-0.027266090630539197
2023-01-26,8798.833035272051,1,10998.541294090064,0.006860111485545106,11229.796809351166,-0.020593027566494615
2023-01-27,8798.833035272051,1,10998.541294090064,0.0,11229.796809351166,-0.020593027566494615
2023-01-28,8798.833035272051,1,10998.541294090064,0.0,11229.796809351166,-0.020593027566494615
2023-01-29,8798.833035272051,1,10998.541294090064,0.0,11229.796809351166,-0.020593027566494615
2023-01-30,8798.833035272051,1,10998.541294090064,0.0,11229.796809351166,-0.020593027566494615
2023-01-31,8798.833035272051,1,10998.541294090064,0.0,11229.796809351166,-0.020593027566494615
2023-02-01,8869.223699554228,1,11086.529624442785,0.008000000000000007,11229.796809351166,-0.01275777178702664
2023-02-02,11042.183505945013,0,11042.183505945013,-0.0040000000000000036,11229.796809351166,-0.01670674069987854
2023-02-03,11042.183505945013,0,11042.183505945013,0.0,11229.796809351166,-0.01670674069987854
2023-02-04,11042.183505945013,0,11042.183505945013,0.0,11229.796809351166,-0.01670674069987854
2023-02-05,11042.183505945013,0,11042.183505945013,0.0,11229.796809351166,-0.01670674069987854
2023-02-06,8833.74680475601,1,11042.183505945013,0.0,11229.796809351166,-0.01670674069987854
2023-02-07,8833.74680475601,1,11042.183505945013,0.0,11229.796809351166,-0.01670674069987854
2023-02-08,8833.74680475601,1,11042.183505945013,0.0,11229.796809351166,-0.01670674069987854
2023-02-09,6625.310103567008,2,11042.183505945013,0.0,11229.796809351166,-0.01670674069987854
2023-02-10,8789.57807073223,1,10998.014771921233,-0.0040000000000000036,11229.796809351166,-0.020639913737079074
2023-02-11,8789.57807073223,1,10998.014771921233,0.0,11229.796809351166,-0.020639913737079074
2023-02-12,8789.57807073223,1,10998.014771921233,0.0,11229.796809351166,-0.020639913737079074
2023-02-13,4390.372161963736,3,10998.014771921233,0.0,11229.796809351166,-0.020639913737079074
2023-02-14,6545.983057260298,2,10954.022712833546,-0.004000000000000115,11229.796809351166,-0.02455735408213089
2023-02-15,6545.983057260298,2,10954.022712833546,0.0,11229.796809351166,-0.02455735408213089
2023-02-16,8749.218597449535,1,10948.821551833782,-0.00047481743795096953,11229.796809351166,-0.025020511260133715
2023-02-17,10904.829492746096,0,10904.829492746096,-0.0040179720602276925,11229.796809351166,-0.02893795160518553
2023-02-18,10904.829492746096,0,10904.829492746096,0.0,11229.796809351166,-0.02893795160518553
2023-02-19,10904.829492746096,0,10904.829492746096,0.0,11229.796809351166,-0.02893795160518553
2023-02-20,10904.829492746096,0,10904.829492746096,0.0,11229.796809351166,-0.02893795160518553
2023-02-21,8723.863594196877,1,10904.829492746096,0.0,11229.796809351166,-0.02893795160518553
2023-02-22,8723.863594196877,1,10904.829492746096,0.0,11229.796809351166,-0.02893795160518553
2023-02-23,6542.897695647658,2,10904.829492746096,0.0,11229.796809351166,-0.02893795160518553
2023-02-24,8680.244276225894,1,10861.210174775113,-0.0039999999999997815,11229.796809351166,-0.03282219979876455
2023-02-25,8680.244276225894,1,10861.210174775113,0.0,11229.796809351166,-0.03282219979876455
2023-02-26,8680.244276225894,1,10861.210174775113,0.0,11229.796809351166,-0.03282219979876455
2023-02-27,8680.244276225894,1,10861.210174775113,0.0,11229.796809351166,-0.03282219979876455
2023-02-28,10843.496271267932,0,10843.496271267932,-0.0016309327618317937,11229.796809351166,-0.034399601759629195
2023-03-01,10843.496271267932,0,10843.496271267932,0.0,11229.796809351166,-0.034399601759629195
2023-03-02,10843.496271267932,0,10843.496271267932,0.0,11229.796809351166,-0.034399601759629195
2023-03-03,10843.496271267932,0,10843.496271267932,0.0,11229.796809351166,-0.034399601759629195
2023-03-04,10843.496271267932,0,10843.496271267932,0.0,11229.796809351166,-0.034399601759629195
2023-03-05,10843.496271267932,0,10843.496271267932,0.0,11229.796809351166,-0.034399601759629195
2023-03-06,10843.496271267932,0,10843.496271267932,0.0,11229.796809351166,-0.034399601759629195
2023-03-07,10843.496271267932,0,10843.496271267932,0.0,11229.796809351166,-0.034399601759629195
2023-03-08,10843.496271267932,0,10843.496271267932,0.0,11229.796809351166,-0.034399601759629195
2023-03-09,10843.496271267932,0,10843.496271267932,0.0,11229.796809351166,-0.034399601759629195
2023-03-10,10843.496271267932,0,10843.496271267932,0.0,11229.796809351166,-0.034399601759629195
2023-03-11,10843.496271267932,0,10843.496271267932,0.0,11229.796809351166,-0.034399601759629195
2023-03-12,10843.496271267932,0,10843.496271267932,0.0,11229.796809351166,-0.034399601759629195
2023-03-13,8674.797017014345,1,10843.496271267932,0.0,11229.796809351166,-0.034399601759629195
2023-03-14,10930.244241438075,0,10930.244241438075,0.008000000000000007,11229.796809351166,-0.02667479857370625
2023-03-15,10930.244241438075,0,10930.244241438075,0.0,11229.796809351166,-0.02667479857370625
2023-03-16,10930.244241438075,0,10930.244241438075,0.0,11229.796809351166,-0.02667479857370625
2023-03-17,10930.244241438075,0,10930.244241438075,0.0,11229.796809351166,-0.02667479857370625
2023-03-18,10930.244241438075,0,10930.244241438075,0.0,11229.796809351166,-0.02667479857370625
2023-03-19,10930.244241438075,0,10930.244241438075,0.0,11229.796809351166,-0.02667479857370625
2023-03-20,10930.244241438075,0,10930.244241438075,0.0,11229.796809351166,-0.02667479857370625
2023-03-21,8744.19539315046,1,10930.244241438075,0.0,11229.796809351166,-0.02667479857370625
2023-03-22,8744.19539315046,1,10930.244241438075,0.0,11229.796809351166,-0.02667479857370625
2023-03-23,8744.19539315046,1,10930.244241438075,0.0,11229.796809351166,-0.02667479857370625
2023-03-24,8744.19539315046,1,10930.244241438075,0.0,11229.796809351166,-0.02667479857370625
2023-03-25,8744.19539315046,1,10930.244241438075,0.0,11229.796809351166,-0.02667479857370625
2023-03-26,8744.19539315046,1,10930.244241438075,0.0,11229.796809351166,-0.02667479857370625
2023-03-27,8744.19539315046,1,10930.244241438075,0.0,11229.796809351166,-0.02667479857370625
2023-03-28,10933.027128982725,0,10933.027128982725,0.00025460433300295016,11229.796809351166,-0.02642698576000213
2023-03-29,10933.027128982725,0,10933.027128982725,0.0,11229.796809351166,-0.02642698576000213
2023-03-30,10933.027128982725,0,10933.027128982725,0.0,11229.796809351166,-0.02642698576000213
2023-03-31,10933.027128982725,0,10933.027128982725,0.0,11229.796809351166,-0.02642698576000213
2023-04-01,10933.027128982725,0,10933.027128982725,0.0,11229.796809351166,-0.02642698576000213
2023-04-02,10933.027128982725,0,10933.027128982725,0.0,11229.796809351166,-0.02642698576000213
2023-04-03,10933.027128982725,0,10933.027128982725,0.0,11229.796809351166,-0.02642698576000213
2023-04-04,10933.027128982725,0,10933.027128982725,0.0,11229.796809351166,-0.02642698576000213
2023-04-05,10933.027128982725,0,10933.027128982725,0.0,11229.796809351166,-0.02642698576000213
2023-04-06,8746.42170318618,1,10933.027128982725,0.0,11229.796809351166,-0.02642698576000213
2023-04-07,8746.42170318618,1,10933.027128982725,0.0,11229.796809351166,-0.02642698576000213
2023-04-08,8746.42170318618,1,10933.027128982725,0.0,11229.796809351166,-0.02642698576000213
2023-04-09,8746.42170318618,1,10933.027128982725,0.0,11229.796809351166,-0.02642698576000213
2023-04-10,8746.42170318618,1,10933.027128982725,0.0,11229.796809351166,-0.02642698576000213
2023-04-11,11020.491346014587,0,11020.491346014587,0.008000000000000007,11229.796809351166,-0.018638401646082214
2023-04-12,8816.39307681167,1,11020.491346014587,0.0,11229.796809351166,-0.018638401646082214
2023-04-13,10976.409380630528,0,10976.409380630528,-0.004000000000000115,11229.796809351166,-0.022563848039497958
2023-04-14,10976.409380630528,0,10976.409380630528,0.0,11229.796809351166,-0.022563848039497958
2023-04-15,10976.409380630528,0,10976.409380630528,0.0,11229.796809351166,-0.022563848039497958
2023-04-16,10976.409380630528,0,10976.409380630528,0.0,11229.796809351166,-0.022563848039497958
2023-04-17,8781.127504504422,1,10976.409380630528,0.0,11229.796809351166,-0.022563848039497958
2023-04-18,8746.002994486404,1,10932.503743108005,-0.0040000000000000036,11229.796809351166,-0.02647359264733995
2023-04-19,8711.018982508458,1,10888.773728135573,-0.0040000000000000036,11229.796809351166,-0.030367698276750676
2023-04-20,6533.264236881343,2,10888.773728135573,0.0,11229.796809351166,-0.030367698276750676
2023-04-21,6533.264236881343,2,10888.773728135573,0.0,11229.796809351166,-0.030367698276750676
2023-04-22,6533.264236881343,2,10888.773728135573,0.0,11229.796809351166,-0.030367698276750676
2023-04-23,6533.264236881343,2,10888.773728135573,0.0,11229.796809351166,-0.030367698276750676
2023-04-24,4355.509491254228,3,10888.773728135571,-2.220446049250313e-16,11229.796809351166,-0.030367698276750787
2023-04-25,6489.7091419688,2,10845.21863322303,-0.0039999999999998925,11229.796809351166,-0.0342462274836437
2023-04-26,2163.7205053852854,4,10853.688127531,0.0007809426987506196,11229.796809351166,-0.03349202912620608
2023-04-27,4402.544668131633,3,11006.361670329085,0.014066512783872831,11229.796809351166,-0.019896632398194836
2023-04-28,8717.038442900635,1,10918.310776966453,-0.007999999999999896,11229.796809351166,-0.027737459339009174
2023-04-29,8717.038442900635,1,10918.310776966453,0.0,11229.796809351166,-0.027737459339009174
2023-04-30,8717.038442900635,1,10918.310776966453,0.0,11229.796809351166,-0.027737459339009174
2023-05-01,8805.089336263269,1,11006.361670329086,0.008064516129032251,11229.796809351166,-0.019896632398194725
2023-05-02,8769.868978918215,1,10962.33622364777,-0.0040000000000000036,11229.796809351166,-0.023817045868602005
2023-05-03,10918.486878753178,0,10918.486878753178,-0.004000000000000115,11229.796809351166,-0.027721777685127624
2023-05-04,10918.486878753178,0,10918.486878753178,0.0,11229.796809351166,-0.027721777685127624
2023-05-05,6551.092127251907,2,10918.486878753178,0.0,11229.796809351166,-0.027721777685127624
2023-05-06,6551.092127251907,2,10918.486878753178,0.0,11229.796809351166,-0.027721777685127624
2023-05-07,6551.092127251907,2,10918.486878753178,0.0,11229.796809351166,-0.027721777685127624
2023-05-08,6551.092127251907,2,10918.486878753178,0.0,11229.796809351166,-0.027721777685127624
2023-05-09,6551.092127251907,2,10918.486878753178,0.0,11229.796809351166,-0.027721777685127624
2023-05-10,10831.138983723153,0,10831.138983723153,-0.008000000000000007,11229.796809351166,-0.03550000346364657
2023-05-11,10831.138983723153,0,10831.138983723153,0.0,11229.796809351166,-0.03550000346364657
2023-05-12,10831.138983723153,0,10831.138983723153,0.0,11229.796809351166,-0.03550000346364657
2023-05-13,10831.138983723153,0,10831.138983723153,0.0,11229.796809351166,-0.03550000346364657
2023-05-14,10831.138983723153,0,10831.138983723153,0.0,11229.796809351166,-0.03550000346364657
2023-05-15,10831.138983723153,0,10831.138983723153,0.0,11229.796809351166,-0.03550000346364657
2023-05-16,10831.138983723153,0,10831.138983723153,0.0,11229.796809351166,-0.03550000346364657
2023-05-17,10831.138983723153,0,10831.138983723153,0.0,11229.796809351166,-0.03550000346364657
2023-05-18,10831.138983723153,0,10831.138983723153,0.0,11229.796809351166,-0.03550000346364657
2023-05-19,10831.138983723153,0,10831.138983723153,0.0,11229.796809351166,-0.03550000346364657
2023-05-20,10831.138983723153,0,10831.138983723153,0.0,11229.796809351166,-0.03550000346364657
2023-05-21,10831.138983723153,0,10831.138983723153,0.0,11229.796809351166,-0.03550000346364657
2023-05-22,10831.138983723153,0,10831.138983723153,0.0,11229.796809351166,-0.03550000346364657
2023-05-23,8664.911186978523,1,10831.138983723155,2.220446049250313e-16,11229.796809351166,-0.03550000346364646
2023-05-24,2166.2277967446294,4,10831.138983723153,-2.220446049250313e-16,11229.796809351166,-0.03550000346364657
2023-05-25,6542.007946168784,2,10874.463539658045,0.0040000000000000036,11229.796809351166,-0.031642003477501124
2023-05-26,6542.007946168784,2,10874.463539658045,0.0,11229.796809351166,-0.031642003477501124
2023-05-27,6542.007946168784,2,10874.463539658045,0.0,11229.796809351166,-0.031642003477501124
2023-05-28,6542.007946168784,2,10874.463539658045,0.0,11229.796809351166,-0.031642003477501124
2023-05-29,6542.007946168784,2,10874.463539658045,0.0,11229.796809351166,-0.031642003477501124
2023-05-30,6542.007946168784,2,10874.463539658045,0.0,11229.796809351166,-0.031642003477501124
2023-05-31,8664.911186978523,1,10831.138983723155,-0.003984063745019695,11229.796809351166,-0.03550000346364646
2023-06-01,10894.950853607404,0,10894.950853607404,0.0058915198097029275,11229.796809351166,-0.02981763262759418
2023-06-02,10894.950853607404,0,10894.950853607404,0.0,11229.796809351166,-0.02981763262759418
2023-06-03,10894.950853607404,0,10894.950853607404,0.0,11229.796809351166,-0.02981763262759418
2023-06-04,10894.950853607404,0,10894.950853607404,0.0,11229.796809351166,-0.02981763262759418
2023-06-05,10894.950853607404,0,10894.950853607404,0.0,11229.796809351166,-0.02981763262759418
2023-06-06,10894.950853607404,0,10894.950853607404,0.0,11229.796809351166,-0.02981763262759418
2023-06-07,10894.950853607404,0,10894.950853607404,0.0,11229.796809351166,-0.02981763262759418
2023-06-08,2178.99017072148,4,10894.950853607403,-2.220446049250313e-16,11229.796809351166,-0.029817632627594293
2023-06-09,4445.139948271821,3,10982.110460436263,0.008000000000000007,11229.796809351166,-0.02205617368861501
2023-06-10,4445.139948271821,3,10982.110460436263,0.0,11229.796809351166,-0.02205617368861501
2023-06-11,4445.139948271821,3,10982.110460436263,0.0,11229.796809351166,-0.02205617368861501
2023-06-12,6711.289725822161,2,11069.270067265123,0.007936507936507908,11229.796809351166,-0.014294714749635618
2023-06-13,8977.439503372501,1,11156.429674093983,0.007874015748031482,11229.796809351166,-0.006533255810656335
2023-06-14,8977.439503372501,1,11156.429674093983,0.0,11229.796809351166,-0.006533255810656335
2023-06-15,11207.414739786744,0,11207.414739786744,0.004570016320826431,11229.796809351166,-0.0019930965755128316
2023-06-16,11207.414739786744,0,11207.414739786744,0.0,11229.796809351166,-0.0019930965755128316
2023-06-17,11207.414739786744,0,11207.414739786744,0.0,11229.796809351166,-0.0019930965755128316
2023-06-18,11207.414739786744,0,11207.414739786744,0.0,11229.796809351166,-0.0019930965755128316
2023-06-19,11207.414739786744,0,11207.414739786744,0.0,11229.796809351166,-0.0019930965755128316
2023-06-20,8965.931791829395,1,11207.414739786744,0.0,11229.796809351166,-0.0019930965755128316
2023-06-21,4465.034032331038,3,11162.585080827597,-0.0040000000000000036,11229.796809351166,-0.005985124189210711
2023-06-22,8840.767384015457,1,11073.284400180975,-0.008000000000000118,11229.796809351166,-0.013937243195697113
2023-06-23,8840.767384015457,1,11073.284400180975,0.0,11229.796809351166,-0.013937243195697113
2023-06-24,8840.767384015457,1,11073.284400180975,0.0,11229.796809351166,-0.013937243195697113
2023-06-25,8840.767384015457,1,11073.284400180975,0.0,11229.796809351166,-0.013937243195697113
2023-06-26,8840.767384015457,1,11073.284400180975,0.0,11229.796809351166,-0.013937243195697113
2023-06-27,2196.796743906871,4,11073.284400180975,0.0,11229.796809351166,-0.013937243195697113
2023-06-28,4502.769203524803,3,11146.73984363339,0.006633573273997495,11229.796809351166,-0.007396123645675767
2023-06-29,4502.769203524803,3,11146.73984363339,0.0,11229.796809351166,-0.007396123645675767
2023-06-30,6806.012358762446,2,11235.326118834837,0.007947281128306338,11235.326118834837,0.0
2023-07-01,6806.012358762446,2,11235.326118834837,0.0,11235.326118834837,0.0
2023-07-02,6806.012358762446,2,11235.326118834837,0.0,11235.326118834837,0.0
2023-07-03,6806.012358762446,2,11235.326118834837,0.0,11235.326118834837,0.0
2023-07-04,6806.012358762446,2,11235.326118834837,0.0,11235.326118834837,0.0
2023-07-05,11412.498669237732,0,11412.498669237732,0.01576923967572985,11412.498669237732,0.0
2023-07-06,9129.998935390186,1,11412.498669237732,0.0,11412.498669237732,0.0
2023-07-07,6847.49920154264,2,11412.498669237732,0.0,11412.498669237732,0.0
2023-07-08,6847.49920154264,2,11412.498669237732,0.0,11412.498669237732,0.0
2023-07-09,6847.49920154264,2,11412.498669237732,0.0,11412.498669237732,0.0
2023-07-10,4.547473508864641e-13,5,11412.498669237732,0.0,11412.498669237732,0.0
2023-07-11,4610.649462372045,3,11458.148663914684,0.004000000000000226,11458.148663914684,0.0
2023-07-12,6984.449185573492,2,11549.448653268584,0.007968127490039612,11549.448653268584,0.0
2023-07-13,6984.449185573492,2,11549.448653268584,0.0,11549.448653268584,0.0
2023-07-14,9358.24890877494,1,11640.748642622486,0.007905138339920903,11640.748642622486,0.0
2023-07-15,9358.24890877494,1,11640.748642622486,0.0,11640.748642622486,0.0
2023-07-16,9358.24890877494,1,11640.748642622486,0.0,11640.748642622486,0.0
2023-07-17,11645.030956992376,0,11645.030956992376,0.0003678727632869805,11645.030956992376,0.0
2023-07-18,11645.030956992376,0,11645.030956992376,0.0,11645.030956992376,0.0
2023-07-19,9316.0247655939,1,11645.030956992376,0.0,11645.030956992376,0.0
2023-07-20,11598.450833164407,0,11598.450833164407,-0.0040000000000000036,11645.030956992376,-0.0040000000000000036
2023-07-21,4639.380333265763,3,11598.450833164407,0.0,11645.030956992376,-0.0040000000000000036
2023-07-22,9185.97305986621,1,11505.663226499091,-0.008000000000000007,11645.030956992376,-0.011967999999999979
2023-07-23,9185.97305986621,1,11505.663226499091,0.0,11645.030956992376,-0.011967999999999979
2023-07-24,6884.840414566392,2,11505.663226499091,0.0,11645.030956992376,-0.011967999999999979
2023-07-25,6884.840414566392,2,11505.663226499091,0.0,11645.030956992376,-0.011967999999999979
2023-07-26,6884.840414566392,2,11505.663226499091,0.0,11645.030956992376,-0.011967999999999979
2023-07-27,4638.934952753769,3,11597.708532311084,0.008000000000000007,11645.030956992376,-0.00406374399999998
2023-07-28,9221.819476061039,1,11541.361182523255,-0.004858489901763519,11645.030956992376,-0.008902490242576055
2023-07-29,9221.819476061039,1,11541.361182523255,0.0,11645.030956992376,-0.008902490242576055
2023-07-30,9221.819476061039,1,11541.361182523255,0.0,11645.030956992376,-0.008902490242576055
2023-07-31,9221.819476061039,1,11541.361182523255,0.0,11645.030956992376,-0.008902490242576055
2023-08-01,9195.976278715209,1,11494.97034839401,-0.00401952884028034,11645.030956992376,-0.012886235266576063
2023-08-02,9195.976278715209,1,11494.97034839401,0.0,11645.030956992376,-0.012886235266576063
2023-08-03,4597.988139357605,3,11494.970348394012,2.220446049250313e-16,11645.030956992376,-0.012886235266575952
2023-08-04,4597.988139357605,3,11494.970348394012,0.0,11645.030956992376,-0.012886235266575952
2023-08-05,4597.988139357605,3,11494.970348394012,0.0,11645.030956992376,-0.012886235266575952
2023-08-06,4597.988139357605,3,11494.970348394012,0.0,11645.030956992376,-0.012886235266575952
2023-08-07,6988.9419718235595,2,11586.930111181164,0.008000000000000007,11645.030956992376,-0.004989325148708534
2023-08-08,9241.956160108784,1,11540.950229787586,-0.003968253968254065,11645.030956992376,-0.008937780207642354
2023-08-09,11494.97034839401,0,11494.97034839401,-0.003984063745019917,11645.030956992376,-0.012886235266576063
2023-08-10,11494.97034839401,0,11494.97034839401,0.0,11645.030956992376,-0.012886235266576063
2023-08-11,11494.97034839401,0,11494.97034839401,0.0,11645.030956992376,-0.012886235266576063
2023-08-12,11494.97034839401,0,11494.97034839401,0.0,11645.030956992376,-0.012886235266576063
2023-08-13,11494.97034839401,0,11494.97034839401,0.0,11645.030956992376,-0.012886235266576063
2023-08-14,9195.976278715209,1,11494.97034839401,0.0,11645.030956992376,-0.012886235266576063
2023-08-15,11448.990467000434,0,11448.990467000434,-0.0040000000000000036,11645.030956992376,-0.01683469032550977
2023-08-16,9159.192373600348,1,11448.990467000436,2.220446049250313e-16,11645.030956992376,-0.01683469032550966
2023-08-17,9159.192373600348,1,11448.990467000436,0.0,11645.030956992376,-0.01683469032550966
2023-08-18,9122.555604105946,1,11403.194505132433,-0.004000000000000115,11645.030956992376,-0.020767351564207726
2023-08-19,9122.555604105946,1,11403.194505132433,0.0,11645.030956992376,-0.020767351564207726
2023-08-20,9122.555604105946,1,11403.194505132433,0.0,11645.030956992376,-0.020767351564207726
2023-08-21,9122.555604105946,1,11403.194505132433,0.0,11645.030956992376,-0.020767351564207726
2023-08-22,6841.91670307946,2,11403.194505132433,0.0,11645.030956992376,-0.020767351564207726
2023-08-23,9076.942826085417,1,11357.581727111903,-0.0040000000000000036,11645.030956992376,-0.024684282157950932
2023-08-24,11311.968949091373,0,11311.968949091373,-0.004016064257028162,11645.030956992376,-0.028601212751694027
2023-08-25,9049.5751592731,1,11311.968949091373,0.0,11645.030956992376,-0.028601212751694027
2023-08-26,9049.5751592731,1,11311.968949091373,0.0,11645.030956992376,-0.028601212751694027
2023-08-27,9049.5751592731,1,11311.968949091373,0.0,11645.030956992376,-0.028601212751694027
2023-08-28,9049.5751592731,1,11311.968949091373,0.0,11645.030956992376,-0.028601212751694027
2023-08-29,11402.464700684106,0,11402.464700684106,0.00800000000000023,11645.030956992376,-0.020830022453707464
2023-08-30,11402.464700684106,0,11402.464700684106,0.0,11645.030956992376,-0.020830022453707464
2023-08-31,11402.464700684106,0,11402.464700684106,0.0,11645.030956992376,-0.020830022453707464
2023-09-01,11402.464700684106,0,11402.464700684106,0.0,11645.030956992376,-0.020830022453707464
2023-09-02,11402.464700684106,0,11402.464700684106,0.0,11645.030956992376,-0.020830022453707464
2023-09-03,11402.464700684106,0,11402.464700684106,0.0,11645.030956992376,-0.020830022453707464
2023-09-04,11402.464700684106,0,11402.464700684106,0.0,11645.030956992376,-0.020830022453707464
2023-09-05,11402.464700684106,0,11402.464700684106,0.0,11645.030956992376,-0.020830022453707464
2023-09-06,11402.464700684106,0,11402.464700684106,0.0,11645.030956992376,-0.020830022453707464
2023-09-07,11402.464700684106,0,11402.464700684106,0.0,11645.030956992376,-0.020830022453707464
2023-09-08,11402.464700684106,0,11402.464700684106,0.0,11645.030956992376,-0.020830022453707464
2023-09-09,11402.464700684106,0,11402.464700684106,0.0,11645.030956992376,-0.020830022453707464
2023-09-10,11402.464700684106,0,11402.464700684106,0.0,11645.030956992376,-0.020830022453707464
2023-09-11,11402.464700684106,0,11402.464700684106,0.0,11645.030956992376,-0.020830022453707464
2023-09-12,9121.971760547285,1,11402.464700684106,0.0,11645.030956992376,-0.020830022453707464
2023-09-13,6841.478820410464,2,11402.464700684108,2.220446049250313e-16,11645.030956992376,-0.020830022453707353
2023-09-14,6804.990933368275,2,11356.85484188137,-0.004000000000000115,11645.030956992376,-0.024746702363892648
2023-09-15,4533.619964992002,3,11356.854841881372,2.220446049250313e-16,11645.030956992376,-0.024746702363892426
2023-09-16,4533.619964992002,3,11356.854841881372,0.0,11645.030956992376,-0.024746702363892426
2023-09-17,4533.619964992002,3,11356.854841881372,0.0,11645.030956992376,-0.024746702363892426
2023-09-18,2262.2489966157273,4,11356.85484188137,-1.1102230246251565e-16,11645.030956992376,-0.024746702363892648
2023-09-19,6794.897414381227,2,11337.639351133774,-0.001691972911085693,11645.030956992376,-0.026396804524939976
2023-09-20,6794.897414381227,2,11337.639351133774,0.0,11645.030956992376,-0.026396804524939976
2023-09-21,8997.42760991898,1,11246.784512398724,-0.008013558724282777,11645.030956992376,-0.0341988309060286
2023-09-22,6748.070707439234,2,11246.784512398724,0.0,11645.030956992376,-0.0341988309060286
2023-09-23,6748.070707439234,2,11246.784512398724,0.0,11645.030956992376,-0.0341988309060286
2023-09-24,6748.070707439234,2,11246.784512398724,0.0,11645.030956992376,-0.0341988309060286
2023-09-25,6748.070707439234,2,11246.784512398724,0.0,11645.030956992376,-0.0341988309060286
2023-09-26,8952.440471869384,1,11201.79737434913,-0.0040000000000000036,11645.030956992376,-0.03806203558240451
2023-09-27,8952.440471869384,1,11201.79737434913,0.0,11645.030956992376,-0.03806203558240451
2023-09-28,8952.440471869384,1,11201.79737434913,0.0,11645.030956992376,-0.03806203558240451
2023-09-29,11156.810236299534,0,11156.810236299534,-0.004016064257028162,11645.030956992376,-0.041925240258780416
2023-09-30,11156.810236299534,0,11156.810236299534,0.0,11645.030956992376,-0.041925240258780416
2023-10-01,11156.810236299534,0,11156.810236299534,0.0,11645.030956992376,-0.041925240258780416
2023-10-02,11156.810236299534,0,11156.810236299534,0.0,11645.030956992376,-0.041925240258780416
2023-10-03,11156.810236299534,0,11156.810236299534,0.0,11645.030956992376,-0.041925240258780416
2023-10-04,11156.810236299534,0,11156.810236299534,0.0,11645.030956992376,-0.041925240258780416
2023-10-05,8925.448189039627,1,11156.810236299534,0.0,11645.030956992376,-0.041925240258780416
2023-10-06,8925.448189039627,1,11156.810236299534,0.0,11645.030956992376,-0.041925240258780416
2023-10-07,8925.448189039627,1,11156.810236299534,0.0,11645.030956992376,-0.041925240258780416
2023-10-08,8925.448189039627,1,11156.810236299534,0.0,11645.030956992376,-0.041925240258780416
2023-10-09,8996.851774551944,1,11246.06471818993,0.008000000000000007,11645.030956992376,-0.03426064218085079
2023-10-10,8996.851774551944,1,11246.06471818993,0.0,11645.030956992376,-0.03426064218085079
2023-10-11,8996.851774551944,1,11246.06471818993,0.0,11645.030956992376,-0.03426064218085079
2023-10-12,8996.851774551944,1,11246.06471818993,0.0,11645.030956992376,-0.03426064218085079
2023-10-13,8996.851774551944,1,11246.06471818993,0.0,11645.030956992376,-0.03426064218085079
2023-10-14,8996.851774551944,1,11246.06471818993,0.0,11645.030956992376,-0.03426064218085079
2023-10-15,8996.851774551944,1,11246.06471818993,0.0,11645.030956992376,-0.03426064218085079
2023-10-16,6789.55942688385,2,11315.93237813975,0.006212631858397044,11645.030956992376,-0.028260859079555667
2023-10-17,9007.482172999242,1,11270.668648627192,-0.0040000000000000036,11645.030956992376,-0.03214781564323743
2023-10-18,6753.348443273803,2,11270.668648627192,0.0,11645.030956992376,-0.03214781564323743
2023-10-19,8971.271189389194,1,11225.404919114633,-0.004016064257028051,11645.030956992376,-0.0360347722069192
2023-10-20,6708.193346712074,2,11180.322244520125,-0.004016129032258009,11645.030956992376,-0.03990618094434628
2023-10-21,8899.536506638018,1,11135.600955542042,-0.004000000000000115,11645.030956992376,-0.043746556220569
2023-10-22,8899.536506638018,1,11135.600955542042,0.0,11645.030956992376,-0.043746556220569
2023-10-23,8872.70373325117,1,11090.879666563962,-0.004016064257028051,11645.030956992376,-0.04758693149679161
2023-10-24,6654.527799938378,2,11090.879666563964,2.220446049250313e-16,11645.030956992376,-0.047586931496791385
2023-10-25,11002.15262923145,0,11002.15262923145,-0.00800000000000023,11645.030956992376,-0.055206236044817225
2023-10-26,11002.15262923145,0,11002.15262923145,0.0,11645.030956992376,-0.055206236044817225
2023-10-27,6601.29157753887,2,11002.15262923145,0.0,11645.030956992376,-0.055206236044817225
2023-10-28,6601.29157753887,2,11002.15262923145,0.0,11645.030956992376,-0.055206236044817225
2023-10-29,6601.29157753887,2,11002.15262923145,0.0,11645.030956992376,-0.055206236044817225
2023-10-30,6601.29157753887,2,11002.15262923145,0.0,11645.030956992376,-0.055206236044817225
2023-10-31,6601.29157753887,2,11002.15262923145,0.0,11645.030956992376,-0.055206236044817225
2023-11-01,8889.739324419012,1,11090.169850265302,0.008000000000000007,11645.030956992376,-0.047647885933175815
2023-11-02,11178.187071299153,0,11178.187071299153,0.007936507936507908,11645.030956992376,-0.040089535821534406
2023-11-03,11178.187071299153,0,11178.187071299153,0.0,11645.030956992376,-0.040089535821534406
2023-11-04,11178.187071299153,0,11178.187071299153,0.0,11645.030956992376,-0.040089535821534406
2023-11-05,11178.187071299153,0,11178.187071299153,0.0,11645.030956992376,-0.040089535821534406
2023-11-06,11178.187071299153,0,11178.187071299153,0.0,11645.030956992376,-0.040089535821534406
2023-11-07,11178.187071299153,0,11178.187071299153,0.0,11645.030956992376,-0.040089535821534406
2023-11-08,11178.187071299153,0,11178.187071299153,0.0,11645.030956992376,-0.040089535821534406
2023-11-09,11178.187071299153,0,11178.187071299153,0.0,11645.030956992376,-0.040089535821534406
2023-11-10,8942.549657039322,1,11178.187071299153,0.0,11645.030956992376,-0.040089535821534406
2023-11-11,8942.549657039322,1,11178.187071299153,0.0,11645.030956992376,-0.040089535821534406
2023-11-12,8942.549657039322,1,11178.187071299153,0.0,11645.030956992376,-0.040089535821534406
2023-11-13,11133.474323013956,0,11133.474323013956,-0.004000000000000115,11645.030956992376,-0.04392917767824833
2023-11-14,11133.474323013956,0,11133.474323013956,0.0,11645.030956992376,-0.04392917767824833
2023-11-15,11133.474323013956,0,11133.474323013956,0.0,11645.030956992376,-0.04392917767824833
2023-11-16,8906.779458411165,1,11133.474323013957,2.220446049250313e-16,11645.030956992376,-0.04392917767824811
2023-11-17,6680.084593808373,2,11133.474323013956,-1.1102230246251565e-16,11645.030956992376,-0.04392917767824833
2023-11-18,6680.084593808373,2,11133.474323013956,0.0,11645.030956992376,-0.04392917767824833
2023-11-19,6680.084593808373,2,11133.474323013956,0.0,11645.030956992376,-0.04392917767824833
2023-11-20,6680.084593808373,2,11133.474323013956,0.0,11645.030956992376,-0.04392917767824833
2023-11-21,6680.084593808373,2,11133.474323013956,0.0,11645.030956992376,-0.04392917767824833
2023-11-22,6680.084593808373,2,11133.474323013956,0.0,11645.030956992376,-0.04392917767824833
2023-11-23,6680.084593808373,2,11133.474323013956,0.0,11645.030956992376,-0.04392917767824833
2023-11-24,6708.995941568774,2,11169.613507714457,0.0032459934475079777,11645.030956992376,-0.040825778053638295
2023-11-25,6708.995941568774,2,11169.613507714457,0.0,11645.030956992376,-0.040825778053638295
2023-11-26,6708.995941568774,2,11169.613507714457,0.0,11645.030956992376,-0.040825778053638295
2023-11-27,8997.233459162862,1,11231.156160705754,0.005509828334596456,11645.030956992376,-0.035540892747743746
2023-11-28,8949.182165339917,1,11186.477706674896,-0.003978081454086957,11645.030956992376,-0.039377589635529175
2023-11-29,6711.886624004937,2,11186.477706674896,0.0,11645.030956992376,-0.039377589635529175
2023-11-30,6676.089895343577,2,11141.731795848196,-0.0040000000000000036,11645.030956992376,-0.04322007927698712
2023-12-01,6640.436353596862,2,11097.164868664802,-0.004000000000000115,11645.030956992376,-0.0470471989598793
2023-12-02,6640.436353596862,2,11097.164868664802,0.0,11645.030956992376,-0.0470471989598793
2023-12-03,6640.436353596862,2,11097.164868664802,0.0,11645.030956992376,-0.0470471989598793
2023-12-04,8815.480667855163,1,11052.776209190142,-0.004000000000000115,11645.030956992376,-0.05085901016403982
2023-12-05,8806.424238690754,1,11008.030298363443,-0.004048386575446483,11645.030956992376,-0.054701499805497655
2023-12-06,6604.818179018064,2,11008.030298363443,0.0,11645.030956992376,-0.054701499805497655
2023-12-07,4403.212119345375,3,11008.030298363441,-1.1102230246251565e-16,11645.030956992376,-0.05470149980549788
2023-12-08,4403.212119345375,3,11008.030298363441,0.0,11645.030956992376,-0.05470149980549788
2023-12-09,4403.212119345375,3,11008.030298363441,0.0,11645.030956992376,-0.05470149980549788
2023-12-10,4403.212119345375,3,11008.030298363441,0.0,11645.030956992376,-0.05470149980549788
2023-12-11,4473.663513254901,3,11096.09454075035,0.008000000000000007,11645.030956992376,-0.0471391118039417
2023-12-12,6631.237451734136,2,11052.062419556894,-0.003968253968254065,11645.030956992376,-0.050920305804719845
2023-12-13,8920.907753793732,1,11140.126661943803,0.007968127490039834,11645.030956992376,-0.04335791780316378
2023-12-14,11228.895418269805,0,11228.895418269805,0.007968379446640306,11645.030956992376,-0.035735030697595316
2023-12-15,6737.337250961884,2,11228.895418269807,2.220446049250313e-16,11645.030956992376,-0.035735030697595205
2023-12-16,6737.337250961884,2,11228.895418269807,0.0,11645.030956992376,-0.035735030697595205
2023-12-17,6737.337250961884,2,11228.895418269807,0.0,11645.030956992376,-0.035735030697595205
2023-12-18,6737.337250961884,2,11228.895418269807,0.0,11645.030956992376,-0.035735030697595205
2023-12-19,4491.558167307922,3,11228.895418269807,0.0,11645.030956992376,-0.035735030697595205
2023-12-20,4491.558167307922,3,11228.895418269807,0.0,11645.030956992376,-0.035735030697595205
2023-12-21,2245.7790836539607,4,11228.895418269807,0.0,11645.030956992376,-0.035735030697595205
2023-12-22,6787.742822597517,2,11279.300989905441,0.004488916296577328,11645.030956992376,-0.0314065259626749
2023-12-23,6787.742822597517,2,11279.300989905441,0.0,11645.030956992376,-0.0314065259626749
2023-12-24,6787.742822597517,2,11279.300989905441,0.0,11645.030956992376,-0.0314065259626749
2023-12-25,6787.742822597517,2,11279.300989905441,0.0,11645.030956992376,-0.0314065259626749
2023-12-26,6787.742822597517,2,11279.300989905441,0.0,11645.030956992376,-0.0314065259626749
2023-12-27,11403.278403143882,0,11403.278403143882,0.010991586566348133,11645.030956992376,-0.020760146945193902
2023-12-28,11403.278403143882,0,11403.278403143882,0.0,11645.030956992376,-0.020760146945193902
2023-12-29,11403.278403143882,0,11403.278403143882,0.0,11645.030956992376,-0.020760146945193902
2023-12-30,11403.278403143882,0,11403.278403143882,0.0,11645.030956992376,-0.020760146945193902
2023-12-31,11403.278403143882,0,11403.278403143882,0.0,11645.030956992376,-0.020760146945193902
2024-01-01,11403.278403143882,0,11403.278403143882,0.0,11645.030956992376,-0.020760146945193902
2024-01-02,11403.278403143882,0,11403.278403143882,0.0,11645.030956992376,-0.020760146945193902
2024-01-03,4561.311361257551,3,11403.27840314388,-1.1102230246251565e-16,11645.030956992376,-0.020760146945194013
2024-01-04,2280.6556806287745,4,11403.278403143882,2.220446049250313e-16,11645.030956992376,-0.020760146945193902
2024-01-05,2353.636662408896,4,11494.504630369032,0.008000000000000007,11645.030956992376,-0.0129262281207555
2024-01-06,2353.636662408896,4,11494.504630369032,0.0,11645.030956992376,-0.0129262281207555
2024-01-07,2353.636662408896,4,11494.504630369032,0.0,11645.030956992376,-0.0129262281207555
2024-01-08,4725.518570262824,3,11585.730857594184,0.007936507936507908,11645.030956992376,-0.005092309296316988
2024-01-09,9351.418100395784,1,11632.073781024561,0.0040000000000000036,11645.030956992376,-0.001112678533502276
2024-01-10,11723.300008249711,0,11723.300008249711,0.007842645167361884,11723.300008249711,0.0
2024-01-11,11723.300008249711,0,11723.300008249711,0.0,11723.300008249711,0.0
2024-01-12,9378.64000659977,1,11723.300008249713,2.220446049250313e-16,11723.300008249713,0.0
2024-01-13,9378.64000659977,1,11723.300008249713,0.0,11723.300008249713,0.0
2024-01-14,9378.64000659977,1,11723.300008249713,0.0,11723.300008249713,0.0
2024-01-15,9378.64000659977,1,11723.300008249713,0.0,11723.300008249713,0.0
2024-01-16,9378.64000659977,1,11723.300008249713,0.0,11723.300008249713,0.0
2024-01-17,11676.406808216714,0,11676.406808216714,-0.0040000000000000036,11723.300008249713,-0.0040000000000000036
2024-01-18,7005.844084930028,2,11676.406808216714,0.0,11723.300008249713,-0.0040000000000000036
2024-01-19,7005.844084930028,2,11676.406808216714,0.0,11723.300008249713,-0.0040000000000000036
2024-01-20,7005.844084930028,2,11676.406808216714,0.0,11723.300008249713,-0.0040000000000000036
2024-01-21,7005.844084930028,2,11676.406808216714,0.0,11723.300008249713,-0.0040000000000000036
2024-01-22,9434.536701039104,1,11769.818062682447,0.008000000000000007,11769.818062682447,0.0
2024-01-23,9434.536701039104,1,11769.818062682447,0.0,11769.818062682447,0.0
2024-01-24,9434.536701039104,1,11769.818062682447,0.0,11769.818062682447,0.0
2024-01-25,9407.161066820921,1,11758.95133352615,-0.0009232707845119315,11769.818062682447,-0.0009232707845119315
2024-01-26,9407.161066820921,1,11758.95133352615,0.0,11769.818062682447,-0.0009232707845119315
2024-01-27,9407.161066820921,1,11758.95133352615,0.0,11769.818062682447,-0.0009232707845119315
2024-01-28,9407.161066820921,1,11758.95133352615,0.0,11769.818062682447,-0.0009232707845119315
2024-01-29,9407.161066820921,1,11758.95133352615,0.0,11769.818062682447,-0.0009232707845119315
2024-01-30,11711.915528192047,0,11711.915528192047,-0.0040000000000000036,11769.818062682447,-0.004919577701373856
2024-01-31,11711.915528192047,0,11711.915528192047,0.0,11769.818062682447,-0.004919577701373856
2024-02-01,2342.3831056384083,4,11711.915528192045,-1.1102230246251565e-16,11769.818062682447,-0.004919577701374078
2024-02-02,9510.07540889194,1,11852.45851453035,0.01200000000000001,11852.45851453035,0.0
2024-02-03,9510.07540889194,1,11852.45851453035,0.0,11852.45851453035,0.0
2024-02-04,9510.07540889194,1,11852.45851453035,0.0,11852.45851453035,0.0
2024-02-05,9510.07540889194,1,11852.45851453035,0.0,11852.45851453035,0.0
2024-02-06,9510.07540889194,1,11852.45851453035,0.0,11852.45851453035,0.0
2024-02-07,7139.5837059858695,2,11852.45851453035,0.0,11852.45851453035,0.0
2024-02-08,9553.550525886969,1,11924.04222879304,0.0060395667426240696,11924.04222879304,0.0
2024-02-09,9553.550525886969,1,11924.04222879304,0.0,11924.04222879304,0.0
2024-02-10,9553.550525886969,1,11924.04222879304,0.0,11924.04222879304,0.0
2024-02-11,9553.550525886969,1,11924.04222879304,0.0,11924.04222879304,0.0
2024-02-12,7168.742080128361,2,11924.042228793038,-1.1102230246251565e-16,11924.04222879304,-1.1102230246251565e-16
2024-02-13,9491.82394897631,1,11876.632394734917,-0.0039759867625794865,11924.04222879304,-0.0039759867625797085
2024-02-14,2365.8445121353593,4,11876.632394734917,0.0,11924.04222879304,-0.0039759867625797085
2024-02-15,2365.8445121353593,4,11876.632394734917,0.0,11924.04222879304,-0.0039759867625797085
2024-02-16,2365.8445121353593,4,11876.632394734917,0.0,11924.04222879304,-0.0039759867625797085
2024-02-17,2365.8445121353593,4,11876.632394734917,0.0,11924.04222879304,-0.0039759867625797085
2024-02-18,2365.8445121353593,4,11876.632394734917,0.0,11924.04222879304,-0.0039759867625797085
2024-02-19,2365.8445121353593,4,11876.632394734917,0.0,11924.04222879304,-0.0039759867625797085
2024-02-20,9442.35714969863,1,11817.683628645613,-0.004963424321816845,11924.04222879304,-0.008919676574995927
2024-02-21,4715.283698240384,3,11817.683628645613,0.0,11924.04222879304,-0.008919676574995927
2024-02-22,12101.779625861822,0,12101.779625861822,0.024039905462316824,12101.779625861822,0.0
2024-02-23,12101.779625861822,0,12101.779625861822,0.0,12101.779625861822,0.0
2024-02-24,12101.779625861822,0,12101.779625861822,0.0,12101.779625861822,0.0
2024-02-25,12101.779625861822,0,12101.779625861822,0.0,12101.779625861822,0.0
2024-02-26,12101.779625861822,0,12101.779625861822,0.0,12101.779625861822,0.0
2024-02-27,12101.779625861822,0,12101.779625861822,0.0,12101.779625861822,0.0
2024-02-28,12101.779625861822,0,12101.779625861822,0.0,12101.779625861822,0.0
2024-02-29,12101.779625861822,0,12101.779625861822,0.0,12101.779625861822,0.0
2024-03-01,12101.779625861822,0,12101.779625861822,0.0,12101.779625861822,0.0
2024-03-02,12101.779625861822,0,12101.779625861822,0.0,12101.779625861822,0.0
2024-03-03,12101.779625861822,0,12101.779625861822,0.0,12101.779625861822,0.0
2024-03-04,12101.779625861822,0,12101.779625861822,0.0,12101.779625861822,0.0
2024-03-05,7261.067775517094,2,12101.779625861822,0.0,12101.779625861822,0.0
2024-03-06,0.0,5,12101.779625861822,0.0,12101.779625861822,0.0
2024-03-07,0.0,5,12101.779625861822,0.0,12101.779625861822,0.0
2024-03-08,2371.9488066689173,4,12053.372507358376,-0.0039999999999998925,12101.779625861822,-0.0039999999999998925
2024-03-09,2371.9488066689173,4,12053.372507358376,0.0,12101.779625861822,-0.0039999999999998925
2024-03-10,2371.9488066689173,4,12053.372507358376,0.0,12101.779625861822,-0.0039999999999998925
2024-03-11,2371.9488066689173,4,12053.372507358376,0.0,12101.779625861822,-0.0039999999999998925
2024-03-12,4919.248108859015,3,12199.94994900468,0.012160699551666765,12199.94994900468,0.0
2024-03-13,9858.746463195197,1,12298.736452996134,0.0080972876449803,12298.736452996134,0.0
2024-03-14,9858.746463195197,1,12298.736452996134,0.0,12298.736452996134,0.0
2024-03-15,7398.99917259597,2,12298.736452996134,0.0,12298.736452996134,0.0
2024-03-16,7398.99917259597,2,12298.736452996134,0.0,12298.736452996134,0.0
2024-03-17,7398.99917259597,2,12298.736452996134,0.0,12298.736452996134,0.0
2024-03-18,19.75730079828827,5,12298.736452996132,-1.1102230246251565e-16,12298.736452996134,-1.1102230246251565e-16
2024-03-19,2557.346890191262,4,12396.33605258817,0.007935742014234526,12396.33605258817,0.0
2024-03-20,2557.346890191262,4,12396.33605258817,0.0,12396.33605258817,0.0
2024-03-21,10231.75843686085,1,12691.505727460077,0.0238110417158528,12691.505727460077,0.0
2024-03-22,10231.75843686085,1,12691.505727460077,0.0,12691.505727460077,0.0
2024-03-23,10231.75843686085,1,12691.505727460077,0.0,12691.505727460077,0.0
2024-03-24,10231.75843686085,1,12691.505727460077,0.0,12691.505727460077,0.0
2024-03-25,7647.7280806642775,2,12746.213467773796,0.004310579177012164,12746.213467773796,0.0
2024-03-26,7647.7280806642775,2,12746.213467773796,0.0,12746.213467773796,0.0
2024-03-27,10145.985920347941,1,12695.2286139027,-0.0040000000000000036,12746.213467773796,-0.0040000000000000036
2024-03-28,10145.985920347941,1,12695.2286139027,0.0,12746.213467773796,-0.0040000000000000036
2024-03-29,10145.985920347941,1,12695.2286139027,0.0,12746.213467773796,-0.0040000000000000036
2024-03-30,10145.985920347941,1,12695.2286139027,0.0,12746.213467773796,-0.0040000000000000036
2024-03-31,10145.985920347941,1,12695.2286139027,0.0,12746.213467773796,-0.0040000000000000036
2024-04-01,7606.940197567401,2,12695.2286139027,0.0,12746.213467773796,-0.0040000000000000036
2024-04-02,10105.988147728784,1,12632.48518466098,-0.004942284314046086,12746.213467773796,-0.00892251517678988
2024-04-03,10186.836052910614,1,12733.545066138267,0.008000000000000007,12746.213467773796,-0.0009938952982042615
2024-04-04,10268.330741333899,1,12835.413426667374,0.008000000000000007,12835.413426667374,0.0
2024-04-05,10227.257418368563,1,12784.071772960704,-0.0040000000000000036,12835.413426667374,-0.0040000000000000036
2024-04-06,10227.257418368563,1,12784.071772960704,0.0,12835.413426667374,-0.0040000000000000036
2024-04-07,10227.257418368563,1,12784.071772960704,0.0,12835.413426667374,-0.0040000000000000036
2024-04-08,10227.257418368563,1,12784.071772960704,0.0,12835.413426667374,-0.0040000000000000036
2024-04-09,12886.34434714439,0,12886.34434714439,0.008000000000000007,12886.34434714439,0.0
2024-04-10,12886.34434714439,0,12886.34434714439,0.0,12886.34434714439,0.0
2024-04-11,10309.075477715513,1,12886.34434714439,0.0,12886.34434714439,0.0
2024-04-12,12834.798969755813,0,12834.798969755813,-0.0039999999999998925,12886.34434714439,-0.0039999999999998925
2024-04-13,12834.798969755813,0,12834.798969755813,0.0,12886.34434714439,-0.0039999999999998925
2024-04-14,12834.798969755813,0,12834.798969755813,0.0,12886.34434714439,-0.0039999999999998925
2024-04-15,10267.839175804651,1,12834.798969755813,0.0,12886.34434714439,-0.0039999999999998925
2024-04-16,12783.45977387679,0,12783.45977387679,-0.0040000000000000036,12886.34434714439,-0.007983999999999991
2024-04-17,12783.45977387679,0,12783.45977387679,0.0,12886.34434714439,-0.007983999999999991
2024-04-18,12783.45977387679,0,12783.45977387679,0.0,12886.34434714439,-0.007983999999999991
2024-04-19,12783.45977387679,0,12783.45977387679,0.0,12886.34434714439,-0.007983999999999991
2024-04-20,12783.45977387679,0,12783.45977387679,0.0,12886.34434714439,-0.007983999999999991
2024-04-21,12783.45977387679,0,12783.45977387679,0.0,12886.34434714439,-0.007983999999999991
2024-04-22,12783.45977387679,0,12783.45977387679,0.0,12886.34434714439,-0.007983999999999991
2024-04-23,12783.45977387679,0,12783.45977387679,0.0,12886.34434714439,-0.007983999999999991
2024-04-24,10226.767819101431,1,12783.45977387679,0.0,12886.34434714439,-0.007983999999999991
2024-04-25,12885.727452067804,0,12885.727452067804,0.008000000000000007,12886.34434714439,-4.7872000000004356e-05
2024-04-26,12885.727452067804,0,12885.727452067804,0.0,12886.34434714439,-4.7872000000004356e-05
2024-04-27,12885.727452067804,0,12885.727452067804,0.0,12886.34434714439,-4.7872000000004356e-05
2024-04-28,12885.727452067804,0,12885.727452067804,0.0,12886.34434714439,-4.7872000000004356e-05
2024-04-29,10308.581961654243,1,12885.727452067804,0.0,12886.34434714439,-4.7872000000004356e-05
2024-04-30,7731.436471240682,2,12885.727452067804,0.0,12886.34434714439,-4.7872000000004356e-05
2024-05-01,2577.1454904135608,4,12885.727452067804,0.0,12886.34434714439,-4.7872000000004356e-05
2024-05-02,5102.74807101885,3,12834.184542259532,-0.0040000000000000036,12886.34434714439,-0.004047680511999996
2024-05-03,10153.953232229429,1,12731.09872264299,-0.008032128514056214,12886.34434714439,-0.012047297535999979
2024-05-04,10153.953232229429,1,12731.09872264299,0.0,12886.34434714439,-0.012047297535999979
2024-05-05,10153.953232229429,1,12731.09872264299,0.0,12886.34434714439,-0.012047297535999979
2024-05-06,10153.953232229429,1,12731.09872264299,0.0,12886.34434714439,-0.012047297535999979
2024-05-07,12818.865486742205,0,12818.865486742205,0.00689388763776666,12886.34434714439,-0.005236462613785298
2024-05-08,12818.865486742205,0,12818.865486742205,0.0,12886.34434714439,-0.005236462613785298
2024-05-09,12818.865486742205,0,12818.865486742205,0.0,12886.34434714439,-0.005236462613785298
2024-05-10,12818.865486742205,0,12818.865486742205,0.0,12886.34434714439,-0.005236462613785298
2024-05-11,12818.865486742205,0,12818.865486742205,0.0,12886.34434714439,-0.005236462613785298
2024-05-12,12818.865486742205,0,12818.865486742205,0.0,12886.34434714439,-0.005236462613785298
2024-05-13,12818.865486742205,0,12818.865486742205,0.0,12886.34434714439,-0.005236462613785298
2024-05-14,12818.865486742205,0,12818.865486742205,0.0,12886.34434714439,-0.005236462613785298
2024-05-15,12818.865486742205,0,12818.865486742205,0.0,12886.34434714439,-0.005236462613785298
2024-05-16,12818.865486742205,0,12818.865486742205,0.0,12886.34434714439,-0.005236462613785298
2024-05-17,12818.865486742205,0,12818.865486742205,0.0,12886.34434714439,-0.005236462613785298
2024-05-18,12818.865486742205,0,12818.865486742205,0.0,12886.34434714439,-0.005236462613785298
2024-05-19,12818.865486742205,0,12818.865486742205,0.0,12886.34434714439,-0.005236462613785298
2024-05-20,12818.865486742205,0,12818.865486742205,0.0,12886.34434714439,-0.005236462613785298
2024-05-21,12818.865486742205,0,12818.865486742205,0.0,12886.34434714439,-0.005236462613785298
2024-05-22,12818.865486742205,0,12818.865486742205,0.0,12886.34434714439,-0.005236462613785298
2024-05-23,12818.865486742205,0,12818.865486742205,0.0,12886.34434714439,-0.005236462613785298
2024-05-24,12818.865486742205,0,12818.865486742205,0.0,12886.34434714439,-0.005236462613785298
2024-05-25,12818.865486742205,0,12818.865486742205,0.0,12886.34434714439,-0.005236462613785298
2024-05-26,12818.865486742205,0,12818.865486742205,0.0,12886.34434714439,-0.005236462613785298
2024-05-27,12818.865486742205,0,12818.865486742205,0.0,12886.34434714439,-0.005236462613785298
2024-05-28,12818.865486742205,0,12818.865486742205,0.0,12886.34434714439,-0.005236462613785298
2024-05-29,12818.865486742205,0,12818.865486742205,0.0,12886.34434714439,-0.005236462613785298
2024-05-30,12818.865486742205,0,12818.865486742205,0.0,12886.34434714439,-0.005236462613785298
2024-05-31,12818.865486742205,0,12818.865486742205,0.0,12886.34434714439,-0.005236462613785298
2024-06-01,12818.865486742205,0,12818.865486742205,0.0,12886.34434714439,-0.005236462613785298
2024-06-02,12818.865486742205,0,12818.865486742205,0.0,12886.34434714439,-0.005236462613785298
2024-06-03,12818.865486742205,0,12818.865486742205,0.0,12886.34434714439,-0.005236462613785298
2024-06-04,7691.319292045322,2,12818.865486742205,0.0,12886.34434714439,-0.005236462613785298
2024-06-05,10203.816927446795,1,12767.590024795236,-0.0040000000000000036,12886.34434714439,-0.0092155167633301
2024-06-06,10203.816927446795,1,12767.590024795236,0.0,12886.34434714439,-0.0092155167633301
2024-06-07,12716.314562848267,0,12716.314562848267,-0.004016064257028162,12886.34434714439,-0.013194570912875014
2024-06-08,12716.314562848267,0,12716.314562848267,0.0,12886.34434714439,-0.013194570912875014
2024-06-09,12716.314562848267,0,12716.314562848267,0.0,12886.34434714439,-0.013194570912875014
2024-06-10,10173.051650278614,1,12716.314562848267,0.0,12886.34434714439,-0.013194570912875014
2024-06-11,10173.051650278614,1,12716.314562848267,0.0,12886.34434714439,-0.013194570912875014
2024-06-12,10173.051650278614,1,12716.314562848267,0.0,12886.34434714439,-0.013194570912875014
2024-06-13,7629.788737708961,2,12716.314562848267,0.0,12886.34434714439,-0.013194570912875014
2024-06-14,7629.788737708961,2,12716.314562848267,0.0,12886.34434714439,-0.013194570912875014
2024-06-15,7629.788737708961,2,12716.314562848267,0.0,12886.34434714439,-0.013194570912875014
2024-06-16,7629.788737708961,2,12716.314562848267,0.0,12886.34434714439,-0.013194570912875014
2024-06-17,12667.03152709482,0,12667.03152709482,-0.0038755753885981736,12886.34434714439,-0.01701900974718018
2024-06-18,12667.03152709482,0,12667.03152709482,0.0,12886.34434714439,-0.01701900974718018
2024-06-19,12667.03152709482,0,12667.03152709482,0.0,12886.34434714439,-0.01701900974718018
2024-06-20,12667.03152709482,0,12667.03152709482,0.0,12886.34434714439,-0.01701900974718018
2024-06-21,10133.625221675855,1,12667.03152709482,0.0,12886.34434714439,-0.01701900974718018
2024-06-22,10133.625221675855,1,12667.03152709482,0.0,12886.34434714439,-0.01701900974718018
2024-06-23,10133.625221675855,1,12667.03152709482,0.0,12886.34434714439,-0.01701900974718018
2024-06-24,10133.625221675855,1,12667.03152709482,0.0,12886.34434714439,-0.01701900974718018
2024-06-25,5066.812610837926,3,12667.031527094818,-1.1102230246251565e-16,12886.34434714439,-0.01701900974718029
2024-06-26,2503.005429753935,4,12616.36340098644,-0.0039999999999998925,12886.34434714439,-0.020950933708191455
2024-06-27,2503.005429753935,4,12616.36340098644,0.0,12886.34434714439,-0.020950933708191455
2024-06-28,4998.254945898067,3,12568.6674143929,-0.003780486109793868,12886.34434714439,-0.024652215104114306
2024-06-29,4998.254945898067,3,12568.6674143929,0.0,12886.34434714439,-0.024652215104114306
2024-06-30,4998.254945898067,3,12568.6674143929,0.0,12886.34434714439,-0.024652215104114306
2024-07-01,2484.5214630194864,4,12568.667414392898,-1.1102230246251565e-16,12886.34434714439,-0.024652215104114417
2024-07-02,7504.484517783618,2,12541.490680859486,-0.0021622605354558733,12886.34434714439,-0.026761171127739014
2024-07-03,12673.486680210248,0,12673.486680210248,0.010524745639066024,12886.34434714439,-0.016518080007796088
2024-07-04,12673.486680210248,0,12673.486680210248,0.0,12886.34434714439,-0.016518080007796088
2024-07-05,12673.486680210248,0,12673.486680210248,0.0,12886.34434714439,-0.016518080007796088
2024-07-06,12673.486680210248,0,12673.486680210248,0.0,12886.34434714439,-0.016518080007796088
2024-07-07,12673.486680210248,0,12673.486680210248,0.0,12886.34434714439,-0.016518080007796088
2024-07-08,12673.486680210248,0,12673.486680210248,0.0,12886.34434714439,-0.016518080007796088
2024-07-09,12673.486680210248,0,12673.486680210248,0.0,12886.34434714439,-0.016518080007796088
2024-07-10,10138.789344168199,1,12673.486680210248,0.0,12886.34434714439,-0.016518080007796088
2024-07-11,10138.789344168199,1,12673.486680210248,0.0,12886.34434714439,-0.016518080007796088
2024-07-12,2534.6973360420498,4,12673.486680210248,0.0,12886.34434714439,-0.016518080007796088
2024-07-13,2534.6973360420498,4,12673.486680210248,0.0,12886.34434714439,-0.016518080007796088
2024-07-14,2534.6973360420498,4,12673.486680210248,0.0,12886.34434714439,-0.016518080007796088
2024-07-15,5170.782565525782,3,12774.87457365193,0.008000000000000007,12886.34434714439,-0.008650224647858362
2024-07-16,5170.782565525782,3,12774.87457365193,0.0,12886.34434714439,-0.008650224647858362
2024-07-17,12622.79273348941,0,12622.79273348941,-0.01190476190476164,12886.34434714439,-0.020452007687764673
2024-07-18,5049.117093395763,3,12622.792733489408,-1.1102230246251565e-16,12886.34434714439,-0.020452007687764784
2024-07-19,2484.1656099507163,4,12521.810391621493,-0.008000000000000007,12886.34434714439,-0.02828839162626262
2024-07-20,2484.1656099507163,4,12521.810391621493,0.0,12886.34434714439,-0.02828839162626262
2024-07-21,2484.1656099507163,4,12521.810391621493,0.0,12886.34434714439,-0.02828839162626262
2024-07-22,2444.095816697527,4,12471.723150055008,-0.0039999999999998925,12886.34434714439,-0.03217523805975753
2024-07-23,2444.095816697527,4,12471.723150055008,0.0,12886.34434714439,-0.03217523805975753
2024-07-24,4888.553554108308,3,12421.836257454786,-0.004000000000000115,12886.34434714439,-0.036046537107518595
2024-07-25,2427.639066795986,4,12393.938705740973,-0.0022458476456789223,12886.34434714439,-0.03821142972269975
2024-07-26,7499.435845398755,2,12457.011327695145,0.005088989340003458,12886.34434714439,-0.03331689794122139
2024-07-27,7499.435845398755,2,12457.011327695145,0.0,12886.34434714439,-0.03331689794122139
2024-07-28,7499.435845398755,2,12457.011327695145,0.0,12886.34434714439,-0.03331689794122139
2024-07-29,10077.375096192878,1,12556.162837341073,0.007959494218768848,12886.34434714439,-0.02562258937900297
2024-07-30,12655.314346987001,0,12655.314346987001,0.00789664095077347,12886.34434714439,-0.017928280816784548
2024-07-31,12655.314346987001,0,12655.314346987001,0.0,12886.34434714439,-0.017928280816784548
2024-08-01,7593.188608192201,2,12655.314346987001,0.0,12886.34434714439,-0.017928280816784548
2024-08-02,7623.561362624969,2,12705.93560437495,0.0040000000000000036,12886.34434714439,-0.01399999394005158
2024-08-03,12604.28811953995,0,12604.28811953995,-0.008000000000000118,12886.34434714439,-0.02188799398853125
2024-08-04,12604.28811953995,0,12604.28811953995,0.0,12886.34434714439,-0.02188799398853125
2024-08-05,7562.572871723969,2,12604.28811953995,0.0,12886.34434714439,-0.02188799398853125
2024-08-06,7562.572871723969,2,12604.28811953995,0.0,12886.34434714439,-0.02188799398853125
2024-08-07,10184.264800588278,1,12705.122424496269,0.008000000000000007,12886.34434714439,-0.014063097940439584
2024-08-08,7643.240315689025,2,12705.122424496269,0.0,12886.34434714439,-0.014063097940439584
2024-08-09,7643.240315689025,2,12705.122424496269,0.0,12886.34434714439,-0.014063097940439584
2024-08-10,7643.240315689025,2,12705.122424496269,0.0,12886.34434714439,-0.014063097940439584
2024-08-11,7643.240315689025,2,12705.122424496269,0.0,12886.34434714439,-0.014063097940439584
2024-08-12,10163.887880745431,1,12704.912365644685,-1.6533398464524396e-05,12886.34434714439,-0.014079398828102163
2024-08-13,10163.887880745431,1,12704.912365644685,0.0,12886.34434714439,-0.014079398828102163
2024-08-14,10163.887880745431,1,12704.912365644685,0.0,12886.34434714439,-0.014079398828102163
2024-08-15,12806.553345040655,0,12806.553345040655,0.008000132269374571,12886.34434714439,-0.006191903611625693
2024-08-16,12806.553345040655,0,12806.553345040655,0.0,12886.34434714439,-0.006191903611625693
2024-08-17,12806.553345040655,0,12806.553345040655,0.0,12886.34434714439,-0.006191903611625693
2024-08-18,12806.553345040655,0,12806.553345040655,0.0,12886.34434714439,-0.006191903611625693
2024-08-19,12806.553345040655,0,12806.553345040655,0.0,12886.34434714439,-0.006191903611625693
2024-08-20,12806.553345040655,0,12806.553345040655,0.0,12886.34434714439,-0.006191903611625693
2024-08-21,10245.242676032523,1,12806.553345040655,0.0,12886.34434714439,-0.006191903611625693
2024-08-22,10245.242676032523,1,12806.553345040655,0.0,12886.34434714439,-0.006191903611625693
2024-08-23,5122.621338016261,3,12806.553345040655,0.0,12886.34434714439,-0.006191903611625693
2024-08-24,5122.621338016261,3,12806.553345040655,0.0,12886.34434714439,-0.006191903611625693
2024-08-25,5122.621338016261,3,12806.553345040655,0.0,12886.34434714439,-0.006191903611625693
2024-08-26,10296.468889412685,1,12857.779558420816,0.0040000000000000036,12886.34434714439,-0.0022166712260722754
2024-08-27,10296.468889412685,1,12857.779558420816,0.0,12886.34434714439,-0.0022166712260722754
2024-08-28,12891.4078687087,0,12891.4078687087,0.0026154057265557196,12891.4078687087,0.0
2024-08-29,7734.8447212252195,2,12891.4078687087,0.0,12891.4078687087,0.0
2024-08-30,12788.27660575903,0,12788.27660575903,-0.008000000000000007,12891.4078687087,-0.008000000000000007
2024-08-31,12788.27660575903,0,12788.27660575903,0.0,12891.4078687087,-0.008000000000000007
2024-09-01,12788.27660575903,0,12788.27660575903,0.0,12891.4078687087,-0.008000000000000007
2024-09-02,12788.27660575903,0,12788.27660575903,0.0,12891.4078687087,-0.008000000000000007
2024-09-03,12788.27660575903,0,12788.27660575903,0.0,12891.4078687087,-0.008000000000000007
2024-09-04,5115.310642303613,3,12788.276605759032,2.220446049250313e-16,12891.4078687087,-0.007999999999999896
2024-09-05,7621.812857032383,2,12737.123499335996,-0.0040000000000000036,12891.4078687087,-0.011967999999999868
2024-09-06,5074.388157165184,3,12737.123499335996,0.0,12891.4078687087,-0.011967999999999868
2024-09-07,5074.388157165184,3,12737.123499335996,0.0,12891.4078687087,-0.011967999999999868
2024-09-08,5074.388157165184,3,12737.123499335996,0.0,12891.4078687087,-0.011967999999999868
2024-09-09,5043.696293311363,3,12685.970392912961,-0.004016064257028051,12891.4078687087,-0.01593599999999984
2024-09-10,7530.146490322303,2,12635.226511341309,-0.0040000000000000036,12891.4078687087,-0.019872255999999866
2024-09-11,10118.798700598638,1,12666.223400465837,0.0024532119860856128,12891.4078687087,-0.017467794870524078
2024-09-12,10118.798700598638,1,12666.223400465837,0.0,12891.4078687087,-0.017467794870524078
2024-09-13,12675.967092827983,0,12675.967092827983,0.0007692657909212919,12891.4078687087,-0.016711966456639415
2024-09-14,12675.967092827983,0,12675.967092827983,0.0,12891.4078687087,-0.016711966456639415
2024-09-15,12675.967092827983,0,12675.967092827983,0.0,12891.4078687087,-0.016711966456639415
2024-09-16,12675.967092827983,0,12675.967092827983,0.0,12891.4078687087,-0.016711966456639415
2024-09-17,12675.967092827983,0,12675.967092827983,0.0,12891.4078687087,-0.016711966456639415
2024-09-18,10140.773674262386,1,12675.967092827983,0.0,12891.4078687087,-0.016711966456639415
2024-09-19,7605.580255696788,2,12675.967092827981,-1.1102230246251565e-16,12891.4078687087,-0.016711966456639527
2024-09-20,5070.386837131192,3,12675.967092827981,0.0,12891.4078687087,-0.016711966456639527
2024-09-21,5070.386837131192,3,12675.967092827981,0.0,12891.4078687087,-0.016711966456639527
2024-09-22,5070.386837131192,3,12675.967092827981,0.0,12891.4078687087,-0.016711966456639527
2024-09-23,2535.1934185655955,4,12675.967092827981,0.0,12891.4078687087,-0.016711966456639527
2024-09-24,2535.1934185655955,4,12675.967092827981,0.0,12891.4078687087,-0.016711966456639527
2024-09-25,5159.363492522598,3,12764.943748219388,0.007019318900074234,12891.4078687087,-0.009809954178571778
2024-09-26,7717.6792322642,2,12788.066069395394,0.0018113923282452316,12891.4078687087,-0.008016331526066067
2024-09-27,10323.457358651725,1,12858.65077721732,0.00551957641123324,12891.4078687087,-0.0025410018692287872
2024-09-28,10323.457358651725,1,12858.65077721732,0.0,12891.4078687087,-0.0025410018692287872
2024-09-29,10323.457358651725,1,12858.65077721732,0.0,12891.4078687087,-0.0025410018692287872
2024-09-30,12852.242709681297,0,12852.242709681297,-0.0004983468053566531,12891.4078687087,-0.0030380823744216023
2024-10-01,12852.242709681297,0,12852.242709681297,0.0,12891.4078687087,-0.0030380823744216023
2024-10-02,5140.89708387252,3,12852.242709681299,2.220446049250313e-16,12891.4078687087,-0.0030380823744213803
2024-10-03,2570.44854193626,4,12852.242709681297,-1.1102230246251565e-16,12891.4078687087,-0.0030380823744216023
2024-10-04,2529.3213652652794,4,12800.833738842573,-0.0039999999999998925,12891.4078687087,-0.0070259300449238005
2024-10-05,2529.3213652652794,4,12800.833738842573,0.0,12891.4078687087,-0.0070259300449238005
2024-10-06,2529.3213652652794,4,12800.833738842573,0.0,12891.4078687087,-0.0070259300449238005
2024-10-07,10076.363920273492,1,12646.812462209751,-0.012032128514056328,12891.4078687087,-0.018973521665748838
2024-10-08,5038.161396548412,3,12595.40349137103,-0.004064974553259049,12891.4078687087,-0.022961369336250814
2024-10-09,5038.161396548412,3,12595.40349137103,0.0,12891.4078687087,-0.022961369336250814
2024-10-10,7658.005322753586,2,12696.166719301997,0.008000000000000007,12891.4078687087,-0.015145060290940981
2024-10-11,5159.077270065574,3,12796.929947232966,0.007936507936507908,12891.4078687087,-0.007328751245630927
2024-10-12,5159.077270065574,3,12796.929947232966,0.0,12891.4078687087,-0.007328751245630927
2024-10-13,5159.077270065574,3,12796.929947232966,0.0,12891.4078687087,-0.007328751245630927
2024-10-14,5159.077270065574,3,12796.929947232966,0.0,12891.4078687087,-0.007328751245630927
2024-10-15,7674.236810371951,2,12792.02849977318,-0.0003830174487159388,12891.4078687087,-0.007708961654742441
2024-10-16,2557.4254104626793,4,12792.028499773181,2.220446049250313e-16,12891.4078687087,-0.00770896165474233
2024-10-17,2557.4254104626793,4,12792.028499773181,0.0,12891.4078687087,-0.00770896165474233
2024-10-18,5104.607120583798,3,12779.824220447706,-0.000954053481485917,12891.4078687087,-0.008655660374522811
2024-10-19,5104.607120583798,3,12779.824220447706,0.0,12891.4078687087,-0.008655660374522811
2024-10-20,5104.607120583798,3,12779.824220447706,0.0,12891.4078687087,-0.008655660374522811
2024-10-21,5104.607120583798,3,12779.824220447706,0.0,12891.4078687087,-0.008655660374522811
2024-10-22,2548.0402543915056,4,12774.752757167964,-0.000396833570811439,12891.4078687087,-0.009049059088720113
2024-10-23,7600.562468932872,2,12710.463571800057,-0.005032518952809761,12891.4078687087,-0.014036038480160773
2024-10-24,2516.3770402128494,4,12710.463571800057,0.0,12891.4078687087,-0.014036038480160773
2024-10-25,2516.3770402128494,4,12710.463571800057,0.0,12891.4078687087,-0.014036038480160773
2024-10-26,2516.3770402128494,4,12710.463571800057,0.0,12891.4078687087,-0.014036038480160773
2024-10-27,2516.3770402128494,4,12710.463571800057,0.0,12891.4078687087,-0.014036038480160773
2024-10-28,2516.3770402128494,4,12710.463571800057,0.0,12891.4078687087,-0.014036038480160773
2024-10-29,7611.011106109088,2,12695.196534829112,-0.001201139272749785,12891.4078687087,-0.015220318515858255
2024-10-30,10254.7875290435,1,12796.880243403511,0.008009620669946482,12891.4078687087,-0.007332606823699628
2024-10-31,10196.830711293049,1,12746.038389116311,-0.0039729882065129285,12891.4078687087,-0.011276462669778997
2024-11-01,0.0,5,12746.038389116311,0.0,12891.4078687087,-0.011276462669778997
2024-11-02,0.0,5,12746.038389116311,0.0,12891.4078687087,-0.011276462669778997
2024-11-03,0.0,5,12746.038389116311,0.0,12891.4078687087,-0.011276462669778997
2024-11-04,2498.223524266797,4,12695.054235559846,-0.0040000000000000036,12891.4078687087,-0.015231356819099817
2024-11-05,2498.223524266797,4,12695.054235559846,0.0,12891.4078687087,-0.015231356819099817
2024-11-06,13102.92746401157,0,13102.92746401157,0.032128514056224855,13102.92746401157,0.0
2024-11-07,13102.92746401157,0,13102.92746401157,0.0,13102.92746401157,0.0
2024-11-08,13102.92746401157,0,13102.92746401157,0.0,13102.92746401157,0.0
2024-11-09,13102.92746401157,0,13102.92746401157,0.0,13102.92746401157,0.0
2024-11-10,13102.92746401157,0,13102.92746401157,0.0,13102.92746401157,0.0
2024-11-11,10482.341971209255,1,13102.92746401157,0.0,13102.92746401157,0.0
2024-11-12,10482.341971209255,1,13102.92746401157,0.0,13102.92746401157,0.0
2024-11-13,13050.515754155522,0,13050.515754155522,-0.004000000000000115,13102.92746401157,-0.004000000000000115
2024-11-14,13050.515754155522,0,13050.515754155522,0.0,13102.92746401157,-0.004000000000000115
2024-11-15,10440.412603324417,1,13050.515754155522,0.0,13102.92746401157,-0.004000000000000115
2024-11-16,10440.412603324417,1,13050.515754155522,0.0,13102.92746401157,-0.004000000000000115
2024-11-17,10440.412603324417,1,13050.515754155522,0.0,13102.92746401157,-0.004000000000000115
2024-11-18,10398.650952911119,1,12998.3136911389,-0.0040000000000000036,13102.92746401157,-0.007984000000000102
2024-11-19,13102.30020066801,0,13102.30020066801,0.008000000000000007,13102.92746401157,-4.787200000011538e-05
2024-11-20,10481.840160534408,1,13102.30020066801,0.0,13102.92746401157,-4.787200000011538e-05
2024-11-21,10481.840160534408,1,13102.30020066801,0.0,13102.92746401157,-4.787200000011538e-05
2024-11-22,10481.840160534408,1,13102.30020066801,0.0,13102.92746401157,-4.787200000011538e-05
2024-11-23,10481.840160534408,1,13102.30020066801,0.0,13102.92746401157,-4.787200000011538e-05
2024-11-24,10481.840160534408,1,13102.30020066801,0.0,13102.92746401157,-4.787200000011538e-05
2024-11-25,10481.840160534408,1,13102.30020066801,0.0,13102.92746401157,-4.787200000011538e-05
2024-11-26,5240.920080267202,3,13102.300200668009,-1.1102230246251565e-16,13102.92746401157,-4.78720000002264e-05
2024-11-27,10396.686354372629,1,13017.146394506231,-0.006499149375117863,13102.92746401157,-0.006546710247839149
2024-11-28,10396.686354372629,1,13017.146394506231,0.0,13102.92746401157,-0.006546710247839149
2024-11-29,7793.2570754713815,2,13017.146394506231,0.0,13102.92746401157,-0.006546710247839149
2024-11-30,7793.2570754713815,2,13017.146394506231,0.0,13102.92746401157,-0.006546710247839149
2024-12-01,7793.2570754713815,2,13017.146394506231,0.0,13102.92746401157,-0.006546710247839149
2024-12-02,10518.535517210328,1,13121.964796111575,0.00805233331704569,13121.964796111575,0.0
2024-12-03,10518.535517210328,1,13121.964796111575,0.0,13121.964796111575,0.0
2024-12-04,13226.101967267625,0,13226.101967267625,0.007936095910492602,13226.101967267625,0.0
2024-12-05,10580.8815738141,1,13226.101967267625,0.0,13226.101967267625,0.0
2024-12-06,13173.197559398555,0,13173.197559398555,-0.0039999999999998925,13226.101967267625,-0.0039999999999998925
2024-12-07,13173.197559398555,0,13173.197559398555,0.0,13226.101967267625,-0.0039999999999998925
2024-12-08,13173.197559398555,0,13173.197559398555,0.0,13226.101967267625,-0.0039999999999998925
2024-12-09,10538.558047518844,1,13173.197559398555,0.0,13226.101967267625,-0.0039999999999998925
2024-12-10,10538.558047518844,1,13173.197559398555,0.0,13226.101967267625,-0.0039999999999998925
2024-12-11,10538.558047518844,1,13173.197559398555,0.0,13226.101967267625,-0.0039999999999998925
2024-12-12,10538.558047518844,1,13173.197559398555,0.0,13226.101967267625,-0.0039999999999998925
2024-12-13,13120.504769160962,0,13120.504769160962,-0.0040000000000000036,13226.101967267625,-0.00798399999999988
2024-12-14,13120.504769160962,0,13120.504769160962,0.0,13226.101967267625,-0.00798399999999988
2024-12-15,13120.504769160962,0,13120.504769160962,0.0,13226.101967267625,-0.00798399999999988
2024-12-16,13120.504769160962,0,13120.504769160962,0.0,13226.101967267625,-0.00798399999999988
2024-12-17,13120.504769160962,0,13120.504769160962,0.0,13226.101967267625,-0.00798399999999988
2024-12-18,13120.504769160962,0,13120.504769160962,0.0,13226.101967267625,-0.00798399999999988
2024-12-19,5248.201907664385,3,13120.504769160962,0.0,13226.101967267625,-0.00798399999999988
2024-12-20,10391.439777175481,1,13015.540731007673,-0.008000000000000007,13226.101967267625,-0.015920127999999867
2024-12-21,10391.439777175481,1,13015.540731007673,0.0,13226.101967267625,-0.015920127999999867
2024-12-22,10391.439777175481,1,13015.540731007673,0.0,13226.101967267625,-0.015920127999999867
2024-12-23,10391.439777175481,1,13015.540731007673,0.0,13226.101967267625,-0.015920127999999867
2024-12-24,10496.40381532877,1,13120.504769160962,0.008064516129032251,13226.101967267625,-0.00798399999999988
2024-12-25,10496.40381532877,1,13120.504769160962,0.0,13226.101967267625,-0.00798399999999988
2024-12-26,10496.40381532877,1,13120.504769160962,0.0,13226.101967267625,-0.00798399999999988
2024-12-27,10496.40381532877,1,13120.504769160962,0.0,13226.101967267625,-0.00798399999999988
2024-12-28,10496.40381532877,1,13120.504769160962,0.0,13226.101967267625,-0.00798399999999988
2024-12-29,10496.40381532877,1,13120.504769160962,0.0,13226.101967267625,-0.00798399999999988
2024-12-30,10496.40381532877,1,13120.504769160962,0.0,13226.101967267625,-0.00798399999999988
2024-12-31,7872.302861496577,2,13120.504769160962,0.0,13226.101967267625,-0.00798399999999988
2025-01-01,7872.302861496577,2,13120.504769160962,0.0,13226.101967267625,-0.00798399999999988
2025-01-02,13057.278592520383,0,13057.278592520383,-0.004818882943374958,13226.101967267625,-0.012764408981954856
2025-01-03,7834.36715551223,2,13057.278592520383,0.0,13226.101967267625,-0.012764408981954856
2025-01-04,7834.36715551223,2,13057.278592520383,0.0,13226.101967267625,-0.012764408981954856
2025-01-05,7834.36715551223,2,13057.278592520383,0.0,13226.101967267625,-0.012764408981954856
2025-01-06,7834.36715551223,2,13057.278592520383,0.0,13226.101967267625,-0.012764408981954856
2025-01-07,7834.36715551223,2,13057.278592520383,0.0,13226.101967267625,-0.012764408981954856
2025-01-08,7834.36715551223,2,13057.278592520383,0.0,13226.101967267625,-0.012764408981954856
2025-01-09,7834.36715551223,2,13057.278592520383,0.0,13226.101967267625,-0.012764408981954856
2025-01-10,12952.82036378022,0,12952.82036378022,-0.008000000000000007,13226.101967267625,-0.0206622937100992
2025-01-11,12952.82036378022,0,12952.82036378022,0.0,13226.101967267625,-0.0206622937100992
2025-01-12,12952.82036378022,0,12952.82036378022,0.0,13226.101967267625,-0.0206622937100992
2025-01-13,12952.82036378022,0,12952.82036378022,0.0,13226.101967267625,-0.0206622937100992
2025-01-14,12952.82036378022,0,12952.82036378022,0.0,13226.101967267625,-0.0206622937100992
2025-01-15,12952.82036378022,0,12952.82036378022,0.0,13226.101967267625,-0.0206622937100992
2025-01-16,12952.82036378022,0,12952.82036378022,0.0,13226.101967267625,-0.0206622937100992
2025-01-17,12952.82036378022,0,12952.82036378022,0.0,13226.101967267625,-0.0206622937100992
2025-01-18,12952.82036378022,0,12952.82036378022,0.0,13226.101967267625,-0.0206622937100992
2025-01-19,12952.82036378022,0,12952.82036378022,0.0,13226.101967267625,-0.0206622937100992
2025-01-20,12952.82036378022,0,12952.82036378022,0.0,13226.101967267625,-0.0206622937100992
2025-01-21,12952.82036378022,0,12952.82036378022,0.0,13226.101967267625,-0.0206622937100992
2025-01-22,10362.256291024176,1,12952.82036378022,0.0,13226.101967267625,-0.0206622937100992
2025-01-23,10362.256291024176,1,12952.82036378022,0.0,13226.101967267625,-0.0206622937100992
2025-01-24,10362.256291024176,1,12952.82036378022,0.0,13226.101967267625,-0.0206622937100992
2025-01-25,10362.256291024176,1,12952.82036378022,0.0,13226.101967267625,-0.0206622937100992
2025-01-26,10362.256291024176,1,12952.82036378022,0.0,13226.101967267625,-0.0206622937100992
2025-01-27,10362.256291024176,1,12952.82036378022,0.0,13226.101967267625,-0.0206622937100992
2025-01-28,5181.128145512088,3,12952.82036378022,0.0,13226.101967267625,-0.0206622937100992
2025-01-29,7738.998294338973,2,12920.126439851061,-0.0025240776148320876,13226.101967267625,-0.023134218091906522
2025-01-30,10253.203101552655,1,12816.50387694082,-0.008020243717633102,13226.101967267625,-0.03096891974222571
2025-01-31,10335.228726365076,1,12919.035907956346,0.008000000000000007,13226.101967267625,-0.023216671100163566
2025-02-01,12867.35976432452,0,12867.35976432452,-0.004000000000000115,13226.101967267625,-0.02712380441576301
2025-02-02,12867.35976432452,0,12867.35976432452,0.0,13226.101967267625,-0.02712380441576301
2025-02-03,12867.35976432452,0,12867.35976432452,0.0,13226.101967267625,-0.02712380441576301
2025-02-04,12867.35976432452,0,12867.35976432452,0.0,13226.101967267625,-0.02712380441576301
2025-02-05,12867.35976432452,0,12867.35976432452,0.0,13226.101967267625,-0.02712380441576301
2025-02-06,10293.887811459615,1,12867.35976432452,0.0,13226.101967267625,-0.02712380441576301
2025-02-07,12815.89032526722,0,12815.89032526722,-0.0040000000000000036,13226.101967267625,-0.031015309198100027
2025-02-08,12815.89032526722,0,12815.89032526722,0.0,13226.101967267625,-0.031015309198100027
2025-02-09,12815.89032526722,0,12815.89032526722,0.0,13226.101967267625,-0.031015309198100027
2025-02-10,12815.89032526722,0,12815.89032526722,0.0,13226.101967267625,-0.031015309198100027
2025-02-11,12815.89032526722,0,12815.89032526722,0.0,13226.101967267625,-0.031015309198100027
2025-02-12,12815.89032526722,0,12815.89032526722,0.0,13226.101967267625,-0.031015309198100027
2025-02-13,12815.89032526722,0,12815.89032526722,0.0,13226.101967267625,-0.031015309198100027
2025-02-14,10252.712260213777,1,12815.89032526722,0.0,13226.101967267625,-0.031015309198100027
2025-02-15,10252.712260213777,1,12815.89032526722,0.0,13226.101967267625,-0.031015309198100027
2025-02-16,10252.712260213777,1,12815.89032526722,0.0,13226.101967267625,-0.031015309198100027
2025-02-17,10252.712260213777,1,12815.89032526722,0.0,13226.101967267625,-0.031015309198100027
2025-02-18,12764.626763966153,0,12764.626763966153,-0.0039999999999998925,13226.101967267625,-0.03489124796130749
2025-02-19,10211.701411172922,1,12764.626763966153,0.0,13226.101967267625,-0.03489124796130749
2025-02-20,10211.701411172922,1,12764.626763966153,0.0,13226.101967267625,-0.03489124796130749
2025-02-21,5085.427302764115,3,12713.56825691029,-0.0039999999999998925,13226.101967267625,-0.03875168296946219
2025-02-22,10069.146059472947,1,12611.859710855006,-0.008000000000000118,13226.101967267625,-0.046441669505706606
2025-02-23,10069.146059472947,1,12611.859710855006,0.0,13226.101967267625,-0.046441669505706606
2025-02-24,7546.774117301946,2,12611.859710855006,0.0,13226.101967267625,-0.046441669505706606
2025-02-25,10018.698620629528,1,12561.412272011587,-0.0039999999999998925,13226.101967267625,-0.050255902827683774
2025-02-26,10018.698620629528,1,12561.412272011587,0.0,13226.101967267625,-0.050255902827683774
2025-02-27,4994.133711824894,3,12561.412272011587,0.0,13226.101967267625,-0.050255902827683774
2025-02-28,7571.254539439347,2,12595.819448243983,0.002739116867381153,13226.101967267625,-0.047654442751423276
2025-03-01,7571.254539439347,2,12595.819448243983,0.0,13226.101967267625,-0.047654442751423276
2025-03-02,7571.254539439347,2,12595.819448243983,0.0,13226.101967267625,-0.047654442751423276
2025-03-03,7571.254539439347,2,12595.819448243983,0.0,13226.101967267625,-0.047654442751423276
2025-03-04,7644.7661427337425,2,12696.310746420075,0.007978146923192098,13226.101967267625,-0.04005648997404476
2025-03-05,2545.9277469714407,4,12645.525503434394,-0.004000000000000115,13226.101967267625,-0.0438962640141487
2025-03-06,7594.125580048521,2,12652.33578142228,0.0005385523904115619,13226.101967267625,-0.043381352061651945
2025-03-07,2511.5963710765373,4,12601.75367940854,-0.003997846949968742,13226.101967267625,-0.047205767005595534
2025-03-08,7451.483813404686,2,12500.939649973274,-0.007999999999999896,13226.101967267625,-0.05482812086955069
2025-03-09,7451.483813404686,2,12500.939649973274,0.0,13226.101967267625,-0.05482812086955069
2025-03-10,10081.753118119039,1,12602.103854000747,0.008092527990700926,13226.101967267625,-0.04717929098166407
2025-03-11,12551.696839283113,0,12551.696839283113,-0.003999888852021405,13226.101967267625,-0.05099046791364159
2025-03-12,5020.678735713245,3,12551.696839283113,0.0,13226.101967267625,-0.05099046791364159
2025-03-13,7480.811316212736,2,12501.49005192598,-0.0040000000000000036,13226.101967267625,-0.05478650604198698
2025-03-14,7480.811316212736,2,12501.49005192598,0.0,13226.101967267625,-0.05478650604198698
2025-03-15,7480.811316212736,2,12501.49005192598,0.0,13226.101967267625,-0.05478650604198698
2025-03-16,7480.811316212736,2,12501.49005192598,0.0,13226.101967267625,-0.05478650604198698
2025-03-17,9940.943896712226,1,12451.283264568849,-0.004016064257028051,13226.101967267625,-0.058582544170332373
2025-03-18,9940.943896712226,1,12451.283264568849,0.0,13226.101967267625,-0.058582544170332373
2025-03-19,12460.981514057616,0,12460.981514057616,0.0007788955790897223,13226.101967267625,-0.0578492782759088
2025-03-20,12460.981514057616,0,12460.981514057616,0.0,13226.101967267625,-0.0578492782759088
2025-03-21,12460.981514057616,0,12460.981514057616,0.0,13226.101967267625,-0.0578492782759088
2025-03-22,12460.981514057616,0,12460.981514057616,0.0,13226.101967267625,-0.0578492782759088
2025-03-23,12460.981514057616,0,12460.981514057616,0.0,13226.101967267625,-0.0578492782759088
2025-03-24,12460.981514057616,0,12460.981514057616,0.0,13226.101967267625,-0.0578492782759088
2025-03-25,12460.981514057616,0,12460.981514057616,0.0,13226.101967267625,-0.0578492782759088
2025-03-26,9968.785211246093,1,12460.981514057617,2.220446049250313e-16,13226.101967267625,-0.05784927827590858
2025-03-27,12411.137588001386,0,12411.137588001386,-0.004000000000000115,13226.101967267625,-0.06161788116280509
2025-03-28,12411.137588001386,0,12411.137588001386,0.0,13226.101967267625,-0.06161788116280509
2025-03-29,12411.137588001386,0,12411.137588001386,0.0,13226.101967267625,-0.06161788116280509
2025-03-30,12411.137588001386,0,12411.137588001386,0.0,13226.101967267625,-0.06161788116280509
2025-03-31,12411.137588001386,0,12411.137588001386,0.0,13226.101967267625,-0.06161788116280509
2025-04-01,12411.137588001386,0,12411.137588001386,0.0,13226.101967267625,-0.06161788116280509
2025-04-02,12411.137588001386,0,12411.137588001386,0.0,13226.101967267625,-0.06161788116280509
2025-04-03,12411.137588001386,0,12411.137588001386,0.0,13226.101967267625,-0.06161788116280509
2025-04-04,12411.137588001386,0,12411.137588001386,0.0,13226.101967267625,-0.06161788116280509
2025-04-05,12411.137588001386,0,12411.137588001386,0.0,13226.101967267625,-0.06161788116280509
2025-04-06,12411.137588001386,0,12411.137588001386,0.0,13226.101967267625,-0.06161788116280509
2025-04-07,12411.137588001386,0,12411.137588001386,0.0,13226.101967267625,-0.06161788116280509
2025-04-08,9928.910070401109,1,12411.137588001386,0.0,13226.101967267625,-0.06161788116280509
2025-04-09,12361.49303764938,0,12361.49303764938,-0.0040000000000000036,13226.101967267625,-0.06537140963815391
2025-04-10,12361.49303764938,0,12361.49303764938,0.0,13226.101967267625,-0.06537140963815391
2025-04-11,12361.49303764938,0,12361.49303764938,0.0,13226.101967267625,-0.06537140963815391
2025-04-12,12361.49303764938,0,12361.49303764938,0.0,13226.101967267625,-0.06537140963815391
2025-04-13,12361.49303764938,0,12361.49303764938,0.0,13226.101967267625,-0.06537140963815391
2025-04-14,12361.49303764938,0,12361.49303764938,0.0,13226.101967267625,-0.06537140963815391
2025-04-15,12361.49303764938,0,12361.49303764938,0.0,13226.101967267625,-0.06537140963815391
2025-04-16,12361.49303764938,0,12361.49303764938,0.0,13226.101967267625,-0.06537140963815391
2025-04-17,12361.49303764938,0,12361.49303764938,0.0,13226.101967267625,-0.06537140963815391
2025-04-18,12361.49303764938,0,12361.49303764938,0.0,13226.101967267625,-0.06537140963815391
2025-04-19,12361.49303764938,0,12361.49303764938,0.0,13226.101967267625,-0.06537140963815391
2025-04-20,12361.49303764938,0,12361.49303764938,0.0,13226.101967267625,-0.06537140963815391
2025-04-21,12361.49303764938,0,12361.49303764938,0.0,13226.101967267625,-0.06537140963815391
2025-04-22,12361.49303764938,0,12361.49303764938,0.0,13226.101967267625,-0.06537140963815391
2025-04-23,12361.49303764938,0,12361.49303764938,0.0,13226.101967267625,-0.06537140963815391
2025-04-24,12361.49303764938,0,12361.49303764938,0.0,13226.101967267625,-0.06537140963815391
2025-04-25,12361.49303764938,0,12361.49303764938,0.0,13226.101967267625,-0.06537140963815391
2025-04-26,12361.49303764938,0,12361.49303764938,0.0,13226.101967267625,-0.06537140963815391
2025-04-27,12361.49303764938,0,12361.49303764938,0.0,13226.101967267625,-0.06537140963815391
2025-04-28,12361.49303764938,0,12361.49303764938,0.0,13226.101967267625,-0.06537140963815391
2025-04-29,12361.49303764938,0,12361.49303764938,0.0,13226.101967267625,-0.06537140963815391
2025-04-30,12361.49303764938,0,12361.49303764938,0.0,13226.101967267625,-0.06537140963815391
2025-05-01,12361.49303764938,0,12361.49303764938,0.0,13226.101967267625,-0.06537140963815391
2025-05-02,12361.49303764938,0,12361.49303764938,0.0,13226.101967267625,-0.06537140963815391
2025-05-03,12361.49303764938,0,12361.49303764938,0.0,13226.101967267625,-0.06537140963815391
2025-05-04,12361.49303764938,0,12361.49303764938,0.0,13226.101967267625,-0.06537140963815391
2025-05-05,12361.49303764938,0,12361.49303764938,0.0,13226.101967267625,-0.06537140963815391
2025-05-06,12361.49303764938,0,12361.49303764938,0.0,13226.101967267625,-0.06537140963815391
2025-05-07,9889.194430119504,1,12361.49303764938,0.0,13226.101967267625,-0.06537140963815391
2025-05-08,9889.194430119504,1,12361.49303764938,0.0,13226.101967267625,-0.06537140963815391
2025-05-09,7416.895822589628,2,12361.49303764938,0.0,13226.101967267625,-0.06537140963815391
2025-05-10,7416.895822589628,2,12361.49303764938,0.0,13226.101967267625,-0.06537140963815391
2025-05-11,7416.895822589628,2,12361.49303764938,0.0,13226.101967267625,-0.06537140963815391
2025-05-12,9839.748457968906,1,12312.047065498782,-0.0040000000000000036,13226.101967267625,-0.06910992399960125
2025-05-13,7377.33904486915,2,12312.047065498782,0.0,13226.101967267625,-0.06910992399960125
2025-05-14,9887.548430130748,1,12349.957843230504,0.0030791612093457044,13226.101967267625,-0.066243563387416
2025-05-15,12448.454219754494,0,12448.454219754494,0.00797544232735814,13226.101967267625,-0.05879644277941287
2025-05-16,9958.763375803595,1,12448.454219754494,0.0,13226.101967267625,-0.05879644277941287
2025-05-17,9958.763375803595,1,12448.454219754494,0.0,13226.101967267625,-0.05879644277941287
2025-05-18,9958.763375803595,1,12448.454219754494,0.0,13226.101967267625,-0.05879644277941287
2025-05-19,12398.660402875477,0,12398.660402875477,-0.0039999999999998925,13226.101967267625,-0.06256125700829507
2025-05-20,12398.660402875477,0,12398.660402875477,0.0,13226.101967267625,-0.06256125700829507
2025-05-21,12398.660402875477,0,12398.660402875477,0.0,13226.101967267625,-0.06256125700829507
2025-05-22,4.547473508864641e-13,5,12398.660402875477,0.0,13226.101967267625,-0.06256125700829507
2025-05-23,4860.274877927188,3,12299.471119652475,-0.007999999999999896,13226.101967267625,-0.07006076695222863
2025-05-24,4860.274877927188,3,12299.471119652475,0.0,13226.101967267625,-0.07006076695222863
2025-05-25,4860.274877927188,3,12299.471119652475,0.0,13226.101967267625,-0.07006076695222863
2025-05-26,4860.274877927188,3,12299.471119652475,0.0,13226.101967267625,-0.07006076695222863
2025-05-27,2400.3806539966927,4,12299.471119652473,-1.1102230246251565e-16,13226.101967267625,-0.07006076695222874
2025-05-28,2400.3806539966927,4,12299.471119652473,0.0,13226.101967267625,-0.07006076695222874
2025-05-29,4811.076993448578,3,12250.273235173865,-0.0039999999999998925,13226.101967267625,-0.07378052388441969
2025-05-30,12424.387232349876,0,12424.387232349876,0.014213070503283465,13226.101967267625,-0.060616101168874836
2025-05-31,12424.387232349876,0,12424.387232349876,0.0,13226.101967267625,-0.060616101168874836
2025-06-01,12424.387232349876,0,12424.387232349876,0.0,13226.101967267625,-0.060616101168874836
2025-06-02,9939.509785879902,1,12424.387232349876,0.0,13226.101967267625,-0.060616101168874836
2025-06-03,10019.02586416694,1,12523.782330208676,0.008000000000000007,13226.101967267625,-0.053101029978225744
2025-06-04,10019.02586416694,1,12523.782330208676,0.0,13226.101967267625,-0.053101029978225744
2025-06-05,12623.972588850345,0,12623.972588850345,0.008000000000000007,13226.101967267625,-0.04552583821805156
2025-06-06,10099.178071080276,1,12623.972588850345,0.0,13226.101967267625,-0.04552583821805156
2025-06-07,10099.178071080276,1,12623.972588850345,0.0,13226.101967267625,-0.04552583821805156
2025-06-08,10099.178071080276,1,12623.972588850345,0.0,13226.101967267625,-0.04552583821805156
2025-06-09,12573.476698494944,0,12573.476698494944,-0.0040000000000000036,13226.101967267625,-0.0493437348651794
2025-06-10,12573.476698494944,0,12573.476698494944,0.0,13226.101967267625,-0.0493437348651794
2025-06-11,10058.781358795955,1,12573.476698494944,0.0,13226.101967267625,-0.0493437348651794
2025-06-12,7544.086019096967,2,12573.476698494946,2.220446049250313e-16,13226.101967267625,-0.04934373486517929
2025-06-13,7503.850893661784,2,12523.182791700965,-0.004000000000000115,13226.101967267625,-0.05314635992571859
2025-06-14,7503.850893661784,2,12523.182791700965,0.0,13226.101967267625,-0.05314635992571859
2025-06-15,7503.850893661784,2,12523.182791700965,0.0,13226.101967267625,-0.05314635992571859
2025-06-16,7583.999263528669,2,12623.368254034573,0.008000000000000007,13226.101967267625,-0.04557153080512433
2025-06-17,10058.179441319446,1,12572.874781018434,-0.0040000000000000036,13226.101967267625,-0.049389244681903866
2025-06-18,5029.029528912071,3,12572.874781018434,0.0,13226.101967267625,-0.049389244681903866
2025-06-19,5029.029528912071,3,12572.874781018434,0.0,13226.101967267625,-0.049389244681903866
2025-06-20,7518.908058330697,2,12548.057970738071,-0.0019738373850528568,13226.101967267625,-0.05126559572938405
2025-06-21,7518.908058330697,2,12548.057970738071,0.0,13226.101967267625,-0.05126559572938405
2025-06-22,7518.908058330697,2,12548.057970738071,0.0,13226.101967267625,-0.05126559572938405
2025-06-23,5009.296464183082,3,12548.057970738071,0.0,13226.101967267625,-0.05126559572938405
2025-06-24,5044.494286058272,3,12598.448737103266,0.004015821928995411,13226.101967267625,-0.04745564730392182
2025-06-25,2524.804538637619,4,12598.448737103266,0.0,13226.101967267625,-0.04745564730392182
2025-06-26,5139.962493089453,3,12699.031735351415,0.007983760568229581,13226.101967267625,-0.03985076126137699
2025-06-27,5139.962493089453,3,12699.031735351415,0.0,13226.101967267625,-0.03985076126137699
2025-06-28,5139.962493089453,3,12699.031735351415,0.0,13226.101967267625,-0.03985076126137699
2025-06-29,5139.962493089453,3,12699.031735351415,0.0,13226.101967267625,-0.03985076126137699
2025-06-30,5139.962493089453,3,12699.031735351415,0.0,13226.101967267625,-0.03985076126137699
2025-07-01,10227.97439657722,1,12747.664143997874,0.003829615490374527,13226.101967267625,-0.03617375886363228
2025-07-02,2565.5916721212807,4,12827.9583606064,0.00629873957311089,13226.101967267625,-0.030102868376983838
2025-07-03,7902.022350133544,2,13033.205694376105,0.016000000000000236,13226.101967267625,-0.01458451427101537
2025-07-04,7902.022350133544,2,13033.205694376105,0.0,13226.101967267625,-0.01458451427101537
2025-07-05,7902.022350133544,2,13033.205694376105,0.0,13226.101967267625,-0.01458451427101537
2025-07-06,7902.022350133544,2,13033.205694376105,0.0,13226.101967267625,-0.01458451427101537
2025-07-07,7902.022350133544,2,13033.205694376105,0.0,13226.101967267625,-0.01458451427101537
2025-07-08,7819.923416625663,2,12981.893860933678,-0.003937007874015852,13226.101967267625,-0.018464102797507542
2025-07-09,30.78710006545589,5,12981.893860933678,0.0,13226.101967267625,-0.018464102797507542
2025-07-10,2639.0948225500774,4,13024.60991129702,0.003290432876815297,13226.101967267625,-0.015234424811578107
2025-07-11,34.17284029067332,5,13024.60991129702,0.0,13226.101967267625,-0.015234424811578107
2025-07-12,2586.9963829048893,4,12972.511471651833,-0.0040000000000000036,13226.101967267625,-0.0191734871123318
2025-07-13,2586.9963829048893,4,12972.511471651833,0.0,13226.101967267625,-0.0191734871123318
2025-07-14,5287.230305979094,3,13076.3666225393,0.008005786012555749,13226.101967267625,-0.011321199934711923
2025-07-15,7787.081000913453,2,12979.324716375237,-0.007421167436281295,13226.101967267625,-0.018658350850698113
2025-07-16,5184.352415877729,3,12967.028931921295,-0.0009473362230030258,13226.101967267625,-0.01958801134207888
2025-07-17,5184.352415877729,3,12967.028931921295,0.0,13226.101967267625,-0.01958801134207888
2025-07-18,5145.277733676117,3,12915.111633055794,-0.00400379293807962,13226.101967267625,-0.023513377938676028
2025-07-19,5145.277733676117,3,12915.111633055794,0.0,13226.101967267625,-0.023513377938676028
2025-07-20,5145.277733676117,3,12915.111633055794,0.0,13226.101967267625,-0.023513377938676028
2025-07-21,7676.639613755053,2,12863.45118652357,-0.0040000000000000036,13226.101967267625,-0.02741932442692141
2025-07-22,7676.639613755053,2,12863.45118652357,0.0,13226.101967267625,-0.02741932442692141
2025-07-23,10416.02758583004,1,13020.034482287549,0.012172728258806886,13226.101967267625,-0.01558036415340347
2025-07-24,10416.02758583004,1,13020.034482287549,0.0,13226.101967267625,-0.01558036415340347
2025-07-25,10416.02758583004,1,13020.034482287549,0.0,13226.101967267625,-0.01558036415340347
2025-07-26,10416.02758583004,1,13020.034482287549,0.0,13226.101967267625,-0.01558036415340347
2025-07-27,10416.02758583004,1,13020.034482287549,0.0,13226.101967267625,-0.01558036415340347
2025-07-28,13124.19475814585,0,13124.19475814585,0.008000000000000007,13226.101967267625,-0.007705007066630687
2025-07-29,10499.35580651668,1,13124.19475814585,0.0,13226.101967267625,-0.007705007066630687
2025-07-30,10457.358383290612,1,13071.697979113265,-0.004000000000000115,13226.101967267625,-0.011674187038364203
2025-07-31,13019.411187196813,0,13019.411187196813,-0.0040000000000000036,13226.101967267625,-0.01562749029021071
2025-08-01,2603.882237439363,4,13019.411187196813,0.0,13226.101967267625,-0.01562749029021071
2025-08-02,2603.882237439363,4,13019.411187196813,0.0,13226.101967267625,-0.01562749029021071
2025-08-03,2603.882237439363,4,13019.411187196813,0.0,13226.101967267625,-0.01562749029021071
2025-08-04,62.493173698544524,5,13123.566476694388,0.008000000000000007,13226.101967267625,-0.007752510212532315
2025-08-05,5500.232527787915,3,13332.710298005519,0.015936507936507915,13332.710298005519,0.0
2025-08-06,5500.232527787915,3,13332.710298005519,0.0,13332.710298005519,0.0
2025-08-07,8072.451557220016,2,13280.216032098742,-0.003937253921629802,13332.710298005519,-0.003937253921629802
2025-08-08,8046.578105067978,2,13410.96350844663,0.009845282338168726,13410.96350844663,0.0
2025-08-09,8046.578105067978,2,13410.96350844663,0.0,13410.96350844663,0.0
2025-08-10,8046.578105067978,2,13410.96350844663,0.0,13410.96350844663,0.0
2025-08-11,10675.126952723518,1,13357.319654412844,-0.0040000000000000036,13410.96350844663,-0.0040000000000000036
2025-08-12,10675.126952723518,1,13357.319654412844,0.0,13410.96350844663,-0.0040000000000000036
2025-08-13,13303.675800379058,0,13303.675800379058,-0.004016064257028051,13410.96350844663,-0.007999999999999896
2025-08-14,5321.470320151622,3,13303.675800379058,0.0,13410.96350844663,-0.007999999999999896
2025-08-15,7928.990777025918,2,13250.461097177542,-0.0040000000000000036,13410.96350844663,-0.011967999999999868
2025-08-16,7928.990777025918,2,13250.461097177542,0.0,13410.96350844663,-0.011967999999999868
2025-08-17,7928.990777025918,2,13250.461097177542,0.0,13410.96350844663,-0.011967999999999868
2025-08-18,2628.8063381549014,4,13250.461097177542,0.0,13410.96350844663,-0.011967999999999868
2025-08-19,2596.8775162339916,4,13197.246393976027,-0.00401606425702794,13410.96350844663,-0.01593599999999984
2025-08-20,2544.0459588955273,4,13091.455564011412,-0.008016129032258124,13410.96350844663,-0.023824383999999865
2025-08-21,7717.49170631606,2,12985.875038553851,-0.008064842365412939,13410.96350844663,-0.03169708646399971
2025-08-22,10440.514463630434,1,13090.606683065942,0.008065043302908137,13410.96350844663,-0.02388768153599985
2025-08-23,10440.514463630434,1,13090.606683065942,0.0,13410.96350844663,-0.02388768153599985
2025-08-24,10440.514463630434,1,13090.606683065942,0.0,13410.96350844663,-0.02388768153599985
2025-08-25,13097.851659016276,0,13097.851659016276,0.000553448447863536,13410.96350844663,-0.023347453688405517
2025-08-26,13097.851659016276,0,13097.851659016276,0.0,13410.96350844663,-0.023347453688405517
2025-08-27,13097.851659016276,0,13097.851659016276,0.0,13410.96350844663,-0.023347453688405517
2025-08-28,13097.851659016276,0,13097.851659016276,0.0,13410.96350844663,-0.023347453688405517
2025-08-29,13097.851659016276,0,13097.851659016276,0.0,13410.96350844663,-0.023347453688405517
2025-08-30,13097.851659016276,0,13097.851659016276,0.0,13410.96350844663,-0.023347453688405517
2025-08-31,13097.851659016276,0,13097.851659016276,0.0,13410.96350844663,-0.023347453688405517
2025-09-01,13097.851659016276,0,13097.851659016276,0.0,13410.96350844663,-0.023347453688405517
2025-09-02,2619.570331803254,4,13097.851659016276,0.0,13410.96350844663,-0.023347453688405517
2025-09-03,2745.30970772981,4,13307.417285560536,0.016000000000000014,13410.96350844663,-0.007721012947420003
2025-09-04,83.8262506177025,5,13307.417285560536,0.0,13410.96350844663,-0.007721012947420003
2025-09-05,5259.258963754758,3,13201.796209782227,-0.007937007874015856,13410.96350844663,-0.015596739080876776
2025-09-06,5259.258963754758,3,13201.796209782227,0.0,13410.96350844663,-0.015596739080876776
2025-09-07,5259.258963754758,3,13201.796209782227,0.0,13410.96350844663,-0.015596739080876776
2025-09-08,2618.8997217983124,4,13201.796209782227,0.0,13410.96350844663,-0.015596739080876776
2025-09-09,2619.2741604166,4,13228.250395746576,0.0020038323228128707,13410.96350844663,-0.013624160007964847
2025-09-10,7936.395822507671,2,13222.405143613432,-0.00044187643552795475,13410.96350844663,-0.014060016248231388
2025-09-11,2.9527363396118744,5,13222.405143613432,0.0,13410.96350844663,-0.014060016248231388
2025-09-12,2594.5441444878447,4,13169.51552303898,-0.0040000000000000036,13410.96350844663,-0.01800377618323845
2025-09-13,2594.5441444878447,4,13169.51552303898,0.0,13410.96350844663,-0.01800377618323845
2025-09-14,2594.5441444878447,4,13169.51552303898,0.0,13410.96350844663,-0.01800377618323845
2025-09-15,8043.491500146032,2,13333.622608018033,0.012461133038034866,13410.96350844663,-0.00576699059540986
2025-09-16,10667.590837664678,1,13312.071866387365,-0.001616270556338395,13410.96350844663,-0.007373940134650314
2025-09-17,10667.590837664678,1,13312.071866387365,0.0,13410.96350844663,-0.007373940134650314
2025-09-18,10607.345796650328,1,13259.18224581291,-0.003973057019621362,13410.96350844663,-0.011317700069657488
2025-09-19,13206.14551682966,0,13206.14551682966,-0.0039999999999998925,13410.96350844663,-0.015272429269378662
2025-09-20,13206.14551682966,0,13206.14551682966,0.0,13410.96350844663,-0.015272429269378662
2025-09-21,13206.14551682966,0,13206.14551682966,0.0,13410.96350844663,-0.015272429269378662
2025-09-22,13206.14551682966,0,13206.14551682966,0.0,13410.96350844663,-0.015272429269378662
2025-09-23,13206.14551682966,0,13206.14551682966,0.0,13410.96350844663,-0.015272429269378662
2025-09-24,13206.14551682966,0,13206.14551682966,0.0,13410.96350844663,-0.015272429269378662
2025-09-25,13206.14551682966,0,13206.14551682966,0.0,13410.96350844663,-0.015272429269378662
2025-09-26,13206.14551682966,0,13206.14551682966,0.0,13410.96350844663,-0.015272429269378662
2025-09-27,13206.14551682966,0,13206.14551682966,0.0,13410.96350844663,-0.015272429269378662
2025-09-28,13206.14551682966,0,13206.14551682966,0.0,13410.96350844663,-0.015272429269378662
2025-09-29,13206.14551682966,0,13206.14551682966,0.0,13410.96350844663,-0.015272429269378662
2025-09-30,5282.458206731864,3,13206.14551682966,0.0,13410.96350844663,-0.015272429269378662
2025-10-01,5282.458206731864,3,13206.14551682966,0.0,13410.96350844663,-0.015272429269378662
2025-10-02,5240.198541078009,3,13153.320934762341,-0.0040000000000000036,13410.96350844663,-0.019211339552301143
2025-10-03,2609.5343541255406,4,13153.320934762341,0.0,13410.96350844663,-0.019211339552301143
2025-10-04,2609.5343541255406,4,13153.320934762341,0.0,13410.96350844663,-0.019211339552301143
2025-10-05,2609.5343541255406,4,13153.320934762341,0.0,13410.96350844663,-0.019211339552301143
2025-10-06,5187.585257338959,3,13100.707651023291,-0.004000000000000115,13410.96350844663,-0.02313449419409208
2025-10-07,7765.382602558455,2,12995.058486888654,-0.008064386058289297,13410.96350844663,-0.031012314759936932
2025-10-08,10312.414065988633,1,12943.0782529411,-0.0039999999999998925,13410.96350844663,-0.034888265500897186
2025-10-09,12993.347472550657,0,12993.347472550657,0.0038838689396112347,13410.96350844663,-0.03113989801202177
2025-10-10,12993.347472550657,0,12993.347472550657,0.0,13410.96350844663,-0.03113989801202177
2025-10-11,12993.347472550657,0,12993.347472550657,0.0,13410.96350844663,-0.03113989801202177
2025-10-12,12993.347472550657,0,12993.347472550657,0.0,13410.96350844663,-0.03113989801202177
2025-10-13,10394.677978040525,1,12993.347472550657,0.0,13410.96350844663,-0.03113989801202177
2025-10-14,10394.677978040525,1,12993.347472550657,0.0,13410.96350844663,-0.03113989801202177
2025-10-15,10394.677978040525,1,12993.347472550657,0.0,13410.96350844663,-0.03113989801202177
2025-10-16,10394.677978040525,1,12993.347472550657,0.0,13410.96350844663,-0.03113989801202177
2025-10-17,10394.677978040525,1,12993.347472550657,0.0,13410.96350844663,-0.03113989801202177
2025-10-18,10394.677978040525,1,12993.347472550657,0.0,13410.96350844663,-0.03113989801202177
2025-10-19,10394.677978040525,1,12993.347472550657,0.0,13410.96350844663,-0.03113989801202177
2025-10-20,10451.758974111293,1,13064.698717639116,0.005491367427769678,13410.96350844663,-0.025819531205899304
2025-10-21,10451.758974111293,1,13064.698717639116,0.0,13410.96350844663,-0.025819531205899304
2025-10-22,7838.81923058347,2,13064.698717639116,0.0,13410.96350844663,-0.025819531205899304
2025-10-23,2612.9397435278233,4,13064.698717639116,0.0,13410.96350844663,-0.025819531205899304
2025-10-24,2612.9397435278233,4,13064.698717639116,0.0,13410.96350844663,-0.025819531205899304
2025-10-25,2612.9397435278233,4,13064.698717639116,0.0,13410.96350844663,-0.025819531205899304
2025-10-26,2612.9397435278233,4,13064.698717639116,0.0,13410.96350844663,-0.025819531205899304
2025-10-27,10728.290532465451,1,13341.230275993275,0.021166317289873948,13410.96350844663,-0.005199718305805123
2025-10-28,10728.290532465451,1,13341.230275993275,0.0,13410.96350844663,-0.005199718305805123
2025-10-29,10756.59829258751,1,13445.747865734389,0.007834179275743924,13445.747865734389,0.0
2025-10-30,5356.785949708579,3,13391.96487427145,-0.0040000000000000036,13445.747865734389,-0.0040000000000000036
2025-10-31,2646.2522591560373,4,13338.397014774364,-0.004000000000000115,13445.747865734389,-0.007984000000000102
2025-11-01,7874.903888947589,2,13231.68983865617,-0.007999999999999896,13445.747865734389,-0.01592012800000009
2025-11-02,7874.903888947589,2,13231.68983865617,0.0,13445.747865734389,-0.01592012800000009
2025-11-03,10499.729004304792,1,13178.121979159083,-0.0040484518720041995,13445.747865734389,-0.019904128000000187
2025-11-04,10499.729004304792,1,13178.121979159083,0.0,13445.747865734389,-0.019904128000000187
2025-11-05,7864.104608472975,2,13178.121979159083,0.0,13445.747865734389,-0.019904128000000187
2025-11-06,10519.422551971122,1,13149.278189963903,-0.0021887632578295735,13445.747865734389,-0.02204932583378416
2025-11-07,7889.56691397834,2,13149.278189963901,-1.1102230246251565e-16,13445.747865734389,-0.022049325833784383
2025-11-08,10466.825439211265,1,13096.681077204046,-0.0040000000000000036,13445.747865734389,-0.025961128530449185
2025-11-09,10466.825439211265,1,13096.681077204046,0.0,13445.747865734389,-0.025961128530449185
2025-11-10,10466.825439211265,1,13096.681077204046,0.0,13445.747865734389,-0.025961128530449185
2025-11-11,10466.825439211265,1,13096.681077204046,0.0,13445.747865734389,-0.025961128530449185
2025-11-12,10466.825439211265,1,13096.681077204046,0.0,13445.747865734389,-0.025961128530449185
2025-11-13,13069.60474453651,0,13069.60474453651,-0.002067419410148541,13445.747865734389,-0.027974875399564447
2025-11-14,0.0,5,13069.60474453651,0.0,13445.747865734389,-0.027974875399564447
2025-11-15,7684.927589787468,2,12912.769487602072,-0.0119999999999999,13445.747865734389,-0.03963917689476959
2025-11-16,7684.927589787468,2,12912.769487602072,0.0,13445.747865734389,-0.03963917689476959
2025-11-17,7674.471905991839,2,12860.491068623925,-0.004048582995951455,13445.747865734389,-0.043527277393171415
2025-11-18,5102.373692267054,3,12860.491068623927,2.220446049250313e-16,13445.747865734389,-0.043527277393171304
2025-11-19,5102.373692267054,3,12860.491068623927,0.0,13445.747865734389,-0.043527277393171304
2025-11-20,10298.012083991121,1,12911.933032898423,0.0040000000000000036,13445.747865734389,-0.03970138650274391
2025-11-21,12859.654613920276,0,12859.654613920276,-0.004048845269329249,13445.747865734389,-0.04358948700114573
2025-11-22,12859.654613920276,0,12859.654613920276,0.0,13445.747865734389,-0.04358948700114573
2025-11-23,12859.654613920276,0,12859.654613920276,0.0,13445.747865734389,-0.04358948700114573
2025-11-24,12859.654613920276,0,12859.654613920276,0.0,13445.747865734389,-0.04358948700114573
2025-11-25,10287.723691136222,1,12859.654613920276,0.0,13445.747865734389,-0.04358948700114573
2025-11-26,10287.723691136222,1,12859.654613920276,0.0,13445.747865734389,-0.04358948700114573
2025-11-27,10287.723691136222,1,12859.654613920276,0.0,13445.747865734389,-0.04358948700114573
2025-11-28,12808.215995464596,0,12808.215995464596,-0.0040000000000000036,13445.747865734389,-0.04741512905314116
2025-11-29,12808.215995464596,0,12808.215995464596,0.0,13445.747865734389,-0.04741512905314116
2025-11-30,12808.215995464596,0,12808.215995464596,0.0,13445.747865734389,-0.04741512905314116
2025-12-01,12808.215995464596,0,12808.215995464596,0.0,13445.747865734389,-0.04741512905314116
2025-12-02,10246.572796371676,1,12808.215995464596,0.0,13445.747865734389,-0.04741512905314116
2025-12-03,10246.572796371676,1,12808.215995464596,0.0,13445.747865734389,-0.04741512905314116
2025-12-04,10246.572796371676,1,12808.215995464596,0.0,13445.747865734389,-0.04741512905314116
2025-12-05,7684.929597278757,2,12808.215995464596,0.0,13445.747865734389,-0.04741512905314116
2025-12-06,7684.929597278757,2,12808.215995464596,0.0,13445.747865734389,-0.04741512905314116
2025-12-07,7684.929597278757,2,12808.215995464596,0.0,13445.747865734389,-0.04741512905314116
2025-12-08,7684.929597278757,2,12808.215995464596,0.0,13445.747865734389,-0.04741512905314116
2025-12-09,10305.51265996808,1,12867.155859061,0.004601723114075806,13445.747865734389,-0.0430315972343861
2025-12-10,12969.621587024718,0,12969.621587024718,0.007963354845939907,13445.747865734389,-0.0354109182668112
2025-12-11,12969.621587024718,0,12969.621587024718,0.0,13445.747865734389,-0.0354109182668112
2025-12-12,12969.621587024718,0,12969.621587024718,0.0,13445.747865734389,-0.0354109182668112
2025-12-13,12969.621587024718,0,12969.621587024718,0.0,13445.747865734389,-0.0354109182668112
2025-12-14,12969.621587024718,0,12969.621587024718,0.0,13445.747865734389,-0.0354109182668112
2025-12-15,10375.697269619774,1,12969.621587024718,0.0,13445.747865734389,-0.0354109182668112
2025-12-16,7781.772952214829,2,12969.621587024718,0.0,13445.747865734389,-0.0354109182668112
2025-12-17,2573.1729228657036,4,12917.743100676618,-0.0040000000000000036,13445.747865734389,-0.039269274593743964
2025-12-18,2573.1729228657036,4,12917.743100676618,0.0,13445.747865734389,-0.039269274593743964
2025-12-19,10339.23328413415,1,12924.041605167688,0.00048758552031724633,13445.747865734389,-0.03880083620311192
