Ticker,Signal_Date,Entry_Date,exit_date,allocated_capital,pnl_pct,Score,Score_Level,Exit,exit_date_actual,pnl_dollars
MRK,2018-10-24,2018-10-25,2018-10-25,2000.0,0.04,2,LOW,TP,2018-10-26,80.0
AMT,2018-10-26,2018-10-29,2018-10-30,2016.0,0.04,5,HIGH,TP,2018-10-30,80.64
AMT,2018-10-31,2018-11-01,2018-11-01,2032.128,-0.02,4,HIGH,SL,2018-11-02,-40.642559999999996
DUK,2018-10-26,2018-10-29,2018-11-05,2016.0,0.0181507922724326,5,HIGH,TIME,2018-11-05,36.59199722122412
WMT,2018-10-31,2018-11-01,2018-11-07,2032.128,0.04,4,HIGH,TP,2018-11-07,81.28511999999999
ORCL,2018-11-19,2018-11-20,2018-11-27,2047.5749114442451,-0.0200000000000001,4,HIGH,SL,2018-11-27,-40.95149822888511
AMT,2018-11-20,2018-11-21,2018-11-29,2047.5749114442451,0.013326849446648,5,HIGH,TIME,2018-11-29,27.287722575551065
KO,2018-11-20,2018-11-21,2018-11-29,2047.5749114442451,0.0027891384250613,5,HIGH,TIME,2018-11-29,5.710969863700632
JNJ,2018-11-21,2018-11-23,2018-11-29,2047.5749114442451,0.04,4,HIGH,TP,2018-11-29,81.9029964577698
PEP,2018-12-03,2018-12-04,2018-12-06,2062.3649495778723,-0.0200000000000001,4,HIGH,SL,2018-12-06,-41.247298991557656
UNH,2018-12-04,2018-12-06,2018-12-06,2054.115489779561,-0.02,4,HIGH,SL,2018-12-07,-41.08230979559122
PLD,2018-12-04,2018-12-06,2018-12-06,2054.1154897795614,-0.0200000000000001,3,MEDIUM,SL,2018-12-07,-41.082309795591435
MSFT,2018-12-04,2018-12-06,2018-12-11,2054.115489779561,0.04,4,HIGH,TP,2018-12-11,82.16461959118244
PFE,2018-12-07,2018-12-10,2018-12-10,2037.6825658613245,-0.02,3,MEDIUM,SL,2018-12-11,-40.75365131722649
PLD,2018-12-07,2018-12-10,2018-12-10,2037.6825658613245,-0.02,3,MEDIUM,SL,2018-12-11,-40.75365131722649
MRK,2018-12-14,2018-12-17,2018-12-18,2037.8140292526705,-0.02,5,HIGH,SL,2018-12-18,-40.75628058505341
LLY,2018-12-14,2018-12-17,2018-12-17,2037.8140292526705,-0.02,4,HIGH,SL,2018-12-18,-40.75628058505341
PEP,2018-12-14,2018-12-17,2018-12-18,2037.8140292526705,-0.02,4,HIGH,SL,2018-12-18,-40.75628058505341
KO,2018-12-17,2018-12-18,2018-12-19,2013.3602609016389,-0.0199999999999999,4,HIGH,SL,2018-12-19,-40.26720521803257
DUK,2018-12-17,2018-12-18,2018-12-20,2013.3602609016384,-0.02,4,HIGH,SL,2018-12-20,-40.26720521803277
NEE,2018-12-17,2018-12-18,2018-12-20,2013.3602609016389,-0.02,4,HIGH,SL,2018-12-20,-40.26720521803278
TSLA,2018-12-18,2018-12-19,2018-12-19,2005.3068198580322,-0.02,3,MEDIUM,SL,2018-12-20,-40.10613639716065
AMT,2018-12-17,2018-12-18,2018-12-21,2013.3602609016384,-0.02,4,HIGH,SL,2018-12-21,-40.26720521803277
AVGO,2018-12-19,2018-12-20,2018-12-20,1981.1787104913867,-0.0199999999999999,4,HIGH,SL,2018-12-21,-39.62357420982754
ABBV,2019-01-02,2019-01-03,2019-01-03,1965.2005546058147,-0.02,4,HIGH,SL,2019-01-04,-39.30401109211629
GE,2019-01-08,2019-01-09,2019-01-09,1957.3397523873916,-0.0199999999999999,2,LOW,SL,2019-01-10,-39.14679504774764
AMD,2019-01-09,2019-01-10,2019-01-10,1949.510393377842,-0.0200000000000001,3,MEDIUM,SL,2019-01-11,-38.99020786755704
AMD,2019-01-10,2019-01-11,2019-01-11,1941.7123518043309,0.04,4,HIGH,TP,2019-01-12,77.66849407217323
ABBV,2019-01-09,2019-01-10,2019-01-14,1949.510393377842,-0.02,4,HIGH,SL,2019-01-14,-38.99020786755684
LOW,2019-01-15,2019-01-16,2019-01-17,1949.4480090452541,-0.02,4,HIGH,SL,2019-01-17,-38.98896018090508
NFLX,2019-01-18,2019-01-22,2019-01-22,1941.6502170090732,-0.0200000000000001,3,MEDIUM,SL,2019-01-23,-38.83300434018166
MS,2019-01-22,2019-01-23,2019-01-23,1933.8836161410368,-0.0200000000000001,4,HIGH,SL,2019-01-24,-38.67767232282093
CAT,2019-01-22,2019-01-23,2019-01-23,1933.8836161410368,-0.02,3,MEDIUM,SL,2019-01-24,-38.67767232282073
COP,2019-01-22,2019-01-23,2019-01-28,1933.8836161410368,-0.0200000000000001,4,HIGH,SL,2019-01-28,-38.67767232282093
LLY,2019-01-18,2019-01-22,2019-01-29,1941.6502170090732,0.0001731126191732,4,HIGH,TIME,2019-01-29,0.33612415458465283
BAC,2019-01-31,2019-02-01,2019-02-07,1910.7442375782612,-0.02,4,HIGH,SL,2019-02-07,-38.21488475156522
GS,2019-01-31,2019-02-01,2019-02-07,1910.7442375782612,-0.02,4,HIGH,SL,2019-02-07,-38.21488475156522
AMD,2019-02-05,2019-02-06,2019-02-07,1910.7442375782612,-0.02,3,MEDIUM,SL,2019-02-07,-38.21488475156522
COP,2019-02-07,2019-02-08,2019-02-08,1887.815306727322,-0.02,5,HIGH,SL,2019-02-09,-37.75630613454644
GE,2019-02-08,2019-02-11,2019-02-13,1880.2640455004127,0.04,4,HIGH,TP,2019-02-13,75.21056182001651
GOOGL,2019-02-06,2019-02-07,2019-02-14,1887.815306727322,0.0156320915235157,4,HIGH,TIME,2019-02-14,29.51050165425536
ORCL,2019-02-07,2019-02-08,2019-02-15,1887.815306727322,0.0325413679634969,5,HIGH,TIME,2019-02-15,61.43209254333555
UNH,2019-02-08,2019-02-11,2019-02-19,1880.2640455004127,0.04,4,HIGH,TP,2019-02-19,75.21056182001651
WMT,2019-02-20,2019-02-21,2019-02-27,1928.5367890679377,-0.02,4,HIGH,SL,2019-02-27,-38.570735781358756
LOW,2019-02-28,2019-03-01,2019-03-01,1920.8226419116663,-0.02,4,HIGH,SL,2019-03-02,-38.416452838233326
CAT,2019-02-26,2019-02-27,2019-03-06,1920.8226419116659,-0.02,5,HIGH,SL,2019-03-06,-38.41645283823332
CRM,2019-03-04,2019-03-05,2019-03-05,1897.7727702087266,-0.0199999999999999,4,HIGH,SL,2019-03-06,-37.955455404174344
HD,2019-02-27,2019-02-28,2019-03-07,1920.8226419116659,-0.0059367160310161,4,HIGH,TIME,2019-03-07,-11.403378570975685
ADBE,2019-03-04,2019-03-05,2019-03-07,1913.1393513440191,-0.02,4,HIGH,SL,2019-03-07,-38.26278702688038
AMZN,2019-03-07,2019-03-08,2019-03-11,1887.9317365759669,0.04,4,HIGH,TP,2019-03-11,75.51726946303867
MCD,2019-03-04,2019-03-05,2019-03-12,1913.1393513440191,0.0068105602919279,5,HIGH,TIME,2019-03-12,13.029550899188276
AVGO,2019-03-07,2019-03-08,2019-03-13,1887.9317365759664,0.04,4,HIGH,TP,2019-03-13,75.51726946303866
LLY,2019-03-11,2019-03-12,2019-03-13,1905.641100648412,0.04,4,HIGH,TP,2019-03-13,76.22564402593649
META,2019-03-15,2019-03-18,2019-03-18,1935.9896833462071,-0.02,4,HIGH,SL,2019-03-19,-38.71979366692414
MS,2019-03-20,2019-03-21,2019-03-22,1928.2457246128224,-0.02,5,HIGH,SL,2019-03-22,-38.56491449225645
BAC,2019-03-20,2019-03-21,2019-03-22,1912.757807146052,-0.02,4,HIGH,SL,2019-03-22,-38.255156142921045
ADBE,2019-03-15,2019-03-18,2019-03-25,1935.9896833462071,0.0200692464551843,4,HIGH,TIME,2019-03-25,38.85385408976924
GE,2019-03-15,2019-03-18,2019-03-25,1935.9896833462071,-0.0110112153237341,2,LOW,TIME,2019-03-25,-21.317599267852884
META,2019-03-18,2019-03-19,2019-03-26,1928.2457246128224,0.04,4,HIGH,TP,2019-03-26,77.1298289845129
AAPL,2019-03-22,2019-03-25,2019-03-25,1916.38896145017,-0.02,4,HIGH,SL,2019-03-26,-38.3277792290034
MA,2019-03-22,2019-03-25,2019-04-01,1916.38896145017,0.04,5,HIGH,TP,2019-04-01,76.6555584580068
MSFT,2019-03-22,2019-03-25,2019-04-01,1916.3889614501704,0.0211048646598326,5,HIGH,TIME,2019-04-01,40.445129667003
AMZN,2019-03-22,2019-03-25,2019-04-01,1904.532198287518,0.0320857392885134,4,HIGH,TIME,2019-04-01,61.10832358083261
AMD,2019-03-27,2019-03-28,2019-04-01,1924.1493714012722,0.04,4,HIGH,TP,2019-04-01,76.96597485605089
AMT,2019-04-01,2019-04-02,2019-04-09,1975.1843687136509,0.0192746713977212,5,HIGH,TIME,2019-04-09,38.07102965687101
CRM,2019-04-04,2019-04-05,2019-04-12,1975.1843687136509,0.0067654828267267,4,HIGH,TIME,2019-04-12,13.363075926151224
GS,2019-04-15,2019-04-16,2019-04-17,1985.4711898302555,0.04,5,HIGH,TP,2019-04-17,79.41884759321022
CAT,2019-04-24,2019-04-25,2019-04-25,2001.3549593488974,-0.02,4,HIGH,SL,2019-04-26,-40.02709918697795
NVDA,2019-04-25,2019-04-26,2019-04-26,1993.3495395115021,-0.02,3,MEDIUM,SL,2019-04-27,-39.86699079023004
LOW,2019-04-18,2019-04-22,2019-04-29,2001.3549593488974,-0.0200000000000001,5,HIGH,SL,2019-04-29,-40.02709918697815
XOM,2019-04-26,2019-04-29,2019-05-02,1977.3707215160603,-0.0199999999999999,4,HIGH,SL,2019-05-02,-39.547414430321005
AMD,2019-05-01,2019-05-02,2019-05-02,1969.461238629996,0.04,3,MEDIUM,TP,2019-05-03,78.77844954519983
MA,2019-05-01,2019-05-02,2019-05-06,1969.461238629996,-0.02,4,HIGH,SL,2019-05-06,-39.38922477259992
NKE,2019-05-01,2019-05-02,2019-05-06,1969.461238629996,-0.02,4,HIGH,SL,2019-05-06,-39.38922477259992
MSFT,2019-05-01,2019-05-02,2019-05-07,1969.461238629996,-0.02,5,HIGH,SL,2019-05-07,-39.38922477259992
HD,2019-05-01,2019-05-02,2019-05-07,1969.461238629996,-0.02,4,HIGH,SL,2019-05-07,-39.38922477259992
AMD,2019-05-06,2019-05-07,2019-05-07,1953.7055487209561,-0.02,2,LOW,SL,2019-05-08,-39.07411097441912
AAPL,2019-05-07,2019-05-08,2019-05-09,1945.8907265260723,-0.02,4,HIGH,SL,2019-05-09,-38.91781453052145
HD,2019-05-07,2019-05-08,2019-05-10,1945.8907265260714,-0.0199999999999999,4,HIGH,SL,2019-05-10,-38.917814530521234
ADBE,2019-05-07,2019-05-08,2019-05-13,1945.8907265260723,-0.0199999999999999,5,HIGH,SL,2019-05-13,-38.91781453052125
BLK,2019-05-07,2019-05-08,2019-05-13,1945.8907265260723,-0.02,4,HIGH,SL,2019-05-13,-38.91781453052145
MSFT,2019-05-07,2019-05-08,2019-05-15,1945.8907265260723,0.0083421501184379,5,HIGH,TIME,2019-05-15,16.232912554756684
AMZN,2019-05-13,2019-05-14,2019-05-16,1914.756474901655,0.04,3,MEDIUM,TP,2019-05-16,76.59025899606621
MA,2019-05-13,2019-05-14,2019-05-16,1883.622223277237,0.04,3,MEDIUM,TP,2019-05-16,75.34488893108949
HON,2019-05-13,2019-05-14,2019-05-21,1914.756474901655,0.0159946667044375,3,MEDIUM,TIME,2019-05-21,30.62589163621562
JPM,2019-05-13,2019-05-14,2019-05-21,1914.756474901655,0.0198997302641128,3,MEDIUM,TIME,2019-05-21,38.1031373720064
AMT,2019-05-20,2019-05-21,2019-05-29,1962.1358927996819,0.0082716611987105,5,HIGH,TIME,2019-05-29,16.230123331068317
AMD,2019-05-29,2019-05-30,2019-05-30,1965.3819174658959,-0.02,3,MEDIUM,SL,2019-05-31,-39.30763834931792
MA,2019-05-23,2019-05-24,2019-06-03,1962.1358927996819,-0.02,5,HIGH,SL,2019-06-03,-39.24271785599364
ADBE,2019-05-23,2019-05-24,2019-06-03,1962.1358927996819,-0.02,3,MEDIUM,SL,2019-06-03,-39.24271785599364
UNH,2019-05-28,2019-05-29,2019-06-04,1965.3819174658956,-0.02,5,HIGH,SL,2019-06-04,-39.30763834931791
AMD,2019-06-11,2019-06-12,2019-06-13,1933.9617749837712,-0.02,2,LOW,SL,2019-06-13,-38.67923549967542
MCD,2019-06-10,2019-06-11,2019-06-18,1933.9617749837712,0.0109244707590097,4,HIGH,TIME,2019-06-18,21.127508859852703
NFLX,2019-06-25,2019-06-26,2019-07-01,1930.4514296558068,0.04,5,HIGH,TP,2019-07-01,77.21805718623227
AMT,2019-06-26,2019-06-27,2019-07-01,1930.4514296558068,-0.02,4,HIGH,SL,2019-07-01,-38.609028593116136
ADBE,2019-06-25,2019-06-26,2019-07-03,1930.4514296558068,0.04,5,HIGH,TP,2019-07-03,77.21805718623227
MSFT,2019-06-25,2019-06-26,2019-07-03,1930.4514296558068,0.0231481290016613,5,HIGH,TIME,2019-07-03,44.6863387251141
DUK,2019-06-26,2019-06-27,2019-07-05,1930.4514296558073,0.0182808458944463,5,HIGH,TIME,2019-07-05,35.29028509225135
AVGO,2019-07-03,2019-07-05,2019-07-08,1969.61217157515,-0.02,5,HIGH,SL,2019-07-08,-39.392243431503
PFE,2019-07-11,2019-07-12,2019-07-12,1961.7337228888493,-0.02,4,HIGH,SL,2019-07-13,-39.23467445777699
AMD,2019-07-11,2019-07-12,2019-07-15,1961.7337228888493,0.04,3,MEDIUM,TP,2019-07-15,78.46934891555398
AAPL,2019-07-08,2019-07-09,2019-07-16,1961.7337228888493,0.0266065053441424,5,HIGH,TIME,2019-07-16,52.19487878182654
GE,2019-07-08,2019-07-09,2019-07-16,1961.7337228888493,0.0256917355469736,4,HIGH,TIME,2019-07-16,50.40034402204031
PLD,2019-07-11,2019-07-12,2019-07-16,1961.7337228888493,-0.02,5,HIGH,SL,2019-07-16,-39.23467445777699
UNH,2019-07-18,2019-07-19,2019-07-22,1982.252767449623,-0.02,5,HIGH,SL,2019-07-22,-39.64505534899246
UPS,2019-07-17,2019-07-18,2019-07-24,1982.252767449623,0.04,4,HIGH,TP,2019-07-24,79.29011069798491
BA,2019-07-18,2019-07-19,2019-07-24,1982.252767449623,-0.02,4,HIGH,SL,2019-07-24,-39.64505534899246
BA,2019-07-24,2019-07-25,2019-07-25,1982.252767449623,-0.0199999999999999,4,HIGH,SL,2019-07-26,-39.64505534899226
GE,2019-07-25,2019-07-26,2019-07-31,1974.3237563798245,-0.02,3,MEDIUM,SL,2019-07-31,-39.48647512759649
CRM,2019-07-29,2019-07-30,2019-08-01,1974.3237563798245,-0.0200000000000001,4,HIGH,SL,2019-08-01,-39.48647512759669
LOW,2019-07-31,2019-08-01,2019-08-01,1958.529166328786,-0.02,4,HIGH,SL,2019-08-02,-39.17058332657572
MA,2019-07-31,2019-08-01,2019-08-02,1958.529166328786,-0.0200000000000001,4,HIGH,SL,2019-08-02,-39.170583326575915
ORCL,2019-07-31,2019-08-01,2019-08-02,1958.529166328785,-0.02,4,HIGH,SL,2019-08-02,-39.1705833265757
GS,2019-08-01,2019-08-02,2019-08-02,1888.0221163409497,-0.02,4,HIGH,SL,2019-08-03,-37.760442326818996
KO,2019-07-31,2019-08-01,2019-08-05,1958.529166328786,-0.02,5,HIGH,SL,2019-08-05,-39.17058332657572
MSFT,2019-07-31,2019-08-01,2019-08-05,1958.5291663287855,-0.02,4,HIGH,SL,2019-08-05,-39.17058332657571
AAPL,2019-08-01,2019-08-02,2019-08-05,1935.02681633284,-0.0200000000000001,5,HIGH,SL,2019-08-05,-38.700536326656994
BAC,2019-08-01,2019-08-02,2019-08-05,1935.02681633284,-0.02,4,HIGH,SL,2019-08-05,-38.7005363266568
AAPL,2019-08-02,2019-08-05,2019-08-05,1896.3262800061837,-0.02,3,MEDIUM,SL,2019-08-06,-37.926525600123675
NVDA,2019-08-02,2019-08-05,2019-08-05,1896.3262800061837,-0.02,3,MEDIUM,SL,2019-08-06,-37.926525600123675
UPS,2019-08-05,2019-08-06,2019-08-07,1881.1556697661342,-0.02,3,MEDIUM,SL,2019-08-07,-37.62311339532268
GOOGL,2019-08-05,2019-08-06,2019-08-13,1881.1556697661342,0.0267776970777617,3,MEDIUM,TIME,2019-08-13,50.373016681111466
AAPL,2019-08-14,2019-08-15,2019-08-19,1883.705650423292,0.04,1,LOW,TP,2019-08-19,75.34822601693168
MRK,2019-08-14,2019-08-15,2019-08-21,1883.705650423292,0.04,4,HIGH,TP,2019-08-21,75.34822601693168
COST,2019-08-23,2019-08-26,2019-08-27,1913.8449408300648,0.04,3,MEDIUM,TP,2019-08-27,76.55379763320259
MRK,2019-08-23,2019-08-26,2019-09-03,1913.8449408300648,0.0148745775376912,4,HIGH,TIME,2019-09-03,28.467634967494828
GOOGL,2019-08-23,2019-08-26,2019-09-03,1913.8449408300648,0.0087109275653982,3,MEDIUM,TIME,2019-09-03,16.6713646509745
MA,2019-08-23,2019-08-26,2019-09-03,1913.8449408300648,0.0190262797332876,3,MEDIUM,TIME,2019-09-03,36.41334921037007
MCD,2019-08-23,2019-08-26,2019-09-03,1913.844940830064,0.0101727220732399,3,MEDIUM,TIME,2019-09-03,19.469012674340505
AMT,2019-09-05,2019-09-06,2019-09-09,1949.3599726573411,-0.02,4,HIGH,SL,2019-09-09,-38.98719945314682
BA,2019-09-03,2019-09-04,2019-09-11,1949.3599726573411,0.04,5,HIGH,TP,2019-09-11,77.97439890629364
MA,2019-09-09,2019-09-10,2019-09-10,1941.5625327667121,-0.02,5,HIGH,SL,2019-09-11,-38.831250655334244
V,2019-09-09,2019-09-10,2019-09-10,1941.5625327667121,-0.0199999999999999,5,HIGH,SL,2019-09-11,-38.831250655334046
AMT,2019-09-09,2019-09-10,2019-09-10,1941.5625327667121,-0.02,4,HIGH,SL,2019-09-11,-38.831250655334244
LLY,2019-09-09,2019-09-10,2019-09-17,1933.7650928760813,0.0253759725727451,4,HIGH,TIME,2019-09-17,49.07116995895532
NKE,2019-09-10,2019-09-11,2019-09-18,1933.8586621547702,0.0128796674804618,5,HIGH,TIME,2019-09-18,24.907456522764157
COST,2019-09-11,2019-09-12,2019-09-19,1933.8586621547702,-0.0086448540744824,4,HIGH,TIME,2019-09-19,-16.717925935001748
AVGO,2019-09-13,2019-09-16,2019-09-23,1933.8586621547702,0.0044861990258204,5,HIGH,TIME,2019-09-23,8.675674846233072
COP,2019-09-17,2019-09-18,2019-09-24,1948.654387451114,-0.02,2,LOW,SL,2019-09-24,-38.97308774902228
TSLA,2019-09-20,2019-09-23,2019-09-24,1947.04593723336,-0.02,4,HIGH,SL,2019-09-24,-38.9409187446672
NVDA,2019-09-20,2019-09-23,2019-09-30,1947.04593723336,0.0079325498121809,3,MEDIUM,TIME,2019-09-30,15.445038883708074
MS,2019-09-24,2019-09-25,2019-10-01,1931.4631359346222,-0.0200000000000001,4,HIGH,SL,2019-10-01,-38.62926271869264
NVDA,2019-09-27,2019-09-30,2019-10-01,1934.552143711364,0.04,4,HIGH,TP,2019-10-01,77.38208574845456
AAPL,2019-10-02,2019-10-03,2019-10-04,1942.3027083173165,0.04,3,MEDIUM,TP,2019-10-04,77.69210833269265
ABBV,2019-10-01,2019-10-02,2019-10-09,1942.3027083173165,0.0056246799993733,5,HIGH,TIME,2019-10-09,10.924831196201003
HD,2019-10-02,2019-10-03,2019-10-10,1942.3027083173165,0.029378103476187,4,HIGH,TIME,2019-10-10,57.061169947024375
LOW,2019-10-02,2019-10-03,2019-10-10,1942.3027083173165,0.0179712804329319,4,HIGH,TIME,2019-10-10,34.90566665681363
PEP,2019-10-02,2019-10-03,2019-10-10,1942.3027083173165,-0.0039731226515129,4,HIGH,TIME,2019-10-10,-7.717006886510383
NVDA,2019-10-08,2019-10-09,2019-10-11,1960.0260962230955,0.04,4,HIGH,TP,2019-10-11,78.40104384892382
META,2019-10-18,2019-10-21,2019-10-22,1992.5562709363455,-0.02,5,HIGH,SL,2019-10-22,-39.85112541872691
NKE,2019-10-23,2019-10-24,2019-10-25,1984.5860458526001,-0.02,4,HIGH,SL,2019-10-25,-39.691720917052
AAPL,2019-10-29,2019-10-30,2019-10-31,1976.6477016691897,-0.02,5,HIGH,SL,2019-10-31,-39.532954033383795
GOOGL,2019-10-29,2019-10-30,2019-11-06,1976.6477016691897,0.0285703886873114,4,HIGH,TIME,2019-11-06,56.4735931345695
TSLA,2019-10-29,2019-10-30,2019-11-06,1976.6477016691897,0.04,1,LOW,TP,2019-11-06,79.06590806676759
NEE,2019-11-04,2019-11-05,2019-11-07,1968.7411108625129,-0.02,4,HIGH,SL,2019-11-07,-39.374822217250255
XOM,2019-11-06,2019-11-07,2019-11-12,1987.9740466593303,-0.02,4,HIGH,SL,2019-11-12,-39.75948093318661
NFLX,2019-11-13,2019-11-14,2019-11-15,1980.0221504726933,0.04,4,HIGH,TP,2019-11-15,79.20088601890774
NVDA,2019-11-15,2019-11-18,2019-11-18,1995.8623276764747,0.04,4,HIGH,TP,2019-11-19,79.83449310705899
AMD,2019-11-21,2019-11-22,2019-11-22,2011.8292262978864,-0.02,4,HIGH,SL,2019-11-23,-40.23658452595773
NVDA,2019-11-19,2019-11-20,2019-11-25,2011.8292262978864,0.04,4,HIGH,TP,2019-11-25,80.47316905191546
ABBV,2019-11-20,2019-11-21,2019-11-29,2011.8292262978864,0.01083065739891,4,HIGH,TIME,2019-11-29,21.78943309514658
NVDA,2019-12-02,2019-12-03,2019-12-04,2024.234429822107,0.04,4,HIGH,TP,2019-12-04,80.96937719288428
GS,2019-12-03,2019-12-04,2019-12-06,2040.4283052606836,0.04,4,HIGH,TP,2019-12-06,81.61713221042734
ADBE,2019-12-02,2019-12-03,2019-12-09,2024.234429822107,0.04,5,HIGH,TP,2019-12-09,80.96937719288428
HON,2019-12-02,2019-12-03,2019-12-10,2024.234429822107,0.0084597757111042,4,HIGH,TIME,2019-12-10,17.124569262989922
CAT,2019-12-03,2019-12-04,2019-12-11,2040.4283052606836,0.0214210527630247,4,HIGH,TIME,2019-12-11,43.708122386158166
CRM,2019-12-04,2019-12-05,2019-12-12,2040.4283052606836,0.018299707613941,4,HIGH,TIME,2019-12-12,37.33924139347966
NFLX,2019-12-10,2019-12-11,2019-12-17,2085.112145471176,0.04,4,HIGH,TP,2019-12-17,83.40448581884705
META,2019-12-12,2019-12-13,2019-12-18,2092.579993749872,0.04,4,HIGH,TP,2019-12-18,83.70319974999488
AVGO,2019-12-13,2019-12-16,2019-12-18,2092.579993749872,0.04,4,HIGH,TP,2019-12-18,83.70319974999488
AMD,2019-12-13,2019-12-16,2019-12-20,2092.579993749872,0.04,4,HIGH,TP,2019-12-20,83.70319974999488
TSLA,2019-12-30,2019-12-31,2019-12-31,2159.482810763638,0.04,3,MEDIUM,TP,2020-01-01,86.37931243054553
BAC,2020-01-03,2020-01-06,2020-01-13,2176.758673249747,0.0188900860413596,5,HIGH,TIME,2020-01-13,41.11915862896349
TSLA,2020-01-09,2020-01-10,2020-01-13,2176.758673249747,0.04,1,LOW,TP,2020-01-13,87.07034692998988
MRK,2020-01-07,2020-01-08,2020-01-15,2176.758673249747,0.027500096883356,4,HIGH,TIME,2020-01-15,59.86107440605351
UNH,2020-01-13,2020-01-14,2020-01-15,2202.396574361537,0.04,4,HIGH,TP,2020-01-15,88.0958629744615
COP,2020-01-08,2020-01-09,2020-01-16,2176.758673249747,0.0077433996530189,5,HIGH,TIME,2020-01-16,16.855512355147972
TSLA,2020-01-15,2020-01-16,2020-01-16,2235.35906430867,0.04,1,LOW,TP,2020-01-17,89.4143625723468
MS,2020-01-21,2020-01-22,2020-01-23,2253.2419368231394,-0.0199999999999999,4,HIGH,SL,2020-01-23,-45.06483873646256
NFLX,2020-01-22,2020-01-23,2020-01-23,2244.228969075847,0.04,4,HIGH,TP,2020-01-24,89.76915876303389
PFE,2020-01-24,2020-01-27,2020-01-28,2262.1828008284538,-0.02,5,HIGH,SL,2020-01-28,-45.243656016569076
AMD,2020-01-24,2020-01-27,2020-01-28,2262.1828008284538,0.04,4,HIGH,TP,2020-01-28,90.48731203313815
UNH,2020-01-24,2020-01-27,2020-01-27,2262.1828008284538,-0.02,4,HIGH,SL,2020-01-28,-45.243656016569076
AAPL,2020-01-27,2020-01-28,2020-01-29,2262.1828008284533,0.04,5,HIGH,TP,2020-01-29,90.48731203313814
MS,2020-01-27,2020-01-28,2020-01-31,2262.1828008284524,-0.02,5,HIGH,SL,2020-01-31,-45.24365601656905
LOW,2020-01-24,2020-01-27,2020-02-03,2262.1828008284538,-0.0090487329691694,5,HIGH,TIME,2020-02-03,-20.4698880921444
GOOGL,2020-01-27,2020-01-28,2020-02-04,2262.1828008284533,0.0025455455472609,5,HIGH,TIME,2020-02-04,5.75848935573906
MA,2020-01-27,2020-01-28,2020-02-04,2262.1828008284533,0.04,5,HIGH,TP,2020-02-04,90.48731203313814
PLD,2020-01-31,2020-02-03,2020-02-03,2267.1375544133384,-0.0200000000000001,5,HIGH,SL,2020-02-04,-45.342751088267
BLK,2020-01-31,2020-02-03,2020-02-06,2267.1375544133384,0.04,5,HIGH,TP,2020-02-06,90.68550217653353
GOOGL,2020-02-04,2020-02-05,2020-02-05,2277.3181644734605,-0.02,4,HIGH,SL,2020-02-06,-45.54636328946921
HD,2020-01-31,2020-02-03,2020-02-07,2267.1375544133384,0.04,5,HIGH,TP,2020-02-07,90.68550217653353
MSFT,2020-02-11,2020-02-12,2020-02-12,2304.48309268618,-0.02,3,MEDIUM,SL,2020-02-13,-46.089661853723605
AMD,2020-02-20,2020-02-21,2020-02-21,2295.2651603154354,-0.02,2,LOW,SL,2020-02-22,-45.90530320630871
NEE,2020-02-19,2020-02-20,2020-02-25,2295.2651603154354,-0.02,5,HIGH,SL,2020-02-25,-45.90530320630871
AMZN,2020-02-21,2020-02-24,2020-02-25,2286.0840996741736,-0.02,5,HIGH,SL,2020-02-25,-45.72168199348347
GOOGL,2020-02-21,2020-02-24,2020-02-25,2286.0840996741736,-0.02,5,HIGH,SL,2020-02-25,-45.72168199348347
MSFT,2020-02-21,2020-02-24,2020-02-24,2286.0840996741736,-0.02,5,HIGH,SL,2020-02-25,-45.72168199348347
COST,2020-02-24,2020-02-25,2020-02-25,2249.4700298368216,-0.02,4,HIGH,SL,2020-02-26,-44.98940059673643
HD,2020-02-24,2020-02-25,2020-02-25,2249.470029836822,-0.0200000000000001,4,HIGH,SL,2020-02-26,-44.989400596736665
NFLX,2020-02-24,2020-02-25,2020-02-25,2249.4700298368216,-0.02,4,HIGH,SL,2020-02-26,-44.98940059673643
KO,2020-02-24,2020-02-25,2020-02-26,2249.470029836822,-0.02,3,MEDIUM,SL,2020-02-26,-44.989400596736445
LLY,2020-02-24,2020-02-25,2020-02-25,2249.4700298368202,-0.02,3,MEDIUM,SL,2020-02-26,-44.9894005967364
DUK,2020-02-25,2020-02-26,2020-02-27,2204.4806292400854,-0.02,4,HIGH,SL,2020-02-27,-44.089612584801706
ADBE,2020-02-25,2020-02-26,2020-02-27,2204.480629240086,-0.0199999999999999,3,MEDIUM,SL,2020-02-27,-44.08961258480149
COST,2020-02-25,2020-02-26,2020-02-27,2204.4806292400854,-0.02,3,MEDIUM,SL,2020-02-27,-44.089612584801706
CRM,2020-02-25,2020-02-26,2020-02-27,2204.480629240086,-0.02,2,LOW,SL,2020-02-27,-44.08961258480172
NFLX,2020-02-25,2020-02-26,2020-02-26,2204.480629240084,0.04,2,LOW,TP,2020-02-27,88.17922516960336
DUK,2020-02-27,2020-02-28,2020-02-28,2186.8447842061646,-0.0200000000000001,3,MEDIUM,SL,2020-02-29,-43.73689568412351
NFLX,2020-03-03,2020-03-04,2020-03-05,2178.09740506934,-0.0199999999999999,2,LOW,SL,2020-03-05,-43.56194810138658
NEE,2020-03-05,2020-03-06,2020-03-06,2169.3850154490624,-0.02,2,LOW,SL,2020-03-07,-43.38770030898125
NFLX,2020-03-05,2020-03-06,2020-03-06,2169.3850154490624,-0.0199999999999999,2,LOW,SL,2020-03-07,-43.38770030898103
HD,2020-03-05,2020-03-06,2020-03-06,2169.3850154490624,-0.02,1,LOW,SL,2020-03-07,-43.38770030898125
NEE,2020-03-09,2020-03-10,2020-03-10,2143.3523952636733,-0.0199999999999999,2,LOW,SL,2020-03-11,-42.86704790527325
WMT,2020-03-19,2020-03-20,2020-03-20,2134.778985682619,-0.02,3,MEDIUM,SL,2020-03-21,-42.69557971365238
NVDA,2020-04-07,2020-04-08,2020-04-13,2126.2398697398885,-0.02,3,MEDIUM,SL,2020-04-13,-42.52479739479777
NFLX,2020-04-17,2020-04-20,2020-04-21,2117.734910260929,-0.02,2,LOW,SL,2020-04-21,-42.35469820521858
NFLX,2020-04-22,2020-04-23,2020-04-23,2109.2639706198856,0.04,4,HIGH,TP,2020-04-24,84.37055882479542
UPS,2020-04-22,2020-04-23,2020-04-27,2109.263970619885,0.04,4,HIGH,TP,2020-04-27,84.37055882479541
AMZN,2020-04-21,2020-04-22,2020-04-28,2109.263970619885,-0.02,2,LOW,SL,2020-04-28,-42.185279412397705
MRK,2020-04-28,2020-04-29,2020-04-29,2134.575138267324,-0.02,3,MEDIUM,SL,2020-04-30,-42.69150276534648
AMD,2020-04-29,2020-04-30,2020-04-30,2126.0368377142545,-0.02,4,HIGH,SL,2020-05-01,-42.52073675428509
PEP,2020-04-29,2020-04-30,2020-05-01,2126.0368377142545,-0.02,4,HIGH,SL,2020-05-01,-42.52073675428509
TSLA,2020-04-30,2020-05-01,2020-05-01,2109.02854301254,-0.0200000000000001,2,LOW,SL,2020-05-02,-42.18057086025102
AMT,2020-04-29,2020-04-30,2020-05-04,2126.036837714254,-0.02,3,MEDIUM,SL,2020-05-04,-42.52073675428508
DIS,2020-04-30,2020-05-01,2020-05-04,2109.02854301254,-0.0200000000000001,3,MEDIUM,SL,2020-05-04,-42.18057086025102
WMT,2020-04-29,2020-04-30,2020-05-07,2126.0368377142545,-0.0053122680496421,4,HIGH,TIME,2020-05-07,-11.294077565351559
GS,2020-05-12,2020-05-13,2020-05-13,2081.393351804512,-0.02,3,MEDIUM,SL,2020-05-14,-41.62786703609024
MS,2020-05-12,2020-05-13,2020-05-13,2081.393351804512,-0.02,3,MEDIUM,SL,2020-05-14,-41.62786703609024
NVDA,2020-05-12,2020-05-13,2020-05-13,2081.393351804512,-0.02,3,MEDIUM,SL,2020-05-14,-41.62786703609024
PFE,2020-05-07,2020-05-08,2020-05-15,2081.393351804512,0.0136912040990533,5,HIGH,TIME,2020-05-15,28.49678118996822
UNH,2020-05-13,2020-05-14,2020-05-14,2056.416631582858,0.04,4,HIGH,TP,2020-05-15,82.25666526331432
AMD,2020-05-13,2020-05-14,2020-05-14,2056.4166315828575,0.04,3,MEDIUM,TP,2020-05-15,82.2566652633143
CVX,2020-05-13,2020-05-14,2020-05-14,2056.416631582858,0.04,3,MEDIUM,TP,2020-05-15,82.25666526331432
GS,2020-05-13,2020-05-14,2020-05-14,2031.439911361203,-0.0199999999999999,3,MEDIUM,SL,2020-05-15,-40.628798227223854
PEP,2020-05-19,2020-05-20,2020-05-21,2103.3442273333953,-0.02,4,HIGH,SL,2020-05-21,-42.06688454666791
HD,2020-05-19,2020-05-20,2020-05-20,2103.3442273333953,-0.0200000000000001,3,MEDIUM,SL,2020-05-21,-42.06688454666812
WMT,2020-05-19,2020-05-20,2020-05-22,2103.3442273333953,-0.0199999999999999,3,MEDIUM,SL,2020-05-22,-42.066884546667694
LLY,2020-05-20,2020-05-21,2020-05-21,2086.517473514728,-0.0200000000000001,3,MEDIUM,SL,2020-05-22,-41.73034947029477
NFLX,2020-05-21,2020-05-22,2020-05-22,2069.758026711336,-0.0199999999999999,4,HIGH,SL,2020-05-23,-41.395160534226505
NVDA,2020-05-21,2020-05-22,2020-05-26,2069.758026711336,0.04,1,LOW,TP,2020-05-26,82.79032106845344
AMZN,2020-05-21,2020-05-22,2020-05-27,2069.758026711336,-0.02,3,MEDIUM,SL,2020-05-27,-41.39516053422672
ADBE,2020-05-26,2020-05-27,2020-05-27,2069.7580267113362,-0.02,4,HIGH,SL,2020-05-28,-41.395160534226726
NFLX,2020-05-26,2020-05-27,2020-05-27,2069.7580267113367,-0.02,4,HIGH,SL,2020-05-28,-41.39516053422673
LLY,2020-05-26,2020-05-27,2020-05-27,2069.7580267113362,-0.02,3,MEDIUM,SL,2020-05-28,-41.395160534226726
NVDA,2020-05-26,2020-05-27,2020-05-27,2069.7580267113367,-0.0199999999999999,3,MEDIUM,SL,2020-05-28,-41.39516053422653
NVDA,2020-05-27,2020-05-28,2020-05-28,2036.641898283955,0.04,4,HIGH,TP,2020-05-29,81.4656759313582
BAC,2020-05-29,2020-06-01,2020-06-02,2052.9350334702267,0.04,4,HIGH,TP,2020-06-02,82.11740133880907
BA,2020-05-29,2020-06-01,2020-06-01,2052.9350334702267,0.04,3,MEDIUM,TP,2020-06-02,82.11740133880907
JPM,2020-05-29,2020-06-01,2020-06-03,2052.9350334702267,0.04,3,MEDIUM,TP,2020-06-03,82.11740133880907
CRM,2020-05-29,2020-06-01,2020-06-05,2052.9350334702267,-0.0200000000000001,4,HIGH,SL,2020-06-05,-41.05870066940474
NKE,2020-06-04,2020-06-05,2020-06-10,2093.9937341396317,-0.02,3,MEDIUM,SL,2020-06-10,-41.87987468279263
NEE,2020-06-04,2020-06-05,2020-06-11,2093.9937341396317,-0.02,5,HIGH,SL,2020-06-11,-41.87987468279263
LOW,2020-06-04,2020-06-05,2020-06-11,2093.993734139632,-0.02,3,MEDIUM,SL,2020-06-11,-41.87987468279265
UPS,2020-06-09,2020-06-10,2020-06-10,2085.617759203073,-0.02,4,HIGH,SL,2020-06-11,-41.712355184061465
COP,2020-06-09,2020-06-10,2020-06-10,2085.6177592030735,-0.02,1,LOW,SL,2020-06-11,-41.71235518406147
XOM,2020-06-09,2020-06-10,2020-06-10,2068.8658093299555,-0.02,1,LOW,SL,2020-06-11,-41.37731618659911
CVX,2020-06-10,2020-06-11,2020-06-11,2043.9054040190122,-0.0199999999999999,5,HIGH,SL,2020-06-12,-40.87810808038004
MS,2020-06-10,2020-06-11,2020-06-11,2043.9054040190122,-0.02,2,LOW,SL,2020-06-12,-40.878108080380244
DUK,2020-06-11,2020-06-12,2020-06-12,2027.55416078686,-0.0200000000000001,4,HIGH,SL,2020-06-13,-40.55108321573741
AMZN,2020-06-11,2020-06-12,2020-06-12,2027.55416078686,-0.02,3,MEDIUM,SL,2020-06-13,-40.5510832157372
NFLX,2020-06-11,2020-06-12,2020-06-12,2027.55416078686,-0.02,1,LOW,SL,2020-06-13,-40.5510832157372
TSLA,2020-06-12,2020-06-15,2020-06-15,2003.2235108574178,0.04,3,MEDIUM,TP,2020-06-16,80.12894043429671
BA,2020-06-19,2020-06-22,2020-06-24,2019.2492989442771,-0.02,3,MEDIUM,SL,2020-06-24,-40.384985978885545
DIS,2020-06-19,2020-06-22,2020-06-24,2019.2492989442771,-0.02,3,MEDIUM,SL,2020-06-24,-40.384985978885545
KO,2020-06-19,2020-06-22,2020-06-24,2019.2492989442771,-0.0199999999999999,3,MEDIUM,SL,2020-06-24,-40.38498597888534
MA,2020-06-19,2020-06-22,2020-06-24,2019.2492989442771,-0.02,3,MEDIUM,SL,2020-06-24,-40.384985978885545
NEE,2020-06-19,2020-06-22,2020-06-25,2019.2492989442762,-0.02,3,MEDIUM,SL,2020-06-25,-40.384985978885524
META,2020-06-24,2020-06-25,2020-06-26,1978.8643129653913,-0.02,4,HIGH,SL,2020-06-26,-39.577286259307826
AMT,2020-06-24,2020-06-25,2020-06-26,1978.8643129653913,-0.02,3,MEDIUM,SL,2020-06-26,-39.577286259307826
MSFT,2020-06-24,2020-06-25,2020-06-29,1978.8643129653913,-0.0200000000000001,2,LOW,SL,2020-06-29,-39.577286259308025
ADBE,2020-06-26,2020-06-29,2020-06-29,1955.1179412098068,-0.02,3,MEDIUM,SL,2020-06-30,-39.10235882419614
AMZN,2020-06-26,2020-06-29,2020-06-29,1907.6251976986368,-0.02,3,MEDIUM,SL,2020-06-30,-38.15250395397274
ABBV,2020-06-24,2020-06-25,2020-07-01,1978.8643129653913,0.04,3,MEDIUM,TP,2020-07-01,79.15457251861565
V,2020-06-24,2020-06-25,2020-07-02,1978.8643129653917,0.0239141874120327,3,MEDIUM,TIME,2020-07-02,47.32293204323771
AAPL,2020-06-26,2020-06-29,2020-07-02,1955.1179412098068,0.04,4,HIGH,TP,2020-07-02,78.20471764839228
AMD,2020-07-10,2020-07-13,2020-07-13,1980.603413096222,-0.02,3,MEDIUM,SL,2020-07-14,-39.61206826192444
DIS,2020-07-13,2020-07-14,2020-07-15,1972.6809994438372,0.04,4,HIGH,TP,2020-07-15,78.90723997775349
AMZN,2020-07-13,2020-07-14,2020-07-14,1972.6809994438372,-0.0199999999999999,3,MEDIUM,SL,2020-07-15,-39.45361998887655
TSLA,2020-07-13,2020-07-14,2020-07-14,1972.6809994438372,-0.0200000000000001,1,LOW,SL,2020-07-15,-39.453619988876945
MSFT,2020-07-13,2020-07-14,2020-07-17,1972.6809994438372,-0.02,5,HIGH,SL,2020-07-17,-39.453619988876746
AMZN,2020-07-15,2020-07-16,2020-07-20,1972.6809994438372,0.04,4,HIGH,TP,2020-07-20,78.90723997775349
NVDA,2020-07-23,2020-07-24,2020-07-24,1980.5717234416124,0.04,4,HIGH,TP,2020-07-25,79.2228689376645
AMD,2020-07-23,2020-07-24,2020-07-24,1980.5717234416115,0.04,3,MEDIUM,TP,2020-07-25,79.22286893766446
GS,2020-07-22,2020-07-23,2020-07-27,1980.5717234416124,-0.0200000000000001,4,HIGH,SL,2020-07-27,-39.61143446883245
MS,2020-07-22,2020-07-23,2020-07-27,1980.5717234416124,-0.02,4,HIGH,SL,2020-07-27,-39.61143446883225
ABBV,2020-07-21,2020-07-22,2020-07-29,1980.5717234416124,-0.0080776483147316,3,MEDIUM,TIME,2020-07-29,-15.9983618440632
HON,2020-07-24,2020-07-27,2020-07-29,1996.4162972291451,0.04,5,HIGH,TP,2020-07-29,79.8566518891658
MCD,2020-07-28,2020-07-29,2020-07-31,2009.1879552381656,-0.0199999999999999,5,HIGH,SL,2020-07-31,-40.18375910476311
AMT,2020-07-30,2020-07-31,2020-08-03,2001.151203417213,-0.02,4,HIGH,SL,2020-08-03,-40.02302406834426
CAT,2020-07-30,2020-07-31,2020-08-07,2001.151203417213,0.01880238778419,5,HIGH,TIME,2020-08-07,37.62642094144893
GOOGL,2020-07-31,2020-08-03,2020-08-10,1993.1465986035446,0.0039034137165725,4,HIGH,TIME,2020-08-10,7.780075772128899
CRM,2020-08-07,2020-08-10,2020-08-10,2002.22789794626,-0.02,5,HIGH,SL,2020-08-11,-40.0445579589252
ADBE,2020-08-07,2020-08-10,2020-08-10,2002.22789794626,-0.02,4,HIGH,SL,2020-08-11,-40.0445579589252
AAPL,2020-08-07,2020-08-10,2020-08-10,2002.22789794626,-0.02,1,LOW,SL,2020-08-11,-40.0445579589252
DUK,2020-08-10,2020-08-11,2020-08-13,1978.2011631709051,-0.02,3,MEDIUM,SL,2020-08-13,-39.5640232634181
AAPL,2020-08-11,2020-08-12,2020-08-13,1978.2011631709056,0.04,4,HIGH,TP,2020-08-13,79.12804652683623
NVDA,2020-08-11,2020-08-12,2020-08-12,1978.2011631709051,0.04,4,HIGH,TP,2020-08-13,79.1280465268362
META,2020-08-10,2020-08-11,2020-08-18,1978.2011631709051,0.0082630369279668,3,MEDIUM,TIME,2020-08-18,16.345949262228068
COST,2020-08-11,2020-08-12,2020-08-19,1978.2011631709051,0.0214232651922501,5,HIGH,TIME,2020-08-19,42.37952812222792
JPM,2020-08-17,2020-08-18,2020-08-20,2005.2087669814018,-0.0200000000000001,4,HIGH,SL,2020-08-20,-40.10417533962824
KO,2020-08-19,2020-08-20,2020-08-27,2005.6638375379218,0.0203088318385411,4,HIGH,TIME,2020-08-27,40.732689601200676
NFLX,2020-08-27,2020-08-28,2020-08-31,2013.8103754581623,-0.02,4,HIGH,SL,2020-08-31,-40.27620750916325
ADBE,2020-08-27,2020-08-28,2020-09-02,2013.8103754581623,0.04,3,MEDIUM,TP,2020-09-02,80.5524150183265
LOW,2020-08-27,2020-08-28,2020-09-03,2013.8103754581623,-0.02,4,HIGH,SL,2020-09-03,-40.27620750916325
META,2020-08-27,2020-08-28,2020-09-03,2013.8103754581623,-0.02,3,MEDIUM,SL,2020-09-03,-40.27620750916325
MA,2020-08-31,2020-09-01,2020-09-03,2005.7551339563297,-0.02,4,HIGH,SL,2020-09-03,-40.11510267912659
PFE,2020-09-01,2020-09-02,2020-09-04,2021.865616959995,-0.02,4,HIGH,SL,2020-09-04,-40.4373123391999
AAPL,2020-09-02,2020-09-03,2020-09-03,1997.7321134205042,-0.02,2,LOW,SL,2020-09-04,-39.95464226841008
META,2020-09-03,2020-09-04,2020-09-04,1981.6537224989822,-0.02,4,HIGH,SL,2020-09-05,-39.633074449979645
ORCL,2020-09-03,2020-09-04,2020-09-04,1981.6537224989822,-0.02,4,HIGH,SL,2020-09-05,-39.633074449979645
V,2020-09-03,2020-09-04,2020-09-04,1981.6537224989822,-0.02,4,HIGH,SL,2020-09-05,-39.633074449979645
COST,2020-09-03,2020-09-04,2020-09-04,1981.6537224989822,-0.02,3,MEDIUM,SL,2020-09-05,-39.633074449979645
JNJ,2020-09-03,2020-09-04,2020-09-04,1981.6537224989809,-0.02,3,MEDIUM,SL,2020-09-05,-39.63307444997962
ADBE,2020-09-04,2020-09-08,2020-09-08,1942.0206480490024,-0.02,4,HIGH,SL,2020-09-09,-38.840412960980046
LOW,2020-09-04,2020-09-08,2020-09-09,1942.0206480490024,0.04,4,HIGH,TP,2020-09-09,77.68082592196009
MA,2020-09-04,2020-09-08,2020-09-09,1942.0206480490024,0.04,4,HIGH,TP,2020-09-09,77.68082592196009
BAC,2020-09-08,2020-09-09,2020-09-10,1965.32489582559,-0.0199999999999999,3,MEDIUM,SL,2020-09-10,-39.3064979165116
GOOGL,2020-09-04,2020-09-08,2020-09-11,1942.0206480490024,-0.02,5,HIGH,SL,2020-09-11,-38.840412960980046
META,2020-09-04,2020-09-08,2020-09-11,1942.0206480490015,-0.02,4,HIGH,SL,2020-09-11,-38.84041296098003
AMZN,2020-09-10,2020-09-11,2020-09-11,1941.9274310578958,-0.0200000000000001,3,MEDIUM,SL,2020-09-12,-38.83854862115811
NVDA,2020-09-10,2020-09-11,2020-09-11,1941.9274310578958,-0.02,3,MEDIUM,SL,2020-09-12,-38.83854862115792
KO,2020-09-08,2020-09-09,2020-09-14,1965.32489582559,0.04,4,HIGH,TP,2020-09-14,78.6129958330236
AVGO,2020-09-08,2020-09-09,2020-09-15,1965.32489582559,0.04,4,HIGH,TP,2020-09-15,78.6129958330236
AMD,2020-09-11,2020-09-14,2020-09-15,1942.1146107760376,0.04,3,MEDIUM,TP,2020-09-15,77.6845844310415
CAT,2020-09-15,2020-09-16,2020-09-17,1973.3741268288504,0.04,5,HIGH,TP,2020-09-17,78.93496507315402
JPM,2020-09-15,2020-09-16,2020-09-18,1973.3741268288504,-0.0200000000000001,4,HIGH,SL,2020-09-18,-39.46748253657721
META,2020-09-16,2020-09-17,2020-09-17,1989.1611198434814,-0.02,3,MEDIUM,SL,2020-09-18,-39.783222396869625
GE,2020-09-18,2020-09-21,2020-09-21,1973.310978856792,-0.02,3,MEDIUM,SL,2020-09-22,-39.46621957713584
KO,2020-09-21,2020-09-22,2020-09-24,1965.417734941365,-0.02,4,HIGH,SL,2020-09-24,-39.3083546988273
MA,2020-09-21,2020-09-22,2020-09-24,1965.417734941365,-0.02,3,MEDIUM,SL,2020-09-24,-39.3083546988273
LOW,2020-09-18,2020-09-21,2020-09-28,1973.310978856792,0.0293761244365937,3,MEDIUM,TIME,2020-09-28,57.96822886699364
MRK,2020-09-21,2020-09-22,2020-09-29,1965.417734941365,-0.0144403446720632,4,HIGH,TIME,2020-09-29,-28.381309517139062
LLY,2020-10-13,2020-10-14,2020-10-15,1955.6117769318053,-0.02,5,HIGH,SL,2020-10-15,-39.11223553863611
AAPL,2020-10-13,2020-10-14,2020-10-15,1955.6117769318053,-0.02,3,MEDIUM,SL,2020-10-15,-39.11223553863611
UNH,2020-10-14,2020-10-15,2020-10-16,1939.9668827163507,0.04,5,HIGH,TP,2020-10-16,77.59867530865402
AMZN,2020-10-14,2020-10-15,2020-10-16,1939.9668827163507,-0.02,3,MEDIUM,SL,2020-10-16,-38.79933765432701
NFLX,2020-10-14,2020-10-15,2020-10-16,1939.9668827163507,-0.02,3,MEDIUM,SL,2020-10-16,-38.79933765432701
AMD,2020-10-09,2020-10-12,2020-10-19,1955.6117769318053,-0.0200000000000001,4,HIGH,SL,2020-10-19,-39.112235538636305
NFLX,2020-10-16,2020-10-19,2020-10-19,1932.1444356086236,-0.0199999999999999,4,HIGH,SL,2020-10-20,-38.64288871217228
MS,2020-10-21,2020-10-22,2020-10-23,1924.4158578661893,0.04,4,HIGH,TP,2020-10-23,76.97663431464757
BLK,2020-10-19,2020-10-20,2020-10-26,1924.4158578661893,-0.0199999999999999,5,HIGH,SL,2020-10-26,-38.48831715732359
CAT,2020-10-26,2020-10-27,2020-10-27,1932.1135212976542,-0.02,5,HIGH,SL,2020-10-28,-38.642270425953086
GOOGL,2020-10-26,2020-10-27,2020-10-28,1932.1135212976542,-0.0200000000000001,5,HIGH,SL,2020-10-28,-38.64227042595328
AVGO,2020-10-26,2020-10-27,2020-10-28,1932.1135212976542,-0.02,4,HIGH,SL,2020-10-28,-38.642270425953086
BLK,2020-10-26,2020-10-27,2020-10-28,1932.1135212976542,-0.02,4,HIGH,SL,2020-10-28,-38.642270425953086
HON,2020-10-26,2020-10-27,2020-10-28,1932.1135212976533,-0.02,4,HIGH,SL,2020-10-28,-38.642270425953065
CAT,2020-10-27,2020-10-28,2020-10-28,1893.4712508717012,-0.0200000000000001,4,HIGH,SL,2020-10-29,-37.86942501743422
BLK,2020-10-28,2020-10-29,2020-10-30,1885.8973658682144,-0.02,2,LOW,SL,2020-10-30,-37.717947317364285
DUK,2020-10-28,2020-10-29,2020-11-03,1885.8973658682144,0.04,3,MEDIUM,TP,2020-11-03,75.43589463472857
JPM,2020-11-04,2020-11-05,2020-11-09,1893.440955331687,0.04,3,MEDIUM,TP,2020-11-09,75.73763821326749
NEE,2020-11-04,2020-11-05,2020-11-09,1893.440955331687,0.04,3,MEDIUM,TP,2020-11-09,75.73763821326749
AMD,2020-11-09,2020-11-10,2020-11-10,1923.7360106169938,-0.02,3,MEDIUM,SL,2020-11-11,-38.474720212339875
MSFT,2020-11-09,2020-11-10,2020-11-10,1923.7360106169938,-0.02,3,MEDIUM,SL,2020-11-11,-38.474720212339875
MA,2020-11-10,2020-11-11,2020-11-12,1908.346122532058,-0.02,3,MEDIUM,SL,2020-11-12,-38.16692245064116
BA,2020-11-11,2020-11-12,2020-11-13,1900.7127380419297,0.04,2,LOW,TP,2020-11-13,76.0285095216772
BA,2020-11-12,2020-11-13,2020-11-13,1915.9184399462647,0.04,4,HIGH,TP,2020-11-14,76.63673759785058
DIS,2020-11-11,2020-11-12,2020-11-16,1900.7127380419297,0.04,3,MEDIUM,TP,2020-11-16,76.0285095216772
BAC,2020-11-12,2020-11-13,2020-11-16,1915.9184399462647,0.04,4,HIGH,TP,2020-11-16,76.63673759785058
META,2020-11-10,2020-11-11,2020-11-18,1908.346122532058,-0.0054851146948095,3,MEDIUM,TIME,2020-11-18,-10.467497359483321
DUK,2020-11-12,2020-11-13,2020-11-18,1915.9184399462647,-0.02,4,HIGH,SL,2020-11-18,-38.31836879892529
DUK,2020-11-17,2020-11-18,2020-11-18,1952.0216636580587,-0.0199999999999999,3,MEDIUM,SL,2020-11-19,-39.04043327316098
BA,2020-11-18,2020-11-19,2020-11-19,1944.2135770034265,0.04,1,LOW,TP,2020-11-20,77.76854308013706
PFE,2020-11-16,2020-11-17,2020-11-24,1961.7788368897404,0.0030146045432539,4,HIGH,TIME,2020-11-24,5.913987394547163
CRM,2020-11-20,2020-11-23,2020-11-23,1959.767285619454,-0.02,3,MEDIUM,SL,2020-11-24,-39.195345712389084
WMT,2020-11-17,2020-11-18,2020-11-25,1952.0216636580587,0.013145617046099,3,MEDIUM,TIME,2020-11-25,25.660529256137906
HON,2020-11-18,2020-11-19,2020-11-27,1944.2135770034265,0.04,4,HIGH,TP,2020-11-27,77.76854308013706
UNH,2020-11-19,2020-11-20,2020-11-30,1959.767285619454,0.0039999075477845,4,HIGH,TIME,2020-11-30,7.838887957650395
GE,2020-11-30,2020-12-01,2020-12-01,1975.3646060146693,-0.02,2,LOW,SL,2020-12-02,-39.507292120293386
DUK,2020-11-30,2020-12-01,2020-12-04,1975.3646060146702,-0.0200000000000001,3,MEDIUM,SL,2020-12-04,-39.507292120293606
TSLA,2020-12-02,2020-12-03,2020-12-07,1935.857313894376,0.04,2,LOW,TP,2020-12-07,77.43429255577504
BLK,2020-11-30,2020-12-01,2020-12-08,1975.3646060146702,0.0110978191806714,5,HIGH,TIME,2020-12-08,21.92223921344901
HON,2020-11-30,2020-12-01,2020-12-08,1975.3646060146702,0.0240476304540677,5,HIGH,TIME,2020-12-08,47.50283805748583
MS,2020-11-30,2020-12-01,2020-12-08,1975.3646060146702,0.0125160114224467,5,HIGH,TIME,2020-12-08,24.723685972376536
COST,2020-12-03,2020-12-04,2020-12-11,1935.8573138943766,-0.0002930462090567,5,HIGH,TIME,2020-12-11,-0.5672956471114332
ADBE,2020-12-09,2020-12-10,2020-12-10,1993.87830032637,-0.02,5,HIGH,SL,2020-12-11,-39.8775660065274
AMD,2020-12-09,2020-12-10,2020-12-14,1993.8783003263704,0.04,4,HIGH,TP,2020-12-14,79.75513201305482
AAPL,2020-12-09,2020-12-10,2020-12-15,1993.87830032637,0.04,4,HIGH,TP,2020-12-15,79.7551320130548
ABBV,2020-12-14,2020-12-15,2020-12-15,2017.6913808008642,-0.02,4,HIGH,SL,2020-12-16,-40.353827616017284
COP,2020-12-14,2020-12-15,2020-12-15,2017.6913808008642,-0.02,4,HIGH,SL,2020-12-16,-40.353827616017284
CVX,2020-12-14,2020-12-15,2020-12-17,2017.6913808008642,-0.0200000000000001,3,MEDIUM,SL,2020-12-17,-40.35382761601749
MRK,2020-12-14,2020-12-15,2020-12-18,2017.6913808008642,-0.02,4,HIGH,SL,2020-12-18,-40.353827616017284
JNJ,2020-12-14,2020-12-15,2020-12-22,2017.6913808008642,0.0181339531423363,5,HIGH,TIME,2020-12-22,36.5887209551387
NKE,2020-12-18,2020-12-21,2020-12-22,1985.4083187080505,-0.02,5,HIGH,SL,2020-12-22,-39.70816637416101
AMD,2020-12-21,2020-12-22,2020-12-22,1984.784429624246,-0.02,4,HIGH,SL,2020-12-23,-39.69568859248492
GS,2020-12-22,2020-12-23,2020-12-28,1976.845291905749,0.04,4,HIGH,TP,2020-12-28,79.07381167622997
COP,2020-12-18,2020-12-21,2020-12-29,1985.4083187080505,-0.0086273078540969,3,MEDIUM,TIME,2020-12-29,-17.128728781579284
NFLX,2021-01-04,2021-01-05,2021-01-06,1989.234308484679,-0.02,5,HIGH,SL,2021-01-06,-39.784686169693586
ADBE,2021-01-04,2021-01-05,2021-01-06,1989.234308484679,-0.02,4,HIGH,SL,2021-01-06,-39.784686169693586
AVGO,2021-01-04,2021-01-05,2021-01-07,1989.234308484679,0.04,5,HIGH,TP,2021-01-07,79.56937233938717
AMD,2021-01-06,2021-01-07,2021-01-07,1989.234308484679,0.04,3,MEDIUM,TP,2021-01-08,79.56937233938717
AAPL,2021-01-04,2021-01-05,2021-01-12,1989.234308484679,-0.0006985101043895,4,HIGH,TIME,2021-01-12,-1.389500264474808
AMZN,2021-01-04,2021-01-05,2021-01-12,1989.234308484679,-0.02,4,HIGH,SL,2021-01-12,-39.784686169693586
LLY,2021-01-12,2021-01-13,2021-01-13,1996.913345665723,0.04,4,HIGH,TP,2021-01-14,79.87653382662891
AMD,2021-01-13,2021-01-14,2021-01-15,2012.888652431049,-0.0200000000000001,4,HIGH,SL,2021-01-15,-40.25777304862118
GOOGL,2021-01-11,2021-01-12,2021-01-20,1996.913345665723,0.04,4,HIGH,TP,2021-01-20,79.87653382662891
GS,2021-01-15,2021-01-19,2021-01-19,2004.8370978213247,-0.0200000000000001,2,LOW,SL,2021-01-20,-40.0967419564267
BAC,2021-01-15,2021-01-19,2021-01-21,2004.8370978213247,-0.02,5,HIGH,SL,2021-01-21,-40.0967419564265
GE,2021-01-15,2021-01-19,2021-01-21,2004.8370978213247,-0.02,4,HIGH,SL,2021-01-21,-40.0967419564265
GS,2021-01-19,2021-01-20,2021-01-20,2012.7930561953651,-0.02,4,HIGH,SL,2021-01-21,-40.2558611239073
BLK,2021-01-15,2021-01-19,2021-01-25,2004.8370978213247,-0.0199999999999999,4,HIGH,SL,2021-01-25,-40.09674195642629
XOM,2021-01-21,2021-01-22,2021-01-26,1988.7031871880129,-0.02,3,MEDIUM,SL,2021-01-26,-39.77406374376026
NFLX,2021-01-22,2021-01-25,2021-01-25,1980.6838387967277,-0.02,3,MEDIUM,SL,2021-01-26,-39.61367677593456
CVX,2021-01-21,2021-01-22,2021-01-27,1988.7031871880129,-0.02,5,HIGH,SL,2021-01-27,-39.77406374376026
GS,2021-01-25,2021-01-26,2021-01-27,1964.806290692789,-0.02,4,HIGH,SL,2021-01-27,-39.29612581385578
CAT,2021-01-25,2021-01-26,2021-01-27,1964.806290692789,-0.02,3,MEDIUM,SL,2021-01-27,-39.29612581385578
MS,2021-01-25,2021-01-26,2021-01-26,1964.806290692789,-0.02,3,MEDIUM,SL,2021-01-27,-39.29612581385578
HD,2021-01-27,2021-01-28,2021-01-29,1933.2738024557232,-0.02,4,HIGH,SL,2021-01-29,-38.66547604911447
MS,2021-01-27,2021-01-28,2021-01-29,1933.2738024557232,-0.02,3,MEDIUM,SL,2021-01-29,-38.66547604911447
AAPL,2021-01-28,2021-01-29,2021-01-29,1917.8076120360777,-0.02,5,HIGH,SL,2021-01-30,-38.356152240721556
LOW,2021-01-27,2021-01-28,2021-02-01,1933.2738024557232,-0.02,4,HIGH,SL,2021-02-01,-38.66547604911447
AMZN,2021-01-27,2021-01-28,2021-02-02,1933.2738024557232,0.04,4,HIGH,TP,2021-02-02,77.33095209822893
JNJ,2021-01-29,2021-02-01,2021-02-02,1902.4032863781104,-0.02,4,HIGH,SL,2021-02-02,-38.04806572756221
JPM,2021-01-27,2021-01-28,2021-02-03,1933.2738024557236,0.04,3,MEDIUM,TP,2021-02-03,77.33095209822895
MSFT,2021-01-29,2021-02-01,2021-02-03,1871.6564998238546,0.04,4,HIGH,TP,2021-02-03,74.86625999295418
ORCL,2021-01-28,2021-01-29,2021-02-05,1871.4090407771398,0.04,3,MEDIUM,TP,2021-02-05,74.85636163108559
AVGO,2021-02-03,2021-02-04,2021-02-11,1940.6993060704801,0.04,3,MEDIUM,TP,2021-02-11,77.62797224281921
NEE,2021-02-16,2021-02-17,2021-02-19,1971.1961728452616,-0.0200000000000001,3,MEDIUM,SL,2021-02-19,-39.42392345690543
AMZN,2021-02-19,2021-02-22,2021-02-23,1963.3113881538804,-0.02,4,HIGH,SL,2021-02-23,-39.26622776307761
NKE,2021-02-19,2021-02-22,2021-02-22,1963.3113881538804,-0.02,3,MEDIUM,SL,2021-02-23,-39.26622776307761
AVGO,2021-02-22,2021-02-23,2021-02-23,1947.6048970486493,-0.0200000000000001,5,HIGH,SL,2021-02-24,-38.95209794097318
NVDA,2021-02-22,2021-02-23,2021-02-23,1947.6048970486493,-0.02,5,HIGH,SL,2021-02-24,-38.95209794097298
BA,2021-02-22,2021-02-23,2021-02-23,1947.6048970486493,-0.02,4,HIGH,SL,2021-02-24,-38.95209794097298
LOW,2021-02-22,2021-02-23,2021-02-23,1947.6048970486497,-0.02,4,HIGH,SL,2021-02-24,-38.952097940973
LOW,2021-02-23,2021-02-24,2021-02-24,1916.4432186958709,-0.02,4,HIGH,SL,2021-02-25,-38.32886437391742
CRM,2021-02-23,2021-02-24,2021-02-25,1916.4432186958709,-0.02,3,MEDIUM,SL,2021-02-25,-38.32886437391742
CRM,2021-02-25,2021-02-26,2021-02-26,1901.1116729463038,-0.02,3,MEDIUM,SL,2021-02-27,-38.022233458926074
MA,2021-02-25,2021-02-26,2021-02-26,1901.1116729463038,-0.02,3,MEDIUM,SL,2021-02-27,-38.022233458926074
MSFT,2021-02-22,2021-02-23,2021-03-02,1947.6048970486493,0.0153691154054815,4,HIGH,TIME,2021-03-02,29.932964427021606
BAC,2021-02-26,2021-03-01,2021-03-03,1885.9027795627333,0.04,5,HIGH,TP,2021-03-03,75.43611118250934
CAT,2021-02-26,2021-03-01,2021-03-03,1840.276099412022,-0.02,5,HIGH,SL,2021-03-03,-36.80552198824044
V,2021-02-25,2021-02-26,2021-03-04,1854.6184488439576,-0.02,3,MEDIUM,SL,2021-03-04,-37.09236897687915
GOOGL,2021-02-25,2021-02-26,2021-03-05,1901.1116729463038,0.0330647528668703,3,MEDIUM,TIME,2021-03-05,62.85978763829189
AVGO,2021-03-03,2021-03-04,2021-03-04,1892.1970164916158,-0.02,4,HIGH,SL,2021-03-05,-37.843940329832314
MA,2021-03-04,2021-03-05,2021-03-05,1897.2001859533077,-0.02,4,HIGH,SL,2021-03-06,-37.94400371906615
BAC,2021-03-09,2021-03-10,2021-03-12,1889.6113852094948,0.04,4,HIGH,TP,2021-03-12,75.5844554083798
DIS,2021-03-09,2021-03-10,2021-03-16,1889.6113852094948,-0.02,3,MEDIUM,SL,2021-03-16,-37.7922277041899
META,2021-03-12,2021-03-15,2021-03-16,1904.7282762911707,0.04,3,MEDIUM,TP,2021-03-16,76.18913105164683
UPS,2021-03-15,2021-03-16,2021-03-18,1912.407656960662,-0.02,5,HIGH,SL,2021-03-18,-38.248153139213244
BA,2021-03-16,2021-03-17,2021-03-18,1912.407656960662,0.04,2,LOW,TP,2021-03-18,76.49630627842649
GOOGL,2021-03-12,2021-03-15,2021-03-19,1904.7282762911707,-0.0199999999999999,2,LOW,SL,2021-03-19,-38.09456552582322
BA,2021-03-18,2021-03-19,2021-03-19,1912.4383744833399,-0.02,4,HIGH,SL,2021-03-20,-38.2487674896668
MA,2021-03-18,2021-03-19,2021-03-19,1912.4383744833399,-0.02,4,HIGH,SL,2021-03-20,-38.2487674896668
PLD,2021-03-17,2021-03-18,2021-03-23,1920.0572875885046,0.04,3,MEDIUM,TP,2021-03-23,76.80229150354019
CAT,2021-03-19,2021-03-22,2021-03-23,1897.1388674874734,-0.02,4,HIGH,SL,2021-03-23,-37.94277734974947
CAT,2021-03-23,2021-03-24,2021-03-25,1904.9107703182317,-0.0200000000000001,4,HIGH,SL,2021-03-25,-38.09821540636483
MA,2021-03-19,2021-03-22,2021-03-29,1897.1388674874734,0.0195818491646375,3,MEDIUM,TIME,2021-03-29,37.14948714751091
JPM,2021-03-22,2021-03-23,2021-03-30,1904.9107703182317,0.0276061845861184,3,MEDIUM,TIME,2021-03-30,52.5873183454901
MS,2021-03-29,2021-03-30,2021-04-07,1915.2384883355587,0.0047032496469343,3,MEDIUM,TIME,2021-04-07,9.007844744059199
TSLA,2021-04-14,2021-04-15,2021-04-15,1917.0400572843705,-0.02,3,MEDIUM,SL,2021-04-16,-38.34080114568741
NVDA,2021-04-14,2021-04-15,2021-04-19,1917.0400572843705,-0.02,2,LOW,SL,2021-04-19,-38.34080114568741
BAC,2021-04-15,2021-04-16,2021-04-20,1909.3718970552331,-0.0199999999999999,4,HIGH,SL,2021-04-20,-38.18743794110447
NFLX,2021-04-14,2021-04-15,2021-04-21,1917.0400572843705,-0.02,5,HIGH,SL,2021-04-21,-38.34080114568741
NVDA,2021-04-19,2021-04-20,2021-04-20,1894.0662492378747,-0.02,4,HIGH,SL,2021-04-21,-37.88132498475749
TSLA,2021-04-19,2021-04-20,2021-04-21,1894.0662492378751,-0.02,4,HIGH,SL,2021-04-21,-37.881324984757505
LOW,2021-04-19,2021-04-20,2021-04-22,1894.0662492378747,-0.0199999999999999,4,HIGH,SL,2021-04-22,-37.881324984757306
GE,2021-04-20,2021-04-21,2021-04-22,1871.245559014834,0.04,4,HIGH,TP,2021-04-22,74.84982236059336
ORCL,2021-04-21,2021-04-22,2021-04-23,1878.6392584900016,-0.0199999999999999,5,HIGH,SL,2021-04-23,-37.57278516979984
GS,2021-04-20,2021-04-21,2021-04-26,1871.245559014834,0.04,5,HIGH,TP,2021-04-26,74.84982236059336
CAT,2021-04-20,2021-04-21,2021-04-28,1871.245559014834,0.0265268178046684,3,MEDIUM,TIME,2021-04-28,49.63819001178137
NEE,2021-04-21,2021-04-22,2021-04-28,1878.6392584900016,-0.02,5,HIGH,SL,2021-04-28,-37.572785169800035
ORCL,2021-04-22,2021-04-23,2021-04-30,1871.1247014560417,0.0201910273281566,5,HIGH,TIME,2021-04-30,37.7799299814878
PFE,2021-04-22,2021-04-23,2021-04-30,1863.3684293044962,0.0005178311798734,5,HIGH,TIME,2021-04-30,0.9649102722855913
HON,2021-04-23,2021-04-26,2021-04-30,1886.0946659281603,-0.02,5,HIGH,SL,2021-04-30,-37.72189331856321
MSFT,2021-04-28,2021-04-29,2021-04-29,1888.5077468965567,-0.02,4,HIGH,SL,2021-04-30,-37.77015493793113
CAT,2021-04-29,2021-04-30,2021-05-05,1881.1583052960123,0.04,4,HIGH,TP,2021-05-05,75.2463322118405
XOM,2021-04-30,2021-05-03,2021-05-05,1881.1583052960123,0.04,4,HIGH,TP,2021-05-05,75.2463322118405
AMZN,2021-05-03,2021-05-04,2021-05-04,1881.1583052960123,-0.02,5,HIGH,SL,2021-05-05,-37.62316610592025
CRM,2021-05-03,2021-05-04,2021-05-04,1873.808863695468,-0.0200000000000001,4,HIGH,SL,2021-05-05,-37.47617727390955
GE,2021-04-28,2021-04-29,2021-05-06,1888.5077468965565,0.0022762439640162,3,MEDIUM,TIME,2021-05-06,4.29870435987112
ADBE,2021-05-04,2021-05-05,2021-05-05,1896.2369695047828,-0.02,4,HIGH,SL,2021-05-06,-37.92473939009566
AMZN,2021-05-04,2021-05-05,2021-05-05,1896.2369695047828,-0.0199999999999999,3,MEDIUM,SL,2021-05-06,-37.92473939009547
NVDA,2021-05-04,2021-05-05,2021-05-05,1896.2369695047828,-0.02,3,MEDIUM,SL,2021-05-06,-37.92473939009566
AAPL,2021-05-04,2021-05-05,2021-05-11,1896.2369695047828,-0.02,4,HIGH,SL,2021-05-11,-37.92473939009566
MSFT,2021-05-10,2021-05-11,2021-05-12,1866.7569188646803,-0.02,3,MEDIUM,SL,2021-05-12,-37.33513837729361
PLD,2021-05-05,2021-05-06,2021-05-13,1874.3418667426995,0.0015000879942388,4,HIGH,TIME,2021-05-13,2.811677731399864
GS,2021-05-11,2021-05-12,2021-05-12,1859.2898911892216,-0.0199999999999999,5,HIGH,SL,2021-05-13,-37.18579782378425
HD,2021-05-11,2021-05-12,2021-05-12,1836.7708879602842,-0.0200000000000001,5,HIGH,SL,2021-05-13,-36.735417759205866
BLK,2021-05-12,2021-05-13,2021-05-14,1845.0679836189033,0.04,3,MEDIUM,TP,2021-05-14,73.80271934475614
DUK,2021-05-12,2021-05-13,2021-05-17,1845.0679836189033,0.04,3,MEDIUM,TP,2021-05-17,73.80271934475614
V,2021-05-10,2021-05-11,2021-05-18,1866.7569188646803,0.0096434061226271,4,HIGH,TIME,2021-05-18,18.00189510083616
CVX,2021-05-11,2021-05-12,2021-05-19,1859.2898911892216,-0.0200000000000001,5,HIGH,SL,2021-05-19,-37.18579782378462
LOW,2021-05-17,2021-05-18,2021-05-19,1878.1894503769731,-0.02,3,MEDIUM,SL,2021-05-19,-37.56378900753946
GOOGL,2021-05-12,2021-05-13,2021-05-20,1809.1571408028085,0.0363098983321723,3,MEDIUM,TIME,2021-05-20,65.6903118494735
CVX,2021-05-18,2021-05-19,2021-05-26,1863.2395330107083,0.0028898507200574,4,HIGH,TIME,2021-05-26,5.384484106110409
COP,2021-05-19,2021-05-20,2021-05-27,1876.3775953806032,-0.0021563925841372,4,HIGH,TIME,2021-05-27,-4.046206731719924
XOM,2021-05-19,2021-05-20,2021-05-27,1876.3775953806032,-0.0066156226290488,4,HIGH,TIME,2021-05-27,-12.413406080640092
ABBV,2021-05-27,2021-05-28,2021-06-02,1874.162569639353,-0.02,4,HIGH,SL,2021-06-02,-37.48325139278706
GE,2021-05-28,2021-06-01,2021-06-03,1874.162569639353,-0.02,3,MEDIUM,SL,2021-06-03,-37.48325139278706
COST,2021-05-28,2021-06-01,2021-06-08,1874.162569639353,-0.0006054962471336,4,HIGH,TIME,2021-06-08,-1.1347984024348925
JNJ,2021-06-01,2021-06-02,2021-06-09,1866.6659193607957,0.0017541012303183,4,HIGH,TIME,2021-06-09,3.274320985744012
AVGO,2021-06-07,2021-06-08,2021-06-15,1858.9423094017511,0.0057473281028119,5,HIGH,TIME,2021-06-15,10.683951376330738
GS,2021-06-10,2021-06-11,2021-06-15,1859.5971735989003,-0.02,5,HIGH,SL,2021-06-15,-37.19194347197801
ORCL,2021-06-10,2021-06-11,2021-06-16,1859.5971735989003,-0.0200000000000001,5,HIGH,SL,2021-06-16,-37.19194347197819
CVX,2021-06-17,2021-06-18,2021-06-18,1846.8571864853752,-0.02,4,HIGH,SL,2021-06-19,-36.93714372970751
GS,2021-06-17,2021-06-18,2021-06-18,1846.8571864853757,-0.02,4,HIGH,SL,2021-06-19,-36.937143729707515
MS,2021-06-17,2021-06-18,2021-06-18,1846.8571864853752,-0.0200000000000001,4,HIGH,SL,2021-06-19,-36.93714372970769
COP,2021-06-17,2021-06-18,2021-06-21,1846.8571864853752,0.04,5,HIGH,TP,2021-06-21,73.87428745941502
XOM,2021-06-17,2021-06-18,2021-06-22,1846.8571864853752,0.04,5,HIGH,TP,2021-06-22,73.87428745941502
COP,2021-06-18,2021-06-21,2021-06-22,1832.0823289934917,0.04,3,MEDIUM,TP,2021-06-22,73.28329315973967
META,2021-06-18,2021-06-21,2021-06-24,1839.4697577394338,0.04,4,HIGH,TP,2021-06-24,73.57879030957736
AMD,2021-06-21,2021-06-22,2021-06-24,1868.901273863265,0.04,3,MEDIUM,TP,2021-06-24,74.75605095453061
PEP,2021-06-18,2021-06-21,2021-06-28,1839.4697577394343,0.0088511552916112,4,HIGH,TIME,2021-06-28,16.281432479974164
PLD,2021-06-18,2021-06-21,2021-06-28,1839.4697577394343,0.0138379024307542,4,HIGH,TIME,2021-06-28,25.45440303192136
BA,2021-06-28,2021-06-29,2021-06-29,1906.9154092184654,-0.02,4,HIGH,SL,2021-06-30,-38.13830818436931
COP,2021-07-06,2021-07-07,2021-07-07,1899.2877475815917,-0.02,4,HIGH,SL,2021-07-08,-37.98575495163183
BLK,2021-07-08,2021-07-09,2021-07-14,1891.6905965912656,-0.0199999999999999,5,HIGH,SL,2021-07-14,-37.833811931825124
NVDA,2021-07-08,2021-07-09,2021-07-15,1891.6905965912656,-0.02,4,HIGH,SL,2021-07-15,-37.833811931825316
BLK,2021-07-14,2021-07-15,2021-07-19,1876.5570718185354,-0.0199999999999999,5,HIGH,SL,2021-07-19,-37.53114143637052
ORCL,2021-07-15,2021-07-16,2021-07-21,1876.5570718185354,0.04,5,HIGH,TP,2021-07-21,75.06228287274142
CRM,2021-07-15,2021-07-16,2021-07-22,1876.5570718185354,0.04,3,MEDIUM,TP,2021-07-22,75.06228287274142
LLY,2021-07-15,2021-07-16,2021-07-23,1876.5570718185354,0.04,5,HIGH,TP,2021-07-23,75.06228287274142
AAPL,2021-07-19,2021-07-20,2021-07-26,1869.0508435312615,0.04,5,HIGH,TP,2021-07-26,74.76203374125046
V,2021-07-19,2021-07-20,2021-07-26,1846.5321586694388,0.04,5,HIGH,TP,2021-07-26,73.86128634677755
NFLX,2021-07-21,2021-07-22,2021-07-29,1899.075756680358,0.0079182950028071,4,HIGH,TIME,2021-07-29,15.03744207407419
LOW,2021-07-27,2021-07-28,2021-08-04,1943.812877272512,-0.0194661426139838,4,HIGH,TIME,2021-08-04,-37.838538683884906
MA,2021-08-02,2021-08-03,2021-08-03,1946.8203656873266,-0.02,4,HIGH,SL,2021-08-04,-38.936407313746535
V,2021-08-02,2021-08-03,2021-08-03,1946.8203656873266,-0.02,4,HIGH,SL,2021-08-04,-38.936407313746535
ABBV,2021-07-30,2021-08-02,2021-08-05,1946.8203656873266,-0.02,4,HIGH,SL,2021-08-05,-38.936407313746535
AMD,2021-08-09,2021-08-10,2021-08-10,1915.8908135623017,-0.02,4,HIGH,SL,2021-08-11,-38.31781627124604
UNH,2021-08-05,2021-08-06,2021-08-13,1915.8908135623017,-0.0056796233837601,4,HIGH,TIME,2021-08-13,-10.88153826543961
PFE,2021-08-11,2021-08-12,2021-08-13,1908.2272503080528,0.04,4,HIGH,TP,2021-08-13,76.32909001232211
TSLA,2021-08-17,2021-08-18,2021-08-23,1921.316760657429,0.04,3,MEDIUM,TP,2021-08-23,76.85267042629717
PFE,2021-08-18,2021-08-19,2021-08-23,1921.316760657429,0.04,3,MEDIUM,TP,2021-08-23,76.85267042629717
AAPL,2021-08-18,2021-08-19,2021-08-24,1921.316760657429,0.04,4,HIGH,TP,2021-08-24,76.85267042629717
PFE,2021-08-24,2021-08-25,2021-08-25,1967.4283629132076,-0.0200000000000001,4,HIGH,SL,2021-08-26,-39.34856725826435
NEE,2021-08-23,2021-08-24,2021-08-31,1967.4283629132076,0.0017128654725766,5,HIGH,TIME,2021-08-31,3.369940112601938
PLD,2021-09-09,2021-09-10,2021-09-14,1960.232637484075,-0.02,5,HIGH,SL,2021-09-14,-39.2046527496815
AAPL,2021-09-10,2021-09-13,2021-09-14,1960.232637484075,-0.02,4,HIGH,SL,2021-09-14,-39.2046527496815
ADBE,2021-09-13,2021-09-14,2021-09-20,1944.5507763842024,-0.0199999999999999,4,HIGH,SL,2021-09-20,-38.891015527683855
BAC,2021-09-14,2021-09-15,2021-09-20,1944.5507763842024,-0.02,4,HIGH,SL,2021-09-20,-38.89101552768405
MS,2021-09-14,2021-09-15,2021-09-20,1944.5507763842024,-0.0200000000000001,4,HIGH,SL,2021-09-20,-38.891015527684246
META,2021-09-17,2021-09-20,2021-09-20,1921.216167067592,-0.02,4,HIGH,SL,2021-09-21,-38.424323341351844
COP,2021-09-20,2021-09-21,2021-09-22,1913.5313023993215,0.04,5,HIGH,TP,2021-09-22,76.54125209597287
ADBE,2021-09-20,2021-09-21,2021-09-22,1913.5313023993215,-0.02,4,HIGH,SL,2021-09-22,-38.27062604798643
NVDA,2021-09-20,2021-09-21,2021-09-21,1905.8464377310518,-0.02,4,HIGH,SL,2021-09-22,-38.116928754621036
NEE,2021-09-17,2021-09-20,2021-09-27,1921.216167067592,-0.02,4,HIGH,SL,2021-09-27,-38.424323341351844
AVGO,2021-09-20,2021-09-21,2021-09-28,1913.5313023993215,-0.0050051000342025,4,HIGH,TIME,2021-09-28,-9.5774155870864
HD,2021-09-28,2021-09-29,2021-10-01,1903.9616940723072,-0.02,4,HIGH,SL,2021-10-01,-38.07923388144614
AVGO,2021-09-28,2021-09-29,2021-10-01,1903.9616940723072,-0.0200000000000001,3,MEDIUM,SL,2021-10-01,-38.079233881446335
COST,2021-09-28,2021-09-29,2021-10-01,1903.9616940723072,-0.02,3,MEDIUM,SL,2021-10-01,-38.07923388144614
LOW,2021-09-28,2021-09-29,2021-10-01,1903.9616940723063,-0.0199999999999999,3,MEDIUM,SL,2021-10-01,-38.07923388144594
CRM,2021-09-28,2021-09-29,2021-10-04,1903.9616940723072,-0.0199999999999999,4,HIGH,SL,2021-10-04,-38.07923388144595
LOW,2021-09-30,2021-10-01,2021-10-08,1873.49830696715,0.0119279014782707,4,HIGH,TIME,2021-10-08,22.346903225211122
JPM,2021-10-11,2021-10-12,2021-10-13,1870.351840835903,-0.02,4,HIGH,SL,2021-10-13,-37.40703681671806
JPM,2021-10-13,2021-10-14,2021-10-18,1862.8704334725594,0.04,4,HIGH,TP,2021-10-18,74.51481733890238
NFLX,2021-10-20,2021-10-21,2021-10-22,1877.7733969403398,0.04,4,HIGH,TP,2021-10-22,75.1109358776136
UPS,2021-10-27,2021-10-28,2021-11-02,1892.7955841158628,-0.0200000000000001,3,MEDIUM,SL,2021-11-02,-37.85591168231745
AMZN,2021-10-29,2021-11-01,2021-11-01,1892.7955841158619,-0.02,5,HIGH,SL,2021-11-02,-37.855911682317235
LLY,2021-11-01,2021-11-02,2021-11-03,1832.2261254241546,0.04,4,HIGH,TP,2021-11-03,73.28904501696618
AVGO,2021-10-27,2021-10-28,2021-11-04,1892.7955841158628,0.04,4,HIGH,TP,2021-11-04,75.71182336463451
GE,2021-10-27,2021-10-28,2021-11-04,1892.7955841158628,0.0176032803139201,4,HIGH,TIME,2021-11-04,33.31941124414166
XOM,2021-10-27,2021-10-28,2021-11-04,1892.7955841158628,0.0092447291133184,4,HIGH,TIME,2021-11-04,17.498382442036423
COP,2021-11-02,2021-11-03,2021-11-05,1892.311028446329,0.04,3,MEDIUM,TP,2021-11-05,75.69244113785315
NFLX,2021-11-04,2021-11-05,2021-11-05,1932.7554400840622,-0.02,5,HIGH,SL,2021-11-06,-38.655108801681244
GOOGL,2021-11-01,2021-11-02,2021-11-08,1877.6532194429358,0.04,5,HIGH,TP,2021-11-08,75.10612877771743
BAC,2021-11-04,2021-11-05,2021-11-09,1932.7554400840622,-0.02,5,HIGH,SL,2021-11-09,-38.655108801681244
GS,2021-11-04,2021-11-05,2021-11-09,1932.7554400840622,-0.02,5,HIGH,SL,2021-11-09,-38.655108801681244
LLY,2021-11-05,2021-11-08,2021-11-09,1940.0456440792696,-0.02,3,MEDIUM,SL,2021-11-09,-38.80091288158539
NKE,2021-11-08,2021-11-09,2021-11-10,1916.8234179822798,-0.02,5,HIGH,SL,2021-11-10,-38.3364683596456
NFLX,2021-11-05,2021-11-08,2021-11-12,1940.0456440792696,0.04,4,HIGH,TP,2021-11-12,77.60182576317078
PEP,2021-11-08,2021-11-09,2021-11-16,1916.8234179822798,0.0061610849361017,5,HIGH,TIME,2021-11-16,11.809711885697597
ADBE,2021-11-10,2021-11-11,2021-11-18,1909.1561243103508,0.04,5,HIGH,TP,2021-11-18,76.36624497241404
CRM,2021-11-10,2021-11-11,2021-11-18,1909.1561243103508,0.0049420852404848,5,HIGH,TIME,2021-11-18,9.43521230373535
NKE,2021-11-10,2021-11-11,2021-11-18,1870.5993108695027,0.0103183928890939,5,HIGH,TIME,2021-11-18,19.301578627619826
BA,2021-11-16,2021-11-17,2021-11-17,1927.0384318401245,-0.02,4,HIGH,SL,2021-11-18,-38.54076863680249
MA,2021-11-17,2021-11-18,2021-11-18,1940.3508852935179,-0.0199999999999999,5,HIGH,SL,2021-11-19,-38.807017705870166
NVDA,2021-11-17,2021-11-18,2021-11-18,1940.3508852935179,-0.02,3,MEDIUM,SL,2021-11-19,-38.80701770587036
CVX,2021-11-19,2021-11-22,2021-11-23,1924.82807821117,0.04,4,HIGH,TP,2021-11-23,76.9931231284468
ADBE,2021-11-22,2021-11-23,2021-11-23,1940.2267028368597,-0.0200000000000001,3,MEDIUM,SL,2021-11-24,-38.80453405673739
MRK,2021-11-19,2021-11-22,2021-11-26,1924.82807821117,-0.0200000000000001,4,HIGH,SL,2021-11-26,-38.49656156422359
AMZN,2021-11-22,2021-11-23,2021-11-26,1940.2267028368597,-0.02,4,HIGH,SL,2021-11-26,-38.8045340567372
UNH,2021-11-19,2021-11-22,2021-11-30,1924.82807821117,0.0031614331484044,4,HIGH,TIME,2021-11-30,6.085215291436329
BAC,2021-11-26,2021-11-29,2021-11-29,1917.0055769013197,-0.0200000000000001,3,MEDIUM,SL,2021-11-30,-38.34011153802659
CVX,2021-11-26,2021-11-29,2021-11-30,1885.9619496559299,-0.02,3,MEDIUM,SL,2021-11-30,-37.7192389931186
AVGO,2021-11-22,2021-11-23,2021-12-01,1940.2267028368597,0.0042360221469577,5,HIGH,TIME,2021-12-01,8.218843283335653
LLY,2021-11-29,2021-11-30,2021-11-30,1903.010749853378,-0.02,4,HIGH,SL,2021-12-01,-38.06021499706756
PFE,2021-11-29,2021-11-30,2021-11-30,1903.010749853378,0.04,3,MEDIUM,TP,2021-12-01,76.12042999413512
COST,2021-11-30,2021-12-01,2021-12-01,1912.2665615094586,-0.02,5,HIGH,SL,2021-12-02,-38.24533123018917
BLK,2021-11-30,2021-12-01,2021-12-01,1912.2665615094586,-0.02,4,HIGH,SL,2021-12-02,-38.24533123018917
PLD,2021-11-26,2021-11-29,2021-12-03,1917.0055769013197,0.04,4,HIGH,TP,2021-12-03,76.6802230760528
LLY,2021-11-30,2021-12-01,2021-12-03,1907.5275461175977,-0.02,4,HIGH,SL,2021-12-03,-38.150550922351954
NEE,2021-11-30,2021-12-01,2021-12-07,1912.2665615094586,0.04,5,HIGH,TP,2021-12-07,76.49066246037835
AMD,2021-12-06,2021-12-07,2021-12-07,1919.972495940199,-0.0199999999999999,3,MEDIUM,SL,2021-12-08,-38.39944991880379
NVDA,2021-12-06,2021-12-07,2021-12-07,1919.972495940199,0.04,3,MEDIUM,TP,2021-12-08,76.79889983760796
COST,2021-12-08,2021-12-09,2021-12-10,1927.6523859239599,0.04,2,LOW,TP,2021-12-10,77.1060954369584
AAPL,2021-12-13,2021-12-14,2021-12-16,1943.0736050113517,-0.02,3,MEDIUM,SL,2021-12-16,-38.86147210022703
MSFT,2021-12-14,2021-12-15,2021-12-17,1943.0736050113517,-0.02,4,HIGH,SL,2021-12-17,-38.86147210022703
HD,2021-12-16,2021-12-17,2021-12-17,1911.9844273311692,-0.02,3,MEDIUM,SL,2021-12-18,-38.239688546623384
AVGO,2021-12-16,2021-12-17,2021-12-20,1927.529016171261,0.04,4,HIGH,TP,2021-12-20,77.10116064685045
COST,2021-12-14,2021-12-15,2021-12-22,1943.0736050113517,0.0063343361772194,3,MEDIUM,TIME,2021-12-22,12.308081431223524
AAPL,2021-12-16,2021-12-17,2021-12-23,1927.529016171261,0.04,5,HIGH,TP,2021-12-23,77.10116064685045
MSFT,2021-12-16,2021-12-17,2021-12-23,1927.529016171261,0.04,4,HIGH,TP,2021-12-23,77.10116064685045
JNJ,2021-12-17,2021-12-20,2021-12-28,1935.3013105913062,0.0151362787864601,5,HIGH,TIME,2021-12-28,29.293260172911616
PEP,2021-12-17,2021-12-20,2021-12-28,1935.3013105913062,0.0311080989843399,5,HIGH,TIME,2021-12-28,60.203544734397084
PFE,2021-12-21,2021-12-22,2021-12-28,1937.7629268775509,-0.02,4,HIGH,SL,2021-12-28,-38.755258537551015
AMT,2022-01-03,2022-01-04,2022-01-05,1978.7517004102428,-0.02,5,HIGH,SL,2022-01-05,-39.57503400820486
PLD,2022-01-03,2022-01-04,2022-01-04,1978.7517004102428,-0.02,5,HIGH,SL,2022-01-05,-39.57503400820486
UNH,2022-01-04,2022-01-05,2022-01-06,1962.921686806961,-0.02,5,HIGH,SL,2022-01-06,-39.25843373613922
AMD,2022-01-04,2022-01-05,2022-01-05,1962.921686806961,-0.0200000000000001,4,HIGH,SL,2022-01-06,-39.258433736139416
PLD,2022-01-04,2022-01-05,2022-01-05,1962.921686806961,-0.02,4,HIGH,SL,2022-01-06,-39.25843373613922
PFE,2022-01-04,2022-01-05,2022-01-06,1962.9216868069614,-0.02,3,MEDIUM,SL,2022-01-06,-39.25843373613923
COST,2022-01-05,2022-01-06,2022-01-07,1931.5149398180497,-0.02,4,HIGH,SL,2022-01-07,-38.630298796361
MS,2022-01-05,2022-01-06,2022-01-06,1931.5149398180497,-0.02,4,HIGH,SL,2022-01-07,-38.630298796361
GS,2022-01-05,2022-01-06,2022-01-06,1931.5149398180497,-0.02,3,MEDIUM,SL,2022-01-07,-38.630298796361
PLD,2022-01-05,2022-01-06,2022-01-07,1931.5149398180502,-0.02,3,MEDIUM,SL,2022-01-07,-38.630298796361004
LOW,2022-01-07,2022-01-10,2022-01-10,1900.610700780961,-0.02,4,HIGH,SL,2022-01-11,-38.01221401561922
V,2022-01-10,2022-01-11,2022-01-13,1893.0082579778373,0.04,4,HIGH,TP,2022-01-13,75.72033031911349
UPS,2022-01-10,2022-01-11,2022-01-14,1893.0082579778373,-0.02,5,HIGH,SL,2022-01-14,-37.86016515955674
MS,2022-01-12,2022-01-13,2022-01-14,1908.1523240416602,-0.02,5,HIGH,SL,2022-01-14,-38.1630464808332
BAC,2022-01-18,2022-01-19,2022-01-19,1892.9476817135824,-0.02,4,HIGH,SL,2022-01-20,-37.85895363427165
BA,2022-01-19,2022-01-20,2022-01-21,1885.375890986728,-0.02,5,HIGH,SL,2022-01-21,-37.70751781973456
CAT,2022-01-19,2022-01-20,2022-01-20,1885.375890986728,-0.02,5,HIGH,SL,2022-01-21,-37.70751781973456
GE,2022-01-19,2022-01-20,2022-01-20,1885.375890986728,-0.02,4,HIGH,SL,2022-01-21,-37.70751781973456
CAT,2022-01-20,2022-01-21,2022-01-21,1862.7513802948874,-0.0200000000000001,4,HIGH,SL,2022-01-22,-37.255027605897936
COP,2022-01-21,2022-01-24,2022-01-24,1855.3003747737075,-0.02,5,HIGH,SL,2022-01-25,-37.10600749547415
MA,2022-01-21,2022-01-24,2022-01-24,1855.3003747737075,-0.02,3,MEDIUM,SL,2022-01-25,-37.10600749547415
DUK,2022-01-18,2022-01-19,2022-01-26,1892.9476817135824,0.0006870086825339,4,HIGH,TIME,2022-01-26,1.3004714929196484
CVX,2022-01-28,2022-01-31,2022-02-01,1840.718066074102,0.04,5,HIGH,TP,2022-02-01,73.62872264296408
GOOGL,2022-02-03,2022-02-04,2022-02-04,1855.4438106026948,-0.02,2,LOW,SL,2022-02-05,-37.1088762120539
MRK,2022-02-03,2022-02-04,2022-02-08,1855.4438106026948,-0.02,3,MEDIUM,SL,2022-02-08,-37.1088762120539
MA,2022-02-04,2022-02-07,2022-02-07,1848.0220353602845,-0.02,4,HIGH,SL,2022-02-08,-36.96044070720569
XOM,2022-02-08,2022-02-09,2022-02-10,1833.2081719764324,-0.02,3,MEDIUM,SL,2022-02-10,-36.66416343952865
BAC,2022-02-11,2022-02-14,2022-02-14,1825.8753392885264,-0.02,4,HIGH,SL,2022-02-15,-36.51750678577053
BA,2022-02-11,2022-02-14,2022-02-18,1825.8753392885264,-0.0199999999999999,4,HIGH,SL,2022-02-18,-36.517506785770344
COP,2022-02-22,2022-02-23,2022-02-24,1811.2683365742182,-0.02,3,MEDIUM,SL,2022-02-24,-36.225366731484364
KO,2022-03-07,2022-03-08,2022-03-08,1804.0232632279215,-0.02,3,MEDIUM,SL,2022-03-09,-36.08046526455843
COP,2022-03-08,2022-03-09,2022-03-09,1796.8071701750098,-0.02,3,MEDIUM,SL,2022-03-10,-35.936143403500196
NEE,2022-03-08,2022-03-09,2022-03-09,1796.8071701750102,-0.02,3,MEDIUM,SL,2022-03-10,-35.9361434035002
COP,2022-03-09,2022-03-10,2022-03-14,1782.43271281361,-0.02,4,HIGH,SL,2022-03-14,-35.6486542562722
CVX,2022-03-09,2022-03-10,2022-03-14,1782.43271281361,-0.0200000000000001,1,LOW,SL,2022-03-14,-35.64865425627238
UNH,2022-03-07,2022-03-08,2022-03-15,1804.0232632279215,0.04,2,LOW,TP,2022-03-15,72.16093052911685
JNJ,2022-03-08,2022-03-09,2022-03-16,1796.8071701750098,0.04,3,MEDIUM,TP,2022-03-16,71.87228680700039
NVDA,2022-03-23,2022-03-24,2022-03-24,1796.9798945783245,0.04,4,HIGH,TP,2022-03-25,71.87919578313299
COP,2022-03-29,2022-03-30,2022-04-01,1811.3557337349512,-0.02,4,HIGH,SL,2022-04-01,-36.227114674699024
UPS,2022-03-31,2022-04-01,2022-04-01,1804.1103108000113,-0.02,5,HIGH,SL,2022-04-02,-36.08220621600023
UNH,2022-03-31,2022-04-01,2022-04-06,1804.1103108000113,0.04,5,HIGH,TP,2022-04-06,72.16441243200046
GOOGL,2022-03-31,2022-04-01,2022-04-06,1804.1103108000113,-0.02,4,HIGH,SL,2022-04-06,-36.08220621600023
V,2022-04-06,2022-04-07,2022-04-07,1804.1103108000113,-0.02,5,HIGH,SL,2022-04-08,-36.08220621600023
AMZN,2022-04-06,2022-04-07,2022-04-07,1804.1103108000113,-0.0200000000000001,4,HIGH,SL,2022-04-08,-36.08220621600041
GOOGL,2022-04-06,2022-04-07,2022-04-08,1804.1103108000113,-0.02,4,HIGH,SL,2022-04-08,-36.08220621600023
MSFT,2022-04-06,2022-04-07,2022-04-11,1804.11031080001,-0.0200000000000001,4,HIGH,SL,2022-04-11,-36.08220621600038
CAT,2022-04-05,2022-04-06,2022-04-13,1804.1103108000113,0.0146430674545252,3,MEDIUM,TIME,2022-04-13,26.41770897644899
ABBV,2022-04-11,2022-04-12,2022-04-13,1775.244545827211,-0.02,4,HIGH,SL,2022-04-13,-35.50489091654422
COST,2022-04-11,2022-04-12,2022-04-20,1775.244545827211,0.0287032948313024,5,HIGH,TIME,2022-04-20,50.95536759653996
COST,2022-04-22,2022-04-25,2022-04-25,1783.6181829585,-0.0200000000000001,3,MEDIUM,SL,2022-04-26,-35.67236365917018
LLY,2022-04-22,2022-04-25,2022-04-26,1783.6181829585,0.04,3,MEDIUM,TP,2022-04-26,71.34472731834
XOM,2022-04-22,2022-04-25,2022-04-25,1783.6181829584991,-0.02,3,MEDIUM,SL,2022-04-26,-35.67236365916998
HON,2022-04-22,2022-04-25,2022-04-27,1783.6181829585,-0.02,3,MEDIUM,SL,2022-04-27,-35.67236365917
UNH,2022-04-22,2022-04-25,2022-04-27,1783.6181829584996,-0.02,3,MEDIUM,SL,2022-04-27,-35.672363659169996
KO,2022-04-29,2022-05-02,2022-05-02,1769.3492374948319,-0.02,4,HIGH,SL,2022-05-03,-35.38698474989664
DUK,2022-04-29,2022-05-02,2022-05-02,1769.3492374948319,-0.02,3,MEDIUM,SL,2022-05-03,-35.38698474989664
PEP,2022-04-29,2022-05-02,2022-05-02,1769.3492374948319,-0.02,3,MEDIUM,SL,2022-05-03,-35.38698474989664
XOM,2022-04-29,2022-05-02,2022-05-03,1769.3492374948319,0.04,1,LOW,TP,2022-05-03,70.77396949979328
HON,2022-05-05,2022-05-06,2022-05-06,1762.2718405448527,-0.02,3,MEDIUM,SL,2022-05-07,-35.245436810897054
PEP,2022-05-02,2022-05-03,2022-05-10,1762.2718405448527,0.0138939566900275,4,HIGH,TIME,2022-05-10,24.48492862858523
MCD,2022-05-05,2022-05-06,2022-05-11,1762.2718405448527,-0.02,1,LOW,SL,2022-05-11,-35.245436810897054
LLY,2022-05-09,2022-05-10,2022-05-10,1760.1197389083904,-0.02,2,LOW,SL,2022-05-11,-35.20239477816781
WMT,2022-05-06,2022-05-09,2022-05-16,1755.2227531826736,-0.0017511639237653,4,HIGH,TIME,2022-05-16,-3.0736827635455035
COP,2022-05-18,2022-05-19,2022-05-19,1745.4154360378682,0.04,2,LOW,TP,2022-05-20,69.81661744151472
CVX,2022-05-18,2022-05-19,2022-05-23,1745.4154360378682,0.04,2,LOW,TP,2022-05-23,69.81661744151472
LLY,2022-05-31,2022-06-01,2022-06-01,1773.3420830144744,-0.02,3,MEDIUM,SL,2022-06-02,-35.46684166028949
LLY,2022-06-02,2022-06-03,2022-06-06,1766.2487146824167,0.04,4,HIGH,TP,2022-06-06,70.64994858729666
CVX,2022-05-31,2022-06-01,2022-06-08,1773.3420830144744,0.0248967399928947,4,HIGH,TIME,2022-06-08,44.15043675926966
CAT,2022-06-09,2022-06-10,2022-06-10,1789.2087917517301,-0.02,3,MEDIUM,SL,2022-06-11,-35.7841758350346
XOM,2022-06-16,2022-06-17,2022-06-17,1782.051956584723,-0.02,3,MEDIUM,SL,2022-06-18,-35.64103913169446
MRK,2022-06-28,2022-06-29,2022-07-01,1774.9237487583844,-0.02,4,HIGH,SL,2022-07-01,-35.49847497516769
UPS,2022-07-12,2022-07-13,2022-07-19,1767.824053763351,0.04,4,HIGH,TP,2022-07-19,70.71296215053404
ABBV,2022-07-18,2022-07-19,2022-07-21,1781.9666461934576,-0.02,4,HIGH,SL,2022-07-21,-35.639332923869155
AAPL,2022-07-18,2022-07-19,2022-07-21,1781.9666461934576,0.04,3,MEDIUM,TP,2022-07-21,71.27866584773831
UNH,2022-07-20,2022-07-21,2022-07-28,1789.0945127782315,0.04,4,HIGH,TP,2022-07-28,71.56378051112927
COST,2022-07-26,2022-07-27,2022-07-28,1789.0945127782315,0.04,5,HIGH,TP,2022-07-28,71.56378051112927
LOW,2022-07-26,2022-07-27,2022-07-27,1789.0945127782315,-0.02,5,HIGH,SL,2022-07-28,-35.78189025556463
UPS,2022-07-26,2022-07-27,2022-07-29,1789.0945127782315,0.04,4,HIGH,TP,2022-07-29,71.56378051112927
LOW,2022-08-02,2022-08-03,2022-08-04,1824.8764030337961,0.04,5,HIGH,TP,2022-08-04,72.99505612135185
V,2022-08-02,2022-08-03,2022-08-08,1824.8764030337961,0.04,3,MEDIUM,TP,2022-08-08,72.99505612135185
BA,2022-08-02,2022-08-03,2022-08-10,1824.8764030337961,0.04,3,MEDIUM,TP,2022-08-10,72.99505612135185
AMD,2022-08-08,2022-08-09,2022-08-09,1854.0744254823367,-0.0200000000000001,2,LOW,SL,2022-08-10,-37.081488509646924
WMT,2022-08-04,2022-08-05,2022-08-11,1839.4754142580664,0.04,4,HIGH,TP,2022-08-11,73.57901657032265
NVDA,2022-08-09,2022-08-10,2022-08-10,1861.2571390046776,-0.0200000000000001,3,MEDIUM,SL,2022-08-11,-37.22514278009374
LOW,2022-08-09,2022-08-10,2022-08-15,1861.2571390046776,0.04,5,HIGH,TP,2022-08-15,74.45028556018711
AVGO,2022-08-09,2022-08-10,2022-08-17,1861.2571390046776,-0.02,5,HIGH,SL,2022-08-17,-37.225142780093556
CRM,2022-08-09,2022-08-10,2022-08-17,1861.2571390046776,-0.001062944611885,5,HIGH,TIME,2022-08-17,-1.9784132472375127
AVGO,2022-08-17,2022-08-18,2022-08-22,1875.5772596692943,-0.0199999999999999,4,HIGH,SL,2022-08-22,-37.5115451933857
CRM,2022-08-19,2022-08-22,2022-08-22,1868.0749506306174,-0.0200000000000001,3,MEDIUM,SL,2022-08-23,-37.36149901261254
BAC,2022-08-19,2022-08-22,2022-08-24,1868.0749506306174,-0.02,5,HIGH,SL,2022-08-24,-37.36149901261235
NKE,2022-08-19,2022-08-22,2022-08-26,1868.0749506306174,-0.0199999999999999,4,HIGH,SL,2022-08-26,-37.361499012612164
AAPL,2022-08-22,2022-08-23,2022-08-26,1860.602650828095,-0.02,4,HIGH,SL,2022-08-26,-37.2120530165619
AVGO,2022-08-22,2022-08-23,2022-08-26,1838.1857514205265,-0.02,3,MEDIUM,SL,2022-08-26,-36.76371502841053
JPM,2022-08-19,2022-08-22,2022-08-29,1868.0749506306174,-0.02,5,HIGH,SL,2022-08-29,-37.36149901261235
AAPL,2022-08-26,2022-08-29,2022-08-30,1823.390597811533,-0.02,3,MEDIUM,SL,2022-08-30,-36.46781195623066
BAC,2022-08-26,2022-08-29,2022-09-01,1823.390597811533,-0.02,3,MEDIUM,SL,2022-09-01,-36.46781195623066
HON,2022-08-26,2022-08-29,2022-09-01,1823.3905978115336,-0.0199999999999999,3,MEDIUM,SL,2022-09-01,-36.46781195623049
KO,2022-08-26,2022-08-29,2022-09-01,1823.3905978115326,-0.02,3,MEDIUM,SL,2022-09-01,-36.467811956230655
CVX,2022-08-30,2022-08-31,2022-09-01,1786.9227858553024,-0.02,5,HIGH,SL,2022-09-01,-35.73845571710605
COST,2022-08-26,2022-08-29,2022-09-02,1823.3905978115336,-0.02,3,MEDIUM,SL,2022-09-02,-36.46781195623067
GE,2022-08-31,2022-09-01,2022-09-01,1787.0686571031279,-0.02,3,MEDIUM,SL,2022-09-02,-35.74137314206256
NFLX,2022-09-06,2022-09-07,2022-09-07,1772.626820083469,0.04,3,MEDIUM,TP,2022-09-08,70.90507280333877
HON,2022-09-02,2022-09-06,2022-09-13,1772.626820083469,-0.0113837036863712,4,HIGH,TIME,2022-09-13,-20.179058466344642
DUK,2022-09-13,2022-09-14,2022-09-15,1782.7720229508677,-0.02,3,MEDIUM,SL,2022-09-15,-35.655440459017356
DIS,2022-09-13,2022-09-14,2022-09-16,1782.7720229508677,-0.02,3,MEDIUM,SL,2022-09-16,-35.655440459017356
MS,2022-09-13,2022-09-14,2022-09-16,1782.7720229508668,-0.0199999999999999,3,MEDIUM,SL,2022-09-16,-35.65544045901716
XOM,2022-09-15,2022-09-16,2022-09-16,1761.378758675457,-0.0199999999999999,3,MEDIUM,SL,2022-09-17,-35.22757517350896
BAC,2022-09-13,2022-09-14,2022-09-21,1782.7720229508677,-0.02,3,MEDIUM,SL,2022-09-21,-35.655440459017356
JPM,2022-09-13,2022-09-14,2022-09-21,1782.7720229508677,-0.02,3,MEDIUM,SL,2022-09-21,-35.655440459017356
COP,2022-09-16,2022-09-19,2022-09-21,1754.3332436407554,0.04,3,MEDIUM,TP,2022-09-21,70.17332974563021
NEE,2022-09-15,2022-09-16,2022-09-22,1761.3787586754574,-0.02,4,HIGH,SL,2022-09-22,-35.22757517350915
CVX,2022-09-16,2022-09-19,2022-09-23,1690.4101699858284,-0.02,3,MEDIUM,SL,2022-09-23,-33.80820339971657
TSLA,2022-09-21,2022-09-22,2022-09-22,1747.0602183715725,-0.02,4,HIGH,SL,2022-09-23,-34.94120436743145
LLY,2022-09-30,2022-10-03,2022-10-03,1733.310336818143,-0.0200000000000001,3,MEDIUM,SL,2022-10-04,-34.66620673636304
NFLX,2022-09-29,2022-09-30,2022-10-05,1733.310336818143,-0.02,2,LOW,SL,2022-10-05,-34.66620673636286
COP,2022-10-14,2022-10-17,2022-10-18,1719.4438541235982,-0.02,2,LOW,SL,2022-10-18,-34.388877082471964
BLK,2022-10-31,2022-11-01,2022-11-02,1712.5660787071038,-0.0199999999999999,3,MEDIUM,SL,2022-11-02,-34.251321574141905
BLK,2022-11-02,2022-11-03,2022-11-04,1705.7158143922752,0.04,3,MEDIUM,TP,2022-11-04,68.22863257569101
HD,2022-11-02,2022-11-03,2022-11-04,1705.7158143922752,-0.02,3,MEDIUM,SL,2022-11-04,-34.114316287845504
XOM,2022-11-02,2022-11-03,2022-11-04,1698.8655500774466,0.04,3,MEDIUM,TP,2022-11-04,67.95462200309787
ABBV,2022-10-28,2022-10-31,2022-11-07,1712.5660787071038,0.0201834511042207,5,HIGH,TIME,2022-11-07,34.56549371233181
LLY,2022-11-01,2022-11-02,2022-11-08,1705.7158143922752,0.04,4,HIGH,TP,2022-11-08,68.22863257569101
V,2022-11-03,2022-11-04,2022-11-10,1726.1296020504642,0.04,5,HIGH,TP,2022-11-10,69.04518408201857
HD,2022-11-14,2022-11-15,2022-11-15,1760.4974641244721,0.04,3,MEDIUM,TP,2022-11-16,70.41989856497888
MRK,2022-11-11,2022-11-14,2022-11-18,1760.4974641244721,0.04,4,HIGH,TP,2022-11-18,70.41989856497888
PEP,2022-11-11,2022-11-14,2022-11-21,1760.4974641244721,0.0344210597456553,5,HIGH,TIME,2022-11-21,60.5981883947031
JNJ,2022-11-11,2022-11-14,2022-11-21,1760.4974641244721,0.04,4,HIGH,TP,2022-11-21,70.41989856497888
WMT,2022-11-14,2022-11-15,2022-11-21,1760.4974641244726,0.04,4,HIGH,TP,2022-11-21,70.41989856497891
AVGO,2022-11-16,2022-11-17,2022-11-22,1774.5814438374682,0.04,4,HIGH,TP,2022-11-22,70.98325775349873
NEE,2022-11-17,2022-11-18,2022-11-28,1788.6654235504639,0.0107523006152294,3,MEDIUM,TIME,2022-11-28,19.23226833408121
COP,2022-11-23,2022-11-25,2022-11-28,1843.1496722060958,-0.02,3,MEDIUM,SL,2022-11-28,-36.86299344412192
V,2022-11-21,2022-11-22,2022-11-30,1843.1496722060958,0.04,4,HIGH,TP,2022-11-30,73.72598688824384
BAC,2022-11-28,2022-11-29,2022-11-30,1839.6235271840878,-0.0200000000000001,4,HIGH,SL,2022-11-30,-36.792470543681944
HD,2022-11-28,2022-11-29,2022-12-01,1839.6235271840878,0.04,4,HIGH,TP,2022-12-01,73.58494108736352
CVX,2022-11-28,2022-11-29,2022-12-05,1839.6235271840878,-0.02,4,HIGH,SL,2022-12-05,-36.79247054368176
XOM,2022-11-28,2022-11-29,2022-12-05,1836.0973821620792,-0.02,4,HIGH,SL,2022-12-05,-36.721947643241585
BAC,2022-12-01,2022-12-02,2022-12-05,1861.7272186704731,-0.02,4,HIGH,SL,2022-12-05,-37.23454437340946
MS,2022-12-05,2022-12-06,2022-12-06,1839.5774261584063,-0.02,5,HIGH,SL,2022-12-07,-36.791548523168125
JPM,2022-12-05,2022-12-06,2022-12-06,1839.5774261584063,-0.02,4,HIGH,SL,2022-12-07,-36.791548523168125
XOM,2022-12-05,2022-12-06,2022-12-06,1839.5774261584063,-0.02,4,HIGH,SL,2022-12-07,-36.791548523168125
CVX,2022-12-05,2022-12-06,2022-12-06,1839.5774261584063,-0.0200000000000001,3,MEDIUM,SL,2022-12-07,-36.79154852316831
PFE,2022-12-06,2022-12-07,2022-12-08,1810.144187339872,0.04,5,HIGH,TP,2022-12-08,72.40576749359488
BA,2022-12-06,2022-12-07,2022-12-08,1810.144187339872,0.04,4,HIGH,TP,2022-12-08,72.40576749359488
MS,2022-12-06,2022-12-07,2022-12-12,1810.144187339872,0.04,4,HIGH,TP,2022-12-12,72.40576749359488
UPS,2022-12-06,2022-12-07,2022-12-12,1810.144187339872,0.04,4,HIGH,TP,2022-12-12,72.40576749359488
GS,2022-12-06,2022-12-07,2022-12-13,1810.144187339872,0.04,4,HIGH,TP,2022-12-13,72.40576749359488
GE,2022-12-09,2022-12-12,2022-12-15,1868.0688013347478,-0.0200000000000001,4,HIGH,SL,2022-12-15,-37.36137602669515
WMT,2022-12-09,2022-12-12,2022-12-16,1868.0688013347478,-0.02,4,HIGH,SL,2022-12-16,-37.361376026694955
MS,2022-12-14,2022-12-15,2022-12-15,1875.0776796281277,-0.0200000000000001,3,MEDIUM,SL,2022-12-16,-37.50155359256274
AMD,2022-12-14,2022-12-15,2022-12-15,1875.0776796281277,-0.02,2,LOW,SL,2022-12-16,-37.50155359256256
GS,2022-12-14,2022-12-15,2022-12-16,1874.6142827161677,-0.02,2,LOW,SL,2022-12-16,-37.492285654323354
MSFT,2022-12-15,2022-12-16,2022-12-16,1845.1063258548988,-0.02,4,HIGH,SL,2022-12-17,-36.902126517097976
ADBE,2022-12-15,2022-12-16,2022-12-16,1845.1063258548988,-0.0200000000000001,3,MEDIUM,SL,2022-12-17,-36.90212651709816
LLY,2022-12-13,2022-12-14,2022-12-21,1882.5499548334665,0.0250689068493272,4,HIGH,TIME,2022-12-21,47.1934694569253
GS,2022-12-15,2022-12-16,2022-12-23,1845.1063258548988,0.0012460756817567,3,MEDIUM,TIME,2022-12-23,2.299142122903243
HON,2022-12-15,2022-12-16,2022-12-23,1807.6626968763312,0.0314441872197364,3,MEDIUM,TIME,2022-12-23,56.84048427071297
DUK,2022-12-16,2022-12-19,2022-12-27,1830.3454752480598,0.03535400073908,5,HIGH,TIME,2022-12-27,64.71003528469164
MCD,2022-12-16,2022-12-19,2022-12-27,1786.0629234275416,0.0022159176387985,4,HIGH,TIME,2022-12-27,3.9577683360271045
PFE,2023-01-04,2023-01-05,2023-01-09,1865.3456551423114,-0.0199999999999999,4,HIGH,SL,2023-01-09,-37.30691310284604
BLK,2023-01-05,2023-01-06,2023-01-09,1865.3456551423114,0.04,4,HIGH,TP,2023-01-09,74.61382620569246
ABBV,2023-01-09,2023-01-10,2023-01-10,1872.8070377628808,-0.0200000000000001,4,HIGH,SL,2023-01-11,-37.456140755257806
JNJ,2023-01-09,2023-01-10,2023-01-11,1872.8070377628808,-0.02,4,HIGH,SL,2023-01-11,-37.456140755257614
BA,2023-01-09,2023-01-10,2023-01-12,1872.8070377628808,0.04,3,MEDIUM,TP,2023-01-12,74.91228151051523
MRK,2023-01-09,2023-01-10,2023-01-18,1872.8070377628808,-0.0160094403886607,4,HIGH,TIME,2023-01-18,-29.98259263052907
AMT,2023-01-18,2023-01-19,2023-01-20,1866.8105192367746,-0.0199999999999999,4,HIGH,SL,2023-01-20,-37.3362103847353
NEE,2023-01-18,2023-01-19,2023-01-19,1866.8105192367746,-0.0200000000000001,4,HIGH,SL,2023-01-20,-37.33621038473568
GE,2023-01-19,2023-01-20,2023-01-20,1851.8760350828802,-0.02,5,HIGH,SL,2023-01-21,-37.037520701657606
XOM,2023-01-18,2023-01-19,2023-01-23,1866.8105192367746,0.04,4,HIGH,TP,2023-01-23,74.67242076947099
NFLX,2023-01-19,2023-01-20,2023-01-23,1822.0070667750906,0.04,4,HIGH,TP,2023-01-23,72.88028267100363
CAT,2023-01-19,2023-01-20,2023-01-24,1851.8760350828802,0.04,5,HIGH,TP,2023-01-24,74.07504140331521
JPM,2023-01-18,2023-01-19,2023-01-26,1866.8105192367746,0.0344366620395988,5,HIGH,TIME,2023-01-26,64.28672294292477
AMD,2023-01-24,2023-01-25,2023-01-26,1888.7940799113067,0.04,2,LOW,TP,2023-01-26,75.55176319645227
GOOGL,2023-01-24,2023-01-25,2023-01-27,1888.7940799113067,0.04,3,MEDIUM,TP,2023-01-27,75.55176319645227
COP,2023-01-30,2023-01-31,2023-02-01,1931.8721297784723,-0.02,3,MEDIUM,SL,2023-02-01,-38.637442595569446
META,2023-01-30,2023-01-31,2023-02-02,1931.8721297784723,0.04,3,MEDIUM,TP,2023-02-02,77.27488519113889
CAT,2023-01-31,2023-02-01,2023-02-01,1924.1446412593587,-0.02,5,HIGH,SL,2023-02-02,-38.48289282518717
GOOGL,2023-02-03,2023-02-06,2023-02-07,1931.903039732549,0.04,3,MEDIUM,TP,2023-02-07,77.27612158930195
DIS,2023-02-03,2023-02-06,2023-02-09,1931.9030397325494,0.04,3,MEDIUM,TP,2023-02-09,77.27612158930198
XOM,2023-02-02,2023-02-03,2023-02-10,1931.903039732549,0.04,3,MEDIUM,TP,2023-02-10,77.27612158930195
ADBE,2023-02-03,2023-02-06,2023-02-10,1931.903039732549,-0.02,4,HIGH,SL,2023-02-10,-38.638060794650976
AMT,2023-02-03,2023-02-06,2023-02-10,1931.903039732549,-0.02,3,MEDIUM,SL,2023-02-10,-38.638060794650976
DIS,2023-02-10,2023-02-13,2023-02-14,1962.8134883682699,-0.02,4,HIGH,SL,2023-02-14,-39.256269767365396
COST,2023-02-08,2023-02-09,2023-02-16,1962.8134883682699,-0.0023551324776321,5,HIGH,TIME,2023-02-16,-4.622685793990469
CRM,2023-02-10,2023-02-13,2023-02-17,1962.8134883682699,-0.0200000000000001,5,HIGH,SL,2023-02-17,-39.256269767365595
ADBE,2023-02-16,2023-02-17,2023-02-17,1946.1864433025257,-0.02,3,MEDIUM,SL,2023-02-18,-38.92372886605052
ADBE,2023-02-17,2023-02-21,2023-02-24,1938.4016975293155,-0.02,3,MEDIUM,SL,2023-02-24,-38.76803395058631
XOM,2023-02-17,2023-02-21,2023-02-28,1938.4016975293155,-0.0081220451539225,4,HIGH,TIME,2023-02-28,-15.743786113773123
GS,2023-02-21,2023-02-22,2023-02-28,1938.4016975293155,-0.02,2,LOW,SL,2023-02-28,-38.76803395058631
AVGO,2023-02-21,2023-02-22,2023-03-01,1938.4016975293155,0.0194418172805288,3,MEDIUM,TIME,2023-03-01,37.68605161963181
BAC,2023-02-21,2023-02-22,2023-03-01,1938.4016975293155,-0.006402787988784,3,MEDIUM,TIME,2023-03-01,-12.411175106379217
CRM,2023-03-10,2023-03-13,2023-03-14,1924.800702028977,0.04,4,HIGH,TP,2023-03-14,76.99202808115908
GE,2023-03-13,2023-03-14,2023-03-15,1940.1991076452086,-0.02,3,MEDIUM,SL,2023-03-15,-38.803982152904176
MSFT,2023-03-20,2023-03-21,2023-03-28,1932.438311214628,0.0012730216650151,4,HIGH,TIME,2023-03-28,2.4600358364814134
NVDA,2023-04-05,2023-04-06,2023-04-11,1932.930318381924,0.04,4,HIGH,TP,2023-04-11,77.31721273527697
AMZN,2023-04-11,2023-04-12,2023-04-12,1948.3937609289796,-0.02,4,HIGH,SL,2023-04-13,-38.96787521857959
UNH,2023-04-14,2023-04-17,2023-04-18,1940.6001858852637,-0.02,5,HIGH,SL,2023-04-18,-38.812003717705274
GOOGL,2023-04-17,2023-04-18,2023-04-18,1932.8377851417226,-0.02,4,HIGH,SL,2023-04-19,-38.65675570283445
NVDA,2023-04-20,2023-04-21,2023-04-25,1925.106434001156,-0.02,3,MEDIUM,SL,2023-04-25,-38.50212868002312
BLK,2023-04-21,2023-04-24,2023-04-25,1925.106434001156,-0.02,5,HIGH,SL,2023-04-25,-38.50212868002312
JNJ,2023-04-18,2023-04-19,2023-04-26,1925.106434001156,0.0038890946397796,5,HIGH,TIME,2023-04-26,7.4869211134791165
UNH,2023-04-19,2023-04-20,2023-04-27,1925.106434001156,0.0102992705274789,4,HIGH,TIME,2023-04-27,19.82719195796811
AMZN,2023-04-25,2023-04-26,2023-04-27,1911.2029667518427,0.04,5,HIGH,TP,2023-04-27,76.44811867007371
ADBE,2023-04-25,2023-04-26,2023-04-26,1911.2029667518427,-0.0200000000000001,4,HIGH,SL,2023-04-27,-38.22405933503705
META,2023-04-25,2023-04-26,2023-04-27,1911.2029667518427,0.04,4,HIGH,TP,2023-04-27,76.44811867007371
MSFT,2023-04-25,2023-04-26,2023-04-28,1897.2994995025283,0.04,4,HIGH,TP,2023-04-28,75.89197998010114
LLY,2023-04-26,2023-04-27,2023-04-27,1938.1028407444583,-0.02,5,HIGH,SL,2023-04-28,-38.76205681488916
MRK,2023-04-26,2023-04-27,2023-04-27,1938.1028407444583,-0.0200000000000001,5,HIGH,SL,2023-04-28,-38.76205681488936
LOW,2023-04-26,2023-04-27,2023-05-01,1938.1028407444583,0.04,4,HIGH,TP,2023-05-01,77.52411362977833
AMZN,2023-04-28,2023-05-01,2023-05-01,1953.2812367404786,-0.0200000000000001,4,HIGH,SL,2023-05-02,-39.06562473480977
XOM,2023-05-01,2023-05-02,2023-05-02,1945.4681117935165,-0.02,4,HIGH,SL,2023-05-03,-38.90936223587033
AMZN,2023-05-01,2023-05-02,2023-05-03,1945.4681117935165,0.04,3,MEDIUM,TP,2023-05-03,77.81872447174067
NVDA,2023-05-02,2023-05-03,2023-05-04,1953.2499842406905,-0.02,3,MEDIUM,SL,2023-05-04,-39.06499968481381
GE,2023-05-04,2023-05-05,2023-05-10,1945.436984303728,-0.02,5,HIGH,SL,2023-05-10,-38.90873968607456
NKE,2023-05-04,2023-05-05,2023-05-10,1945.436984303728,-0.02,4,HIGH,SL,2023-05-10,-38.90873968607456
PEP,2023-05-22,2023-05-23,2023-05-25,1929.8734884292983,-0.0199999999999999,4,HIGH,SL,2023-05-25,-38.597469768585775
ORCL,2023-05-23,2023-05-24,2023-05-25,1929.8734884292983,0.04,5,HIGH,TP,2023-05-25,77.19493953717193
MA,2023-05-23,2023-05-24,2023-05-31,1929.8734884292987,-0.02,4,HIGH,SL,2023-05-31,-38.597469768585974
LLY,2023-05-23,2023-05-24,2023-06-01,1929.8734884292983,0.0294575990485148,5,HIGH,TIME,2023-06-01,56.84943943650884
AVGO,2023-06-01,2023-06-02,2023-06-02,1941.2433763166002,0.04,2,LOW,TP,2023-06-03,77.64973505266401
BA,2023-06-05,2023-06-06,2023-06-06,1956.773323327133,-0.02,3,MEDIUM,SL,2023-06-07,-39.13546646654266
ADBE,2023-06-07,2023-06-08,2023-06-09,1948.9462300338246,0.04,5,HIGH,TP,2023-06-09,77.95784920135299
CRM,2023-06-07,2023-06-08,2023-06-09,1948.9462300338237,0.04,4,HIGH,TP,2023-06-09,77.95784920135294
META,2023-06-07,2023-06-08,2023-06-12,1948.9462300338246,0.04,5,HIGH,TP,2023-06-12,77.95784920135299
MSFT,2023-06-07,2023-06-08,2023-06-13,1948.9462300338246,0.04,5,HIGH,TP,2023-06-13,77.95784920135299
GOOGL,2023-06-07,2023-06-08,2023-06-15,1948.9462300338246,0.0233984835626313,5,HIGH,TIME,2023-06-15,45.602386327898685
AMD,2023-06-13,2023-06-14,2023-06-14,2011.3125093949066,-0.02,2,LOW,SL,2023-06-15,-40.22625018789813
AMD,2023-06-15,2023-06-16,2023-06-16,2012.3877366229071,-0.02,3,MEDIUM,SL,2023-06-17,-40.24775473245814
CRM,2023-06-13,2023-06-14,2023-06-20,2011.3125093949066,0.04,3,MEDIUM,TP,2023-06-20,80.45250037579626
AMD,2023-06-16,2023-06-20,2023-06-21,2020.4286857515744,-0.0200000000000001,4,HIGH,SL,2023-06-21,-40.40857371503169
NFLX,2023-06-16,2023-06-20,2023-06-22,2020.4286857515744,-0.02,3,MEDIUM,SL,2023-06-22,-40.40857371503149
BA,2023-06-20,2023-06-21,2023-06-22,2012.346971008568,-0.02,5,HIGH,SL,2023-06-22,-40.246939420171365
GS,2023-06-20,2023-06-21,2023-06-22,2012.346971008568,-0.02,5,HIGH,SL,2023-06-22,-40.246939420171365
ORCL,2023-06-20,2023-06-21,2023-06-23,2004.2652562655614,-0.02,2,LOW,SL,2023-06-23,-40.08530512531123
TSLA,2023-06-23,2023-06-26,2023-06-26,1980.149419472431,-0.02,3,MEDIUM,SL,2023-06-27,-39.60298838944862
GE,2023-06-20,2023-06-21,2023-06-28,2012.346971008568,0.0329025234390267,4,HIGH,TIME,2023-06-28,66.2112933810638
NVDA,2023-06-26,2023-06-27,2023-06-30,1972.228821794541,0.04,4,HIGH,TP,2023-06-30,78.88915287178165
META,2023-06-26,2023-06-27,2023-07-05,1972.228821794541,0.04,5,HIGH,TP,2023-07-05,78.88915287178165
GOOGL,2023-06-26,2023-06-27,2023-07-05,1972.228821794541,0.04,4,HIGH,TP,2023-07-05,78.88915287178165
HD,2023-07-06,2023-07-07,2023-07-11,2032.804572193823,0.04,4,HIGH,TP,2023-07-11,81.31218288775293
LLY,2023-07-07,2023-07-10,2023-07-11,2032.804572193823,-0.02,4,HIGH,SL,2023-07-11,-40.65609144387646
UPS,2023-07-05,2023-07-06,2023-07-12,2032.804572193823,0.04,4,HIGH,TP,2023-07-12,81.31218288775293
AMZN,2023-07-10,2023-07-11,2023-07-13,2040.9357904825983,0.04,3,MEDIUM,TP,2023-07-13,81.63743161930394
COST,2023-07-07,2023-07-10,2023-07-14,2032.804572193823,0.04,4,HIGH,TP,2023-07-14,81.31218288775293
WMT,2023-07-07,2023-07-10,2023-07-17,2032.8045721938217,0.0018761510927627,4,HIGH,TIME,2023-07-17,3.8138485194944516
PLD,2023-07-18,2023-07-19,2023-07-19,2090.550919665459,-0.02,5,HIGH,SL,2023-07-20,-41.811018393309176
NVDA,2023-07-20,2023-07-21,2023-07-21,2082.188715986797,-0.0200000000000001,5,HIGH,SL,2023-07-22,-41.64377431973615
AMZN,2023-07-20,2023-07-21,2023-07-21,2082.188715986797,-0.0200000000000001,4,HIGH,SL,2023-07-22,-41.64377431973615
MSFT,2023-07-20,2023-07-21,2023-07-21,2082.1887159867974,-0.02,3,MEDIUM,SL,2023-07-22,-41.64377431973595
META,2023-07-21,2023-07-24,2023-07-24,2057.2024513949555,-0.02,3,MEDIUM,SL,2023-07-25,-41.14404902789911
NFLX,2023-07-21,2023-07-24,2023-07-26,2057.2024513949555,-0.02,3,MEDIUM,SL,2023-07-26,-41.14404902789911
NVDA,2023-07-21,2023-07-24,2023-07-27,2057.2024513949555,0.04,4,HIGH,TP,2023-07-27,82.28809805579822
ORCL,2023-07-20,2023-07-21,2023-07-28,2082.188715986797,-0.0042921747920481,4,HIGH,TIME,2023-07-28,-8.93711791904553
MSFT,2023-07-26,2023-07-27,2023-07-27,2057.2024513949555,-0.02,4,HIGH,SL,2023-07-28,-41.14404902789911
GE,2023-07-26,2023-07-27,2023-08-01,2057.2024513949555,-0.02,4,HIGH,SL,2023-08-01,-41.14404902789911
CAT,2023-08-03,2023-08-04,2023-08-04,2038.957408199987,-0.0199999999999999,3,MEDIUM,SL,2023-08-05,-40.77914816399954
JNJ,2023-07-31,2023-08-01,2023-08-07,2038.9574081999865,0.04,5,HIGH,TP,2023-08-07,81.55829632799946
BLK,2023-08-02,2023-08-03,2023-08-08,2038.9574081999865,-0.02,4,HIGH,SL,2023-08-08,-40.77914816399973
AVGO,2023-08-02,2023-08-03,2023-08-09,2038.9574081999865,-0.02,5,HIGH,SL,2023-08-09,-40.77914816399973
DIS,2023-08-11,2023-08-14,2023-08-15,2030.8015785671867,-0.02,4,HIGH,SL,2023-08-15,-40.61603157134373
JPM,2023-08-15,2023-08-16,2023-08-18,2022.6783722529178,-0.0200000000000001,4,HIGH,SL,2023-08-18,-40.45356744505856
JNJ,2023-08-21,2023-08-22,2023-08-23,2014.5876587639061,-0.02,4,HIGH,SL,2023-08-23,-40.291753175278124
COST,2023-08-17,2023-08-18,2023-08-24,2014.5876587639061,-0.0200000000000001,4,HIGH,SL,2023-08-24,-40.29175317527832
NVDA,2023-08-22,2023-08-23,2023-08-24,2006.5293081288507,0.04,3,MEDIUM,TP,2023-08-24,80.26117232515404
ADBE,2023-08-24,2023-08-25,2023-08-29,2014.5231919588257,0.04,4,HIGH,TP,2023-08-29,80.58092767835304
NVDA,2023-08-25,2023-08-28,2023-08-28,2014.5231919588257,-0.02,3,MEDIUM,SL,2023-08-29,-40.29046383917652
BA,2023-08-31,2023-09-01,2023-09-05,2022.5812847266607,-0.02,3,MEDIUM,SL,2023-09-05,-40.45162569453321
ADBE,2023-09-12,2023-09-13,2023-09-14,2014.490959587754,-0.02,5,HIGH,SL,2023-09-14,-40.289819191755086
TSLA,2023-09-12,2023-09-13,2023-09-18,2014.490959587754,-0.02,3,MEDIUM,SL,2023-09-18,-40.289819191755086
CVX,2023-09-11,2023-09-12,2023-09-19,2014.490959587754,0.0114939749027926,5,HIGH,TIME,2023-09-19,23.15450853140423
AMZN,2023-09-15,2023-09-18,2023-09-19,1998.3750319110518,-0.0199999999999999,5,HIGH,SL,2023-09-19,-39.967500638220834
LLY,2023-09-15,2023-09-18,2023-09-18,1966.1431765576472,-0.0199999999999999,5,HIGH,SL,2023-09-19,-39.32286353115275
CAT,2023-09-13,2023-09-14,2023-09-21,2006.4329957494028,-0.02,4,HIGH,SL,2023-09-21,-40.128659914988056
V,2023-09-14,2023-09-15,2023-09-21,2006.4329957494028,-0.02,4,HIGH,SL,2023-09-21,-40.128659914988056
GOOGL,2023-09-20,2023-09-21,2023-09-26,1971.0963968174628,-0.02,4,HIGH,SL,2023-09-26,-39.421927936349256
LLY,2023-09-21,2023-09-22,2023-09-29,1971.0963968174628,-0.0200000000000001,4,HIGH,SL,2023-09-29,-39.421927936349455
COP,2023-09-29,2023-10-02,2023-10-02,1955.3276256429233,-0.02,3,MEDIUM,SL,2023-10-03,-39.106552512858464
CVX,2023-10-04,2023-10-05,2023-10-09,1947.5063151403513,0.04,4,HIGH,TP,2023-10-09,77.90025260561406
COST,2023-10-06,2023-10-09,2023-10-16,1963.086365661474,0.0310631592919845,4,HIGH,TIME,2023-10-16,60.979664480465296
NVDA,2023-10-13,2023-10-16,2023-10-17,1975.2822985575674,-0.02,5,HIGH,SL,2023-10-17,-39.505645971151345
AVGO,2023-10-13,2023-10-16,2023-10-17,1975.2822985575674,-0.02,3,MEDIUM,SL,2023-10-17,-39.505645971151345
META,2023-10-13,2023-10-16,2023-10-19,1975.2822985575674,-0.02,5,HIGH,SL,2023-10-19,-39.505645971151345
AVGO,2023-10-17,2023-10-18,2023-10-20,1959.4800401691068,-0.0200000000000001,4,HIGH,SL,2023-10-20,-39.18960080338233
AVGO,2023-10-19,2023-10-20,2023-10-20,1943.7409908142,-0.02,4,HIGH,SL,2023-10-21,-38.874819816283996
LLY,2023-10-19,2023-10-20,2023-10-23,1943.7409908142,-0.0199999999999999,4,HIGH,SL,2023-10-23,-38.874819816283804
ADBE,2023-10-20,2023-10-23,2023-10-25,1928.1910628876865,-0.0200000000000001,4,HIGH,SL,2023-10-25,-38.56382125775392
COP,2023-10-23,2023-10-24,2023-10-25,1928.1910628876865,-0.02,4,HIGH,SL,2023-10-25,-38.56382125775373
MSFT,2023-10-26,2023-10-27,2023-11-01,1912.7655343845847,0.04,5,HIGH,TP,2023-11-01,76.5106213753834
NKE,2023-10-26,2023-10-27,2023-11-02,1912.7655343845847,0.04,5,HIGH,TP,2023-11-02,76.5106213753834
NKE,2023-11-09,2023-11-10,2023-11-13,1943.3697829347382,-0.0200000000000001,4,HIGH,SL,2023-11-13,-38.86739565869496
DIS,2023-11-10,2023-11-13,2023-11-15,1935.596303802999,0.04,3,MEDIUM,TP,2023-11-15,77.42385215211996
LLY,2023-11-15,2023-11-16,2023-11-24,1951.0810742334231,0.016229967237539,4,HIGH,TIME,2023-11-24,31.665981912590855
COST,2023-11-16,2023-11-17,2023-11-27,1951.0810742334231,0.0276385660063376,4,HIGH,TIME,2023-11-27,53.92508305391654
NVDA,2023-11-22,2023-11-24,2023-11-28,1957.4142706159412,-0.0200000000000001,4,HIGH,SL,2023-11-28,-39.14828541231902
AVGO,2023-11-27,2023-11-28,2023-11-30,1960.3696301442608,-0.02,5,HIGH,SL,2023-11-30,-39.207392602885214
META,2023-11-29,2023-11-30,2023-11-30,1952.528151623684,-0.02,4,HIGH,SL,2023-12-01,-39.05056303247368
NVDA,2023-11-30,2023-12-01,2023-12-04,1944.7180390171893,-0.02,4,HIGH,SL,2023-12-04,-38.89436078034379
DIS,2023-11-28,2023-11-29,2023-12-05,1960.3696301442608,-0.02,5,HIGH,SL,2023-12-05,-39.207392602885214
NVDA,2023-12-04,2023-12-05,2023-12-06,1929.0976883405435,0.04,3,MEDIUM,TP,2023-12-06,77.16390753362174
NFLX,2023-12-04,2023-12-05,2023-12-11,1929.0976883405435,0.04,4,HIGH,TP,2023-12-11,77.16390753362174
CRM,2023-12-04,2023-12-05,2023-12-12,1929.0976883405435,0.0258411157959856,3,MEDIUM,TIME,2023-12-12,49.85003674617613
ORCL,2023-12-06,2023-12-07,2023-12-12,1944.5304698472676,-0.02,4,HIGH,SL,2023-12-12,-38.89060939694535
GS,2023-12-05,2023-12-06,2023-12-13,1944.5304698472676,0.04,4,HIGH,TP,2023-12-13,77.7812187938907
META,2023-12-11,2023-12-12,2023-12-13,1962.1551368238383,0.04,2,LOW,TP,2023-12-13,78.48620547295353
AMT,2023-12-08,2023-12-11,2023-12-14,1959.963251353992,0.04,5,HIGH,TP,2023-12-14,78.39853005415968
NFLX,2023-12-14,2023-12-15,2023-12-18,2009.0883276880393,0.04,3,MEDIUM,TP,2023-12-18,80.36353310752158
NEE,2023-12-15,2023-12-18,2023-12-20,2025.1610343095435,-0.02,3,MEDIUM,SL,2023-12-20,-40.50322068619087
MSFT,2023-12-14,2023-12-15,2023-12-22,2009.0883276880393,0.0210711399316319,4,HIGH,TIME,2023-12-22,42.333781287723
PEP,2023-12-14,2023-12-15,2023-12-22,2009.0883276880393,0.0013734415512547,4,HIGH,TIME,2023-12-22,2.759365389387572
BLK,2023-12-18,2023-12-19,2023-12-27,2025.1610343095435,0.0152046343920551,4,HIGH,TIME,2023-12-27,30.791833111712766
TSLA,2023-12-20,2023-12-21,2023-12-27,2017.0603901723055,0.04,5,HIGH,TP,2023-12-27,80.68241560689222
UPS,2023-12-20,2023-12-21,2023-12-29,2017.0603901723055,-0.0023481137484695,5,HIGH,TIME,2023-12-29,-4.736287233656845
NVDA,2024-01-02,2024-01-03,2024-01-05,2047.4266118047171,0.04,5,HIGH,TP,2024-01-05,81.89706447218869
META,2024-01-02,2024-01-03,2024-01-08,2047.4266118047171,0.04,4,HIGH,TP,2024-01-08,81.89706447218869
BA,2024-01-03,2024-01-04,2024-01-08,2047.4266118047162,-0.02,4,HIGH,SL,2024-01-08,-40.94853223609432
HON,2024-01-03,2024-01-04,2024-01-09,2047.4266118047171,-0.0199999999999999,5,HIGH,SL,2024-01-09,-40.94853223609414
AMZN,2024-01-04,2024-01-05,2024-01-09,2063.806024699155,0.04,4,HIGH,TP,2024-01-09,82.5522409879662
NFLX,2024-01-02,2024-01-03,2024-01-10,2047.4266118047171,0.04,4,HIGH,TP,2024-01-10,81.89706447218869
NEE,2024-01-11,2024-01-12,2024-01-17,2096.695885791186,-0.02,4,HIGH,SL,2024-01-17,-41.93391771582372
BAC,2024-01-16,2024-01-17,2024-01-22,2088.3091022480216,0.04,3,MEDIUM,TP,2024-01-22,83.53236408992086
CAT,2024-01-17,2024-01-18,2024-01-22,2088.3091022480216,0.04,4,HIGH,TP,2024-01-22,83.53236408992086
NFLX,2024-01-16,2024-01-17,2024-01-24,2088.3091022480216,0.04,2,LOW,TP,2024-01-24,83.53236408992086
AMD,2024-01-22,2024-01-23,2024-01-24,2121.7220478839895,0.04,1,LOW,TP,2024-01-24,84.86888191535958
PLD,2024-01-17,2024-01-18,2024-01-25,2088.309102248021,-0.0046532847539403,4,HIGH,TIME,2024-01-25,-9.717496907005472
UPS,2024-01-24,2024-01-25,2024-01-30,2153.458797703645,-0.0199999999999999,4,HIGH,SL,2024-01-30,-43.06917595407268
PLD,2024-01-24,2024-01-25,2024-02-01,2153.458797703645,0.0280580621574129,3,MEDIUM,TIME,2024-02-01,60.42188079939652
AMD,2024-01-30,2024-01-31,2024-02-02,2144.84496251283,0.04,3,MEDIUM,TP,2024-02-02,85.7937985005132
AMZN,2024-01-31,2024-02-01,2024-02-02,2156.9293386727095,0.04,5,HIGH,TP,2024-02-02,86.27717354690839
META,2024-01-31,2024-02-01,2024-02-02,2156.9293386727095,0.04,5,HIGH,TP,2024-02-02,86.27717354690839
BAC,2024-01-31,2024-02-01,2024-02-01,2156.9293386727095,-0.0199999999999999,4,HIGH,SL,2024-02-02,-43.13858677345397
META,2024-02-05,2024-02-06,2024-02-06,2199.971250436885,-0.02,1,LOW,SL,2024-02-07,-43.9994250087377
MSFT,2024-01-31,2024-02-01,2024-02-08,2156.9293386727095,0.030560207717678,5,HIGH,TIME,2024-02-08,65.91620862219185
ADBE,2024-02-06,2024-02-07,2024-02-13,2191.171365435137,-0.02,4,HIGH,SL,2024-02-13,-43.82342730870274
XOM,2024-02-09,2024-02-12,2024-02-20,2204.354607159575,0.0151225114674158,5,HIGH,TIME,2024-02-20,33.335377825021524
MSFT,2024-02-13,2024-02-14,2024-02-20,2195.5899216978346,-0.0200000000000001,5,HIGH,SL,2024-02-20,-43.91179843395691
AMZN,2024-02-13,2024-02-14,2024-02-20,2195.5899216978346,-0.0199999999999999,4,HIGH,SL,2024-02-20,-43.91179843395647
CRM,2024-02-13,2024-02-14,2024-02-21,2186.825236236094,-0.0199999999999999,4,HIGH,SL,2024-02-21,-43.73650472472166
HD,2024-02-13,2024-02-14,2024-02-22,2195.589921697835,0.04,5,HIGH,TP,2024-02-22,87.82359686791341
LLY,2024-02-20,2024-02-21,2024-02-22,2175.944976944312,0.04,5,HIGH,TP,2024-02-22,87.03779907777249
MA,2024-02-20,2024-02-21,2024-02-22,2175.944976944312,0.04,4,HIGH,TP,2024-02-22,87.03779907777249
NVDA,2024-02-21,2024-02-22,2024-02-22,2228.324815949004,0.04,3,MEDIUM,TP,2024-02-23,89.13299263796016
MRK,2024-03-04,2024-03-05,2024-03-08,2246.1514144765965,-0.02,4,HIGH,SL,2024-03-08,-44.923028289531935
CVX,2024-03-04,2024-03-05,2024-03-12,2246.1514144765965,0.0205602837673002,4,HIGH,TIME,2024-03-12,46.18151046596155
ORCL,2024-03-05,2024-03-06,2024-03-12,2246.1514144765943,0.04,4,HIGH,TP,2024-03-12,89.84605657906377
LLY,2024-03-08,2024-03-11,2024-03-11,2201.2283861870646,-0.02,3,MEDIUM,SL,2024-03-12,-44.02456772374129
NFLX,2024-03-05,2024-03-06,2024-03-13,2246.1514144765965,0.0107132773468194,5,HIGH,TIME,2024-03-13,24.063643066238473
MSFT,2024-03-05,2024-03-06,2024-03-13,2246.151414476596,0.0301015891627078,4,HIGH,TIME,2024-03-13,67.6127270758095
NVDA,2024-03-11,2024-03-12,2024-03-12,2255.5674086829467,-0.02,3,MEDIUM,SL,2024-03-13,-45.11134817365893
AVGO,2024-03-13,2024-03-14,2024-03-15,2264.8804130766243,-0.02,3,MEDIUM,SL,2024-03-15,-45.29760826153249
AMD,2024-03-14,2024-03-15,2024-03-15,2255.8208914243182,0.04,3,MEDIUM,TP,2024-03-16,90.23283565697272
LLY,2024-03-11,2024-03-12,2024-03-19,2255.5674086829467,0.04,4,HIGH,TP,2024-03-19,90.22269634731786
GE,2024-03-14,2024-03-15,2024-03-19,2255.8208914243182,0.04,3,MEDIUM,TP,2024-03-19,90.23283565697272
BLK,2024-03-14,2024-03-15,2024-03-21,2255.8208914243182,0.04,4,HIGH,TP,2024-03-21,90.23283565697272
CRM,2024-03-15,2024-03-18,2024-03-21,2273.8674585557123,0.04,4,HIGH,TP,2024-03-21,90.9546983422285
AMZN,2024-03-15,2024-03-18,2024-03-25,2273.8674585557123,0.0222412036077053,5,HIGH,TIME,2024-03-25,50.57354912267299
V,2024-03-22,2024-03-25,2024-03-27,2356.3107815809453,-0.02,4,HIGH,SL,2024-03-27,-47.126215631618905
BLK,2024-03-22,2024-03-25,2024-04-02,2356.3107815809453,-0.0046925758839498,4,HIGH,TIME,2024-04-02,-11.057167148737648
GE,2024-03-28,2024-04-01,2024-04-02,2346.885538454622,-0.02,4,HIGH,SL,2024-04-02,-46.93771076909244
LLY,2024-04-01,2024-04-02,2024-04-03,2335.2865628710556,0.04,4,HIGH,TP,2024-04-03,93.41146251484223
GE,2024-04-02,2024-04-03,2024-04-03,2353.9688553740243,0.04,4,HIGH,TP,2024-04-04,94.15875421496098
DIS,2024-04-03,2024-04-04,2024-04-05,2372.8006062170166,-0.02,5,HIGH,SL,2024-04-05,-47.45601212434033
GOOGL,2024-04-04,2024-04-05,2024-04-09,2363.3094037921483,0.04,5,HIGH,TP,2024-04-09,94.53237615168594
NFLX,2024-04-04,2024-04-05,2024-04-10,2363.3094037921483,-0.02,3,MEDIUM,SL,2024-04-10,-47.26618807584297
LOW,2024-04-10,2024-04-11,2024-04-11,2372.762641407317,-0.0199999999999999,4,HIGH,SL,2024-04-12,-47.4552528281461
DIS,2024-04-12,2024-04-15,2024-04-16,2363.271590841688,-0.0200000000000001,4,HIGH,SL,2024-04-16,-47.265431816834
META,2024-04-15,2024-04-16,2024-04-17,2353.8185044783213,-0.02,3,MEDIUM,SL,2024-04-17,-47.076370089566424
NFLX,2024-04-15,2024-04-16,2024-04-19,2353.8185044783213,-0.02,3,MEDIUM,SL,2024-04-19,-47.076370089566424
NVDA,2024-04-17,2024-04-18,2024-04-18,2344.403230460408,-0.02,3,MEDIUM,SL,2024-04-19,-46.88806460920816
GE,2024-04-19,2024-04-22,2024-04-23,2325.6103435206533,0.04,3,MEDIUM,TP,2024-04-23,93.02441374082613
PEP,2024-04-23,2024-04-24,2024-04-24,2344.2152262688187,0.04,5,HIGH,TP,2024-04-25,93.76860905075274
GE,2024-04-24,2024-04-25,2024-04-29,2362.9689480789693,0.04,3,MEDIUM,TP,2024-04-29,94.51875792315877
COP,2024-04-30,2024-05-01,2024-05-02,2381.872699663601,-0.02,4,HIGH,SL,2024-05-02,-47.63745399327202
XOM,2024-04-26,2024-04-29,2024-05-03,2381.872699663601,-0.02,4,HIGH,SL,2024-05-03,-47.63745399327202
CVX,2024-04-30,2024-05-01,2024-05-03,2381.872699663601,-0.02,5,HIGH,SL,2024-05-03,-47.63745399327202
GOOGL,2024-04-29,2024-04-30,2024-05-07,2381.872699663601,0.0340558049305668,4,HIGH,TIME,2024-05-07,81.11659202918612
GE,2024-05-13,2024-05-14,2024-05-21,2369.5135456734747,0.0148764799208795,3,MEDIUM,TIME,2024-05-21,35.250020684463436
AMD,2024-05-29,2024-05-30,2024-05-30,2376.5635498103675,-0.0200000000000001,3,MEDIUM,SL,2024-05-31,-47.53127099620759
NVDA,2024-05-30,2024-05-31,2024-05-31,2367.057295611126,-0.02,2,LOW,SL,2024-06-01,-47.34114591222252
AMD,2024-06-03,2024-06-04,2024-06-04,2357.5890664286812,-0.02,4,HIGH,SL,2024-06-05,-47.15178132857363
NEE,2024-06-03,2024-06-04,2024-06-07,2357.5890664286812,-0.0200000000000001,4,HIGH,SL,2024-06-07,-47.15178132857386
BAC,2024-06-11,2024-06-12,2024-06-13,2338.7283538972515,-0.0199999999999999,3,MEDIUM,SL,2024-06-13,-46.774567077944795
UNH,2024-06-07,2024-06-10,2024-06-17,2338.7283538972515,0.0006221230570091,4,HIGH,TIME,2024-06-17,1.4549768330404182
NKE,2024-06-12,2024-06-13,2024-06-17,2329.373440481663,-0.02,5,HIGH,SL,2024-06-17,-46.58746880963326
TSLA,2024-06-14,2024-06-17,2024-06-17,2320.346942086344,0.04,3,MEDIUM,TP,2024-06-18,92.81387768345375
AVGO,2024-06-20,2024-06-21,2024-06-21,2338.909717623035,-0.02,2,LOW,SL,2024-06-22,-46.778194352460694
NVDA,2024-06-20,2024-06-21,2024-06-21,2338.909717623035,-0.02,2,LOW,SL,2024-06-22,-46.778194352460694
NVDA,2024-06-21,2024-06-24,2024-06-24,2320.1984398820505,-0.02,3,MEDIUM,SL,2024-06-25,-46.403968797641014
AVGO,2024-06-24,2024-06-25,2024-06-25,2310.9176461225225,-0.02,4,HIGH,SL,2024-06-26,-46.21835292245045
AAPL,2024-06-20,2024-06-21,2024-06-28,2338.909717623035,0.0010931791732267,4,HIGH,TIME,2024-06-28,2.5568473913630436
NKE,2024-06-25,2024-06-26,2024-06-28,2301.673975538032,-0.0199999999999999,5,HIGH,SL,2024-06-28,-46.033479510760415
NFLX,2024-06-24,2024-06-25,2024-07-02,2310.9176461225225,0.0091173437418041,5,HIGH,TIME,2024-07-02,21.069430538699844
HD,2024-06-25,2024-06-26,2024-07-02,2255.1945628685385,-0.02,4,HIGH,SL,2024-07-02,-45.10389125737077
META,2024-06-28,2024-07-01,2024-07-01,2292.9786491141526,-0.02,5,HIGH,SL,2024-07-02,-45.859572982283055
WMT,2024-06-25,2024-06-26,2024-07-03,2301.6739755380327,0.0124626483227174,5,HIGH,TIME,2024-07-03,28.68495331068135
GS,2024-06-27,2024-06-28,2024-07-03,2292.9786491141526,0.04,4,HIGH,TP,2024-07-03,91.71914596456611
ORCL,2024-07-09,2024-07-10,2024-07-15,2303.0806622290115,0.04,5,HIGH,TP,2024-07-15,92.12322648916046
META,2024-07-12,2024-07-15,2024-07-16,2321.505307526844,-0.02,3,MEDIUM,SL,2024-07-16,-46.43010615053688
GOOGL,2024-07-11,2024-07-12,2024-07-17,2303.0806622290115,-0.02,5,HIGH,SL,2024-07-17,-46.06161324458023
MSFT,2024-07-11,2024-07-12,2024-07-17,2303.080662229012,-0.02,5,HIGH,SL,2024-07-17,-46.06161324458024
NFLX,2024-07-11,2024-07-12,2024-07-17,2303.080662229012,-0.02,4,HIGH,SL,2024-07-17,-46.06161324458024
AMZN,2024-07-17,2024-07-18,2024-07-18,2284.5823183499883,-0.02,4,HIGH,SL,2024-07-19,-45.69164636699977
LLY,2024-07-17,2024-07-18,2024-07-18,2284.5823183499883,-0.02,4,HIGH,SL,2024-07-19,-45.69164636699977
MS,2024-07-18,2024-07-19,2024-07-19,2248.0290012563864,-0.0199999999999999,4,HIGH,SL,2024-07-20,-44.960580025127506
BAC,2024-07-18,2024-07-19,2024-07-22,2266.305659803188,-0.02,4,HIGH,SL,2024-07-22,-45.326113196063766
CAT,2024-07-19,2024-07-22,2024-07-24,2248.2483211589497,-0.0200000000000001,5,HIGH,SL,2024-07-24,-44.96496642317922
ORCL,2024-07-17,2024-07-18,2024-07-25,2284.5823183499883,-0.011050467318456,4,HIGH,TIME,2024-07-25,-25.24570224524899
GS,2024-07-18,2024-07-19,2024-07-26,2266.305659803188,0.0202608481174928,5,HIGH,TIME,2024-07-26,45.9172747610867
JPM,2024-07-18,2024-07-19,2024-07-26,2266.305659803188,0.0049242569038923,5,HIGH,TIME,2024-07-26,11.159871291616042
MS,2024-07-19,2024-07-22,2024-07-29,2175.799646679434,9.76296354171513e-05,5,HIGH,TIME,2024-07-29,0.21242252624607974
BLK,2024-07-24,2024-07-25,2024-07-29,2234.206187425264,0.04,4,HIGH,TP,2024-07-29,89.36824749701056
HD,2024-07-24,2024-07-25,2024-07-30,2228.4137834152452,0.04,4,HIGH,TP,2024-07-30,89.13655133660981
JNJ,2024-07-31,2024-08-01,2024-08-02,2281.3650609077777,0.04,5,HIGH,TP,2024-08-02,91.2546024363111
PFE,2024-07-31,2024-08-01,2024-08-01,2281.3650609077777,-0.02,5,HIGH,SL,2024-08-02,-45.62730121815555
HD,2024-08-01,2024-08-02,2024-08-02,2290.4905211514088,-0.02,5,HIGH,SL,2024-08-03,-45.809810423028175
JPM,2024-08-01,2024-08-02,2024-08-02,2290.4905211514088,-0.02,4,HIGH,SL,2024-08-03,-45.809810423028175
ADBE,2024-08-02,2024-08-05,2024-08-07,2272.1665969821975,0.04,4,HIGH,TP,2024-08-07,90.8866638792879
PLD,2024-08-02,2024-08-05,2024-08-12,2272.1665969821975,-8.332832826074554e-05,4,HIGH,TIME,2024-08-12,-0.18933584405643367
AMT,2024-08-05,2024-08-06,2024-08-12,2272.166596982198,-0.02,3,MEDIUM,SL,2024-08-12,-45.44333193964396
ABBV,2024-08-05,2024-08-06,2024-08-13,2272.1665969821975,0.0312786902132802,3,MEDIUM,TIME,2024-08-13,71.07039509996923
DUK,2024-08-05,2024-08-06,2024-08-13,2272.1665969821975,0.0109343405878366,3,MEDIUM,TIME,2024-08-13,24.844643443709007
LOW,2024-08-07,2024-08-08,2024-08-15,2290.3439297580553,0.04,4,HIGH,TP,2024-08-15,91.61375719032222
AVGO,2024-08-22,2024-08-23,2024-08-26,2318.723155348115,-0.02,4,HIGH,SL,2024-08-26,-46.3744631069623
NVDA,2024-08-22,2024-08-23,2024-08-26,2318.723155348115,0.04,4,HIGH,TP,2024-08-26,92.7489262139246
XOM,2024-08-20,2024-08-21,2024-08-28,2318.723155348115,0.0131293367473093,4,HIGH,TIME,2024-08-28,30.443297130348977
CRM,2024-08-28,2024-08-29,2024-08-29,2334.0867073955774,-0.02,5,HIGH,SL,2024-08-30,-46.68173414791155
NVDA,2024-08-28,2024-08-29,2024-08-29,2334.0867073955774,-0.02,4,HIGH,SL,2024-08-30,-46.68173414791155
JPM,2024-09-03,2024-09-04,2024-09-05,2315.414013736413,-0.02,4,HIGH,SL,2024-09-05,-46.30828027472826
XOM,2024-09-03,2024-09-04,2024-09-06,2315.414013736413,-0.02,3,MEDIUM,SL,2024-09-06,-46.30828027472826
AAPL,2024-09-03,2024-09-04,2024-09-09,2315.414013736413,-0.0199999999999999,4,HIGH,SL,2024-09-09,-46.30828027472803
JPM,2024-09-06,2024-09-09,2024-09-10,2287.629045571576,-0.02,4,HIGH,SL,2024-09-10,-45.75258091143152
NFLX,2024-09-03,2024-09-04,2024-09-11,2315.414013736413,0.0121192597251804,4,HIGH,TIME,2024-09-11,28.06110380379401
ABBV,2024-09-05,2024-09-06,2024-09-13,2296.8907016265216,0.0038249186963812,4,HIGH,TIME,2024-09-13,8.785420188195415
TSLA,2024-09-20,2024-09-23,2024-09-24,2285.847834187687,0.04,3,MEDIUM,TP,2024-09-24,91.43391336750749
WMT,2024-09-17,2024-09-18,2024-09-25,2285.8478341876876,0.0350965945003709,5,HIGH,TIME,2024-09-25,80.22547452603632
NFLX,2024-09-18,2024-09-19,2024-09-26,2285.8478341876876,0.0091205353432513,4,HIGH,TIME,2024-09-26,20.84815596100324
NEE,2024-09-19,2024-09-20,2024-09-27,2285.847834187688,0.027841941883024,5,HIGH,TIME,2024-09-27,63.64244255288989
PLD,2024-09-20,2024-09-23,2024-09-30,2285.847834187688,-0.0025276444349754,4,HIGH,TIME,2024-09-30,-5.777810557285081
TSLA,2024-10-02,2024-10-03,2024-10-03,2335.9222693577176,-0.02,4,HIGH,SL,2024-10-04,-46.718445387154354
AAPL,2024-10-01,2024-10-02,2024-10-07,2335.9222693577176,-0.02,5,HIGH,SL,2024-10-07,-46.718445387154354
MSFT,2024-10-01,2024-10-02,2024-10-07,2335.9222693577176,-0.0199999999999999,4,HIGH,SL,2024-10-07,-46.71844538715412
TSLA,2024-10-03,2024-10-04,2024-10-07,2326.578580280287,-0.02,4,HIGH,SL,2024-10-07,-46.53157160560574
DIS,2024-10-01,2024-10-02,2024-10-08,2335.9222693577176,-0.02,5,HIGH,SL,2024-10-08,-46.718445387154354
NFLX,2024-10-07,2024-10-08,2024-10-10,2289.241198726873,0.04,4,HIGH,TP,2024-10-10,91.56964794907492
AMZN,2024-10-07,2024-10-08,2024-10-11,2289.241198726873,0.04,4,HIGH,TP,2024-10-11,91.56964794907492
DIS,2024-10-07,2024-10-08,2024-10-15,2289.241198726873,0.0183742713605223,4,HIGH,TIME,2024-10-15,42.063138995094924
AMD,2024-10-10,2024-10-11,2024-10-15,2325.869057906503,-0.0200000000000001,5,HIGH,SL,2024-10-15,-46.51738115813029
PFE,2024-10-10,2024-10-11,2024-10-18,2325.869057906503,-0.0047684403117772,4,HIGH,TIME,2024-10-18,-11.090767775636627
CAT,2024-10-14,2024-10-15,2024-10-22,2324.9782094738957,-0.0019822748518085,4,HIGH,TIME,2024-10-22,-4.608745835642859
AVGO,2024-10-15,2024-10-16,2024-10-23,2324.9782094738957,-0.0199999999999999,5,HIGH,SL,2024-10-23,-46.49956418947768
XOM,2024-10-15,2024-10-16,2024-10-23,2324.9782094738957,-0.0051286124671493,5,HIGH,TIME,2024-10-23,-11.92391223095828
UPS,2024-10-21,2024-10-22,2024-10-24,2315.5585013071272,0.04,4,HIGH,TP,2024-10-24,92.6223400522851
MS,2024-10-21,2024-10-22,2024-10-29,2321.83830675164,0.0140245274170254,5,HIGH,TIME,2024-10-29,32.56268499093821
HD,2024-10-21,2024-10-22,2024-10-29,2321.83830675164,-0.02,4,HIGH,SL,2024-10-29,-46.436766135032805
META,2024-10-23,2024-10-24,2024-10-29,2328.6780794780097,0.04,4,HIGH,TP,2024-10-29,93.14712317912038
AMZN,2024-10-23,2024-10-24,2024-10-30,2328.6780794780097,0.04,4,HIGH,TP,2024-10-30,93.14712317912038
TSLA,2024-10-28,2024-10-29,2024-10-29,2344.5326878850146,-0.0199999999999999,2,LOW,SL,2024-10-30,-46.89065375770006
AAPL,2024-10-23,2024-10-24,2024-10-31,2328.6780794780097,-0.02,5,HIGH,SL,2024-10-31,-46.57356158956019
AMZN,2024-10-31,2024-11-01,2024-11-04,2344.469269451387,-0.0199999999999999,4,HIGH,SL,2024-11-04,-46.8893853890275
CAT,2024-10-30,2024-10-31,2024-11-06,2344.469269451387,0.04,4,HIGH,TP,2024-11-06,93.77877077805547
AVGO,2024-10-31,2024-11-01,2024-11-06,2344.469269451387,0.04,4,HIGH,TP,2024-11-06,93.77877077805547
MA,2024-10-31,2024-11-01,2024-11-06,2344.469269451387,0.04,4,HIGH,TP,2024-11-06,93.77877077805547
ORCL,2024-10-31,2024-11-01,2024-11-06,2344.469269451387,0.04,4,HIGH,TP,2024-11-06,93.77877077805547
CAT,2024-11-07,2024-11-08,2024-11-08,2410.1144089960258,-0.0200000000000001,3,MEDIUM,SL,2024-11-09,-48.20228817992076
CAT,2024-11-08,2024-11-11,2024-11-13,2400.4739513600416,-0.0200000000000001,4,HIGH,SL,2024-11-13,-48.009479027201074
GS,2024-11-07,2024-11-08,2024-11-15,2410.1144089960258,0.0121415451365476,2,LOW,TIME,2024-11-15,29.26251288106899
CRM,2024-11-14,2024-11-15,2024-11-18,2396.7245581308157,-0.02,5,HIGH,SL,2024-11-18,-47.93449116261632
NVDA,2024-11-15,2024-11-18,2024-11-19,2387.137659898292,0.04,4,HIGH,TP,2024-11-19,95.48550639593168
AMZN,2024-11-21,2024-11-22,2024-11-26,2406.2347611774785,0.04,3,MEDIUM,TP,2024-11-26,96.24939044709915
NVDA,2024-11-22,2024-11-25,2024-11-25,2406.2347611774785,-0.02,3,MEDIUM,SL,2024-11-26,-48.12469522354957
BLK,2024-11-19,2024-11-20,2024-11-27,2406.2347611774785,-0.0124957468755896,4,HIGH,TIME,2024-11-27,-30.067700498918562
ORCL,2024-11-25,2024-11-26,2024-11-27,2415.859700222188,-0.02,4,HIGH,SL,2024-11-27,-48.31719400444376
NFLX,2024-11-25,2024-11-26,2024-12-02,2415.859700222188,0.04,5,HIGH,TP,2024-12-02,96.63438800888753
CRM,2024-11-27,2024-11-29,2024-12-04,2400.182721321516,0.04,5,HIGH,TP,2024-12-04,96.00730885286065
CVX,2024-12-04,2024-12-05,2024-12-06,2438.7110606938654,-0.02,4,HIGH,SL,2024-12-06,-48.77422121387731
CVX,2024-12-06,2024-12-09,2024-12-13,2428.9562164510894,-0.0199999999999999,4,HIGH,SL,2024-12-13,-48.579124329021546
NFLX,2024-12-09,2024-12-10,2024-12-17,2428.9562164510894,0.0058768447590702,3,MEDIUM,TIME,2024-12-17,14.274598610661567
AVGO,2024-12-17,2024-12-18,2024-12-18,2422.0953113074174,-0.02,1,LOW,SL,2024-12-19,-48.44190622614835
GOOGL,2024-12-18,2024-12-19,2024-12-20,2412.406930062188,-0.02,4,HIGH,SL,2024-12-20,-48.24813860124377
MSFT,2024-12-18,2024-12-19,2024-12-20,2412.406930062188,-0.02,4,HIGH,SL,2024-12-20,-48.24813860124377
BLK,2024-12-18,2024-12-19,2024-12-19,2412.4069300621877,-0.02,3,MEDIUM,SL,2024-12-20,-48.24813860124375
CRM,2024-12-18,2024-12-19,2024-12-20,2412.406930062186,-0.02,3,MEDIUM,SL,2024-12-20,-48.24813860124372
AVGO,2024-12-19,2024-12-20,2024-12-20,2373.808419181193,0.04,2,LOW,TP,2024-12-21,94.95233676724773
AAPL,2024-12-18,2024-12-19,2024-12-24,2412.406930062188,0.04,4,HIGH,TP,2024-12-24,96.49627720248753
TSLA,2024-12-20,2024-12-23,2024-12-23,2392.798886534643,-0.02,3,MEDIUM,SL,2024-12-24,-47.85597773069286
WMT,2024-12-23,2024-12-24,2025-01-02,2402.5269464290013,-0.0040944147168749,4,HIGH,TIME,2025-01-02,-9.836941687147418
BA,2024-12-30,2024-12-31,2025-01-02,2402.5269464290013,-0.02,4,HIGH,SL,2025-01-02,-48.050538928580025
AAPL,2025-01-02,2025-01-03,2025-01-10,2390.949450305856,-0.02,4,HIGH,SL,2025-01-10,-47.81898900611712
BA,2025-01-02,2025-01-03,2025-01-10,2390.949450305856,-0.02,4,HIGH,SL,2025-01-10,-47.81898900611712
META,2025-01-14,2025-01-15,2025-01-23,2371.8218547034094,0.04,3,MEDIUM,TP,2025-01-23,94.87287418813638
NVDA,2025-01-24,2025-01-27,2025-01-27,2390.796429541037,-0.02,3,MEDIUM,SL,2025-01-28,-47.81592859082074
CVX,2025-01-21,2025-01-22,2025-01-29,2371.8218547034094,-0.0126203880741605,5,HIGH,TIME,2025-01-29,-29.933312249132147
GE,2025-01-24,2025-01-27,2025-01-30,2390.796429541037,0.04,2,LOW,TP,2025-01-30,95.63185718164148
CAT,2025-01-27,2025-01-28,2025-01-30,2381.2332438228727,-0.0200000000000001,5,HIGH,SL,2025-01-30,-47.62466487645769
MSFT,2025-01-27,2025-01-28,2025-01-30,2381.2332438228727,-0.02,4,HIGH,SL,2025-01-30,-47.62466487645746
BA,2025-01-29,2025-01-30,2025-01-31,2375.323086858792,0.04,4,HIGH,TP,2025-01-31,95.01292347435168
CRM,2025-01-30,2025-01-31,2025-01-31,2394.3256715536622,-0.02,4,HIGH,SL,2025-02-01,-47.88651343107325
AMZN,2025-02-05,2025-02-06,2025-02-07,2384.7483688674474,-0.02,5,HIGH,SL,2025-02-07,-47.69496737734895
DUK,2025-02-13,2025-02-14,2025-02-18,2375.2093753919776,-0.02,5,HIGH,SL,2025-02-18,-47.50418750783955
META,2025-02-18,2025-02-19,2025-02-21,2365.70853789041,-0.02,5,HIGH,SL,2025-02-21,-47.3141707578082
BA,2025-02-20,2025-02-21,2025-02-21,2356.245703738848,-0.02,5,HIGH,SL,2025-02-22,-47.12491407477696
GS,2025-02-20,2025-02-21,2025-02-21,2356.245703738848,-0.02,4,HIGH,SL,2025-02-22,-47.12491407477696
GS,2025-02-21,2025-02-24,2025-02-24,2337.395738108937,-0.0199999999999999,4,HIGH,SL,2025-02-25,-46.74791476217851
NFLX,2025-02-21,2025-02-24,2025-02-24,2337.395738108937,-0.02,3,MEDIUM,SL,2025-02-25,-46.747914762178745
BA,2025-02-21,2025-02-24,2025-02-26,2337.395738108937,-0.02,3,MEDIUM,SL,2025-02-26,-46.747914762178745
COST,2025-02-20,2025-02-21,2025-02-28,2356.245703738848,0.0135316755835617,5,HIGH,TIME,2025-02-28,31.88395245815513
PEP,2025-02-26,2025-02-27,2025-03-04,2309.3469892516305,0.04,5,HIGH,TP,2025-03-04,92.37387957006523
NFLX,2025-02-27,2025-02-28,2025-03-04,2315.7237797432613,-0.02,3,MEDIUM,SL,2025-03-04,-46.31447559486523
CVX,2025-03-03,2025-03-04,2025-03-05,2324.9356605383014,-0.0199999999999999,4,HIGH,SL,2025-03-05,-46.49871321076579
GE,2025-03-03,2025-03-04,2025-03-04,2324.9356605383014,-0.02,2,LOW,SL,2025-03-05,-46.49871321076603
MCD,2025-02-26,2025-02-27,2025-03-06,2309.3469892516305,0.0228447163260054,5,HIGH,TIME,2025-03-06,52.75637686776814
V,2025-03-04,2025-03-05,2025-03-06,2306.3361752539945,-0.02,4,HIGH,SL,2025-03-06,-46.12672350507989
MA,2025-03-04,2025-03-05,2025-03-07,2306.3361752539945,-0.02,4,HIGH,SL,2025-03-07,-46.12672350507989
GE,2025-03-06,2025-03-07,2025-03-07,2298.436761225517,-0.0200000000000001,4,HIGH,SL,2025-03-08,-45.96873522451057
PLD,2025-03-06,2025-03-07,2025-03-07,2298.4367612255164,-0.02,4,HIGH,SL,2025-03-08,-45.96873522451033
COST,2025-03-06,2025-03-07,2025-03-07,2290.537347197038,-0.02,3,MEDIUM,SL,2025-03-08,-45.81074694394076
KO,2025-03-04,2025-03-05,2025-03-10,2306.3361752539945,0.04,5,HIGH,TP,2025-03-10,92.25344701015977
V,2025-03-06,2025-03-07,2025-03-11,2298.4367612255164,-0.02,4,HIGH,SL,2025-03-11,-45.96873522451033
NKE,2025-03-10,2025-03-11,2025-03-11,2280.1440601040545,-0.0200000000000001,2,LOW,SL,2025-03-12,-45.60288120208132
MCD,2025-03-11,2025-03-12,2025-03-12,2271.0234838636384,-0.0199999999999999,4,HIGH,SL,2025-03-13,-45.42046967727254
NEE,2025-03-11,2025-03-12,2025-03-17,2271.0234838636384,-0.0199999999999999,4,HIGH,SL,2025-03-17,-45.42046967727254
XOM,2025-03-11,2025-03-12,2025-03-17,2271.023483863636,0.04,2,LOW,TP,2025-03-17,90.84093935454544
CVX,2025-03-11,2025-03-12,2025-03-18,2271.023483863638,0.04,2,LOW,TP,2025-03-18,90.84093935454551
PEP,2025-03-11,2025-03-12,2025-03-19,2271.0234838636384,0.003863322072285,4,HIGH,TIME,2025-03-19,8.77369515188797
MCD,2025-03-12,2025-03-13,2025-03-20,2225.6030141863657,0.0218684843149583,3,MEDIUM,TIME,2025-03-20,48.67056460705845
ABBV,2025-03-25,2025-03-26,2025-03-26,2300.6805236863365,-0.02,4,HIGH,SL,2025-03-27,-46.01361047372673
AMT,2025-04-04,2025-04-07,2025-04-07,2291.4778015915913,-0.0199999999999999,3,MEDIUM,SL,2025-04-08,-45.82955603183159
UNH,2025-04-04,2025-04-07,2025-04-08,2291.4778015915913,0.04,3,MEDIUM,TP,2025-04-08,91.65911206366366
AMT,2025-04-07,2025-04-08,2025-04-08,2300.643712797958,-0.02,4,HIGH,SL,2025-04-09,-46.01287425595916
AMT,2025-04-23,2025-04-24,2025-04-25,2291.441137946766,-0.02,3,MEDIUM,SL,2025-04-25,-45.828822758935324
DUK,2025-05-08,2025-05-09,2025-05-12,2282.275373394979,-0.0200000000000001,4,HIGH,SL,2025-05-12,-45.64550746789981
HON,2025-05-06,2025-05-07,2025-05-14,2282.275373394979,0.015334222822541,4,HIGH,TIME,2025-05-14,34.99691911803657
NFLX,2025-05-12,2025-05-13,2025-05-15,2273.1462719013994,0.04,4,HIGH,TP,2025-05-15,90.92585087605597
AMZN,2025-05-15,2025-05-16,2025-05-19,2298.3308259002174,-0.0199999999999999,4,HIGH,SL,2025-05-19,-45.966616518004116
AMD,2025-05-15,2025-05-16,2025-05-19,2298.3308259002174,-0.02,2,LOW,SL,2025-05-19,-45.96661651800435
ORCL,2025-05-15,2025-05-16,2025-05-21,2298.3308259002174,-0.0200000000000001,2,LOW,SL,2025-05-21,-45.96661651800458
BLK,2025-05-21,2025-05-22,2025-05-23,2270.7508559894154,-0.02,5,HIGH,SL,2025-05-23,-45.41501711978831
NEE,2025-05-21,2025-05-22,2025-05-22,2270.7508559894154,-0.02,5,HIGH,SL,2025-05-23,-45.41501711978831
CRM,2025-05-23,2025-05-27,2025-05-29,2252.5848491414995,-0.02,4,HIGH,SL,2025-05-29,-45.05169698282999
BAC,2025-05-21,2025-05-22,2025-05-30,2270.750855989415,0.0220010511646313,5,HIGH,TIME,2025-05-30,49.95890576475344
MS,2025-05-21,2025-05-22,2025-05-30,2270.750855989415,0.027445667171517,5,HIGH,TIME,2025-05-30,62.32227222292281
V,2025-05-21,2025-05-22,2025-05-30,2270.7508559894136,0.0207681240413522,5,HIGH,TIME,2025-05-30,47.15923544419483
NVDA,2025-05-30,2025-06-02,2025-06-03,2275.4625924313077,0.04,4,HIGH,TP,2025-06-03,91.01850369725231
TSLA,2025-05-30,2025-06-02,2025-06-02,2275.4625924313077,-0.02,3,MEDIUM,SL,2025-06-03,-45.50925184862616
ADBE,2025-06-02,2025-06-03,2025-06-05,2284.5644428010332,0.04,5,HIGH,TP,2025-06-05,91.38257771204132
COST,2025-06-05,2025-06-06,2025-06-09,2302.840958343442,-0.02,4,HIGH,SL,2025-06-09,-46.056819166868834
GE,2025-06-10,2025-06-11,2025-06-13,2293.629594510068,-0.02,5,HIGH,SL,2025-06-13,-45.872591890201356
AMD,2025-06-12,2025-06-13,2025-06-16,2284.4550761320274,0.04,4,HIGH,TP,2025-06-16,91.3782030452811
NKE,2025-06-13,2025-06-16,2025-06-17,2302.730716741083,-0.02,4,HIGH,SL,2025-06-17,-46.054614334821665
COP,2025-06-16,2025-06-17,2025-06-18,2293.5197938741185,-0.0199999999999999,3,MEDIUM,SL,2025-06-18,-45.87039587748214
AMZN,2025-06-11,2025-06-12,2025-06-20,2293.629594510068,-0.0098687144675483,4,HIGH,TIME,2025-06-20,-22.635175562538446
GE,2025-06-12,2025-06-13,2025-06-23,2284.4550761320274,0.04,3,MEDIUM,TP,2025-06-23,91.3782030452811
MRK,2025-06-17,2025-06-18,2025-06-24,2284.345714698622,0.04,5,HIGH,TP,2025-06-24,91.37382858794489
GOOGL,2025-06-20,2025-06-23,2025-06-23,2298.094320195171,-0.0199999999999999,4,HIGH,SL,2025-06-24,-45.961886403903186
ORCL,2025-06-20,2025-06-23,2025-06-24,2298.094320195171,0.04,2,LOW,TP,2025-06-24,91.92377280780684
NKE,2025-06-17,2025-06-18,2025-06-26,2284.345714698622,0.04,4,HIGH,TP,2025-06-26,91.37382858794489
COP,2025-06-23,2025-06-24,2025-07-01,2325.561463193541,0.0193926057535078,5,HIGH,TIME,2025-07-01,45.09869661126309
XOM,2025-06-23,2025-06-24,2025-07-01,2325.561463193541,-9.165463591764844e-05,5,HIGH,TIME,2025-07-01,-0.21314848921311777
CVX,2025-06-24,2025-06-25,2025-07-02,2325.561463193541,0.0318667076733245,5,HIGH,TIME,2025-07-02,74.10798732393737
AVGO,2025-07-01,2025-07-02,2025-07-03,2367.6349360003273,0.04,5,HIGH,TP,2025-07-03,94.7053974400131
NVDA,2025-07-01,2025-07-02,2025-07-03,2367.6349360003273,0.04,5,HIGH,TP,2025-07-03,94.7053974400131
NFLX,2025-07-01,2025-07-02,2025-07-08,2367.6349360003273,-0.02,5,HIGH,SL,2025-07-08,-47.35269872000655
META,2025-07-01,2025-07-02,2025-07-10,2367.6349360003273,0.0166495903566847,5,HIGH,TIME,2025-07-10,39.420151798580854
NFLX,2025-07-10,2025-07-11,2025-07-11,2403.9305855920475,-0.02,4,HIGH,SL,2025-07-12,-48.07861171184095
NEE,2025-07-08,2025-07-09,2025-07-14,2396.0465552323312,0.04,5,HIGH,TP,2025-07-14,95.84186220929325
UPS,2025-07-07,2025-07-08,2025-07-15,2396.0465552323312,-0.0173758664196488,4,HIGH,TIME,2025-07-15,-41.63338487897664
BAC,2025-07-08,2025-07-09,2025-07-15,2396.0465552323312,-0.02,5,HIGH,SL,2025-07-15,-47.92093110464663
JPM,2025-07-08,2025-07-09,2025-07-16,2396.0465552323312,-0.0047357437156928,5,HIGH,TIME,2025-07-16,-11.347062416448894
CVX,2025-07-14,2025-07-15,2025-07-18,2395.572372494813,-0.02,5,HIGH,SL,2025-07-18,-47.91144744989626
GE,2025-07-17,2025-07-18,2025-07-21,2383.720670521544,-0.02,4,HIGH,SL,2025-07-21,-47.67441341043088
LLY,2025-07-15,2025-07-16,2025-07-23,2393.3029600115233,0.0328248209056902,4,HIGH,TIME,2025-07-23,78.55974103543649
PFE,2025-07-15,2025-07-16,2025-07-23,2393.3029600115233,0.0275526551476381,4,HIGH,TIME,2025-07-23,65.941851121019
NVDA,2025-07-22,2025-07-23,2025-07-28,2403.086106270749,0.04,5,HIGH,TP,2025-07-28,96.12344425082996
AMT,2025-07-28,2025-07-29,2025-07-29,2422.310795120915,-0.02,5,HIGH,SL,2025-07-30,-48.4462159024183
META,2025-07-29,2025-07-30,2025-07-30,2412.6215519404313,-0.02,4,HIGH,SL,2025-07-31,-48.25243103880863
NKE,2025-07-30,2025-07-31,2025-07-31,2402.97106573267,-0.02,3,MEDIUM,SL,2025-08-01,-48.0594213146534
AVGO,2025-07-31,2025-08-01,2025-08-04,2393.359181469739,0.04,5,HIGH,TP,2025-08-04,95.73436725878956
GOOGL,2025-07-31,2025-08-01,2025-08-05,2393.359181469739,0.04,5,HIGH,TP,2025-08-05,95.73436725878956
ORCL,2025-08-01,2025-08-04,2025-08-05,2412.5060549214963,0.04,5,HIGH,TP,2025-08-05,96.50024219685986
CAT,2025-08-01,2025-08-04,2025-08-07,2412.5060549214963,-0.02,5,HIGH,SL,2025-08-07,-48.25012109842993
NKE,2025-07-31,2025-08-01,2025-08-08,2393.359181469739,0.0102125151698353,4,HIGH,TIME,2025-08-08,24.442216947624306
PEP,2025-07-31,2025-08-01,2025-08-08,2393.359181469739,0.04,4,HIGH,TP,2025-08-08,95.73436725878956
CAT,2025-08-07,2025-08-08,2025-08-11,2465.338269434223,-0.0199999999999999,4,HIGH,SL,2025-08-11,-49.30676538868421
ORCL,2025-08-07,2025-08-08,2025-08-13,2465.338269434223,-0.0199999999999999,5,HIGH,SL,2025-08-13,-49.30676538868421
GE,2025-08-13,2025-08-14,2025-08-15,2445.615563278749,-0.0200000000000001,4,HIGH,SL,2025-08-15,-48.91231126557523
ORCL,2025-08-13,2025-08-14,2025-08-19,2445.6155632787495,-0.02,4,HIGH,SL,2025-08-19,-48.91231126557499
MS,2025-08-15,2025-08-18,2025-08-20,2435.8331010256343,-0.02,5,HIGH,SL,2025-08-20,-48.716662020512686
META,2025-08-18,2025-08-19,2025-08-19,2426.050638772519,-0.02,4,HIGH,SL,2025-08-20,-48.52101277545038
WMT,2025-08-13,2025-08-14,2025-08-21,2445.615563278749,-0.02,5,HIGH,SL,2025-08-21,-48.912311265574985
AVGO,2025-08-19,2025-08-20,2025-08-20,2406.6031038133265,-0.0199999999999999,4,HIGH,SL,2025-08-21,-48.13206207626629
NVDA,2025-08-19,2025-08-20,2025-08-20,2338.3606471355956,-0.0199999999999999,4,HIGH,SL,2025-08-21,-46.76721294271168
BA,2025-08-19,2025-08-20,2025-08-22,2406.6031038133265,0.04,4,HIGH,TP,2025-08-22,96.26412415253306
BLK,2025-08-15,2025-08-18,2025-08-25,2435.8331010256343,0.0027338580511275,5,HIGH,TIME,2025-08-25,6.659221934441795
AVGO,2025-08-29,2025-09-02,2025-09-03,2398.425455773811,0.04,4,HIGH,TP,2025-09-03,95.93701823095243
TSLA,2025-08-29,2025-09-02,2025-09-03,2398.425455773811,0.04,4,HIGH,TP,2025-09-03,95.93701823095243
NVDA,2025-08-29,2025-09-02,2025-09-05,2398.425455773811,-0.02,4,HIGH,SL,2025-09-05,-47.968509115476216
CVX,2025-09-03,2025-09-04,2025-09-05,2436.8002630661917,-0.02,5,HIGH,SL,2025-09-05,-48.73600526132384
CAT,2025-08-29,2025-09-02,2025-09-09,2398.425455773811,0.0100986736806323,4,HIGH,TIME,2025-09-09,24.220916025181513
PLD,2025-09-02,2025-09-03,2025-09-10,2436.8002630661917,-0.0001801914167361,5,HIGH,TIME,2025-09-10,-0.4390904917047983
NKE,2025-09-02,2025-09-03,2025-09-10,2436.8002630661917,-0.0020160469696134,4,HIGH,TIME,2025-09-10,-4.912703785907732
AVGO,2025-09-09,2025-09-10,2025-09-10,2421.2331845403455,0.04,3,MEDIUM,TP,2025-09-11,96.84932738161382
JPM,2025-09-05,2025-09-08,2025-09-12,2397.8114588571316,0.04,4,HIGH,TP,2025-09-12,95.91245835428526
AMZN,2025-09-10,2025-09-11,2025-09-12,2440.603050016668,-0.02,5,HIGH,SL,2025-09-12,-48.81206100033336
CVX,2025-09-05,2025-09-08,2025-09-15,2417.459360190832,0.0220908741898799,4,HIGH,TIME,2025-09-15,53.403790585123225
AAPL,2025-09-10,2025-09-11,2025-09-15,2440.6030500166685,0.04,4,HIGH,TP,2025-09-15,97.62412200066674
PEP,2025-09-08,2025-09-09,2025-09-16,2422.303543395868,-0.0081457263757263,4,HIGH,TIME,2025-09-16,-19.731421863454997
AVGO,2025-09-11,2025-09-12,2025-09-17,2450.023129487459,-0.0199999999999999,1,LOW,SL,2025-09-17,-49.000462589748935
AVGO,2025-09-17,2025-09-18,2025-09-19,2466.482335113976,-0.0199999999999999,4,HIGH,SL,2025-09-19,-49.32964670227928
TSLA,2025-09-18,2025-09-19,2025-09-22,2456.61640577352,0.04,1,LOW,TP,2025-09-22,98.2646562309408
MA,2025-09-18,2025-09-19,2025-09-23,2456.61640577352,-0.02,3,MEDIUM,SL,2025-09-23,-49.1323281154704
XOM,2025-09-29,2025-09-30,2025-10-02,2466.442871396614,-0.02,5,HIGH,SL,2025-10-02,-49.328857427932284
ABBV,2025-10-02,2025-10-03,2025-10-06,2456.5770999110277,-0.02,4,HIGH,SL,2025-10-06,-49.131541998220555
COP,2025-09-29,2025-09-30,2025-10-07,2466.442871396614,-0.0200000000000001,4,HIGH,SL,2025-10-07,-49.328857427932526
CVX,2025-09-29,2025-09-30,2025-10-07,2466.442871396614,-0.02,4,HIGH,SL,2025-10-07,-49.328857427932284
PFE,2025-10-06,2025-10-07,2025-10-08,2427.019248540211,-0.02,5,HIGH,SL,2025-10-08,-48.54038497080422
BLK,2025-10-01,2025-10-02,2025-10-09,2456.5770999110277,0.0191089458924029,5,HIGH,TIME,2025-10-09,46.94259888271586
BLK,2025-10-10,2025-10-13,2025-10-14,2426.699691322593,0.04,3,MEDIUM,TP,2025-10-14,97.06798765290372
GS,2025-10-10,2025-10-13,2025-10-14,2426.699691322592,-0.0199999999999999,2,LOW,SL,2025-10-14,-48.5339938264516
GOOGL,2025-10-10,2025-10-13,2025-10-15,2426.699691322593,0.04,2,LOW,TP,2025-10-15,97.06798765290372
GS,2025-10-14,2025-10-15,2025-10-15,2455.8200876184637,-0.0200000000000001,3,MEDIUM,SL,2025-10-16,-49.11640175236952
UNH,2025-10-10,2025-10-13,2025-10-20,2426.6996913225926,0.0274568371388486,4,HIGH,TIME,2025-10-20,66.6294982095386
AAPL,2025-10-10,2025-10-13,2025-10-20,2426.6996913225926,0.04,3,MEDIUM,TP,2025-10-20,97.06798765290371
BLK,2025-10-16,2025-10-17,2025-10-21,2445.9968072679903,-0.0200000000000001,3,MEDIUM,SL,2025-10-21,-48.919936145360055
BAC,2025-10-16,2025-10-17,2025-10-24,2445.99680726799,0.0317958205117165,3,MEDIUM,TIME,2025-10-24,77.77247545612462
LLY,2025-10-17,2025-10-20,2025-10-27,2478.736304440479,0.0258315864493696,4,HIGH,TIME,2025-10-27,64.02969113334517
GOOGL,2025-10-21,2025-10-22,2025-10-27,2468.952317211407,0.04,4,HIGH,TP,2025-10-27,98.75809268845627
GE,2025-10-22,2025-10-23,2025-10-27,2468.952317211407,0.04,4,HIGH,TP,2025-10-27,98.75809268845627
HON,2025-10-24,2025-10-27,2025-10-28,2536.8159876046834,-0.02,3,MEDIUM,SL,2025-10-28,-50.73631975209367
TSLA,2025-10-24,2025-10-27,2025-10-27,2536.8159876046834,0.04,3,MEDIUM,TP,2025-10-28,101.47263950418734
CAT,2025-10-22,2025-10-23,2025-10-29,2468.952317211407,0.04,4,HIGH,TP,2025-10-29,98.75809268845627
NEE,2025-10-28,2025-10-29,2025-10-29,2566.7148700927937,-0.0199999999999999,4,HIGH,SL,2025-10-30,-51.334297401855615
UNH,2025-10-29,2025-10-30,2025-10-31,2556.448010612422,-0.0200000000000001,4,HIGH,SL,2025-10-31,-51.1289602122487
MSFT,2025-10-30,2025-10-31,2025-10-31,2546.222218569972,-0.02,5,HIGH,SL,2025-11-01,-50.92444437139944
UNH,2025-10-30,2025-10-31,2025-10-31,2515.544842442622,-0.02,4,HIGH,SL,2025-11-01,-50.310896848852444
PEP,2025-10-29,2025-10-30,2025-11-03,2556.4480106124224,-0.0200000000000001,4,HIGH,SL,2025-11-03,-51.12896021224871
KO,2025-10-29,2025-10-30,2025-11-06,2556.4480106124224,0.0089115745693573,5,HIGH,TIME,2025-11-06,22.78197707925772
NEE,2025-10-29,2025-10-30,2025-11-06,2556.448010612422,0.0021999732073623,3,MEDIUM,TIME,2025-11-06,5.624117129361982
NVDA,2025-11-04,2025-11-05,2025-11-05,2515.7493582834722,-0.02,5,HIGH,SL,2025-11-06,-50.31498716566944
AVGO,2025-11-04,2025-11-05,2025-11-07,2515.7493582834722,-0.0200000000000001,3,MEDIUM,SL,2025-11-07,-50.3149871656697
TSLA,2025-11-06,2025-11-07,2025-11-07,2501.3045822589283,-0.02,4,HIGH,SL,2025-11-08,-50.02609164517857
NVDA,2025-11-06,2025-11-07,2025-11-07,2501.3045822589283,-0.0199999999999999,3,MEDIUM,SL,2025-11-08,-50.02609164517832
TSLA,2025-11-07,2025-11-10,2025-11-12,2481.2941456008566,-0.02,3,MEDIUM,SL,2025-11-12,-49.62588291201713
BAC,2025-11-05,2025-11-06,2025-11-13,2511.367579692062,-0.0102957486625397,5,HIGH,TIME,2025-11-13,-25.856409399760114
GOOGL,2025-11-07,2025-11-10,2025-11-13,2481.2941456008566,-0.02,3,MEDIUM,SL,2025-11-13,-49.62588291201713
AMD,2025-11-11,2025-11-12,2025-11-12,2471.3689690184533,0.04,3,MEDIUM,TP,2025-11-13,98.85475876073814
JPM,2025-11-13,2025-11-14,2025-11-14,2476.0434623082456,-0.0200000000000001,5,HIGH,SL,2025-11-15,-49.52086924616516
GS,2025-11-13,2025-11-14,2025-11-14,2470.7927790156336,-0.02,4,HIGH,SL,2025-11-15,-49.41585558031267
BAC,2025-11-13,2025-11-14,2025-11-17,2476.0434623082456,-0.0199999999999999,5,HIGH,SL,2025-11-17,-49.520869246164665
UPS,2025-11-10,2025-11-11,2025-11-18,2481.2941456008566,0.0067557516401115,3,MEDIUM,TIME,2025-11-18,16.76300699374205
PFE,2025-11-14,2025-11-17,2025-11-20,2446.3519434937166,-0.02,5,HIGH,SL,2025-11-20,-48.92703886987433
MS,2025-11-17,2025-11-18,2025-11-20,2449.7045448924655,0.04,4,HIGH,TP,2025-11-20,97.98818179569862
CAT,2025-11-13,2025-11-14,2025-11-21,2476.0434623082456,-0.02,4,HIGH,SL,2025-11-21,-49.520869246164914
ABBV,2025-11-24,2025-11-25,2025-11-28,2449.6125996283968,-0.0200000000000001,5,HIGH,SL,2025-11-28,-48.992251992568185
MCD,2025-12-01,2025-12-02,2025-12-09,2439.8141492298832,0.0230086155703792,5,HIGH,TIME,2025-12-09,56.13674582280217
UPS,2025-12-04,2025-12-05,2025-12-10,2439.8141492298832,0.04,5,HIGH,TP,2025-12-10,97.59256596919533
ADBE,2025-12-08,2025-12-09,2025-12-11,2451.041498394444,-0.02,3,MEDIUM,SL,2025-12-11,-49.02082996788888
MRK,2025-12-09,2025-12-10,2025-12-17,2470.5600115882826,0.0201702903994396,3,MEDIUM,TIME,2025-12-17,49.83191288297852
GS,2025-12-12,2025-12-15,2025-12-17,2460.755845594705,-0.02,4,HIGH,SL,2025-12-17,-49.2151169118941
CRM,2025-12-15,2025-12-16,2025-12-19,2460.755845594705,0.0249195025263075,5,HIGH,FINAL,2025-12-19,61.32081151092321
JNJ,2025-12-16,2025-12-17,2025-12-19,2460.879204788922,-0.0144227357768123,5,HIGH,FINAL,2025-12-19,-35.492610549322585
PFE,2025-12-16,2025-12-17,2025-12-19,2460.879204788922,-0.0082676873935462,5,HIGH,FINAL,2025-12-19,-20.345779978473367
COP,2025-12-16,2025-12-17,2025-12-19,2460.879204788922,0.0001087699222392,4,HIGH,FINAL,2025-12-19,0.26766963974495533
NKE,2025-12-17,2025-12-18,2025-12-19,2460.879204788922,-0.02,4,HIGH,SL,2025-12-19,-49.21758409577844
COP,2025-12-18,2025-12-19,2025-12-19,2452.18570609434,-0.0055164361673418,5,HIGH,FINAL,2025-12-19,-13.527325918137405
AMT,2018-10-26,2018-10-29,2018-10-30,2000.0,0.04,5,HIGH,TP,2018-10-30,80.0
AMT,2018-10-31,2018-11-01,2018-11-01,2016.0,-0.02,4,HIGH,SL,2018-11-02,-40.32
DUK,2018-10-26,2018-10-29,2018-11-05,2000.0,0.0181507922724326,5,HIGH,TIME,2018-11-05,36.3015845448652
WMT,2018-10-31,2018-11-01,2018-11-07,2016.0,0.04,4,HIGH,TP,2018-11-07,80.64
ORCL,2018-11-19,2018-11-20,2018-11-27,2031.3243169089733,-0.0200000000000001,4,HIGH,SL,2018-11-27,-40.626486338179674
AMT,2018-11-20,2018-11-21,2018-11-29,2031.3243169089733,0.013326849446648,5,HIGH,TIME,2018-11-29,27.071153348760976
KO,2018-11-20,2018-11-21,2018-11-29,2031.3243169089737,0.0027891384250613,5,HIGH,TIME,2018-11-29,5.665644706052216
JNJ,2018-11-21,2018-11-23,2018-11-29,2031.3243169089737,0.04,4,HIGH,TP,2018-11-29,81.25297267635895
PEP,2018-12-03,2018-12-04,2018-12-06,2045.996973787572,-0.0200000000000001,4,HIGH,SL,2018-12-06,-40.91993947575165
UNH,2018-12-04,2018-12-06,2018-12-06,2037.812985892422,-0.02,4,HIGH,SL,2018-12-07,-40.75625971784844
PLD,2018-12-04,2018-12-06,2018-12-06,2037.812985892422,-0.0200000000000001,3,MEDIUM,SL,2018-12-07,-40.75625971784864
MSFT,2018-12-04,2018-12-06,2018-12-11,2037.812985892422,0.04,4,HIGH,TP,2018-12-11,81.51251943569687
PFE,2018-12-07,2018-12-10,2018-12-10,2021.5104820052825,-0.02,3,MEDIUM,SL,2018-12-11,-40.43020964010565
PLD,2018-12-07,2018-12-10,2018-12-10,2021.5104820052825,-0.02,3,MEDIUM,SL,2018-12-11,-40.43020964010565
MRK,2018-12-14,2018-12-17,2018-12-18,2021.6409020363799,-0.02,5,HIGH,SL,2018-12-18,-40.4328180407276
LLY,2018-12-14,2018-12-17,2018-12-17,2021.6409020363799,-0.02,4,HIGH,SL,2018-12-18,-40.4328180407276
PEP,2018-12-14,2018-12-17,2018-12-18,2021.6409020363799,-0.02,4,HIGH,SL,2018-12-18,-40.4328180407276
KO,2018-12-17,2018-12-18,2018-12-19,1997.381211211943,-0.0199999999999999,4,HIGH,SL,2018-12-19,-39.94762422423866
DUK,2018-12-17,2018-12-18,2018-12-20,1997.381211211943,-0.02,4,HIGH,SL,2018-12-20,-39.947624224238865
NEE,2018-12-17,2018-12-18,2018-12-20,1997.381211211943,-0.02,4,HIGH,SL,2018-12-20,-39.947624224238865
TSLA,2018-12-18,2018-12-19,2018-12-19,1989.3916863670956,-0.02,3,MEDIUM,SL,2018-12-20,-39.78783372734191
AMT,2018-12-17,2018-12-18,2018-12-21,1997.381211211943,-0.02,4,HIGH,SL,2018-12-21,-39.947624224238865
AVGO,2018-12-19,2018-12-20,2018-12-20,1965.4550699319316,-0.0199999999999999,4,HIGH,SL,2018-12-21,-39.30910139863843
ABBV,2019-01-02,2019-01-03,2019-01-03,1949.6037248073562,-0.02,4,HIGH,SL,2019-01-04,-38.992074496147126
AMD,2019-01-09,2019-01-10,2019-01-10,1941.8053099081267,-0.0200000000000001,3,MEDIUM,SL,2019-01-11,-38.83610619816273
AMD,2019-01-10,2019-01-11,2019-01-11,1934.0380886684943,0.04,4,HIGH,TP,2019-01-12,77.36152354673978
ABBV,2019-01-09,2019-01-10,2019-01-14,1941.8053099081267,-0.02,4,HIGH,SL,2019-01-14,-38.83610619816253
LOW,2019-01-15,2019-01-16,2019-01-17,1941.74317213821,-0.02,4,HIGH,SL,2019-01-17,-38.8348634427642
NFLX,2019-01-18,2019-01-22,2019-01-22,1933.976199449657,-0.0200000000000001,3,MEDIUM,SL,2019-01-23,-38.67952398899334
MS,2019-01-22,2019-01-23,2019-01-23,1926.2402946518587,-0.0200000000000001,4,HIGH,SL,2019-01-24,-38.52480589303737
CAT,2019-01-22,2019-01-23,2019-01-23,1926.2402946518587,-0.02,3,MEDIUM,SL,2019-01-24,-38.524805893037176
COP,2019-01-22,2019-01-23,2019-01-28,1926.2402946518587,-0.0200000000000001,4,HIGH,SL,2019-01-28,-38.52480589303737
LLY,2019-01-18,2019-01-22,2019-01-29,1933.976199449657,0.0001731126191732,4,HIGH,TIME,2019-01-29,0.3347956853053612
BAC,2019-01-31,2019-02-01,2019-02-07,1903.1923702530971,-0.02,4,HIGH,SL,2019-02-07,-38.06384740506194
GS,2019-01-31,2019-02-01,2019-02-07,1903.1923702530971,-0.02,4,HIGH,SL,2019-02-07,-38.06384740506194
AMD,2019-02-05,2019-02-06,2019-02-07,1903.1923702530971,-0.02,3,MEDIUM,SL,2019-02-07,-38.06384740506194
COP,2019-02-07,2019-02-08,2019-02-08,1880.35406181006,-0.02,5,HIGH,SL,2019-02-09,-37.6070812362012
GE,2019-02-08,2019-02-11,2019-02-13,1872.8326455628203,0.04,4,HIGH,TP,2019-02-13,74.91330582251281
GOOGL,2019-02-06,2019-02-07,2019-02-14,1880.35406181006,0.0156320915235157,4,HIGH,TIME,2019-02-14,29.393866790829357
ORCL,2019-02-07,2019-02-08,2019-02-15,1880.3540618100606,0.0325413679634969,5,HIGH,TIME,2019-02-15,61.189293427017176
UNH,2019-02-08,2019-02-11,2019-02-19,1872.8326455628203,0.04,4,HIGH,TP,2019-02-19,74.91330582251281
WMT,2019-02-20,2019-02-21,2019-02-27,1920.9145999353943,-0.02,4,HIGH,SL,2019-02-27,-38.418291998707886
LOW,2019-02-28,2019-03-01,2019-03-01,1913.230941535653,-0.02,4,HIGH,SL,2019-03-02,-38.26461883071306
CAT,2019-02-26,2019-02-27,2019-03-06,1913.230941535653,-0.02,5,HIGH,SL,2019-03-06,-38.26461883071306
CRM,2019-03-04,2019-03-05,2019-03-05,1890.272170237224,-0.0199999999999999,4,HIGH,SL,2019-03-06,-37.80544340474429
HD,2019-02-27,2019-02-28,2019-03-07,1913.230941535653,-0.0059367160310161,4,HIGH,TIME,2019-03-07,-11.358308801650738
ADBE,2019-03-04,2019-03-05,2019-03-07,1905.5780177695103,-0.02,4,HIGH,SL,2019-03-07,-38.11156035539021
AMZN,2019-03-07,2019-03-08,2019-03-11,1880.4700314910108,0.04,4,HIGH,TP,2019-03-11,75.21880125964043
MCD,2019-03-04,2019-03-05,2019-03-12,1905.5780177695103,0.0068105602919279,5,HIGH,TIME,2019-03-12,12.978053980991705
AVGO,2019-03-07,2019-03-08,2019-03-13,1880.4700314910108,0.04,4,HIGH,TP,2019-03-13,75.21880125964043
LLY,2019-03-11,2019-03-12,2019-03-13,1898.1094025391374,0.04,4,HIGH,TP,2019-03-13,75.9243761015655
META,2019-03-15,2019-03-18,2019-03-18,1928.3380380113786,-0.02,4,HIGH,SL,2019-03-19,-38.566760760227574
MS,2019-03-20,2019-03-21,2019-03-22,1920.624685859333,-0.02,5,HIGH,SL,2019-03-22,-38.41249371718666
BAC,2019-03-20,2019-03-21,2019-03-22,1920.624685859333,-0.02,4,HIGH,SL,2019-03-22,-38.41249371718666
GS,2019-03-20,2019-03-21,2019-03-22,1912.9113337072868,-0.0200000000000001,4,HIGH,SL,2019-03-22,-38.25822667414593
ADBE,2019-03-15,2019-03-18,2019-03-25,1928.3380380113786,0.0200692464551843,4,HIGH,TIME,2019-03-25,38.70029133375691
META,2019-03-18,2019-03-19,2019-03-26,1920.624685859333,0.04,4,HIGH,TP,2019-03-26,76.82498743437333
AAPL,2019-03-22,2019-03-25,2019-03-25,1905.3481013043806,-0.02,4,HIGH,SL,2019-03-26,-38.106962026087615
MA,2019-03-22,2019-03-25,2019-04-01,1905.3481013043806,0.04,5,HIGH,TP,2019-04-01,76.21392405217523
MSFT,2019-03-22,2019-03-25,2019-04-01,1905.3481013043806,0.0211048646598326,5,HIGH,TIME,2019-04-01,40.212113807897964
AMZN,2019-03-22,2019-03-25,2019-04-01,1890.0715167494282,0.0320857392885134,4,HIGH,TIME,2019-04-01,60.644341923067245
AMD,2019-03-27,2019-03-28,2019-04-01,1913.0917063860377,0.04,4,HIGH,TP,2019-04-01,76.5236682554415
AMT,2019-04-01,2019-04-02,2019-04-09,1963.810515993754,0.0192746713977212,5,HIGH,TIME,2019-04-09,37.85180238316892
CRM,2019-04-04,2019-04-05,2019-04-12,1963.810515993754,0.0067654828267267,4,HIGH,TIME,2019-04-12,13.286126320901042
GS,2019-04-15,2019-04-16,2019-04-17,1974.0381017345678,0.04,5,HIGH,TP,2019-04-17,78.96152406938272
CAT,2019-04-24,2019-04-25,2019-04-25,1989.8304065484442,-0.02,4,HIGH,SL,2019-04-26,-39.796608130968885
NVDA,2019-04-25,2019-04-26,2019-04-26,1981.8710849222502,-0.02,3,MEDIUM,SL,2019-04-27,-39.637421698445
LOW,2019-04-18,2019-04-22,2019-04-29,1989.8304065484442,-0.0200000000000001,5,HIGH,SL,2019-04-29,-39.796608130969084
XOM,2019-04-26,2019-04-29,2019-05-02,1965.9842789563675,-0.0199999999999999,4,HIGH,SL,2019-05-02,-39.31968557912715
AMD,2019-05-01,2019-05-02,2019-05-02,1958.120341840542,0.04,3,MEDIUM,TP,2019-05-03,78.32481367362169
MA,2019-05-01,2019-05-02,2019-05-06,1958.120341840542,-0.02,4,HIGH,SL,2019-05-06,-39.162406836810845
NKE,2019-05-01,2019-05-02,2019-05-06,1958.120341840542,-0.02,4,HIGH,SL,2019-05-06,-39.162406836810845
MSFT,2019-05-01,2019-05-02,2019-05-07,1958.120341840542,-0.02,5,HIGH,SL,2019-05-07,-39.162406836810845
HD,2019-05-01,2019-05-02,2019-05-07,1958.120341840542,-0.02,4,HIGH,SL,2019-05-07,-39.162406836810845
AAPL,2019-05-07,2019-05-08,2019-05-09,1942.4553791058179,-0.02,4,HIGH,SL,2019-05-09,-38.84910758211636
HD,2019-05-07,2019-05-08,2019-05-10,1942.455379105817,-0.0199999999999999,4,HIGH,SL,2019-05-10,-38.84910758211615
ADBE,2019-05-07,2019-05-08,2019-05-13,1942.4553791058179,-0.0199999999999999,5,HIGH,SL,2019-05-13,-38.84910758211616
BLK,2019-05-07,2019-05-08,2019-05-13,1942.4553791058179,-0.02,4,HIGH,SL,2019-05-13,-38.84910758211636
MSFT,2019-05-07,2019-05-08,2019-05-15,1942.4553791058179,0.0083421501184379,5,HIGH,TIME,2019-05-15,16.204254370867933
AMZN,2019-05-13,2019-05-14,2019-05-16,1911.376093040125,0.04,3,MEDIUM,TP,2019-05-16,76.455043721605
MA,2019-05-13,2019-05-14,2019-05-16,1880.296806974431,0.04,3,MEDIUM,TP,2019-05-16,75.21187227897724
HON,2019-05-13,2019-05-14,2019-05-21,1911.376093040125,0.0159946667044375,3,MEDIUM,TIME,2019-05-21,30.571823555006716
JPM,2019-05-13,2019-05-14,2019-05-21,1911.376093040125,0.0198997302641128,3,MEDIUM,TIME,2019-05-21,38.035868684772254
AMT,2019-05-20,2019-05-21,2019-05-29,1958.6718655623708,0.0082716611987105,5,HIGH,TIME,2019-05-29,16.201470071378175
AMD,2019-05-29,2019-05-30,2019-05-30,1961.9121595766462,-0.02,3,MEDIUM,SL,2019-05-31,-39.23824319153292
MA,2019-05-23,2019-05-24,2019-06-03,1958.6718655623708,-0.02,5,HIGH,SL,2019-06-03,-39.17343731124742
ADBE,2019-05-23,2019-05-24,2019-06-03,1958.6718655623708,-0.02,3,MEDIUM,SL,2019-06-03,-39.17343731124742
UNH,2019-05-28,2019-05-29,2019-06-04,1961.9121595766462,-0.02,5,HIGH,SL,2019-06-04,-39.23824319153292
MCD,2019-06-10,2019-06-11,2019-06-18,1930.5474873755338,0.0109244707590097,4,HIGH,TIME,2019-06-18,21.090209574713665
NFLX,2019-06-25,2019-06-26,2019-07-01,1934.7655292904765,0.04,5,HIGH,TP,2019-07-01,77.39062117161906
AMT,2019-06-26,2019-06-27,2019-07-01,1934.7655292904765,-0.02,4,HIGH,SL,2019-07-01,-38.69531058580953
ADBE,2019-06-25,2019-06-26,2019-07-03,1934.7655292904765,0.04,5,HIGH,TP,2019-07-03,77.39062117161906
MSFT,2019-06-25,2019-06-26,2019-07-03,1934.7655292904765,0.0231481290016613,5,HIGH,TIME,2019-07-03,44.78620205998345
DUK,2019-06-26,2019-06-27,2019-07-05,1934.7655292904765,0.0182808458944463,5,HIGH,TIME,2019-07-05,35.369150482846024
AVGO,2019-07-03,2019-07-05,2019-07-08,1974.0137861505282,-0.02,5,HIGH,SL,2019-07-08,-39.480275723010564
PFE,2019-07-11,2019-07-12,2019-07-12,1966.1177310059263,-0.02,4,HIGH,SL,2019-07-13,-39.322354620118524
AMD,2019-07-11,2019-07-12,2019-07-15,1966.117731005925,0.04,3,MEDIUM,TP,2019-07-15,78.644709240237
AAPL,2019-07-08,2019-07-09,2019-07-16,1966.1177310059263,0.0266065053441424,5,HIGH,TIME,2019-07-16,52.31152191722231
GE,2019-07-08,2019-07-09,2019-07-16,1966.1177310059263,0.0256917355469736,4,HIGH,TIME,2019-07-16,50.512976799220034
PLD,2019-07-11,2019-07-12,2019-07-16,1966.1177310059263,-0.02,5,HIGH,SL,2019-07-16,-39.322354620118524
UNH,2019-07-18,2019-07-19,2019-07-22,1986.6826307492147,-0.02,5,HIGH,SL,2019-07-22,-39.733652614984294
UPS,2019-07-17,2019-07-18,2019-07-24,1986.6826307492147,0.04,4,HIGH,TP,2019-07-24,79.46730522996859
BA,2019-07-18,2019-07-19,2019-07-24,1986.6826307492147,-0.02,4,HIGH,SL,2019-07-24,-39.733652614984294
BA,2019-07-24,2019-07-25,2019-07-25,1986.6826307492147,-0.0199999999999999,4,HIGH,SL,2019-07-26,-39.733652614984095
GE,2019-07-25,2019-07-26,2019-07-31,1978.7359002262176,-0.02,3,MEDIUM,SL,2019-07-31,-39.57471800452435
CRM,2019-07-29,2019-07-30,2019-08-01,1978.7359002262176,-0.0200000000000001,4,HIGH,SL,2019-08-01,-39.57471800452455
LOW,2019-07-31,2019-08-01,2019-08-01,1962.906013024408,-0.02,4,HIGH,SL,2019-08-02,-39.25812026048816
MA,2019-07-31,2019-08-01,2019-08-02,1962.906013024408,-0.0200000000000001,4,HIGH,SL,2019-08-02,-39.258120260488354
ORCL,2019-07-31,2019-08-01,2019-08-02,1962.906013024407,-0.02,4,HIGH,SL,2019-08-02,-39.25812026048814
GS,2019-08-01,2019-08-02,2019-08-02,1892.2413965555281,-0.02,4,HIGH,SL,2019-08-03,-37.844827931110565
KO,2019-07-31,2019-08-01,2019-08-05,1962.906013024408,-0.02,5,HIGH,SL,2019-08-05,-39.25812026048816
MSFT,2019-07-31,2019-08-01,2019-08-05,1962.906013024408,-0.02,4,HIGH,SL,2019-08-05,-39.25812026048816
AAPL,2019-08-01,2019-08-02,2019-08-05,1939.351140868115,-0.0200000000000001,5,HIGH,SL,2019-08-05,-38.7870228173625
BAC,2019-08-01,2019-08-02,2019-08-05,1939.351140868115,-0.02,4,HIGH,SL,2019-08-05,-38.7870228173623
AAPL,2019-08-02,2019-08-05,2019-08-05,1900.5641180507528,-0.02,3,MEDIUM,SL,2019-08-06,-38.011282361015056
NVDA,2019-08-02,2019-08-05,2019-08-05,1900.5641180507528,-0.02,3,MEDIUM,SL,2019-08-06,-38.011282361015056
UPS,2019-08-05,2019-08-06,2019-08-07,1885.3596051063466,-0.02,3,MEDIUM,SL,2019-08-07,-37.70719210212693
GOOGL,2019-08-05,2019-08-06,2019-08-13,1885.3596051063466,0.0267776970777617,3,MEDIUM,TIME,2019-08-13,50.48558838818617
MRK,2019-08-14,2019-08-15,2019-08-21,1887.9152843635584,0.04,4,HIGH,TP,2019-08-21,75.51661137454234
COST,2019-08-23,2019-08-26,2019-08-27,1903.0186066384667,0.04,3,MEDIUM,TP,2019-08-27,76.12074426553868
MRK,2019-08-23,2019-08-26,2019-09-03,1903.0186066384667,0.0148745775376912,4,HIGH,TIME,2019-09-03,28.306597820112945
GOOGL,2019-08-23,2019-08-26,2019-09-03,1903.0186066384667,0.0087109275653982,3,MEDIUM,TIME,2019-09-03,16.577057238032694
MA,2019-08-23,2019-08-26,2019-09-03,1903.0186066384667,0.0190262797332876,3,MEDIUM,TIME,2019-09-03,36.207364347554666
MCD,2019-08-23,2019-08-26,2019-09-03,1903.0186066384667,0.0101727220732399,3,MEDIUM,TIME,2019-09-03,19.35887938553737
AMT,2019-09-05,2019-09-06,2019-09-09,1938.3327352498222,-0.02,4,HIGH,SL,2019-09-09,-38.76665470499645
BA,2019-09-03,2019-09-04,2019-09-11,1938.3327352498222,0.04,5,HIGH,TP,2019-09-11,77.5333094099929
MA,2019-09-09,2019-09-10,2019-09-10,1930.579404308823,-0.02,5,HIGH,SL,2019-09-11,-38.61158808617646
V,2019-09-09,2019-09-10,2019-09-10,1930.579404308823,-0.0199999999999999,5,HIGH,SL,2019-09-11,-38.61158808617627
AMT,2019-09-09,2019-09-10,2019-09-10,1930.5794043088235,-0.02,4,HIGH,SL,2019-09-11,-38.611588086176475
LLY,2019-09-09,2019-09-10,2019-09-17,1922.826073367824,0.0253759725727451,4,HIGH,TIME,2019-09-17,48.79358169994106
NKE,2019-09-10,2019-09-11,2019-09-18,1922.919113339116,0.0128796674804618,5,HIGH,TIME,2019-09-18,24.766558771632248
COST,2019-09-11,2019-09-12,2019-09-19,1922.919113339116,-0.0086448540744824,4,HIGH,TIME,2019-09-19,-16.62335513184974
AVGO,2019-09-13,2019-09-16,2019-09-23,1922.9191133391157,0.0044861990258204,5,HIGH,TIME,2019-09-23,8.626597852993369
TSLA,2019-09-20,2019-09-23,2019-09-24,1936.0317899776592,-0.02,4,HIGH,SL,2019-09-24,-38.720635799553186
NVDA,2019-09-20,2019-09-23,2019-09-30,1936.0317899776592,0.0079325498121809,3,MEDIUM,TIME,2019-09-30,15.35766861196353
MS,2019-09-24,2019-09-25,2019-10-01,1928.2876628177482,-0.0200000000000001,4,HIGH,SL,2019-10-01,-38.56575325635516
NVDA,2019-09-27,2019-09-30,2019-10-01,1931.3591965401408,0.04,4,HIGH,TP,2019-10-01,77.25436786160563
AAPL,2019-10-02,2019-10-03,2019-10-04,1939.096919461191,0.04,3,MEDIUM,TP,2019-10-04,77.56387677844764
ABBV,2019-10-01,2019-10-02,2019-10-09,1939.096919461191,0.0056246799993733,5,HIGH,TIME,2019-10-09,10.90679965973974
HD,2019-10-02,2019-10-03,2019-10-10,1939.096919461191,0.029378103476187,4,HIGH,TIME,2019-10-10,56.96698995028631
LOW,2019-10-02,2019-10-03,2019-10-10,1939.096919461191,0.0179712804329319,4,HIGH,TIME,2019-10-10,34.848054526271426
PEP,2019-10-02,2019-10-03,2019-10-10,1939.0969194611914,-0.0039731226515129,4,HIGH,TIME,2019-10-10,-7.704269894190145
NVDA,2019-10-08,2019-10-09,2019-10-11,1956.7910547488286,0.04,4,HIGH,TP,2019-10-11,78.27164218995314
META,2019-10-18,2019-10-21,2019-10-22,1989.267538103293,-0.02,5,HIGH,SL,2019-10-22,-39.78535076206586
NKE,2019-10-23,2019-10-24,2019-10-25,1981.3104679508797,-0.02,4,HIGH,SL,2019-10-25,-39.626209359017594
AAPL,2019-10-29,2019-10-30,2019-10-31,1973.3852260790763,-0.02,5,HIGH,SL,2019-10-31,-39.46770452158153
GOOGL,2019-10-29,2019-10-30,2019-11-06,1973.3852260790763,0.0285703886873114,4,HIGH,TIME,2019-11-06,56.38038293887709
NEE,2019-11-04,2019-11-05,2019-11-07,1965.49168517476,-0.02,4,HIGH,SL,2019-11-07,-39.3098337034952
XOM,2019-11-06,2019-11-07,2019-11-12,1968.9057950218362,-0.02,4,HIGH,SL,2019-11-12,-39.378115900436725
NFLX,2019-11-13,2019-11-14,2019-11-15,1961.030171841749,0.04,4,HIGH,TP,2019-11-15,78.44120687366997
NVDA,2019-11-15,2019-11-18,2019-11-18,1976.7184132164832,0.04,4,HIGH,TP,2019-11-19,79.06873652865933
AMD,2019-11-21,2019-11-22,2019-11-22,1992.5321605222152,-0.02,4,HIGH,SL,2019-11-23,-39.850643210444304
NVDA,2019-11-19,2019-11-20,2019-11-25,1992.5321605222152,0.04,4,HIGH,TP,2019-11-25,79.70128642088861
ABBV,2019-11-20,2019-11-21,2019-11-29,1992.5321605222152,0.01083065739891,4,HIGH,TIME,2019-11-29,21.580433186926058
NVDA,2019-12-02,2019-12-03,2019-12-04,2004.8183758016894,0.04,4,HIGH,TP,2019-12-04,80.19273503206757
GS,2019-12-03,2019-12-04,2019-12-06,2020.856922808103,0.04,4,HIGH,TP,2019-12-06,80.83427691232413
ADBE,2019-12-02,2019-12-03,2019-12-09,2004.8183758016894,0.04,5,HIGH,TP,2019-12-09,80.19273503206757
HON,2019-12-02,2019-12-03,2019-12-10,2004.8183758016894,0.0084597757111042,4,HIGH,TIME,2019-12-10,16.960313800782505
CAT,2019-12-03,2019-12-04,2019-12-11,2020.856922808103,0.0214210527630247,4,HIGH,TIME,2019-12-11,43.28888276999611
CRM,2019-12-04,2019-12-05,2019-12-12,2020.856922808103,0.018299707613941,4,HIGH,TIME,2019-12-12,36.981090816996826
NFLX,2019-12-10,2019-12-11,2019-12-17,2065.112164511137,0.04,4,HIGH,TP,2019-12-17,82.60448658044548
META,2019-12-12,2019-12-13,2019-12-18,2072.5083826745367,0.04,4,HIGH,TP,2019-12-18,82.90033530698148
AVGO,2019-12-13,2019-12-16,2019-12-18,2072.5083826745367,0.04,4,HIGH,TP,2019-12-18,82.90033530698148
AMD,2019-12-13,2019-12-16,2019-12-20,2072.5083826745367,0.04,4,HIGH,TP,2019-12-20,82.90033530698148
TSLA,2019-12-30,2019-12-31,2019-12-31,2138.7694811748142,0.04,3,MEDIUM,TP,2020-01-01,85.55077924699258
BAC,2020-01-03,2020-01-06,2020-01-13,2155.8796370242126,0.0188900860413596,5,HIGH,TIME,2020-01-13,40.72475183820248
MRK,2020-01-07,2020-01-08,2020-01-15,2155.8796370242126,0.027500096883356,4,HIGH,TIME,2020-01-15,59.286898887020214
UNH,2020-01-13,2020-01-14,2020-01-15,2164.0245873918534,0.04,4,HIGH,TP,2020-01-15,86.56098349567414
COP,2020-01-08,2020-01-09,2020-01-16,2155.8796370242126,0.0077433996530189,5,HIGH,TIME,2020-01-16,16.6938376332838
MS,2020-01-21,2020-01-22,2020-01-23,2196.5329313950488,-0.0199999999999999,4,HIGH,SL,2020-01-23,-43.930658627900755
NFLX,2020-01-22,2020-01-23,2020-01-23,2187.7467996694686,0.04,4,HIGH,TP,2020-01-24,87.50987198677875
PFE,2020-01-24,2020-01-27,2020-01-28,2205.2487740668244,-0.02,5,HIGH,SL,2020-01-28,-44.10497548133649
AMD,2020-01-24,2020-01-27,2020-01-28,2205.2487740668244,0.04,4,HIGH,TP,2020-01-28,88.20995096267298
UNH,2020-01-24,2020-01-27,2020-01-27,2205.248774066825,-0.02,4,HIGH,SL,2020-01-28,-44.104975481336496
AAPL,2020-01-27,2020-01-28,2020-01-29,2205.2487740668244,0.04,5,HIGH,TP,2020-01-29,88.20995096267298
MS,2020-01-27,2020-01-28,2020-01-31,2205.2487740668244,-0.02,5,HIGH,SL,2020-01-31,-44.10497548133649
LOW,2020-01-24,2020-01-27,2020-02-03,2205.2487740668244,-0.0090487329691694,5,HIGH,TIME,2020-02-03,-19.954707287118875
GOOGL,2020-01-27,2020-01-28,2020-02-04,2205.2487740668244,0.0025455455472609,5,HIGH,TIME,2020-02-04,5.613561197428363
MA,2020-01-27,2020-01-28,2020-02-04,2205.248774066825,0.04,5,HIGH,TP,2020-02-04,88.20995096267299
PLD,2020-01-31,2020-02-03,2020-02-03,2210.078827705668,-0.0200000000000001,5,HIGH,SL,2020-02-04,-44.201576554113586
BLK,2020-01-31,2020-02-03,2020-02-06,2210.078827705668,0.04,5,HIGH,TP,2020-02-06,88.40315310822673
GOOGL,2020-02-04,2020-02-05,2020-02-05,2220.0032148268656,-0.02,4,HIGH,SL,2020-02-06,-44.400064296537316
HD,2020-01-31,2020-02-03,2020-02-07,2210.078827705668,0.04,5,HIGH,TP,2020-02-07,88.40315310822673
MSFT,2020-02-11,2020-02-12,2020-02-12,2246.484463210849,-0.02,3,MEDIUM,SL,2020-02-13,-44.929689264216975
NEE,2020-02-19,2020-02-20,2020-02-25,2237.4985253580053,-0.02,5,HIGH,SL,2020-02-25,-44.74997050716011
AMZN,2020-02-21,2020-02-24,2020-02-25,2237.4985253580053,-0.02,5,HIGH,SL,2020-02-25,-44.74997050716011
GOOGL,2020-02-21,2020-02-24,2020-02-25,2237.4985253580053,-0.02,5,HIGH,SL,2020-02-25,-44.74997050716011
MSFT,2020-02-21,2020-02-24,2020-02-24,2237.4985253580053,-0.02,5,HIGH,SL,2020-02-25,-44.74997050716011
COST,2020-02-24,2020-02-25,2020-02-25,2201.698548952277,-0.02,4,HIGH,SL,2020-02-26,-44.03397097904554
HD,2020-02-24,2020-02-25,2020-02-25,2201.698548952277,-0.0200000000000001,4,HIGH,SL,2020-02-26,-44.03397097904577
NFLX,2020-02-24,2020-02-25,2020-02-25,2201.698548952277,-0.02,4,HIGH,SL,2020-02-26,-44.03397097904554
KO,2020-02-24,2020-02-25,2020-02-26,2201.6985489522767,-0.02,3,MEDIUM,SL,2020-02-26,-44.033970979045534
LLY,2020-02-24,2020-02-25,2020-02-25,2201.698548952275,-0.02,3,MEDIUM,SL,2020-02-26,-44.0339709790455
DUK,2020-02-25,2020-02-26,2020-02-27,2157.664577973231,-0.02,4,HIGH,SL,2020-02-27,-43.15329155946463
ADBE,2020-02-25,2020-02-26,2020-02-27,2157.664577973231,-0.0199999999999999,3,MEDIUM,SL,2020-02-27,-43.15329155946441
COST,2020-02-25,2020-02-26,2020-02-27,2157.664577973231,-0.02,3,MEDIUM,SL,2020-02-27,-43.15329155946463
DUK,2020-02-27,2020-02-28,2020-02-28,2131.772603037552,-0.0200000000000001,3,MEDIUM,SL,2020-02-29,-42.635452060751255
WMT,2020-03-19,2020-03-20,2020-03-20,2123.245512625402,-0.02,3,MEDIUM,SL,2020-03-21,-42.46491025250804
NVDA,2020-04-07,2020-04-08,2020-04-13,2114.7525305749,-0.02,3,MEDIUM,SL,2020-04-13,-42.295050611498
NFLX,2020-04-22,2020-04-23,2020-04-23,2106.2935204526,0.04,4,HIGH,TP,2020-04-24,84.25174081810401
UPS,2020-04-22,2020-04-23,2020-04-27,2106.2935204526,0.04,4,HIGH,TP,2020-04-27,84.25174081810401
MRK,2020-04-28,2020-04-29,2020-04-29,2139.994216779842,-0.02,3,MEDIUM,SL,2020-04-30,-42.79988433559684
AMD,2020-04-29,2020-04-30,2020-04-30,2131.434239912723,-0.02,4,HIGH,SL,2020-05-01,-42.62868479825446
PEP,2020-04-29,2020-04-30,2020-05-01,2131.434239912723,-0.02,4,HIGH,SL,2020-05-01,-42.62868479825446
AMT,2020-04-29,2020-04-30,2020-05-04,2131.4342399127227,-0.02,3,MEDIUM,SL,2020-05-04,-42.628684798254454
DIS,2020-04-30,2020-05-01,2020-05-04,2114.382765993421,-0.0200000000000001,3,MEDIUM,SL,2020-05-04,-42.287655319868634
WMT,2020-04-29,2020-04-30,2020-05-07,2131.434239912723,-0.0053122680496421,4,HIGH,TIME,2020-05-07,-11.322750012601553
GS,2020-05-12,2020-05-13,2020-05-13,2095.1349479672754,-0.02,3,MEDIUM,SL,2020-05-14,-41.90269895934551
MS,2020-05-12,2020-05-13,2020-05-13,2095.1349479672754,-0.02,3,MEDIUM,SL,2020-05-14,-41.90269895934551
NVDA,2020-05-12,2020-05-13,2020-05-13,2095.1349479672754,-0.02,3,MEDIUM,SL,2020-05-14,-41.90269895934551
PFE,2020-05-07,2020-05-08,2020-05-15,2095.1349479672754,0.0136912040990533,5,HIGH,TIME,2020-05-15,28.684920187679385
UNH,2020-05-13,2020-05-14,2020-05-14,2069.993328591668,0.04,4,HIGH,TP,2020-05-15,82.79973314366673
AMD,2020-05-13,2020-05-14,2020-05-14,2069.993328591668,0.04,3,MEDIUM,TP,2020-05-15,82.79973314366673
CVX,2020-05-13,2020-05-14,2020-05-14,2069.9933285916677,0.04,3,MEDIUM,TP,2020-05-15,82.79973314366671
GS,2020-05-13,2020-05-14,2020-05-14,2044.8517092160591,-0.0199999999999999,3,MEDIUM,SL,2020-05-15,-40.89703418432098
PEP,2020-05-19,2020-05-20,2020-05-21,2117.2307456785397,-0.02,4,HIGH,SL,2020-05-21,-42.344614913570794
HD,2020-05-19,2020-05-20,2020-05-20,2117.2307456785397,-0.0200000000000001,3,MEDIUM,SL,2020-05-21,-42.34461491357101
WMT,2020-05-19,2020-05-20,2020-05-22,2117.2307456785393,-0.0199999999999999,3,MEDIUM,SL,2020-05-22,-42.344614913570574
LLY,2020-05-20,2020-05-21,2020-05-21,2100.2928997131107,-0.0200000000000001,3,MEDIUM,SL,2020-05-22,-42.00585799426243
NFLX,2020-05-21,2020-05-22,2020-05-22,2083.4228051315445,-0.0199999999999999,4,HIGH,SL,2020-05-23,-41.66845610263068
AMZN,2020-05-21,2020-05-22,2020-05-27,2083.4228051315445,-0.02,3,MEDIUM,SL,2020-05-27,-41.66845610263089
ADBE,2020-05-26,2020-05-27,2020-05-27,2066.755422690492,-0.02,4,HIGH,SL,2020-05-28,-41.335108453809845
NFLX,2020-05-26,2020-05-27,2020-05-27,2066.755422690492,-0.02,4,HIGH,SL,2020-05-28,-41.335108453809845
LLY,2020-05-26,2020-05-27,2020-05-27,2066.755422690492,-0.02,3,MEDIUM,SL,2020-05-28,-41.335108453809845
NVDA,2020-05-26,2020-05-27,2020-05-27,2066.755422690492,-0.0199999999999999,3,MEDIUM,SL,2020-05-28,-41.33510845380964
NVDA,2020-05-27,2020-05-28,2020-05-28,2033.6873359274443,0.04,4,HIGH,TP,2020-05-29,81.34749343709778
BAC,2020-05-29,2020-06-01,2020-06-02,2049.956834614864,0.04,4,HIGH,TP,2020-06-02,81.99827338459455
BA,2020-05-29,2020-06-01,2020-06-01,2049.956834614864,0.04,3,MEDIUM,TP,2020-06-02,81.99827338459455
JPM,2020-05-29,2020-06-01,2020-06-03,2049.956834614864,0.04,3,MEDIUM,TP,2020-06-03,81.99827338459455
CRM,2020-05-29,2020-06-01,2020-06-05,2049.956834614864,-0.0200000000000001,4,HIGH,SL,2020-06-05,-40.99913669229748
NKE,2020-06-04,2020-06-05,2020-06-10,2090.955971307161,-0.02,3,MEDIUM,SL,2020-06-10,-41.81911942614322
NEE,2020-06-04,2020-06-05,2020-06-11,2090.955971307161,-0.02,5,HIGH,SL,2020-06-11,-41.81911942614322
LOW,2020-06-04,2020-06-05,2020-06-11,2090.955971307161,-0.02,3,MEDIUM,SL,2020-06-11,-41.81911942614322
UPS,2020-06-09,2020-06-10,2020-06-10,2082.592147421932,-0.02,4,HIGH,SL,2020-06-11,-41.65184294843864
CVX,2020-06-10,2020-06-11,2020-06-11,2057.5341310617873,-0.0199999999999999,5,HIGH,SL,2020-06-12,-41.15068262123554
DUK,2020-06-11,2020-06-12,2020-06-12,2049.30399453754,-0.0200000000000001,4,HIGH,SL,2020-06-13,-40.98607989075101
AMZN,2020-06-11,2020-06-12,2020-06-12,2049.30399453754,-0.02,3,MEDIUM,SL,2020-06-13,-40.9860798907508
TSLA,2020-06-12,2020-06-15,2020-06-15,2032.9095625812397,0.04,3,MEDIUM,TP,2020-06-16,81.31638250324959
BA,2020-06-19,2020-06-22,2020-06-24,2049.1728390818894,-0.02,3,MEDIUM,SL,2020-06-24,-40.98345678163779
DIS,2020-06-19,2020-06-22,2020-06-24,2049.1728390818894,-0.02,3,MEDIUM,SL,2020-06-24,-40.98345678163779
KO,2020-06-19,2020-06-22,2020-06-24,2049.1728390818894,-0.0199999999999999,3,MEDIUM,SL,2020-06-24,-40.983456781637585
MA,2020-06-19,2020-06-22,2020-06-24,2049.1728390818894,-0.02,3,MEDIUM,SL,2020-06-24,-40.98345678163779
NEE,2020-06-19,2020-06-22,2020-06-25,2049.1728390818885,-0.02,3,MEDIUM,SL,2020-06-25,-40.98345678163777
META,2020-06-24,2020-06-25,2020-06-26,2008.1893823002513,-0.02,4,HIGH,SL,2020-06-26,-40.16378764600503
AMT,2020-06-24,2020-06-25,2020-06-26,2008.1893823002513,-0.02,3,MEDIUM,SL,2020-06-26,-40.16378764600503
ADBE,2020-06-26,2020-06-29,2020-06-29,1992.1238672418494,-0.02,3,MEDIUM,SL,2020-06-30,-39.842477344836986
AMZN,2020-06-26,2020-06-29,2020-06-29,1959.9928371250453,-0.02,3,MEDIUM,SL,2020-06-30,-39.199856742500906
ABBV,2020-06-24,2020-06-25,2020-07-01,2008.1893823002513,0.04,3,MEDIUM,TP,2020-07-01,80.32757529201005
V,2020-06-24,2020-06-25,2020-07-02,2008.1893823002517,0.0239141874120327,3,MEDIUM,TIME,2020-07-02,48.0242172471824
AAPL,2020-06-26,2020-06-29,2020-07-02,1992.1238672418494,0.04,4,HIGH,TP,2020-07-02,79.68495468967397
AMD,2020-07-10,2020-07-13,2020-07-13,2017.9227498701553,-0.02,3,MEDIUM,SL,2020-07-14,-40.35845499740311
DIS,2020-07-13,2020-07-14,2020-07-15,2009.851058870675,0.04,4,HIGH,TP,2020-07-15,80.394042354827
AMZN,2020-07-13,2020-07-14,2020-07-14,2009.851058870675,-0.0199999999999999,3,MEDIUM,SL,2020-07-15,-40.1970211774133
MSFT,2020-07-13,2020-07-14,2020-07-17,2009.851058870675,-0.02,5,HIGH,SL,2020-07-17,-40.1970211774135
AMZN,2020-07-15,2020-07-16,2020-07-20,2017.8904631061575,0.04,4,HIGH,TP,2020-07-20,80.71561852424631
NVDA,2020-07-23,2020-07-24,2020-07-24,2025.994182575524,0.04,4,HIGH,TP,2020-07-25,81.03976730302097
AMD,2020-07-23,2020-07-24,2020-07-24,2025.9941825755232,0.04,3,MEDIUM,TP,2020-07-25,81.03976730302092
GS,2020-07-22,2020-07-23,2020-07-27,2025.994182575524,-0.0200000000000001,4,HIGH,SL,2020-07-27,-40.51988365151069
MS,2020-07-22,2020-07-23,2020-07-27,2025.994182575524,-0.02,4,HIGH,SL,2020-07-27,-40.51988365151048
ABBV,2020-07-21,2020-07-22,2020-07-29,2025.994182575524,-0.0080776483147316,3,MEDIUM,TIME,2020-07-29,-16.365268494537208
HON,2020-07-24,2020-07-27,2020-07-29,2042.202136036128,0.04,5,HIGH,TP,2020-07-29,81.68808544144512
MCD,2020-07-28,2020-07-29,2020-07-31,2055.26669942551,-0.0199999999999999,5,HIGH,SL,2020-07-31,-41.10533398851
AMT,2020-07-30,2020-07-31,2020-08-03,2047.0456326278077,-0.02,4,HIGH,SL,2020-08-03,-40.94091265255616
CAT,2020-07-30,2020-07-31,2020-08-07,2047.0456326278077,0.01880238778419,5,HIGH,TIME,2020-08-07,38.48934579660058
GOOGL,2020-07-31,2020-08-03,2020-08-10,2038.8574500972966,0.0039034137165725,4,HIGH,TIME,2020-08-10,7.958504136845819
CRM,2020-08-07,2020-08-10,2020-08-10,2048.1470200839863,-0.02,5,HIGH,SL,2020-08-11,-40.962940401679724
ADBE,2020-08-07,2020-08-10,2020-08-10,2048.1470200839863,-0.02,4,HIGH,SL,2020-08-11,-40.962940401679724
DUK,2020-08-10,2020-08-11,2020-08-13,2031.7618439233138,-0.02,3,MEDIUM,SL,2020-08-13,-40.63523687846628
AAPL,2020-08-11,2020-08-12,2020-08-13,2031.7618439233138,0.04,4,HIGH,TP,2020-08-13,81.27047375693256
NVDA,2020-08-11,2020-08-12,2020-08-12,2031.7618439233138,0.04,4,HIGH,TP,2020-08-13,81.27047375693256
META,2020-08-10,2020-08-11,2020-08-18,2031.7618439233138,0.0082630369279668,3,MEDIUM,TIME,2020-08-18,16.78852314517226
COST,2020-08-11,2020-08-12,2020-08-19,2031.7618439233138,0.0214232651922501,5,HIGH,TIME,2020-08-19,43.52697278986421
JPM,2020-08-17,2020-08-18,2020-08-20,2059.5006906794283,-0.0200000000000001,4,HIGH,SL,2020-08-20,-41.19001381358878
KO,2020-08-19,2020-08-20,2020-08-27,2059.968082474684,0.0203088318385411,4,HIGH,TIME,2020-08-27,41.83554537974032
NFLX,2020-08-27,2020-08-28,2020-08-31,2068.335191550632,-0.02,4,HIGH,SL,2020-08-31,-41.366703831012636
ADBE,2020-08-27,2020-08-28,2020-09-02,2068.335191550632,0.04,3,MEDIUM,TP,2020-09-02,82.73340766202527
LOW,2020-08-27,2020-08-28,2020-09-03,2068.335191550632,-0.02,4,HIGH,SL,2020-09-03,-41.366703831012636
META,2020-08-27,2020-08-28,2020-09-03,2068.335191550632,-0.02,3,MEDIUM,SL,2020-09-03,-41.366703831012636
MA,2020-08-31,2020-09-01,2020-09-03,2060.0618507844297,-0.02,4,HIGH,SL,2020-09-03,-41.2012370156886
PFE,2020-09-01,2020-09-02,2020-09-04,2076.6085323168345,-0.02,4,HIGH,SL,2020-09-04,-41.53217064633669
META,2020-09-03,2020-09-04,2020-09-04,2043.5151692520246,-0.02,4,HIGH,SL,2020-09-05,-40.87030338504049
ORCL,2020-09-03,2020-09-04,2020-09-04,2043.5151692520246,-0.02,4,HIGH,SL,2020-09-05,-40.87030338504049
V,2020-09-03,2020-09-04,2020-09-04,2043.5151692520246,-0.02,4,HIGH,SL,2020-09-05,-40.87030338504049
COST,2020-09-03,2020-09-04,2020-09-04,2043.5151692520246,-0.02,3,MEDIUM,SL,2020-09-05,-40.87030338504049
JNJ,2020-09-03,2020-09-04,2020-09-04,2043.5151692520233,-0.02,3,MEDIUM,SL,2020-09-05,-40.870303385040465
ADBE,2020-09-04,2020-09-08,2020-09-08,2002.6448658669842,-0.02,4,HIGH,SL,2020-09-09,-40.052897317339685
LOW,2020-09-04,2020-09-08,2020-09-09,2002.6448658669842,0.04,4,HIGH,TP,2020-09-09,80.10579463467937
MA,2020-09-04,2020-09-08,2020-09-09,2002.6448658669842,0.04,4,HIGH,TP,2020-09-09,80.10579463467937
BAC,2020-09-08,2020-09-09,2020-09-10,2026.6766042573881,-0.0199999999999999,3,MEDIUM,SL,2020-09-10,-40.53353208514756
GOOGL,2020-09-04,2020-09-08,2020-09-11,2002.6448658669842,-0.02,5,HIGH,SL,2020-09-11,-40.052897317339685
META,2020-09-04,2020-09-08,2020-09-11,2002.6448658669833,-0.02,4,HIGH,SL,2020-09-11,-40.052897317339664
AMZN,2020-09-10,2020-09-11,2020-09-11,2002.5487389134225,-0.0200000000000001,3,MEDIUM,SL,2020-09-12,-40.05097477826865
NVDA,2020-09-10,2020-09-11,2020-09-11,2002.5487389134225,-0.02,3,MEDIUM,SL,2020-09-12,-40.050974778268454
KO,2020-09-08,2020-09-09,2020-09-14,2026.6766042573881,0.04,4,HIGH,TP,2020-09-14,81.06706417029552
AVGO,2020-09-08,2020-09-09,2020-09-15,2026.6766042573881,0.04,4,HIGH,TP,2020-09-15,81.06706417029552
AMD,2020-09-11,2020-09-14,2020-09-15,2002.7417618361742,0.04,3,MEDIUM,TP,2020-09-15,80.10967047344697
CAT,2020-09-15,2020-09-16,2020-09-17,2034.9771087649228,0.04,5,HIGH,TP,2020-09-17,81.39908435059691
JPM,2020-09-15,2020-09-16,2020-09-18,2034.9771087649228,-0.0200000000000001,4,HIGH,SL,2020-09-18,-40.69954217529866
META,2020-09-16,2020-09-17,2020-09-17,2051.2569256350425,-0.02,3,MEDIUM,SL,2020-09-18,-41.02513851270085
GE,2020-09-18,2020-09-21,2020-09-21,2034.9119894974426,-0.02,3,MEDIUM,SL,2020-09-22,-40.69823978994885
KO,2020-09-21,2020-09-22,2020-09-24,2026.7723415394526,-0.02,4,HIGH,SL,2020-09-24,-40.53544683078905
MA,2020-09-21,2020-09-22,2020-09-24,2026.7723415394526,-0.02,3,MEDIUM,SL,2020-09-24,-40.53544683078905
LOW,2020-09-18,2020-09-21,2020-09-28,2034.9119894974426,0.0293761244365937,3,MEDIUM,TIME,2020-09-28,59.77782782099332
MRK,2020-09-21,2020-09-22,2020-09-29,2026.7723415394526,-0.0144403446720632,4,HIGH,TIME,2020-09-29,-29.26729118363429
LLY,2020-10-13,2020-10-14,2020-10-15,2016.6602701346085,-0.02,5,HIGH,SL,2020-10-15,-40.33320540269217
AAPL,2020-10-13,2020-10-14,2020-10-15,2016.6602701346085,-0.02,3,MEDIUM,SL,2020-10-15,-40.33320540269217
UNH,2020-10-14,2020-10-15,2020-10-16,2000.526987973532,0.04,5,HIGH,TP,2020-10-16,80.02107951894128
AMZN,2020-10-14,2020-10-15,2020-10-16,2000.526987973532,-0.02,3,MEDIUM,SL,2020-10-16,-40.01053975947064
NFLX,2020-10-14,2020-10-15,2020-10-16,2000.526987973532,-0.02,3,MEDIUM,SL,2020-10-16,-40.01053975947064
AMD,2020-10-09,2020-10-12,2020-10-19,2016.6602701346085,-0.0200000000000001,4,HIGH,SL,2020-10-19,-40.33320540269237
NFLX,2020-10-16,2020-10-19,2020-10-19,1992.4603468929936,-0.0199999999999999,4,HIGH,SL,2020-10-20,-39.84920693785967
MS,2020-10-21,2020-10-22,2020-10-23,1984.4905055054217,0.04,4,HIGH,TP,2020-10-23,79.37962022021686
BLK,2020-10-19,2020-10-20,2020-10-26,1984.4905055054217,-0.0199999999999999,5,HIGH,SL,2020-10-26,-39.68981011010823
CAT,2020-10-26,2020-10-27,2020-10-27,1992.4284675274434,-0.02,5,HIGH,SL,2020-10-28,-39.84856935054887
GOOGL,2020-10-26,2020-10-27,2020-10-28,1992.4284675274434,-0.0200000000000001,5,HIGH,SL,2020-10-28,-39.84856935054907
AVGO,2020-10-26,2020-10-27,2020-10-28,1992.428467527444,-0.02,4,HIGH,SL,2020-10-28,-39.84856935054888
BLK,2020-10-26,2020-10-27,2020-10-28,1992.428467527444,-0.02,4,HIGH,SL,2020-10-28,-39.84856935054888
HON,2020-10-26,2020-10-27,2020-10-28,1992.428467527443,-0.02,4,HIGH,SL,2020-10-28,-39.848569350548864
CAT,2020-10-27,2020-10-28,2020-10-28,1952.5798981768946,-0.0200000000000001,4,HIGH,SL,2020-10-29,-39.05159796353809
DUK,2020-10-28,2020-10-29,2020-11-03,1944.769578584187,0.04,3,MEDIUM,TP,2020-11-03,77.79078314336748
JPM,2020-11-04,2020-11-05,2020-11-09,1960.3277352128605,0.04,3,MEDIUM,TP,2020-11-09,78.41310940851442
NEE,2020-11-04,2020-11-05,2020-11-09,1960.3277352128605,0.04,3,MEDIUM,TP,2020-11-09,78.41310940851442
AMD,2020-11-09,2020-11-10,2020-11-10,1991.6929789762662,-0.02,3,MEDIUM,SL,2020-11-11,-39.833859579525324
MSFT,2020-11-09,2020-11-10,2020-11-10,1991.6929789762662,-0.02,3,MEDIUM,SL,2020-11-11,-39.833859579525324
MA,2020-11-10,2020-11-11,2020-11-12,1975.759435144456,-0.02,3,MEDIUM,SL,2020-11-12,-39.51518870288912
BA,2020-11-12,2020-11-13,2020-11-13,1967.856397403878,0.04,4,HIGH,TP,2020-11-14,78.71425589615512
DIS,2020-11-11,2020-11-12,2020-11-16,1967.856397403878,0.04,3,MEDIUM,TP,2020-11-16,78.71425589615512
BAC,2020-11-12,2020-11-13,2020-11-16,1967.856397403878,0.04,4,HIGH,TP,2020-11-16,78.71425589615512
META,2020-11-10,2020-11-11,2020-11-18,1975.759435144456,-0.0054851146948095,3,MEDIUM,TIME,2020-11-18,-10.837267111119372
DUK,2020-11-12,2020-11-13,2020-11-18,1959.9533596633,-0.02,4,HIGH,SL,2020-11-18,-39.199067193266
DUK,2020-11-17,2020-11-18,2020-11-18,2005.0776840806939,-0.0199999999999999,3,MEDIUM,SL,2020-11-19,-40.10155368161367
PFE,2020-11-16,2020-11-17,2020-11-24,2015.0849509415712,0.0030146045432539,4,HIGH,TIME,2020-11-24,6.074684248151023
CRM,2020-11-20,2020-11-23,2020-11-23,1971.009485010848,-0.02,3,MEDIUM,SL,2020-11-24,-39.42018970021696
WMT,2020-11-17,2020-11-18,2020-11-25,2005.0776840806939,0.013145617046099,3,MEDIUM,TIME,2020-11-25,26.357983382603873
HON,2020-11-18,2020-11-19,2020-11-27,1997.0573733443712,0.04,4,HIGH,TP,2020-11-27,79.88229493377484
UNH,2020-11-19,2020-11-20,2020-11-30,1997.0573733443712,0.0039999075477845,4,HIGH,TIME,2020-11-30,7.988044860998838
DUK,2020-11-30,2020-12-01,2020-12-04,2013.2339368894334,-0.0200000000000001,3,MEDIUM,SL,2020-12-04,-40.26467873778887
BLK,2020-11-30,2020-12-01,2020-12-08,2013.2339368894334,0.0110978191806714,5,HIGH,TIME,2020-12-08,22.342506199990147
HON,2020-11-30,2020-12-01,2020-12-08,2013.2339368894334,0.0240476304540677,5,HIGH,TIME,2020-12-08,48.41350573190495
MS,2020-11-30,2020-12-01,2020-12-08,2013.2339368894334,0.0125160114224467,5,HIGH,TIME,2020-12-08,25.197658950165486
COST,2020-12-03,2020-12-04,2020-12-11,2005.1810011418756,-0.0002930462090567,5,HIGH,TIME,2020-12-11,-0.5876106908571451
ADBE,2020-12-09,2020-12-10,2020-12-10,2024.3717353182874,-0.02,5,HIGH,SL,2020-12-11,-40.48743470636575
AMD,2020-12-09,2020-12-10,2020-12-14,2024.3717353182874,0.04,4,HIGH,TP,2020-12-14,80.9748694127315
AAPL,2020-12-09,2020-12-10,2020-12-15,2024.3717353182874,0.04,4,HIGH,TP,2020-12-15,80.9748694127315
ABBV,2020-12-14,2020-12-15,2020-12-15,2048.5466740039355,-0.02,4,HIGH,SL,2020-12-16,-40.97093348007871
COP,2020-12-14,2020-12-15,2020-12-15,2048.5466740039355,-0.02,4,HIGH,SL,2020-12-16,-40.97093348007871
CVX,2020-12-14,2020-12-15,2020-12-17,2048.5466740039355,-0.0200000000000001,3,MEDIUM,SL,2020-12-17,-40.97093348007892
MRK,2020-12-14,2020-12-15,2020-12-18,2048.5466740039355,-0.02,4,HIGH,SL,2020-12-18,-40.97093348007871
JNJ,2020-12-14,2020-12-15,2020-12-22,2048.5466740039355,0.0181339531423363,5,HIGH,TIME,2020-12-22,37.14824939627624
NKE,2020-12-18,2020-12-21,2020-12-22,2015.7699272198727,-0.02,5,HIGH,SL,2020-12-22,-40.31539854439745
AMD,2020-12-21,2020-12-22,2020-12-22,2015.1364973902485,-0.02,4,HIGH,SL,2020-12-23,-40.30272994780497
GS,2020-12-22,2020-12-23,2020-12-28,2007.0759514006875,0.04,4,HIGH,TP,2020-12-28,80.28303805602751
COP,2020-12-18,2020-12-21,2020-12-29,2015.7699272198727,-0.0086273078540969,3,MEDIUM,TIME,2020-12-29,-17.390667725156344
NFLX,2021-01-04,2021-01-05,2021-01-06,2019.6544254668618,-0.02,5,HIGH,SL,2021-01-06,-40.39308850933724
ADBE,2021-01-04,2021-01-05,2021-01-06,2019.6544254668618,-0.02,4,HIGH,SL,2021-01-06,-40.39308850933724
AVGO,2021-01-04,2021-01-05,2021-01-07,2019.6544254668618,0.04,5,HIGH,TP,2021-01-07,80.78617701867448
AMD,2021-01-06,2021-01-07,2021-01-07,2019.6544254668618,0.04,3,MEDIUM,TP,2021-01-08,80.78617701867448
AAPL,2021-01-04,2021-01-05,2021-01-12,2019.6544254668618,-0.0006985101043895,4,HIGH,TIME,2021-01-12,-1.4107490235635733
AMZN,2021-01-04,2021-01-05,2021-01-12,2019.6544254668618,-0.02,4,HIGH,SL,2021-01-12,-40.39308850933724
LLY,2021-01-12,2021-01-13,2021-01-13,2027.4508933640166,0.04,4,HIGH,TP,2021-01-14,81.09803573456067
AMD,2021-01-13,2021-01-14,2021-01-15,2043.6705005109288,-0.0200000000000001,4,HIGH,SL,2021-01-15,-40.873410010218784
GOOGL,2021-01-11,2021-01-12,2021-01-20,2027.4508933640166,0.04,4,HIGH,TP,2021-01-20,81.09803573456067
BAC,2021-01-15,2021-01-19,2021-01-21,2035.4958185088851,-0.02,5,HIGH,SL,2021-01-21,-40.7099163701777
GE,2021-01-15,2021-01-19,2021-01-21,2035.4958185088851,-0.02,4,HIGH,SL,2021-01-21,-40.7099163701777
GS,2021-01-19,2021-01-20,2021-01-20,2051.715425655797,-0.02,4,HIGH,SL,2021-01-21,-41.03430851311594
BLK,2021-01-15,2021-01-19,2021-01-25,2035.4958185088851,-0.0199999999999999,4,HIGH,SL,2021-01-25,-40.709916370177496
XOM,2021-01-21,2021-01-22,2021-01-26,2027.224597405103,-0.02,3,MEDIUM,SL,2021-01-26,-40.544491948102056
NFLX,2021-01-22,2021-01-25,2021-01-25,2019.0826141310674,-0.02,3,MEDIUM,SL,2021-01-26,-40.38165228262135
CVX,2021-01-21,2021-01-22,2021-01-27,2027.224597405103,-0.02,5,HIGH,SL,2021-01-27,-40.544491948102056
GS,2021-01-25,2021-01-26,2021-01-27,2002.8973852849224,-0.02,4,HIGH,SL,2021-01-27,-40.057947705698446
CAT,2021-01-25,2021-01-26,2021-01-27,2002.8973852849224,-0.02,3,MEDIUM,SL,2021-01-27,-40.057947705698446
MS,2021-01-25,2021-01-26,2021-01-26,2002.8973852849228,-0.02,3,MEDIUM,SL,2021-01-27,-40.05794770569846
HD,2021-01-27,2021-01-28,2021-01-29,1970.7537182718834,-0.02,4,HIGH,SL,2021-01-29,-39.41507436543767
MS,2021-01-27,2021-01-28,2021-01-29,1970.7537182718825,-0.02,3,MEDIUM,SL,2021-01-29,-39.41507436543765
AAPL,2021-01-28,2021-01-29,2021-01-29,1954.987688525708,-0.02,5,HIGH,SL,2021-01-30,-39.09975377051416
LOW,2021-01-27,2021-01-28,2021-02-01,1970.7537182718834,-0.02,4,HIGH,SL,2021-02-01,-39.41507436543767
AMZN,2021-01-27,2021-01-28,2021-02-02,1970.7537182718834,0.04,4,HIGH,TP,2021-02-02,78.83014873087534
JNJ,2021-01-29,2021-02-01,2021-02-02,1939.2847228985179,-0.02,4,HIGH,SL,2021-02-02,-38.78569445797036
JPM,2021-01-27,2021-01-28,2021-02-03,1970.7537182718834,0.04,3,MEDIUM,TP,2021-02-03,78.83014873087534
MSFT,2021-01-29,2021-02-01,2021-02-03,1907.941855763122,0.04,4,HIGH,TP,2021-02-03,76.31767423052489
ORCL,2021-01-28,2021-01-29,2021-02-05,1907.6895992871823,0.04,3,MEDIUM,TP,2021-02-05,76.30758397148729
AVGO,2021-02-03,2021-02-04,2021-02-11,1978.3231783453791,0.04,3,MEDIUM,TP,2021-02-11,79.13292713381517
NEE,2021-02-16,2021-02-17,2021-02-19,2009.4112805664395,-0.0200000000000001,3,MEDIUM,SL,2021-02-19,-40.188225611328996
AMZN,2021-02-19,2021-02-22,2021-02-23,2001.373635444174,-0.02,4,HIGH,SL,2021-02-23,-40.02747270888348
NKE,2021-02-19,2021-02-22,2021-02-22,2001.373635444174,-0.02,3,MEDIUM,SL,2021-02-23,-40.02747270888348
AVGO,2021-02-22,2021-02-23,2021-02-23,1985.3626463606206,-0.0200000000000001,5,HIGH,SL,2021-02-24,-39.707252927212615
NVDA,2021-02-22,2021-02-23,2021-02-23,1985.3626463606206,-0.02,5,HIGH,SL,2021-02-24,-39.707252927212416
BA,2021-02-22,2021-02-23,2021-02-23,1985.3626463606206,-0.02,4,HIGH,SL,2021-02-24,-39.707252927212416
LOW,2021-02-22,2021-02-23,2021-02-23,1985.3626463606206,-0.02,4,HIGH,SL,2021-02-24,-39.707252927212416
LOW,2021-02-23,2021-02-24,2021-02-24,1953.5968440188503,-0.02,4,HIGH,SL,2021-02-25,-39.07193688037701
CRM,2021-02-23,2021-02-24,2021-02-25,1953.5968440188503,-0.02,3,MEDIUM,SL,2021-02-25,-39.07193688037701
CRM,2021-02-25,2021-02-26,2021-02-26,1937.9680692666998,-0.02,3,MEDIUM,SL,2021-02-27,-38.759361385333996
MA,2021-02-25,2021-02-26,2021-02-26,1937.9680692666998,-0.02,3,MEDIUM,SL,2021-02-27,-38.759361385333996
MSFT,2021-02-22,2021-02-23,2021-03-02,1985.3626463606197,0.0153691154054815,4,HIGH,TIME,2021-03-02,30.51326763364852
BAC,2021-02-26,2021-03-01,2021-03-03,1922.464324712566,0.04,5,HIGH,TP,2021-03-03,76.89857298850264
CAT,2021-02-26,2021-03-01,2021-03-03,1875.9530910501658,-0.02,5,HIGH,SL,2021-03-03,-37.51906182100332
V,2021-02-25,2021-02-26,2021-03-04,1890.573492172779,-0.02,3,MEDIUM,SL,2021-03-04,-37.81146984345558
GOOGL,2021-02-25,2021-02-26,2021-03-05,1937.9680692666998,0.0330647528668703,3,MEDIUM,TIME,2021-03-05,64.07843527418922
AVGO,2021-03-03,2021-03-04,2021-03-04,1928.8805865041047,-0.02,4,HIGH,SL,2021-03-05,-38.5776117300821
MA,2021-03-04,2021-03-05,2021-03-05,1933.9807512129257,-0.02,4,HIGH,SL,2021-03-06,-38.67961502425852
BAC,2021-03-09,2021-03-10,2021-03-12,1926.244828208074,0.04,4,HIGH,TP,2021-03-12,77.04979312832296
DIS,2021-03-09,2021-03-10,2021-03-16,1926.244828208074,-0.02,3,MEDIUM,SL,2021-03-16,-38.52489656416148
META,2021-03-12,2021-03-15,2021-03-16,1941.6547868337389,0.04,3,MEDIUM,TP,2021-03-16,77.66619147334956
UPS,2021-03-15,2021-03-16,2021-03-18,1949.4830458155766,-0.02,5,HIGH,SL,2021-03-18,-38.989660916311536
BA,2021-03-18,2021-03-19,2021-03-19,1941.6851136323141,-0.02,4,HIGH,SL,2021-03-20,-38.833702272646285
MA,2021-03-18,2021-03-19,2021-03-19,1941.6851136323141,-0.02,4,HIGH,SL,2021-03-20,-38.833702272646285
PLD,2021-03-17,2021-03-18,2021-03-23,1941.6851136323141,0.04,3,MEDIUM,TP,2021-03-23,77.66740454529257
CAT,2021-03-19,2021-03-22,2021-03-23,1926.151632723256,-0.02,4,HIGH,SL,2021-03-23,-38.52303265446512
CAT,2021-03-23,2021-03-24,2021-03-25,1933.9805071014214,-0.0200000000000001,4,HIGH,SL,2021-03-25,-38.67961014202862
MA,2021-03-19,2021-03-22,2021-03-29,1926.151632723256,0.0195818491646375,3,MEDIUM,TIME,2021-03-29,37.71761074020704
JPM,2021-03-22,2021-03-23,2021-03-30,1933.9805071014214,0.0276061845861184,3,MEDIUM,TIME,2021-03-30,53.3898228649967
MS,2021-03-29,2021-03-30,2021-04-07,1944.4660717940562,0.0047032496469343,3,MEDIUM,TIME,2021-04-07,9.14530936564112
TSLA,2021-04-14,2021-04-15,2021-04-15,1946.2951336671847,-0.02,3,MEDIUM,SL,2021-04-16,-38.92590267334369
BAC,2021-04-15,2021-04-16,2021-04-20,1938.5099531325159,-0.0199999999999999,4,HIGH,SL,2021-04-20,-38.77019906265012
NFLX,2021-04-14,2021-04-15,2021-04-21,1946.2951336671847,-0.02,5,HIGH,SL,2021-04-21,-38.92590267334369
NVDA,2021-04-19,2021-04-20,2021-04-20,1930.755913319986,-0.02,4,HIGH,SL,2021-04-21,-38.61511826639972
TSLA,2021-04-19,2021-04-20,2021-04-21,1930.755913319986,-0.02,4,HIGH,SL,2021-04-21,-38.61511826639972
LOW,2021-04-19,2021-04-20,2021-04-22,1930.755913319986,-0.0199999999999999,4,HIGH,SL,2021-04-22,-38.61511826639953
GE,2021-04-20,2021-04-21,2021-04-22,1907.524685478757,0.04,4,HIGH,TP,2021-04-22,76.30098741915027
ORCL,2021-04-21,2021-04-22,2021-04-23,1915.0618593093075,-0.0199999999999999,5,HIGH,SL,2021-04-23,-38.30123718618596
GS,2021-04-20,2021-04-21,2021-04-26,1907.5246854787574,0.04,5,HIGH,TP,2021-04-26,76.3009874191503
CAT,2021-04-20,2021-04-21,2021-04-28,1907.5246854787574,0.0265268178046684,3,MEDIUM,TIME,2021-04-28,50.60055978960239
NEE,2021-04-21,2021-04-22,2021-04-28,1915.0618593093075,-0.02,5,HIGH,SL,2021-04-28,-38.30123718618615
ORCL,2021-04-22,2021-04-23,2021-04-30,1907.4016118720701,0.0201910273281566,5,HIGH,TIME,2021-04-30,38.51239807107891
PFE,2021-04-22,2021-04-23,2021-04-30,1899.495217221458,0.0005178311798734,5,HIGH,TIME,2021-04-30,0.9836178494976678
HON,2021-04-23,2021-04-26,2021-04-30,1922.6618093559002,-0.02,5,HIGH,SL,2021-04-30,-38.45323618711801
MSFT,2021-04-28,2021-04-29,2021-04-29,1925.1216738765834,-0.02,4,HIGH,SL,2021-04-30,-38.50243347753167
CAT,2021-04-29,2021-04-30,2021-05-05,1917.6297431277687,0.04,4,HIGH,TP,2021-05-05,76.70518972511076
XOM,2021-04-30,2021-05-03,2021-05-05,1917.6297431277687,0.04,4,HIGH,TP,2021-05-05,76.70518972511076
AMZN,2021-05-03,2021-05-04,2021-05-04,1917.6297431277687,-0.02,5,HIGH,SL,2021-05-05,-38.35259486255538
CRM,2021-05-03,2021-05-04,2021-05-04,1910.1378123789539,-0.0200000000000001,4,HIGH,SL,2021-05-05,-38.20275624757927
GE,2021-04-28,2021-04-29,2021-05-06,1925.1216738765834,0.0022762439640162,3,MEDIUM,TIME,2021-05-06,4.382046590158336
ADBE,2021-05-04,2021-05-05,2021-05-05,1933.0007487957862,-0.02,4,HIGH,SL,2021-05-06,-38.66001497591572
AMZN,2021-05-04,2021-05-05,2021-05-05,1933.0007487957862,-0.0199999999999999,3,MEDIUM,SL,2021-05-06,-38.66001497591553
NVDA,2021-05-04,2021-05-05,2021-05-05,1933.0007487957862,-0.02,3,MEDIUM,SL,2021-05-06,-38.66001497591572
AAPL,2021-05-04,2021-05-05,2021-05-11,1933.0007487957862,-0.02,4,HIGH,SL,2021-05-11,-38.66001497591572
MSFT,2021-05-10,2021-05-11,2021-05-12,1902.9491461330852,-0.02,3,MEDIUM,SL,2021-05-12,-38.058982922661706
PLD,2021-05-05,2021-05-06,2021-05-13,1910.6811491282683,0.0015000879942388,4,HIGH,TIME,2021-05-13,2.8661898526257095
GS,2021-05-11,2021-05-12,2021-05-12,1895.337349548553,-0.0199999999999999,5,HIGH,SL,2021-05-13,-37.90674699097087
HD,2021-05-11,2021-05-12,2021-05-12,1872.3817533843044,-0.0200000000000001,5,HIGH,SL,2021-05-13,-37.44763506768628
BLK,2021-05-12,2021-05-13,2021-05-14,1880.8397111073464,0.04,3,MEDIUM,TP,2021-05-14,75.23358844429386
DUK,2021-05-12,2021-05-13,2021-05-17,1880.8397111073464,0.04,3,MEDIUM,TP,2021-05-17,75.23358844429386
V,2021-05-10,2021-05-11,2021-05-18,1902.9491461330852,0.0096434061226271,4,HIGH,TIME,2021-05-18,18.350911446867805
CVX,2021-05-11,2021-05-12,2021-05-19,1895.3373495485525,-0.0200000000000001,5,HIGH,SL,2021-05-19,-37.90674699097124
LOW,2021-05-17,2021-05-18,2021-05-19,1914.6033287744376,-0.02,3,MEDIUM,SL,2021-05-19,-38.292066575488754
GOOGL,2021-05-12,2021-05-13,2021-05-20,1844.2326376404017,0.0363098983321723,3,MEDIUM,TIME,2021-05-20,66.96389957359693
CVX,2021-05-18,2021-05-19,2021-05-26,1899.3635660611458,0.0028898507200574,4,HIGH,TIME,2021-05-26,5.488877169032593
COP,2021-05-19,2021-05-20,2021-05-27,1912.756345975865,-0.0021563925841372,4,HIGH,TIME,2021-05-27,-4.1246535997237235
XOM,2021-05-19,2021-05-20,2021-05-27,1912.7563459758655,-0.0066156226290488,4,HIGH,TIME,2021-05-27,-12.654074166294631
ABBV,2021-05-27,2021-05-28,2021-06-02,1910.4983758564683,-0.02,4,HIGH,SL,2021-06-02,-38.209967517129364
GE,2021-05-28,2021-06-01,2021-06-03,1910.4983758564683,-0.02,3,MEDIUM,SL,2021-06-03,-38.209967517129364
COST,2021-05-28,2021-06-01,2021-06-08,1910.4983758564683,-0.0006054962471336,4,HIGH,TIME,2021-06-08,-1.1567995967359295
JNJ,2021-06-01,2021-06-02,2021-06-09,1902.8563823530421,0.0017541012303183,4,HIGH,TIME,2021-06-09,3.3378027214045005
AVGO,2021-06-07,2021-06-08,2021-06-15,1894.9830289302693,0.0057473281028119,5,HIGH,TIME,2021-06-15,10.891089216522552
GS,2021-06-10,2021-06-11,2021-06-15,1895.6505894745505,-0.02,5,HIGH,SL,2021-06-15,-37.91301178949101
ORCL,2021-06-10,2021-06-11,2021-06-16,1895.6505894745505,-0.0200000000000001,5,HIGH,SL,2021-06-16,-37.9130117894912
CVX,2021-06-17,2021-06-18,2021-06-18,1882.6636026020585,-0.02,4,HIGH,SL,2021-06-19,-37.653272052041174
GS,2021-06-17,2021-06-18,2021-06-18,1882.6636026020585,-0.02,4,HIGH,SL,2021-06-19,-37.653272052041174
MS,2021-06-17,2021-06-18,2021-06-18,1882.6636026020572,-0.0200000000000001,4,HIGH,SL,2021-06-19,-37.65327205204133
COP,2021-06-17,2021-06-18,2021-06-21,1882.6636026020585,0.04,5,HIGH,TP,2021-06-21,75.30654410408235
XOM,2021-06-17,2021-06-18,2021-06-22,1882.6636026020585,0.04,5,HIGH,TP,2021-06-22,75.30654410408235
COP,2021-06-18,2021-06-21,2021-06-22,1867.602293781242,0.04,3,MEDIUM,TP,2021-06-22,74.70409175124968
META,2021-06-18,2021-06-21,2021-06-24,1875.1329481916503,0.04,4,HIGH,TP,2021-06-24,75.00531792766601
AMD,2021-06-21,2021-06-22,2021-06-24,1905.1350753627169,0.04,3,MEDIUM,TP,2021-06-24,76.20540301450868
PEP,2021-06-18,2021-06-21,2021-06-28,1875.1329481916503,0.0088511552916112,4,HIGH,TIME,2021-06-28,16.597092916861037
PLD,2021-06-18,2021-06-21,2021-06-28,1875.1329481916503,0.0138379024307542,4,HIGH,TIME,2021-06-28,25.947906781768527
BA,2021-06-28,2021-06-29,2021-06-29,1943.8862194908777,-0.02,4,HIGH,SL,2021-06-30,-38.87772438981755
COP,2021-07-06,2021-07-07,2021-07-07,1936.110674612914,-0.02,4,HIGH,SL,2021-07-08,-38.72221349225828
BLK,2021-07-08,2021-07-09,2021-07-14,1928.3662319144623,-0.0199999999999999,5,HIGH,SL,2021-07-14,-38.56732463828905
NVDA,2021-07-08,2021-07-09,2021-07-15,1928.3662319144623,-0.02,4,HIGH,SL,2021-07-15,-38.56732463828925
BLK,2021-07-14,2021-07-15,2021-07-19,1912.939302059147,-0.0199999999999999,5,HIGH,SL,2021-07-19,-38.258786041182745
ORCL,2021-07-15,2021-07-16,2021-07-21,1912.939302059147,0.04,5,HIGH,TP,2021-07-21,76.51757208236587
CRM,2021-07-15,2021-07-16,2021-07-22,1912.939302059147,0.04,3,MEDIUM,TP,2021-07-22,76.51757208236587
LLY,2021-07-15,2021-07-16,2021-07-23,1912.939302059147,0.04,5,HIGH,TP,2021-07-23,76.51757208236587
AAPL,2021-07-19,2021-07-20,2021-07-26,1905.2875448509105,0.04,5,HIGH,TP,2021-07-26,76.21150179403642
V,2021-07-19,2021-07-20,2021-07-26,1882.3322732262006,0.04,5,HIGH,TP,2021-07-26,75.29329092904803
NFLX,2021-07-21,2021-07-22,2021-07-29,1935.894573683857,0.0079182950028071,4,HIGH,TIME,2021-07-29,15.328984328762267
LOW,2021-07-27,2021-07-28,2021-08-04,1981.499046644947,-0.0194661426139838,4,HIGH,TIME,2021-08-04,-38.572143031463476
MA,2021-08-02,2021-08-03,2021-08-03,1984.5648435106993,-0.02,4,HIGH,SL,2021-08-04,-39.69129687021399
V,2021-08-02,2021-08-03,2021-08-03,1984.564843510699,-0.02,4,HIGH,SL,2021-08-04,-39.69129687021398
ABBV,2021-07-30,2021-08-02,2021-08-05,1984.5648435106993,-0.02,4,HIGH,SL,2021-08-05,-39.69129687021399
AMD,2021-08-09,2021-08-10,2021-08-10,1953.035636782278,-0.02,4,HIGH,SL,2021-08-11,-39.06071273564556
UNH,2021-08-05,2021-08-06,2021-08-13,1953.035636782278,-0.0056796233837601,4,HIGH,TIME,2021-08-13,-11.092506871985425
PFE,2021-08-11,2021-08-12,2021-08-13,1945.223494235149,0.04,4,HIGH,TP,2021-08-13,77.80893976940597
TSLA,2021-08-17,2021-08-18,2021-08-23,1958.5667808146334,0.04,3,MEDIUM,TP,2021-08-23,78.34267123258533
PFE,2021-08-18,2021-08-19,2021-08-23,1958.5667808146334,0.04,3,MEDIUM,TP,2021-08-23,78.34267123258533
AAPL,2021-08-18,2021-08-19,2021-08-24,1958.5667808146334,0.04,4,HIGH,TP,2021-08-24,78.34267123258533
PFE,2021-08-24,2021-08-25,2021-08-25,2005.5723835541846,-0.0200000000000001,4,HIGH,SL,2021-08-26,-40.111447671083894
NEE,2021-08-23,2021-08-24,2021-08-31,2005.5723835541846,0.0017128654725766,5,HIGH,TIME,2021-08-31,3.4352756885431166
PLD,2021-09-09,2021-09-10,2021-09-14,1998.2371491576764,-0.02,5,HIGH,SL,2021-09-14,-39.96474298315353
AAPL,2021-09-10,2021-09-13,2021-09-14,1998.2371491576764,-0.02,4,HIGH,SL,2021-09-14,-39.96474298315353
ADBE,2021-09-13,2021-09-14,2021-09-20,1982.2512519644151,-0.0199999999999999,4,HIGH,SL,2021-09-20,-39.64502503928811
BAC,2021-09-14,2021-09-15,2021-09-20,1982.2512519644151,-0.02,4,HIGH,SL,2021-09-20,-39.645025039288306
MS,2021-09-14,2021-09-15,2021-09-20,1982.2512519644151,-0.0200000000000001,4,HIGH,SL,2021-09-20,-39.645025039288505
META,2021-09-17,2021-09-20,2021-09-20,1958.4642369408423,-0.02,4,HIGH,SL,2021-09-21,-39.16928473881685
COP,2021-09-20,2021-09-21,2021-09-22,1950.630379993079,0.04,5,HIGH,TP,2021-09-22,78.02521519972316
ADBE,2021-09-20,2021-09-21,2021-09-22,1950.630379993079,-0.02,4,HIGH,SL,2021-09-22,-39.01260759986158
NVDA,2021-09-20,2021-09-21,2021-09-21,1942.7965230453149,-0.02,4,HIGH,SL,2021-09-22,-38.8559304609063
NEE,2021-09-17,2021-09-20,2021-09-27,1958.4642369408423,-0.02,4,HIGH,SL,2021-09-27,-39.16928473881685
AVGO,2021-09-20,2021-09-21,2021-09-28,1950.630379993079,-0.0050051000342025,4,HIGH,TIME,2021-09-28,-9.763100181619796
HD,2021-09-28,2021-09-29,2021-10-01,1940.8752384367826,-0.02,4,HIGH,SL,2021-10-01,-38.81750476873565
AVGO,2021-09-28,2021-09-29,2021-10-01,1940.8752384367826,-0.0200000000000001,3,MEDIUM,SL,2021-10-01,-38.81750476873585
COST,2021-09-28,2021-09-29,2021-10-01,1940.8752384367826,-0.02,3,MEDIUM,SL,2021-10-01,-38.81750476873565
LOW,2021-09-28,2021-09-29,2021-10-01,1940.8752384367817,-0.0199999999999999,3,MEDIUM,SL,2021-10-01,-38.81750476873544
CRM,2021-09-28,2021-09-29,2021-10-04,1940.8752384367826,-0.0199999999999999,4,HIGH,SL,2021-10-04,-38.81750476873546
LOW,2021-09-30,2021-10-01,2021-10-08,1909.8212346217938,0.0119279014782707,4,HIGH,TIME,2021-10-08,22.78015952767807
JPM,2021-10-11,2021-10-12,2021-10-13,1906.6137655735824,-0.02,4,HIGH,SL,2021-10-13,-38.13227531147165
JPM,2021-10-13,2021-10-14,2021-10-18,1898.9873105112883,0.04,4,HIGH,TP,2021-10-18,75.95949242045154
NFLX,2021-10-20,2021-10-21,2021-10-22,1914.1792089953788,0.04,4,HIGH,TP,2021-10-22,76.56716835981516
UPS,2021-10-27,2021-10-28,2021-11-02,1929.492642667342,-0.0200000000000001,3,MEDIUM,SL,2021-11-02,-38.58985285334703
AMZN,2021-10-29,2021-11-01,2021-11-01,1929.492642667341,-0.02,5,HIGH,SL,2021-11-02,-38.58985285334682
LLY,2021-11-01,2021-11-02,2021-11-03,1867.7488781019856,0.04,4,HIGH,TP,2021-11-03,74.70995512407943
AVGO,2021-10-27,2021-10-28,2021-11-04,1929.492642667342,0.04,4,HIGH,TP,2021-11-04,77.17970570669368
GE,2021-10-27,2021-10-28,2021-11-04,1929.492642667342,0.0176032803139201,4,HIGH,TIME,2021-11-04,33.96539985251969
XOM,2021-10-27,2021-10-28,2021-11-04,1929.492642667342,0.0092447291133184,4,HIGH,TIME,2021-11-04,17.837636807600433
COP,2021-11-02,2021-11-03,2021-11-05,1928.9986925508188,0.04,3,MEDIUM,TP,2021-11-05,77.15994770203275
NFLX,2021-11-04,2021-11-05,2021-11-05,1970.227230564588,-0.02,5,HIGH,SL,2021-11-06,-39.40454461129176
GOOGL,2021-11-01,2021-11-02,2021-11-08,1914.056701526003,0.04,5,HIGH,TP,2021-11-08,76.56226806104013
BAC,2021-11-04,2021-11-05,2021-11-09,1970.227230564588,-0.02,5,HIGH,SL,2021-11-09,-39.40454461129176
GS,2021-11-04,2021-11-05,2021-11-09,1970.2272305645884,-0.02,5,HIGH,SL,2021-11-09,-39.40454461129177
LLY,2021-11-05,2021-11-08,2021-11-09,1977.6587752545377,-0.02,3,MEDIUM,SL,2021-11-09,-39.553175505090756
NKE,2021-11-08,2021-11-09,2021-11-10,1953.986322309003,-0.02,5,HIGH,SL,2021-11-10,-39.07972644618006
NFLX,2021-11-05,2021-11-08,2021-11-12,1977.6587752545377,0.04,4,HIGH,TP,2021-11-12,79.10635101018151
PEP,2021-11-08,2021-11-09,2021-11-16,1953.986322309003,0.0061610849361017,5,HIGH,TIME,2021-11-16,12.038675695726761
ADBE,2021-11-10,2021-11-11,2021-11-18,1946.1703770197666,0.04,5,HIGH,TP,2021-11-18,77.84681508079066
CRM,2021-11-10,2021-11-11,2021-11-18,1946.1703770197666,0.0049420852404848,5,HIGH,TIME,2021-11-18,9.618139895738128
NKE,2021-11-10,2021-11-11,2021-11-18,1906.8660334957601,0.0103183928890939,5,HIGH,TIME,2021-11-18,19.675792920477342
BA,2021-11-16,2021-11-17,2021-11-17,1964.3993823609483,-0.02,4,HIGH,SL,2021-11-18,-39.28798764721897
MA,2021-11-17,2021-11-18,2021-11-18,1977.969934410906,-0.0199999999999999,5,HIGH,SL,2021-11-19,-39.559398688217925
NVDA,2021-11-17,2021-11-18,2021-11-18,1977.969934410906,-0.02,3,MEDIUM,SL,2021-11-19,-39.559398688218124
CVX,2021-11-19,2021-11-22,2021-11-23,1962.146174935619,0.04,4,HIGH,TP,2021-11-23,78.48584699742476
ADBE,2021-11-22,2021-11-23,2021-11-23,1977.843344335104,-0.0200000000000001,3,MEDIUM,SL,2021-11-24,-39.55686688670228
MRK,2021-11-19,2021-11-22,2021-11-26,1962.146174935619,-0.0200000000000001,4,HIGH,SL,2021-11-26,-39.24292349871258
AMZN,2021-11-22,2021-11-23,2021-11-26,1977.843344335104,-0.02,4,HIGH,SL,2021-11-26,-39.55686688670208
UNH,2021-11-19,2021-11-22,2021-11-30,1962.146174935619,0.0031614331484044,4,HIGH,TIME,2021-11-30,6.203193959456364
BAC,2021-11-26,2021-11-29,2021-11-29,1954.1720128806808,-0.0200000000000001,3,MEDIUM,SL,2021-11-30,-39.083440257613816
CVX,2021-11-26,2021-11-29,2021-11-30,1922.5265193713187,-0.02,3,MEDIUM,SL,2021-11-30,-38.450530387426376
AVGO,2021-11-22,2021-11-23,2021-12-01,1977.843344335104,0.0042360221469577,5,HIGH,TIME,2021-12-01,8.378188209816384
LLY,2021-11-29,2021-11-30,2021-11-30,1939.905857543564,-0.02,4,HIGH,SL,2021-12-01,-38.798117150871285
PFE,2021-11-29,2021-11-30,2021-11-30,1939.905857543564,0.04,3,MEDIUM,TP,2021-12-01,77.59623430174257
COST,2021-11-30,2021-12-01,2021-12-01,1949.3411186157014,-0.02,5,HIGH,SL,2021-12-02,-38.98682237231403
BLK,2021-11-30,2021-12-01,2021-12-01,1949.3411186157014,-0.02,4,HIGH,SL,2021-12-02,-38.98682237231403
PLD,2021-11-26,2021-11-29,2021-12-03,1954.1720128806808,0.04,4,HIGH,TP,2021-12-03,78.16688051522723
LLY,2021-11-30,2021-12-01,2021-12-03,1944.5102243507217,-0.02,4,HIGH,SL,2021-12-03,-38.89020448701444
NEE,2021-11-30,2021-12-01,2021-12-07,1949.3411186157014,0.04,5,HIGH,TP,2021-12-07,77.97364474462806
AMD,2021-12-06,2021-12-07,2021-12-07,1957.1964538213442,-0.0199999999999999,3,MEDIUM,SL,2021-12-08,-39.14392907642669
NVDA,2021-12-06,2021-12-07,2021-12-07,1957.1964538213442,0.04,3,MEDIUM,TP,2021-12-08,78.28785815285377
AAPL,2021-12-13,2021-12-14,2021-12-16,1965.0252396366295,-0.02,3,MEDIUM,SL,2021-12-16,-39.30050479273259
MSFT,2021-12-14,2021-12-15,2021-12-17,1965.0252396366295,-0.02,4,HIGH,SL,2021-12-17,-39.30050479273259
HD,2021-12-16,2021-12-17,2021-12-17,1933.5848358024423,-0.02,3,MEDIUM,SL,2021-12-18,-38.67169671604885
AVGO,2021-12-16,2021-12-17,2021-12-20,1949.3050377195364,0.04,4,HIGH,TP,2021-12-20,77.97220150878145
COST,2021-12-14,2021-12-15,2021-12-22,1965.0252396366295,0.0063343361772194,3,MEDIUM,TIME,2021-12-22,12.447130464579523
AAPL,2021-12-16,2021-12-17,2021-12-23,1949.3050377195364,0.04,5,HIGH,TP,2021-12-23,77.97220150878145
MSFT,2021-12-16,2021-12-17,2021-12-23,1949.3050377195364,0.04,4,HIGH,TP,2021-12-23,77.97220150878145
JNJ,2021-12-17,2021-12-20,2021-12-28,1957.1651386780825,0.0151362787864601,5,HIGH,TIME,2021-12-28,29.624197170172298
PEP,2021-12-17,2021-12-20,2021-12-28,1957.1651386780825,0.0311080989843399,5,HIGH,TIME,2021-12-28,60.88368686269711
PFE,2021-12-21,2021-12-22,2021-12-28,1959.6545647709988,-0.02,4,HIGH,SL,2021-12-28,-39.193091295419975
AMT,2022-01-03,2022-01-04,2022-01-05,2001.1064039220012,-0.02,5,HIGH,SL,2022-01-05,-40.022128078440026
PLD,2022-01-03,2022-01-04,2022-01-04,2001.1064039220012,-0.02,5,HIGH,SL,2022-01-05,-40.022128078440026
UNH,2022-01-04,2022-01-05,2022-01-06,1985.0975526906252,-0.02,5,HIGH,SL,2022-01-06,-39.70195105381251
AMD,2022-01-04,2022-01-05,2022-01-05,1985.0975526906252,-0.0200000000000001,4,HIGH,SL,2022-01-06,-39.70195105381271
PLD,2022-01-04,2022-01-05,2022-01-05,1985.0975526906252,-0.02,4,HIGH,SL,2022-01-06,-39.70195105381251
PFE,2022-01-04,2022-01-05,2022-01-06,1985.0975526906252,-0.02,3,MEDIUM,SL,2022-01-06,-39.70195105381251
COST,2022-01-05,2022-01-06,2022-01-07,1953.3359918475753,-0.02,4,HIGH,SL,2022-01-07,-39.066719836951506
MS,2022-01-05,2022-01-06,2022-01-06,1953.3359918475753,-0.02,4,HIGH,SL,2022-01-07,-39.066719836951506
GS,2022-01-05,2022-01-06,2022-01-06,1953.3359918475753,-0.02,3,MEDIUM,SL,2022-01-07,-39.066719836951506
PLD,2022-01-05,2022-01-06,2022-01-07,1953.3359918475753,-0.02,3,MEDIUM,SL,2022-01-07,-39.066719836951506
LOW,2022-01-07,2022-01-10,2022-01-10,1922.082615978014,-0.02,4,HIGH,SL,2022-01-11,-38.44165231956028
V,2022-01-10,2022-01-11,2022-01-13,1914.3942855141022,0.04,4,HIGH,TP,2022-01-13,76.5757714205641
UPS,2022-01-10,2022-01-11,2022-01-14,1914.3942855141022,-0.02,5,HIGH,SL,2022-01-14,-38.28788571028205
MS,2022-01-12,2022-01-13,2022-01-14,1929.7094397982146,-0.02,5,HIGH,SL,2022-01-14,-38.59418879596429
BAC,2022-01-18,2022-01-19,2022-01-19,1914.3330248969655,-0.02,4,HIGH,SL,2022-01-20,-38.28666049793931
BA,2022-01-19,2022-01-20,2022-01-21,1906.6756927973777,-0.02,5,HIGH,SL,2022-01-21,-38.133513855947555
CAT,2022-01-19,2022-01-20,2022-01-20,1906.6756927973781,-0.02,5,HIGH,SL,2022-01-21,-38.13351385594756
GE,2022-01-19,2022-01-20,2022-01-20,1906.6756927973781,-0.02,4,HIGH,SL,2022-01-21,-38.13351385594756
CAT,2022-01-20,2022-01-21,2022-01-21,1883.7955844838093,-0.0200000000000001,4,HIGH,SL,2022-01-22,-37.675911689676376
COP,2022-01-21,2022-01-24,2022-01-24,1876.2604021458737,-0.02,5,HIGH,SL,2022-01-25,-37.52520804291748
MA,2022-01-21,2022-01-24,2022-01-24,1876.2604021458737,-0.02,3,MEDIUM,SL,2022-01-25,-37.52520804291748
DUK,2022-01-18,2022-01-19,2022-01-26,1914.3330248969655,0.0006870086825339,4,HIGH,TIME,2022-01-26,1.3151634093655997
CVX,2022-01-28,2022-01-31,2022-02-01,1861.5133516105802,0.04,5,HIGH,TP,2022-02-01,74.46053406442321
MRK,2022-02-03,2022-02-04,2022-02-08,1876.4054584234648,-0.02,3,MEDIUM,SL,2022-02-08,-37.5281091684693
MA,2022-02-04,2022-02-07,2022-02-07,1876.4054584234648,-0.02,4,HIGH,SL,2022-02-08,-37.5281091684693
XOM,2022-02-08,2022-02-09,2022-02-10,1861.3942147560772,-0.02,3,MEDIUM,SL,2022-02-10,-37.22788429512155
BAC,2022-02-11,2022-02-14,2022-02-14,1853.9486378970528,-0.02,4,HIGH,SL,2022-02-15,-37.07897275794106
BA,2022-02-11,2022-02-14,2022-02-18,1853.9486378970528,-0.0199999999999999,4,HIGH,SL,2022-02-18,-37.07897275794087
COP,2022-02-22,2022-02-23,2022-02-24,1839.1170487938766,-0.02,3,MEDIUM,SL,2022-02-24,-36.78234097587753
KO,2022-03-07,2022-03-08,2022-03-08,1831.7605805987014,-0.02,3,MEDIUM,SL,2022-03-09,-36.63521161197403
COP,2022-03-08,2022-03-09,2022-03-09,1824.4335382763065,-0.02,3,MEDIUM,SL,2022-03-10,-36.48867076552613
NEE,2022-03-08,2022-03-09,2022-03-09,1824.4335382763065,-0.02,3,MEDIUM,SL,2022-03-10,-36.48867076552613
COP,2022-03-09,2022-03-10,2022-03-14,1809.838069970096,-0.02,4,HIGH,SL,2022-03-14,-36.19676139940192
JNJ,2022-03-08,2022-03-09,2022-03-16,1824.4335382763065,0.04,3,MEDIUM,TP,2022-03-16,72.97734153105226
NVDA,2022-03-23,2022-03-24,2022-03-24,1817.194185996426,0.04,4,HIGH,TP,2022-03-25,72.68776743985704
COP,2022-03-29,2022-03-30,2022-04-01,1831.7317394843974,-0.02,4,HIGH,SL,2022-04-01,-36.63463478968795
UPS,2022-03-31,2022-04-01,2022-04-01,1824.4048125264596,-0.02,5,HIGH,SL,2022-04-02,-36.488096250529196
UNH,2022-03-31,2022-04-01,2022-04-06,1824.4048125264596,0.04,5,HIGH,TP,2022-04-06,72.97619250105839
GOOGL,2022-03-31,2022-04-01,2022-04-06,1824.4048125264596,-0.02,4,HIGH,SL,2022-04-06,-36.488096250529196
V,2022-04-06,2022-04-07,2022-04-07,1824.4048125264592,-0.02,5,HIGH,SL,2022-04-08,-36.48809625052918
AMZN,2022-04-06,2022-04-07,2022-04-07,1824.4048125264592,-0.0200000000000001,4,HIGH,SL,2022-04-08,-36.48809625052937
GOOGL,2022-04-06,2022-04-07,2022-04-08,1824.4048125264592,-0.02,4,HIGH,SL,2022-04-08,-36.48809625052918
MSFT,2022-04-06,2022-04-07,2022-04-11,1824.4048125264592,-0.0200000000000001,4,HIGH,SL,2022-04-11,-36.48809625052937
CAT,2022-04-05,2022-04-06,2022-04-13,1824.4048125264592,0.0146430674545252,3,MEDIUM,TIME,2022-04-13,26.71488273418534
ABBV,2022-04-11,2022-04-12,2022-04-13,1795.2143355260357,-0.02,4,HIGH,SL,2022-04-13,-35.904286710520715
COST,2022-04-11,2022-04-12,2022-04-20,1795.214335526036,0.0287032948313024,5,HIGH,TIME,2022-04-20,51.52856635798444
COST,2022-04-22,2022-04-25,2022-04-25,1803.6821680023656,-0.0200000000000001,3,MEDIUM,SL,2022-04-26,-36.0736433600475
LLY,2022-04-22,2022-04-25,2022-04-26,1803.6821680023656,0.04,3,MEDIUM,TP,2022-04-26,72.14728672009463
XOM,2022-04-22,2022-04-25,2022-04-25,1803.6821680023643,-0.02,3,MEDIUM,SL,2022-04-26,-36.073643360047285
HON,2022-04-22,2022-04-25,2022-04-27,1803.6821680023656,-0.02,3,MEDIUM,SL,2022-04-27,-36.07364336004731
UNH,2022-04-22,2022-04-25,2022-04-27,1803.6821680023656,-0.02,3,MEDIUM,SL,2022-04-27,-36.07364336004731
KO,2022-04-29,2022-05-02,2022-05-02,1789.2527106583466,-0.02,4,HIGH,SL,2022-05-03,-35.78505421316693
DUK,2022-04-29,2022-05-02,2022-05-02,1789.2527106583466,-0.02,3,MEDIUM,SL,2022-05-03,-35.78505421316693
PEP,2022-04-29,2022-05-02,2022-05-02,1789.2527106583466,-0.02,3,MEDIUM,SL,2022-05-03,-35.78505421316693
HON,2022-05-05,2022-05-06,2022-05-06,1767.7816781304464,-0.02,3,MEDIUM,SL,2022-05-07,-35.35563356260893
PEP,2022-05-02,2022-05-03,2022-05-10,1767.7816781304464,0.0138939566900275,4,HIGH,TIME,2022-05-10,24.561482073368555
WMT,2022-05-06,2022-05-09,2022-05-16,1760.7105514179248,-0.0017511639237653,4,HIGH,TIME,2022-05-16,-3.083292797835978
LLY,2022-05-31,2022-06-01,2022-06-01,1765.0061892730312,-0.02,3,MEDIUM,SL,2022-06-02,-35.30012378546063
LLY,2022-06-02,2022-06-03,2022-06-06,1757.946164515939,0.04,4,HIGH,TP,2022-06-06,70.31784658063756
CVX,2022-05-31,2022-06-01,2022-06-08,1765.0061892730312,0.0248967399928947,4,HIGH,TIME,2022-06-08,43.94290018018055
CAT,2022-06-09,2022-06-10,2022-06-10,1780.7983138681027,-0.02,3,MEDIUM,SL,2022-06-11,-35.615966277362055
XOM,2022-06-16,2022-06-17,2022-06-17,1773.67512061263,-0.02,3,MEDIUM,SL,2022-06-18,-35.4735024122526
MRK,2022-06-28,2022-06-29,2022-07-01,1766.5804201301796,-0.02,4,HIGH,SL,2022-07-01,-35.33160840260359
UPS,2022-07-12,2022-07-13,2022-07-19,1759.514098449659,0.04,4,HIGH,TP,2022-07-19,70.38056393798637
ABBV,2022-07-18,2022-07-19,2022-07-21,1773.5902112372562,-0.02,4,HIGH,SL,2022-07-21,-35.47180422474513
AAPL,2022-07-18,2022-07-19,2022-07-21,1773.5902112372562,0.04,3,MEDIUM,TP,2022-07-21,70.94360844949026
UNH,2022-07-20,2022-07-21,2022-07-28,1780.6845720822055,0.04,4,HIGH,TP,2022-07-28,71.22738288328821
COST,2022-07-26,2022-07-27,2022-07-28,1780.6845720822055,0.04,5,HIGH,TP,2022-07-28,71.22738288328821
LOW,2022-07-26,2022-07-27,2022-07-27,1780.6845720822055,-0.02,5,HIGH,SL,2022-07-28,-35.61369144164411
UPS,2022-07-26,2022-07-27,2022-07-29,1780.684572082205,0.04,4,HIGH,TP,2022-07-29,71.2273828832882
LOW,2022-08-02,2022-08-03,2022-08-04,1816.2982635238495,0.04,5,HIGH,TP,2022-08-04,72.65193054095398
V,2022-08-02,2022-08-03,2022-08-08,1816.2982635238495,0.04,3,MEDIUM,TP,2022-08-08,72.65193054095398
BA,2022-08-02,2022-08-03,2022-08-10,1816.2982635238495,0.04,3,MEDIUM,TP,2022-08-10,72.65193054095398
WMT,2022-08-04,2022-08-05,2022-08-11,1830.8286496320407,0.04,4,HIGH,TP,2022-08-11,73.23314598528162
NVDA,2022-08-09,2022-08-10,2022-08-10,1859.8894218484218,-0.0200000000000001,3,MEDIUM,SL,2022-08-11,-37.19778843696862
LOW,2022-08-09,2022-08-10,2022-08-15,1859.8894218484218,0.04,5,HIGH,TP,2022-08-15,74.39557687393688
AVGO,2022-08-09,2022-08-10,2022-08-17,1859.8894218484218,-0.02,5,HIGH,SL,2022-08-17,-37.19778843696844
CRM,2022-08-09,2022-08-10,2022-08-17,1859.8894218484218,-0.001062944611885,5,HIGH,TIME,2022-08-17,-1.9769594396556878
AVGO,2022-08-17,2022-08-18,2022-08-22,1874.140659157547,-0.0199999999999999,4,HIGH,SL,2022-08-22,-37.48281318315075
CRM,2022-08-19,2022-08-22,2022-08-22,1866.6440965209167,-0.0200000000000001,3,MEDIUM,SL,2022-08-23,-37.33288193041852
BAC,2022-08-19,2022-08-22,2022-08-24,1866.6440965209167,-0.02,5,HIGH,SL,2022-08-24,-37.33288193041834
NKE,2022-08-19,2022-08-22,2022-08-26,1866.6440965209167,-0.0199999999999999,4,HIGH,SL,2022-08-26,-37.33288193041815
AAPL,2022-08-22,2022-08-23,2022-08-26,1859.177520134833,-0.02,4,HIGH,SL,2022-08-26,-37.18355040269666
AVGO,2022-08-22,2022-08-23,2022-08-26,1836.7777909765816,-0.02,3,MEDIUM,SL,2022-08-26,-36.73555581953163
JPM,2022-08-19,2022-08-22,2022-08-29,1866.6440965209167,-0.02,5,HIGH,SL,2022-08-29,-37.33288193041834
AAPL,2022-08-26,2022-08-29,2022-08-30,1821.9939697321363,-0.02,3,MEDIUM,SL,2022-08-30,-36.43987939464272
BAC,2022-08-26,2022-08-29,2022-09-01,1821.9939697321363,-0.02,3,MEDIUM,SL,2022-09-01,-36.43987939464272
HON,2022-08-26,2022-08-29,2022-09-01,1821.9939697321367,-0.0199999999999999,3,MEDIUM,SL,2022-09-01,-36.43987939464255
KO,2022-08-26,2022-08-29,2022-09-01,1821.9939697321363,-0.02,3,MEDIUM,SL,2022-09-01,-36.43987939464272
CVX,2022-08-30,2022-08-31,2022-09-01,1785.5540903374936,-0.02,5,HIGH,SL,2022-09-01,-35.711081806749874
COST,2022-08-26,2022-08-29,2022-09-02,1821.9939697321363,-0.02,3,MEDIUM,SL,2022-09-02,-36.43987939464272
GE,2022-08-31,2022-09-01,2022-09-01,1785.6998498550722,-0.02,3,MEDIUM,SL,2022-09-02,-35.71399699710145
NFLX,2022-09-06,2022-09-07,2022-09-07,1771.2690745767236,0.04,3,MEDIUM,TP,2022-09-08,70.85076298306895
HON,2022-09-02,2022-09-06,2022-09-13,1771.2690745767236,-0.0113837036863712,4,HIGH,TIME,2022-09-13,-20.163602293814353
DUK,2022-09-13,2022-09-14,2022-09-15,1781.4065067145746,-0.02,3,MEDIUM,SL,2022-09-15,-35.62813013429149
DIS,2022-09-13,2022-09-14,2022-09-16,1781.4065067145746,-0.02,3,MEDIUM,SL,2022-09-16,-35.62813013429149
MS,2022-09-13,2022-09-14,2022-09-16,1781.4065067145737,-0.0199999999999999,3,MEDIUM,SL,2022-09-16,-35.6281301342913
XOM,2022-09-15,2022-09-16,2022-09-16,1760.0296286339997,-0.0199999999999999,3,MEDIUM,SL,2022-09-17,-35.20059257267982
BAC,2022-09-13,2022-09-14,2022-09-21,1781.4065067145746,-0.02,3,MEDIUM,SL,2022-09-21,-35.62813013429149
JPM,2022-09-13,2022-09-14,2022-09-21,1781.406506714574,-0.02,3,MEDIUM,SL,2022-09-21,-35.62813013429148
COP,2022-09-16,2022-09-19,2022-09-21,1752.9895101194634,0.04,3,MEDIUM,TP,2022-09-21,70.11958040477853
NEE,2022-09-15,2022-09-16,2022-09-22,1760.0296286339997,-0.02,4,HIGH,SL,2022-09-22,-35.200592572679994
CVX,2022-09-16,2022-09-19,2022-09-23,1689.115398414705,-0.02,3,MEDIUM,SL,2022-09-23,-33.7823079682941
TSLA,2022-09-21,2022-09-22,2022-09-22,1745.7220556321663,-0.02,4,HIGH,SL,2022-09-23,-34.914441112643324
LLY,2022-09-30,2022-10-03,2022-10-03,1731.982705815979,-0.0200000000000001,3,MEDIUM,SL,2022-10-04,-34.639654116319754
BLK,2022-10-31,2022-11-01,2022-11-02,1725.0547749927152,-0.0199999999999999,3,MEDIUM,SL,2022-11-02,-34.50109549985413
BLK,2022-11-02,2022-11-03,2022-11-04,1718.1545558927444,0.04,3,MEDIUM,TP,2022-11-04,68.72618223570977
HD,2022-11-02,2022-11-03,2022-11-04,1718.1545558927444,-0.02,3,MEDIUM,SL,2022-11-04,-34.363091117854886
XOM,2022-11-02,2022-11-03,2022-11-04,1711.2543367927722,0.04,3,MEDIUM,TP,2022-11-04,68.45017347171088
ABBV,2022-10-28,2022-10-31,2022-11-07,1725.0547749927152,0.0201834511042207,5,HIGH,TIME,2022-11-07,34.81755870316791
LLY,2022-11-01,2022-11-02,2022-11-08,1718.1545558927444,0.04,4,HIGH,TP,2022-11-08,68.72618223570977
V,2022-11-03,2022-11-04,2022-11-10,1738.7172088106574,0.04,5,HIGH,TP,2022-11-10,69.5486883524263
HD,2022-11-14,2022-11-15,2022-11-15,1773.3356946689182,0.04,3,MEDIUM,TP,2022-11-16,70.93342778675672
MRK,2022-11-11,2022-11-14,2022-11-18,1773.3356946689182,0.04,4,HIGH,TP,2022-11-18,70.93342778675672
PEP,2022-11-11,2022-11-14,2022-11-21,1773.3356946689182,0.0344210597456553,5,HIGH,TIME,2022-11-21,61.04009389530198
JNJ,2022-11-11,2022-11-14,2022-11-21,1773.3356946689182,0.04,4,HIGH,TP,2022-11-21,70.93342778675672
WMT,2022-11-14,2022-11-15,2022-11-21,1773.3356946689182,0.04,4,HIGH,TP,2022-11-21,70.93342778675672
AVGO,2022-11-16,2022-11-17,2022-11-22,1787.5223802262697,0.04,4,HIGH,TP,2022-11-22,71.50089520905078
NEE,2022-11-17,2022-11-18,2022-11-28,1801.7090657836209,0.0107523006152294,3,MEDIUM,TIME,2022-11-28,19.372517496489614
COP,2022-11-23,2022-11-25,2022-11-28,1856.5906347191944,-0.02,3,MEDIUM,SL,2022-11-28,-37.13181269438389
V,2022-11-21,2022-11-22,2022-11-30,1856.5906347191944,0.04,4,HIGH,TP,2022-11-30,74.26362538876778
BAC,2022-11-28,2022-11-29,2022-11-30,1853.0387756796154,-0.0200000000000001,4,HIGH,SL,2022-11-30,-37.060775513592496
HD,2022-11-28,2022-11-29,2022-12-01,1853.0387756796154,0.04,4,HIGH,TP,2022-12-01,74.12155102718462
CVX,2022-11-28,2022-11-29,2022-12-05,1853.0387756796154,-0.02,4,HIGH,SL,2022-12-05,-37.06077551359231
XOM,2022-11-28,2022-11-29,2022-12-05,1849.4869166400367,-0.02,4,HIGH,SL,2022-12-05,-36.989738332800734
BAC,2022-12-01,2022-12-02,2022-12-05,1875.3036558600875,-0.02,4,HIGH,SL,2022-12-05,-37.50607311720175
MS,2022-12-05,2022-12-06,2022-12-06,1852.9923384673687,-0.02,5,HIGH,SL,2022-12-07,-37.059846769347374
JPM,2022-12-05,2022-12-06,2022-12-06,1852.9923384673687,-0.02,4,HIGH,SL,2022-12-07,-37.059846769347374
XOM,2022-12-05,2022-12-06,2022-12-06,1852.9923384673687,-0.02,4,HIGH,SL,2022-12-07,-37.059846769347374
CVX,2022-12-05,2022-12-06,2022-12-06,1852.992338467369,-0.0200000000000001,3,MEDIUM,SL,2022-12-07,-37.05984676934757
PFE,2022-12-06,2022-12-07,2022-12-08,1823.344461051891,0.04,5,HIGH,TP,2022-12-08,72.93377844207563
BA,2022-12-06,2022-12-07,2022-12-08,1823.344461051891,0.04,4,HIGH,TP,2022-12-08,72.93377844207563
MS,2022-12-06,2022-12-07,2022-12-12,1823.344461051891,0.04,4,HIGH,TP,2022-12-12,72.93377844207563
UPS,2022-12-06,2022-12-07,2022-12-12,1823.344461051891,0.04,4,HIGH,TP,2022-12-12,72.93377844207563
GS,2022-12-06,2022-12-07,2022-12-13,1823.344461051891,0.04,4,HIGH,TP,2022-12-13,72.93377844207563
GE,2022-12-09,2022-12-12,2022-12-15,1881.6914838055513,-0.0200000000000001,4,HIGH,SL,2022-12-15,-37.63382967611122
WMT,2022-12-09,2022-12-12,2022-12-16,1881.6914838055513,-0.02,4,HIGH,SL,2022-12-16,-37.63382967611103
MS,2022-12-14,2022-12-15,2022-12-15,1888.7514735587445,-0.0200000000000001,3,MEDIUM,SL,2022-12-16,-37.77502947117508
MSFT,2022-12-15,2022-12-16,2022-12-16,1873.6697017292872,-0.02,4,HIGH,SL,2022-12-17,-37.473394034585745
ADBE,2022-12-15,2022-12-16,2022-12-16,1873.6697017292872,-0.0200000000000001,3,MEDIUM,SL,2022-12-17,-37.47339403458594
LLY,2022-12-13,2022-12-14,2022-12-21,1896.2782394939663,0.0250689068493272,4,HIGH,TIME,2022-12-21,47.53762254628042
GS,2022-12-15,2022-12-16,2022-12-23,1873.6697017292872,0.0012460756817567,3,MEDIUM,TIME,2022-12-23,2.3347342509691944
HON,2022-12-15,2022-12-16,2022-12-23,1851.0611639646067,0.0314441872197364,3,MEDIUM,TIME,2022-12-23,58.20511379488627
DUK,2022-12-16,2022-12-19,2022-12-27,1858.6803441154527,0.03535400073908,5,HIGH,TIME,2022-12-27,65.71178625957118
MCD,2022-12-16,2022-12-19,2022-12-27,1813.71227127395,0.0022159176387985,4,HIGH,TIME,2022-12-27,4.019037013621236
PFE,2023-01-04,2023-01-05,2023-01-09,1894.2420028885183,-0.0199999999999999,4,HIGH,SL,2023-01-09,-37.88484005777018
BLK,2023-01-05,2023-01-06,2023-01-09,1894.2420028885183,0.04,4,HIGH,TP,2023-01-09,75.76968011554074
ABBV,2023-01-09,2023-01-10,2023-01-10,1901.8189709000726,-0.0200000000000001,4,HIGH,SL,2023-01-11,-38.036379418001644
JNJ,2023-01-09,2023-01-10,2023-01-11,1901.8189709000726,-0.02,4,HIGH,SL,2023-01-11,-38.03637941800145
BA,2023-01-09,2023-01-10,2023-01-12,1901.8189709000726,0.04,3,MEDIUM,TP,2023-01-12,76.0727588360029
MRK,2023-01-09,2023-01-10,2023-01-18,1901.8189709000726,-0.0160094403886607,4,HIGH,TIME,2023-01-18,-30.447057444648753
AMT,2023-01-18,2023-01-19,2023-01-20,1895.7295594111429,-0.0199999999999999,4,HIGH,SL,2023-01-20,-37.914591188222666
NEE,2023-01-18,2023-01-19,2023-01-19,1895.7295594111429,-0.0200000000000001,4,HIGH,SL,2023-01-20,-37.91459118822305
GE,2023-01-19,2023-01-20,2023-01-20,1880.5637229358538,-0.02,5,HIGH,SL,2023-01-21,-37.61127445871708
XOM,2023-01-18,2023-01-19,2023-01-23,1895.7295594111429,0.04,4,HIGH,TP,2023-01-23,75.82918237644571
NFLX,2023-01-19,2023-01-20,2023-01-23,1850.2320499852747,0.04,4,HIGH,TP,2023-01-23,74.00928199941099
CAT,2023-01-19,2023-01-20,2023-01-24,1880.5637229358538,0.04,5,HIGH,TP,2023-01-24,75.22254891743415
JPM,2023-01-18,2023-01-19,2023-01-26,1895.7295594111429,0.0344366620395988,5,HIGH,TIME,2023-01-26,65.28259815591906
GOOGL,2023-01-24,2023-01-25,2023-01-27,1918.0536707027686,0.04,3,MEDIUM,TP,2023-01-27,76.72214682811075
COP,2023-01-30,2023-01-31,2023-02-01,1946.4546196995743,-0.02,3,MEDIUM,SL,2023-02-01,-38.92909239399149
META,2023-01-30,2023-01-31,2023-02-02,1946.4546196995743,0.04,3,MEDIUM,TP,2023-02-02,77.85818478798298
CAT,2023-01-31,2023-02-01,2023-02-01,1938.668801220776,-0.02,5,HIGH,SL,2023-02-02,-38.77337602441552
GOOGL,2023-02-03,2023-02-06,2023-02-07,1946.4857629734888,0.04,3,MEDIUM,TP,2023-02-07,77.85943051893956
DIS,2023-02-03,2023-02-06,2023-02-09,1946.4857629734897,0.04,3,MEDIUM,TP,2023-02-09,77.85943051893959
XOM,2023-02-02,2023-02-03,2023-02-10,1946.4857629734897,0.04,3,MEDIUM,TP,2023-02-10,77.85943051893959
ADBE,2023-02-03,2023-02-06,2023-02-10,1946.4857629734897,-0.02,4,HIGH,SL,2023-02-10,-38.929715259469795
AMT,2023-02-03,2023-02-06,2023-02-10,1946.4857629734897,-0.02,3,MEDIUM,SL,2023-02-10,-38.929715259469795
DIS,2023-02-10,2023-02-13,2023-02-14,1977.6295351810652,-0.02,4,HIGH,SL,2023-02-14,-39.552590703621306
COST,2023-02-08,2023-02-09,2023-02-16,1977.6295351810652,-0.0023551324776321,5,HIGH,TIME,2023-02-16,-4.657579547029401
CRM,2023-02-10,2023-02-13,2023-02-17,1977.6295351810656,-0.0200000000000001,5,HIGH,SL,2023-02-17,-39.55259070362151
ADBE,2023-02-16,2023-02-17,2023-02-17,1960.8769829902112,-0.02,3,MEDIUM,SL,2023-02-18,-39.217539659804224
ADBE,2023-02-17,2023-02-21,2023-02-24,1953.0334750582501,-0.02,3,MEDIUM,SL,2023-02-24,-39.060669501165
WMT,2023-02-22,2023-02-23,2023-02-23,1953.0334750582501,-0.0199999999999999,5,HIGH,SL,2023-02-24,-39.06066950116481
XOM,2023-02-17,2023-02-21,2023-02-28,1953.0334750582501,-0.0081220451539225,4,HIGH,TIME,2023-02-28,-15.862626071545279
AVGO,2023-02-21,2023-02-22,2023-03-01,1953.0334750582501,0.0194418172805288,3,MEDIUM,TIME,2023-03-01,37.9705199648387
BAC,2023-02-21,2023-02-22,2023-03-01,1953.0334750582506,-0.006402787988784,3,MEDIUM,TIME,2023-03-01,-12.504859275796044
CRM,2023-03-10,2023-03-13,2023-03-14,1939.3298141812838,0.04,4,HIGH,TP,2023-03-14,77.57319256725135
GE,2023-03-13,2023-03-14,2023-03-15,1954.8444526947342,-0.02,3,MEDIUM,SL,2023-03-15,-39.096889053894685
MSFT,2023-03-20,2023-03-21,2023-03-28,1947.025074883955,0.0012730216650151,4,HIGH,TIME,2023-03-28,2.478605102654922
NVDA,2023-04-05,2023-04-06,2023-04-11,1947.520795904486,0.04,4,HIGH,TP,2023-04-11,77.90083183617945
AMZN,2023-04-11,2023-04-12,2023-04-12,1963.100962271722,-0.02,4,HIGH,SL,2023-04-13,-39.26201924543444
UNH,2023-04-14,2023-04-17,2023-04-18,1955.2485584226351,-0.02,5,HIGH,SL,2023-04-18,-39.10497116845271
GOOGL,2023-04-17,2023-04-18,2023-04-18,1947.4275641889444,-0.02,4,HIGH,SL,2023-04-19,-38.94855128377889
NVDA,2023-04-20,2023-04-21,2023-04-25,1939.6378539321886,-0.02,3,MEDIUM,SL,2023-04-25,-38.792757078643774
BLK,2023-04-21,2023-04-24,2023-04-25,1939.6378539321886,-0.02,5,HIGH,SL,2023-04-25,-38.792757078643774
JNJ,2023-04-18,2023-04-19,2023-04-26,1939.6378539321886,0.0038890946397796,5,HIGH,TIME,2023-04-26,7.543435180841281
UNH,2023-04-19,2023-04-20,2023-04-27,1939.6378539321886,0.0102992705274789,4,HIGH,TIME,2023-04-27,19.976854982986215
AMZN,2023-04-25,2023-04-26,2023-04-27,1925.6294381368994,0.04,5,HIGH,TP,2023-04-27,77.02517752547598
ADBE,2023-04-25,2023-04-26,2023-04-26,1925.6294381368994,-0.0200000000000001,4,HIGH,SL,2023-04-27,-38.51258876273818
META,2023-04-25,2023-04-26,2023-04-27,1925.6294381368994,0.04,4,HIGH,TP,2023-04-27,77.02517752547598
MSFT,2023-04-25,2023-04-26,2023-04-28,1911.6210223416101,0.04,4,HIGH,TP,2023-04-28,76.4648408936644
LLY,2023-04-26,2023-04-27,2023-04-27,1952.732362391139,-0.02,5,HIGH,SL,2023-04-28,-39.054647247822786
MRK,2023-04-26,2023-04-27,2023-04-27,1952.732362391139,-0.0200000000000001,5,HIGH,SL,2023-04-28,-39.05464724782298
LOW,2023-04-26,2023-04-27,2023-05-01,1952.7323623911395,0.04,4,HIGH,TP,2023-05-01,78.10929449564559
AMZN,2023-04-28,2023-05-01,2023-05-01,1968.0253305698725,-0.0200000000000001,4,HIGH,SL,2023-05-02,-39.360506611397646
XOM,2023-05-01,2023-05-02,2023-05-02,1960.153229247593,-0.02,4,HIGH,SL,2023-05-03,-39.20306458495186
AMZN,2023-05-01,2023-05-02,2023-05-03,1960.153229247593,0.04,3,MEDIUM,TP,2023-05-03,78.40612916990372
NVDA,2023-05-02,2023-05-03,2023-05-04,1967.9938421645832,-0.02,3,MEDIUM,SL,2023-05-04,-39.359876843291666
GE,2023-05-04,2023-05-05,2023-05-10,1960.121866795925,-0.02,5,HIGH,SL,2023-05-10,-39.202437335918496
NKE,2023-05-04,2023-05-05,2023-05-10,1960.121866795925,-0.02,4,HIGH,SL,2023-05-10,-39.202437335918496
PEP,2023-05-22,2023-05-23,2023-05-25,1944.4408918615577,-0.0199999999999999,4,HIGH,SL,2023-05-25,-38.88881783723096
ORCL,2023-05-23,2023-05-24,2023-05-25,1944.4408918615577,0.04,5,HIGH,TP,2023-05-25,77.7776356744623
MA,2023-05-23,2023-05-24,2023-05-31,1944.4408918615582,-0.02,4,HIGH,SL,2023-05-31,-38.888817837231166
LLY,2023-05-23,2023-05-24,2023-06-01,1944.4408918615577,0.0294575990485148,5,HIGH,TIME,2023-06-01,57.27856016599429
BA,2023-06-05,2023-06-06,2023-06-06,1955.8966038947565,-0.02,3,MEDIUM,SL,2023-06-07,-39.117932077895134
ADBE,2023-06-07,2023-06-08,2023-06-09,1948.0730174791775,0.04,5,HIGH,TP,2023-06-09,77.9229206991671
CRM,2023-06-07,2023-06-08,2023-06-09,1948.0730174791775,0.04,4,HIGH,TP,2023-06-09,77.9229206991671
META,2023-06-07,2023-06-08,2023-06-12,1948.0730174791775,0.04,5,HIGH,TP,2023-06-12,77.9229206991671
MSFT,2023-06-07,2023-06-08,2023-06-13,1948.073017479178,0.04,5,HIGH,TP,2023-06-13,77.92292069916712
GOOGL,2023-06-07,2023-06-08,2023-06-15,1948.0730174791775,0.0233984835626313,5,HIGH,TIME,2023-06-15,45.58195447829209
AMD,2023-06-15,2023-06-16,2023-06-16,2019.5277449341695,-0.02,3,MEDIUM,SL,2023-06-17,-40.39055489868339
CRM,2023-06-13,2023-06-14,2023-06-20,2010.4113540385113,0.04,3,MEDIUM,TP,2023-06-20,80.41645416154046
AMD,2023-06-16,2023-06-20,2023-06-21,2027.5329247867412,-0.0200000000000001,4,HIGH,SL,2023-06-21,-40.55065849573503
NFLX,2023-06-16,2023-06-20,2023-06-22,2027.5329247867412,-0.02,3,MEDIUM,SL,2023-06-22,-40.55065849573482
BA,2023-06-20,2023-06-21,2023-06-22,2019.4227930875943,-0.02,5,HIGH,SL,2023-06-22,-40.388455861751886
GS,2023-06-20,2023-06-21,2023-06-22,2019.4227930875943,-0.02,5,HIGH,SL,2023-06-22,-40.388455861751886
TSLA,2023-06-23,2023-06-26,2023-06-26,1995.1572790437467,-0.02,3,MEDIUM,SL,2023-06-27,-39.903145580874934
GE,2023-06-20,2023-06-21,2023-06-28,2019.4227930875943,0.0329025234390267,4,HIGH,TIME,2023-06-28,66.44410578286934
NVDA,2023-06-26,2023-06-27,2023-06-30,1987.1766499275718,0.04,4,HIGH,TP,2023-06-30,79.48706599710287
META,2023-06-26,2023-06-27,2023-07-05,1987.1766499275718,0.04,5,HIGH,TP,2023-07-05,79.48706599710287
GOOGL,2023-06-26,2023-06-27,2023-07-05,1987.1766499275714,0.04,4,HIGH,TP,2023-07-05,79.48706599710286
HD,2023-07-06,2023-07-07,2023-07-11,2048.1577106824075,0.04,4,HIGH,TP,2023-07-11,81.9263084272963
LLY,2023-07-07,2023-07-10,2023-07-11,2048.157710682407,-0.02,4,HIGH,SL,2023-07-11,-40.96315421364814
UPS,2023-07-05,2023-07-06,2023-07-12,2048.1577106824075,0.04,4,HIGH,TP,2023-07-12,81.9263084272963
AMZN,2023-07-10,2023-07-11,2023-07-13,2056.3503415251366,0.04,3,MEDIUM,TP,2023-07-13,82.25401366100547
COST,2023-07-07,2023-07-10,2023-07-14,2048.1577106824075,0.04,4,HIGH,TP,2023-07-14,81.9263084272963
WMT,2023-07-07,2023-07-10,2023-07-17,2048.157710682405,0.0018761510927627,4,HIGH,TIME,2023-07-17,3.8426533270471444
PLD,2023-07-18,2023-07-19,2023-07-19,2106.3401982936657,-0.02,5,HIGH,SL,2023-07-20,-42.126803965873314
NVDA,2023-07-20,2023-07-21,2023-07-21,2097.914837500491,-0.0200000000000001,5,HIGH,SL,2023-07-22,-41.958296750010035
AMZN,2023-07-20,2023-07-21,2023-07-21,2097.914837500491,-0.0200000000000001,4,HIGH,SL,2023-07-22,-41.958296750010035
MSFT,2023-07-20,2023-07-21,2023-07-21,2097.9148375004906,-0.02,3,MEDIUM,SL,2023-07-22,-41.958296750009815
META,2023-07-21,2023-07-24,2023-07-24,2072.739859450485,-0.02,3,MEDIUM,SL,2023-07-25,-41.454797189009696
NFLX,2023-07-21,2023-07-24,2023-07-26,2072.739859450485,-0.02,3,MEDIUM,SL,2023-07-26,-41.454797189009696
NVDA,2023-07-21,2023-07-24,2023-07-27,2072.739859450485,0.04,4,HIGH,TP,2023-07-27,82.90959437801939
ORCL,2023-07-20,2023-07-21,2023-07-28,2097.914837500491,-0.0042921747920481,4,HIGH,TIME,2023-07-28,-9.004617181383294
MSFT,2023-07-26,2023-07-27,2023-07-27,2072.739859450485,-0.02,4,HIGH,SL,2023-07-28,-41.454797189009696
GE,2023-07-26,2023-07-27,2023-08-01,2072.739859450485,-0.02,4,HIGH,SL,2023-08-01,-41.454797189009696
CAT,2023-08-03,2023-08-04,2023-08-04,2054.3570171386045,-0.0199999999999999,3,MEDIUM,SL,2023-08-05,-41.08714034277188
JNJ,2023-07-31,2023-08-01,2023-08-07,2054.357017138604,0.04,5,HIGH,TP,2023-08-07,82.17428068554416
BLK,2023-08-02,2023-08-03,2023-08-08,2054.357017138604,-0.02,4,HIGH,SL,2023-08-08,-41.08714034277208
AVGO,2023-08-02,2023-08-03,2023-08-09,2054.357017138604,-0.02,5,HIGH,SL,2023-08-09,-41.08714034277208
DIS,2023-08-11,2023-08-14,2023-08-15,2046.13958907005,-0.02,4,HIGH,SL,2023-08-15,-40.922791781401
JPM,2023-08-15,2023-08-16,2023-08-18,2037.95503071377,-0.0200000000000001,4,HIGH,SL,2023-08-18,-40.7591006142756
JNJ,2023-08-21,2023-08-22,2023-08-23,2029.803210590915,-0.02,4,HIGH,SL,2023-08-23,-40.5960642118183
COST,2023-08-17,2023-08-18,2023-08-24,2029.803210590915,-0.0200000000000001,4,HIGH,SL,2023-08-24,-40.5960642118185
NVDA,2023-08-22,2023-08-23,2023-08-24,2021.683997748551,0.04,3,MEDIUM,TP,2023-08-24,80.86735990994204
ADBE,2023-08-24,2023-08-25,2023-08-29,2029.7382568881758,0.04,4,HIGH,TP,2023-08-29,81.18953027552703
NVDA,2023-08-25,2023-08-28,2023-08-28,2029.7382568881758,-0.02,3,MEDIUM,SL,2023-08-29,-40.59476513776352
BA,2023-08-31,2023-09-01,2023-09-05,2037.8572099157282,-0.02,3,MEDIUM,SL,2023-09-05,-40.75714419831456
ADBE,2023-09-12,2023-09-13,2023-09-14,2029.7057810760653,-0.02,5,HIGH,SL,2023-09-14,-40.594115621521304
TSLA,2023-09-12,2023-09-13,2023-09-18,2029.7057810760653,-0.02,3,MEDIUM,SL,2023-09-18,-40.594115621521304
CVX,2023-09-11,2023-09-12,2023-09-19,2029.7057810760653,0.0114939749027926,5,HIGH,TIME,2023-09-19,23.329387307741346
AMZN,2023-09-15,2023-09-18,2023-09-19,2013.4681348274569,-0.0199999999999999,5,HIGH,SL,2023-09-19,-40.26936269654894
LLY,2023-09-15,2023-09-18,2023-09-18,1980.9928423302392,-0.0199999999999999,5,HIGH,SL,2023-09-19,-39.619856846604584
CAT,2023-09-13,2023-09-14,2023-09-21,2021.5869579517612,-0.02,4,HIGH,SL,2023-09-21,-40.431739159035224
V,2023-09-14,2023-09-15,2023-09-21,2021.5869579517612,-0.02,4,HIGH,SL,2023-09-21,-40.431739159035224
GOOGL,2023-09-20,2023-09-21,2023-09-26,1985.9834727167604,-0.02,4,HIGH,SL,2023-09-26,-39.71966945433521
LLY,2023-09-21,2023-09-22,2023-09-29,1985.9834727167604,-0.0200000000000001,4,HIGH,SL,2023-09-29,-39.71966945433541
COP,2023-09-29,2023-10-02,2023-10-02,1970.0956049350266,-0.02,3,MEDIUM,SL,2023-10-03,-39.401912098700535
CVX,2023-10-04,2023-10-05,2023-10-09,1962.2152225152868,0.04,4,HIGH,TP,2023-10-09,78.48860890061147
COST,2023-10-06,2023-10-09,2023-10-16,1977.912944295409,0.0310631592919845,4,HIGH,TIME,2023-10-16,61.44022485432635
NVDA,2023-10-13,2023-10-16,2023-10-17,1990.2009892662745,-0.02,5,HIGH,SL,2023-10-17,-39.804019785325494
AVGO,2023-10-13,2023-10-16,2023-10-17,1990.2009892662745,-0.02,3,MEDIUM,SL,2023-10-17,-39.804019785325494
META,2023-10-13,2023-10-16,2023-10-19,1990.2009892662745,-0.02,5,HIGH,SL,2023-10-19,-39.804019785325494
AVGO,2023-10-17,2023-10-18,2023-10-20,1974.2793813521444,-0.0200000000000001,4,HIGH,SL,2023-10-20,-39.48558762704309
AVGO,2023-10-19,2023-10-20,2023-10-20,1958.4214598696706,-0.02,4,HIGH,SL,2023-10-21,-39.168429197393415
LLY,2023-10-19,2023-10-20,2023-10-23,1958.4214598696706,-0.0199999999999999,4,HIGH,SL,2023-10-23,-39.168429197393216
ADBE,2023-10-20,2023-10-23,2023-10-25,1942.7540881907132,-0.0200000000000001,4,HIGH,SL,2023-10-25,-38.85508176381446
COP,2023-10-23,2023-10-24,2023-10-25,1942.7540881907132,-0.02,4,HIGH,SL,2023-10-25,-38.85508176381426
MSFT,2023-10-26,2023-10-27,2023-11-01,1927.2120554851872,0.04,5,HIGH,TP,2023-11-01,77.0884822194075
NKE,2023-10-26,2023-10-27,2023-11-02,1927.2120554851872,0.04,5,HIGH,TP,2023-11-02,77.0884822194075
NKE,2023-11-09,2023-11-10,2023-11-13,1958.0474483729502,-0.0200000000000001,4,HIGH,SL,2023-11-13,-39.1609489674592
DIS,2023-11-10,2023-11-13,2023-11-15,1950.2152585794584,0.04,3,MEDIUM,TP,2023-11-15,78.00861034317833
LLY,2023-11-15,2023-11-16,2023-11-24,1965.816980648094,0.016229967237539,4,HIGH,TIME,2023-11-24,31.905145190916404
COST,2023-11-16,2023-11-17,2023-11-27,1965.816980648094,0.0276385660063376,4,HIGH,TIME,2023-11-27,54.33236237602163
NVDA,2023-11-22,2023-11-24,2023-11-28,1972.1980096862771,-0.0200000000000001,4,HIGH,SL,2023-11-28,-39.443960193725744
AVGO,2023-11-27,2023-11-28,2023-11-30,1975.1756901227363,-0.02,5,HIGH,SL,2023-11-30,-39.50351380245473
META,2023-11-29,2023-11-30,2023-11-30,1967.2749873622452,-0.02,4,HIGH,SL,2023-12-01,-39.3454997472449
NVDA,2023-11-30,2023-12-01,2023-12-04,1959.4058874127966,-0.02,4,HIGH,SL,2023-12-04,-39.188117748255934
DIS,2023-11-28,2023-11-29,2023-12-05,1975.1756901227363,-0.02,5,HIGH,SL,2023-12-05,-39.50351380245473
NVDA,2023-12-04,2023-12-05,2023-12-06,1943.6675611026542,0.04,3,MEDIUM,TP,2023-12-06,77.74670244410616
NFLX,2023-12-04,2023-12-05,2023-12-11,1943.6675611026542,0.04,4,HIGH,TP,2023-12-11,77.74670244410616
CRM,2023-12-04,2023-12-05,2023-12-12,1943.6675611026542,0.0258411157959856,3,MEDIUM,TIME,2023-12-12,50.226538515354605
ORCL,2023-12-06,2023-12-07,2023-12-12,1959.2169015914756,-0.02,4,HIGH,SL,2023-12-12,-39.18433803182951
GS,2023-12-05,2023-12-06,2023-12-13,1959.2169015914756,0.04,4,HIGH,TP,2023-12-13,78.36867606365902
AMT,2023-12-08,2023-12-11,2023-12-14,1974.766242080297,0.04,5,HIGH,TP,2023-12-14,78.99064968321188
NFLX,2023-12-14,2023-12-15,2023-12-18,2008.4465473263763,0.04,3,MEDIUM,TP,2023-12-18,80.33786189305505
NEE,2023-12-15,2023-12-18,2023-12-20,2024.514119704987,-0.02,3,MEDIUM,SL,2023-12-20,-40.490282394099744
MSFT,2023-12-14,2023-12-15,2023-12-22,2008.4465473263763,0.0210711399316319,4,HIGH,TIME,2023-12-22,42.320258243917024
PEP,2023-12-14,2023-12-15,2023-12-22,2008.4465473263763,0.0013734415512547,4,HIGH,TIME,2023-12-22,2.7584839415720848
BLK,2023-12-18,2023-12-19,2023-12-27,2024.514119704987,0.0152046343920551,4,HIGH,TIME,2023-12-27,30.781997011667602
TSLA,2023-12-20,2023-12-21,2023-12-27,2016.4160632261674,0.04,5,HIGH,TP,2023-12-27,80.65664252904669
UPS,2023-12-20,2023-12-21,2023-12-29,2016.4160632261674,-0.0023481137484695,5,HIGH,TIME,2023-12-29,-4.734774280696108
NVDA,2024-01-02,2024-01-03,2024-01-05,2046.7725847152687,0.04,5,HIGH,TP,2024-01-05,81.87090338861076
META,2024-01-02,2024-01-03,2024-01-08,2046.7725847152687,0.04,4,HIGH,TP,2024-01-08,81.87090338861076
BA,2024-01-03,2024-01-04,2024-01-08,2046.7725847152687,-0.02,4,HIGH,SL,2024-01-08,-40.93545169430538
HON,2024-01-03,2024-01-04,2024-01-09,2046.7725847152687,-0.0199999999999999,5,HIGH,SL,2024-01-09,-40.93545169430517
AMZN,2024-01-04,2024-01-05,2024-01-09,2063.1467653929913,0.04,4,HIGH,TP,2024-01-09,82.52587061571965
NFLX,2024-01-02,2024-01-03,2024-01-10,2046.7725847152687,0.04,4,HIGH,TP,2024-01-10,81.87090338861076
NEE,2024-01-11,2024-01-12,2024-01-17,2096.026120193857,-0.02,4,HIGH,SL,2024-01-17,-41.92052240387714
BAC,2024-01-16,2024-01-17,2024-01-22,2087.6420157130815,0.04,3,MEDIUM,TP,2024-01-22,83.50568062852327
CAT,2024-01-17,2024-01-18,2024-01-22,2087.6420157130815,0.04,4,HIGH,TP,2024-01-22,83.50568062852327
PLD,2024-01-17,2024-01-18,2024-01-25,2087.6420157130815,-0.0046532847539403,4,HIGH,TIME,2024-01-25,-9.714392763402877
UPS,2024-01-24,2024-01-25,2024-01-30,2119.1014094118104,-0.0199999999999999,4,HIGH,SL,2024-01-30,-42.382028188236
PLD,2024-01-24,2024-01-25,2024-02-01,2119.1014094118104,0.0280580621574129,3,MEDIUM,TIME,2024-02-01,59.45787906313786
AMD,2024-01-30,2024-01-31,2024-02-02,2110.625003774163,0.04,3,MEDIUM,TP,2024-02-02,84.42500015096651
AMZN,2024-01-31,2024-02-01,2024-02-02,2122.5165795867906,0.04,5,HIGH,TP,2024-02-02,84.90066318347162
META,2024-01-31,2024-02-01,2024-02-02,2122.5165795867906,0.04,5,HIGH,TP,2024-02-02,84.90066318347162
BAC,2024-01-31,2024-02-01,2024-02-01,2122.5165795867906,-0.0199999999999999,4,HIGH,SL,2024-02-02,-42.4503315917356
MSFT,2024-01-31,2024-02-01,2024-02-08,2122.5165795867906,0.030560207717678,5,HIGH,TIME,2024-02-08,64.86454755638775
ADBE,2024-02-06,2024-02-07,2024-02-13,2164.8717785720255,-0.02,4,HIGH,SL,2024-02-13,-43.29743557144051
XOM,2024-02-09,2024-02-12,2024-02-20,2177.844688083303,0.0151225114674158,5,HIGH,TIME,2024-02-20,32.93448126979034
MSFT,2024-02-13,2024-02-14,2024-02-20,2169.185200969015,-0.0200000000000001,5,HIGH,SL,2024-02-20,-43.383704019380524
AMZN,2024-02-13,2024-02-14,2024-02-20,2169.1852009690147,-0.0199999999999999,4,HIGH,SL,2024-02-20,-43.383704019380076
CRM,2024-02-13,2024-02-14,2024-02-21,2160.525713854725,-0.0199999999999999,4,HIGH,SL,2024-02-21,-43.21051427709428
HD,2024-02-13,2024-02-14,2024-02-22,2169.185200969015,0.04,5,HIGH,TP,2024-02-22,86.7674080387606
LLY,2024-02-20,2024-02-21,2024-02-22,2149.776512759802,0.04,5,HIGH,TP,2024-02-22,85.99106051039207
MA,2024-02-20,2024-02-21,2024-02-22,2149.776512759802,0.04,4,HIGH,TP,2024-02-22,85.99106051039207
NVDA,2024-02-21,2024-02-22,2024-02-22,2201.526418571711,0.04,3,MEDIUM,TP,2024-02-23,88.06105674286844
MRK,2024-03-04,2024-03-05,2024-03-08,2219.1386299202845,-0.02,4,HIGH,SL,2024-03-08,-44.382772598405694
CVX,2024-03-04,2024-03-05,2024-03-12,2219.1386299202845,0.0205602837673002,4,HIGH,TIME,2024-03-12,45.626119950138836
ORCL,2024-03-05,2024-03-06,2024-03-12,2219.1386299202845,0.04,4,HIGH,TP,2024-03-12,88.76554519681139
LLY,2024-03-08,2024-03-11,2024-03-11,2174.7558573218794,-0.02,3,MEDIUM,SL,2024-03-12,-43.495117146437586
NFLX,2024-03-05,2024-03-06,2024-03-13,2219.1386299202845,0.0107132773468194,5,HIGH,TIME,2024-03-13,23.774247613376822
MSFT,2024-03-05,2024-03-06,2024-03-13,2219.138629920285,0.0301015891627078,4,HIGH,TIME,2024-03-13,66.79959933295468
NVDA,2024-03-11,2024-03-12,2024-03-12,2228.4413850007063,-0.02,3,MEDIUM,SL,2024-03-13,-44.568827700014126
AVGO,2024-03-13,2024-03-14,2024-03-15,2237.64238884997,-0.02,3,MEDIUM,SL,2024-03-15,-44.752847776999396
AMD,2024-03-14,2024-03-15,2024-03-15,2228.69181929457,0.04,3,MEDIUM,TP,2024-03-16,89.14767277178281
LLY,2024-03-11,2024-03-12,2024-03-19,2228.4413850007063,0.04,4,HIGH,TP,2024-03-19,89.13765540002825
GE,2024-03-14,2024-03-15,2024-03-19,2228.69181929457,0.04,3,MEDIUM,TP,2024-03-19,89.14767277178281
BLK,2024-03-14,2024-03-15,2024-03-21,2228.69181929457,0.04,4,HIGH,TP,2024-03-21,89.14767277178281
CRM,2024-03-15,2024-03-18,2024-03-21,2246.521353848926,0.04,4,HIGH,TP,2024-03-21,89.86085415395705
AMZN,2024-03-15,2024-03-18,2024-03-25,2246.521353848926,0.0222412036077053,5,HIGH,TIME,2024-03-25,49.96533884001173
V,2024-03-22,2024-03-25,2024-03-27,2327.973192636439,-0.02,4,HIGH,SL,2024-03-27,-46.559463852728776
BLK,2024-03-22,2024-03-25,2024-04-02,2327.973192636439,-0.0046925758839498,4,HIGH,TIME,2024-04-02,-10.924190862247375
GE,2024-03-28,2024-04-01,2024-04-02,2318.6612998658934,-0.02,4,HIGH,SL,2024-04-02,-46.37322599731787
LLY,2024-04-01,2024-04-02,2024-04-03,2307.20181649398,0.04,4,HIGH,TP,2024-04-03,92.28807265975921
GE,2024-04-02,2024-04-03,2024-04-03,2325.659431025932,0.04,4,HIGH,TP,2024-04-04,93.02637724103728
DIS,2024-04-03,2024-04-04,2024-04-05,2344.2647064741395,-0.02,5,HIGH,SL,2024-04-05,-46.885294129482794
GOOGL,2024-04-04,2024-04-05,2024-04-09,2334.8876476482433,0.04,5,HIGH,TP,2024-04-09,93.39550590592974
NFLX,2024-04-04,2024-04-05,2024-04-10,2334.8876476482433,-0.02,3,MEDIUM,SL,2024-04-10,-46.69775295296487
LOW,2024-04-10,2024-04-11,2024-04-11,2344.227198238836,-0.0199999999999999,4,HIGH,SL,2024-04-12,-46.88454396477648
DIS,2024-04-12,2024-04-15,2024-04-16,2334.850289445881,-0.0200000000000001,4,HIGH,SL,2024-04-16,-46.697005788917856
META,2024-04-15,2024-04-16,2024-04-17,2325.5108882880972,-0.02,3,MEDIUM,SL,2024-04-17,-46.510217765761944
NFLX,2024-04-15,2024-04-16,2024-04-19,2325.5108882880972,-0.02,3,MEDIUM,SL,2024-04-19,-46.510217765761944
NVDA,2024-04-17,2024-04-18,2024-04-18,2316.2088447349447,-0.02,3,MEDIUM,SL,2024-04-19,-46.324176894698894
GE,2024-04-19,2024-04-22,2024-04-23,2297.6419658028526,0.04,3,MEDIUM,TP,2024-04-23,91.9056786321141
PEP,2024-04-23,2024-04-24,2024-04-24,2316.023101529275,0.04,5,HIGH,TP,2024-04-25,92.640924061171
GE,2024-04-24,2024-04-25,2024-04-29,2334.5512863415092,0.04,3,MEDIUM,TP,2024-04-29,93.38205145366037
COP,2024-04-30,2024-05-01,2024-05-02,2353.227696632242,-0.02,4,HIGH,SL,2024-05-02,-47.06455393264484
XOM,2024-04-26,2024-04-29,2024-05-03,2353.2276966322415,-0.02,4,HIGH,SL,2024-05-03,-47.064553932644834
CVX,2024-04-30,2024-05-01,2024-05-03,2353.2276966322415,-0.02,5,HIGH,SL,2024-05-03,-47.064553932644834
GOOGL,2024-04-29,2024-04-30,2024-05-07,2353.227696632242,0.0340558049305668,4,HIGH,TIME,2024-05-07,80.14106339371466
GE,2024-05-13,2024-05-14,2024-05-21,2341.0171769513977,0.0148764799208795,3,MEDIUM,TIME,2024-05-21,34.82609502735148
AMD,2024-05-29,2024-05-30,2024-05-30,2347.982395956868,-0.0200000000000001,3,MEDIUM,SL,2024-05-31,-46.959647919137595
AMD,2024-06-03,2024-06-04,2024-06-04,2338.5904663730407,-0.02,4,HIGH,SL,2024-06-05,-46.771809327460815
NEE,2024-06-03,2024-06-04,2024-06-07,2338.5904663730407,-0.0200000000000001,4,HIGH,SL,2024-06-07,-46.77180932746105
BAC,2024-06-11,2024-06-12,2024-06-13,2319.881742642057,-0.0199999999999999,3,MEDIUM,SL,2024-06-13,-46.39763485284091
UNH,2024-06-07,2024-06-10,2024-06-17,2319.881742642057,0.0006221230570091,4,HIGH,TIME,2024-06-17,1.4432519216320745
NKE,2024-06-12,2024-06-13,2024-06-17,2310.6022156714885,-0.02,5,HIGH,SL,2024-06-17,-46.21204431342977
TSLA,2024-06-14,2024-06-17,2024-06-17,2301.6484571931287,0.04,3,MEDIUM,TP,2024-06-18,92.06593828772515
NVDA,2024-06-21,2024-06-24,2024-06-24,2320.061644850674,-0.02,3,MEDIUM,SL,2024-06-25,-46.40123289701348
AVGO,2024-06-24,2024-06-25,2024-06-25,2310.781398271272,-0.02,4,HIGH,SL,2024-06-26,-46.21562796542544
AAPL,2024-06-20,2024-06-21,2024-06-28,2320.061644850674,0.0010931791732267,4,HIGH,TIME,2024-06-28,2.5362430707528376
NKE,2024-06-25,2024-06-26,2024-06-28,2301.5382726781863,-0.0199999999999999,5,HIGH,SL,2024-06-28,-46.0307654535635
NFLX,2024-06-24,2024-06-25,2024-07-02,2310.7813982712714,0.0091173437418041,5,HIGH,TIME,2024-07-02,21.068188320205905
HD,2024-06-25,2024-06-26,2024-07-02,2273.771774912613,-0.02,4,HIGH,SL,2024-07-02,-45.47543549825227
META,2024-06-28,2024-07-01,2024-07-01,2285.2660269444245,-0.02,5,HIGH,SL,2024-07-02,-45.70532053888849
WMT,2024-06-25,2024-06-26,2024-07-03,2301.5382726781863,0.0124626483227174,5,HIGH,TIME,2024-07-03,28.683262093662698
GS,2024-06-27,2024-06-28,2024-07-03,2292.8393682016244,0.04,4,HIGH,TP,2024-07-03,91.71357472806498
ORCL,2024-07-09,2024-07-10,2024-07-15,2302.8962220225826,0.04,5,HIGH,TP,2024-07-15,92.1158488809033
META,2024-07-12,2024-07-15,2024-07-16,2321.3193917987637,-0.02,3,MEDIUM,SL,2024-07-16,-46.42638783597528
GOOGL,2024-07-11,2024-07-12,2024-07-17,2302.8962220225826,-0.02,5,HIGH,SL,2024-07-17,-46.05792444045165
MSFT,2024-07-11,2024-07-12,2024-07-17,2302.8962220225826,-0.02,5,HIGH,SL,2024-07-17,-46.05792444045165
NFLX,2024-07-11,2024-07-12,2024-07-17,2302.896222022583,-0.02,4,HIGH,SL,2024-07-17,-46.057924440451664
AMZN,2024-07-17,2024-07-18,2024-07-18,2284.399359567298,-0.02,4,HIGH,SL,2024-07-19,-45.687987191345954
LLY,2024-07-17,2024-07-18,2024-07-18,2284.399359567298,-0.02,4,HIGH,SL,2024-07-19,-45.687987191345954
MS,2024-07-18,2024-07-19,2024-07-19,2247.8489698142193,-0.0199999999999999,4,HIGH,SL,2024-07-20,-44.95697939628416
BAC,2024-07-18,2024-07-19,2024-07-22,2266.1241646907592,-0.02,4,HIGH,SL,2024-07-22,-45.32248329381519
CAT,2024-07-19,2024-07-22,2024-07-24,2248.068272152739,-0.0200000000000001,5,HIGH,SL,2024-07-24,-44.96136544305501
ORCL,2024-07-17,2024-07-18,2024-07-25,2284.399359567298,-0.011050467318456,4,HIGH,TIME,2024-07-25,-25.243680465200242
GS,2024-07-18,2024-07-19,2024-07-26,2266.1241646907592,0.0202608481174928,5,HIGH,TIME,2024-07-26,45.91359751617972
JPM,2024-07-18,2024-07-19,2024-07-26,2266.1241646907592,0.0049242569038923,5,HIGH,TIME,2024-07-26,11.158977563055641
MS,2024-07-19,2024-07-22,2024-07-29,2175.62539966214,9.76296354171513e-05,5,HIGH,TIME,2024-07-29,0.2124055145733088
BLK,2024-07-24,2024-07-25,2024-07-29,2234.0272629710885,0.04,4,HIGH,TP,2024-07-29,89.36109051884354
HD,2024-07-24,2024-07-25,2024-07-30,2228.2353228406932,0.04,4,HIGH,TP,2024-07-30,89.12941291362773
JNJ,2024-07-31,2024-08-01,2024-08-02,2281.182359776344,0.04,5,HIGH,TP,2024-08-02,91.24729439105377
PFE,2024-07-31,2024-08-01,2024-08-01,2281.182359776344,-0.02,5,HIGH,SL,2024-08-02,-45.623647195526885
HD,2024-08-01,2024-08-02,2024-08-02,2290.3070892154497,-0.02,5,HIGH,SL,2024-08-03,-45.80614178430899
JPM,2024-08-01,2024-08-02,2024-08-02,2290.3070892154497,-0.02,4,HIGH,SL,2024-08-03,-45.80614178430899
ADBE,2024-08-02,2024-08-05,2024-08-07,2271.984632501726,0.04,4,HIGH,TP,2024-08-07,90.87938530006905
PLD,2024-08-02,2024-08-05,2024-08-12,2271.984632501726,-8.332832826074554e-05,4,HIGH,TIME,2024-08-12,-0.18932068126047316
AMT,2024-08-05,2024-08-06,2024-08-12,2271.984632501726,-0.02,3,MEDIUM,SL,2024-08-12,-45.43969265003452
ABBV,2024-08-05,2024-08-06,2024-08-13,2271.984632501726,0.0312786902132802,3,MEDIUM,TIME,2024-08-13,71.06470348935474
DUK,2024-08-05,2024-08-06,2024-08-13,2271.984632501726,0.0109343405878366,3,MEDIUM,TIME,2024-08-13,24.842653782104644
LOW,2024-08-07,2024-08-08,2024-08-15,2290.16050956174,0.04,4,HIGH,TP,2024-08-15,91.60642038246961
AVGO,2024-08-22,2024-08-23,2024-08-26,2318.5374624262668,-0.02,4,HIGH,SL,2024-08-26,-46.370749248525335
NVDA,2024-08-22,2024-08-23,2024-08-26,2318.5374624262668,0.04,4,HIGH,TP,2024-08-26,92.74149849705067
XOM,2024-08-20,2024-08-21,2024-08-28,2318.5374624262668,0.0131293367473093,4,HIGH,TIME,2024-08-28,30.44085910544644
CRM,2024-08-28,2024-08-29,2024-08-29,2333.899784097061,-0.02,5,HIGH,SL,2024-08-30,-46.67799568194122
NVDA,2024-08-28,2024-08-29,2024-08-29,2333.899784097061,-0.02,4,HIGH,SL,2024-08-30,-46.67799568194122
JPM,2024-09-03,2024-09-04,2024-09-05,2315.2285858242844,-0.02,4,HIGH,SL,2024-09-05,-46.30457171648569
XOM,2024-09-03,2024-09-04,2024-09-06,2315.2285858242844,-0.02,3,MEDIUM,SL,2024-09-06,-46.30457171648569
AAPL,2024-09-03,2024-09-04,2024-09-09,2315.2285858242844,-0.0199999999999999,4,HIGH,SL,2024-09-09,-46.304571716485455
JPM,2024-09-06,2024-09-09,2024-09-10,2287.4458427943932,-0.02,4,HIGH,SL,2024-09-10,-45.74891685588786
NFLX,2024-09-03,2024-09-04,2024-09-11,2315.2285858242844,0.0121192597251804,4,HIGH,TIME,2024-09-11,28.058856554766624
ABBV,2024-09-05,2024-09-06,2024-09-13,2296.70675713769,0.0038249186963812,4,HIGH,TIME,2024-09-13,8.784716615480988
TSLA,2024-09-20,2024-09-23,2024-09-24,2285.664774057265,0.04,3,MEDIUM,TP,2024-09-24,91.42659096229059
WMT,2024-09-17,2024-09-18,2024-09-25,2285.664774057265,0.0350965945003709,5,HIGH,TIME,2024-09-25,80.2190497388697
NFLX,2024-09-18,2024-09-19,2024-09-26,2285.664774057265,0.0091205353432513,4,HIGH,TIME,2024-09-26,20.84648635461378
NEE,2024-09-19,2024-09-20,2024-09-27,2285.664774057265,0.027841941883024,5,HIGH,TIME,2024-09-27,63.63734580337755
PLD,2024-09-20,2024-09-23,2024-09-30,2285.6647740572653,-0.0025276444349754,4,HIGH,TIME,2024-09-30,-5.777347846365152
TSLA,2024-10-02,2024-10-03,2024-10-03,2335.7351990598227,-0.02,4,HIGH,SL,2024-10-04,-46.71470398119646
AAPL,2024-10-01,2024-10-02,2024-10-07,2335.735199059822,-0.02,5,HIGH,SL,2024-10-07,-46.71470398119644
MSFT,2024-10-01,2024-10-02,2024-10-07,2335.7351990598227,-0.0199999999999999,4,HIGH,SL,2024-10-07,-46.714703981196216
TSLA,2024-10-03,2024-10-04,2024-10-07,2326.3922582635832,-0.02,4,HIGH,SL,2024-10-07,-46.527845165271664
DIS,2024-10-01,2024-10-02,2024-10-08,2335.735199059822,-0.02,5,HIGH,SL,2024-10-08,-46.71470398119644
NFLX,2024-10-07,2024-10-08,2024-10-10,2289.0578668418107,0.04,4,HIGH,TP,2024-10-10,91.56231467367243
AMZN,2024-10-07,2024-10-08,2024-10-11,2289.0578668418107,0.04,4,HIGH,TP,2024-10-11,91.56231467367243
DIS,2024-10-07,2024-10-08,2024-10-15,2289.0578668418107,0.0183742713605223,4,HIGH,TIME,2024-10-15,42.059770405289754
AMD,2024-10-10,2024-10-11,2024-10-15,2325.68279271128,-0.0200000000000001,5,HIGH,SL,2024-10-15,-46.51365585422583
PFE,2024-10-10,2024-10-11,2024-10-18,2325.68279271128,-0.0047684403117772,4,HIGH,TIME,2024-10-18,-11.089879581171045
CAT,2024-10-14,2024-10-15,2024-10-22,2324.7920156214927,-0.0019822748518085,4,HIGH,TIME,2024-10-22,-4.608376748251679
AVGO,2024-10-15,2024-10-16,2024-10-23,2324.7920156214923,-0.0199999999999999,5,HIGH,SL,2024-10-23,-46.495840312429614
XOM,2024-10-15,2024-10-16,2024-10-23,2324.7920156214927,-0.0051286124671493,5,HIGH,TIME,2024-10-23,-11.922957314845538
UPS,2024-10-21,2024-10-22,2024-10-24,2315.3730618238374,0.04,4,HIGH,TP,2024-10-24,92.6149224729535
MS,2024-10-21,2024-10-22,2024-10-29,2321.652364355608,0.0140245274170254,5,HIGH,TIME,2024-10-29,32.560077236707066
HD,2024-10-21,2024-10-22,2024-10-29,2321.652364355608,-0.02,4,HIGH,SL,2024-10-29,-46.43304728711216
META,2024-10-23,2024-10-24,2024-10-29,2328.491589324743,0.04,4,HIGH,TP,2024-10-29,93.13966357298972
AMZN,2024-10-23,2024-10-24,2024-10-30,2328.491589324743,0.04,4,HIGH,TP,2024-10-30,93.13966357298972
AAPL,2024-10-23,2024-10-24,2024-10-31,2328.491589324743,-0.02,5,HIGH,SL,2024-10-31,-46.56983178649486
AMZN,2024-10-31,2024-11-01,2024-11-04,2353.658894386559,-0.0199999999999999,4,HIGH,SL,2024-11-04,-47.07317788773094
CAT,2024-10-30,2024-10-31,2024-11-06,2353.658894386559,0.04,4,HIGH,TP,2024-11-06,94.14635577546237
AVGO,2024-10-31,2024-11-01,2024-11-06,2353.658894386559,0.04,4,HIGH,TP,2024-11-06,94.14635577546237
MA,2024-10-31,2024-11-01,2024-11-06,2353.658894386559,0.04,4,HIGH,TP,2024-11-06,94.14635577546237
ORCL,2024-10-31,2024-11-01,2024-11-06,2353.658894386559,0.04,4,HIGH,TP,2024-11-06,94.14635577546237
CAT,2024-11-07,2024-11-08,2024-11-08,2419.5613434293823,-0.0200000000000001,3,MEDIUM,SL,2024-11-09,-48.39122686858789
CAT,2024-11-08,2024-11-11,2024-11-13,2409.8830980556645,-0.0200000000000001,4,HIGH,SL,2024-11-13,-48.19766196111353
CRM,2024-11-14,2024-11-15,2024-11-18,2400.243565663442,-0.02,5,HIGH,SL,2024-11-18,-48.00487131326884
NVDA,2024-11-15,2024-11-18,2024-11-19,2390.642591400788,0.04,4,HIGH,TP,2024-11-19,95.62570365603153
AMZN,2024-11-21,2024-11-22,2024-11-26,2409.7677321319943,0.04,3,MEDIUM,TP,2024-11-26,96.39070928527977
NVDA,2024-11-22,2024-11-25,2024-11-25,2409.7677321319943,-0.02,3,MEDIUM,SL,2024-11-26,-48.195354642639884
BLK,2024-11-19,2024-11-20,2024-11-27,2409.7677321319943,-0.0124957468755896,4,HIGH,TIME,2024-11-27,-30.111847609685004
ORCL,2024-11-25,2024-11-26,2024-11-27,2419.406803060522,-0.02,4,HIGH,SL,2024-11-27,-48.388136061210446
NFLX,2024-11-25,2024-11-26,2024-12-02,2419.4068030605226,0.04,5,HIGH,TP,2024-12-02,96.7762721224209
CRM,2024-11-27,2024-11-29,2024-12-04,2403.706806326343,0.04,5,HIGH,TP,2024-12-04,96.14827225305373
CVX,2024-12-04,2024-12-05,2024-12-06,2442.291715201438,-0.02,4,HIGH,SL,2024-12-06,-48.845834304028756
CVX,2024-12-06,2024-12-09,2024-12-13,2432.522548340632,-0.0199999999999999,4,HIGH,SL,2024-12-13,-48.6504509668124
NFLX,2024-12-09,2024-12-10,2024-12-17,2432.522548340632,0.0058768447590702,3,MEDIUM,TIME,2024-12-17,14.29555738953573
GOOGL,2024-12-18,2024-12-19,2024-12-20,2425.6515696251768,-0.02,4,HIGH,SL,2024-12-20,-48.513031392503535
MSFT,2024-12-18,2024-12-19,2024-12-20,2425.6515696251768,-0.02,4,HIGH,SL,2024-12-20,-48.513031392503535
BLK,2024-12-18,2024-12-19,2024-12-19,2425.6515696251768,-0.02,3,MEDIUM,SL,2024-12-20,-48.513031392503535
CRM,2024-12-18,2024-12-19,2024-12-20,2425.651569625176,-0.02,3,MEDIUM,SL,2024-12-20,-48.51303139250352
AAPL,2024-12-18,2024-12-19,2024-12-24,2425.6515696251768,0.04,4,HIGH,TP,2024-12-24,97.02606278500707
TSLA,2024-12-20,2024-12-23,2024-12-23,2386.841144511174,-0.02,3,MEDIUM,SL,2024-12-24,-47.736822890223486
WMT,2024-12-23,2024-12-24,2025-01-02,2396.6989924901313,-0.0040944147168749,4,HIGH,TIME,2025-01-02,-9.81307962677084
BA,2024-12-30,2024-12-31,2025-01-02,2396.6989924901313,-0.02,4,HIGH,SL,2025-01-02,-47.933979849802625
AAPL,2025-01-02,2025-01-03,2025-01-10,2385.1495805948157,-0.02,4,HIGH,SL,2025-01-10,-47.702991611896316
BA,2025-01-02,2025-01-03,2025-01-10,2385.1495805948157,-0.02,4,HIGH,SL,2025-01-10,-47.702991611896316
META,2025-01-14,2025-01-15,2025-01-23,2366.068383950057,0.04,3,MEDIUM,TP,2025-01-23,94.64273535800228
NVDA,2025-01-24,2025-01-27,2025-01-27,2384.996931021658,-0.02,3,MEDIUM,SL,2025-01-28,-47.69993862043316
CVX,2025-01-21,2025-01-22,2025-01-29,2366.068383950057,-0.0126203880741605,5,HIGH,TIME,2025-01-29,-29.86070121545151
CAT,2025-01-27,2025-01-28,2025-01-30,2375.456943297571,-0.0200000000000001,5,HIGH,SL,2025-01-30,-47.509138865951655
MSFT,2025-01-27,2025-01-28,2025-01-30,2375.456943297571,-0.02,4,HIGH,SL,2025-01-30,-47.50913886595142
BA,2025-01-29,2025-01-30,2025-01-31,2350.4811475081,0.04,4,HIGH,TP,2025-01-31,94.01924590032401
CRM,2025-01-30,2025-01-31,2025-01-31,2369.2849966881645,-0.02,4,HIGH,SL,2025-02-01,-47.38569993376329
AMZN,2025-02-05,2025-02-06,2025-02-07,2359.807856701412,-0.02,5,HIGH,SL,2025-02-07,-47.19615713402825
DUK,2025-02-13,2025-02-14,2025-02-18,2350.368625274606,-0.02,5,HIGH,SL,2025-02-18,-47.00737250549212
META,2025-02-18,2025-02-19,2025-02-21,2340.9671507735075,-0.02,5,HIGH,SL,2025-02-21,-46.81934301547015
BA,2025-02-20,2025-02-21,2025-02-21,2331.6032821704134,-0.02,5,HIGH,SL,2025-02-22,-46.63206564340827
GS,2025-02-20,2025-02-21,2025-02-21,2331.6032821704134,-0.02,4,HIGH,SL,2025-02-22,-46.63206564340827
GS,2025-02-21,2025-02-24,2025-02-24,2312.95045591305,-0.0199999999999999,4,HIGH,SL,2025-02-25,-46.25900911826077
NFLX,2025-02-21,2025-02-24,2025-02-24,2312.9504559130496,-0.02,3,MEDIUM,SL,2025-02-25,-46.25900911826099
BA,2025-02-21,2025-02-24,2025-02-26,2312.9504559130496,-0.02,3,MEDIUM,SL,2025-02-26,-46.25900911826099
COST,2025-02-20,2025-02-21,2025-02-28,2331.6032821704134,0.0135316755835617,5,HIGH,TIME,2025-02-28,31.550499203897704
PEP,2025-02-26,2025-02-27,2025-03-04,2285.1950504420934,0.04,5,HIGH,TP,2025-03-04,91.40780201768374
NFLX,2025-02-27,2025-02-28,2025-03-04,2291.505150282873,-0.02,3,MEDIUM,SL,2025-03-04,-45.830103005657456
CVX,2025-03-03,2025-03-04,2025-03-05,2300.6206900852785,-0.0199999999999999,4,HIGH,SL,2025-03-05,-46.01241380170534
MCD,2025-02-26,2025-02-27,2025-03-06,2285.1950504420934,0.0228447163260054,5,HIGH,TIME,2025-03-06,52.20463267694122
V,2025-03-04,2025-03-05,2025-03-06,2291.418207324937,-0.02,4,HIGH,SL,2025-03-06,-45.82836414649874
MA,2025-03-04,2025-03-05,2025-03-07,2291.418207324937,-0.02,4,HIGH,SL,2025-03-07,-45.82836414649874
GE,2025-03-06,2025-03-07,2025-03-07,2283.5277882017263,-0.0200000000000001,4,HIGH,SL,2025-03-08,-45.67055576403476
PLD,2025-03-06,2025-03-07,2025-03-07,2283.5277882017263,-0.02,4,HIGH,SL,2025-03-08,-45.670555764034525
COST,2025-03-06,2025-03-07,2025-03-07,2275.637369078514,-0.02,3,MEDIUM,SL,2025-03-08,-45.51274738157028
KO,2025-03-04,2025-03-05,2025-03-10,2291.418207324937,0.04,5,HIGH,TP,2025-03-10,91.65672829299749
V,2025-03-06,2025-03-07,2025-03-11,2283.5277882017263,-0.02,4,HIGH,SL,2025-03-11,-45.670555764034525
MCD,2025-03-11,2025-03-12,2025-03-12,2265.354250925591,-0.0199999999999999,4,HIGH,SL,2025-03-13,-45.307085018511586
NEE,2025-03-11,2025-03-12,2025-03-17,2265.354250925591,-0.0199999999999999,4,HIGH,SL,2025-03-17,-45.307085018511586
PEP,2025-03-11,2025-03-12,2025-03-19,2265.354250925591,0.003863322072285,4,HIGH,TIME,2025-03-19,8.751793079145488
MCD,2025-03-12,2025-03-13,2025-03-20,2256.2928339218884,0.0218684843149583,3,MEDIUM,TIME,2025-03-20,49.34170444857363
ABBV,2025-03-25,2025-03-26,2025-03-26,2258.85011642373,-0.02,4,HIGH,SL,2025-03-27,-45.1770023284746
AMT,2025-04-04,2025-04-07,2025-04-07,2249.8147159580353,-0.0199999999999999,3,MEDIUM,SL,2025-04-08,-44.996294319160484
UNH,2025-04-04,2025-04-07,2025-04-08,2249.8147159580353,0.04,3,MEDIUM,TP,2025-04-08,89.99258863832141
AMT,2025-04-07,2025-04-08,2025-04-08,2258.8139748218673,-0.02,4,HIGH,SL,2025-04-09,-45.176279496437346
AMT,2025-04-23,2025-04-24,2025-04-25,2249.7787189225796,-0.02,3,MEDIUM,SL,2025-04-25,-44.99557437845159
DUK,2025-05-08,2025-05-09,2025-05-12,2240.7796040468893,-0.0200000000000001,4,HIGH,SL,2025-05-12,-44.81559208093801
HON,2025-05-06,2025-05-07,2025-05-14,2240.7796040468893,0.015334222822541,4,HIGH,TIME,2025-05-14,34.3606137446602
NFLX,2025-05-12,2025-05-13,2025-05-15,2231.8164856307017,0.04,4,HIGH,TP,2025-05-15,89.27265942522807
AMZN,2025-05-15,2025-05-16,2025-05-19,2256.5431402646796,-0.0199999999999999,4,HIGH,SL,2025-05-19,-45.13086280529336
BLK,2025-05-21,2025-05-22,2025-05-23,2247.516967703621,-0.02,5,HIGH,SL,2025-05-23,-44.95033935407242
NEE,2025-05-21,2025-05-22,2025-05-22,2247.516967703621,-0.02,5,HIGH,SL,2025-05-23,-44.95033935407242
CRM,2025-05-23,2025-05-27,2025-05-29,2229.536831961992,-0.02,4,HIGH,SL,2025-05-29,-44.59073663923984
BAC,2025-05-21,2025-05-22,2025-05-30,2247.516967703621,0.0220010511646313,5,HIGH,TIME,2025-05-30,49.44773579982436
MS,2025-05-21,2025-05-22,2025-05-30,2247.516967703621,0.027445667171517,5,HIGH,TIME,2025-05-30,61.684602657930704
V,2025-05-21,2025-05-22,2025-05-30,2247.516967703621,0.0207681240413522,5,HIGH,TIME,2025-05-30,46.676711170312565
NVDA,2025-05-30,2025-06-02,2025-06-03,2252.1804945597573,0.04,4,HIGH,TP,2025-06-03,90.08721978239029
TSLA,2025-05-30,2025-06-02,2025-06-02,2252.1804945597573,-0.02,3,MEDIUM,SL,2025-06-03,-45.043609891195146
ADBE,2025-06-02,2025-06-03,2025-06-05,2261.189216537996,0.04,5,HIGH,TP,2025-06-05,90.44756866151984
COST,2025-06-05,2025-06-06,2025-06-09,2279.2787302703,-0.02,4,HIGH,SL,2025-06-09,-45.585574605406
GE,2025-06-10,2025-06-11,2025-06-13,2270.161615349219,-0.02,5,HIGH,SL,2025-06-13,-45.403232306984386
AMD,2025-06-12,2025-06-13,2025-06-16,2261.080968887822,0.04,4,HIGH,TP,2025-06-16,90.44323875551288
NKE,2025-06-13,2025-06-16,2025-06-17,2279.1696166389247,-0.02,4,HIGH,SL,2025-06-17,-45.583392332778494
COP,2025-06-16,2025-06-17,2025-06-18,2270.052938172369,-0.0199999999999999,3,MEDIUM,SL,2025-06-18,-45.40105876344715
AMZN,2025-06-11,2025-06-12,2025-06-20,2270.161615349219,-0.0098687144675483,4,HIGH,TIME,2025-06-20,-22.403576777069656
GE,2025-06-12,2025-06-13,2025-06-23,2261.080968887822,0.04,3,MEDIUM,TP,2025-06-23,90.44323875551288
MRK,2025-06-17,2025-06-18,2025-06-24,2260.9727264196795,0.04,5,HIGH,TP,2025-06-24,90.43890905678718
GOOGL,2025-06-20,2025-06-23,2025-06-23,2274.580658815368,-0.0199999999999999,4,HIGH,SL,2025-06-24,-45.49161317630713
NKE,2025-06-17,2025-06-18,2025-06-26,2260.9727264196795,0.04,4,HIGH,TP,2025-06-26,90.43890905678718
COP,2025-06-23,2025-06-24,2025-07-01,2283.570117991464,0.0193926057535078,5,HIGH,TIME,2025-07-01,44.284375008699755
XOM,2025-06-23,2025-06-24,2025-07-01,2283.5701179914645,-9.165463591764844e-05,5,HIGH,TIME,2025-07-01,-0.20929978775692917
CVX,2025-06-24,2025-06-25,2025-07-02,2283.5701179914645,0.0318667076733245,5,HIGH,TIME,2025-07-02,72.76986140157314
AVGO,2025-07-01,2025-07-02,2025-07-03,2325.026887127325,0.04,5,HIGH,TP,2025-07-03,93.00107548509301
NVDA,2025-07-01,2025-07-02,2025-07-03,2325.0268871273247,0.04,5,HIGH,TP,2025-07-03,93.00107548509298
NFLX,2025-07-01,2025-07-02,2025-07-08,2325.026887127325,-0.02,5,HIGH,SL,2025-07-08,-46.500537742546506
META,2025-07-01,2025-07-02,2025-07-10,2325.026887127325,0.0166495903566847,5,HIGH,TIME,2025-07-10,38.710745238947766
NFLX,2025-07-10,2025-07-11,2025-07-11,2360.669358820642,-0.02,4,HIGH,SL,2025-07-12,-47.213387176412844
NEE,2025-07-08,2025-07-09,2025-07-14,2352.927209772853,0.04,5,HIGH,TP,2025-07-14,94.11708839091412
UPS,2025-07-07,2025-07-08,2025-07-15,2352.927209772853,-0.0173758664196488,4,HIGH,TIME,2025-07-15,-40.88414889217006
BAC,2025-07-08,2025-07-09,2025-07-15,2352.927209772853,-0.02,5,HIGH,SL,2025-07-15,-47.05854419545706
JPM,2025-07-08,2025-07-09,2025-07-16,2352.9272097728526,-0.0047357437156928,5,HIGH,TIME,2025-07-16,-11.14286024716438
CVX,2025-07-14,2025-07-15,2025-07-18,2352.461560446017,-0.02,5,HIGH,SL,2025-07-18,-47.04923120892034
GE,2025-07-17,2025-07-18,2025-07-21,2340.8231421548003,-0.02,4,HIGH,SL,2025-07-21,-46.816462843096005
LLY,2025-07-15,2025-07-16,2025-07-23,2350.232988396584,0.0328248209056902,4,HIGH,TIME,2025-07-23,77.14597693076294
PFE,2025-07-15,2025-07-16,2025-07-23,2350.232988396584,0.0275526551476381,4,HIGH,TIME,2025-07-23,64.75515904589402
NVDA,2025-07-22,2025-07-23,2025-07-28,2359.8400767815124,0.04,5,HIGH,TP,2025-07-28,94.3936030712605
AMT,2025-07-28,2025-07-29,2025-07-29,2378.718797395764,-0.02,5,HIGH,SL,2025-07-30,-47.57437594791528
META,2025-07-29,2025-07-30,2025-07-30,2369.203922206181,-0.02,4,HIGH,SL,2025-07-31,-47.38407844412362
NKE,2025-07-30,2025-07-31,2025-07-31,2359.7271065173563,-0.02,3,MEDIUM,SL,2025-08-01,-47.19454213034713
AVGO,2025-07-31,2025-08-01,2025-08-04,2350.288198091287,0.04,5,HIGH,TP,2025-08-04,94.01152792365149
GOOGL,2025-07-31,2025-08-01,2025-08-05,2350.288198091287,0.04,5,HIGH,TP,2025-08-05,94.01152792365149
ORCL,2025-08-01,2025-08-04,2025-08-05,2369.0905036760173,0.04,5,HIGH,TP,2025-08-05,94.7636201470407
CAT,2025-08-01,2025-08-04,2025-08-07,2369.0905036760173,-0.02,5,HIGH,SL,2025-08-07,-47.38181007352035
NKE,2025-07-31,2025-08-01,2025-08-08,2350.288198091287,0.0102125151698353,4,HIGH,TIME,2025-08-08,24.002353876492144
PEP,2025-07-31,2025-08-01,2025-08-08,2350.288198091287,0.04,4,HIGH,TP,2025-08-08,94.01152792365149
CAT,2025-08-07,2025-08-08,2025-08-11,2420.971947635481,-0.0199999999999999,4,HIGH,SL,2025-08-11,-48.41943895270937
ORCL,2025-08-07,2025-08-08,2025-08-13,2420.971947635481,-0.0199999999999999,5,HIGH,SL,2025-08-13,-48.41943895270937
GE,2025-08-13,2025-08-14,2025-08-15,2401.6041720543976,-0.0200000000000001,4,HIGH,SL,2025-08-15,-48.0320834410882
ORCL,2025-08-13,2025-08-14,2025-08-19,2401.604172054397,-0.02,4,HIGH,SL,2025-08-19,-48.03208344108794
MS,2025-08-15,2025-08-18,2025-08-20,2391.9977553661793,-0.02,5,HIGH,SL,2025-08-20,-47.83995510732359
META,2025-08-18,2025-08-19,2025-08-19,2382.391338677962,-0.02,4,HIGH,SL,2025-08-20,-47.64782677355924
WMT,2025-08-13,2025-08-14,2025-08-21,2401.604172054397,-0.02,5,HIGH,SL,2025-08-21,-48.03208344108794
AVGO,2025-08-19,2025-08-20,2025-08-20,2363.293782301785,-0.0199999999999999,4,HIGH,SL,2025-08-21,-47.26587564603547
NVDA,2025-08-19,2025-08-20,2025-08-20,2296.279419484778,-0.0199999999999999,4,HIGH,SL,2025-08-21,-45.92558838969533
BA,2025-08-19,2025-08-20,2025-08-22,2363.293782301785,0.04,4,HIGH,TP,2025-08-22,94.5317512920714
BLK,2025-08-15,2025-08-18,2025-08-25,2391.9977553661797,0.0027338580511275,5,HIGH,TIME,2025-08-25,6.539382321786738
AVGO,2025-08-29,2025-09-02,2025-09-03,2355.263299529193,0.04,4,HIGH,TP,2025-09-03,94.21053198116772
TSLA,2025-08-29,2025-09-02,2025-09-03,2355.2632995291924,0.04,4,HIGH,TP,2025-09-03,94.2105319811677
NVDA,2025-08-29,2025-09-02,2025-09-05,2355.263299529193,-0.02,4,HIGH,SL,2025-09-05,-47.10526599058386
CVX,2025-09-03,2025-09-04,2025-09-05,2392.9475123216594,-0.02,5,HIGH,SL,2025-09-05,-47.85895024643319
CAT,2025-08-29,2025-09-02,2025-09-09,2355.263299529193,0.0100986736806323,4,HIGH,TIME,2025-09-09,23.78503549391465
PLD,2025-09-02,2025-09-03,2025-09-10,2392.9475123216594,-0.0001801914167361,5,HIGH,TIME,2025-09-10,-0.43118860242036594
NKE,2025-09-02,2025-09-03,2025-09-10,2392.9475123216594,-0.0020160469696134,4,HIGH,TIME,2025-09-10,-4.8242945806600055
AVGO,2025-09-09,2025-09-10,2025-09-10,2377.6605795364226,0.04,3,MEDIUM,TP,2025-09-11,95.1064231814569
JPM,2025-09-05,2025-09-08,2025-09-12,2354.660352124511,0.04,4,HIGH,TP,2025-09-12,94.18641408498044
AMZN,2025-09-10,2025-09-11,2025-09-12,2396.681864172714,-0.02,5,HIGH,SL,2025-09-12,-47.93363728345428
CVX,2025-09-05,2025-09-08,2025-09-15,2373.954669074256,0.0220908741898799,4,HIGH,TIME,2025-09-15,52.442733926997356
AAPL,2025-09-10,2025-09-11,2025-09-15,2396.6818641727145,0.04,4,HIGH,TP,2025-09-15,95.86727456690858
PEP,2025-09-08,2025-09-09,2025-09-16,2378.711676173039,-0.0081457263757263,4,HIGH,TIME,2025-09-16,-19.37633444085084
AVGO,2025-09-17,2025-09-18,2025-09-19,2431.7191543436306,-0.0199999999999999,4,HIGH,SL,2025-09-19,-48.63438308687237
MA,2025-09-18,2025-09-19,2025-09-23,2421.992277726256,-0.02,3,MEDIUM,SL,2025-09-23,-48.43984555452512
XOM,2025-09-29,2025-09-30,2025-10-02,2412.304308615351,-0.02,5,HIGH,SL,2025-10-02,-48.246086172307024
ABBV,2025-10-02,2025-10-03,2025-10-06,2402.6550913808896,-0.02,4,HIGH,SL,2025-10-06,-48.053101827617795
COP,2025-09-29,2025-09-30,2025-10-07,2412.3043086153516,-0.0200000000000001,4,HIGH,SL,2025-10-07,-48.24608617230727
CVX,2025-09-29,2025-09-30,2025-10-07,2412.304308615351,-0.02,4,HIGH,SL,2025-10-07,-48.246086172307024
PFE,2025-10-06,2025-10-07,2025-10-08,2373.7460365464435,-0.02,5,HIGH,SL,2025-10-08,-47.47492073092887
BLK,2025-10-01,2025-10-02,2025-10-09,2402.6550913808896,0.0191089458924029,5,HIGH,TIME,2025-10-09,45.91220613930377
BLK,2025-10-10,2025-10-13,2025-10-14,2373.433493628119,0.04,3,MEDIUM,TP,2025-10-14,94.93733974512476
GS,2025-10-14,2025-10-15,2025-10-15,2392.4209615771433,-0.0200000000000001,3,MEDIUM,SL,2025-10-16,-47.848419231543105
UNH,2025-10-10,2025-10-13,2025-10-20,2373.433493628119,0.0274568371388486,4,HIGH,TIME,2025-10-20,65.16697689443572
AAPL,2025-10-10,2025-10-13,2025-10-20,2373.433493628119,0.04,3,MEDIUM,TP,2025-10-20,94.93733974512476
BLK,2025-10-16,2025-10-17,2025-10-21,2382.8512777308347,-0.0200000000000001,3,MEDIUM,SL,2025-10-21,-47.657025554616936
BAC,2025-10-16,2025-10-17,2025-10-24,2382.8512777308347,0.0317958205117165,3,MEDIUM,TIME,2025-10-24,75.76471153284393
LLY,2025-10-17,2025-10-20,2025-10-27,2414.872141058747,0.0258315864493696,4,HIGH,TIME,2025-10-27,62.37997847593328
GOOGL,2025-10-21,2025-10-22,2025-10-27,2405.3407359478233,0.04,4,HIGH,TP,2025-10-27,96.21362943791293
GE,2025-10-22,2025-10-23,2025-10-27,2405.3407359478233,0.04,4,HIGH,TP,2025-10-27,96.21362943791293
HON,2025-10-24,2025-10-27,2025-10-28,2471.455125724744,-0.02,3,MEDIUM,SL,2025-10-28,-49.42910251449488
TSLA,2025-10-24,2025-10-27,2025-10-27,2471.455125724744,0.04,3,MEDIUM,TP,2025-10-28,98.85820502898976
CAT,2025-10-22,2025-10-23,2025-10-29,2405.3407359478233,0.04,4,HIGH,TP,2025-10-29,96.21362943791293
NEE,2025-10-28,2025-10-29,2025-10-29,2500.5836721152255,-0.0199999999999999,4,HIGH,SL,2025-10-30,-50.01167344230426
UNH,2025-10-29,2025-10-30,2025-10-31,2490.5813374267645,-0.0200000000000001,4,HIGH,SL,2025-10-31,-49.811626748535545
MSFT,2025-10-30,2025-10-31,2025-10-31,2480.6190120770575,-0.02,5,HIGH,SL,2025-11-01,-49.61238024154115
UNH,2025-10-30,2025-10-31,2025-10-31,2450.732036027935,-0.02,4,HIGH,SL,2025-11-01,-49.0146407205587
PEP,2025-10-29,2025-10-30,2025-11-03,2490.581337426765,-0.0200000000000001,4,HIGH,SL,2025-11-03,-49.81162674853555
KO,2025-10-29,2025-10-30,2025-11-06,2490.581337426765,0.0089115745693573,5,HIGH,TIME,2025-11-06,22.19500130952825
NEE,2025-10-29,2025-10-30,2025-11-06,2490.5813374267645,0.0021999732073623,3,MEDIUM,TIME,2025-11-06,5.479212213095447
NVDA,2025-11-04,2025-11-05,2025-11-05,2450.9312825349302,-0.02,5,HIGH,SL,2025-11-06,-49.0186256506986
AVGO,2025-11-04,2025-11-05,2025-11-07,2450.9312825349307,-0.0200000000000001,3,MEDIUM,SL,2025-11-07,-49.01862565069886
TSLA,2025-11-06,2025-11-07,2025-11-07,2436.8586749791752,-0.02,4,HIGH,SL,2025-11-08,-48.737173499583506
NVDA,2025-11-06,2025-11-07,2025-11-07,2436.8586749791752,-0.0199999999999999,3,MEDIUM,SL,2025-11-08,-48.737173499583264
TSLA,2025-11-07,2025-11-10,2025-11-12,2417.3638055793417,-0.02,3,MEDIUM,SL,2025-11-12,-48.34727611158684
BAC,2025-11-05,2025-11-06,2025-11-13,2446.662400109315,-0.0102957486625397,5,HIGH,TIME,2025-11-13,-25.190221133611654
GOOGL,2025-11-07,2025-11-10,2025-11-13,2417.3638055793417,-0.02,3,MEDIUM,SL,2025-11-13,-48.34727611158684
AMD,2025-11-11,2025-11-12,2025-11-12,2407.6943503570246,0.04,3,MEDIUM,TP,2025-11-13,96.307774014281
JPM,2025-11-13,2025-11-14,2025-11-14,2412.248405710841,-0.0200000000000001,5,HIGH,SL,2025-11-15,-48.24496811421706
GS,2025-11-13,2025-11-14,2025-11-14,2407.1330058423396,-0.02,4,HIGH,SL,2025-11-15,-48.14266011684679
BAC,2025-11-13,2025-11-14,2025-11-17,2412.248405710841,-0.0199999999999999,5,HIGH,SL,2025-11-17,-48.244968114216576
UPS,2025-11-10,2025-11-11,2025-11-18,2417.3638055793417,0.0067557516401115,3,MEDIUM,TIME,2025-11-18,16.331109494288814
PFE,2025-11-14,2025-11-17,2025-11-20,2383.3218864417845,-0.02,5,HIGH,SL,2025-11-20,-47.66643772883569
MS,2025-11-17,2025-11-18,2025-11-20,2386.588108340643,0.04,4,HIGH,TP,2025-11-20,95.46352433362573
CAT,2025-11-13,2025-11-14,2025-11-21,2412.248405710841,-0.02,4,HIGH,SL,2025-11-21,-48.24496811421682
ABBV,2025-11-24,2025-11-25,2025-11-28,2386.4985320387573,-0.0200000000000001,5,HIGH,SL,2025-11-28,-47.729970640775385
MCD,2025-12-01,2025-12-02,2025-12-09,2376.9525379106026,0.0230086155703792,5,HIGH,TIME,2025-12-09,54.690387173822245
UPS,2025-12-04,2025-12-05,2025-12-10,2376.9525379106026,0.04,5,HIGH,TP,2025-12-10,95.0781015164241
ADBE,2025-12-08,2025-12-09,2025-12-11,2387.8906153453668,-0.02,3,MEDIUM,SL,2025-12-11,-47.75781230690733
MRK,2025-12-09,2025-12-10,2025-12-17,2406.9062356486515,0.0201702903994396,3,MEDIUM,TIME,2025-12-17,48.5479977372553
GS,2025-12-12,2025-12-15,2025-12-17,2397.3546731872702,-0.02,4,HIGH,SL,2025-12-17,-47.947093463745404
CRM,2025-12-15,2025-12-16,2025-12-19,2397.3546731872702,0.0249195025263075,5,HIGH,FINAL,2025-12-19,59.740885834945274
JNJ,2025-12-16,2025-12-17,2025-12-19,2397.4748540419723,-0.0144227357768123,5,HIGH,FINAL,2025-12-19,-34.578146351399
PFE,2025-12-16,2025-12-17,2025-12-19,2397.4748540419723,-0.0082676873935462,5,HIGH,FINAL,2025-12-19,-19.821572627106832
COP,2025-12-16,2025-12-17,2025-12-19,2397.4748540419723,0.0001087699222392,4,HIGH,FINAL,2025-12-19,0.2607731534445827
NKE,2025-12-17,2025-12-18,2025-12-19,2397.4748540419723,-0.02,4,HIGH,SL,2025-12-19,-47.94949708083945
COP,2025-12-18,2025-12-19,2025-12-19,2389.0053426277805,-0.0055164361673418,5,HIGH,FINAL,2025-12-19,-13.178795476044677
AMT,2018-10-26,2018-10-29,2018-10-30,2000.0,0.04,5,HIGH,TP,2018-10-30,80.0
AMT,2018-10-31,2018-11-01,2018-11-01,2016.0,-0.02,4,HIGH,SL,2018-11-02,-40.32
DUK,2018-10-26,2018-10-29,2018-11-05,2000.0,0.0181507922724326,5,HIGH,TIME,2018-11-05,36.3015845448652
WMT,2018-10-31,2018-11-01,2018-11-07,2016.0,0.04,4,HIGH,TP,2018-11-07,80.64
ORCL,2018-11-19,2018-11-20,2018-11-27,2031.3243169089733,-0.0200000000000001,4,HIGH,SL,2018-11-27,-40.626486338179674
AMT,2018-11-20,2018-11-21,2018-11-29,2031.3243169089733,0.013326849446648,5,HIGH,TIME,2018-11-29,27.071153348760976
KO,2018-11-20,2018-11-21,2018-11-29,2031.3243169089737,0.0027891384250613,5,HIGH,TIME,2018-11-29,5.665644706052216
JNJ,2018-11-21,2018-11-23,2018-11-29,2031.3243169089737,0.04,4,HIGH,TP,2018-11-29,81.25297267635895
PEP,2018-12-03,2018-12-04,2018-12-06,2045.996973787572,-0.0200000000000001,4,HIGH,SL,2018-12-06,-40.91993947575165
UNH,2018-12-04,2018-12-06,2018-12-06,2037.812985892422,-0.02,4,HIGH,SL,2018-12-07,-40.75625971784844
MSFT,2018-12-04,2018-12-06,2018-12-11,2037.812985892422,0.04,4,HIGH,TP,2018-12-11,81.51251943569687
MRK,2018-12-14,2018-12-17,2018-12-18,2045.9642378359913,-0.02,5,HIGH,SL,2018-12-18,-40.919284756719826
LLY,2018-12-14,2018-12-17,2018-12-17,2045.9642378359913,-0.02,4,HIGH,SL,2018-12-18,-40.919284756719826
PEP,2018-12-14,2018-12-17,2018-12-18,2045.9642378359913,-0.02,4,HIGH,SL,2018-12-18,-40.919284756719826
KO,2018-12-17,2018-12-18,2018-12-19,2021.4126669819595,-0.0199999999999999,4,HIGH,SL,2018-12-19,-40.428253339638985
DUK,2018-12-17,2018-12-18,2018-12-20,2021.4126669819595,-0.02,4,HIGH,SL,2018-12-20,-40.42825333963919
NEE,2018-12-17,2018-12-18,2018-12-20,2021.412666981959,-0.02,4,HIGH,SL,2018-12-20,-40.428253339639184
AMT,2018-12-17,2018-12-18,2018-12-21,2021.4126669819595,-0.02,4,HIGH,SL,2018-12-21,-40.42825333963919
AVGO,2018-12-19,2018-12-20,2018-12-20,1997.1557149781759,-0.0199999999999999,4,HIGH,SL,2018-12-21,-39.94311429956332
ABBV,2019-01-02,2019-01-03,2019-01-03,1981.0814414503357,-0.02,4,HIGH,SL,2019-01-04,-39.62162882900672
AMD,2019-01-10,2019-01-11,2019-01-11,1973.1571156845341,0.04,4,HIGH,TP,2019-01-12,78.92628462738136
ABBV,2019-01-09,2019-01-10,2019-01-14,1973.1571156845341,-0.02,4,HIGH,SL,2019-01-14,-39.46314231369068
LOW,2019-01-15,2019-01-16,2019-01-17,1981.0497441472723,-0.02,4,HIGH,SL,2019-01-17,-39.620994882945446
MS,2019-01-22,2019-01-23,2019-01-23,1973.1255451706832,-0.0200000000000001,4,HIGH,SL,2019-01-24,-39.462510903413865
COP,2019-01-22,2019-01-23,2019-01-28,1973.1255451706832,-0.0200000000000001,4,HIGH,SL,2019-01-28,-39.462510903413865
LLY,2019-01-18,2019-01-22,2019-01-29,1973.1255451706832,0.0001731126191732,4,HIGH,TIME,2019-01-29,0.3415729310820451
BAC,2019-01-31,2019-02-01,2019-02-07,1957.4088553955344,-0.02,4,HIGH,SL,2019-02-07,-39.14817710791069
GS,2019-01-31,2019-02-01,2019-02-07,1957.4088553955344,-0.02,4,HIGH,SL,2019-02-07,-39.14817710791069
COP,2019-02-07,2019-02-08,2019-02-08,1941.74958455237,-0.02,5,HIGH,SL,2019-02-09,-38.8349916910474
GE,2019-02-08,2019-02-11,2019-02-13,1933.9825862141604,0.04,4,HIGH,TP,2019-02-13,77.35930344856642
GOOGL,2019-02-06,2019-02-07,2019-02-14,1941.74958455237,0.0156320915235157,4,HIGH,TIME,2019-02-14,30.353607221471233
ORCL,2019-02-07,2019-02-08,2019-02-15,1941.74958455237,0.0325413679634969,5,HIGH,TIME,2019-02-15,63.18718772388591
UNH,2019-02-08,2019-02-11,2019-02-19,1933.9825862141604,0.04,4,HIGH,TP,2019-02-19,77.35930344856642
WMT,2019-02-20,2019-02-21,2019-02-27,1983.6344665826582,-0.02,4,HIGH,SL,2019-02-27,-39.67268933165317
LOW,2019-02-28,2019-03-01,2019-03-01,1975.699928716328,-0.02,4,HIGH,SL,2019-03-02,-39.513998574326564
CAT,2019-02-26,2019-02-27,2019-03-06,1975.6999287163276,-0.02,5,HIGH,SL,2019-03-06,-39.51399857432655
CRM,2019-03-04,2019-03-05,2019-03-05,1951.9915295717312,-0.0199999999999999,4,HIGH,SL,2019-03-06,-39.03983059143443
HD,2019-02-27,2019-02-28,2019-03-07,1975.6999287163276,-0.0059367160310161,4,HIGH,TIME,2019-03-07,-11.729169439287588
ADBE,2019-03-04,2019-03-05,2019-03-07,1967.7971290014627,-0.02,4,HIGH,SL,2019-03-07,-39.35594258002926
AMZN,2019-03-07,2019-03-08,2019-03-11,1941.8693407644469,0.04,4,HIGH,TP,2019-03-11,77.67477363057787
MCD,2019-03-04,2019-03-05,2019-03-12,1967.7971290014627,0.0068105602919279,5,HIGH,TIME,2019-03-12,13.401800989347084
AVGO,2019-03-07,2019-03-08,2019-03-13,1941.8693407644469,0.04,4,HIGH,TP,2019-03-13,77.67477363057787
LLY,2019-03-11,2019-03-12,2019-03-13,1960.0846556884317,0.04,4,HIGH,TP,2019-03-13,78.40338622753727
META,2019-03-15,2019-03-18,2019-03-18,1991.300287660055,-0.02,4,HIGH,SL,2019-03-19,-39.8260057532011
MS,2019-03-20,2019-03-21,2019-03-22,1983.3350865094149,-0.02,5,HIGH,SL,2019-03-22,-39.6667017301883
BAC,2019-03-20,2019-03-21,2019-03-22,1983.3350865094149,-0.02,4,HIGH,SL,2019-03-22,-39.6667017301883
GS,2019-03-20,2019-03-21,2019-03-22,1975.3698853587748,-0.0200000000000001,4,HIGH,SL,2019-03-22,-39.5073977071757
ADBE,2019-03-15,2019-03-18,2019-03-25,1991.300287660055,0.0200692464551843,4,HIGH,TIME,2019-03-25,39.96389623932903
META,2019-03-18,2019-03-19,2019-03-26,1983.3350865094149,0.04,4,HIGH,TP,2019-03-26,79.3334034603766
AAPL,2019-03-22,2019-03-25,2019-03-25,1967.5597055237702,-0.02,4,HIGH,SL,2019-03-26,-39.351194110475404
MA,2019-03-22,2019-03-25,2019-04-01,1967.5597055237702,0.04,5,HIGH,TP,2019-04-01,78.70238822095081
MSFT,2019-03-22,2019-03-25,2019-04-01,1967.5597055237702,0.0211048646598326,5,HIGH,TIME,2019-04-01,41.52508129521925
AMZN,2019-03-22,2019-03-25,2019-04-01,1951.7843245381248,0.0320857392885134,4,HIGH,TIME,2019-04-01,62.6244429845375
AMD,2019-03-27,2019-03-28,2019-04-01,1975.5561473937503,0.04,4,HIGH,TP,2019-04-01,79.02224589575002
AMT,2019-04-01,2019-04-02,2019-04-09,2027.930979073042,0.0192746713977212,5,HIGH,TIME,2019-04-09,39.08770323889191
CRM,2019-04-04,2019-04-05,2019-04-12,2027.930979073042,0.0067654828267267,4,HIGH,TIME,2019-04-12,13.719932212705729
GS,2019-04-15,2019-04-16,2019-04-17,2038.4925061633614,0.04,5,HIGH,TP,2019-04-17,81.53970024653447
CAT,2019-04-24,2019-04-25,2019-04-25,2054.8004462126682,-0.02,4,HIGH,SL,2019-04-26,-41.09600892425337
LOW,2019-04-18,2019-04-22,2019-04-29,2054.8004462126682,-0.0200000000000001,5,HIGH,SL,2019-04-29,-41.096008924253574
XOM,2019-04-26,2019-04-29,2019-05-02,2038.362042642967,-0.0199999999999999,4,HIGH,SL,2019-05-02,-40.76724085285914
MA,2019-05-01,2019-05-02,2019-05-06,2030.208594472395,-0.02,4,HIGH,SL,2019-05-06,-40.6041718894479
NKE,2019-05-01,2019-05-02,2019-05-06,2030.208594472395,-0.02,4,HIGH,SL,2019-05-06,-40.6041718894479
MSFT,2019-05-01,2019-05-02,2019-05-07,2030.208594472395,-0.02,5,HIGH,SL,2019-05-07,-40.6041718894479
HD,2019-05-01,2019-05-02,2019-05-07,2030.208594472395,-0.02,4,HIGH,SL,2019-05-07,-40.6041718894479
AAPL,2019-05-07,2019-05-08,2019-05-09,1997.725256960837,-0.02,4,HIGH,SL,2019-05-09,-39.95450513921674
HD,2019-05-07,2019-05-08,2019-05-10,1997.7252569608356,-0.0199999999999999,4,HIGH,SL,2019-05-10,-39.954505139216515
ADBE,2019-05-07,2019-05-08,2019-05-13,1997.725256960837,-0.0199999999999999,5,HIGH,SL,2019-05-13,-39.954505139216536
BLK,2019-05-07,2019-05-08,2019-05-13,1997.725256960837,-0.02,4,HIGH,SL,2019-05-13,-39.95450513921674
MSFT,2019-05-07,2019-05-08,2019-05-15,1997.725256960837,0.0083421501184379,5,HIGH,TIME,2019-05-15,16.66532398896223
AMT,2019-05-20,2019-05-21,2019-05-29,1969.0947176472562,0.0082716611987105,5,HIGH,TIME,2019-05-29,16.28768437254862
MA,2019-05-23,2019-05-24,2019-06-03,1969.0947176472562,-0.02,5,HIGH,SL,2019-06-03,-39.381894352945125
UNH,2019-05-28,2019-05-29,2019-06-04,1972.3522545217656,-0.02,5,HIGH,SL,2019-06-04,-39.44704509043532
MCD,2019-06-10,2019-06-11,2019-06-18,1956.5864666330895,0.0109244707590097,4,HIGH,TIME,2019-06-18,21.374671642207293
NFLX,2019-06-25,2019-06-26,2019-07-01,1960.8614009615312,0.04,5,HIGH,TP,2019-07-01,78.43445603846125
AMT,2019-06-26,2019-06-27,2019-07-01,1960.8614009615303,-0.02,4,HIGH,SL,2019-07-01,-39.21722801923061
ADBE,2019-06-25,2019-06-26,2019-07-03,1960.8614009615312,0.04,5,HIGH,TP,2019-07-03,78.43445603846125
MSFT,2019-06-25,2019-06-26,2019-07-03,1960.8614009615312,0.0231481290016613,5,HIGH,TIME,2019-07-03,45.39027266383583
DUK,2019-06-26,2019-06-27,2019-07-05,1960.8614009615312,0.0182808458944463,5,HIGH,TIME,2019-07-05,35.84620509134582
AVGO,2019-07-03,2019-07-05,2019-07-08,2000.6390333241056,-0.02,5,HIGH,SL,2019-07-08,-40.012780666482115
PFE,2019-07-11,2019-07-12,2019-07-12,1992.6364771908093,-0.02,4,HIGH,SL,2019-07-13,-39.85272954381619
AAPL,2019-07-08,2019-07-09,2019-07-16,1992.6364771908093,0.0266065053441424,5,HIGH,TIME,2019-07-16,53.01709307931036
GE,2019-07-08,2019-07-09,2019-07-16,1992.6364771908093,0.0256917355469736,4,HIGH,TIME,2019-07-16,51.19428941323936
PLD,2019-07-11,2019-07-12,2019-07-16,1992.6364771908093,-0.02,5,HIGH,SL,2019-07-16,-39.85272954381619
UNH,2019-07-18,2019-07-19,2019-07-22,1997.5376618717928,-0.02,5,HIGH,SL,2019-07-22,-39.950753237435855
UPS,2019-07-17,2019-07-18,2019-07-24,1997.5376618717928,0.04,4,HIGH,TP,2019-07-24,79.90150647487171
BA,2019-07-18,2019-07-19,2019-07-24,1997.5376618717928,-0.02,4,HIGH,SL,2019-07-24,-39.950753237435855
BA,2019-07-24,2019-07-25,2019-07-25,1997.5376618717928,-0.0199999999999999,4,HIGH,SL,2019-07-26,-39.950753237435656
CRM,2019-07-29,2019-07-30,2019-08-01,1989.5475112243057,-0.0200000000000001,4,HIGH,SL,2019-08-01,-39.790950224486316
LOW,2019-07-31,2019-08-01,2019-08-01,1981.5893211794087,-0.02,4,HIGH,SL,2019-08-02,-39.631786423588174
MA,2019-07-31,2019-08-01,2019-08-02,1981.5893211794087,-0.0200000000000001,4,HIGH,SL,2019-08-02,-39.63178642358837
ORCL,2019-07-31,2019-08-01,2019-08-02,1981.5893211794087,-0.02,4,HIGH,SL,2019-08-02,-39.631786423588174
GS,2019-08-01,2019-08-02,2019-08-02,1910.252105616949,-0.02,4,HIGH,SL,2019-08-03,-38.20504211233898
KO,2019-07-31,2019-08-01,2019-08-05,1981.5893211794087,-0.02,5,HIGH,SL,2019-08-05,-39.631786423588174
MSFT,2019-07-31,2019-08-01,2019-08-05,1981.5893211794091,-0.02,4,HIGH,SL,2019-08-05,-39.63178642358818
AAPL,2019-08-01,2019-08-02,2019-08-05,1957.8102493252559,-0.0200000000000001,5,HIGH,SL,2019-08-05,-39.156204986505315
BAC,2019-08-01,2019-08-02,2019-08-05,1957.8102493252559,-0.02,4,HIGH,SL,2019-08-05,-39.15620498650512
MRK,2019-08-14,2019-08-15,2019-08-21,1918.6540443387505,0.04,4,HIGH,TP,2019-08-21,76.74616177355003
MRK,2019-08-23,2019-08-26,2019-09-03,1934.0032766934605,0.0148745775376912,4,HIGH,TIME,2019-09-03,28.767481697325728
AMT,2019-09-05,2019-09-06,2019-09-09,1939.7567730329258,-0.02,4,HIGH,SL,2019-09-09,-38.795135460658514
BA,2019-09-03,2019-09-04,2019-09-11,1939.7567730329258,0.04,5,HIGH,TP,2019-09-11,77.59027092131703
MA,2019-09-09,2019-09-10,2019-09-10,1931.9977459407944,-0.02,5,HIGH,SL,2019-09-11,-38.63995491881589
V,2019-09-09,2019-09-10,2019-09-10,1931.9977459407944,-0.0199999999999999,5,HIGH,SL,2019-09-11,-38.6399549188157
AMT,2019-09-09,2019-09-10,2019-09-10,1931.9977459407944,-0.02,4,HIGH,SL,2019-09-11,-38.63995491881589
LLY,2019-09-09,2019-09-10,2019-09-17,1924.2387188486612,0.0253759725727451,4,HIGH,TIME,2019-09-17,48.8294289529178
NKE,2019-09-10,2019-09-11,2019-09-18,1924.331827173768,0.0128796674804618,5,HIGH,TIME,2019-09-18,24.784754056067616
COST,2019-09-11,2019-09-12,2019-09-19,1924.3318271737678,-0.0086448540744824,4,HIGH,TIME,2019-09-19,-16.635567836799307
AVGO,2019-09-13,2019-09-16,2019-09-23,1924.3318271737678,0.0044861990258204,5,HIGH,TIME,2019-09-23,8.632935568422148
TSLA,2019-09-20,2019-09-23,2019-09-24,1937.45413732189,-0.02,4,HIGH,SL,2019-09-24,-38.7490827464378
MS,2019-09-24,2019-09-25,2019-10-01,1929.7043207726024,-0.0200000000000001,4,HIGH,SL,2019-10-01,-38.594086415452246
NVDA,2019-09-27,2019-09-30,2019-10-01,1929.7043207726024,0.04,4,HIGH,TP,2019-10-01,77.1881728309041
ABBV,2019-10-01,2019-10-02,2019-10-09,1937.423138055693,0.0056246799993733,5,HIGH,TIME,2019-10-09,10.897385174944912
HD,2019-10-02,2019-10-03,2019-10-10,1937.423138055693,0.029378103476187,4,HIGH,TIME,2019-10-10,56.917817426959076
LOW,2019-10-02,2019-10-03,2019-10-10,1937.423138055693,0.0179712804329319,4,HIGH,TIME,2019-10-10,34.817974531249796
PEP,2019-10-02,2019-10-03,2019-10-10,1937.423138055693,-0.0039731226515129,4,HIGH,TIME,2019-10-10,-7.697619755374278
NVDA,2019-10-08,2019-10-09,2019-10-11,1939.6026150906819,0.04,4,HIGH,TP,2019-10-11,77.58410460362728
META,2019-10-18,2019-10-21,2019-10-22,1971.9270704519743,-0.02,5,HIGH,SL,2019-10-22,-39.43854140903949
NKE,2019-10-23,2019-10-24,2019-10-25,1964.0393621701664,-0.02,4,HIGH,SL,2019-10-25,-39.28078724340333
AAPL,2019-10-29,2019-10-30,2019-10-31,1956.183204721486,-0.02,5,HIGH,SL,2019-10-31,-39.12366409442972
GOOGL,2019-10-29,2019-10-30,2019-11-06,1956.183204721486,0.0285703886873114,4,HIGH,TIME,2019-11-06,55.8889145024833
NEE,2019-11-04,2019-11-05,2019-11-07,1948.3584719026003,-0.02,4,HIGH,SL,2019-11-07,-38.967169438052004
XOM,2019-11-06,2019-11-07,2019-11-12,1951.7428209154864,-0.02,4,HIGH,SL,2019-11-12,-39.03485641830973
NFLX,2019-11-13,2019-11-14,2019-11-15,1943.9358496318246,0.04,4,HIGH,TP,2019-11-15,77.75743398527298
NVDA,2019-11-15,2019-11-18,2019-11-18,1959.487336428879,0.04,4,HIGH,TP,2019-11-19,78.37949345715516
AMD,2019-11-21,2019-11-22,2019-11-22,1975.1632351203102,-0.02,4,HIGH,SL,2019-11-23,-39.503264702406206
NVDA,2019-11-19,2019-11-20,2019-11-25,1975.1632351203102,0.04,4,HIGH,TP,2019-11-25,79.00652940481241
ABBV,2019-11-20,2019-11-21,2019-11-29,1975.1632351203102,0.01083065739891,4,HIGH,TIME,2019-11-29,21.3923163065108
NVDA,2019-12-02,2019-12-03,2019-12-04,1987.3423513220937,0.04,4,HIGH,TP,2019-12-04,79.49369405288375
GS,2019-12-03,2019-12-04,2019-12-06,2003.241090132671,0.04,4,HIGH,TP,2019-12-06,80.12964360530684
ADBE,2019-12-02,2019-12-03,2019-12-09,1987.3423513220937,0.04,5,HIGH,TP,2019-12-09,79.49369405288375
HON,2019-12-02,2019-12-03,2019-12-10,1987.3423513220937,0.0084597757111042,4,HIGH,TIME,2019-12-10,16.812470553363358
CAT,2019-12-03,2019-12-04,2019-12-11,2003.241090132671,0.0214210527630247,4,HIGH,TIME,2019-12-11,42.91153308879106
CRM,2019-12-04,2019-12-05,2019-12-12,2003.2410901326705,0.018299707613941,4,HIGH,TIME,2019-12-12,36.6587262296603
NFLX,2019-12-10,2019-12-11,2019-12-17,2047.1105583927394,0.04,4,HIGH,TP,2019-12-17,81.88442233570957
META,2019-12-12,2019-12-13,2019-12-18,2054.4423036386715,0.04,4,HIGH,TP,2019-12-18,82.17769214554686
AVGO,2019-12-13,2019-12-16,2019-12-18,2054.442303638671,0.04,4,HIGH,TP,2019-12-18,82.17769214554684
AMD,2019-12-13,2019-12-16,2019-12-20,2054.442303638671,0.04,4,HIGH,TP,2019-12-20,82.17769214554684
BAC,2020-01-03,2020-01-06,2020-01-13,2120.1258033931413,0.0188900860413596,5,HIGH,TIME,2020-01-13,40.049358844603084
MRK,2020-01-07,2020-01-08,2020-01-15,2120.1258033931413,0.027500096883356,4,HIGH,TIME,2020-01-15,58.30366499821436
UNH,2020-01-13,2020-01-14,2020-01-15,2128.135675162062,0.04,4,HIGH,TP,2020-01-15,85.12542700648248
COP,2020-01-08,2020-01-09,2020-01-16,2120.1258033931417,0.0077433996530189,5,HIGH,TIME,2020-01-16,16.41698141035087
MS,2020-01-21,2020-01-22,2020-01-23,2160.1048898450713,-0.0199999999999999,4,HIGH,SL,2020-01-23,-43.20209779690121
NFLX,2020-01-22,2020-01-23,2020-01-23,2151.464470285691,0.04,4,HIGH,TP,2020-01-24,86.05857881142764
PFE,2020-01-24,2020-01-27,2020-01-28,2168.6761860479764,-0.02,5,HIGH,SL,2020-01-28,-43.37352372095953
AMD,2020-01-24,2020-01-27,2020-01-28,2168.6761860479764,0.04,4,HIGH,TP,2020-01-28,86.74704744191907
UNH,2020-01-24,2020-01-27,2020-01-27,2168.6761860479764,-0.02,4,HIGH,SL,2020-01-28,-43.37352372095953
AAPL,2020-01-27,2020-01-28,2020-01-29,2168.6761860479764,0.04,5,HIGH,TP,2020-01-29,86.74704744191907
MS,2020-01-27,2020-01-28,2020-01-31,2168.6761860479764,-0.02,5,HIGH,SL,2020-01-31,-43.37352372095953
LOW,2020-01-24,2020-01-27,2020-02-03,2168.6761860479764,-0.0090487329691694,5,HIGH,TIME,2020-02-03,-19.623771704144875
GOOGL,2020-01-27,2020-01-28,2020-02-04,2168.6761860479764,0.0025455455472609,5,HIGH,TIME,2020-02-04,5.5204640088451775
MA,2020-01-27,2020-01-28,2020-02-04,2168.6761860479764,0.04,5,HIGH,TP,2020-02-04,86.74704744191907
PLD,2020-01-31,2020-02-03,2020-02-03,2173.42613645134,-0.0200000000000001,5,HIGH,SL,2020-02-04,-43.46852272902702
BLK,2020-01-31,2020-02-03,2020-02-06,2173.42613645134,0.04,5,HIGH,TP,2020-02-06,86.9370454580536
GOOGL,2020-02-04,2020-02-05,2020-02-05,2183.1859341956874,-0.02,4,HIGH,SL,2020-02-06,-43.66371868391375
HD,2020-01-31,2020-02-03,2020-02-07,2173.42613645134,0.04,5,HIGH,TP,2020-02-07,86.9370454580536
NEE,2020-02-19,2020-02-20,2020-02-25,2209.228008642126,-0.02,5,HIGH,SL,2020-02-25,-44.184560172842524
AMZN,2020-02-21,2020-02-24,2020-02-25,2209.2280086421265,-0.02,5,HIGH,SL,2020-02-25,-44.18456017284253
GOOGL,2020-02-21,2020-02-24,2020-02-25,2209.228008642126,-0.02,5,HIGH,SL,2020-02-25,-44.184560172842524
MSFT,2020-02-21,2020-02-24,2020-02-24,2209.2280086421265,-0.02,5,HIGH,SL,2020-02-25,-44.18456017284253
COST,2020-02-24,2020-02-25,2020-02-25,2173.880360503852,-0.02,4,HIGH,SL,2020-02-26,-43.47760721007704
HD,2020-02-24,2020-02-25,2020-02-25,2173.880360503852,-0.0200000000000001,4,HIGH,SL,2020-02-26,-43.47760721007726
NFLX,2020-02-24,2020-02-25,2020-02-25,2173.880360503852,-0.02,4,HIGH,SL,2020-02-26,-43.47760721007704
DUK,2020-02-25,2020-02-26,2020-02-27,2147.7937961778057,-0.02,4,HIGH,SL,2020-02-27,-42.955875923556114
NFLX,2020-04-22,2020-04-23,2020-04-23,2139.202620993094,0.04,4,HIGH,TP,2020-04-24,85.56810483972377
UPS,2020-04-22,2020-04-23,2020-04-27,2139.202620993094,0.04,4,HIGH,TP,2020-04-27,85.56810483972377
AMD,2020-04-29,2020-04-30,2020-04-30,2173.4298629289838,-0.02,4,HIGH,SL,2020-05-01,-43.46859725857968
PEP,2020-04-29,2020-04-30,2020-05-01,2173.4298629289838,-0.02,4,HIGH,SL,2020-05-01,-43.46859725857968
WMT,2020-04-29,2020-04-30,2020-05-07,2173.4298629289838,-0.0053122680496421,4,HIGH,TIME,2020-05-07,-11.545842018975648
PFE,2020-05-07,2020-05-08,2020-05-15,2153.733255621756,0.0136912040990533,5,HIGH,TIME,2020-05-15,29.487201577635997
UNH,2020-05-13,2020-05-14,2020-05-14,2153.733255621756,0.04,4,HIGH,TP,2020-05-15,86.14933022487024
PEP,2020-05-19,2020-05-20,2020-05-21,2176.8605619822574,-0.02,4,HIGH,SL,2020-05-21,-43.53721123964515
NFLX,2020-05-21,2020-05-22,2020-05-22,2168.1531197343284,-0.0199999999999999,4,HIGH,SL,2020-05-23,-43.36306239468635
ADBE,2020-05-26,2020-05-27,2020-05-27,2159.4805072553913,-0.02,4,HIGH,SL,2020-05-28,-43.18961014510783
NFLX,2020-05-26,2020-05-27,2020-05-27,2159.4805072553913,-0.02,4,HIGH,SL,2020-05-28,-43.18961014510783
NVDA,2020-05-27,2020-05-28,2020-05-28,2142.2046631973476,0.04,4,HIGH,TP,2020-05-29,85.6881865278939
BAC,2020-05-29,2020-06-01,2020-06-02,2159.3423005029267,0.04,4,HIGH,TP,2020-06-02,86.37369202011708
CRM,2020-05-29,2020-06-01,2020-06-05,2159.3423005029267,-0.0200000000000001,4,HIGH,SL,2020-06-05,-43.18684601005875
NEE,2020-06-04,2020-06-05,2020-06-11,2167.9796697049383,-0.02,5,HIGH,SL,2020-06-11,-43.359593394098766
UPS,2020-06-09,2020-06-10,2020-06-10,2167.9796697049383,-0.02,4,HIGH,SL,2020-06-11,-43.359593394098766
CVX,2020-06-10,2020-06-11,2020-06-11,2150.635832347298,-0.0199999999999999,5,HIGH,SL,2020-06-12,-43.01271664694575
DUK,2020-06-11,2020-06-12,2020-06-12,2142.0332890179093,-0.0200000000000001,4,HIGH,SL,2020-06-13,-42.8406657803584
META,2020-06-24,2020-06-25,2020-06-26,2133.4651558618375,-0.02,4,HIGH,SL,2020-06-26,-42.66930311723675
AAPL,2020-06-26,2020-06-29,2020-07-02,2124.9312952383902,0.04,4,HIGH,TP,2020-07-02,84.99725180953561
DIS,2020-07-13,2020-07-14,2020-07-15,2141.9307456002975,0.04,4,HIGH,TP,2020-07-15,85.6772298240119
MSFT,2020-07-13,2020-07-14,2020-07-17,2141.9307456002975,-0.02,5,HIGH,SL,2020-07-17,-42.83861491200595
AMZN,2020-07-15,2020-07-16,2020-07-20,2159.0661915651,0.04,4,HIGH,TP,2020-07-20,86.36264766260399
NVDA,2020-07-23,2020-07-24,2020-07-24,2167.7709981152198,0.04,4,HIGH,TP,2020-07-25,86.71083992460879
GS,2020-07-22,2020-07-23,2020-07-27,2167.7709981152198,-0.0200000000000001,4,HIGH,SL,2020-07-27,-43.355419962304616
MS,2020-07-22,2020-07-23,2020-07-27,2167.7709981152198,-0.02,4,HIGH,SL,2020-07-27,-43.355419962304396
HON,2020-07-24,2020-07-27,2020-07-29,2167.7709981152198,0.04,5,HIGH,TP,2020-07-29,86.71083992460879
MCD,2020-07-28,2020-07-29,2020-07-31,2185.1131661001414,-0.0199999999999999,5,HIGH,SL,2020-07-31,-43.70226332200261
AMT,2020-07-30,2020-07-31,2020-08-03,2176.3727134357405,-0.02,4,HIGH,SL,2020-08-03,-43.52745426871481
CAT,2020-07-30,2020-07-31,2020-08-07,2176.3727134357405,0.01880238778419,5,HIGH,TIME,2020-08-07,40.92100372094861
GOOGL,2020-07-31,2020-08-03,2020-08-10,2167.6672225819975,0.0039034137165725,4,HIGH,TIME,2020-08-10,8.461301969591183
CRM,2020-08-07,2020-08-10,2020-08-10,2177.5436837201055,-0.02,5,HIGH,SL,2020-08-11,-43.55087367440211
ADBE,2020-08-07,2020-08-10,2020-08-10,2177.5436837201055,-0.02,4,HIGH,SL,2020-08-11,-43.55087367440211
AAPL,2020-08-11,2020-08-12,2020-08-13,2160.123334250345,0.04,4,HIGH,TP,2020-08-13,86.40493337001381
NVDA,2020-08-11,2020-08-12,2020-08-12,2160.1233342503447,0.04,4,HIGH,TP,2020-08-13,86.4049333700138
COST,2020-08-11,2020-08-12,2020-08-19,2160.123334250345,0.0214232651922501,5,HIGH,TIME,2020-08-19,46.276895037612654
META,2020-08-11,2020-08-12,2020-08-19,2160.1233342503447,0.0139785737026478,4,HIGH,TIME,2020-08-19,30.195443234627753
PLD,2020-08-11,2020-08-12,2020-08-19,2160.1233342503438,-0.0045009724606582,4,HIGH,TIME,2020-08-19,-9.722655639085964
JPM,2020-08-17,2020-08-18,2020-08-20,2194.6853075983504,-0.0200000000000001,4,HIGH,SL,2020-08-20,-43.89370615196723
KO,2020-08-19,2020-08-20,2020-08-27,2199.256502894588,0.0203088318385411,4,HIGH,TIME,2020-08-27,44.664330487104166
NFLX,2020-08-27,2020-08-28,2020-08-31,2208.1893689920084,-0.02,4,HIGH,SL,2020-08-31,-44.16378737984017
LOW,2020-08-27,2020-08-28,2020-09-03,2208.1893689920084,-0.02,4,HIGH,SL,2020-09-03,-44.16378737984017
MA,2020-08-31,2020-09-01,2020-09-03,2199.35661151604,-0.02,4,HIGH,SL,2020-09-03,-43.9871322303208
PFE,2020-09-01,2020-09-02,2020-09-04,2199.35661151604,-0.02,4,HIGH,SL,2020-09-04,-43.9871322303208
META,2020-09-03,2020-09-04,2020-09-04,2172.929001147944,-0.02,4,HIGH,SL,2020-09-05,-43.45858002295888
ORCL,2020-09-03,2020-09-04,2020-09-04,2172.929001147944,-0.02,4,HIGH,SL,2020-09-05,-43.45858002295888
V,2020-09-03,2020-09-04,2020-09-04,2172.929001147944,-0.02,4,HIGH,SL,2020-09-05,-43.45858002295888
ADBE,2020-09-04,2020-09-08,2020-09-08,2146.8538531341687,-0.02,4,HIGH,SL,2020-09-09,-42.93707706268338
LOW,2020-09-04,2020-09-08,2020-09-09,2146.8538531341683,0.04,4,HIGH,TP,2020-09-09,85.87415412536673
MA,2020-09-04,2020-09-08,2020-09-09,2146.8538531341687,0.04,4,HIGH,TP,2020-09-09,85.87415412536676
GOOGL,2020-09-04,2020-09-08,2020-09-11,2146.8538531341683,-0.02,5,HIGH,SL,2020-09-11,-42.937077062683365
META,2020-09-04,2020-09-08,2020-09-11,2146.853853134167,-0.02,4,HIGH,SL,2020-09-11,-42.937077062683336
KO,2020-09-08,2020-09-09,2020-09-14,2172.616099371778,0.04,4,HIGH,TP,2020-09-14,86.90464397487112
AVGO,2020-09-08,2020-09-09,2020-09-15,2172.616099371778,0.04,4,HIGH,TP,2020-09-15,86.90464397487112
CAT,2020-09-15,2020-09-16,2020-09-17,2190.2031261366533,0.04,5,HIGH,TP,2020-09-17,87.60812504546614
JPM,2020-09-15,2020-09-16,2020-09-18,2190.2031261366533,-0.0200000000000001,4,HIGH,SL,2020-09-18,-43.80406252273329
KO,2020-09-21,2020-09-22,2020-09-24,2198.9639386412,-0.02,4,HIGH,SL,2020-09-24,-43.979278772824
MRK,2020-09-21,2020-09-22,2020-09-29,2198.9639386412,-0.0144403446720632,4,HIGH,TIME,2020-09-29,-31.75379719541656
LLY,2020-10-13,2020-10-14,2020-10-15,2183.817323447552,-0.02,5,HIGH,SL,2020-10-15,-43.676346468951046
UNH,2020-10-14,2020-10-15,2020-10-16,2175.0820541537614,0.04,5,HIGH,TP,2020-10-16,87.00328216615046
AMD,2020-10-09,2020-10-12,2020-10-19,2183.817323447552,-0.0200000000000001,4,HIGH,SL,2020-10-19,-43.676346468951266
NFLX,2020-10-16,2020-10-19,2020-10-19,2183.747441293201,-0.0199999999999999,4,HIGH,SL,2020-10-20,-43.6749488258638
MS,2020-10-21,2020-10-22,2020-10-23,2175.012451528029,0.04,4,HIGH,TP,2020-10-23,87.00049806112116
BLK,2020-10-19,2020-10-20,2020-10-26,2175.0124515280286,-0.0199999999999999,5,HIGH,SL,2020-10-26,-43.500249030560354
CAT,2020-10-26,2020-10-27,2020-10-27,2183.7125013341406,-0.02,5,HIGH,SL,2020-10-28,-43.67425002668281
GOOGL,2020-10-26,2020-10-27,2020-10-28,2183.7125013341406,-0.0200000000000001,5,HIGH,SL,2020-10-28,-43.67425002668303
AVGO,2020-10-26,2020-10-27,2020-10-28,2183.7125013341406,-0.02,4,HIGH,SL,2020-10-28,-43.67425002668281
BLK,2020-10-26,2020-10-27,2020-10-28,2183.7125013341406,-0.02,4,HIGH,SL,2020-10-28,-43.67425002668281
HON,2020-10-26,2020-10-27,2020-10-28,2183.7125013341397,-0.02,4,HIGH,SL,2020-10-28,-43.67425002668279
CAT,2020-10-27,2020-10-28,2020-10-28,2140.038251307458,-0.0200000000000001,4,HIGH,SL,2020-10-29,-42.80076502614937
BA,2020-11-12,2020-11-13,2020-11-13,2131.478098302228,0.04,4,HIGH,TP,2020-11-14,85.25912393208911
BAC,2020-11-12,2020-11-13,2020-11-16,2131.478098302228,0.04,4,HIGH,TP,2020-11-16,85.25912393208911
PFE,2020-11-12,2020-11-13,2020-11-16,2131.4780983022274,-0.02,4,HIGH,SL,2020-11-16,-42.62956196604455
DUK,2020-11-12,2020-11-13,2020-11-18,2131.478098302228,-0.02,4,HIGH,SL,2020-11-18,-42.629561966044555
PFE,2020-11-16,2020-11-17,2020-11-24,2157.0558354818545,0.0030146045432539,4,HIGH,TIME,2020-11-24,6.502670321695936
HON,2020-11-18,2020-11-19,2020-11-27,2148.5299230886453,0.04,4,HIGH,TP,2020-11-27,85.94119692354582
UNH,2020-11-19,2020-11-20,2020-11-30,2148.5299230886453,0.0039999075477845,4,HIGH,TIME,2020-11-30,8.593921056003122
BLK,2020-11-30,2020-12-01,2020-12-08,2168.7374807488945,0.0110978191806714,5,HIGH,TIME,2020-12-08,24.06825641169605
HON,2020-11-30,2020-12-01,2020-12-08,2168.7374807488945,0.0240476304540677,5,HIGH,TIME,2020-12-08,52.15299748893518
MS,2020-11-30,2020-12-01,2020-12-08,2168.7374807488945,0.0125160114224467,5,HIGH,TIME,2020-12-08,27.143943081341444
COST,2020-12-03,2020-12-04,2020-12-11,2168.737480748895,-0.0002930462090567,5,HIGH,TIME,2020-12-11,-0.6355402971726416
ADBE,2020-12-09,2020-12-10,2020-12-10,2189.41052014529,-0.02,5,HIGH,SL,2020-12-11,-43.7882104029058
AMD,2020-12-09,2020-12-10,2020-12-14,2189.41052014529,0.04,4,HIGH,TP,2020-12-14,87.5764208058116
AAPL,2020-12-09,2020-12-10,2020-12-15,2189.41052014529,0.04,4,HIGH,TP,2020-12-15,87.5764208058116
ABBV,2020-12-14,2020-12-15,2020-12-15,2215.5563383275985,-0.02,4,HIGH,SL,2020-12-16,-44.31112676655197
COP,2020-12-14,2020-12-15,2020-12-15,2215.5563383275985,-0.02,4,HIGH,SL,2020-12-16,-44.31112676655197
MRK,2020-12-14,2020-12-15,2020-12-18,2215.5563383275985,-0.02,4,HIGH,SL,2020-12-18,-44.31112676655197
JNJ,2020-12-14,2020-12-15,2020-12-22,2215.5563383275985,0.0181339531423363,5,HIGH,TIME,2020-12-22,40.17679482343886
NKE,2020-12-18,2020-12-21,2020-12-22,2188.9696622676674,-0.02,5,HIGH,SL,2020-12-22,-43.77939324535335
AMD,2020-12-21,2020-12-22,2020-12-22,2188.2491425832845,-0.02,4,HIGH,SL,2020-12-23,-43.76498285166569
GS,2020-12-22,2020-12-23,2020-12-28,2179.4961460129516,0.04,4,HIGH,TP,2020-12-28,87.17984584051807
NFLX,2021-01-04,2021-01-05,2021-01-06,2196.9321151810555,-0.02,5,HIGH,SL,2021-01-06,-43.93864230362111
ADBE,2021-01-04,2021-01-05,2021-01-06,2196.9321151810555,-0.02,4,HIGH,SL,2021-01-06,-43.93864230362111
AVGO,2021-01-04,2021-01-05,2021-01-07,2196.9321151810555,0.04,5,HIGH,TP,2021-01-07,87.87728460724222
AAPL,2021-01-04,2021-01-05,2021-01-12,2196.9321151810555,-0.0006985101043895,4,HIGH,TIME,2021-01-12,-1.5345792811117642
AMZN,2021-01-04,2021-01-05,2021-01-12,2196.9321151810555,-0.02,4,HIGH,SL,2021-01-12,-43.93864230362111
LLY,2021-01-12,2021-01-13,2021-01-13,2187.837470864109,0.04,4,HIGH,TP,2021-01-14,87.51349883456436
AMD,2021-01-13,2021-01-14,2021-01-15,2205.3401706310215,-0.0200000000000001,4,HIGH,SL,2021-01-15,-44.10680341262065
GOOGL,2021-01-11,2021-01-12,2021-01-20,2187.837470864109,0.04,4,HIGH,TP,2021-01-20,87.51349883456436
BAC,2021-01-15,2021-01-19,2021-01-21,2196.5188099484976,-0.02,5,HIGH,SL,2021-01-21,-43.93037619896995
GE,2021-01-15,2021-01-19,2021-01-21,2196.518809948497,-0.02,4,HIGH,SL,2021-01-21,-43.930376198969945
GS,2021-01-19,2021-01-20,2021-01-20,2214.02150971541,-0.02,4,HIGH,SL,2021-01-21,-44.2804301943082
BLK,2021-01-15,2021-01-19,2021-01-25,2196.518809948497,-0.0199999999999999,4,HIGH,SL,2021-01-25,-43.930376198969725
CVX,2021-01-21,2021-01-22,2021-01-27,2187.5932731969606,-0.02,5,HIGH,SL,2021-01-27,-43.75186546393921
GS,2021-01-25,2021-01-26,2021-01-27,2178.807197957167,-0.02,4,HIGH,SL,2021-01-27,-43.57614395914334
HD,2021-01-27,2021-01-28,2021-01-29,2161.3415960725506,-0.02,4,HIGH,SL,2021-01-29,-43.226831921451016
AAPL,2021-01-28,2021-01-29,2021-01-29,2152.6962296882607,-0.02,5,HIGH,SL,2021-01-30,-43.05392459376522
LOW,2021-01-27,2021-01-28,2021-02-01,2161.3415960725506,-0.02,4,HIGH,SL,2021-02-01,-43.226831921451016
AMZN,2021-01-27,2021-01-28,2021-02-02,2161.3415960725506,0.04,4,HIGH,TP,2021-02-02,86.45366384290203
JNJ,2021-01-29,2021-02-01,2021-02-02,2135.4400783852175,-0.02,4,HIGH,SL,2021-02-02,-42.70880156770435
MSFT,2021-01-29,2021-02-01,2021-02-03,2135.4400783852175,0.04,4,HIGH,TP,2021-02-03,85.4176031354087
AMZN,2021-02-19,2021-02-22,2021-02-23,2161.2725714673384,-0.02,4,HIGH,SL,2021-02-23,-43.22545142934677
AVGO,2021-02-22,2021-02-23,2021-02-23,2152.627481181469,-0.0200000000000001,5,HIGH,SL,2021-02-24,-43.0525496236296
NVDA,2021-02-22,2021-02-23,2021-02-23,2152.627481181469,-0.02,5,HIGH,SL,2021-02-24,-43.05254962362938
BA,2021-02-22,2021-02-23,2021-02-23,2152.627481181469,-0.02,4,HIGH,SL,2021-02-24,-43.05254962362938
LOW,2021-02-22,2021-02-23,2021-02-23,2152.627481181469,-0.02,4,HIGH,SL,2021-02-24,-43.05254962362938
LOW,2021-02-23,2021-02-24,2021-02-24,2118.1854414825657,-0.02,4,HIGH,SL,2021-02-25,-42.363708829651316
MSFT,2021-02-22,2021-02-23,2021-03-02,2152.627481181469,0.0153691154054815,4,HIGH,TIME,2021-03-02,33.08398018328896
BAC,2021-02-26,2021-03-01,2021-03-03,2109.7126997166356,0.04,5,HIGH,TP,2021-03-03,84.38850798866542
CAT,2021-02-26,2021-03-01,2021-03-03,2109.7126997166356,-0.02,5,HIGH,SL,2021-03-03,-42.19425399433271
GS,2021-02-26,2021-03-01,2021-03-03,2066.7979182518,0.04,4,HIGH,TP,2021-03-03,82.67191673007201
AVGO,2021-03-03,2021-03-04,2021-03-04,2141.3027298981738,-0.02,4,HIGH,SL,2021-03-05,-42.82605459796348
GOOGL,2021-03-03,2021-03-04,2021-03-05,2141.3027298981738,0.04,4,HIGH,TP,2021-03-05,85.65210919592695
MA,2021-03-04,2021-03-05,2021-03-05,2149.867940817767,-0.02,4,HIGH,SL,2021-03-06,-42.99735881635534
JPM,2021-02-26,2021-03-01,2021-03-08,2109.712699716635,0.022672415915721,5,HIGH,TIME,2021-03-08,47.83228379065416
BAC,2021-03-09,2021-03-10,2021-03-12,2150.8349258126264,0.04,4,HIGH,TP,2021-03-12,86.03339703250505
UPS,2021-03-15,2021-03-16,2021-03-18,2168.0416052191276,-0.02,5,HIGH,SL,2021-03-18,-43.36083210438255
BA,2021-03-18,2021-03-19,2021-03-19,2159.3694387982514,-0.02,4,HIGH,SL,2021-03-20,-43.187388775965026
MA,2021-03-18,2021-03-19,2021-03-19,2159.3694387982514,-0.02,4,HIGH,SL,2021-03-20,-43.187388775965026
CAT,2021-03-19,2021-03-22,2021-03-23,2142.0944832878654,-0.02,4,HIGH,SL,2021-03-23,-42.84188966575731
CAT,2021-03-23,2021-03-24,2021-03-25,2133.526105354714,-0.0200000000000001,4,HIGH,SL,2021-03-25,-42.6705221070945
BAC,2021-04-15,2021-04-16,2021-04-20,2124.992000933295,-0.0199999999999999,4,HIGH,SL,2021-04-20,-42.49984001866569
NFLX,2021-04-14,2021-04-15,2021-04-21,2124.992000933295,-0.02,5,HIGH,SL,2021-04-21,-42.4998400186659
NVDA,2021-04-19,2021-04-20,2021-04-20,2116.492032929562,-0.02,4,HIGH,SL,2021-04-21,-42.32984065859124
TSLA,2021-04-19,2021-04-20,2021-04-21,2116.492032929562,-0.02,4,HIGH,SL,2021-04-21,-42.32984065859124
LOW,2021-04-19,2021-04-20,2021-04-22,2116.492032929562,-0.0199999999999999,4,HIGH,SL,2021-04-22,-42.329840658591024
GE,2021-04-20,2021-04-21,2021-04-22,2091.060128662393,0.04,4,HIGH,TP,2021-04-22,83.64240514649572
ORCL,2021-04-21,2021-04-22,2021-04-23,2099.3226415599734,-0.0199999999999999,5,HIGH,SL,2021-04-23,-41.98645283119926
GS,2021-04-20,2021-04-21,2021-04-26,2091.060128662393,0.04,5,HIGH,TP,2021-04-26,83.64240514649572
NEE,2021-04-21,2021-04-22,2021-04-28,2099.3226415599734,-0.02,5,HIGH,SL,2021-04-28,-41.986452831199465
ORCL,2021-04-22,2021-04-23,2021-04-30,2090.9253509937334,0.0201910273281566,5,HIGH,TIME,2021-04-30,42.217930903049904
PFE,2021-04-22,2021-04-23,2021-04-30,2090.9253509937334,0.0005178311798734,5,HIGH,TIME,2021-04-30,1.082746341532288
HON,2021-04-23,2021-04-26,2021-04-30,2107.6538320230325,-0.02,5,HIGH,SL,2021-04-30,-42.15307664046065
MSFT,2021-04-28,2021-04-29,2021-04-29,2099.2565414567925,-0.02,4,HIGH,SL,2021-04-30,-41.985130829135855
CAT,2021-04-29,2021-04-30,2021-05-05,2091.08903541179,0.04,4,HIGH,TP,2021-05-05,83.6435614164716
XOM,2021-04-30,2021-05-03,2021-05-05,2091.0890354117905,0.04,4,HIGH,TP,2021-05-05,83.64356141647163
AMZN,2021-05-03,2021-05-04,2021-05-04,2091.08903541179,-0.02,5,HIGH,SL,2021-05-05,-41.8217807082358
CRM,2021-05-03,2021-05-04,2021-05-04,2091.0890354117905,-0.0200000000000001,4,HIGH,SL,2021-05-05,-41.82178070823602
ADBE,2021-05-04,2021-05-05,2021-05-05,2107.817747695084,-0.02,4,HIGH,SL,2021-05-06,-42.15635495390168
AAPL,2021-05-04,2021-05-05,2021-05-11,2107.817747695084,-0.02,4,HIGH,SL,2021-05-11,-42.15635495390168
PLD,2021-05-05,2021-05-06,2021-05-13,2099.3864767043037,0.0015000879942388,4,HIGH,TIME,2021-05-13,3.14926444897142
GS,2021-05-11,2021-05-12,2021-05-12,2090.9552057135234,-0.0199999999999999,5,HIGH,SL,2021-05-13,-41.81910411427026
HD,2021-05-11,2021-05-12,2021-05-12,2082.5239347227425,-0.0200000000000001,5,HIGH,SL,2021-05-13,-41.65047869445506
V,2021-05-10,2021-05-11,2021-05-18,2090.9552057135234,0.0096434061226271,4,HIGH,TIME,2021-05-18,20.163930232916798
CVX,2021-05-11,2021-05-12,2021-05-19,2090.9552057135234,-0.0200000000000001,5,HIGH,SL,2021-05-19,-41.81910411427068
CVX,2021-05-18,2021-05-19,2021-05-26,2070.5601072653017,0.0028898507200574,4,HIGH,TIME,2021-05-26,5.983609616902759
COP,2021-05-19,2021-05-20,2021-05-27,2070.5601072653017,-0.0021563925841372,4,HIGH,TIME,2021-05-27,-4.464940460317222
XOM,2021-05-19,2021-05-20,2021-05-27,2070.5601072653017,-0.0066156226290488,4,HIGH,TIME,2021-05-27,-13.69804430043004
ABBV,2021-05-27,2021-05-28,2021-06-02,2068.124232236533,-0.02,4,HIGH,SL,2021-06-02,-41.36248464473066
COST,2021-05-28,2021-06-01,2021-06-08,2068.124232236533,-0.0006054962471336,4,HIGH,TIME,2021-06-08,-1.2522414612252786
JNJ,2021-06-01,2021-06-02,2021-06-09,2059.851735307587,0.0017541012303183,4,HIGH,TIME,2021-06-09,3.6131884631763236
AVGO,2021-06-07,2021-06-08,2021-06-15,2059.601287015342,0.0057473281028119,5,HIGH,TIME,2021-06-15,11.837204357450835
GS,2021-06-10,2021-06-11,2021-06-15,2060.3239247079773,-0.02,5,HIGH,SL,2021-06-15,-41.20647849415955
ORCL,2021-06-10,2021-06-11,2021-06-16,2060.3239247079773,-0.0200000000000001,5,HIGH,SL,2021-06-16,-41.206478494159754
CVX,2021-06-17,2021-06-18,2021-06-18,2046.208774181804,-0.02,4,HIGH,SL,2021-06-19,-40.924175483636084
GS,2021-06-17,2021-06-18,2021-06-18,2046.208774181804,-0.02,4,HIGH,SL,2021-06-19,-40.924175483636084
MS,2021-06-17,2021-06-18,2021-06-18,2046.2087741818032,-0.0200000000000001,4,HIGH,SL,2021-06-19,-40.92417548363627
COP,2021-06-17,2021-06-18,2021-06-21,2046.2087741818036,0.04,5,HIGH,TP,2021-06-21,81.84835096727214
XOM,2021-06-17,2021-06-18,2021-06-22,2046.2087741818036,0.04,5,HIGH,TP,2021-06-22,81.84835096727214
META,2021-06-18,2021-06-21,2021-06-24,2038.0239390850766,0.04,4,HIGH,TP,2021-06-24,81.52095756340306
PEP,2021-06-18,2021-06-21,2021-06-28,2038.0239390850766,0.0088511552916112,4,HIGH,TIME,2021-06-28,18.038866372863176
PLD,2021-06-18,2021-06-21,2021-06-28,2038.0239390850766,0.0138379024307542,4,HIGH,TIME,2021-06-28,28.20197642060063
BA,2021-06-28,2021-06-29,2021-06-29,2079.9459693499043,-0.02,4,HIGH,SL,2021-06-30,-41.598919386998084
COP,2021-07-06,2021-07-07,2021-07-07,2071.6261854725044,-0.02,4,HIGH,SL,2021-07-08,-41.43252370945009
BLK,2021-07-08,2021-07-09,2021-07-14,2063.3396807306144,-0.0199999999999999,5,HIGH,SL,2021-07-14,-41.266793614612084
NVDA,2021-07-08,2021-07-09,2021-07-15,2063.3396807306144,-0.02,4,HIGH,SL,2021-07-15,-41.26679361461229
BLK,2021-07-14,2021-07-15,2021-07-19,2046.83296328477,-0.0199999999999999,5,HIGH,SL,2021-07-19,-40.93665926569519
ORCL,2021-07-15,2021-07-16,2021-07-21,2046.83296328477,0.04,5,HIGH,TP,2021-07-21,81.8733185313908
LLY,2021-07-15,2021-07-16,2021-07-23,2046.83296328477,0.04,5,HIGH,TP,2021-07-23,81.8733185313908
AAPL,2021-07-19,2021-07-20,2021-07-26,2038.6456314316308,0.04,5,HIGH,TP,2021-07-26,81.54582525726524
V,2021-07-19,2021-07-20,2021-07-26,2038.6456314316308,0.04,5,HIGH,TP,2021-07-26,81.54582525726524
NFLX,2021-07-21,2021-07-22,2021-07-29,2055.0202951379088,0.0079182950028071,4,HIGH,TIME,2021-07-29,16.272256933657676
LOW,2021-07-27,2021-07-28,2021-08-04,2104.013288947093,-0.0194661426139838,4,HIGH,TIME,2021-08-04,-40.95702274436121
MA,2021-08-02,2021-08-03,2021-08-03,2107.267740333825,-0.02,4,HIGH,SL,2021-08-04,-42.145354806676494
V,2021-08-02,2021-08-03,2021-08-03,2107.267740333825,-0.02,4,HIGH,SL,2021-08-04,-42.145354806676494
ABBV,2021-07-30,2021-08-02,2021-08-05,2107.267740333825,-0.02,4,HIGH,SL,2021-08-05,-42.145354806676494
AMD,2021-08-09,2021-08-10,2021-08-10,2073.789122900947,-0.02,4,HIGH,SL,2021-08-11,-41.47578245801894
UNH,2021-08-05,2021-08-06,2021-08-13,2073.789122900947,-0.0056796233837601,4,HIGH,TIME,2021-08-13,-11.778341195415566
PFE,2021-08-11,2021-08-12,2021-08-13,2065.493966409343,0.04,4,HIGH,TP,2021-08-13,82.61975865637372
AAPL,2021-08-18,2021-08-19,2021-08-24,2079.6622499015343,0.04,4,HIGH,TP,2021-08-24,83.18648999606137
PFE,2021-08-24,2021-08-25,2021-08-25,2096.2995479007473,-0.0200000000000001,4,HIGH,SL,2021-08-26,-41.925990958015156
NEE,2021-08-23,2021-08-24,2021-08-31,2096.299547900747,0.0017128654725766,5,HIGH,TIME,2021-08-31,3.590679115777126
PLD,2021-09-09,2021-09-10,2021-09-14,2088.632485532299,-0.02,5,HIGH,SL,2021-09-14,-41.772649710645986
AAPL,2021-09-10,2021-09-13,2021-09-14,2088.6324855322996,-0.02,4,HIGH,SL,2021-09-14,-41.77264971064599
ADBE,2021-09-13,2021-09-14,2021-09-20,2071.923425648041,-0.0199999999999999,4,HIGH,SL,2021-09-20,-41.43846851296061
BAC,2021-09-14,2021-09-15,2021-09-20,2071.923425648041,-0.02,4,HIGH,SL,2021-09-20,-41.43846851296082
MS,2021-09-14,2021-09-15,2021-09-20,2071.923425648041,-0.0200000000000001,4,HIGH,SL,2021-09-20,-41.43846851296102
META,2021-09-17,2021-09-20,2021-09-20,2047.0603445402642,-0.02,4,HIGH,SL,2021-09-21,-40.94120689080528
COP,2021-09-20,2021-09-21,2021-09-22,2038.8721031621035,0.04,5,HIGH,TP,2021-09-22,81.55488412648414
ADBE,2021-09-20,2021-09-21,2021-09-22,2038.8721031621035,-0.02,4,HIGH,SL,2021-09-22,-40.77744206324207
NVDA,2021-09-20,2021-09-21,2021-09-21,2030.6838617839412,-0.02,4,HIGH,SL,2021-09-22,-40.61367723567883
NEE,2021-09-17,2021-09-20,2021-09-27,2047.0603445402642,-0.02,4,HIGH,SL,2021-09-27,-40.94120689080528
AVGO,2021-09-20,2021-09-21,2021-09-28,2038.8721031621035,-0.0050051000342025,4,HIGH,TIME,2021-09-28,-10.204758833271168
HD,2021-09-28,2021-09-29,2021-10-01,2028.6756629828008,-0.02,4,HIGH,SL,2021-10-01,-40.57351325965602
CRM,2021-09-28,2021-09-29,2021-10-04,2028.6756629828008,-0.0199999999999999,4,HIGH,SL,2021-10-04,-40.57351325965581
LOW,2021-09-30,2021-10-01,2021-10-08,2020.5609603308699,0.0119279014782707,4,HIGH,TIME,2021-10-08,24.10105206566665
JPM,2021-10-11,2021-10-12,2021-10-13,2017.266468092072,-0.02,4,HIGH,SL,2021-10-13,-40.34532936184144
JPM,2021-10-13,2021-10-14,2021-10-18,2009.197402219704,0.04,4,HIGH,TP,2021-10-18,80.36789608878816
NFLX,2021-10-20,2021-10-21,2021-10-22,2025.2709814374616,0.04,4,HIGH,TP,2021-10-22,81.01083925749846
AMZN,2021-10-29,2021-11-01,2021-11-01,2041.4731492889614,-0.02,5,HIGH,SL,2021-11-02,-40.82946298577923
LLY,2021-11-01,2021-11-02,2021-11-03,2008.8095789003373,0.04,4,HIGH,TP,2021-11-03,80.35238315601349
AVGO,2021-10-27,2021-10-28,2021-11-04,2041.4731492889614,0.04,4,HIGH,TP,2021-11-04,81.65892597155846
GE,2021-10-27,2021-10-28,2021-11-04,2041.4731492889614,0.0176032803139201,4,HIGH,TIME,2021-11-04,35.93662410027485
XOM,2021-10-27,2021-10-28,2021-11-04,2041.4731492889614,0.0092447291133184,4,HIGH,TIME,2021-11-04,18.872866257289463
NFLX,2021-11-04,2021-11-05,2021-11-05,2076.671416588833,-0.02,5,HIGH,SL,2021-11-06,-41.53342833177666
GOOGL,2021-11-01,2021-11-02,2021-11-08,2033.3072566918054,0.04,5,HIGH,TP,2021-11-08,81.33229026767222
BAC,2021-11-04,2021-11-05,2021-11-09,2076.671416588833,-0.02,5,HIGH,SL,2021-11-09,-41.53342833177666
GS,2021-11-04,2021-11-05,2021-11-09,2076.671416588833,-0.02,5,HIGH,SL,2021-11-09,-41.53342833177666
NKE,2021-11-08,2021-11-09,2021-11-10,2068.017817643301,-0.02,5,HIGH,SL,2021-11-10,-41.36035635286602
NFLX,2021-11-05,2021-11-08,2021-11-12,2084.631188976012,0.04,4,HIGH,TP,2021-11-12,83.38524755904048
PEP,2021-11-08,2021-11-09,2021-11-16,2068.017817643301,0.0061610849361017,5,HIGH,TIME,2021-11-16,12.741233423872055
ADBE,2021-11-10,2021-11-11,2021-11-18,2059.745746372728,0.04,5,HIGH,TP,2021-11-18,82.38982985490911
CRM,2021-11-10,2021-11-11,2021-11-18,2059.745746372728,0.0049420852404848,5,HIGH,TIME,2021-11-18,10.179439052300006
NKE,2021-11-10,2021-11-11,2021-11-18,2026.5882324988706,0.0103183928890939,5,HIGH,TIME,2021-11-18,20.91113360733772
BA,2021-11-16,2021-11-17,2021-11-17,2078.9710425693106,-0.02,4,HIGH,SL,2021-11-18,-41.57942085138621
MA,2021-11-17,2021-11-18,2021-11-18,2093.351238901943,-0.0199999999999999,5,HIGH,SL,2021-11-19,-41.86702477803865
CVX,2021-11-19,2021-11-22,2021-11-23,2084.977833946335,0.04,4,HIGH,TP,2021-11-23,83.39911335785341
MRK,2021-11-19,2021-11-22,2021-11-26,2084.977833946335,-0.0200000000000001,4,HIGH,SL,2021-11-26,-41.69955667892691
AMZN,2021-11-22,2021-11-23,2021-11-26,2101.657656617905,-0.02,4,HIGH,SL,2021-11-26,-42.0331531323581
UNH,2021-11-19,2021-11-22,2021-11-30,2084.9778339463346,0.0031614331484044,4,HIGH,TIME,2021-11-30,6.591518037926346
AVGO,2021-11-22,2021-11-23,2021-12-01,2101.657656617905,0.0042360221469577,5,HIGH,TIME,2021-12-01,8.902668378756667
LLY,2021-11-29,2021-11-30,2021-11-30,2086.2294182632336,-0.02,4,HIGH,SL,2021-12-01,-41.72458836526467
COST,2021-11-30,2021-12-01,2021-12-01,2079.665034265932,-0.02,5,HIGH,SL,2021-12-02,-41.59330068531864
BLK,2021-11-30,2021-12-01,2021-12-01,2079.665034265932,-0.02,4,HIGH,SL,2021-12-02,-41.59330068531864
PLD,2021-11-26,2021-11-29,2021-12-03,2084.9111146556484,0.04,4,HIGH,TP,2021-12-03,83.39644458622594
LLY,2021-11-30,2021-12-01,2021-12-03,2074.4189538762134,-0.02,4,HIGH,SL,2021-12-03,-41.48837907752427
NEE,2021-11-30,2021-12-01,2021-12-07,2079.665034265932,0.04,5,HIGH,TP,2021-12-07,83.18660137063728
MSFT,2021-12-14,2021-12-15,2021-12-17,2088.046647367672,-0.02,4,HIGH,SL,2021-12-17,-41.76093294735344
AVGO,2021-12-16,2021-12-17,2021-12-20,2079.694460778202,0.04,4,HIGH,TP,2021-12-20,83.18777843112808
CVX,2021-12-17,2021-12-20,2021-12-22,2096.3320164644274,0.04,4,HIGH,TP,2021-12-22,83.85328065857709
AAPL,2021-12-16,2021-12-17,2021-12-23,2079.6944607782016,0.04,5,HIGH,TP,2021-12-23,83.18777843112807
MSFT,2021-12-16,2021-12-17,2021-12-23,2079.6944607782016,0.04,4,HIGH,TP,2021-12-23,83.18777843112807
JNJ,2021-12-17,2021-12-20,2021-12-28,2096.3320164644274,0.0151362787864601,5,HIGH,TIME,2021-12-28,31.730665830187636
PEP,2021-12-17,2021-12-20,2021-12-28,2096.3320164644274,0.0311080989843399,5,HIGH,TIME,2021-12-28,65.21290387221626
PFE,2021-12-21,2021-12-22,2021-12-28,2113.102672596143,-0.02,4,HIGH,SL,2021-12-28,-42.26205345192286
AMT,2022-01-03,2022-01-04,2022-01-05,2157.31408721869,-0.02,5,HIGH,SL,2022-01-05,-43.1462817443738
PLD,2022-01-03,2022-01-04,2022-01-04,2157.31408721869,-0.02,5,HIGH,SL,2022-01-05,-43.1462817443738
UNH,2022-01-04,2022-01-05,2022-01-06,2140.055574520941,-0.02,5,HIGH,SL,2022-01-06,-42.80111149041882
AMD,2022-01-04,2022-01-05,2022-01-05,2140.055574520941,-0.0200000000000001,4,HIGH,SL,2022-01-06,-42.80111149041903
PLD,2022-01-04,2022-01-05,2022-01-05,2140.055574520941,-0.02,4,HIGH,SL,2022-01-06,-42.80111149041882
COST,2022-01-05,2022-01-06,2022-01-07,2114.37490762669,-0.02,4,HIGH,SL,2022-01-07,-42.2874981525338
MS,2022-01-05,2022-01-06,2022-01-06,2114.37490762669,-0.02,4,HIGH,SL,2022-01-07,-42.2874981525338
LOW,2022-01-07,2022-01-10,2022-01-10,2097.459908365676,-0.02,4,HIGH,SL,2022-01-11,-41.94919816731352
V,2022-01-10,2022-01-11,2022-01-13,2089.0700687322133,0.04,4,HIGH,TP,2022-01-13,83.56280274928854
UPS,2022-01-10,2022-01-11,2022-01-14,2089.0700687322133,-0.02,5,HIGH,SL,2022-01-14,-41.78140137464427
MS,2022-01-12,2022-01-13,2022-01-14,2105.7826292820714,-0.02,5,HIGH,SL,2022-01-14,-42.11565258564143
BAC,2022-01-18,2022-01-19,2022-01-19,2089.0032184900138,-0.02,4,HIGH,SL,2022-01-20,-41.78006436980028
BA,2022-01-19,2022-01-20,2022-01-21,2080.6472056160537,-0.02,5,HIGH,SL,2022-01-21,-41.612944112321074
CAT,2022-01-19,2022-01-20,2022-01-20,2080.6472056160537,-0.02,5,HIGH,SL,2022-01-21,-41.612944112321074
GE,2022-01-19,2022-01-20,2022-01-20,2080.6472056160537,-0.02,4,HIGH,SL,2022-01-21,-41.612944112321074
CAT,2022-01-20,2022-01-21,2022-01-21,2055.679439148661,-0.0200000000000001,4,HIGH,SL,2022-01-22,-41.11358878297343
COP,2022-01-21,2022-01-24,2022-01-24,2047.4567213920664,-0.02,5,HIGH,SL,2022-01-25,-40.94913442784133
DUK,2022-01-18,2022-01-19,2022-01-26,2089.0032184900138,0.0006870086825339,4,HIGH,TIME,2022-01-26,1.435163348943901
CVX,2022-01-28,2022-01-31,2022-02-01,2039.5539271762868,0.04,5,HIGH,TP,2022-02-01,81.58215708705147
MA,2022-02-04,2022-02-07,2022-02-07,2055.8703585936973,-0.02,4,HIGH,SL,2022-02-08,-41.11740717187395
BAC,2022-02-11,2022-02-14,2022-02-14,2047.6468771593227,-0.02,4,HIGH,SL,2022-02-15,-40.95293754318646
BA,2022-02-11,2022-02-14,2022-02-18,2047.6468771593227,-0.0199999999999999,4,HIGH,SL,2022-02-18,-40.95293754318625
COP,2022-03-09,2022-03-10,2022-03-14,2031.2657021420482,-0.02,4,HIGH,SL,2022-03-14,-40.62531404284096
NVDA,2022-03-23,2022-03-24,2022-03-24,2023.1406393334798,0.04,4,HIGH,TP,2022-03-25,80.92562557333919
COP,2022-03-29,2022-03-30,2022-04-01,2039.3257644481478,-0.02,4,HIGH,SL,2022-04-01,-40.78651528896295
UPS,2022-03-31,2022-04-01,2022-04-01,2031.1684613903553,-0.02,5,HIGH,SL,2022-04-02,-40.62336922780711
UNH,2022-03-31,2022-04-01,2022-04-06,2031.1684613903553,0.04,5,HIGH,TP,2022-04-06,81.24673845561422
GOOGL,2022-03-31,2022-04-01,2022-04-06,2031.1684613903553,-0.02,4,HIGH,SL,2022-04-06,-40.62336922780711
V,2022-04-06,2022-04-07,2022-04-07,2031.1684613903553,-0.02,5,HIGH,SL,2022-04-08,-40.62336922780711
AMZN,2022-04-06,2022-04-07,2022-04-07,2031.1684613903553,-0.0200000000000001,4,HIGH,SL,2022-04-08,-40.62336922780731
GOOGL,2022-04-06,2022-04-07,2022-04-08,2031.1684613903553,-0.02,4,HIGH,SL,2022-04-08,-40.62336922780711
MSFT,2022-04-06,2022-04-07,2022-04-11,2031.1684613903553,-0.0200000000000001,4,HIGH,SL,2022-04-11,-40.62336922780731
ABBV,2022-04-11,2022-04-12,2022-04-13,1998.6697660081093,-0.02,4,HIGH,SL,2022-04-13,-39.97339532016218
COST,2022-04-11,2022-04-12,2022-04-20,1998.6697660081093,0.0287032948313024,5,HIGH,TIME,2022-04-20,57.36840756414094
KO,2022-04-29,2022-05-02,2022-05-02,2002.1487684569054,-0.02,4,HIGH,SL,2022-05-03,-40.042975369138105
PEP,2022-05-02,2022-05-03,2022-05-10,1994.1401733830776,0.0138939566900275,4,HIGH,TIME,2022-05-10,27.70649720282841
WMT,2022-05-06,2022-05-09,2022-05-16,1994.1401733830776,-0.0017511639237653,4,HIGH,TIME,2022-05-16,-3.492066330559526
LLY,2022-06-02,2022-06-03,2022-06-06,1998.9830595575318,0.04,4,HIGH,TP,2022-06-06,79.95932238230127
CVX,2022-05-31,2022-06-01,2022-06-08,1998.9830595575318,0.0248967399928947,4,HIGH,TIME,2022-06-08,49.76816148400501
MRK,2022-06-28,2022-06-29,2022-07-01,2024.928556330793,-0.02,4,HIGH,SL,2022-07-01,-40.498571126615865
UPS,2022-07-12,2022-07-13,2022-07-19,2016.82884210547,0.04,4,HIGH,TP,2022-07-19,80.6731536842188
ABBV,2022-07-18,2022-07-19,2022-07-21,2032.9634728423139,-0.02,4,HIGH,SL,2022-07-21,-40.65926945684628
UNH,2022-07-20,2022-07-21,2022-07-28,2024.8316189509446,0.04,4,HIGH,TP,2022-07-28,80.99326475803778
COST,2022-07-26,2022-07-27,2022-07-28,2024.8316189509446,0.04,5,HIGH,TP,2022-07-28,80.99326475803778
LOW,2022-07-26,2022-07-27,2022-07-27,2024.8316189509446,-0.02,5,HIGH,SL,2022-07-28,-40.49663237901889
UPS,2022-07-26,2022-07-27,2022-07-29,2024.831618950945,0.04,4,HIGH,TP,2022-07-29,80.99326475803781
LOW,2022-08-02,2022-08-03,2022-08-04,2065.3282513299637,0.04,5,HIGH,TP,2022-08-04,82.61313005319855
WMT,2022-08-04,2022-08-05,2022-08-11,2081.8508773406033,0.04,4,HIGH,TP,2022-08-11,83.27403509362414
LOW,2022-08-09,2022-08-10,2022-08-15,2081.850877340604,0.04,5,HIGH,TP,2022-08-15,83.27403509362415
AVGO,2022-08-09,2022-08-10,2022-08-17,2081.8508773406033,-0.02,5,HIGH,SL,2022-08-17,-41.63701754681207
CRM,2022-08-09,2022-08-10,2022-08-17,2081.850877340604,-0.001062944611885,5,HIGH,TIME,2022-08-17,-2.212892172817255
AVGO,2022-08-17,2022-08-18,2022-08-22,2106.3905094341276,-0.0199999999999999,4,HIGH,SL,2022-08-22,-42.12781018868234
BAC,2022-08-19,2022-08-22,2022-08-24,2097.964947396391,-0.02,5,HIGH,SL,2022-08-24,-41.95929894792782
NKE,2022-08-19,2022-08-22,2022-08-26,2097.964947396391,-0.0199999999999999,4,HIGH,SL,2022-08-26,-41.95929894792761
AAPL,2022-08-22,2022-08-23,2022-08-26,2097.964947396391,-0.02,4,HIGH,SL,2022-08-26,-41.95929894792782
JPM,2022-08-19,2022-08-22,2022-08-29,2097.964947396391,-0.02,5,HIGH,SL,2022-08-29,-41.95929894792782
CVX,2022-08-30,2022-08-31,2022-09-01,2064.397508238049,-0.02,5,HIGH,SL,2022-09-01,-41.28795016476098
CAT,2022-08-30,2022-08-31,2022-09-01,2064.397508238049,-0.02,4,HIGH,SL,2022-09-01,-41.28795016476098
COP,2022-08-30,2022-08-31,2022-09-07,2064.397508238049,-0.02,4,HIGH,SL,2022-09-07,-41.28795016476098
HON,2022-09-02,2022-09-06,2022-09-13,2047.8823281721443,-0.0113837036863712,4,HIGH,TIME,2022-09-13,-23.312485608467675
NEE,2022-09-15,2022-09-16,2022-09-22,2034.9622410174984,-0.02,4,HIGH,SL,2022-09-22,-40.69924482034997
TSLA,2022-09-21,2022-09-22,2022-09-22,2026.8223920534285,-0.02,4,HIGH,SL,2022-09-23,-40.53644784106857
ABBV,2022-10-28,2022-10-31,2022-11-07,2018.7151024852149,0.0201834511042207,5,HIGH,TIME,2022-11-07,40.744637564362215
LLY,2022-11-01,2022-11-02,2022-11-08,2018.7151024852149,0.04,4,HIGH,TP,2022-11-08,80.7486040994086
V,2022-11-03,2022-11-04,2022-11-10,2018.7151024852149,0.04,5,HIGH,TP,2022-11-10,80.7486040994086
MRK,2022-11-11,2022-11-14,2022-11-18,2059.163471637851,0.04,4,HIGH,TP,2022-11-18,82.36653886551404
PEP,2022-11-11,2022-11-14,2022-11-21,2059.163471637851,0.0344210597456553,5,HIGH,TIME,2022-11-21,70.87858888331746
JNJ,2022-11-11,2022-11-14,2022-11-21,2059.163471637851,0.04,4,HIGH,TP,2022-11-21,82.36653886551404
WMT,2022-11-14,2022-11-15,2022-11-21,2059.163471637851,0.04,4,HIGH,TP,2022-11-21,82.36653886551404
AVGO,2022-11-16,2022-11-17,2022-11-22,2059.163471637851,0.04,4,HIGH,TP,2022-11-22,82.36653886551404
V,2022-11-21,2022-11-22,2022-11-30,2139.2324205069262,0.04,4,HIGH,TP,2022-11-30,85.56929682027705
BAC,2022-11-28,2022-11-29,2022-11-30,2139.2324205069267,-0.0200000000000001,4,HIGH,SL,2022-11-30,-42.78464841013875
HD,2022-11-28,2022-11-29,2022-12-01,2139.2324205069267,0.04,4,HIGH,TP,2022-12-01,85.56929682027707
CVX,2022-11-28,2022-11-29,2022-12-05,2139.2324205069262,-0.02,4,HIGH,SL,2022-12-05,-42.78464841013852
XOM,2022-11-28,2022-11-29,2022-12-05,2139.232420506925,-0.02,4,HIGH,SL,2022-12-05,-42.7846484101385
BAC,2022-12-01,2022-12-02,2022-12-05,2164.903209553009,-0.02,4,HIGH,SL,2022-12-05,-43.298064191060185
MS,2022-12-05,2022-12-06,2022-12-06,2139.129737350742,-0.02,5,HIGH,SL,2022-12-07,-42.78259474701484
JPM,2022-12-05,2022-12-06,2022-12-06,2139.129737350742,-0.02,4,HIGH,SL,2022-12-07,-42.78259474701484
XOM,2022-12-05,2022-12-06,2022-12-06,2139.129737350742,-0.02,4,HIGH,SL,2022-12-07,-42.78259474701484
PFE,2022-12-06,2022-12-07,2022-12-08,2113.4601805025327,0.04,5,HIGH,TP,2022-12-08,84.5384072201013
BA,2022-12-06,2022-12-07,2022-12-08,2113.4601805025327,0.04,4,HIGH,TP,2022-12-08,84.5384072201013
MS,2022-12-06,2022-12-07,2022-12-12,2113.460180502533,0.04,4,HIGH,TP,2022-12-12,84.53840722010133
UPS,2022-12-06,2022-12-07,2022-12-12,2113.4601805025327,0.04,4,HIGH,TP,2022-12-12,84.5384072201013
GS,2022-12-06,2022-12-07,2022-12-13,2113.4601805025327,0.04,4,HIGH,TP,2022-12-13,84.5384072201013
GE,2022-12-09,2022-12-12,2022-12-15,2181.090906278614,-0.0200000000000001,4,HIGH,SL,2022-12-15,-43.6218181255725
WMT,2022-12-09,2022-12-12,2022-12-16,2181.090906278614,-0.02,4,HIGH,SL,2022-12-16,-43.62181812557228
MSFT,2022-12-15,2022-12-16,2022-12-16,2180.5498604724053,-0.02,4,HIGH,SL,2022-12-17,-43.61099720944811
LLY,2022-12-13,2022-12-14,2022-12-21,2197.9985877226345,0.0250689068493272,4,HIGH,TIME,2022-12-21,55.10142185057147
DUK,2022-12-16,2022-12-19,2022-12-27,2171.827661030516,0.03535400073908,5,HIGH,TIME,2022-12-27,76.78279673322726
MCD,2022-12-16,2022-12-19,2022-12-27,2171.827661030516,0.0022159176387985,4,HIGH,TIME,2022-12-27,4.8125912225080105
PFE,2023-01-04,2023-01-05,2023-01-09,2199.1670229917777,-0.0199999999999999,4,HIGH,SL,2023-01-09,-43.98334045983533
BLK,2023-01-05,2023-01-06,2023-01-09,2199.1670229917777,0.04,4,HIGH,TP,2023-01-09,87.9666809196711
ABBV,2023-01-09,2023-01-10,2023-01-10,2207.9636910837444,-0.0200000000000001,4,HIGH,SL,2023-01-11,-44.15927382167511
JNJ,2023-01-09,2023-01-10,2023-01-11,2207.9636910837444,-0.02,4,HIGH,SL,2023-01-11,-44.15927382167489
MRK,2023-01-09,2023-01-10,2023-01-18,2207.9636910837444,-0.0160094403886607,4,HIGH,TIME,2023-01-18,-35.34826309273246
AMT,2023-01-18,2023-01-19,2023-01-20,2183.2303289365277,-0.0199999999999999,4,HIGH,SL,2023-01-20,-43.664606578730336
NEE,2023-01-18,2023-01-19,2023-01-19,2183.2303289365277,-0.0200000000000001,4,HIGH,SL,2023-01-20,-43.664606578730776
GE,2023-01-19,2023-01-20,2023-01-20,2165.764486305035,-0.02,5,HIGH,SL,2023-01-21,-43.3152897261007
XOM,2023-01-18,2023-01-19,2023-01-23,2183.2303289365277,0.04,4,HIGH,TP,2023-01-23,87.32921315746111
NFLX,2023-01-19,2023-01-20,2023-01-23,2130.8328010420505,0.04,4,HIGH,TP,2023-01-23,85.23331204168203
CAT,2023-01-19,2023-01-20,2023-01-24,2165.764486305035,0.04,5,HIGH,TP,2023-01-24,86.6305794522014
JPM,2023-01-18,2023-01-19,2023-01-26,2183.2303289365277,0.0344366620395988,5,HIGH,TIME,2023-01-26,75.18316499218933
GOOGL,2023-01-25,2023-01-26,2023-02-01,2223.976682288522,0.04,4,HIGH,TP,2023-02-01,88.95906729154089
CAT,2023-01-31,2023-02-01,2023-02-01,2241.7684957468305,-0.02,5,HIGH,SL,2023-02-02,-44.835369914936614
ADBE,2023-02-03,2023-02-06,2023-02-10,2232.8014217638433,-0.02,4,HIGH,SL,2023-02-10,-44.656028435276866
DIS,2023-02-10,2023-02-13,2023-02-14,2223.870216076788,-0.02,4,HIGH,SL,2023-02-14,-44.47740432153576
COST,2023-02-08,2023-02-09,2023-02-16,2232.8014217638433,-0.0023551324776321,5,HIGH,TIME,2023-02-16,-5.258543144499155
CRM,2023-02-10,2023-02-13,2023-02-17,2223.870216076788,-0.0200000000000001,5,HIGH,SL,2023-02-17,-44.477404321535985
WMT,2023-02-22,2023-02-23,2023-02-23,2205.0275457192743,-0.0199999999999999,5,HIGH,SL,2023-02-24,-44.100550914385266
XOM,2023-02-17,2023-02-21,2023-02-28,2205.0275457192743,-0.0081220451539225,4,HIGH,TIME,2023-02-28,-17.909333291974853
CRM,2023-03-10,2023-03-13,2023-03-14,2192.625568878002,0.04,4,HIGH,TP,2023-03-14,87.70502275512008
MSFT,2023-03-20,2023-03-21,2023-03-28,2210.1665734290264,0.0012730216650151,4,HIGH,TIME,2023-03-28,2.8135899312673374
NVDA,2023-04-05,2023-04-06,2023-04-11,2210.72929141528,0.04,4,HIGH,TP,2023-04-11,88.4291716566112
AMZN,2023-04-11,2023-04-12,2023-04-12,2228.4151257466024,-0.02,4,HIGH,SL,2023-04-13,-44.56830251493205
UNH,2023-04-14,2023-04-17,2023-04-18,2219.501465243616,-0.02,5,HIGH,SL,2023-04-18,-44.39002930487232
GOOGL,2023-04-17,2023-04-18,2023-04-18,2210.623459382641,-0.02,4,HIGH,SL,2023-04-19,-44.21246918765282
BLK,2023-04-21,2023-04-24,2023-04-25,2201.7809655451106,-0.02,5,HIGH,SL,2023-04-25,-44.03561931090221
JNJ,2023-04-18,2023-04-19,2023-04-26,2201.7809655451106,0.0038890946397796,5,HIGH,TIME,2023-04-26,8.562934551070242
UNH,2023-04-19,2023-04-20,2023-04-27,2201.7809655451106,0.0102992705274789,4,HIGH,TIME,2023-04-27,22.676737806402794
AMZN,2023-04-25,2023-04-26,2023-04-27,2194.686428593144,0.04,5,HIGH,TP,2023-04-27,87.78745714372575
ADBE,2023-04-25,2023-04-26,2023-04-26,2194.686428593144,-0.0200000000000001,4,HIGH,SL,2023-04-27,-43.8937285718631
META,2023-04-25,2023-04-26,2023-04-27,2194.686428593144,0.04,4,HIGH,TP,2023-04-27,87.78745714372575
MSFT,2023-04-25,2023-04-26,2023-04-28,2187.591891641176,0.04,4,HIGH,TP,2023-04-28,87.50367566564704
LLY,2023-04-26,2023-04-27,2023-04-27,2225.558013297542,-0.02,5,HIGH,SL,2023-04-28,-44.51116026595084
MRK,2023-04-26,2023-04-27,2023-04-27,2225.558013297542,-0.0200000000000001,5,HIGH,SL,2023-04-28,-44.51116026595106
LOW,2023-04-26,2023-04-27,2023-05-01,2225.558013297542,0.04,4,HIGH,TP,2023-05-01,89.02232053190168
AMZN,2023-04-28,2023-05-01,2023-05-01,2243.0587484306716,-0.0200000000000001,4,HIGH,SL,2023-05-02,-44.86117496861366
XOM,2023-05-01,2023-05-02,2023-05-02,2234.0865134369487,-0.02,4,HIGH,SL,2023-05-03,-44.681730268738974
GE,2023-05-04,2023-05-05,2023-05-10,2225.150167383201,-0.02,5,HIGH,SL,2023-05-10,-44.50300334766402
NKE,2023-05-04,2023-05-05,2023-05-10,2225.150167383201,-0.02,4,HIGH,SL,2023-05-10,-44.50300334766402
PEP,2023-05-22,2023-05-23,2023-05-25,2207.348966044135,-0.0199999999999999,4,HIGH,SL,2023-05-25,-44.14697932088248
ORCL,2023-05-23,2023-05-24,2023-05-25,2207.348966044135,0.04,5,HIGH,TP,2023-05-25,88.2939586417654
MA,2023-05-23,2023-05-24,2023-05-31,2207.348966044135,-0.02,4,HIGH,SL,2023-05-31,-44.1469793208827
LLY,2023-05-23,2023-05-24,2023-06-01,2207.348966044135,0.0294575990485148,5,HIGH,TIME,2023-06-01,65.02320080188184
ADBE,2023-06-07,2023-06-08,2023-06-09,2220.3536062045114,0.04,5,HIGH,TP,2023-06-09,88.81414424818045
CRM,2023-06-07,2023-06-08,2023-06-09,2220.3536062045114,0.04,4,HIGH,TP,2023-06-09,88.81414424818045
META,2023-06-07,2023-06-08,2023-06-12,2220.3536062045114,0.04,5,HIGH,TP,2023-06-12,88.81414424818045
MSFT,2023-06-07,2023-06-08,2023-06-13,2220.3536062045114,0.04,5,HIGH,TP,2023-06-13,88.81414424818045
GOOGL,2023-06-07,2023-06-08,2023-06-15,2220.3536062045114,0.0233984835626313,5,HIGH,TIME,2023-06-15,51.95290735800539
AMD,2023-06-16,2023-06-20,2023-06-21,2301.795503074657,-0.0200000000000001,4,HIGH,SL,2023-06-21,-46.035910061493375
BA,2023-06-20,2023-06-21,2023-06-22,2292.588321062359,-0.02,5,HIGH,SL,2023-06-22,-45.85176642124718
GS,2023-06-20,2023-06-21,2023-06-22,2292.588321062359,-0.02,5,HIGH,SL,2023-06-22,-45.85176642124718
GE,2023-06-20,2023-06-21,2023-06-28,2292.588321062359,0.0329025234390267,4,HIGH,TIME,2023-06-28,75.43194096979313
NVDA,2023-06-26,2023-06-27,2023-06-30,2274.24761449386,0.04,4,HIGH,TP,2023-06-30,90.9699045797544
META,2023-06-26,2023-06-27,2023-07-05,2274.24761449386,0.04,5,HIGH,TP,2023-07-05,90.9699045797544
GOOGL,2023-06-26,2023-06-27,2023-07-05,2274.24761449386,0.04,4,HIGH,TP,2023-07-05,90.9699045797544
HD,2023-07-06,2023-07-07,2023-07-11,2343.915945435671,0.04,4,HIGH,TP,2023-07-11,93.75663781742684
LLY,2023-07-07,2023-07-10,2023-07-11,2343.9159454356713,-0.02,4,HIGH,SL,2023-07-11,-46.878318908713425
UPS,2023-07-05,2023-07-06,2023-07-12,2343.915945435671,0.04,4,HIGH,TP,2023-07-12,93.75663781742684
COST,2023-07-07,2023-07-10,2023-07-14,2343.9159454356713,0.04,4,HIGH,TP,2023-07-14,93.75663781742685
WMT,2023-07-07,2023-07-10,2023-07-17,2343.9159454356704,0.0018761510927627,4,HIGH,TIME,2023-07-17,4.39754046237305
PLD,2023-07-18,2023-07-19,2023-07-19,2391.673772436859,-0.02,5,HIGH,SL,2023-07-20,-47.83347544873718
NVDA,2023-07-20,2023-07-21,2023-07-21,2382.107077347111,-0.0200000000000001,5,HIGH,SL,2023-07-22,-47.64214154694246
AMZN,2023-07-20,2023-07-21,2023-07-21,2382.107077347111,-0.0200000000000001,4,HIGH,SL,2023-07-22,-47.64214154694246
NVDA,2023-07-21,2023-07-24,2023-07-27,2363.050220728334,0.04,4,HIGH,TP,2023-07-27,94.52200882913336
ORCL,2023-07-20,2023-07-21,2023-07-28,2382.107077347111,-0.0042921747920481,4,HIGH,TIME,2023-07-28,-10.224419949348643
MSFT,2023-07-26,2023-07-27,2023-07-27,2381.9546224941605,-0.02,4,HIGH,SL,2023-07-28,-47.63909244988321
GE,2023-07-26,2023-07-27,2023-08-01,2381.9546224941605,-0.02,4,HIGH,SL,2023-08-01,-47.63909244988321
JNJ,2023-07-31,2023-08-01,2023-08-07,2360.8541015243377,0.04,5,HIGH,TP,2023-08-07,94.43416406097352
BLK,2023-08-02,2023-08-03,2023-08-08,2360.8541015243377,-0.02,4,HIGH,SL,2023-08-08,-47.21708203048676
AVGO,2023-08-02,2023-08-03,2023-08-09,2360.8541015243377,-0.02,5,HIGH,SL,2023-08-09,-47.21708203048676
DIS,2023-08-11,2023-08-14,2023-08-15,2360.8541015243377,-0.02,4,HIGH,SL,2023-08-15,-47.21708203048676
JPM,2023-08-15,2023-08-16,2023-08-18,2351.4106851182405,-0.0200000000000001,4,HIGH,SL,2023-08-18,-47.02821370236505
JNJ,2023-08-21,2023-08-22,2023-08-23,2342.005042377768,-0.02,4,HIGH,SL,2023-08-23,-46.84010084755536
COST,2023-08-17,2023-08-18,2023-08-24,2342.005042377768,-0.0200000000000001,4,HIGH,SL,2023-08-24,-46.8401008475556
ADBE,2023-08-24,2023-08-25,2023-08-29,2323.2690020387454,0.04,4,HIGH,TP,2023-08-29,92.93076008154982
ADBE,2023-09-12,2023-09-13,2023-09-14,2341.8551540550557,-0.02,5,HIGH,SL,2023-09-14,-46.83710308110111
CVX,2023-09-11,2023-09-12,2023-09-19,2341.8551540550557,0.0114939749027926,5,HIGH,TIME,2023-09-19,26.91722436668431
AMZN,2023-09-15,2023-09-18,2023-09-19,2332.487733438835,-0.0199999999999999,5,HIGH,SL,2023-09-19,-46.649754668776474
LLY,2023-09-15,2023-09-18,2023-09-18,2323.120312822615,-0.0199999999999999,5,HIGH,SL,2023-09-19,-46.46240625645206
CAT,2023-09-13,2023-09-14,2023-09-21,2332.487733438835,-0.02,4,HIGH,SL,2023-09-21,-46.64975466877671
V,2023-09-14,2023-09-15,2023-09-21,2332.487733438835,-0.02,4,HIGH,SL,2023-09-21,-46.64975466877671
GOOGL,2023-09-20,2023-09-21,2023-09-26,2300.588844259616,-0.02,4,HIGH,SL,2023-09-26,-46.01177688519232
LLY,2023-09-21,2023-09-22,2023-09-29,2300.588844259616,-0.0200000000000001,4,HIGH,SL,2023-09-29,-46.01177688519255
CVX,2023-10-04,2023-10-05,2023-10-09,2282.184133505539,0.04,4,HIGH,TP,2023-10-09,91.28736534022157
COST,2023-10-06,2023-10-09,2023-10-16,2300.441606573583,0.0310631592919845,4,HIGH,TIME,2023-10-16,71.45898406690395
NVDA,2023-10-13,2023-10-16,2023-10-17,2314.7334033869643,-0.02,5,HIGH,SL,2023-10-17,-46.29466806773929
META,2023-10-13,2023-10-16,2023-10-19,2314.7334033869643,-0.02,5,HIGH,SL,2023-10-19,-46.29466806773929
AVGO,2023-10-17,2023-10-18,2023-10-20,2305.4744697734163,-0.0200000000000001,4,HIGH,SL,2023-10-20,-46.10948939546856
AVGO,2023-10-19,2023-10-20,2023-10-20,2286.9936382807746,-0.02,4,HIGH,SL,2023-10-21,-45.739872765615495
LLY,2023-10-19,2023-10-20,2023-10-23,2286.993638280775,-0.0199999999999999,4,HIGH,SL,2023-10-23,-45.739872765615274
ADBE,2023-10-20,2023-10-23,2023-10-25,2268.6976891745285,-0.0200000000000001,4,HIGH,SL,2023-10-25,-45.3739537834908
COP,2023-10-23,2023-10-24,2023-10-25,2268.6976891745285,-0.02,4,HIGH,SL,2023-10-25,-45.37395378349057
MSFT,2023-10-26,2023-10-27,2023-11-01,2250.548107661132,0.04,5,HIGH,TP,2023-11-01,90.02192430644527
NKE,2023-10-26,2023-10-27,2023-11-02,2250.548107661132,0.04,5,HIGH,TP,2023-11-02,90.02192430644527
NKE,2023-11-09,2023-11-10,2023-11-13,2286.55687738371,-0.0200000000000001,4,HIGH,SL,2023-11-13,-45.73113754767443
LLY,2023-11-15,2023-11-16,2023-11-24,2277.410649874175,0.016229967237539,4,HIGH,TIME,2023-11-24,36.96230023388026
COST,2023-11-16,2023-11-17,2023-11-27,2277.410649874175,0.0276385660063376,4,HIGH,TIME,2023-11-27,62.94436457008359
NVDA,2023-11-22,2023-11-24,2023-11-28,2284.803109920951,-0.0200000000000001,4,HIGH,SL,2023-11-28,-45.696062198419256
AVGO,2023-11-27,2023-11-28,2023-11-30,2288.2527703952837,-0.02,5,HIGH,SL,2023-11-30,-45.76505540790568
META,2023-11-29,2023-11-30,2023-11-30,2279.099759313703,-0.02,4,HIGH,SL,2023-12-01,-45.581995186274064
NVDA,2023-11-30,2023-12-01,2023-12-04,2269.983360276448,-0.02,4,HIGH,SL,2023-12-04,-45.39966720552896
DIS,2023-11-28,2023-11-29,2023-12-05,2288.2527703952837,-0.02,5,HIGH,SL,2023-12-05,-45.76505540790568
NFLX,2023-12-04,2023-12-05,2023-12-11,2251.750415753761,0.04,4,HIGH,TP,2023-12-11,90.07001663015045
ORCL,2023-12-06,2023-12-07,2023-12-12,2251.750415753761,-0.02,4,HIGH,SL,2023-12-12,-45.035008315075224
GS,2023-12-05,2023-12-06,2023-12-13,2251.750415753761,0.04,4,HIGH,TP,2023-12-13,90.07001663015045
AMT,2023-12-08,2023-12-11,2023-12-14,2269.764419079791,0.04,5,HIGH,TP,2023-12-14,90.79057676319164
MSFT,2023-12-14,2023-12-15,2023-12-22,2296.9295360954443,0.0210711399316319,4,HIGH,TIME,2023-12-22,48.39892366816545
PEP,2023-12-14,2023-12-15,2023-12-22,2296.9295360954443,0.0013734415512547,4,HIGH,TIME,2023-12-22,3.1546984651776655
BLK,2023-12-18,2023-12-19,2023-12-27,2296.9295360954443,0.0152046343920551,4,HIGH,TIME,2023-12-27,34.92397382064396
TSLA,2023-12-20,2023-12-21,2023-12-27,2296.9295360954447,0.04,5,HIGH,TP,2023-12-27,91.87718144381779
UPS,2023-12-20,2023-12-21,2023-12-29,2296.9295360954443,-0.0023481137484695,5,HIGH,TIME,2023-12-29,-5.393451822971383
NVDA,2024-01-02,2024-01-03,2024-01-05,2331.521801210411,0.04,5,HIGH,TP,2024-01-05,93.26087204841645
META,2024-01-02,2024-01-03,2024-01-08,2331.521801210411,0.04,4,HIGH,TP,2024-01-08,93.26087204841645
BA,2024-01-03,2024-01-04,2024-01-08,2331.521801210411,-0.02,4,HIGH,SL,2024-01-08,-46.63043602420822
HON,2024-01-03,2024-01-04,2024-01-09,2331.5218012104115,-0.0199999999999999,5,HIGH,SL,2024-01-09,-46.630436024207995
AMZN,2024-01-04,2024-01-05,2024-01-09,2350.1739756200946,0.04,4,HIGH,TP,2024-01-09,94.00695902480378
NFLX,2024-01-02,2024-01-03,2024-01-10,2331.521801210411,0.04,4,HIGH,TP,2024-01-10,93.26087204841645
NEE,2024-01-11,2024-01-12,2024-01-17,2387.6275418347386,-0.02,4,HIGH,SL,2024-01-17,-47.75255083669477
CAT,2024-01-17,2024-01-18,2024-01-22,2378.0770316673998,0.04,4,HIGH,TP,2024-01-22,95.12308126669599
PLD,2024-01-17,2024-01-18,2024-01-25,2378.0770316673998,-0.0046532847539403,4,HIGH,TIME,2024-01-25,-11.065869595153515
UPS,2024-01-24,2024-01-25,2024-01-30,2394.888474001709,-0.0199999999999999,4,HIGH,SL,2024-01-30,-47.897769480033936
AMZN,2024-01-31,2024-02-01,2024-02-02,2385.308920105702,0.04,5,HIGH,TP,2024-02-02,95.41235680422808
META,2024-01-31,2024-02-01,2024-02-02,2385.308920105702,0.04,5,HIGH,TP,2024-02-02,95.41235680422808
AMD,2024-01-31,2024-02-01,2024-02-01,2385.308920105702,-0.02,4,HIGH,SL,2024-02-02,-47.70617840211404
BAC,2024-01-31,2024-02-01,2024-02-01,2385.308920105702,-0.0199999999999999,4,HIGH,SL,2024-02-02,-47.7061784021138
MSFT,2024-01-31,2024-02-01,2024-02-08,2385.308920105702,0.030560207717678,5,HIGH,TIME,2024-02-08,72.89553606926044
ADBE,2024-02-06,2024-02-07,2024-02-13,2404.3913914665477,-0.02,4,HIGH,SL,2024-02-13,-48.087827829330955
XOM,2024-02-09,2024-02-12,2024-02-20,2418.9704986804,0.0151225114674158,5,HIGH,TIME,2024-02-20,36.580909105634866
MSFT,2024-02-13,2024-02-14,2024-02-20,2409.3529331145337,-0.0200000000000001,5,HIGH,SL,2024-02-20,-48.187058662290916
AMZN,2024-02-13,2024-02-14,2024-02-20,2409.3529331145337,-0.0199999999999999,4,HIGH,SL,2024-02-20,-48.18705866229043
CRM,2024-02-13,2024-02-14,2024-02-21,2399.7353675486675,-0.0199999999999999,4,HIGH,SL,2024-02-21,-47.99470735097311
HD,2024-02-13,2024-02-14,2024-02-22,2409.3529331145337,0.04,5,HIGH,TP,2024-02-22,96.37411732458135
LLY,2024-02-20,2024-02-21,2024-02-22,2387.7953500005497,0.04,5,HIGH,TP,2024-02-22,95.51181400002199
MA,2024-02-20,2024-02-21,2024-02-22,2387.7953500005497,0.04,4,HIGH,TP,2024-02-22,95.51181400002199
MRK,2024-03-04,2024-03-05,2024-03-08,2445.2748990654745,-0.02,4,HIGH,SL,2024-03-08,-48.905497981309495
CVX,2024-03-04,2024-03-05,2024-03-12,2445.2748990654745,0.0205602837673002,4,HIGH,TIME,2024-03-12,50.27554581384251
ORCL,2024-03-05,2024-03-06,2024-03-12,2445.2748990654745,0.04,4,HIGH,TP,2024-03-12,97.81099596261899
NFLX,2024-03-05,2024-03-06,2024-03-13,2445.2748990654745,0.0107132773468194,5,HIGH,TIME,2024-03-13,26.19690818290424
MSFT,2024-03-05,2024-03-06,2024-03-13,2445.2748990654745,0.0301015891627078,4,HIGH,TIME,2024-03-13,73.6066604015507
LLY,2024-03-11,2024-03-12,2024-03-19,2465.111107824505,0.04,4,HIGH,TP,2024-03-19,98.60444431298019
BLK,2024-03-14,2024-03-15,2024-03-21,2485.0718215413963,0.04,4,HIGH,TP,2024-03-21,99.40287286165585
CRM,2024-03-15,2024-03-18,2024-03-21,2485.0718215413963,0.04,4,HIGH,TP,2024-03-21,99.40287286165585
MSFT,2024-03-15,2024-03-18,2024-03-21,2485.0718215413963,0.04,4,HIGH,TP,2024-03-21,99.40287286165585
AMZN,2024-03-15,2024-03-18,2024-03-25,2485.0718215413963,0.0222412036077053,5,HIGH,TIME,2024-03-25,55.270988362673286
V,2024-03-22,2024-03-25,2024-03-27,2575.48863179352,-0.02,4,HIGH,SL,2024-03-27,-51.509772635870405
BLK,2024-03-22,2024-03-25,2024-04-02,2575.48863179352,-0.0046925758839498,4,HIGH,TIME,2024-04-02,-12.085675842941138
GE,2024-03-28,2024-04-01,2024-04-02,2565.186677266346,-0.02,4,HIGH,SL,2024-04-02,-51.30373354532692
LLY,2024-04-01,2024-04-02,2024-04-03,2552.5087953886923,0.04,4,HIGH,TP,2024-04-03,102.1003518155477
GE,2024-04-02,2024-04-03,2024-04-03,2572.928865751802,0.04,4,HIGH,TP,2024-04-04,102.91715463007208
DIS,2024-04-03,2024-04-04,2024-04-05,2593.5122966778163,-0.02,5,HIGH,SL,2024-04-05,-51.870245933556326
GOOGL,2024-04-04,2024-04-05,2024-04-09,2583.138247491105,0.04,5,HIGH,TP,2024-04-09,103.32552989964421
LOW,2024-04-10,2024-04-11,2024-04-11,2603.803353471034,-0.0199999999999999,4,HIGH,SL,2024-04-12,-52.07606706942042
DIS,2024-04-12,2024-04-15,2024-04-16,2593.38814005715,-0.0200000000000001,4,HIGH,SL,2024-04-16,-51.86776280114326
PEP,2024-04-23,2024-04-24,2024-04-24,2583.0145874969216,0.04,5,HIGH,TP,2024-04-25,103.32058349987688
COP,2024-04-30,2024-05-01,2024-05-02,2603.6787041968964,-0.02,4,HIGH,SL,2024-05-02,-52.07357408393793
XOM,2024-04-26,2024-04-29,2024-05-03,2603.6787041968964,-0.02,4,HIGH,SL,2024-05-03,-52.07357408393793
CVX,2024-04-30,2024-05-01,2024-05-03,2603.6787041968964,-0.02,5,HIGH,SL,2024-05-03,-52.07357408393793
GOOGL,2024-04-29,2024-04-30,2024-05-07,2603.6787041968964,0.0340558049305668,4,HIGH,TIME,2024-05-07,88.67037405200044
AMD,2024-06-03,2024-06-04,2024-06-04,2590.168634556934,-0.02,4,HIGH,SL,2024-06-05,-51.803372691138684
NEE,2024-06-03,2024-06-04,2024-06-07,2590.168634556934,-0.0200000000000001,4,HIGH,SL,2024-06-07,-51.80337269113895
UNH,2024-06-07,2024-06-10,2024-06-17,2569.447285480479,0.0006221230570091,4,HIGH,TIME,2024-06-17,1.5985124000668491
NKE,2024-06-12,2024-06-13,2024-06-17,2569.447285480479,-0.02,5,HIGH,SL,2024-06-17,-51.38894570960958
AVGO,2024-06-24,2024-06-25,2024-06-25,2559.48919881857,-0.02,4,HIGH,SL,2024-06-26,-51.1897839763714
AAPL,2024-06-20,2024-06-21,2024-06-28,2559.48919881857,0.0010931791732267,4,HIGH,TIME,2024-06-28,2.797980286247153
NKE,2024-06-25,2024-06-26,2024-06-28,2549.251242023296,-0.0199999999999999,5,HIGH,SL,2024-06-28,-50.98502484046566
NFLX,2024-06-24,2024-06-25,2024-07-02,2559.48919881857,0.0091173437418041,5,HIGH,TIME,2024-07-02,23.33574282906368
HD,2024-06-25,2024-06-26,2024-07-02,2528.7753284327464,-0.02,4,HIGH,SL,2024-07-02,-50.57550656865493
META,2024-06-28,2024-07-01,2024-07-01,2520.9395631751954,-0.02,5,HIGH,SL,2024-07-02,-50.41879126350391
WMT,2024-06-25,2024-06-26,2024-07-03,2549.251242023296,0.0124626483227174,5,HIGH,TIME,2024-07-03,31.770421715586878
GS,2024-06-27,2024-06-28,2024-07-03,2539.6138331124525,0.04,4,HIGH,TP,2024-07-03,101.5845533244981
ORCL,2024-07-09,2024-07-10,2024-07-15,2550.75311711985,0.04,5,HIGH,TP,2024-07-15,102.03012468479399
GOOGL,2024-07-11,2024-07-12,2024-07-17,2550.75311711985,-0.02,5,HIGH,SL,2024-07-17,-51.015062342396995
MSFT,2024-07-11,2024-07-12,2024-07-17,2550.75311711985,-0.02,5,HIGH,SL,2024-07-17,-51.015062342396995
NFLX,2024-07-11,2024-07-12,2024-07-17,2550.75311711985,-0.02,4,HIGH,SL,2024-07-17,-51.015062342396995
AMZN,2024-07-17,2024-07-18,2024-07-18,2540.5501046513705,-0.02,4,HIGH,SL,2024-07-19,-50.81100209302741
LLY,2024-07-17,2024-07-18,2024-07-18,2540.5501046513705,-0.02,4,HIGH,SL,2024-07-19,-50.81100209302741
MS,2024-07-18,2024-07-19,2024-07-19,2499.9013029769467,-0.0199999999999999,4,HIGH,SL,2024-07-20,-49.99802605953868
BAC,2024-07-18,2024-07-19,2024-07-22,2520.225703814159,-0.02,4,HIGH,SL,2024-07-22,-50.40451407628318
CAT,2024-07-19,2024-07-22,2024-07-24,2500.1451957869945,-0.0200000000000001,5,HIGH,SL,2024-07-24,-50.00290391574014
ORCL,2024-07-17,2024-07-18,2024-07-25,2540.5501046513705,-0.011050467318456,4,HIGH,TIME,2024-07-25,-28.074265902349943
GS,2024-07-18,2024-07-19,2024-07-26,2520.2257038141593,0.0202608481174928,5,HIGH,TIME,2024-07-26,51.06191020678008
JPM,2024-07-18,2024-07-19,2024-07-26,2520.225703814159,0.0049242569038923,5,HIGH,TIME,2024-07-26,12.410238821373701
MS,2024-07-19,2024-07-22,2024-07-29,2419.579270868289,9.76296354171513e-05,5,HIGH,TIME,2024-07-29,0.23622264207776783
BLK,2024-07-24,2024-07-25,2024-07-29,2484.5297618233762,0.04,4,HIGH,TP,2024-07-29,99.38119047293505
HD,2024-07-24,2024-07-25,2024-07-30,2478.088368796898,0.04,4,HIGH,TP,2024-07-30,99.12353475187592
JNJ,2024-07-31,2024-08-01,2024-08-02,2536.972381202385,0.04,5,HIGH,TP,2024-08-02,101.4788952480954
PFE,2024-07-31,2024-08-01,2024-08-01,2536.972381202385,-0.02,5,HIGH,SL,2024-08-02,-50.7394476240477
HD,2024-08-01,2024-08-02,2024-08-02,2547.1202707271946,-0.02,5,HIGH,SL,2024-08-03,-50.94240541454389
JPM,2024-08-01,2024-08-02,2024-08-02,2547.1202707271946,-0.02,4,HIGH,SL,2024-08-03,-50.94240541454389
ADBE,2024-08-02,2024-08-05,2024-08-07,2526.743308561377,0.04,4,HIGH,TP,2024-08-07,101.06973234245508
PLD,2024-08-02,2024-08-05,2024-08-12,2526.743308561377,-8.332832826074554e-05,4,HIGH,TIME,2024-08-12,-0.2105492958464447
LOW,2024-08-07,2024-08-08,2024-08-15,2546.9572550298676,0.04,4,HIGH,TP,2024-08-15,101.8782902011947
AVGO,2024-08-22,2024-08-23,2024-08-26,2567.290803210937,-0.02,4,HIGH,SL,2024-08-26,-51.345816064218745
NVDA,2024-08-22,2024-08-23,2024-08-26,2567.290803210937,0.04,4,HIGH,TP,2024-08-26,102.69163212843749
XOM,2024-08-20,2024-08-21,2024-08-28,2567.290803210937,0.0131293367473093,4,HIGH,TIME,2024-08-28,33.70682548362657
CRM,2024-08-28,2024-08-29,2024-08-29,2584.301331520506,-0.02,5,HIGH,SL,2024-08-30,-51.686026630410126
NVDA,2024-08-28,2024-08-29,2024-08-29,2584.301331520506,-0.02,4,HIGH,SL,2024-08-30,-51.686026630410126
JPM,2024-09-03,2024-09-04,2024-09-05,2563.6269208683425,-0.02,4,HIGH,SL,2024-09-05,-51.27253841736685
AAPL,2024-09-03,2024-09-04,2024-09-09,2563.6269208683425,-0.0199999999999999,4,HIGH,SL,2024-09-09,-51.27253841736659
JPM,2024-09-06,2024-09-09,2024-09-10,2543.117905501396,-0.02,4,HIGH,SL,2024-09-10,-50.86235811002792
NFLX,2024-09-03,2024-09-04,2024-09-11,2563.6269208683425,0.0121192597251804,4,HIGH,TIME,2024-09-11,31.069260492467944
ABBV,2024-09-05,2024-09-06,2024-09-13,2553.372413184869,0.0038249186963812,4,HIGH,TIME,2024-09-13,9.766441882014789
WMT,2024-09-17,2024-09-18,2024-09-25,2541.112574354287,0.0350965945003709,5,HIGH,TIME,2024-09-25,89.18439760190601
NFLX,2024-09-18,2024-09-19,2024-09-26,2541.112574354287,0.0091205353432513,4,HIGH,TIME,2024-09-26,23.17630704557857
NEE,2024-09-19,2024-09-20,2024-09-27,2541.112574354287,0.027841941883024,5,HIGH,TIME,2024-09-27,70.74950861339356
PLD,2024-09-20,2024-09-23,2024-09-30,2541.112574354287,-0.0025276444349754,4,HIGH,TIME,2024-09-30,-6.423029057212626
TSLA,2024-10-02,2024-10-03,2024-10-03,2576.45001119502,-0.02,4,HIGH,SL,2024-10-04,-51.529000223900404
AAPL,2024-10-01,2024-10-02,2024-10-07,2576.45001119502,-0.02,5,HIGH,SL,2024-10-07,-51.529000223900404
MSFT,2024-10-01,2024-10-02,2024-10-07,2576.45001119502,-0.0199999999999999,4,HIGH,SL,2024-10-07,-51.52900022390014
TSLA,2024-10-03,2024-10-04,2024-10-07,2566.14421115024,-0.02,4,HIGH,SL,2024-10-07,-51.322884223004806
DIS,2024-10-01,2024-10-02,2024-10-08,2576.45001119502,-0.02,5,HIGH,SL,2024-10-08,-51.529000223900404
NFLX,2024-10-07,2024-10-08,2024-10-10,2524.962234171299,0.04,4,HIGH,TP,2024-10-10,100.99848936685196
AMZN,2024-10-07,2024-10-08,2024-10-11,2524.962234171299,0.04,4,HIGH,TP,2024-10-11,100.99848936685196
DIS,2024-10-07,2024-10-08,2024-10-15,2524.962234171299,0.0183742713605223,4,HIGH,TIME,2024-10-15,46.3943412657341
AMD,2024-10-10,2024-10-11,2024-10-15,2565.36162991804,-0.0200000000000001,5,HIGH,SL,2024-10-15,-51.307232598361054
PFE,2024-10-10,2024-10-11,2024-10-18,2565.3616299180403,-0.0047684403117772,4,HIGH,TIME,2024-10-18,-12.232773810387647
CAT,2024-10-14,2024-10-15,2024-10-22,2564.3790516515146,-0.0019822748518085,4,HIGH,TIME,2024-10-22,-5.083304104593328
AVGO,2024-10-15,2024-10-16,2024-10-23,2564.3790516515146,-0.0199999999999999,5,HIGH,SL,2024-10-23,-51.28758103303004
XOM,2024-10-15,2024-10-16,2024-10-23,2564.3790516515146,-0.0051286124671493,5,HIGH,TIME,2024-10-23,-13.151706374796458
UPS,2024-10-21,2024-10-22,2024-10-24,2553.9894049025256,0.04,4,HIGH,TP,2024-10-24,102.15957619610103
MS,2024-10-21,2024-10-22,2024-10-29,2560.9158360685183,0.0140245274170254,5,HIGH,TIME,2024-10-29,35.91563435563746
HD,2024-10-21,2024-10-22,2024-10-29,2560.9158360685183,-0.02,4,HIGH,SL,2024-10-29,-51.218316721370364
META,2024-10-23,2024-10-24,2024-10-29,2568.4598938261734,0.04,4,HIGH,TP,2024-10-29,102.73839575304693
AMZN,2024-10-23,2024-10-24,2024-10-30,2568.4598938261734,0.04,4,HIGH,TP,2024-10-30,102.73839575304693
AAPL,2024-10-23,2024-10-24,2024-10-31,2568.4598938261734,-0.02,5,HIGH,SL,2024-10-31,-51.369197876523465
AMZN,2024-10-31,2024-11-01,2024-11-04,2596.220876078941,-0.0199999999999999,4,HIGH,SL,2024-11-04,-51.924417521578555
CAT,2024-10-30,2024-10-31,2024-11-06,2596.220876078941,0.04,4,HIGH,TP,2024-11-06,103.84883504315764
AVGO,2024-10-31,2024-11-01,2024-11-06,2596.220876078941,0.04,4,HIGH,TP,2024-11-06,103.84883504315764
MA,2024-10-31,2024-11-01,2024-11-06,2596.220876078941,0.04,4,HIGH,TP,2024-11-06,103.84883504315764
ORCL,2024-10-31,2024-11-01,2024-11-06,2596.220876078941,0.04,4,HIGH,TP,2024-11-06,103.84883504315764
CAT,2024-11-08,2024-11-11,2024-11-13,2668.915060609151,-0.0200000000000001,4,HIGH,SL,2024-11-13,-53.378301212183295
CRM,2024-11-14,2024-11-15,2024-11-18,2658.239400366714,-0.02,5,HIGH,SL,2024-11-18,-53.16478800733428
NVDA,2024-11-15,2024-11-18,2024-11-19,2647.6064427652473,0.04,4,HIGH,TP,2024-11-19,105.9042577106099
BLK,2024-11-19,2024-11-20,2024-11-27,2668.7872943073694,-0.0124957468755896,4,HIGH,TIME,2024-11-27,-33.34849049445453
ORCL,2024-11-25,2024-11-26,2024-11-27,2668.7872943073694,-0.02,4,HIGH,SL,2024-11-27,-53.37574588614739
NFLX,2024-11-25,2024-11-26,2024-12-02,2668.7872943073694,0.04,5,HIGH,TP,2024-12-02,106.75149177229478
CRM,2024-11-27,2024-11-29,2024-12-04,2651.4424470312492,0.04,5,HIGH,TP,2024-12-04,106.05769788124996
CVX,2024-12-04,2024-12-05,2024-12-06,2694.004284961958,-0.02,4,HIGH,SL,2024-12-06,-53.88008569923916
CVX,2024-12-06,2024-12-09,2024-12-13,2683.22826782211,-0.0199999999999999,4,HIGH,SL,2024-12-13,-53.66456535644193
GOOGL,2024-12-18,2024-12-19,2024-12-20,2672.4953547508217,-0.02,4,HIGH,SL,2024-12-20,-53.449907095016435
MSFT,2024-12-18,2024-12-19,2024-12-20,2672.4953547508217,-0.02,4,HIGH,SL,2024-12-20,-53.449907095016435
AAPL,2024-12-18,2024-12-19,2024-12-24,2672.4953547508217,0.04,4,HIGH,TP,2024-12-24,106.89981419003287
WMT,2024-12-23,2024-12-24,2025-01-02,2672.495354750822,-0.0040944147168749,4,HIGH,TIME,2025-01-02,-10.942304311271572
BA,2024-12-30,2024-12-31,2025-01-02,2672.4953547508226,-0.02,4,HIGH,SL,2025-01-02,-53.44990709501645
AAPL,2025-01-02,2025-01-03,2025-01-10,2659.6169124695643,-0.02,4,HIGH,SL,2025-01-10,-53.19233824939129
BA,2025-01-02,2025-01-03,2025-01-10,2659.6169124695643,-0.02,4,HIGH,SL,2025-01-10,-53.19233824939129
CVX,2025-01-21,2025-01-22,2025-01-29,2638.3399771698078,-0.0126203880741605,5,HIGH,TIME,2025-01-29,-33.29687438345473
CAT,2025-01-27,2025-01-28,2025-01-30,2638.3399771698078,-0.0200000000000001,5,HIGH,SL,2025-01-30,-52.766799543396424
MSFT,2025-01-27,2025-01-28,2025-01-30,2638.3399771698078,-0.02,4,HIGH,SL,2025-01-30,-52.766799543396154
BA,2025-01-29,2025-01-30,2025-01-31,2610.573882475758,0.04,4,HIGH,TP,2025-01-31,104.42295529903033
CRM,2025-01-30,2025-01-31,2025-01-31,2631.4584735355643,-0.02,4,HIGH,SL,2025-02-01,-52.62916947071129
AMZN,2025-02-05,2025-02-06,2025-02-07,2620.932639641422,-0.02,5,HIGH,SL,2025-02-07,-52.418652792828446
DUK,2025-02-13,2025-02-14,2025-02-18,2610.4489090828565,-0.02,5,HIGH,SL,2025-02-18,-52.20897818165713
META,2025-02-18,2025-02-19,2025-02-21,2600.007113446525,-0.02,5,HIGH,SL,2025-02-21,-52.0001422689305
BA,2025-02-20,2025-02-21,2025-02-21,2589.607084992739,-0.02,5,HIGH,SL,2025-02-22,-51.79214169985478
GS,2025-02-20,2025-02-21,2025-02-21,2589.607084992739,-0.02,4,HIGH,SL,2025-02-22,-51.79214169985478
GS,2025-02-21,2025-02-24,2025-02-24,2568.8902283127973,-0.0199999999999999,4,HIGH,SL,2025-02-25,-51.37780456625569
COST,2025-02-20,2025-02-21,2025-02-28,2589.607084992739,0.0135316755835617,5,HIGH,TIME,2025-02-28,35.041722963014635
PEP,2025-02-26,2025-02-27,2025-03-04,2558.614667399546,0.04,5,HIGH,TP,2025-03-04,102.34458669598183
CVX,2025-03-03,2025-03-04,2025-03-05,2586.0919293313455,-0.0199999999999999,4,HIGH,SL,2025-03-05,-51.72183858662665
MCD,2025-02-26,2025-02-27,2025-03-06,2558.614667399546,0.0228447163260054,5,HIGH,TIME,2025-03-06,58.45082626429928
V,2025-03-04,2025-03-05,2025-03-06,2575.74756161402,-0.02,4,HIGH,SL,2025-03-06,-51.5149512322804
MA,2025-03-04,2025-03-05,2025-03-07,2575.74756161402,-0.02,4,HIGH,SL,2025-03-07,-51.5149512322804
GE,2025-03-06,2025-03-07,2025-03-07,2566.8317463739677,-0.0200000000000001,4,HIGH,SL,2025-03-08,-51.336634927479615
PLD,2025-03-06,2025-03-07,2025-03-07,2566.8317463739677,-0.02,4,HIGH,SL,2025-03-08,-51.33663492747935
KO,2025-03-04,2025-03-05,2025-03-10,2575.74756161402,0.04,5,HIGH,TP,2025-03-10,103.0299024645608
V,2025-03-06,2025-03-07,2025-03-11,2566.8317463739677,-0.02,4,HIGH,SL,2025-03-11,-51.33663492747935
MCD,2025-03-11,2025-03-12,2025-03-12,2556.6357459103924,-0.0199999999999999,4,HIGH,SL,2025-03-13,-51.13271491820759
NEE,2025-03-11,2025-03-12,2025-03-17,2556.6357459103924,-0.0199999999999999,4,HIGH,SL,2025-03-17,-51.13271491820759
PEP,2025-03-11,2025-03-12,2025-03-19,2556.6357459103924,0.003863322072285,4,HIGH,TIME,2025-03-19,9.877107307968444
ABBV,2025-03-25,2025-03-26,2025-03-26,2538.158081404703,-0.02,4,HIGH,SL,2025-03-27,-50.76316162809406
AMT,2025-04-07,2025-04-08,2025-04-08,2528.005449079084,-0.02,4,HIGH,SL,2025-04-09,-50.56010898158168
DUK,2025-05-08,2025-05-09,2025-05-12,2517.893427282768,-0.0200000000000001,4,HIGH,SL,2025-05-12,-50.35786854565561
HON,2025-05-06,2025-05-07,2025-05-14,2517.8934272827673,0.015334222822541,4,HIGH,TIME,2025-05-14,38.60993885736539
NFLX,2025-05-12,2025-05-13,2025-05-15,2507.8218535736364,0.04,4,HIGH,TP,2025-05-15,100.31287414294546
AMZN,2025-05-15,2025-05-16,2025-05-19,2535.6064161736986,-0.0199999999999999,4,HIGH,SL,2025-05-19,-50.71212832347372
BLK,2025-05-21,2025-05-22,2025-05-23,2525.463990509004,-0.02,5,HIGH,SL,2025-05-23,-50.50927981018008
NEE,2025-05-21,2025-05-22,2025-05-22,2525.4639905090035,-0.02,5,HIGH,SL,2025-05-23,-50.50927981018007
CRM,2025-05-23,2025-05-27,2025-05-29,2505.2602785849317,-0.02,4,HIGH,SL,2025-05-29,-50.10520557169863
BAC,2025-05-21,2025-05-22,2025-05-30,2525.463990509004,0.0220010511646313,5,HIGH,TIME,2025-05-30,55.56286246962253
MS,2025-05-21,2025-05-22,2025-05-30,2525.463990509004,0.027445667171517,5,HIGH,TIME,2025-05-30,69.31304413716128
V,2025-05-21,2025-05-22,2025-05-30,2525.4639905090016,0.0207681240413522,5,HIGH,TIME,2025-05-30,52.44914941685926
NVDA,2025-05-30,2025-06-02,2025-06-03,2530.7042486753203,0.04,4,HIGH,TP,2025-06-03,101.22816994701282
ADBE,2025-06-02,2025-06-03,2025-06-05,2550.949882664723,0.04,5,HIGH,TP,2025-06-05,102.03799530658893
COST,2025-06-05,2025-06-06,2025-06-09,2571.357481726041,-0.02,4,HIGH,SL,2025-06-09,-51.42714963452082
GE,2025-06-10,2025-06-11,2025-06-13,2561.0720517991367,-0.02,5,HIGH,SL,2025-06-13,-51.221441035982735
AMD,2025-06-12,2025-06-13,2025-06-16,2550.8277635919403,0.04,4,HIGH,TP,2025-06-16,102.03311054367761
NKE,2025-06-13,2025-06-16,2025-06-17,2571.2343857006763,-0.02,4,HIGH,SL,2025-06-17,-51.42468771401353
AMZN,2025-06-11,2025-06-12,2025-06-20,2561.0720517991367,-0.0098687144675483,4,HIGH,TIME,2025-06-20,-25.274488810023747
MRK,2025-06-17,2025-06-18,2025-06-24,2560.949448157873,0.04,5,HIGH,TP,2025-06-24,102.43797792631493
GOOGL,2025-06-20,2025-06-23,2025-06-23,2555.8945503958685,-0.0199999999999999,4,HIGH,SL,2025-06-24,-51.117891007917116
NKE,2025-06-17,2025-06-18,2025-06-26,2560.949448157873,0.04,4,HIGH,TP,2025-06-26,102.43797792631493
COP,2025-06-23,2025-06-24,2025-07-01,2566.1585677795483,0.0193926057535078,5,HIGH,TIME,2025-07-01,49.76450140593501
XOM,2025-06-23,2025-06-24,2025-07-01,2566.1585677795483,-9.165463591764844e-05,5,HIGH,TIME,2025-07-01,-0.23520032923678869
CVX,2025-06-24,2025-06-25,2025-07-02,2566.1585677795483,0.0318667076733245,5,HIGH,TIME,2025-07-02,81.77502492282794
AVGO,2025-07-01,2025-07-02,2025-07-03,2612.9070285647163,0.04,5,HIGH,TP,2025-07-03,104.51628114258865
NVDA,2025-07-01,2025-07-02,2025-07-03,2612.9070285647167,0.04,5,HIGH,TP,2025-07-03,104.51628114258867
NFLX,2025-07-01,2025-07-02,2025-07-08,2612.9070285647163,-0.02,5,HIGH,SL,2025-07-08,-52.25814057129433
META,2025-07-01,2025-07-02,2025-07-10,2612.9070285647163,0.0166495903566847,5,HIGH,TIME,2025-07-10,43.50383166570478
NFLX,2025-07-10,2025-07-11,2025-07-11,2652.9626792406343,-0.02,4,HIGH,SL,2025-07-12,-53.05925358481269
NEE,2025-07-08,2025-07-09,2025-07-14,2644.2619129074933,0.04,5,HIGH,TP,2025-07-14,105.77047651629974
UPS,2025-07-07,2025-07-08,2025-07-15,2644.2619129074933,-0.0173758664196488,4,HIGH,TIME,2025-07-15,-45.94634177724561
BAC,2025-07-08,2025-07-09,2025-07-15,2644.2619129074933,-0.02,5,HIGH,SL,2025-07-15,-52.88523825814987
JPM,2025-07-08,2025-07-09,2025-07-16,2644.2619129074933,-0.0047357437156928,5,HIGH,TIME,2025-07-16,-12.522546736697484
CVX,2025-07-14,2025-07-15,2025-07-18,2643.7386078198524,-0.02,5,HIGH,SL,2025-07-18,-52.87477215639705
GE,2025-07-17,2025-07-18,2025-07-21,2630.659144041234,-0.02,4,HIGH,SL,2025-07-21,-52.61318288082468
LLY,2025-07-15,2025-07-16,2025-07-23,2641.234098472513,0.0328248209056902,4,HIGH,TIME,2025-07-23,86.69803625236236
PFE,2025-07-15,2025-07-16,2025-07-23,2641.234098472513,0.0275526551476381,4,HIGH,TIME,2025-07-23,72.77301227939596
NVDA,2025-07-22,2025-07-23,2025-07-28,2652.0307171714207,0.04,5,HIGH,TP,2025-07-28,106.08122868685683
AMT,2025-07-28,2025-07-29,2025-07-29,2673.246962908792,-0.02,5,HIGH,SL,2025-07-30,-53.46493925817584
META,2025-07-29,2025-07-30,2025-07-30,2662.553975057157,-0.02,4,HIGH,SL,2025-07-31,-53.25107950114314
AVGO,2025-07-31,2025-08-01,2025-08-04,2651.903759156928,0.04,5,HIGH,TP,2025-08-04,106.07615036627713
GOOGL,2025-07-31,2025-08-01,2025-08-05,2651.903759156928,0.04,5,HIGH,TP,2025-08-05,106.07615036627713
ORCL,2025-08-01,2025-08-04,2025-08-05,2673.118989230183,0.04,5,HIGH,TP,2025-08-05,106.92475956920732
CAT,2025-08-01,2025-08-04,2025-08-07,2673.118989230183,-0.02,5,HIGH,SL,2025-08-07,-53.46237978460366
NKE,2025-07-31,2025-08-01,2025-08-08,2651.903759156928,0.0102125151698353,4,HIGH,TIME,2025-08-08,27.082607369333388
PEP,2025-07-31,2025-08-01,2025-08-08,2651.9037591569277,0.04,4,HIGH,TP,2025-08-08,106.0761503662771
CAT,2025-08-07,2025-08-08,2025-08-11,2731.6584468074816,-0.0199999999999999,4,HIGH,SL,2025-08-11,-54.63316893614936
ORCL,2025-08-07,2025-08-08,2025-08-13,2731.6584468074816,-0.0199999999999999,5,HIGH,SL,2025-08-13,-54.63316893614936
GE,2025-08-13,2025-08-14,2025-08-15,2709.805179233022,-0.0200000000000001,4,HIGH,SL,2025-08-15,-54.19610358466071
ORCL,2025-08-13,2025-08-14,2025-08-19,2709.805179233022,-0.02,4,HIGH,SL,2025-08-19,-54.19610358466044
MS,2025-08-15,2025-08-18,2025-08-20,2698.96595851609,-0.02,5,HIGH,SL,2025-08-20,-53.979319170321794
META,2025-08-18,2025-08-19,2025-08-19,2688.126737799157,-0.02,4,HIGH,SL,2025-08-20,-53.76253475598315
WMT,2025-08-13,2025-08-14,2025-08-21,2709.805179233022,-0.02,5,HIGH,SL,2025-08-21,-54.19610358466044
AVGO,2025-08-19,2025-08-20,2025-08-20,2666.5783670138962,-0.0199999999999999,4,HIGH,SL,2025-08-21,-53.33156734027766
NVDA,2025-08-19,2025-08-20,2025-08-20,2590.9639632925764,-0.0199999999999999,4,HIGH,SL,2025-08-21,-51.81927926585127
BA,2025-08-19,2025-08-20,2025-08-22,2666.5783670138962,0.04,4,HIGH,TP,2025-08-22,106.66313468055586
BLK,2025-08-15,2025-08-18,2025-08-25,2698.96595851609,0.0027338580511275,5,HIGH,TIME,2025-08-25,7.378589815408262
AVGO,2025-08-29,2025-09-02,2025-09-03,2657.5173218749314,0.04,4,HIGH,TP,2025-09-03,106.30069287499725
TSLA,2025-08-29,2025-09-02,2025-09-03,2657.5173218749314,0.04,4,HIGH,TP,2025-09-03,106.30069287499725
NVDA,2025-08-29,2025-09-02,2025-09-05,2657.5173218749314,-0.02,4,HIGH,SL,2025-09-05,-53.15034643749863
CVX,2025-09-03,2025-09-04,2025-09-05,2700.0375990249304,-0.02,5,HIGH,SL,2025-09-05,-54.000751980498606
CAT,2025-08-29,2025-09-02,2025-09-09,2657.5173218749314,0.0100986736806323,4,HIGH,TIME,2025-09-09,26.837400234242804
PLD,2025-09-02,2025-09-03,2025-09-10,2700.0375990249304,-0.0001801914167361,5,HIGH,TIME,2025-09-10,-0.4865236002090401
NKE,2025-09-02,2025-09-03,2025-09-10,2700.0375990249304,-0.0020160469696134,4,HIGH,TIME,2025-09-10,-5.443402619356451
JPM,2025-09-05,2025-09-08,2025-09-12,2656.8369974405305,0.04,4,HIGH,TP,2025-09-12,106.27347989762121
AMZN,2025-09-10,2025-09-11,2025-09-12,2682.788874144266,-0.02,5,HIGH,SL,2025-09-12,-53.65577748288533
CVX,2025-09-05,2025-09-08,2025-09-15,2678.6073793413307,0.0220908741898799,4,HIGH,TIME,2025-09-15,59.17277862111324
AAPL,2025-09-10,2025-09-11,2025-09-15,2682.788874144266,0.04,4,HIGH,TP,2025-09-15,107.31155496577065
PEP,2025-09-08,2025-09-09,2025-09-16,2683.9748593881795,-0.0081457263757263,4,HIGH,TIME,2025-09-16,-21.86292480390458
AVGO,2025-09-17,2025-09-18,2025-09-19,2722.236696383809,-0.0199999999999999,4,HIGH,SL,2025-09-19,-54.444733927675905
XOM,2025-09-29,2025-09-30,2025-10-02,2711.347749598274,-0.02,5,HIGH,SL,2025-10-02,-54.22695499196548
ABBV,2025-10-02,2025-10-03,2025-10-06,2700.502358599881,-0.02,4,HIGH,SL,2025-10-06,-54.01004717199762
COP,2025-09-29,2025-09-30,2025-10-07,2711.347749598274,-0.0200000000000001,4,HIGH,SL,2025-10-07,-54.22695499196575
CVX,2025-09-29,2025-09-30,2025-10-07,2711.3477495982743,-0.02,4,HIGH,SL,2025-10-07,-54.226954991965485
PFE,2025-10-06,2025-10-07,2025-10-08,2668.0095671686954,-0.02,5,HIGH,SL,2025-10-08,-53.36019134337391
BLK,2025-10-01,2025-10-02,2025-10-09,2700.502358599881,0.0191089458924029,5,HIGH,TIME,2025-10-09,51.603753452791544
UNH,2025-10-10,2025-10-13,2025-10-20,2667.658279590579,0.0274568371388486,4,HIGH,TIME,2025-10-20,73.24545892481957
LLY,2025-10-17,2025-10-20,2025-10-27,2682.307371375543,0.0258315864493696,4,HIGH,TIME,2025-10-27,69.28825474746867
GOOGL,2025-10-21,2025-10-22,2025-10-27,2682.3073713755434,0.04,4,HIGH,TP,2025-10-27,107.29229485502174
GE,2025-10-22,2025-10-23,2025-10-27,2682.3073713755434,0.04,4,HIGH,TP,2025-10-27,107.29229485502174
CAT,2025-10-22,2025-10-23,2025-10-29,2682.307371375543,0.04,4,HIGH,TP,2025-10-29,107.29229485502172
NEE,2025-10-28,2025-10-29,2025-10-29,2760.54039923805,-0.0199999999999999,4,HIGH,SL,2025-10-30,-55.21080798476073
UNH,2025-10-29,2025-10-30,2025-10-31,2749.4982376410976,-0.0200000000000001,4,HIGH,SL,2025-10-31,-54.98996475282223
MSFT,2025-10-30,2025-10-31,2025-10-31,2738.5002446905332,-0.02,5,HIGH,SL,2025-11-01,-54.770004893810665
UNH,2025-10-30,2025-10-31,2025-10-31,2738.5002446905337,-0.02,4,HIGH,SL,2025-11-01,-54.77000489381067
PEP,2025-10-29,2025-10-30,2025-11-03,2749.4982376410976,-0.0200000000000001,4,HIGH,SL,2025-11-03,-54.98996475282223
KO,2025-10-29,2025-10-30,2025-11-06,2749.4982376410976,0.0089115745693573,5,HIGH,TIME,2025-11-06,24.50235857305512
NVDA,2025-11-04,2025-11-05,2025-11-05,2705.594249782445,-0.02,5,HIGH,SL,2025-11-06,-54.1118849956489
TSLA,2025-11-06,2025-11-07,2025-11-07,2699.672344497926,-0.02,4,HIGH,SL,2025-11-08,-53.99344688995853
BAC,2025-11-05,2025-11-06,2025-11-13,2699.672344497926,-0.0102957486625397,5,HIGH,TIME,2025-11-13,-27.795147930159942
JPM,2025-11-13,2025-11-14,2025-11-14,2683.3146255339025,-0.0200000000000001,5,HIGH,SL,2025-11-15,-53.66629251067832
GS,2025-11-13,2025-11-14,2025-11-14,2683.3146255339025,-0.02,4,HIGH,SL,2025-11-15,-53.66629251067805
MS,2025-11-13,2025-11-14,2025-11-14,2683.3146255339025,-0.02,4,HIGH,SL,2025-11-15,-53.66629251067805
BAC,2025-11-13,2025-11-14,2025-11-17,2683.3146255339025,-0.0199999999999999,5,HIGH,SL,2025-11-17,-53.66629251067778
PFE,2025-11-14,2025-11-17,2025-11-20,2640.38159152536,-0.02,5,HIGH,SL,2025-11-20,-52.8076318305072
MS,2025-11-17,2025-11-18,2025-11-20,2640.38159152536,0.04,4,HIGH,TP,2025-11-20,105.6152636610144
CAT,2025-11-13,2025-11-14,2025-11-21,2683.3146255339025,-0.02,4,HIGH,SL,2025-11-21,-53.66629251067805
ABBV,2025-11-24,2025-11-25,2025-11-28,2640.209859389326,-0.0200000000000001,5,HIGH,SL,2025-11-28,-52.80419718778679
MCD,2025-12-01,2025-12-02,2025-12-09,2629.6490199517684,0.0230086155703792,5,HIGH,TIME,2025-12-09,60.504583385094655
UPS,2025-12-04,2025-12-05,2025-12-10,2629.6490199517684,0.04,5,HIGH,TP,2025-12-10,105.18596079807074
GS,2025-12-12,2025-12-15,2025-12-17,2662.787128788402,-0.02,4,HIGH,SL,2025-12-17,-53.25574257576804
CRM,2025-12-15,2025-12-16,2025-12-19,2662.787128788402,0.0249195025263075,5,HIGH,FINAL,2025-12-19,66.35533058286167
JNJ,2025-12-16,2025-12-17,2025-12-19,2652.1359802732486,-0.0144227357768123,5,HIGH,FINAL,2025-12-19,-38.25105648765814
PFE,2025-12-16,2025-12-17,2025-12-19,2652.1359802732486,-0.0082676873935462,5,HIGH,FINAL,2025-12-19,-21.92703121007543
COP,2025-12-16,2025-12-17,2025-12-19,2652.1359802732486,0.0001087699222392,4,HIGH,FINAL,2025-12-19,0.2884726243421057
NKE,2025-12-17,2025-12-18,2025-12-19,2641.4848317580936,-0.02,4,HIGH,SL,2025-12-19,-52.82969663516187
COP,2025-12-18,2025-12-19,2025-12-19,2642.8631840481103,-0.0055164361673418,5,HIGH,FINAL,2025-12-19,-14.579186053819102
AMT,2018-10-26,2018-10-29,2018-10-30,2000.0,0.04,5,HIGH,TP,2018-10-30,80.0
DUK,2018-10-26,2018-10-29,2018-11-05,2000.0,0.0181507922724326,5,HIGH,TIME,2018-11-05,36.3015845448652
AMT,2018-11-20,2018-11-21,2018-11-29,2023.260316908973,0.013326849446648,5,HIGH,TIME,2018-11-29,26.963685634823204
KO,2018-11-20,2018-11-21,2018-11-29,2023.260316908973,0.0027891384250613,5,HIGH,TIME,2018-11-29,5.643153093792519
MRK,2018-12-14,2018-12-17,2018-12-18,2029.7816846546966,-0.02,5,HIGH,SL,2018-12-18,-40.59563369309393
COP,2019-02-07,2019-02-08,2019-02-08,2021.6625579160777,-0.02,5,HIGH,SL,2019-02-09,-40.43325115832155
ORCL,2019-02-07,2019-02-08,2019-02-15,2021.6625579160777,0.0325413679634969,5,HIGH,TIME,2019-02-15,65.78766519517146
CAT,2019-02-26,2019-02-27,2019-03-06,2026.7334407234478,-0.02,5,HIGH,SL,2019-03-06,-40.53466881446896
MCD,2019-03-04,2019-03-05,2019-03-12,2026.7334407234478,0.0068105602919279,5,HIGH,TIME,2019-03-12,13.80319029371352
MS,2019-03-20,2019-03-21,2019-03-22,2021.387145019297,-0.02,5,HIGH,SL,2019-03-22,-40.42774290038594
MA,2019-03-22,2019-03-25,2019-04-01,2013.3015964392198,0.04,5,HIGH,TP,2019-04-01,80.53206385756879
MSFT,2019-03-22,2019-03-25,2019-04-01,2013.3015964392198,0.0211048646598326,5,HIGH,TIME,2019-04-01,42.49045771227464
AMT,2019-04-01,2019-04-02,2019-04-09,2037.9061007531884,0.0192746713977212,5,HIGH,TIME,2019-04-09,39.27997043142902
GS,2019-04-15,2019-04-16,2019-04-17,2045.7620948394742,0.04,5,HIGH,TP,2019-04-17,81.83048379357898
LOW,2019-04-18,2019-04-22,2019-04-29,2062.1281915981904,-0.0200000000000001,5,HIGH,SL,2019-04-29,-41.24256383196401
MSFT,2019-05-01,2019-05-02,2019-05-07,2053.8796788317973,-0.02,5,HIGH,SL,2019-05-07,-41.07759357663595
ADBE,2019-05-07,2019-05-08,2019-05-13,2045.6641601164702,-0.0199999999999999,5,HIGH,SL,2019-05-13,-40.9132832023292
MSFT,2019-05-07,2019-05-08,2019-05-15,2045.6641601164702,0.0083421501184379,5,HIGH,TIME,2019-05-15,17.06523751559978
AMT,2019-05-20,2019-05-21,2019-05-29,2040.8945509791245,0.0082716611987105,5,HIGH,TIME,2019-05-29,16.881588267993713
MA,2019-05-23,2019-05-24,2019-06-03,2040.8945509791245,-0.02,5,HIGH,SL,2019-06-03,-40.81789101958249
UNH,2019-05-28,2019-05-29,2019-06-04,2044.2708686327232,-0.02,5,HIGH,SL,2019-06-04,-40.885417372654466
NFLX,2019-06-25,2019-06-26,2019-07-01,2027.9302069542755,0.04,5,HIGH,TP,2019-07-01,81.11720827817102
BA,2019-06-27,2019-06-28,2019-07-01,2027.9302069542755,-0.02,5,HIGH,SL,2019-07-01,-40.55860413908551
ADBE,2019-06-25,2019-06-26,2019-07-03,2027.9302069542755,0.04,5,HIGH,TP,2019-07-03,81.11720827817102
MSFT,2019-06-25,2019-06-26,2019-07-03,2027.9302069542755,0.0231481290016613,5,HIGH,TIME,2019-07-03,46.942790036943265
DUK,2019-06-26,2019-06-27,2019-07-05,2027.9302069542755,0.0182808458944463,5,HIGH,TIME,2019-07-05,37.0722795980237
AVGO,2019-07-03,2019-07-05,2019-07-08,2069.06838336472,-0.02,5,HIGH,SL,2019-07-08,-41.3813676672944
AAPL,2019-07-08,2019-07-09,2019-07-16,2060.7921098312613,0.0266065053441424,5,HIGH,TIME,2019-07-16,54.830476283391945
PLD,2019-07-11,2019-07-12,2019-07-16,2060.7921098312613,-0.02,5,HIGH,SL,2019-07-16,-41.215842196625225
UNH,2019-07-18,2019-07-19,2019-07-22,2063.515036648614,-0.02,5,HIGH,SL,2019-07-22,-41.27030073297228
KO,2019-07-31,2019-08-01,2019-08-05,2055.2609765020197,-0.02,5,HIGH,SL,2019-08-05,-41.105219530040394
AAPL,2019-08-01,2019-08-02,2019-08-05,2055.26097650202,-0.0200000000000001,5,HIGH,SL,2019-08-05,-41.105219530040614
BA,2019-09-03,2019-09-04,2019-09-11,2038.8188886900034,0.04,5,HIGH,TP,2019-09-11,81.55275554760014
MA,2019-09-09,2019-09-10,2019-09-10,2038.8188886900034,-0.02,5,HIGH,SL,2019-09-11,-40.77637777380007
V,2019-09-09,2019-09-10,2019-09-10,2038.8188886900034,-0.0199999999999999,5,HIGH,SL,2019-09-11,-40.776377773799865
NKE,2019-09-10,2019-09-11,2019-09-18,2038.8188886900036,0.0128796674804618,5,HIGH,TIME,2019-09-18,26.259309339211907
AVGO,2019-09-13,2019-09-16,2019-09-23,2038.8188886900036,0.0044861990258204,5,HIGH,TIME,2019-09-23,9.146547312265325
ABBV,2019-10-01,2019-10-02,2019-10-09,2045.9000600202992,0.0056246799993733,5,HIGH,TIME,2019-10-09,11.507533148312811
META,2019-10-18,2019-10-21,2019-10-22,2048.201566649962,-0.02,5,HIGH,SL,2019-10-22,-40.96403133299924
AAPL,2019-10-29,2019-10-30,2019-10-31,2040.0087603833622,-0.02,5,HIGH,SL,2019-10-31,-40.800175207667245
ADBE,2019-12-02,2019-12-03,2019-12-09,2031.8487253418289,0.04,5,HIGH,TP,2019-12-09,81.27394901367316
BAC,2020-01-03,2020-01-06,2020-01-13,2048.1035151445635,0.0188900860413596,5,HIGH,TIME,2020-01-13,38.68885162269185
COP,2020-01-08,2020-01-09,2020-01-16,2048.1035151445635,0.0077433996530189,5,HIGH,TIME,2020-01-16,15.859284048517203
PFE,2020-01-24,2020-01-27,2020-01-28,2059.0131422788054,-0.02,5,HIGH,SL,2020-01-28,-41.18026284557611
AAPL,2020-01-27,2020-01-28,2020-01-29,2050.7770897096902,0.04,5,HIGH,TP,2020-01-29,82.03108358838762
MS,2020-01-27,2020-01-28,2020-01-31,2042.5410371405733,-0.02,5,HIGH,SL,2020-01-31,-40.850820742811464
LOW,2020-01-24,2020-01-27,2020-02-03,2059.0131422788054,-0.0090487329691694,5,HIGH,TIME,2020-02-03,-18.63146010449131
GOOGL,2020-01-27,2020-01-28,2020-02-04,2050.7770897096902,0.0025455455472609,5,HIGH,TIME,2020-02-04,5.220346489135169
MA,2020-01-27,2020-01-28,2020-02-04,2050.7770897096902,0.04,5,HIGH,TP,2020-02-04,82.03108358838762
PLD,2020-01-31,2020-02-03,2020-02-03,2055.286850257907,-0.0200000000000001,5,HIGH,SL,2020-02-04,-41.10573700515835
BLK,2020-01-31,2020-02-03,2020-02-06,2055.286850257907,0.04,5,HIGH,TP,2020-02-06,82.2114740103163
HD,2020-01-31,2020-02-03,2020-02-07,2055.2868502579067,0.04,5,HIGH,TP,2020-02-07,82.21147401031627
NEE,2020-02-19,2020-02-20,2020-02-25,2097.4005784765063,-0.02,5,HIGH,SL,2020-02-25,-41.94801156953013
AMZN,2020-02-21,2020-02-24,2020-02-25,2097.4005784765063,-0.02,5,HIGH,SL,2020-02-25,-41.94801156953013
GOOGL,2020-02-21,2020-02-24,2020-02-25,2097.4005784765063,-0.02,5,HIGH,SL,2020-02-25,-41.94801156953013
MSFT,2020-02-21,2020-02-24,2020-02-24,2097.400578476506,-0.02,5,HIGH,SL,2020-02-25,-41.94801156953012
PFE,2020-05-07,2020-05-08,2020-05-15,2063.8421692208817,0.0136912040990533,5,HIGH,TIME,2020-05-15,28.25648436703599
NEE,2020-06-04,2020-06-05,2020-06-11,2069.493466094289,-0.02,5,HIGH,SL,2020-06-11,-41.38986932188578
CVX,2020-06-10,2020-06-11,2020-06-11,2061.215492229912,-0.0199999999999999,5,HIGH,SL,2020-06-12,-41.22430984459803
MSFT,2020-07-13,2020-07-14,2020-07-17,2052.9706302609925,-0.02,5,HIGH,SL,2020-07-17,-41.05941260521985
HON,2020-07-24,2020-07-27,2020-07-29,2044.7587477399484,0.04,5,HIGH,TP,2020-07-29,81.79034990959794
MCD,2020-07-28,2020-07-29,2020-07-31,2061.116817721868,-0.0199999999999999,5,HIGH,SL,2020-07-31,-41.222336354437154
CAT,2020-07-30,2020-07-31,2020-08-07,2052.872350450981,0.01880238778419,5,HIGH,TIME,2020-08-07,38.59890200462094
CRM,2020-08-07,2020-08-10,2020-08-10,2060.592130851905,-0.02,5,HIGH,SL,2020-08-11,-41.2118426170381
COST,2020-08-11,2020-08-12,2020-08-19,2052.3497623284975,0.0214232651922501,5,HIGH,TIME,2020-08-19,43.96803322561487
GOOGL,2020-09-04,2020-09-08,2020-09-11,2061.1433689736205,-0.02,5,HIGH,SL,2020-09-11,-41.22286737947241
CAT,2020-09-15,2020-09-16,2020-09-17,2052.898795497726,0.04,5,HIGH,TP,2020-09-17,82.11595181990904
LLY,2020-10-13,2020-10-14,2020-10-15,2069.321985861708,-0.02,5,HIGH,SL,2020-10-15,-41.38643971723416
UNH,2020-10-14,2020-10-15,2020-10-16,2061.044697918261,0.04,5,HIGH,TP,2020-10-16,82.44178791673045
BLK,2020-10-19,2020-10-20,2020-10-26,2077.533055501607,-0.0199999999999999,5,HIGH,SL,2020-10-26,-41.55066111003193
CAT,2020-10-26,2020-10-27,2020-10-27,2069.2229232796008,-0.02,5,HIGH,SL,2020-10-28,-41.38445846559202
GOOGL,2020-10-26,2020-10-27,2020-10-28,2069.222923279601,-0.0200000000000001,5,HIGH,SL,2020-10-28,-41.38445846559223
BLK,2020-11-30,2020-12-01,2020-12-08,2052.669139893364,0.0110978191806714,5,HIGH,TIME,2020-12-08,22.780150952280838
HON,2020-11-30,2020-12-01,2020-12-08,2052.669139893364,0.0240476304540677,5,HIGH,TIME,2020-12-08,49.36182892062461
MS,2020-11-30,2020-12-01,2020-12-08,2052.669139893364,0.0125160114224467,5,HIGH,TIME,2020-12-08,25.691230401409186
COST,2020-12-03,2020-12-04,2020-12-11,2052.6691398933644,-0.0002930462090567,5,HIGH,TIME,2020-12-11,-0.6015269098934275
ADBE,2020-12-09,2020-12-10,2020-12-10,2072.235781948227,-0.02,5,HIGH,SL,2020-12-11,-41.444715638964546
JNJ,2020-12-14,2020-12-15,2020-12-22,2063.8265334384555,0.0181339531423363,5,HIGH,TIME,2020-12-22,37.42533365128331
NKE,2020-12-18,2020-12-21,2020-12-22,2063.8265334384555,-0.02,5,HIGH,SL,2020-12-22,-41.27653066876911
NFLX,2021-01-04,2021-01-05,2021-01-06,2063.0562940349587,-0.02,5,HIGH,SL,2021-01-06,-41.261125880699176
AVGO,2021-01-04,2021-01-05,2021-01-07,2063.0562940349582,0.04,5,HIGH,TP,2021-01-07,82.52225176139834
BAC,2021-01-15,2021-01-19,2021-01-21,2071.308519211098,-0.02,5,HIGH,SL,2021-01-21,-41.42617038422196
CVX,2021-01-21,2021-01-22,2021-01-27,2063.0232851342535,-0.02,5,HIGH,SL,2021-01-27,-41.26046570268507
AAPL,2021-01-28,2021-01-29,2021-01-29,2054.771191993717,-0.02,5,HIGH,SL,2021-01-30,-41.095423839874336
AVGO,2021-02-22,2021-02-23,2021-02-23,2046.5521072257416,-0.0200000000000001,5,HIGH,SL,2021-02-24,-40.93104214451504
NVDA,2021-02-22,2021-02-23,2021-02-23,2046.5521072257416,-0.02,5,HIGH,SL,2021-02-24,-40.931042144514834
BAC,2021-02-26,2021-03-01,2021-03-03,2030.1796903679356,0.04,5,HIGH,TP,2021-03-03,81.20718761471743
CAT,2021-02-26,2021-03-01,2021-03-03,2030.1796903679356,-0.02,5,HIGH,SL,2021-03-03,-40.60359380735871
JPM,2021-02-26,2021-03-01,2021-03-08,2030.179690367936,0.022672415915721,5,HIGH,TIME,2021-03-08,46.02907832367153
UPS,2021-03-15,2021-03-16,2021-03-18,2047.5062247941416,-0.02,5,HIGH,SL,2021-03-18,-40.95012449588283
NFLX,2021-04-14,2021-04-15,2021-04-21,2039.3161998949652,-0.02,5,HIGH,SL,2021-04-21,-40.7863239978993
ORCL,2021-04-21,2021-04-22,2021-04-23,2031.1589350953852,-0.0199999999999999,5,HIGH,SL,2021-04-23,-40.6231787019075
GS,2021-04-20,2021-04-21,2021-04-26,2031.1589350953852,0.04,5,HIGH,TP,2021-04-26,81.24635740381541
NEE,2021-04-21,2021-04-22,2021-04-28,2031.1589350953852,-0.02,5,HIGH,SL,2021-04-28,-40.623178701907705
ORCL,2021-04-22,2021-04-23,2021-04-30,2023.0342993550037,0.0201910273281566,5,HIGH,TIME,2021-04-30,40.84714082407502
PFE,2021-04-22,2021-04-23,2021-04-30,2023.0342993550032,0.0005178311798734,5,HIGH,TIME,2021-04-30,1.0475902381593585
HON,2021-04-23,2021-04-26,2021-04-30,2039.2835708357663,-0.02,5,HIGH,SL,2021-04-30,-40.785671416715324
AMZN,2021-05-03,2021-05-04,2021-05-04,2031.3807470244888,-0.02,5,HIGH,SL,2021-05-05,-40.62761494048978
GS,2021-05-11,2021-05-12,2021-05-12,2023.255224036391,-0.0199999999999999,5,HIGH,SL,2021-05-13,-40.46510448072762
HD,2021-05-11,2021-05-12,2021-05-12,2023.255224036391,-0.0200000000000001,5,HIGH,SL,2021-05-13,-40.46510448072802
LOW,2021-05-11,2021-05-12,2021-05-12,2023.2552240363905,-0.0199999999999999,5,HIGH,SL,2021-05-13,-40.465104480727604
CVX,2021-05-11,2021-05-12,2021-05-19,2023.255224036391,-0.0200000000000001,5,HIGH,SL,2021-05-19,-40.46510448072802
UNH,2021-05-11,2021-05-12,2021-05-19,2023.25522403639,0.0005130122496581,5,HIGH,TIME,2021-05-19,1.0379547141154117
AVGO,2021-06-07,2021-06-08,2021-06-15,1991.0907313946316,0.0057473281028119,5,HIGH,TIME,2021-06-15,11.443451715792666
GS,2021-06-10,2021-06-11,2021-06-15,1991.0907313946316,-0.02,5,HIGH,SL,2021-06-15,-39.821814627892635
ORCL,2021-06-10,2021-06-11,2021-06-16,1991.0907313946316,-0.0200000000000001,5,HIGH,SL,2021-06-16,-39.821814627892834
COP,2021-06-17,2021-06-18,2021-06-21,1977.450695886633,0.04,5,HIGH,TP,2021-06-21,79.09802783546532
XOM,2021-06-17,2021-06-18,2021-06-22,1977.450695886633,0.04,5,HIGH,TP,2021-06-22,79.09802783546532
BLK,2021-07-08,2021-07-09,2021-07-14,2009.089907020819,-0.0199999999999999,5,HIGH,SL,2021-07-14,-40.18179814041618
BLK,2021-07-14,2021-07-15,2021-07-19,2001.0535473927357,-0.0199999999999999,5,HIGH,SL,2021-07-19,-40.02107094785451
ORCL,2021-07-15,2021-07-16,2021-07-21,2001.0535473927357,0.04,5,HIGH,TP,2021-07-21,80.04214189570943
LLY,2021-07-15,2021-07-16,2021-07-23,2001.0535473927357,0.04,5,HIGH,TP,2021-07-23,80.04214189570943
AAPL,2021-07-19,2021-07-20,2021-07-26,1993.049333203165,0.04,5,HIGH,TP,2021-07-26,79.7219733281266
V,2021-07-19,2021-07-20,2021-07-26,1993.049333203165,0.04,5,HIGH,TP,2021-07-26,79.7219733281266
NEE,2021-08-23,2021-08-24,2021-08-31,2056.954979292699,0.0017128654725766,5,HIGH,TIME,2021-08-31,3.5232871626749795
PLD,2021-09-09,2021-09-10,2021-09-14,2057.6596367252346,-0.02,5,HIGH,SL,2021-09-14,-41.15319273450469
COP,2021-09-20,2021-09-21,2021-09-22,2049.428998178333,0.04,5,HIGH,TP,2021-09-22,81.97715992713333
AMZN,2021-10-29,2021-11-01,2021-11-01,2065.82443016376,-0.02,5,HIGH,SL,2021-11-02,-41.316488603275204
NFLX,2021-11-04,2021-11-05,2021-11-05,2057.5611324431047,-0.02,5,HIGH,SL,2021-11-06,-41.151222648862095
GOOGL,2021-11-01,2021-11-02,2021-11-08,2057.5611324431047,0.04,5,HIGH,TP,2021-11-08,82.30244529772419
BAC,2021-11-04,2021-11-05,2021-11-09,2057.5611324431047,-0.02,5,HIGH,SL,2021-11-09,-41.151222648862095
GS,2021-11-04,2021-11-05,2021-11-09,2057.5611324431047,-0.02,5,HIGH,SL,2021-11-09,-41.151222648862095
NKE,2021-11-08,2021-11-09,2021-11-10,2049.3308879133324,-0.02,5,HIGH,SL,2021-11-10,-40.98661775826665
PEP,2021-11-08,2021-11-09,2021-11-16,2049.3308879133324,0.0061610849361017,5,HIGH,TIME,2021-11-16,12.626101662610754
ADBE,2021-11-10,2021-11-11,2021-11-18,2041.1335643616785,0.04,5,HIGH,TP,2021-11-18,81.64534257446714
CRM,2021-11-10,2021-11-11,2021-11-18,2041.1335643616785,0.0049420852404848,5,HIGH,TIME,2021-11-18,10.087456062289982
NKE,2021-11-10,2021-11-11,2021-11-18,2041.133564361679,0.0103183928890939,5,HIGH,TIME,2021-11-18,21.061218056200435
MA,2021-11-17,2021-11-18,2021-11-18,2066.2175880327923,-0.0199999999999999,5,HIGH,SL,2021-11-19,-41.32435176065564
AVGO,2021-11-22,2021-11-23,2021-12-01,2057.9527176806614,0.0042360221469577,5,HIGH,TIME,2021-12-01,8.717533289487069
COST,2021-11-30,2021-12-01,2021-12-01,2059.6962243385587,-0.02,5,HIGH,SL,2021-12-02,-41.193924486771174
NEE,2021-11-30,2021-12-01,2021-12-07,2059.6962243385587,0.04,5,HIGH,TP,2021-12-07,82.38784897354235
AAPL,2021-12-16,2021-12-17,2021-12-23,2067.9350092359127,0.04,5,HIGH,TP,2021-12-23,82.7174003694365
JNJ,2021-12-17,2021-12-20,2021-12-28,2067.9350092359127,0.0151362787864601,5,HIGH,TIME,2021-12-28,31.300840812075716
PEP,2021-12-17,2021-12-20,2021-12-28,2067.9350092359127,0.0311080989843399,5,HIGH,TIME,2021-12-28,64.32952696049261
AMT,2022-01-03,2022-01-04,2022-01-05,2103.6045628643137,-0.02,5,HIGH,SL,2022-01-05,-42.072091257286274
PLD,2022-01-03,2022-01-04,2022-01-04,2103.6045628643137,-0.02,5,HIGH,SL,2022-01-05,-42.072091257286274
UNH,2022-01-04,2022-01-05,2022-01-06,2086.7757263614,-0.02,5,HIGH,SL,2022-01-06,-41.735514527228
UPS,2022-01-10,2022-01-11,2022-01-14,2078.428623455954,-0.02,5,HIGH,SL,2022-01-14,-41.56857246911908
MS,2022-01-12,2022-01-13,2022-01-14,2078.4286234559545,-0.02,5,HIGH,SL,2022-01-14,-41.56857246911909
BA,2022-01-19,2022-01-20,2022-01-21,2061.8011944683067,-0.02,5,HIGH,SL,2022-01-21,-41.23602388936614
CAT,2022-01-19,2022-01-20,2022-01-20,2061.8011944683067,-0.02,5,HIGH,SL,2022-01-21,-41.23602388936614
COP,2022-01-21,2022-01-24,2022-01-24,2045.30678491256,-0.02,5,HIGH,SL,2022-01-25,-40.9061356982512
CVX,2022-01-28,2022-01-31,2022-02-01,2037.1255577729098,0.04,5,HIGH,TP,2022-02-01,81.48502231091639
UPS,2022-03-31,2022-04-01,2022-04-01,2053.422562235093,-0.02,5,HIGH,SL,2022-04-02,-41.06845124470186
UNH,2022-03-31,2022-04-01,2022-04-06,2053.422562235093,0.04,5,HIGH,TP,2022-04-06,82.13690248940372
V,2022-04-06,2022-04-07,2022-04-07,2061.6362524840333,-0.02,5,HIGH,SL,2022-04-08,-41.23272504968067
COST,2022-04-11,2022-04-12,2022-04-20,2053.3897074740976,0.0287032948313024,5,HIGH,TIME,2022-04-20,58.93905017719081
COST,2022-07-26,2022-07-27,2022-07-28,2065.1775175095354,0.04,5,HIGH,TP,2022-07-28,82.60710070038142
LOW,2022-07-26,2022-07-27,2022-07-27,2065.1775175095354,-0.02,5,HIGH,SL,2022-07-28,-41.30355035019071
LOW,2022-08-02,2022-08-03,2022-08-04,2073.438227579574,0.04,5,HIGH,TP,2022-08-04,82.93752910318295
LOW,2022-08-09,2022-08-10,2022-08-15,2090.02573340021,0.04,5,HIGH,TP,2022-08-15,83.6010293360084
AVGO,2022-08-09,2022-08-10,2022-08-17,2090.0257334002104,-0.02,5,HIGH,SL,2022-08-17,-41.800514668004205
CRM,2022-08-09,2022-08-10,2022-08-17,2090.0257334002104,-0.001062944611885,5,HIGH,TIME,2022-08-17,-2.221581592018749
BAC,2022-08-19,2022-08-22,2022-08-24,2097.941520015407,-0.02,5,HIGH,SL,2022-08-24,-41.958830400308145
JPM,2022-08-19,2022-08-22,2022-08-29,2097.941520015407,-0.02,5,HIGH,SL,2022-08-29,-41.958830400308145
CVX,2022-08-30,2022-08-31,2022-09-01,2081.157987855284,-0.02,5,HIGH,SL,2022-09-01,-41.623159757105675
ABBV,2022-10-28,2022-10-31,2022-11-07,2072.833355903863,0.0201834511042207,5,HIGH,TIME,2022-11-07,41.83693068608332
V,2022-11-03,2022-11-04,2022-11-10,2072.833355903863,0.04,5,HIGH,TP,2022-11-10,82.91333423615451
PEP,2022-11-11,2022-11-14,2022-11-21,2097.783408888311,0.0344210597456553,5,HIGH,TIME,2022-11-21,72.207928050789
MS,2022-12-05,2022-12-06,2022-12-06,2112.2249944984687,-0.02,5,HIGH,SL,2022-12-07,-42.244499889969376
PFE,2022-12-06,2022-12-07,2022-12-08,2103.776094520475,0.04,5,HIGH,TP,2022-12-08,84.151043780819
DUK,2022-12-16,2022-12-19,2022-12-27,2120.6063032766383,0.03535400073908,5,HIGH,TIME,2022-12-27,74.97191681333999
GE,2023-01-19,2023-01-20,2023-01-20,2135.600686639307,-0.02,5,HIGH,SL,2023-01-21,-42.71201373278614
CAT,2023-01-19,2023-01-20,2023-01-24,2135.600686639307,0.04,5,HIGH,TP,2023-01-24,85.42402746557228
JPM,2023-01-18,2023-01-19,2023-01-26,2135.600686639307,0.0344366620395988,5,HIGH,TIME,2023-01-26,73.54295909733295
CAT,2023-01-31,2023-02-01,2023-02-01,2158.8516812053304,-0.02,5,HIGH,SL,2023-02-02,-43.177033624106606
COST,2023-02-08,2023-02-09,2023-02-16,2150.216274480509,-0.0023551324776321,5,HIGH,TIME,2023-02-16,-5.064044181962145
CRM,2023-02-10,2023-02-13,2023-02-17,2150.2162744805096,-0.0200000000000001,5,HIGH,SL,2023-02-17,-43.00432548961041
WMT,2023-02-22,2023-02-23,2023-02-23,2140.6026005461945,-0.0199999999999999,5,HIGH,SL,2023-02-24,-42.81205201092367
UNH,2023-04-14,2023-04-17,2023-04-18,2132.04019014401,-0.02,5,HIGH,SL,2023-04-18,-42.6408038028802
BLK,2023-04-21,2023-04-24,2023-04-25,2123.5120293834343,-0.02,5,HIGH,SL,2023-04-25,-42.470240587668684
JNJ,2023-04-18,2023-04-19,2023-04-26,2123.5120293834343,0.0038890946397796,5,HIGH,TIME,2023-04-26,8.258539250982615
AMZN,2023-04-25,2023-04-26,2023-04-27,2116.6696891160973,0.04,5,HIGH,TP,2023-04-27,84.6667875646439
LLY,2023-04-26,2023-04-27,2023-04-27,2133.6030466290263,-0.02,5,HIGH,SL,2023-04-28,-42.67206093258053
MRK,2023-04-26,2023-04-27,2023-04-27,2133.6030466290263,-0.0200000000000001,5,HIGH,SL,2023-04-28,-42.67206093258074
GE,2023-05-04,2023-05-05,2023-05-10,2116.5342222559934,-0.02,5,HIGH,SL,2023-05-10,-42.33068444511987
ORCL,2023-05-23,2023-05-24,2023-05-25,2108.0680853669696,0.04,5,HIGH,TP,2023-05-25,84.32272341467879
LLY,2023-05-23,2023-05-24,2023-06-01,2108.0680853669696,0.0294575990485148,5,HIGH,TIME,2023-06-01,62.09862442571046
ADBE,2023-06-07,2023-06-08,2023-06-09,2137.352354935048,0.04,5,HIGH,TP,2023-06-09,85.49409419740192
META,2023-06-07,2023-06-08,2023-06-12,2137.3523549350475,0.04,5,HIGH,TP,2023-06-12,85.4940941974019
MSFT,2023-06-07,2023-06-08,2023-06-13,2137.3523549350475,0.04,5,HIGH,TP,2023-06-13,85.4940941974019
GOOGL,2023-06-07,2023-06-08,2023-06-15,2137.352354935048,0.0233984835626313,5,HIGH,TIME,2023-06-15,50.010803944499024
BA,2023-06-20,2023-06-21,2023-06-22,2198.6509722423884,-0.02,5,HIGH,SL,2023-06-22,-43.97301944484777
GS,2023-06-20,2023-06-21,2023-06-22,2198.6509722423884,-0.02,5,HIGH,SL,2023-06-22,-43.97301944484777
META,2023-06-26,2023-06-27,2023-07-05,2181.0617644644494,0.04,5,HIGH,TP,2023-07-05,87.24247057857798
PLD,2023-07-18,2023-07-19,2023-07-19,2198.510258580165,-0.02,5,HIGH,SL,2023-07-20,-43.970205171603304
NVDA,2023-07-20,2023-07-21,2023-07-21,2189.7162175458448,-0.0200000000000001,5,HIGH,SL,2023-07-22,-43.794324350917115
JNJ,2023-07-31,2023-08-01,2023-08-07,2180.957352675661,0.04,5,HIGH,TP,2023-08-07,87.23829410702643
AVGO,2023-08-02,2023-08-03,2023-08-09,2180.957352675661,-0.02,5,HIGH,SL,2023-08-09,-43.61914705351322
ADBE,2023-09-12,2023-09-13,2023-09-14,2189.6811820863636,-0.02,5,HIGH,SL,2023-09-14,-43.79362364172727
CVX,2023-09-11,2023-09-12,2023-09-19,2189.6811820863636,0.0114939749027926,5,HIGH,TIME,2023-09-19,25.168140552017896
AMZN,2023-09-15,2023-09-18,2023-09-19,2180.9224573580177,-0.0199999999999999,5,HIGH,SL,2023-09-19,-43.618449147160135
LLY,2023-09-15,2023-09-18,2023-09-18,2180.9224573580177,-0.0199999999999999,5,HIGH,SL,2023-09-19,-43.618449147160135
NVDA,2023-10-13,2023-10-16,2023-10-17,2168.5087058095573,-0.02,5,HIGH,SL,2023-10-17,-43.370174116191144
META,2023-10-13,2023-10-16,2023-10-19,2168.5087058095573,-0.02,5,HIGH,SL,2023-10-19,-43.370174116191144
MSFT,2023-10-26,2023-10-27,2023-11-01,2151.160636163081,0.04,5,HIGH,TP,2023-11-01,86.04642544652324
NKE,2023-10-26,2023-10-27,2023-11-02,2151.160636163081,0.04,5,HIGH,TP,2023-11-02,86.04642544652324
AVGO,2023-11-27,2023-11-28,2023-11-30,2185.57920634169,-0.02,5,HIGH,SL,2023-11-30,-43.711584126833806
DIS,2023-11-28,2023-11-29,2023-12-05,2185.57920634169,-0.02,5,HIGH,SL,2023-12-05,-43.711584126833806
AMT,2023-12-08,2023-12-11,2023-12-14,2168.094572690957,0.04,5,HIGH,TP,2023-12-14,86.7237829076383
TSLA,2023-12-20,2023-12-21,2023-12-27,2185.439329272485,0.04,5,HIGH,TP,2023-12-27,87.4175731708994
UPS,2023-12-20,2023-12-21,2023-12-29,2185.439329272485,-0.0023481137484695,5,HIGH,TIME,2023-12-29,-5.131660135510685
NVDA,2024-01-02,2024-01-03,2024-01-05,2201.896511879562,0.04,5,HIGH,TP,2024-01-05,88.07586047518247
HON,2024-01-03,2024-01-04,2024-01-09,2201.896511879562,-0.0199999999999999,5,HIGH,SL,2024-01-09,-44.03793023759101
AMZN,2024-01-31,2024-02-01,2024-02-02,2210.70409792708,0.04,5,HIGH,TP,2024-02-02,88.42816391708321
META,2024-01-31,2024-02-01,2024-02-02,2210.70409792708,0.04,5,HIGH,TP,2024-02-02,88.42816391708321
MSFT,2024-01-31,2024-02-01,2024-02-08,2210.7040979270796,0.030560207717678,5,HIGH,TIME,2024-02-08,67.55957643497352
XOM,2024-02-09,2024-02-12,2024-02-20,2259.5872787809076,0.0151225114674158,5,HIGH,TIME,2024-02-20,34.17063453499114
MSFT,2024-02-13,2024-02-14,2024-02-20,2259.5872787809076,-0.0200000000000001,5,HIGH,SL,2024-02-20,-45.19174557561838
HD,2024-02-13,2024-02-14,2024-02-22,2259.5872787809076,0.04,5,HIGH,TP,2024-02-22,90.3834911512363
LLY,2024-02-20,2024-02-21,2024-02-22,2257.383056572782,0.04,5,HIGH,TP,2024-02-22,90.29532226291128
NFLX,2024-03-05,2024-03-06,2024-03-13,2293.518819255612,0.0107132773468194,5,HIGH,TIME,2024-03-13,24.571103210835126
AMZN,2024-03-15,2024-03-18,2024-03-25,2298.4330398977786,0.0222412036077053,5,HIGH,TIME,2024-03-25,51.119917219043536
DIS,2024-04-03,2024-04-04,2024-04-05,2308.6570233415873,-0.02,5,HIGH,SL,2024-04-05,-46.17314046683175
GOOGL,2024-04-04,2024-04-05,2024-04-09,2299.422395248221,0.04,5,HIGH,TP,2024-04-09,91.97689580992885
PEP,2024-04-23,2024-04-24,2024-04-24,2317.8177744102068,0.04,5,HIGH,TP,2024-04-25,92.71271097640827
CVX,2024-04-30,2024-05-01,2024-05-03,2336.3603166054886,-0.02,5,HIGH,SL,2024-05-03,-46.72720633210977
NKE,2024-06-12,2024-06-13,2024-06-17,2327.0148753390663,-0.02,5,HIGH,SL,2024-06-17,-46.54029750678133
NKE,2024-06-25,2024-06-26,2024-06-28,2317.70681583771,-0.0199999999999999,5,HIGH,SL,2024-06-28,-46.35413631675397
NFLX,2024-06-24,2024-06-25,2024-07-02,2317.70681583771,0.0091173437418041,5,HIGH,TIME,2024-07-02,21.131329732714654
META,2024-06-28,2024-07-01,2024-07-01,2308.4359885743593,-0.02,5,HIGH,SL,2024-07-02,-46.16871977148718
WMT,2024-06-25,2024-06-26,2024-07-03,2317.70681583771,0.0124626483227174,5,HIGH,TIME,2024-07-03,28.884764960950523
ORCL,2024-07-09,2024-07-10,2024-07-15,2309.205463558795,0.04,5,HIGH,TP,2024-07-15,92.36821854235181
GOOGL,2024-07-11,2024-07-12,2024-07-17,2309.205463558795,-0.02,5,HIGH,SL,2024-07-17,-46.184109271175906
MSFT,2024-07-11,2024-07-12,2024-07-17,2309.205463558795,-0.02,5,HIGH,SL,2024-07-17,-46.184109271175906
CAT,2024-07-19,2024-07-22,2024-07-24,2309.2054635587947,-0.0200000000000001,5,HIGH,SL,2024-07-24,-46.184109271176126
GS,2024-07-18,2024-07-19,2024-07-26,2309.2054635587947,0.0202608481174928,5,HIGH,TIME,2024-07-26,46.7864611692493
JPM,2024-07-18,2024-07-19,2024-07-26,2309.205463558795,0.0049242569038923,5,HIGH,TIME,2024-07-26,11.371120946435216
MS,2024-07-19,2024-07-22,2024-07-29,2309.205463558795,9.76296354171513e-05,5,HIGH,TIME,2024-07-29,0.22544688751053904
JNJ,2024-07-31,2024-08-01,2024-08-02,2311.6452475051988,0.04,5,HIGH,TP,2024-08-02,92.46580990020796
PFE,2024-07-31,2024-08-01,2024-08-01,2311.6452475051988,-0.02,5,HIGH,SL,2024-08-02,-46.23290495010398
HD,2024-08-01,2024-08-02,2024-08-02,2320.891828495219,-0.02,5,HIGH,SL,2024-08-03,-46.41783656990439
CRM,2024-08-28,2024-08-29,2024-08-29,2311.6082611812385,-0.02,5,HIGH,SL,2024-08-30,-46.23216522362477
WMT,2024-09-17,2024-09-18,2024-09-25,2302.361828136514,0.0350965945003709,5,HIGH,TIME,2024-09-25,80.80505947523986
NEE,2024-09-19,2024-09-20,2024-09-27,2302.361828136514,0.027841941883024,5,HIGH,TIME,2024-09-27,64.10222421266971
AAPL,2024-10-01,2024-10-02,2024-10-07,2331.3432848740954,-0.02,5,HIGH,SL,2024-10-07,-46.62686569748191
DIS,2024-10-01,2024-10-02,2024-10-08,2331.3432848740954,-0.02,5,HIGH,SL,2024-10-08,-46.62686569748191
AMD,2024-10-10,2024-10-11,2024-10-15,2312.692538595102,-0.0200000000000001,5,HIGH,SL,2024-10-15,-46.25385077190228
AVGO,2024-10-15,2024-10-16,2024-10-23,2303.4417684407217,-0.0199999999999999,5,HIGH,SL,2024-10-23,-46.068835368814206
XOM,2024-10-15,2024-10-16,2024-10-23,2303.4417684407217,-0.0051286124671493,5,HIGH,TIME,2024-10-23,-11.813460170977518
MS,2024-10-21,2024-10-22,2024-10-29,2303.4417684407217,0.0140245274170254,5,HIGH,TIME,2024-10-29,32.304682235018376
AAPL,2024-10-23,2024-10-24,2024-10-31,2291.8653093327634,-0.02,5,HIGH,SL,2024-10-31,-45.83730618665527
CRM,2024-11-14,2024-11-15,2024-11-18,2289.158784542436,-0.02,5,HIGH,SL,2024-11-18,-45.78317569084872
NFLX,2024-11-25,2024-11-26,2024-12-02,2280.002149404266,0.04,5,HIGH,TP,2024-12-02,91.20008597617066
CRM,2024-11-27,2024-11-29,2024-12-04,2280.002149404266,0.04,5,HIGH,TP,2024-12-04,91.20008597617066
CVX,2025-01-21,2025-01-22,2025-01-29,2316.4821837947343,-0.0126203880741605,5,HIGH,TIME,2025-01-29,-29.23490412636834
CAT,2025-01-27,2025-01-28,2025-01-30,2316.4821837947343,-0.0200000000000001,5,HIGH,SL,2025-01-30,-46.32964367589492
AMZN,2025-02-05,2025-02-06,2025-02-07,2301.369274234282,-0.02,5,HIGH,SL,2025-02-07,-46.02738548468564
DUK,2025-02-13,2025-02-14,2025-02-18,2292.1637971373452,-0.02,5,HIGH,SL,2025-02-18,-45.84327594274691
META,2025-02-18,2025-02-19,2025-02-21,2282.9951419487957,-0.02,5,HIGH,SL,2025-02-21,-45.65990283897592
BA,2025-02-20,2025-02-21,2025-02-21,2273.8631613810007,-0.02,5,HIGH,SL,2025-02-22,-45.477263227620014
COST,2025-02-20,2025-02-21,2025-02-28,2273.8631613810007,0.0135316755835617,5,HIGH,TIME,2025-02-28,30.769178621219705
PEP,2025-02-26,2025-02-27,2025-03-04,2264.7677087354764,0.04,5,HIGH,TP,2025-03-04,90.59070834941906
MCD,2025-02-26,2025-02-27,2025-03-06,2264.7677087354764,0.0228447163260054,5,HIGH,TIME,2025-03-06,51.737975850359184
KO,2025-03-04,2025-03-05,2025-03-10,2289.0396861296044,0.04,5,HIGH,TP,2025-03-10,91.56158744518417
BLK,2025-05-21,2025-05-22,2025-05-23,2317.6995987887126,-0.02,5,HIGH,SL,2025-05-23,-46.35399197577425
NEE,2025-05-21,2025-05-22,2025-05-22,2317.6995987887126,-0.02,5,HIGH,SL,2025-05-23,-46.35399197577425
BAC,2025-05-21,2025-05-22,2025-05-30,2317.6995987887126,0.0220010511646313,5,HIGH,TIME,2025-05-30,50.991827457195896
MS,2025-05-21,2025-05-22,2025-05-30,2317.6995987887126,0.027445667171517,5,HIGH,TIME,2025-05-30,63.61081179191349
V,2025-05-21,2025-05-22,2025-05-30,2317.6995987887117,0.0207681240413522,5,HIGH,TIME,2025-05-30,48.134272758236186
ADBE,2025-06-02,2025-06-03,2025-06-05,2331.705384399872,0.04,5,HIGH,TP,2025-06-05,93.26821537599488
GE,2025-06-10,2025-06-11,2025-06-13,2350.359027475071,-0.02,5,HIGH,SL,2025-06-13,-47.00718054950142
MRK,2025-06-17,2025-06-18,2025-06-24,2340.957591365171,0.04,5,HIGH,TP,2025-06-24,93.63830365460684
COP,2025-06-23,2025-06-24,2025-07-01,2359.6852520960924,0.0193926057535078,5,HIGH,TIME,2025-07-01,45.76044579626619
XOM,2025-06-23,2025-06-24,2025-07-01,2359.6852520960924,-9.165463591764844e-05,5,HIGH,TIME,2025-07-01,-0.21627609266111184
CVX,2025-06-24,2025-06-25,2025-07-02,2359.6852520960924,0.0318667076733245,5,HIGH,TIME,2025-07-02,75.19540012960121
AVGO,2025-07-01,2025-07-02,2025-07-03,2383.833166062733,0.04,5,HIGH,TP,2025-07-03,95.35332664250933
NVDA,2025-07-01,2025-07-02,2025-07-03,2383.8331660627327,0.04,5,HIGH,TP,2025-07-03,95.35332664250932
NFLX,2025-07-01,2025-07-02,2025-07-08,2383.833166062733,-0.02,5,HIGH,SL,2025-07-08,-47.676663321254665
META,2025-07-01,2025-07-02,2025-07-10,2383.833166062733,0.0166495903566847,5,HIGH,TIME,2025-07-10,39.68984569362324
NEE,2025-07-08,2025-07-09,2025-07-14,2412.4391640554854,0.04,5,HIGH,TP,2025-07-14,96.49756656221942
BAC,2025-07-08,2025-07-09,2025-07-15,2412.4391640554854,-0.02,5,HIGH,SL,2025-07-15,-48.24878328110971
JPM,2025-07-08,2025-07-09,2025-07-16,2412.4391640554854,-0.0047357437156928,5,HIGH,TIME,2025-07-16,-11.424693610666957
CVX,2025-07-14,2025-07-15,2025-07-18,2430.0268898504323,-0.02,5,HIGH,SL,2025-07-18,-48.60053779700865
NVDA,2025-07-22,2025-07-23,2025-07-28,2418.0218435688967,0.04,5,HIGH,TP,2025-07-28,96.72087374275587
AMT,2025-07-28,2025-07-29,2025-07-29,2437.366018317448,-0.02,5,HIGH,SL,2025-07-30,-48.74732036634896
AVGO,2025-07-31,2025-08-01,2025-08-04,2427.616554244178,0.04,5,HIGH,TP,2025-08-04,97.10466216976712
GOOGL,2025-07-31,2025-08-01,2025-08-05,2427.616554244178,0.04,5,HIGH,TP,2025-08-05,97.10466216976712
ORCL,2025-08-01,2025-08-04,2025-08-05,2447.037486678132,0.04,5,HIGH,TP,2025-08-05,97.8814994671253
CAT,2025-08-01,2025-08-04,2025-08-07,2447.0374866781317,-0.02,5,HIGH,SL,2025-08-07,-48.94074973356263
ORCL,2025-08-07,2025-08-08,2025-08-13,2476.246569058798,-0.0199999999999999,5,HIGH,SL,2025-08-13,-49.52493138117571
MS,2025-08-15,2025-08-18,2025-08-20,2466.3415827825625,-0.02,5,HIGH,SL,2025-08-20,-49.32683165565125
WMT,2025-08-13,2025-08-14,2025-08-21,2466.3415827825625,-0.02,5,HIGH,SL,2025-08-21,-49.32683165565125
BLK,2025-08-15,2025-08-18,2025-08-25,2466.3415827825625,0.0027338580511275,5,HIGH,TIME,2025-08-25,6.74262779292065
CVX,2025-09-03,2025-09-04,2025-09-05,2447.959375678886,-0.02,5,HIGH,SL,2025-09-05,-48.95918751357772
XOM,2025-09-03,2025-09-04,2025-09-05,2447.9593756788863,-0.02,5,HIGH,SL,2025-09-05,-48.959187513577724
PLD,2025-09-02,2025-09-03,2025-09-10,2447.959375678886,-0.0001801914167361,5,HIGH,TIME,2025-09-10,-0.4411012680159973
AMZN,2025-09-10,2025-09-11,2025-09-12,2428.287480419852,-0.02,5,HIGH,SL,2025-09-12,-48.565749608397034
XOM,2025-09-29,2025-09-30,2025-10-02,2418.5743304981725,-0.02,5,HIGH,SL,2025-10-02,-48.37148660996345
PFE,2025-10-06,2025-10-07,2025-10-08,2408.9000331761795,-0.02,5,HIGH,SL,2025-10-08,-48.17800066352359
BLK,2025-10-01,2025-10-02,2025-10-09,2408.9000331761795,0.0191089458924029,5,HIGH,TIME,2025-10-09,46.03154039417117
MSFT,2025-10-30,2025-10-31,2025-10-31,2408.4707411223094,-0.02,5,HIGH,SL,2025-11-01,-48.169414822446186
KO,2025-10-29,2025-10-30,2025-11-06,2408.4707411223094,0.0089115745693573,5,HIGH,TIME,2025-11-06,21.4632666076267
NVDA,2025-11-04,2025-11-05,2025-11-05,2398.8368581578197,-0.02,5,HIGH,SL,2025-11-06,-47.97673716315639
BAC,2025-11-05,2025-11-06,2025-11-13,2393.5341640467136,-0.0102957486625397,5,HIGH,TIME,2025-11-13,-24.64322616822703
JPM,2025-11-13,2025-11-14,2025-11-14,2388.605518813068,-0.0200000000000001,5,HIGH,SL,2025-11-15,-47.7721103762616
BAC,2025-11-13,2025-11-14,2025-11-17,2388.605518813068,-0.0199999999999999,5,HIGH,SL,2025-11-17,-47.772110376261125
PFE,2025-11-14,2025-11-17,2025-11-20,2369.4966746625637,-0.02,5,HIGH,SL,2025-11-20,-47.38993349325128
ABBV,2025-11-24,2025-11-25,2025-11-28,2360.0186879639136,-0.0200000000000001,5,HIGH,SL,2025-11-28,-47.20037375927851
MCD,2025-12-01,2025-12-02,2025-12-09,2350.578613212058,0.0230086155703792,5,HIGH,TIME,2025-12-09,54.083559679351296
UPS,2025-12-04,2025-12-05,2025-12-10,2350.578613212058,0.04,5,HIGH,TP,2025-12-10,94.02314452848232
CRM,2025-12-15,2025-12-16,2025-12-19,2380.199954053625,0.0249195025263075,5,HIGH,FINAL,2025-12-19,59.313398768156304
JNJ,2025-12-16,2025-12-17,2025-12-19,2380.199954053625,-0.0144227357768123,5,HIGH,FINAL,2025-12-19,-34.32899503329621
PFE,2025-12-16,2025-12-17,2025-12-19,2380.1999540536244,-0.0082676873935462,5,HIGH,FINAL,2025-12-19,-19.678749154248397
COP,2025-12-18,2025-12-19,2025-12-19,2381.2610849697467,-0.0055164361673418,5,HIGH,FINAL,2025-12-19,-13.136074773010685
