Ticker,Signal_Date,Entry_Date,exit_date,allocated_capital,pnl_pct,Score,Score_Level,Exit,exit_date_actual,pnl_dollars
AMT,2018-10-26,2018-10-29,2018-10-30,2000.0,0.04,5,HIGH,TP,2018-10-30,80.0
AMT,2018-10-31,2018-11-01,2018-11-01,2016.0,-0.02,4,HIGH,SL,2018-11-02,-40.32
DUK,2018-10-26,2018-10-29,2018-11-05,2000.0,0.0181507922724326,5,HIGH,TIME,2018-11-05,36.3015845448652
WMT,2018-10-31,2018-11-01,2018-11-07,2016.0,0.04,4,HIGH,TP,2018-11-07,80.64
ORCL,2018-11-19,2018-11-20,2018-11-27,2031.3243169089733,-0.0200000000000001,4,HIGH,SL,2018-11-27,-40.626486338179674
AMT,2018-11-20,2018-11-21,2018-11-29,2031.3243169089733,0.013326849446648,5,HIGH,TIME,2018-11-29,27.071153348760976
KO,2018-11-20,2018-11-21,2018-11-29,2031.3243169089737,0.0027891384250613,5,HIGH,TIME,2018-11-29,5.665644706052216
JNJ,2018-11-21,2018-11-23,2018-11-29,2031.3243169089737,0.04,4,HIGH,TP,2018-11-29,81.25297267635895
PEP,2018-12-03,2018-12-04,2018-12-06,2045.996973787572,-0.0200000000000001,4,HIGH,SL,2018-12-06,-40.91993947575165
UNH,2018-12-04,2018-12-06,2018-12-06,2037.812985892422,-0.02,4,HIGH,SL,2018-12-07,-40.75625971784844
PLD,2018-12-04,2018-12-06,2018-12-06,2037.812985892422,-0.0200000000000001,3,MEDIUM,SL,2018-12-07,-40.75625971784864
MSFT,2018-12-04,2018-12-06,2018-12-11,2037.812985892422,0.04,4,HIGH,TP,2018-12-11,81.51251943569687
PFE,2018-12-07,2018-12-10,2018-12-10,2021.5104820052825,-0.02,3,MEDIUM,SL,2018-12-11,-40.43020964010565
PLD,2018-12-07,2018-12-10,2018-12-10,2021.5104820052825,-0.02,3,MEDIUM,SL,2018-12-11,-40.43020964010565
MRK,2018-12-14,2018-12-17,2018-12-18,2021.6409020363799,-0.02,5,HIGH,SL,2018-12-18,-40.4328180407276
LLY,2018-12-14,2018-12-17,2018-12-17,2021.6409020363799,-0.02,4,HIGH,SL,2018-12-18,-40.4328180407276
PEP,2018-12-14,2018-12-17,2018-12-18,2021.6409020363799,-0.02,4,HIGH,SL,2018-12-18,-40.4328180407276
KO,2018-12-17,2018-12-18,2018-12-19,1997.381211211943,-0.0199999999999999,4,HIGH,SL,2018-12-19,-39.94762422423866
DUK,2018-12-17,2018-12-18,2018-12-20,1997.381211211943,-0.02,4,HIGH,SL,2018-12-20,-39.947624224238865
NEE,2018-12-17,2018-12-18,2018-12-20,1997.381211211943,-0.02,4,HIGH,SL,2018-12-20,-39.947624224238865
TSLA,2018-12-18,2018-12-19,2018-12-19,1989.3916863670956,-0.02,3,MEDIUM,SL,2018-12-20,-39.78783372734191
AMT,2018-12-17,2018-12-18,2018-12-21,1997.381211211943,-0.02,4,HIGH,SL,2018-12-21,-39.947624224238865
AVGO,2018-12-19,2018-12-20,2018-12-20,1965.4550699319316,-0.0199999999999999,4,HIGH,SL,2018-12-21,-39.30910139863843
ABBV,2019-01-02,2019-01-03,2019-01-03,1949.6037248073562,-0.02,4,HIGH,SL,2019-01-04,-38.992074496147126
AMD,2019-01-09,2019-01-10,2019-01-10,1941.8053099081267,-0.0200000000000001,3,MEDIUM,SL,2019-01-11,-38.83610619816273
AMD,2019-01-10,2019-01-11,2019-01-11,1934.0380886684943,0.04,4,HIGH,TP,2019-01-12,77.36152354673978
ABBV,2019-01-09,2019-01-10,2019-01-14,1941.8053099081267,-0.02,4,HIGH,SL,2019-01-14,-38.83610619816253
LOW,2019-01-15,2019-01-16,2019-01-17,1941.74317213821,-0.02,4,HIGH,SL,2019-01-17,-38.8348634427642
NFLX,2019-01-18,2019-01-22,2019-01-22,1933.976199449657,-0.0200000000000001,3,MEDIUM,SL,2019-01-23,-38.67952398899334
MS,2019-01-22,2019-01-23,2019-01-23,1926.2402946518587,-0.0200000000000001,4,HIGH,SL,2019-01-24,-38.52480589303737
CAT,2019-01-22,2019-01-23,2019-01-23,1926.2402946518587,-0.02,3,MEDIUM,SL,2019-01-24,-38.524805893037176
COP,2019-01-22,2019-01-23,2019-01-28,1926.2402946518587,-0.0200000000000001,4,HIGH,SL,2019-01-28,-38.52480589303737
LLY,2019-01-18,2019-01-22,2019-01-29,1933.976199449657,0.0001731126191732,4,HIGH,TIME,2019-01-29,0.3347956853053612
BAC,2019-01-31,2019-02-01,2019-02-07,1903.1923702530971,-0.02,4,HIGH,SL,2019-02-07,-38.06384740506194
GS,2019-01-31,2019-02-01,2019-02-07,1903.1923702530971,-0.02,4,HIGH,SL,2019-02-07,-38.06384740506194
AMD,2019-02-05,2019-02-06,2019-02-07,1903.1923702530971,-0.02,3,MEDIUM,SL,2019-02-07,-38.06384740506194
COP,2019-02-07,2019-02-08,2019-02-08,1880.35406181006,-0.02,5,HIGH,SL,2019-02-09,-37.6070812362012
GE,2019-02-08,2019-02-11,2019-02-13,1872.8326455628203,0.04,4,HIGH,TP,2019-02-13,74.91330582251281
GOOGL,2019-02-06,2019-02-07,2019-02-14,1880.35406181006,0.0156320915235157,4,HIGH,TIME,2019-02-14,29.393866790829357
ORCL,2019-02-07,2019-02-08,2019-02-15,1880.3540618100606,0.0325413679634969,5,HIGH,TIME,2019-02-15,61.189293427017176
UNH,2019-02-08,2019-02-11,2019-02-19,1872.8326455628203,0.04,4,HIGH,TP,2019-02-19,74.91330582251281
WMT,2019-02-20,2019-02-21,2019-02-27,1920.9145999353943,-0.02,4,HIGH,SL,2019-02-27,-38.418291998707886
LOW,2019-02-28,2019-03-01,2019-03-01,1913.230941535653,-0.02,4,HIGH,SL,2019-03-02,-38.26461883071306
CAT,2019-02-26,2019-02-27,2019-03-06,1913.230941535653,-0.02,5,HIGH,SL,2019-03-06,-38.26461883071306
CRM,2019-03-04,2019-03-05,2019-03-05,1890.272170237224,-0.0199999999999999,4,HIGH,SL,2019-03-06,-37.80544340474429
HD,2019-02-27,2019-02-28,2019-03-07,1913.230941535653,-0.0059367160310161,4,HIGH,TIME,2019-03-07,-11.358308801650738
ADBE,2019-03-04,2019-03-05,2019-03-07,1905.5780177695103,-0.02,4,HIGH,SL,2019-03-07,-38.11156035539021
AMZN,2019-03-07,2019-03-08,2019-03-11,1880.4700314910108,0.04,4,HIGH,TP,2019-03-11,75.21880125964043
MCD,2019-03-04,2019-03-05,2019-03-12,1905.5780177695103,0.0068105602919279,5,HIGH,TIME,2019-03-12,12.978053980991705
AVGO,2019-03-07,2019-03-08,2019-03-13,1880.4700314910108,0.04,4,HIGH,TP,2019-03-13,75.21880125964043
LLY,2019-03-11,2019-03-12,2019-03-13,1898.1094025391374,0.04,4,HIGH,TP,2019-03-13,75.9243761015655
META,2019-03-15,2019-03-18,2019-03-18,1928.3380380113786,-0.02,4,HIGH,SL,2019-03-19,-38.566760760227574
MS,2019-03-20,2019-03-21,2019-03-22,1920.624685859333,-0.02,5,HIGH,SL,2019-03-22,-38.41249371718666
BAC,2019-03-20,2019-03-21,2019-03-22,1920.624685859333,-0.02,4,HIGH,SL,2019-03-22,-38.41249371718666
GS,2019-03-20,2019-03-21,2019-03-22,1912.9113337072868,-0.0200000000000001,4,HIGH,SL,2019-03-22,-38.25822667414593
ADBE,2019-03-15,2019-03-18,2019-03-25,1928.3380380113786,0.0200692464551843,4,HIGH,TIME,2019-03-25,38.70029133375691
META,2019-03-18,2019-03-19,2019-03-26,1920.624685859333,0.04,4,HIGH,TP,2019-03-26,76.82498743437333
AAPL,2019-03-22,2019-03-25,2019-03-25,1905.3481013043806,-0.02,4,HIGH,SL,2019-03-26,-38.106962026087615
MA,2019-03-22,2019-03-25,2019-04-01,1905.3481013043806,0.04,5,HIGH,TP,2019-04-01,76.21392405217523
MSFT,2019-03-22,2019-03-25,2019-04-01,1905.3481013043806,0.0211048646598326,5,HIGH,TIME,2019-04-01,40.212113807897964
AMZN,2019-03-22,2019-03-25,2019-04-01,1890.0715167494282,0.0320857392885134,4,HIGH,TIME,2019-04-01,60.644341923067245
AMD,2019-03-27,2019-03-28,2019-04-01,1913.0917063860377,0.04,4,HIGH,TP,2019-04-01,76.5236682554415
AMT,2019-04-01,2019-04-02,2019-04-09,1963.810515993754,0.0192746713977212,5,HIGH,TIME,2019-04-09,37.85180238316892
CRM,2019-04-04,2019-04-05,2019-04-12,1963.810515993754,0.0067654828267267,4,HIGH,TIME,2019-04-12,13.286126320901042
GS,2019-04-15,2019-04-16,2019-04-17,1974.0381017345678,0.04,5,HIGH,TP,2019-04-17,78.96152406938272
CAT,2019-04-24,2019-04-25,2019-04-25,1989.8304065484442,-0.02,4,HIGH,SL,2019-04-26,-39.796608130968885
NVDA,2019-04-25,2019-04-26,2019-04-26,1981.8710849222502,-0.02,3,MEDIUM,SL,2019-04-27,-39.637421698445
LOW,2019-04-18,2019-04-22,2019-04-29,1989.8304065484442,-0.0200000000000001,5,HIGH,SL,2019-04-29,-39.796608130969084
XOM,2019-04-26,2019-04-29,2019-05-02,1965.9842789563675,-0.0199999999999999,4,HIGH,SL,2019-05-02,-39.31968557912715
AMD,2019-05-01,2019-05-02,2019-05-02,1958.120341840542,0.04,3,MEDIUM,TP,2019-05-03,78.32481367362169
MA,2019-05-01,2019-05-02,2019-05-06,1958.120341840542,-0.02,4,HIGH,SL,2019-05-06,-39.162406836810845
NKE,2019-05-01,2019-05-02,2019-05-06,1958.120341840542,-0.02,4,HIGH,SL,2019-05-06,-39.162406836810845
MSFT,2019-05-01,2019-05-02,2019-05-07,1958.120341840542,-0.02,5,HIGH,SL,2019-05-07,-39.162406836810845
HD,2019-05-01,2019-05-02,2019-05-07,1958.120341840542,-0.02,4,HIGH,SL,2019-05-07,-39.162406836810845
AAPL,2019-05-07,2019-05-08,2019-05-09,1942.4553791058179,-0.02,4,HIGH,SL,2019-05-09,-38.84910758211636
HD,2019-05-07,2019-05-08,2019-05-10,1942.455379105817,-0.0199999999999999,4,HIGH,SL,2019-05-10,-38.84910758211615
ADBE,2019-05-07,2019-05-08,2019-05-13,1942.4553791058179,-0.0199999999999999,5,HIGH,SL,2019-05-13,-38.84910758211616
BLK,2019-05-07,2019-05-08,2019-05-13,1942.4553791058179,-0.02,4,HIGH,SL,2019-05-13,-38.84910758211636
MSFT,2019-05-07,2019-05-08,2019-05-15,1942.4553791058179,0.0083421501184379,5,HIGH,TIME,2019-05-15,16.204254370867933
AMZN,2019-05-13,2019-05-14,2019-05-16,1911.376093040125,0.04,3,MEDIUM,TP,2019-05-16,76.455043721605
MA,2019-05-13,2019-05-14,2019-05-16,1880.296806974431,0.04,3,MEDIUM,TP,2019-05-16,75.21187227897724
HON,2019-05-13,2019-05-14,2019-05-21,1911.376093040125,0.0159946667044375,3,MEDIUM,TIME,2019-05-21,30.571823555006716
JPM,2019-05-13,2019-05-14,2019-05-21,1911.376093040125,0.0198997302641128,3,MEDIUM,TIME,2019-05-21,38.035868684772254
AMT,2019-05-20,2019-05-21,2019-05-29,1958.6718655623708,0.0082716611987105,5,HIGH,TIME,2019-05-29,16.201470071378175
AMD,2019-05-29,2019-05-30,2019-05-30,1961.9121595766462,-0.02,3,MEDIUM,SL,2019-05-31,-39.23824319153292
MA,2019-05-23,2019-05-24,2019-06-03,1958.6718655623708,-0.02,5,HIGH,SL,2019-06-03,-39.17343731124742
ADBE,2019-05-23,2019-05-24,2019-06-03,1958.6718655623708,-0.02,3,MEDIUM,SL,2019-06-03,-39.17343731124742
UNH,2019-05-28,2019-05-29,2019-06-04,1961.9121595766462,-0.02,5,HIGH,SL,2019-06-04,-39.23824319153292
MCD,2019-06-10,2019-06-11,2019-06-18,1930.5474873755338,0.0109244707590097,4,HIGH,TIME,2019-06-18,21.090209574713665
NFLX,2019-06-25,2019-06-26,2019-07-01,1934.7655292904765,0.04,5,HIGH,TP,2019-07-01,77.39062117161906
AMT,2019-06-26,2019-06-27,2019-07-01,1934.7655292904765,-0.02,4,HIGH,SL,2019-07-01,-38.69531058580953
ADBE,2019-06-25,2019-06-26,2019-07-03,1934.7655292904765,0.04,5,HIGH,TP,2019-07-03,77.39062117161906
MSFT,2019-06-25,2019-06-26,2019-07-03,1934.7655292904765,0.0231481290016613,5,HIGH,TIME,2019-07-03,44.78620205998345
DUK,2019-06-26,2019-06-27,2019-07-05,1934.7655292904765,0.0182808458944463,5,HIGH,TIME,2019-07-05,35.369150482846024
AVGO,2019-07-03,2019-07-05,2019-07-08,1974.0137861505282,-0.02,5,HIGH,SL,2019-07-08,-39.480275723010564
PFE,2019-07-11,2019-07-12,2019-07-12,1966.1177310059263,-0.02,4,HIGH,SL,2019-07-13,-39.322354620118524
AMD,2019-07-11,2019-07-12,2019-07-15,1966.117731005925,0.04,3,MEDIUM,TP,2019-07-15,78.644709240237
AAPL,2019-07-08,2019-07-09,2019-07-16,1966.1177310059263,0.0266065053441424,5,HIGH,TIME,2019-07-16,52.31152191722231
GE,2019-07-08,2019-07-09,2019-07-16,1966.1177310059263,0.0256917355469736,4,HIGH,TIME,2019-07-16,50.512976799220034
PLD,2019-07-11,2019-07-12,2019-07-16,1966.1177310059263,-0.02,5,HIGH,SL,2019-07-16,-39.322354620118524
UNH,2019-07-18,2019-07-19,2019-07-22,1986.6826307492147,-0.02,5,HIGH,SL,2019-07-22,-39.733652614984294
UPS,2019-07-17,2019-07-18,2019-07-24,1986.6826307492147,0.04,4,HIGH,TP,2019-07-24,79.46730522996859
BA,2019-07-18,2019-07-19,2019-07-24,1986.6826307492147,-0.02,4,HIGH,SL,2019-07-24,-39.733652614984294
BA,2019-07-24,2019-07-25,2019-07-25,1986.6826307492147,-0.0199999999999999,4,HIGH,SL,2019-07-26,-39.733652614984095
GE,2019-07-25,2019-07-26,2019-07-31,1978.7359002262176,-0.02,3,MEDIUM,SL,2019-07-31,-39.57471800452435
CRM,2019-07-29,2019-07-30,2019-08-01,1978.7359002262176,-0.0200000000000001,4,HIGH,SL,2019-08-01,-39.57471800452455
LOW,2019-07-31,2019-08-01,2019-08-01,1962.906013024408,-0.02,4,HIGH,SL,2019-08-02,-39.25812026048816
MA,2019-07-31,2019-08-01,2019-08-02,1962.906013024408,-0.0200000000000001,4,HIGH,SL,2019-08-02,-39.258120260488354
ORCL,2019-07-31,2019-08-01,2019-08-02,1962.906013024407,-0.02,4,HIGH,SL,2019-08-02,-39.25812026048814
GS,2019-08-01,2019-08-02,2019-08-02,1892.2413965555281,-0.02,4,HIGH,SL,2019-08-03,-37.844827931110565
KO,2019-07-31,2019-08-01,2019-08-05,1962.906013024408,-0.02,5,HIGH,SL,2019-08-05,-39.25812026048816
MSFT,2019-07-31,2019-08-01,2019-08-05,1962.906013024408,-0.02,4,HIGH,SL,2019-08-05,-39.25812026048816
AAPL,2019-08-01,2019-08-02,2019-08-05,1939.351140868115,-0.0200000000000001,5,HIGH,SL,2019-08-05,-38.7870228173625
BAC,2019-08-01,2019-08-02,2019-08-05,1939.351140868115,-0.02,4,HIGH,SL,2019-08-05,-38.7870228173623
AAPL,2019-08-02,2019-08-05,2019-08-05,1900.5641180507528,-0.02,3,MEDIUM,SL,2019-08-06,-38.011282361015056
NVDA,2019-08-02,2019-08-05,2019-08-05,1900.5641180507528,-0.02,3,MEDIUM,SL,2019-08-06,-38.011282361015056
UPS,2019-08-05,2019-08-06,2019-08-07,1885.3596051063466,-0.02,3,MEDIUM,SL,2019-08-07,-37.70719210212693
GOOGL,2019-08-05,2019-08-06,2019-08-13,1885.3596051063466,0.0267776970777617,3,MEDIUM,TIME,2019-08-13,50.48558838818617
MRK,2019-08-14,2019-08-15,2019-08-21,1887.9152843635584,0.04,4,HIGH,TP,2019-08-21,75.51661137454234
COST,2019-08-23,2019-08-26,2019-08-27,1903.0186066384667,0.04,3,MEDIUM,TP,2019-08-27,76.12074426553868
MRK,2019-08-23,2019-08-26,2019-09-03,1903.0186066384667,0.0148745775376912,4,HIGH,TIME,2019-09-03,28.306597820112945
GOOGL,2019-08-23,2019-08-26,2019-09-03,1903.0186066384667,0.0087109275653982,3,MEDIUM,TIME,2019-09-03,16.577057238032694
MA,2019-08-23,2019-08-26,2019-09-03,1903.0186066384667,0.0190262797332876,3,MEDIUM,TIME,2019-09-03,36.207364347554666
MCD,2019-08-23,2019-08-26,2019-09-03,1903.0186066384667,0.0101727220732399,3,MEDIUM,TIME,2019-09-03,19.35887938553737
AMT,2019-09-05,2019-09-06,2019-09-09,1938.3327352498222,-0.02,4,HIGH,SL,2019-09-09,-38.76665470499645
BA,2019-09-03,2019-09-04,2019-09-11,1938.3327352498222,0.04,5,HIGH,TP,2019-09-11,77.5333094099929
MA,2019-09-09,2019-09-10,2019-09-10,1930.579404308823,-0.02,5,HIGH,SL,2019-09-11,-38.61158808617646
V,2019-09-09,2019-09-10,2019-09-10,1930.579404308823,-0.0199999999999999,5,HIGH,SL,2019-09-11,-38.61158808617627
AMT,2019-09-09,2019-09-10,2019-09-10,1930.5794043088235,-0.02,4,HIGH,SL,2019-09-11,-38.611588086176475
LLY,2019-09-09,2019-09-10,2019-09-17,1922.826073367824,0.0253759725727451,4,HIGH,TIME,2019-09-17,48.79358169994106
NKE,2019-09-10,2019-09-11,2019-09-18,1922.919113339116,0.0128796674804618,5,HIGH,TIME,2019-09-18,24.766558771632248
COST,2019-09-11,2019-09-12,2019-09-19,1922.919113339116,-0.0086448540744824,4,HIGH,TIME,2019-09-19,-16.62335513184974
AVGO,2019-09-13,2019-09-16,2019-09-23,1922.9191133391157,0.0044861990258204,5,HIGH,TIME,2019-09-23,8.626597852993369
TSLA,2019-09-20,2019-09-23,2019-09-24,1936.0317899776592,-0.02,4,HIGH,SL,2019-09-24,-38.720635799553186
NVDA,2019-09-20,2019-09-23,2019-09-30,1936.0317899776592,0.0079325498121809,3,MEDIUM,TIME,2019-09-30,15.35766861196353
MS,2019-09-24,2019-09-25,2019-10-01,1928.2876628177482,-0.0200000000000001,4,HIGH,SL,2019-10-01,-38.56575325635516
NVDA,2019-09-27,2019-09-30,2019-10-01,1931.3591965401408,0.04,4,HIGH,TP,2019-10-01,77.25436786160563
AAPL,2019-10-02,2019-10-03,2019-10-04,1939.096919461191,0.04,3,MEDIUM,TP,2019-10-04,77.56387677844764
ABBV,2019-10-01,2019-10-02,2019-10-09,1939.096919461191,0.0056246799993733,5,HIGH,TIME,2019-10-09,10.90679965973974
HD,2019-10-02,2019-10-03,2019-10-10,1939.096919461191,0.029378103476187,4,HIGH,TIME,2019-10-10,56.96698995028631
LOW,2019-10-02,2019-10-03,2019-10-10,1939.096919461191,0.0179712804329319,4,HIGH,TIME,2019-10-10,34.848054526271426
PEP,2019-10-02,2019-10-03,2019-10-10,1939.0969194611914,-0.0039731226515129,4,HIGH,TIME,2019-10-10,-7.704269894190145
NVDA,2019-10-08,2019-10-09,2019-10-11,1956.7910547488286,0.04,4,HIGH,TP,2019-10-11,78.27164218995314
META,2019-10-18,2019-10-21,2019-10-22,1989.267538103293,-0.02,5,HIGH,SL,2019-10-22,-39.78535076206586
NKE,2019-10-23,2019-10-24,2019-10-25,1981.3104679508797,-0.02,4,HIGH,SL,2019-10-25,-39.626209359017594
AAPL,2019-10-29,2019-10-30,2019-10-31,1973.3852260790763,-0.02,5,HIGH,SL,2019-10-31,-39.46770452158153
GOOGL,2019-10-29,2019-10-30,2019-11-06,1973.3852260790763,0.0285703886873114,4,HIGH,TIME,2019-11-06,56.38038293887709
NEE,2019-11-04,2019-11-05,2019-11-07,1965.49168517476,-0.02,4,HIGH,SL,2019-11-07,-39.3098337034952
XOM,2019-11-06,2019-11-07,2019-11-12,1968.9057950218362,-0.02,4,HIGH,SL,2019-11-12,-39.378115900436725
NFLX,2019-11-13,2019-11-14,2019-11-15,1961.030171841749,0.04,4,HIGH,TP,2019-11-15,78.44120687366997
NVDA,2019-11-15,2019-11-18,2019-11-18,1976.7184132164832,0.04,4,HIGH,TP,2019-11-19,79.06873652865933
AMD,2019-11-21,2019-11-22,2019-11-22,1992.5321605222152,-0.02,4,HIGH,SL,2019-11-23,-39.850643210444304
NVDA,2019-11-19,2019-11-20,2019-11-25,1992.5321605222152,0.04,4,HIGH,TP,2019-11-25,79.70128642088861
ABBV,2019-11-20,2019-11-21,2019-11-29,1992.5321605222152,0.01083065739891,4,HIGH,TIME,2019-11-29,21.580433186926058
NVDA,2019-12-02,2019-12-03,2019-12-04,2004.8183758016894,0.04,4,HIGH,TP,2019-12-04,80.19273503206757
GS,2019-12-03,2019-12-04,2019-12-06,2020.856922808103,0.04,4,HIGH,TP,2019-12-06,80.83427691232413
ADBE,2019-12-02,2019-12-03,2019-12-09,2004.8183758016894,0.04,5,HIGH,TP,2019-12-09,80.19273503206757
HON,2019-12-02,2019-12-03,2019-12-10,2004.8183758016894,0.0084597757111042,4,HIGH,TIME,2019-12-10,16.960313800782505
CAT,2019-12-03,2019-12-04,2019-12-11,2020.856922808103,0.0214210527630247,4,HIGH,TIME,2019-12-11,43.28888276999611
CRM,2019-12-04,2019-12-05,2019-12-12,2020.856922808103,0.018299707613941,4,HIGH,TIME,2019-12-12,36.981090816996826
NFLX,2019-12-10,2019-12-11,2019-12-17,2065.112164511137,0.04,4,HIGH,TP,2019-12-17,82.60448658044548
META,2019-12-12,2019-12-13,2019-12-18,2072.5083826745367,0.04,4,HIGH,TP,2019-12-18,82.90033530698148
AVGO,2019-12-13,2019-12-16,2019-12-18,2072.5083826745367,0.04,4,HIGH,TP,2019-12-18,82.90033530698148
AMD,2019-12-13,2019-12-16,2019-12-20,2072.5083826745367,0.04,4,HIGH,TP,2019-12-20,82.90033530698148
TSLA,2019-12-30,2019-12-31,2019-12-31,2138.7694811748142,0.04,3,MEDIUM,TP,2020-01-01,85.55077924699258
BAC,2020-01-03,2020-01-06,2020-01-13,2155.8796370242126,0.0188900860413596,5,HIGH,TIME,2020-01-13,40.72475183820248
MRK,2020-01-07,2020-01-08,2020-01-15,2155.8796370242126,0.027500096883356,4,HIGH,TIME,2020-01-15,59.286898887020214
UNH,2020-01-13,2020-01-14,2020-01-15,2164.0245873918534,0.04,4,HIGH,TP,2020-01-15,86.56098349567414
COP,2020-01-08,2020-01-09,2020-01-16,2155.8796370242126,0.0077433996530189,5,HIGH,TIME,2020-01-16,16.6938376332838
MS,2020-01-21,2020-01-22,2020-01-23,2196.5329313950488,-0.0199999999999999,4,HIGH,SL,2020-01-23,-43.930658627900755
NFLX,2020-01-22,2020-01-23,2020-01-23,2187.7467996694686,0.04,4,HIGH,TP,2020-01-24,87.50987198677875
PFE,2020-01-24,2020-01-27,2020-01-28,2205.2487740668244,-0.02,5,HIGH,SL,2020-01-28,-44.10497548133649
AMD,2020-01-24,2020-01-27,2020-01-28,2205.2487740668244,0.04,4,HIGH,TP,2020-01-28,88.20995096267298
UNH,2020-01-24,2020-01-27,2020-01-27,2205.248774066825,-0.02,4,HIGH,SL,2020-01-28,-44.104975481336496
AAPL,2020-01-27,2020-01-28,2020-01-29,2205.2487740668244,0.04,5,HIGH,TP,2020-01-29,88.20995096267298
MS,2020-01-27,2020-01-28,2020-01-31,2205.2487740668244,-0.02,5,HIGH,SL,2020-01-31,-44.10497548133649
LOW,2020-01-24,2020-01-27,2020-02-03,2205.2487740668244,-0.0090487329691694,5,HIGH,TIME,2020-02-03,-19.954707287118875
GOOGL,2020-01-27,2020-01-28,2020-02-04,2205.2487740668244,0.0025455455472609,5,HIGH,TIME,2020-02-04,5.613561197428363
MA,2020-01-27,2020-01-28,2020-02-04,2205.248774066825,0.04,5,HIGH,TP,2020-02-04,88.20995096267299
PLD,2020-01-31,2020-02-03,2020-02-03,2210.078827705668,-0.0200000000000001,5,HIGH,SL,2020-02-04,-44.201576554113586
BLK,2020-01-31,2020-02-03,2020-02-06,2210.078827705668,0.04,5,HIGH,TP,2020-02-06,88.40315310822673
GOOGL,2020-02-04,2020-02-05,2020-02-05,2220.0032148268656,-0.02,4,HIGH,SL,2020-02-06,-44.400064296537316
HD,2020-01-31,2020-02-03,2020-02-07,2210.078827705668,0.04,5,HIGH,TP,2020-02-07,88.40315310822673
MSFT,2020-02-11,2020-02-12,2020-02-12,2246.484463210849,-0.02,3,MEDIUM,SL,2020-02-13,-44.929689264216975
NEE,2020-02-19,2020-02-20,2020-02-25,2237.4985253580053,-0.02,5,HIGH,SL,2020-02-25,-44.74997050716011
AMZN,2020-02-21,2020-02-24,2020-02-25,2237.4985253580053,-0.02,5,HIGH,SL,2020-02-25,-44.74997050716011
GOOGL,2020-02-21,2020-02-24,2020-02-25,2237.4985253580053,-0.02,5,HIGH,SL,2020-02-25,-44.74997050716011
MSFT,2020-02-21,2020-02-24,2020-02-24,2237.4985253580053,-0.02,5,HIGH,SL,2020-02-25,-44.74997050716011
COST,2020-02-24,2020-02-25,2020-02-25,2201.698548952277,-0.02,4,HIGH,SL,2020-02-26,-44.03397097904554
HD,2020-02-24,2020-02-25,2020-02-25,2201.698548952277,-0.0200000000000001,4,HIGH,SL,2020-02-26,-44.03397097904577
NFLX,2020-02-24,2020-02-25,2020-02-25,2201.698548952277,-0.02,4,HIGH,SL,2020-02-26,-44.03397097904554
KO,2020-02-24,2020-02-25,2020-02-26,2201.6985489522767,-0.02,3,MEDIUM,SL,2020-02-26,-44.033970979045534
LLY,2020-02-24,2020-02-25,2020-02-25,2201.698548952275,-0.02,3,MEDIUM,SL,2020-02-26,-44.0339709790455
DUK,2020-02-25,2020-02-26,2020-02-27,2157.664577973231,-0.02,4,HIGH,SL,2020-02-27,-43.15329155946463
ADBE,2020-02-25,2020-02-26,2020-02-27,2157.664577973231,-0.0199999999999999,3,MEDIUM,SL,2020-02-27,-43.15329155946441
COST,2020-02-25,2020-02-26,2020-02-27,2157.664577973231,-0.02,3,MEDIUM,SL,2020-02-27,-43.15329155946463
DUK,2020-02-27,2020-02-28,2020-02-28,2131.772603037552,-0.0200000000000001,3,MEDIUM,SL,2020-02-29,-42.635452060751255
WMT,2020-03-19,2020-03-20,2020-03-20,2123.245512625402,-0.02,3,MEDIUM,SL,2020-03-21,-42.46491025250804
NVDA,2020-04-07,2020-04-08,2020-04-13,2114.7525305749,-0.02,3,MEDIUM,SL,2020-04-13,-42.295050611498
NFLX,2020-04-22,2020-04-23,2020-04-23,2106.2935204526,0.04,4,HIGH,TP,2020-04-24,84.25174081810401
UPS,2020-04-22,2020-04-23,2020-04-27,2106.2935204526,0.04,4,HIGH,TP,2020-04-27,84.25174081810401
MRK,2020-04-28,2020-04-29,2020-04-29,2139.994216779842,-0.02,3,MEDIUM,SL,2020-04-30,-42.79988433559684
AMD,2020-04-29,2020-04-30,2020-04-30,2131.434239912723,-0.02,4,HIGH,SL,2020-05-01,-42.62868479825446
PEP,2020-04-29,2020-04-30,2020-05-01,2131.434239912723,-0.02,4,HIGH,SL,2020-05-01,-42.62868479825446
AMT,2020-04-29,2020-04-30,2020-05-04,2131.4342399127227,-0.02,3,MEDIUM,SL,2020-05-04,-42.628684798254454
DIS,2020-04-30,2020-05-01,2020-05-04,2114.382765993421,-0.0200000000000001,3,MEDIUM,SL,2020-05-04,-42.287655319868634
WMT,2020-04-29,2020-04-30,2020-05-07,2131.434239912723,-0.0053122680496421,4,HIGH,TIME,2020-05-07,-11.322750012601553
GS,2020-05-12,2020-05-13,2020-05-13,2095.1349479672754,-0.02,3,MEDIUM,SL,2020-05-14,-41.90269895934551
MS,2020-05-12,2020-05-13,2020-05-13,2095.1349479672754,-0.02,3,MEDIUM,SL,2020-05-14,-41.90269895934551
NVDA,2020-05-12,2020-05-13,2020-05-13,2095.1349479672754,-0.02,3,MEDIUM,SL,2020-05-14,-41.90269895934551
PFE,2020-05-07,2020-05-08,2020-05-15,2095.1349479672754,0.0136912040990533,5,HIGH,TIME,2020-05-15,28.684920187679385
UNH,2020-05-13,2020-05-14,2020-05-14,2069.993328591668,0.04,4,HIGH,TP,2020-05-15,82.79973314366673
AMD,2020-05-13,2020-05-14,2020-05-14,2069.993328591668,0.04,3,MEDIUM,TP,2020-05-15,82.79973314366673
CVX,2020-05-13,2020-05-14,2020-05-14,2069.9933285916677,0.04,3,MEDIUM,TP,2020-05-15,82.79973314366671
GS,2020-05-13,2020-05-14,2020-05-14,2044.8517092160591,-0.0199999999999999,3,MEDIUM,SL,2020-05-15,-40.89703418432098
PEP,2020-05-19,2020-05-20,2020-05-21,2117.2307456785397,-0.02,4,HIGH,SL,2020-05-21,-42.344614913570794
HD,2020-05-19,2020-05-20,2020-05-20,2117.2307456785397,-0.0200000000000001,3,MEDIUM,SL,2020-05-21,-42.34461491357101
WMT,2020-05-19,2020-05-20,2020-05-22,2117.2307456785393,-0.0199999999999999,3,MEDIUM,SL,2020-05-22,-42.344614913570574
LLY,2020-05-20,2020-05-21,2020-05-21,2100.2928997131107,-0.0200000000000001,3,MEDIUM,SL,2020-05-22,-42.00585799426243
NFLX,2020-05-21,2020-05-22,2020-05-22,2083.4228051315445,-0.0199999999999999,4,HIGH,SL,2020-05-23,-41.66845610263068
AMZN,2020-05-21,2020-05-22,2020-05-27,2083.4228051315445,-0.02,3,MEDIUM,SL,2020-05-27,-41.66845610263089
ADBE,2020-05-26,2020-05-27,2020-05-27,2066.755422690492,-0.02,4,HIGH,SL,2020-05-28,-41.335108453809845
NFLX,2020-05-26,2020-05-27,2020-05-27,2066.755422690492,-0.02,4,HIGH,SL,2020-05-28,-41.335108453809845
LLY,2020-05-26,2020-05-27,2020-05-27,2066.755422690492,-0.02,3,MEDIUM,SL,2020-05-28,-41.335108453809845
NVDA,2020-05-26,2020-05-27,2020-05-27,2066.755422690492,-0.0199999999999999,3,MEDIUM,SL,2020-05-28,-41.33510845380964
NVDA,2020-05-27,2020-05-28,2020-05-28,2033.6873359274443,0.04,4,HIGH,TP,2020-05-29,81.34749343709778
BAC,2020-05-29,2020-06-01,2020-06-02,2049.956834614864,0.04,4,HIGH,TP,2020-06-02,81.99827338459455
BA,2020-05-29,2020-06-01,2020-06-01,2049.956834614864,0.04,3,MEDIUM,TP,2020-06-02,81.99827338459455
JPM,2020-05-29,2020-06-01,2020-06-03,2049.956834614864,0.04,3,MEDIUM,TP,2020-06-03,81.99827338459455
CRM,2020-05-29,2020-06-01,2020-06-05,2049.956834614864,-0.0200000000000001,4,HIGH,SL,2020-06-05,-40.99913669229748
NKE,2020-06-04,2020-06-05,2020-06-10,2090.955971307161,-0.02,3,MEDIUM,SL,2020-06-10,-41.81911942614322
NEE,2020-06-04,2020-06-05,2020-06-11,2090.955971307161,-0.02,5,HIGH,SL,2020-06-11,-41.81911942614322
LOW,2020-06-04,2020-06-05,2020-06-11,2090.955971307161,-0.02,3,MEDIUM,SL,2020-06-11,-41.81911942614322
UPS,2020-06-09,2020-06-10,2020-06-10,2082.592147421932,-0.02,4,HIGH,SL,2020-06-11,-41.65184294843864
CVX,2020-06-10,2020-06-11,2020-06-11,2057.5341310617873,-0.0199999999999999,5,HIGH,SL,2020-06-12,-41.15068262123554
DUK,2020-06-11,2020-06-12,2020-06-12,2049.30399453754,-0.0200000000000001,4,HIGH,SL,2020-06-13,-40.98607989075101
AMZN,2020-06-11,2020-06-12,2020-06-12,2049.30399453754,-0.02,3,MEDIUM,SL,2020-06-13,-40.9860798907508
TSLA,2020-06-12,2020-06-15,2020-06-15,2032.9095625812397,0.04,3,MEDIUM,TP,2020-06-16,81.31638250324959
BA,2020-06-19,2020-06-22,2020-06-24,2049.1728390818894,-0.02,3,MEDIUM,SL,2020-06-24,-40.98345678163779
DIS,2020-06-19,2020-06-22,2020-06-24,2049.1728390818894,-0.02,3,MEDIUM,SL,2020-06-24,-40.98345678163779
KO,2020-06-19,2020-06-22,2020-06-24,2049.1728390818894,-0.0199999999999999,3,MEDIUM,SL,2020-06-24,-40.983456781637585
MA,2020-06-19,2020-06-22,2020-06-24,2049.1728390818894,-0.02,3,MEDIUM,SL,2020-06-24,-40.98345678163779
NEE,2020-06-19,2020-06-22,2020-06-25,2049.1728390818885,-0.02,3,MEDIUM,SL,2020-06-25,-40.98345678163777
META,2020-06-24,2020-06-25,2020-06-26,2008.1893823002513,-0.02,4,HIGH,SL,2020-06-26,-40.16378764600503
AMT,2020-06-24,2020-06-25,2020-06-26,2008.1893823002513,-0.02,3,MEDIUM,SL,2020-06-26,-40.16378764600503
ADBE,2020-06-26,2020-06-29,2020-06-29,1992.1238672418494,-0.02,3,MEDIUM,SL,2020-06-30,-39.842477344836986
AMZN,2020-06-26,2020-06-29,2020-06-29,1959.9928371250453,-0.02,3,MEDIUM,SL,2020-06-30,-39.199856742500906
ABBV,2020-06-24,2020-06-25,2020-07-01,2008.1893823002513,0.04,3,MEDIUM,TP,2020-07-01,80.32757529201005
V,2020-06-24,2020-06-25,2020-07-02,2008.1893823002517,0.0239141874120327,3,MEDIUM,TIME,2020-07-02,48.0242172471824
AAPL,2020-06-26,2020-06-29,2020-07-02,1992.1238672418494,0.04,4,HIGH,TP,2020-07-02,79.68495468967397
AMD,2020-07-10,2020-07-13,2020-07-13,2017.9227498701553,-0.02,3,MEDIUM,SL,2020-07-14,-40.35845499740311
DIS,2020-07-13,2020-07-14,2020-07-15,2009.851058870675,0.04,4,HIGH,TP,2020-07-15,80.394042354827
AMZN,2020-07-13,2020-07-14,2020-07-14,2009.851058870675,-0.0199999999999999,3,MEDIUM,SL,2020-07-15,-40.1970211774133
MSFT,2020-07-13,2020-07-14,2020-07-17,2009.851058870675,-0.02,5,HIGH,SL,2020-07-17,-40.1970211774135
AMZN,2020-07-15,2020-07-16,2020-07-20,2017.8904631061575,0.04,4,HIGH,TP,2020-07-20,80.71561852424631
NVDA,2020-07-23,2020-07-24,2020-07-24,2025.994182575524,0.04,4,HIGH,TP,2020-07-25,81.03976730302097
AMD,2020-07-23,2020-07-24,2020-07-24,2025.9941825755232,0.04,3,MEDIUM,TP,2020-07-25,81.03976730302092
GS,2020-07-22,2020-07-23,2020-07-27,2025.994182575524,-0.0200000000000001,4,HIGH,SL,2020-07-27,-40.51988365151069
MS,2020-07-22,2020-07-23,2020-07-27,2025.994182575524,-0.02,4,HIGH,SL,2020-07-27,-40.51988365151048
ABBV,2020-07-21,2020-07-22,2020-07-29,2025.994182575524,-0.0080776483147316,3,MEDIUM,TIME,2020-07-29,-16.365268494537208
HON,2020-07-24,2020-07-27,2020-07-29,2042.202136036128,0.04,5,HIGH,TP,2020-07-29,81.68808544144512
MCD,2020-07-28,2020-07-29,2020-07-31,2055.26669942551,-0.0199999999999999,5,HIGH,SL,2020-07-31,-41.10533398851
AMT,2020-07-30,2020-07-31,2020-08-03,2047.0456326278077,-0.02,4,HIGH,SL,2020-08-03,-40.94091265255616
CAT,2020-07-30,2020-07-31,2020-08-07,2047.0456326278077,0.01880238778419,5,HIGH,TIME,2020-08-07,38.48934579660058
GOOGL,2020-07-31,2020-08-03,2020-08-10,2038.8574500972966,0.0039034137165725,4,HIGH,TIME,2020-08-10,7.958504136845819
CRM,2020-08-07,2020-08-10,2020-08-10,2048.1470200839863,-0.02,5,HIGH,SL,2020-08-11,-40.962940401679724
ADBE,2020-08-07,2020-08-10,2020-08-10,2048.1470200839863,-0.02,4,HIGH,SL,2020-08-11,-40.962940401679724
DUK,2020-08-10,2020-08-11,2020-08-13,2031.7618439233138,-0.02,3,MEDIUM,SL,2020-08-13,-40.63523687846628
AAPL,2020-08-11,2020-08-12,2020-08-13,2031.7618439233138,0.04,4,HIGH,TP,2020-08-13,81.27047375693256
NVDA,2020-08-11,2020-08-12,2020-08-12,2031.7618439233138,0.04,4,HIGH,TP,2020-08-13,81.27047375693256
META,2020-08-10,2020-08-11,2020-08-18,2031.7618439233138,0.0082630369279668,3,MEDIUM,TIME,2020-08-18,16.78852314517226
COST,2020-08-11,2020-08-12,2020-08-19,2031.7618439233138,0.0214232651922501,5,HIGH,TIME,2020-08-19,43.52697278986421
JPM,2020-08-17,2020-08-18,2020-08-20,2059.5006906794283,-0.0200000000000001,4,HIGH,SL,2020-08-20,-41.19001381358878
KO,2020-08-19,2020-08-20,2020-08-27,2059.968082474684,0.0203088318385411,4,HIGH,TIME,2020-08-27,41.83554537974032
NFLX,2020-08-27,2020-08-28,2020-08-31,2068.335191550632,-0.02,4,HIGH,SL,2020-08-31,-41.366703831012636
ADBE,2020-08-27,2020-08-28,2020-09-02,2068.335191550632,0.04,3,MEDIUM,TP,2020-09-02,82.73340766202527
LOW,2020-08-27,2020-08-28,2020-09-03,2068.335191550632,-0.02,4,HIGH,SL,2020-09-03,-41.366703831012636
META,2020-08-27,2020-08-28,2020-09-03,2068.335191550632,-0.02,3,MEDIUM,SL,2020-09-03,-41.366703831012636
MA,2020-08-31,2020-09-01,2020-09-03,2060.0618507844297,-0.02,4,HIGH,SL,2020-09-03,-41.2012370156886
PFE,2020-09-01,2020-09-02,2020-09-04,2076.6085323168345,-0.02,4,HIGH,SL,2020-09-04,-41.53217064633669
META,2020-09-03,2020-09-04,2020-09-04,2043.5151692520246,-0.02,4,HIGH,SL,2020-09-05,-40.87030338504049
ORCL,2020-09-03,2020-09-04,2020-09-04,2043.5151692520246,-0.02,4,HIGH,SL,2020-09-05,-40.87030338504049
V,2020-09-03,2020-09-04,2020-09-04,2043.5151692520246,-0.02,4,HIGH,SL,2020-09-05,-40.87030338504049
COST,2020-09-03,2020-09-04,2020-09-04,2043.5151692520246,-0.02,3,MEDIUM,SL,2020-09-05,-40.87030338504049
JNJ,2020-09-03,2020-09-04,2020-09-04,2043.5151692520233,-0.02,3,MEDIUM,SL,2020-09-05,-40.870303385040465
ADBE,2020-09-04,2020-09-08,2020-09-08,2002.6448658669842,-0.02,4,HIGH,SL,2020-09-09,-40.052897317339685
LOW,2020-09-04,2020-09-08,2020-09-09,2002.6448658669842,0.04,4,HIGH,TP,2020-09-09,80.10579463467937
MA,2020-09-04,2020-09-08,2020-09-09,2002.6448658669842,0.04,4,HIGH,TP,2020-09-09,80.10579463467937
BAC,2020-09-08,2020-09-09,2020-09-10,2026.6766042573881,-0.0199999999999999,3,MEDIUM,SL,2020-09-10,-40.53353208514756
GOOGL,2020-09-04,2020-09-08,2020-09-11,2002.6448658669842,-0.02,5,HIGH,SL,2020-09-11,-40.052897317339685
META,2020-09-04,2020-09-08,2020-09-11,2002.6448658669833,-0.02,4,HIGH,SL,2020-09-11,-40.052897317339664
AMZN,2020-09-10,2020-09-11,2020-09-11,2002.5487389134225,-0.0200000000000001,3,MEDIUM,SL,2020-09-12,-40.05097477826865
NVDA,2020-09-10,2020-09-11,2020-09-11,2002.5487389134225,-0.02,3,MEDIUM,SL,2020-09-12,-40.050974778268454
KO,2020-09-08,2020-09-09,2020-09-14,2026.6766042573881,0.04,4,HIGH,TP,2020-09-14,81.06706417029552
AVGO,2020-09-08,2020-09-09,2020-09-15,2026.6766042573881,0.04,4,HIGH,TP,2020-09-15,81.06706417029552
AMD,2020-09-11,2020-09-14,2020-09-15,2002.7417618361742,0.04,3,MEDIUM,TP,2020-09-15,80.10967047344697
CAT,2020-09-15,2020-09-16,2020-09-17,2034.9771087649228,0.04,5,HIGH,TP,2020-09-17,81.39908435059691
JPM,2020-09-15,2020-09-16,2020-09-18,2034.9771087649228,-0.0200000000000001,4,HIGH,SL,2020-09-18,-40.69954217529866
META,2020-09-16,2020-09-17,2020-09-17,2051.2569256350425,-0.02,3,MEDIUM,SL,2020-09-18,-41.02513851270085
GE,2020-09-18,2020-09-21,2020-09-21,2034.9119894974426,-0.02,3,MEDIUM,SL,2020-09-22,-40.69823978994885
KO,2020-09-21,2020-09-22,2020-09-24,2026.7723415394526,-0.02,4,HIGH,SL,2020-09-24,-40.53544683078905
MA,2020-09-21,2020-09-22,2020-09-24,2026.7723415394526,-0.02,3,MEDIUM,SL,2020-09-24,-40.53544683078905
LOW,2020-09-18,2020-09-21,2020-09-28,2034.9119894974426,0.0293761244365937,3,MEDIUM,TIME,2020-09-28,59.77782782099332
MRK,2020-09-21,2020-09-22,2020-09-29,2026.7723415394526,-0.0144403446720632,4,HIGH,TIME,2020-09-29,-29.26729118363429
LLY,2020-10-13,2020-10-14,2020-10-15,2016.6602701346085,-0.02,5,HIGH,SL,2020-10-15,-40.33320540269217
AAPL,2020-10-13,2020-10-14,2020-10-15,2016.6602701346085,-0.02,3,MEDIUM,SL,2020-10-15,-40.33320540269217
UNH,2020-10-14,2020-10-15,2020-10-16,2000.526987973532,0.04,5,HIGH,TP,2020-10-16,80.02107951894128
AMZN,2020-10-14,2020-10-15,2020-10-16,2000.526987973532,-0.02,3,MEDIUM,SL,2020-10-16,-40.01053975947064
NFLX,2020-10-14,2020-10-15,2020-10-16,2000.526987973532,-0.02,3,MEDIUM,SL,2020-10-16,-40.01053975947064
AMD,2020-10-09,2020-10-12,2020-10-19,2016.6602701346085,-0.0200000000000001,4,HIGH,SL,2020-10-19,-40.33320540269237
NFLX,2020-10-16,2020-10-19,2020-10-19,1992.4603468929936,-0.0199999999999999,4,HIGH,SL,2020-10-20,-39.84920693785967
MS,2020-10-21,2020-10-22,2020-10-23,1984.4905055054217,0.04,4,HIGH,TP,2020-10-23,79.37962022021686
BLK,2020-10-19,2020-10-20,2020-10-26,1984.4905055054217,-0.0199999999999999,5,HIGH,SL,2020-10-26,-39.68981011010823
CAT,2020-10-26,2020-10-27,2020-10-27,1992.4284675274434,-0.02,5,HIGH,SL,2020-10-28,-39.84856935054887
GOOGL,2020-10-26,2020-10-27,2020-10-28,1992.4284675274434,-0.0200000000000001,5,HIGH,SL,2020-10-28,-39.84856935054907
AVGO,2020-10-26,2020-10-27,2020-10-28,1992.428467527444,-0.02,4,HIGH,SL,2020-10-28,-39.84856935054888
BLK,2020-10-26,2020-10-27,2020-10-28,1992.428467527444,-0.02,4,HIGH,SL,2020-10-28,-39.84856935054888
HON,2020-10-26,2020-10-27,2020-10-28,1992.428467527443,-0.02,4,HIGH,SL,2020-10-28,-39.848569350548864
CAT,2020-10-27,2020-10-28,2020-10-28,1952.5798981768946,-0.0200000000000001,4,HIGH,SL,2020-10-29,-39.05159796353809
DUK,2020-10-28,2020-10-29,2020-11-03,1944.769578584187,0.04,3,MEDIUM,TP,2020-11-03,77.79078314336748
JPM,2020-11-04,2020-11-05,2020-11-09,1960.3277352128605,0.04,3,MEDIUM,TP,2020-11-09,78.41310940851442
NEE,2020-11-04,2020-11-05,2020-11-09,1960.3277352128605,0.04,3,MEDIUM,TP,2020-11-09,78.41310940851442
AMD,2020-11-09,2020-11-10,2020-11-10,1991.6929789762662,-0.02,3,MEDIUM,SL,2020-11-11,-39.833859579525324
MSFT,2020-11-09,2020-11-10,2020-11-10,1991.6929789762662,-0.02,3,MEDIUM,SL,2020-11-11,-39.833859579525324
MA,2020-11-10,2020-11-11,2020-11-12,1975.759435144456,-0.02,3,MEDIUM,SL,2020-11-12,-39.51518870288912
BA,2020-11-12,2020-11-13,2020-11-13,1967.856397403878,0.04,4,HIGH,TP,2020-11-14,78.71425589615512
DIS,2020-11-11,2020-11-12,2020-11-16,1967.856397403878,0.04,3,MEDIUM,TP,2020-11-16,78.71425589615512
BAC,2020-11-12,2020-11-13,2020-11-16,1967.856397403878,0.04,4,HIGH,TP,2020-11-16,78.71425589615512
META,2020-11-10,2020-11-11,2020-11-18,1975.759435144456,-0.0054851146948095,3,MEDIUM,TIME,2020-11-18,-10.837267111119372
DUK,2020-11-12,2020-11-13,2020-11-18,1959.9533596633,-0.02,4,HIGH,SL,2020-11-18,-39.199067193266
DUK,2020-11-17,2020-11-18,2020-11-18,2005.0776840806939,-0.0199999999999999,3,MEDIUM,SL,2020-11-19,-40.10155368161367
PFE,2020-11-16,2020-11-17,2020-11-24,2015.0849509415712,0.0030146045432539,4,HIGH,TIME,2020-11-24,6.074684248151023
CRM,2020-11-20,2020-11-23,2020-11-23,1971.009485010848,-0.02,3,MEDIUM,SL,2020-11-24,-39.42018970021696
WMT,2020-11-17,2020-11-18,2020-11-25,2005.0776840806939,0.013145617046099,3,MEDIUM,TIME,2020-11-25,26.357983382603873
HON,2020-11-18,2020-11-19,2020-11-27,1997.0573733443712,0.04,4,HIGH,TP,2020-11-27,79.88229493377484
UNH,2020-11-19,2020-11-20,2020-11-30,1997.0573733443712,0.0039999075477845,4,HIGH,TIME,2020-11-30,7.988044860998838
DUK,2020-11-30,2020-12-01,2020-12-04,2013.2339368894334,-0.0200000000000001,3,MEDIUM,SL,2020-12-04,-40.26467873778887
BLK,2020-11-30,2020-12-01,2020-12-08,2013.2339368894334,0.0110978191806714,5,HIGH,TIME,2020-12-08,22.342506199990147
HON,2020-11-30,2020-12-01,2020-12-08,2013.2339368894334,0.0240476304540677,5,HIGH,TIME,2020-12-08,48.41350573190495
MS,2020-11-30,2020-12-01,2020-12-08,2013.2339368894334,0.0125160114224467,5,HIGH,TIME,2020-12-08,25.197658950165486
COST,2020-12-03,2020-12-04,2020-12-11,2005.1810011418756,-0.0002930462090567,5,HIGH,TIME,2020-12-11,-0.5876106908571451
ADBE,2020-12-09,2020-12-10,2020-12-10,2024.3717353182874,-0.02,5,HIGH,SL,2020-12-11,-40.48743470636575
AMD,2020-12-09,2020-12-10,2020-12-14,2024.3717353182874,0.04,4,HIGH,TP,2020-12-14,80.9748694127315
AAPL,2020-12-09,2020-12-10,2020-12-15,2024.3717353182874,0.04,4,HIGH,TP,2020-12-15,80.9748694127315
ABBV,2020-12-14,2020-12-15,2020-12-15,2048.5466740039355,-0.02,4,HIGH,SL,2020-12-16,-40.97093348007871
COP,2020-12-14,2020-12-15,2020-12-15,2048.5466740039355,-0.02,4,HIGH,SL,2020-12-16,-40.97093348007871
CVX,2020-12-14,2020-12-15,2020-12-17,2048.5466740039355,-0.0200000000000001,3,MEDIUM,SL,2020-12-17,-40.97093348007892
MRK,2020-12-14,2020-12-15,2020-12-18,2048.5466740039355,-0.02,4,HIGH,SL,2020-12-18,-40.97093348007871
JNJ,2020-12-14,2020-12-15,2020-12-22,2048.5466740039355,0.0181339531423363,5,HIGH,TIME,2020-12-22,37.14824939627624
NKE,2020-12-18,2020-12-21,2020-12-22,2015.7699272198727,-0.02,5,HIGH,SL,2020-12-22,-40.31539854439745
AMD,2020-12-21,2020-12-22,2020-12-22,2015.1364973902485,-0.02,4,HIGH,SL,2020-12-23,-40.30272994780497
GS,2020-12-22,2020-12-23,2020-12-28,2007.0759514006875,0.04,4,HIGH,TP,2020-12-28,80.28303805602751
COP,2020-12-18,2020-12-21,2020-12-29,2015.7699272198727,-0.0086273078540969,3,MEDIUM,TIME,2020-12-29,-17.390667725156344
NFLX,2021-01-04,2021-01-05,2021-01-06,2019.6544254668618,-0.02,5,HIGH,SL,2021-01-06,-40.39308850933724
ADBE,2021-01-04,2021-01-05,2021-01-06,2019.6544254668618,-0.02,4,HIGH,SL,2021-01-06,-40.39308850933724
AVGO,2021-01-04,2021-01-05,2021-01-07,2019.6544254668618,0.04,5,HIGH,TP,2021-01-07,80.78617701867448
AMD,2021-01-06,2021-01-07,2021-01-07,2019.6544254668618,0.04,3,MEDIUM,TP,2021-01-08,80.78617701867448
AAPL,2021-01-04,2021-01-05,2021-01-12,2019.6544254668618,-0.0006985101043895,4,HIGH,TIME,2021-01-12,-1.4107490235635733
AMZN,2021-01-04,2021-01-05,2021-01-12,2019.6544254668618,-0.02,4,HIGH,SL,2021-01-12,-40.39308850933724
LLY,2021-01-12,2021-01-13,2021-01-13,2027.4508933640166,0.04,4,HIGH,TP,2021-01-14,81.09803573456067
AMD,2021-01-13,2021-01-14,2021-01-15,2043.6705005109288,-0.0200000000000001,4,HIGH,SL,2021-01-15,-40.873410010218784
GOOGL,2021-01-11,2021-01-12,2021-01-20,2027.4508933640166,0.04,4,HIGH,TP,2021-01-20,81.09803573456067
BAC,2021-01-15,2021-01-19,2021-01-21,2035.4958185088851,-0.02,5,HIGH,SL,2021-01-21,-40.7099163701777
GE,2021-01-15,2021-01-19,2021-01-21,2035.4958185088851,-0.02,4,HIGH,SL,2021-01-21,-40.7099163701777
GS,2021-01-19,2021-01-20,2021-01-20,2051.715425655797,-0.02,4,HIGH,SL,2021-01-21,-41.03430851311594
BLK,2021-01-15,2021-01-19,2021-01-25,2035.4958185088851,-0.0199999999999999,4,HIGH,SL,2021-01-25,-40.709916370177496
XOM,2021-01-21,2021-01-22,2021-01-26,2027.224597405103,-0.02,3,MEDIUM,SL,2021-01-26,-40.544491948102056
NFLX,2021-01-22,2021-01-25,2021-01-25,2019.0826141310674,-0.02,3,MEDIUM,SL,2021-01-26,-40.38165228262135
CVX,2021-01-21,2021-01-22,2021-01-27,2027.224597405103,-0.02,5,HIGH,SL,2021-01-27,-40.544491948102056
GS,2021-01-25,2021-01-26,2021-01-27,2002.8973852849224,-0.02,4,HIGH,SL,2021-01-27,-40.057947705698446
CAT,2021-01-25,2021-01-26,2021-01-27,2002.8973852849224,-0.02,3,MEDIUM,SL,2021-01-27,-40.057947705698446
MS,2021-01-25,2021-01-26,2021-01-26,2002.8973852849228,-0.02,3,MEDIUM,SL,2021-01-27,-40.05794770569846
HD,2021-01-27,2021-01-28,2021-01-29,1970.7537182718834,-0.02,4,HIGH,SL,2021-01-29,-39.41507436543767
MS,2021-01-27,2021-01-28,2021-01-29,1970.7537182718825,-0.02,3,MEDIUM,SL,2021-01-29,-39.41507436543765
AAPL,2021-01-28,2021-01-29,2021-01-29,1954.987688525708,-0.02,5,HIGH,SL,2021-01-30,-39.09975377051416
LOW,2021-01-27,2021-01-28,2021-02-01,1970.7537182718834,-0.02,4,HIGH,SL,2021-02-01,-39.41507436543767
AMZN,2021-01-27,2021-01-28,2021-02-02,1970.7537182718834,0.04,4,HIGH,TP,2021-02-02,78.83014873087534
JNJ,2021-01-29,2021-02-01,2021-02-02,1939.2847228985179,-0.02,4,HIGH,SL,2021-02-02,-38.78569445797036
JPM,2021-01-27,2021-01-28,2021-02-03,1970.7537182718834,0.04,3,MEDIUM,TP,2021-02-03,78.83014873087534
MSFT,2021-01-29,2021-02-01,2021-02-03,1907.941855763122,0.04,4,HIGH,TP,2021-02-03,76.31767423052489
ORCL,2021-01-28,2021-01-29,2021-02-05,1907.6895992871823,0.04,3,MEDIUM,TP,2021-02-05,76.30758397148729
AVGO,2021-02-03,2021-02-04,2021-02-11,1978.3231783453791,0.04,3,MEDIUM,TP,2021-02-11,79.13292713381517
NEE,2021-02-16,2021-02-17,2021-02-19,2009.4112805664395,-0.0200000000000001,3,MEDIUM,SL,2021-02-19,-40.188225611328996
AMZN,2021-02-19,2021-02-22,2021-02-23,2001.373635444174,-0.02,4,HIGH,SL,2021-02-23,-40.02747270888348
NKE,2021-02-19,2021-02-22,2021-02-22,2001.373635444174,-0.02,3,MEDIUM,SL,2021-02-23,-40.02747270888348
AVGO,2021-02-22,2021-02-23,2021-02-23,1985.3626463606206,-0.0200000000000001,5,HIGH,SL,2021-02-24,-39.707252927212615
NVDA,2021-02-22,2021-02-23,2021-02-23,1985.3626463606206,-0.02,5,HIGH,SL,2021-02-24,-39.707252927212416
BA,2021-02-22,2021-02-23,2021-02-23,1985.3626463606206,-0.02,4,HIGH,SL,2021-02-24,-39.707252927212416
LOW,2021-02-22,2021-02-23,2021-02-23,1985.3626463606206,-0.02,4,HIGH,SL,2021-02-24,-39.707252927212416
LOW,2021-02-23,2021-02-24,2021-02-24,1953.5968440188503,-0.02,4,HIGH,SL,2021-02-25,-39.07193688037701
CRM,2021-02-23,2021-02-24,2021-02-25,1953.5968440188503,-0.02,3,MEDIUM,SL,2021-02-25,-39.07193688037701
CRM,2021-02-25,2021-02-26,2021-02-26,1937.9680692666998,-0.02,3,MEDIUM,SL,2021-02-27,-38.759361385333996
MA,2021-02-25,2021-02-26,2021-02-26,1937.9680692666998,-0.02,3,MEDIUM,SL,2021-02-27,-38.759361385333996
MSFT,2021-02-22,2021-02-23,2021-03-02,1985.3626463606197,0.0153691154054815,4,HIGH,TIME,2021-03-02,30.51326763364852
BAC,2021-02-26,2021-03-01,2021-03-03,1922.464324712566,0.04,5,HIGH,TP,2021-03-03,76.89857298850264
CAT,2021-02-26,2021-03-01,2021-03-03,1875.9530910501658,-0.02,5,HIGH,SL,2021-03-03,-37.51906182100332
V,2021-02-25,2021-02-26,2021-03-04,1890.573492172779,-0.02,3,MEDIUM,SL,2021-03-04,-37.81146984345558
GOOGL,2021-02-25,2021-02-26,2021-03-05,1937.9680692666998,0.0330647528668703,3,MEDIUM,TIME,2021-03-05,64.07843527418922
AVGO,2021-03-03,2021-03-04,2021-03-04,1928.8805865041047,-0.02,4,HIGH,SL,2021-03-05,-38.5776117300821
MA,2021-03-04,2021-03-05,2021-03-05,1933.9807512129257,-0.02,4,HIGH,SL,2021-03-06,-38.67961502425852
BAC,2021-03-09,2021-03-10,2021-03-12,1926.244828208074,0.04,4,HIGH,TP,2021-03-12,77.04979312832296
DIS,2021-03-09,2021-03-10,2021-03-16,1926.244828208074,-0.02,3,MEDIUM,SL,2021-03-16,-38.52489656416148
META,2021-03-12,2021-03-15,2021-03-16,1941.6547868337389,0.04,3,MEDIUM,TP,2021-03-16,77.66619147334956
UPS,2021-03-15,2021-03-16,2021-03-18,1949.4830458155766,-0.02,5,HIGH,SL,2021-03-18,-38.989660916311536
BA,2021-03-18,2021-03-19,2021-03-19,1941.6851136323141,-0.02,4,HIGH,SL,2021-03-20,-38.833702272646285
MA,2021-03-18,2021-03-19,2021-03-19,1941.6851136323141,-0.02,4,HIGH,SL,2021-03-20,-38.833702272646285
PLD,2021-03-17,2021-03-18,2021-03-23,1941.6851136323141,0.04,3,MEDIUM,TP,2021-03-23,77.66740454529257
CAT,2021-03-19,2021-03-22,2021-03-23,1926.151632723256,-0.02,4,HIGH,SL,2021-03-23,-38.52303265446512
CAT,2021-03-23,2021-03-24,2021-03-25,1933.9805071014214,-0.0200000000000001,4,HIGH,SL,2021-03-25,-38.67961014202862
MA,2021-03-19,2021-03-22,2021-03-29,1926.151632723256,0.0195818491646375,3,MEDIUM,TIME,2021-03-29,37.71761074020704
JPM,2021-03-22,2021-03-23,2021-03-30,1933.9805071014214,0.0276061845861184,3,MEDIUM,TIME,2021-03-30,53.3898228649967
MS,2021-03-29,2021-03-30,2021-04-07,1944.4660717940562,0.0047032496469343,3,MEDIUM,TIME,2021-04-07,9.14530936564112
TSLA,2021-04-14,2021-04-15,2021-04-15,1946.2951336671847,-0.02,3,MEDIUM,SL,2021-04-16,-38.92590267334369
BAC,2021-04-15,2021-04-16,2021-04-20,1938.5099531325159,-0.0199999999999999,4,HIGH,SL,2021-04-20,-38.77019906265012
NFLX,2021-04-14,2021-04-15,2021-04-21,1946.2951336671847,-0.02,5,HIGH,SL,2021-04-21,-38.92590267334369
NVDA,2021-04-19,2021-04-20,2021-04-20,1930.755913319986,-0.02,4,HIGH,SL,2021-04-21,-38.61511826639972
TSLA,2021-04-19,2021-04-20,2021-04-21,1930.755913319986,-0.02,4,HIGH,SL,2021-04-21,-38.61511826639972
LOW,2021-04-19,2021-04-20,2021-04-22,1930.755913319986,-0.0199999999999999,4,HIGH,SL,2021-04-22,-38.61511826639953
GE,2021-04-20,2021-04-21,2021-04-22,1907.524685478757,0.04,4,HIGH,TP,2021-04-22,76.30098741915027
ORCL,2021-04-21,2021-04-22,2021-04-23,1915.0618593093075,-0.0199999999999999,5,HIGH,SL,2021-04-23,-38.30123718618596
GS,2021-04-20,2021-04-21,2021-04-26,1907.5246854787574,0.04,5,HIGH,TP,2021-04-26,76.3009874191503
CAT,2021-04-20,2021-04-21,2021-04-28,1907.5246854787574,0.0265268178046684,3,MEDIUM,TIME,2021-04-28,50.60055978960239
NEE,2021-04-21,2021-04-22,2021-04-28,1915.0618593093075,-0.02,5,HIGH,SL,2021-04-28,-38.30123718618615
ORCL,2021-04-22,2021-04-23,2021-04-30,1907.4016118720701,0.0201910273281566,5,HIGH,TIME,2021-04-30,38.51239807107891
PFE,2021-04-22,2021-04-23,2021-04-30,1899.495217221458,0.0005178311798734,5,HIGH,TIME,2021-04-30,0.9836178494976678
HON,2021-04-23,2021-04-26,2021-04-30,1922.6618093559002,-0.02,5,HIGH,SL,2021-04-30,-38.45323618711801
MSFT,2021-04-28,2021-04-29,2021-04-29,1925.1216738765834,-0.02,4,HIGH,SL,2021-04-30,-38.50243347753167
CAT,2021-04-29,2021-04-30,2021-05-05,1917.6297431277687,0.04,4,HIGH,TP,2021-05-05,76.70518972511076
XOM,2021-04-30,2021-05-03,2021-05-05,1917.6297431277687,0.04,4,HIGH,TP,2021-05-05,76.70518972511076
AMZN,2021-05-03,2021-05-04,2021-05-04,1917.6297431277687,-0.02,5,HIGH,SL,2021-05-05,-38.35259486255538
CRM,2021-05-03,2021-05-04,2021-05-04,1910.1378123789539,-0.0200000000000001,4,HIGH,SL,2021-05-05,-38.20275624757927
GE,2021-04-28,2021-04-29,2021-05-06,1925.1216738765834,0.0022762439640162,3,MEDIUM,TIME,2021-05-06,4.382046590158336
ADBE,2021-05-04,2021-05-05,2021-05-05,1933.0007487957862,-0.02,4,HIGH,SL,2021-05-06,-38.66001497591572
AMZN,2021-05-04,2021-05-05,2021-05-05,1933.0007487957862,-0.0199999999999999,3,MEDIUM,SL,2021-05-06,-38.66001497591553
NVDA,2021-05-04,2021-05-05,2021-05-05,1933.0007487957862,-0.02,3,MEDIUM,SL,2021-05-06,-38.66001497591572
AAPL,2021-05-04,2021-05-05,2021-05-11,1933.0007487957862,-0.02,4,HIGH,SL,2021-05-11,-38.66001497591572
MSFT,2021-05-10,2021-05-11,2021-05-12,1902.9491461330852,-0.02,3,MEDIUM,SL,2021-05-12,-38.058982922661706
PLD,2021-05-05,2021-05-06,2021-05-13,1910.6811491282683,0.0015000879942388,4,HIGH,TIME,2021-05-13,2.8661898526257095
GS,2021-05-11,2021-05-12,2021-05-12,1895.337349548553,-0.0199999999999999,5,HIGH,SL,2021-05-13,-37.90674699097087
HD,2021-05-11,2021-05-12,2021-05-12,1872.3817533843044,-0.0200000000000001,5,HIGH,SL,2021-05-13,-37.44763506768628
BLK,2021-05-12,2021-05-13,2021-05-14,1880.8397111073464,0.04,3,MEDIUM,TP,2021-05-14,75.23358844429386
DUK,2021-05-12,2021-05-13,2021-05-17,1880.8397111073464,0.04,3,MEDIUM,TP,2021-05-17,75.23358844429386
V,2021-05-10,2021-05-11,2021-05-18,1902.9491461330852,0.0096434061226271,4,HIGH,TIME,2021-05-18,18.350911446867805
CVX,2021-05-11,2021-05-12,2021-05-19,1895.3373495485525,-0.0200000000000001,5,HIGH,SL,2021-05-19,-37.90674699097124
LOW,2021-05-17,2021-05-18,2021-05-19,1914.6033287744376,-0.02,3,MEDIUM,SL,2021-05-19,-38.292066575488754
GOOGL,2021-05-12,2021-05-13,2021-05-20,1844.2326376404017,0.0363098983321723,3,MEDIUM,TIME,2021-05-20,66.96389957359693
CVX,2021-05-18,2021-05-19,2021-05-26,1899.3635660611458,0.0028898507200574,4,HIGH,TIME,2021-05-26,5.488877169032593
COP,2021-05-19,2021-05-20,2021-05-27,1912.756345975865,-0.0021563925841372,4,HIGH,TIME,2021-05-27,-4.1246535997237235
XOM,2021-05-19,2021-05-20,2021-05-27,1912.7563459758655,-0.0066156226290488,4,HIGH,TIME,2021-05-27,-12.654074166294631
ABBV,2021-05-27,2021-05-28,2021-06-02,1910.4983758564683,-0.02,4,HIGH,SL,2021-06-02,-38.209967517129364
GE,2021-05-28,2021-06-01,2021-06-03,1910.4983758564683,-0.02,3,MEDIUM,SL,2021-06-03,-38.209967517129364
COST,2021-05-28,2021-06-01,2021-06-08,1910.4983758564683,-0.0006054962471336,4,HIGH,TIME,2021-06-08,-1.1567995967359295
JNJ,2021-06-01,2021-06-02,2021-06-09,1902.8563823530421,0.0017541012303183,4,HIGH,TIME,2021-06-09,3.3378027214045005
AVGO,2021-06-07,2021-06-08,2021-06-15,1894.9830289302693,0.0057473281028119,5,HIGH,TIME,2021-06-15,10.891089216522552
GS,2021-06-10,2021-06-11,2021-06-15,1895.6505894745505,-0.02,5,HIGH,SL,2021-06-15,-37.91301178949101
ORCL,2021-06-10,2021-06-11,2021-06-16,1895.6505894745505,-0.0200000000000001,5,HIGH,SL,2021-06-16,-37.9130117894912
CVX,2021-06-17,2021-06-18,2021-06-18,1882.6636026020585,-0.02,4,HIGH,SL,2021-06-19,-37.653272052041174
GS,2021-06-17,2021-06-18,2021-06-18,1882.6636026020585,-0.02,4,HIGH,SL,2021-06-19,-37.653272052041174
MS,2021-06-17,2021-06-18,2021-06-18,1882.6636026020572,-0.0200000000000001,4,HIGH,SL,2021-06-19,-37.65327205204133
COP,2021-06-17,2021-06-18,2021-06-21,1882.6636026020585,0.04,5,HIGH,TP,2021-06-21,75.30654410408235
XOM,2021-06-17,2021-06-18,2021-06-22,1882.6636026020585,0.04,5,HIGH,TP,2021-06-22,75.30654410408235
COP,2021-06-18,2021-06-21,2021-06-22,1867.602293781242,0.04,3,MEDIUM,TP,2021-06-22,74.70409175124968
META,2021-06-18,2021-06-21,2021-06-24,1875.1329481916503,0.04,4,HIGH,TP,2021-06-24,75.00531792766601
AMD,2021-06-21,2021-06-22,2021-06-24,1905.1350753627169,0.04,3,MEDIUM,TP,2021-06-24,76.20540301450868
PEP,2021-06-18,2021-06-21,2021-06-28,1875.1329481916503,0.0088511552916112,4,HIGH,TIME,2021-06-28,16.597092916861037
PLD,2021-06-18,2021-06-21,2021-06-28,1875.1329481916503,0.0138379024307542,4,HIGH,TIME,2021-06-28,25.947906781768527
BA,2021-06-28,2021-06-29,2021-06-29,1943.8862194908777,-0.02,4,HIGH,SL,2021-06-30,-38.87772438981755
COP,2021-07-06,2021-07-07,2021-07-07,1936.110674612914,-0.02,4,HIGH,SL,2021-07-08,-38.72221349225828
BLK,2021-07-08,2021-07-09,2021-07-14,1928.3662319144623,-0.0199999999999999,5,HIGH,SL,2021-07-14,-38.56732463828905
NVDA,2021-07-08,2021-07-09,2021-07-15,1928.3662319144623,-0.02,4,HIGH,SL,2021-07-15,-38.56732463828925
BLK,2021-07-14,2021-07-15,2021-07-19,1912.939302059147,-0.0199999999999999,5,HIGH,SL,2021-07-19,-38.258786041182745
ORCL,2021-07-15,2021-07-16,2021-07-21,1912.939302059147,0.04,5,HIGH,TP,2021-07-21,76.51757208236587
CRM,2021-07-15,2021-07-16,2021-07-22,1912.939302059147,0.04,3,MEDIUM,TP,2021-07-22,76.51757208236587
LLY,2021-07-15,2021-07-16,2021-07-23,1912.939302059147,0.04,5,HIGH,TP,2021-07-23,76.51757208236587
AAPL,2021-07-19,2021-07-20,2021-07-26,1905.2875448509105,0.04,5,HIGH,TP,2021-07-26,76.21150179403642
V,2021-07-19,2021-07-20,2021-07-26,1882.3322732262006,0.04,5,HIGH,TP,2021-07-26,75.29329092904803
NFLX,2021-07-21,2021-07-22,2021-07-29,1935.894573683857,0.0079182950028071,4,HIGH,TIME,2021-07-29,15.328984328762267
LOW,2021-07-27,2021-07-28,2021-08-04,1981.499046644947,-0.0194661426139838,4,HIGH,TIME,2021-08-04,-38.572143031463476
MA,2021-08-02,2021-08-03,2021-08-03,1984.5648435106993,-0.02,4,HIGH,SL,2021-08-04,-39.69129687021399
V,2021-08-02,2021-08-03,2021-08-03,1984.564843510699,-0.02,4,HIGH,SL,2021-08-04,-39.69129687021398
ABBV,2021-07-30,2021-08-02,2021-08-05,1984.5648435106993,-0.02,4,HIGH,SL,2021-08-05,-39.69129687021399
AMD,2021-08-09,2021-08-10,2021-08-10,1953.035636782278,-0.02,4,HIGH,SL,2021-08-11,-39.06071273564556
UNH,2021-08-05,2021-08-06,2021-08-13,1953.035636782278,-0.0056796233837601,4,HIGH,TIME,2021-08-13,-11.092506871985425
PFE,2021-08-11,2021-08-12,2021-08-13,1945.223494235149,0.04,4,HIGH,TP,2021-08-13,77.80893976940597
TSLA,2021-08-17,2021-08-18,2021-08-23,1958.5667808146334,0.04,3,MEDIUM,TP,2021-08-23,78.34267123258533
PFE,2021-08-18,2021-08-19,2021-08-23,1958.5667808146334,0.04,3,MEDIUM,TP,2021-08-23,78.34267123258533
AAPL,2021-08-18,2021-08-19,2021-08-24,1958.5667808146334,0.04,4,HIGH,TP,2021-08-24,78.34267123258533
PFE,2021-08-24,2021-08-25,2021-08-25,2005.5723835541846,-0.0200000000000001,4,HIGH,SL,2021-08-26,-40.111447671083894
NEE,2021-08-23,2021-08-24,2021-08-31,2005.5723835541846,0.0017128654725766,5,HIGH,TIME,2021-08-31,3.4352756885431166
PLD,2021-09-09,2021-09-10,2021-09-14,1998.2371491576764,-0.02,5,HIGH,SL,2021-09-14,-39.96474298315353
AAPL,2021-09-10,2021-09-13,2021-09-14,1998.2371491576764,-0.02,4,HIGH,SL,2021-09-14,-39.96474298315353
ADBE,2021-09-13,2021-09-14,2021-09-20,1982.2512519644151,-0.0199999999999999,4,HIGH,SL,2021-09-20,-39.64502503928811
BAC,2021-09-14,2021-09-15,2021-09-20,1982.2512519644151,-0.02,4,HIGH,SL,2021-09-20,-39.645025039288306
MS,2021-09-14,2021-09-15,2021-09-20,1982.2512519644151,-0.0200000000000001,4,HIGH,SL,2021-09-20,-39.645025039288505
META,2021-09-17,2021-09-20,2021-09-20,1958.4642369408423,-0.02,4,HIGH,SL,2021-09-21,-39.16928473881685
COP,2021-09-20,2021-09-21,2021-09-22,1950.630379993079,0.04,5,HIGH,TP,2021-09-22,78.02521519972316
ADBE,2021-09-20,2021-09-21,2021-09-22,1950.630379993079,-0.02,4,HIGH,SL,2021-09-22,-39.01260759986158
NVDA,2021-09-20,2021-09-21,2021-09-21,1942.7965230453149,-0.02,4,HIGH,SL,2021-09-22,-38.8559304609063
NEE,2021-09-17,2021-09-20,2021-09-27,1958.4642369408423,-0.02,4,HIGH,SL,2021-09-27,-39.16928473881685
AVGO,2021-09-20,2021-09-21,2021-09-28,1950.630379993079,-0.0050051000342025,4,HIGH,TIME,2021-09-28,-9.763100181619796
HD,2021-09-28,2021-09-29,2021-10-01,1940.8752384367826,-0.02,4,HIGH,SL,2021-10-01,-38.81750476873565
AVGO,2021-09-28,2021-09-29,2021-10-01,1940.8752384367826,-0.0200000000000001,3,MEDIUM,SL,2021-10-01,-38.81750476873585
COST,2021-09-28,2021-09-29,2021-10-01,1940.8752384367826,-0.02,3,MEDIUM,SL,2021-10-01,-38.81750476873565
LOW,2021-09-28,2021-09-29,2021-10-01,1940.8752384367817,-0.0199999999999999,3,MEDIUM,SL,2021-10-01,-38.81750476873544
CRM,2021-09-28,2021-09-29,2021-10-04,1940.8752384367826,-0.0199999999999999,4,HIGH,SL,2021-10-04,-38.81750476873546
LOW,2021-09-30,2021-10-01,2021-10-08,1909.8212346217938,0.0119279014782707,4,HIGH,TIME,2021-10-08,22.78015952767807
JPM,2021-10-11,2021-10-12,2021-10-13,1906.6137655735824,-0.02,4,HIGH,SL,2021-10-13,-38.13227531147165
JPM,2021-10-13,2021-10-14,2021-10-18,1898.9873105112883,0.04,4,HIGH,TP,2021-10-18,75.95949242045154
NFLX,2021-10-20,2021-10-21,2021-10-22,1914.1792089953788,0.04,4,HIGH,TP,2021-10-22,76.56716835981516
UPS,2021-10-27,2021-10-28,2021-11-02,1929.492642667342,-0.0200000000000001,3,MEDIUM,SL,2021-11-02,-38.58985285334703
AMZN,2021-10-29,2021-11-01,2021-11-01,1929.492642667341,-0.02,5,HIGH,SL,2021-11-02,-38.58985285334682
LLY,2021-11-01,2021-11-02,2021-11-03,1867.7488781019856,0.04,4,HIGH,TP,2021-11-03,74.70995512407943
AVGO,2021-10-27,2021-10-28,2021-11-04,1929.492642667342,0.04,4,HIGH,TP,2021-11-04,77.17970570669368
GE,2021-10-27,2021-10-28,2021-11-04,1929.492642667342,0.0176032803139201,4,HIGH,TIME,2021-11-04,33.96539985251969
XOM,2021-10-27,2021-10-28,2021-11-04,1929.492642667342,0.0092447291133184,4,HIGH,TIME,2021-11-04,17.837636807600433
COP,2021-11-02,2021-11-03,2021-11-05,1928.9986925508188,0.04,3,MEDIUM,TP,2021-11-05,77.15994770203275
NFLX,2021-11-04,2021-11-05,2021-11-05,1970.227230564588,-0.02,5,HIGH,SL,2021-11-06,-39.40454461129176
GOOGL,2021-11-01,2021-11-02,2021-11-08,1914.056701526003,0.04,5,HIGH,TP,2021-11-08,76.56226806104013
BAC,2021-11-04,2021-11-05,2021-11-09,1970.227230564588,-0.02,5,HIGH,SL,2021-11-09,-39.40454461129176
GS,2021-11-04,2021-11-05,2021-11-09,1970.2272305645884,-0.02,5,HIGH,SL,2021-11-09,-39.40454461129177
LLY,2021-11-05,2021-11-08,2021-11-09,1977.6587752545377,-0.02,3,MEDIUM,SL,2021-11-09,-39.553175505090756
NKE,2021-11-08,2021-11-09,2021-11-10,1953.986322309003,-0.02,5,HIGH,SL,2021-11-10,-39.07972644618006
NFLX,2021-11-05,2021-11-08,2021-11-12,1977.6587752545377,0.04,4,HIGH,TP,2021-11-12,79.10635101018151
PEP,2021-11-08,2021-11-09,2021-11-16,1953.986322309003,0.0061610849361017,5,HIGH,TIME,2021-11-16,12.038675695726761
ADBE,2021-11-10,2021-11-11,2021-11-18,1946.1703770197666,0.04,5,HIGH,TP,2021-11-18,77.84681508079066
CRM,2021-11-10,2021-11-11,2021-11-18,1946.1703770197666,0.0049420852404848,5,HIGH,TIME,2021-11-18,9.618139895738128
NKE,2021-11-10,2021-11-11,2021-11-18,1906.8660334957601,0.0103183928890939,5,HIGH,TIME,2021-11-18,19.675792920477342
BA,2021-11-16,2021-11-17,2021-11-17,1964.3993823609483,-0.02,4,HIGH,SL,2021-11-18,-39.28798764721897
MA,2021-11-17,2021-11-18,2021-11-18,1977.969934410906,-0.0199999999999999,5,HIGH,SL,2021-11-19,-39.559398688217925
NVDA,2021-11-17,2021-11-18,2021-11-18,1977.969934410906,-0.02,3,MEDIUM,SL,2021-11-19,-39.559398688218124
CVX,2021-11-19,2021-11-22,2021-11-23,1962.146174935619,0.04,4,HIGH,TP,2021-11-23,78.48584699742476
ADBE,2021-11-22,2021-11-23,2021-11-23,1977.843344335104,-0.0200000000000001,3,MEDIUM,SL,2021-11-24,-39.55686688670228
MRK,2021-11-19,2021-11-22,2021-11-26,1962.146174935619,-0.0200000000000001,4,HIGH,SL,2021-11-26,-39.24292349871258
AMZN,2021-11-22,2021-11-23,2021-11-26,1977.843344335104,-0.02,4,HIGH,SL,2021-11-26,-39.55686688670208
UNH,2021-11-19,2021-11-22,2021-11-30,1962.146174935619,0.0031614331484044,4,HIGH,TIME,2021-11-30,6.203193959456364
BAC,2021-11-26,2021-11-29,2021-11-29,1954.1720128806808,-0.0200000000000001,3,MEDIUM,SL,2021-11-30,-39.083440257613816
CVX,2021-11-26,2021-11-29,2021-11-30,1922.5265193713187,-0.02,3,MEDIUM,SL,2021-11-30,-38.450530387426376
AVGO,2021-11-22,2021-11-23,2021-12-01,1977.843344335104,0.0042360221469577,5,HIGH,TIME,2021-12-01,8.378188209816384
LLY,2021-11-29,2021-11-30,2021-11-30,1939.905857543564,-0.02,4,HIGH,SL,2021-12-01,-38.798117150871285
PFE,2021-11-29,2021-11-30,2021-11-30,1939.905857543564,0.04,3,MEDIUM,TP,2021-12-01,77.59623430174257
COST,2021-11-30,2021-12-01,2021-12-01,1949.3411186157014,-0.02,5,HIGH,SL,2021-12-02,-38.98682237231403
BLK,2021-11-30,2021-12-01,2021-12-01,1949.3411186157014,-0.02,4,HIGH,SL,2021-12-02,-38.98682237231403
PLD,2021-11-26,2021-11-29,2021-12-03,1954.1720128806808,0.04,4,HIGH,TP,2021-12-03,78.16688051522723
LLY,2021-11-30,2021-12-01,2021-12-03,1944.5102243507217,-0.02,4,HIGH,SL,2021-12-03,-38.89020448701444
NEE,2021-11-30,2021-12-01,2021-12-07,1949.3411186157014,0.04,5,HIGH,TP,2021-12-07,77.97364474462806
AMD,2021-12-06,2021-12-07,2021-12-07,1957.1964538213442,-0.0199999999999999,3,MEDIUM,SL,2021-12-08,-39.14392907642669
NVDA,2021-12-06,2021-12-07,2021-12-07,1957.1964538213442,0.04,3,MEDIUM,TP,2021-12-08,78.28785815285377
AAPL,2021-12-13,2021-12-14,2021-12-16,1965.0252396366295,-0.02,3,MEDIUM,SL,2021-12-16,-39.30050479273259
MSFT,2021-12-14,2021-12-15,2021-12-17,1965.0252396366295,-0.02,4,HIGH,SL,2021-12-17,-39.30050479273259
HD,2021-12-16,2021-12-17,2021-12-17,1933.5848358024423,-0.02,3,MEDIUM,SL,2021-12-18,-38.67169671604885
AVGO,2021-12-16,2021-12-17,2021-12-20,1949.3050377195364,0.04,4,HIGH,TP,2021-12-20,77.97220150878145
COST,2021-12-14,2021-12-15,2021-12-22,1965.0252396366295,0.0063343361772194,3,MEDIUM,TIME,2021-12-22,12.447130464579523
AAPL,2021-12-16,2021-12-17,2021-12-23,1949.3050377195364,0.04,5,HIGH,TP,2021-12-23,77.97220150878145
MSFT,2021-12-16,2021-12-17,2021-12-23,1949.3050377195364,0.04,4,HIGH,TP,2021-12-23,77.97220150878145
JNJ,2021-12-17,2021-12-20,2021-12-28,1957.1651386780825,0.0151362787864601,5,HIGH,TIME,2021-12-28,29.624197170172298
PEP,2021-12-17,2021-12-20,2021-12-28,1957.1651386780825,0.0311080989843399,5,HIGH,TIME,2021-12-28,60.88368686269711
PFE,2021-12-21,2021-12-22,2021-12-28,1959.6545647709988,-0.02,4,HIGH,SL,2021-12-28,-39.193091295419975
AMT,2022-01-03,2022-01-04,2022-01-05,2001.1064039220012,-0.02,5,HIGH,SL,2022-01-05,-40.022128078440026
PLD,2022-01-03,2022-01-04,2022-01-04,2001.1064039220012,-0.02,5,HIGH,SL,2022-01-05,-40.022128078440026
UNH,2022-01-04,2022-01-05,2022-01-06,1985.0975526906252,-0.02,5,HIGH,SL,2022-01-06,-39.70195105381251
AMD,2022-01-04,2022-01-05,2022-01-05,1985.0975526906252,-0.0200000000000001,4,HIGH,SL,2022-01-06,-39.70195105381271
PLD,2022-01-04,2022-01-05,2022-01-05,1985.0975526906252,-0.02,4,HIGH,SL,2022-01-06,-39.70195105381251
PFE,2022-01-04,2022-01-05,2022-01-06,1985.0975526906252,-0.02,3,MEDIUM,SL,2022-01-06,-39.70195105381251
COST,2022-01-05,2022-01-06,2022-01-07,1953.3359918475753,-0.02,4,HIGH,SL,2022-01-07,-39.066719836951506
MS,2022-01-05,2022-01-06,2022-01-06,1953.3359918475753,-0.02,4,HIGH,SL,2022-01-07,-39.066719836951506
GS,2022-01-05,2022-01-06,2022-01-06,1953.3359918475753,-0.02,3,MEDIUM,SL,2022-01-07,-39.066719836951506
PLD,2022-01-05,2022-01-06,2022-01-07,1953.3359918475753,-0.02,3,MEDIUM,SL,2022-01-07,-39.066719836951506
LOW,2022-01-07,2022-01-10,2022-01-10,1922.082615978014,-0.02,4,HIGH,SL,2022-01-11,-38.44165231956028
V,2022-01-10,2022-01-11,2022-01-13,1914.3942855141022,0.04,4,HIGH,TP,2022-01-13,76.5757714205641
UPS,2022-01-10,2022-01-11,2022-01-14,1914.3942855141022,-0.02,5,HIGH,SL,2022-01-14,-38.28788571028205
MS,2022-01-12,2022-01-13,2022-01-14,1929.7094397982146,-0.02,5,HIGH,SL,2022-01-14,-38.59418879596429
BAC,2022-01-18,2022-01-19,2022-01-19,1914.3330248969655,-0.02,4,HIGH,SL,2022-01-20,-38.28666049793931
BA,2022-01-19,2022-01-20,2022-01-21,1906.6756927973777,-0.02,5,HIGH,SL,2022-01-21,-38.133513855947555
CAT,2022-01-19,2022-01-20,2022-01-20,1906.6756927973781,-0.02,5,HIGH,SL,2022-01-21,-38.13351385594756
GE,2022-01-19,2022-01-20,2022-01-20,1906.6756927973781,-0.02,4,HIGH,SL,2022-01-21,-38.13351385594756
CAT,2022-01-20,2022-01-21,2022-01-21,1883.7955844838093,-0.0200000000000001,4,HIGH,SL,2022-01-22,-37.675911689676376
COP,2022-01-21,2022-01-24,2022-01-24,1876.2604021458737,-0.02,5,HIGH,SL,2022-01-25,-37.52520804291748
MA,2022-01-21,2022-01-24,2022-01-24,1876.2604021458737,-0.02,3,MEDIUM,SL,2022-01-25,-37.52520804291748
DUK,2022-01-18,2022-01-19,2022-01-26,1914.3330248969655,0.0006870086825339,4,HIGH,TIME,2022-01-26,1.3151634093655997
CVX,2022-01-28,2022-01-31,2022-02-01,1861.5133516105802,0.04,5,HIGH,TP,2022-02-01,74.46053406442321
MRK,2022-02-03,2022-02-04,2022-02-08,1876.4054584234648,-0.02,3,MEDIUM,SL,2022-02-08,-37.5281091684693
MA,2022-02-04,2022-02-07,2022-02-07,1876.4054584234648,-0.02,4,HIGH,SL,2022-02-08,-37.5281091684693
XOM,2022-02-08,2022-02-09,2022-02-10,1861.3942147560772,-0.02,3,MEDIUM,SL,2022-02-10,-37.22788429512155
BAC,2022-02-11,2022-02-14,2022-02-14,1853.9486378970528,-0.02,4,HIGH,SL,2022-02-15,-37.07897275794106
BA,2022-02-11,2022-02-14,2022-02-18,1853.9486378970528,-0.0199999999999999,4,HIGH,SL,2022-02-18,-37.07897275794087
COP,2022-02-22,2022-02-23,2022-02-24,1839.1170487938766,-0.02,3,MEDIUM,SL,2022-02-24,-36.78234097587753
KO,2022-03-07,2022-03-08,2022-03-08,1831.7605805987014,-0.02,3,MEDIUM,SL,2022-03-09,-36.63521161197403
COP,2022-03-08,2022-03-09,2022-03-09,1824.4335382763065,-0.02,3,MEDIUM,SL,2022-03-10,-36.48867076552613
NEE,2022-03-08,2022-03-09,2022-03-09,1824.4335382763065,-0.02,3,MEDIUM,SL,2022-03-10,-36.48867076552613
COP,2022-03-09,2022-03-10,2022-03-14,1809.838069970096,-0.02,4,HIGH,SL,2022-03-14,-36.19676139940192
JNJ,2022-03-08,2022-03-09,2022-03-16,1824.4335382763065,0.04,3,MEDIUM,TP,2022-03-16,72.97734153105226
NVDA,2022-03-23,2022-03-24,2022-03-24,1817.194185996426,0.04,4,HIGH,TP,2022-03-25,72.68776743985704
COP,2022-03-29,2022-03-30,2022-04-01,1831.7317394843974,-0.02,4,HIGH,SL,2022-04-01,-36.63463478968795
UPS,2022-03-31,2022-04-01,2022-04-01,1824.4048125264596,-0.02,5,HIGH,SL,2022-04-02,-36.488096250529196
UNH,2022-03-31,2022-04-01,2022-04-06,1824.4048125264596,0.04,5,HIGH,TP,2022-04-06,72.97619250105839
GOOGL,2022-03-31,2022-04-01,2022-04-06,1824.4048125264596,-0.02,4,HIGH,SL,2022-04-06,-36.488096250529196
V,2022-04-06,2022-04-07,2022-04-07,1824.4048125264592,-0.02,5,HIGH,SL,2022-04-08,-36.48809625052918
AMZN,2022-04-06,2022-04-07,2022-04-07,1824.4048125264592,-0.0200000000000001,4,HIGH,SL,2022-04-08,-36.48809625052937
GOOGL,2022-04-06,2022-04-07,2022-04-08,1824.4048125264592,-0.02,4,HIGH,SL,2022-04-08,-36.48809625052918
MSFT,2022-04-06,2022-04-07,2022-04-11,1824.4048125264592,-0.0200000000000001,4,HIGH,SL,2022-04-11,-36.48809625052937
CAT,2022-04-05,2022-04-06,2022-04-13,1824.4048125264592,0.0146430674545252,3,MEDIUM,TIME,2022-04-13,26.71488273418534
ABBV,2022-04-11,2022-04-12,2022-04-13,1795.2143355260357,-0.02,4,HIGH,SL,2022-04-13,-35.904286710520715
COST,2022-04-11,2022-04-12,2022-04-20,1795.214335526036,0.0287032948313024,5,HIGH,TIME,2022-04-20,51.52856635798444
COST,2022-04-22,2022-04-25,2022-04-25,1803.6821680023656,-0.0200000000000001,3,MEDIUM,SL,2022-04-26,-36.0736433600475
LLY,2022-04-22,2022-04-25,2022-04-26,1803.6821680023656,0.04,3,MEDIUM,TP,2022-04-26,72.14728672009463
XOM,2022-04-22,2022-04-25,2022-04-25,1803.6821680023643,-0.02,3,MEDIUM,SL,2022-04-26,-36.073643360047285
HON,2022-04-22,2022-04-25,2022-04-27,1803.6821680023656,-0.02,3,MEDIUM,SL,2022-04-27,-36.07364336004731
UNH,2022-04-22,2022-04-25,2022-04-27,1803.6821680023656,-0.02,3,MEDIUM,SL,2022-04-27,-36.07364336004731
KO,2022-04-29,2022-05-02,2022-05-02,1789.2527106583466,-0.02,4,HIGH,SL,2022-05-03,-35.78505421316693
DUK,2022-04-29,2022-05-02,2022-05-02,1789.2527106583466,-0.02,3,MEDIUM,SL,2022-05-03,-35.78505421316693
PEP,2022-04-29,2022-05-02,2022-05-02,1789.2527106583466,-0.02,3,MEDIUM,SL,2022-05-03,-35.78505421316693
HON,2022-05-05,2022-05-06,2022-05-06,1767.7816781304464,-0.02,3,MEDIUM,SL,2022-05-07,-35.35563356260893
PEP,2022-05-02,2022-05-03,2022-05-10,1767.7816781304464,0.0138939566900275,4,HIGH,TIME,2022-05-10,24.561482073368555
WMT,2022-05-06,2022-05-09,2022-05-16,1760.7105514179248,-0.0017511639237653,4,HIGH,TIME,2022-05-16,-3.083292797835978
LLY,2022-05-31,2022-06-01,2022-06-01,1765.0061892730312,-0.02,3,MEDIUM,SL,2022-06-02,-35.30012378546063
LLY,2022-06-02,2022-06-03,2022-06-06,1757.946164515939,0.04,4,HIGH,TP,2022-06-06,70.31784658063756
CVX,2022-05-31,2022-06-01,2022-06-08,1765.0061892730312,0.0248967399928947,4,HIGH,TIME,2022-06-08,43.94290018018055
CAT,2022-06-09,2022-06-10,2022-06-10,1780.7983138681027,-0.02,3,MEDIUM,SL,2022-06-11,-35.615966277362055
XOM,2022-06-16,2022-06-17,2022-06-17,1773.67512061263,-0.02,3,MEDIUM,SL,2022-06-18,-35.4735024122526
MRK,2022-06-28,2022-06-29,2022-07-01,1766.5804201301796,-0.02,4,HIGH,SL,2022-07-01,-35.33160840260359
UPS,2022-07-12,2022-07-13,2022-07-19,1759.514098449659,0.04,4,HIGH,TP,2022-07-19,70.38056393798637
ABBV,2022-07-18,2022-07-19,2022-07-21,1773.5902112372562,-0.02,4,HIGH,SL,2022-07-21,-35.47180422474513
AAPL,2022-07-18,2022-07-19,2022-07-21,1773.5902112372562,0.04,3,MEDIUM,TP,2022-07-21,70.94360844949026
UNH,2022-07-20,2022-07-21,2022-07-28,1780.6845720822055,0.04,4,HIGH,TP,2022-07-28,71.22738288328821
COST,2022-07-26,2022-07-27,2022-07-28,1780.6845720822055,0.04,5,HIGH,TP,2022-07-28,71.22738288328821
LOW,2022-07-26,2022-07-27,2022-07-27,1780.6845720822055,-0.02,5,HIGH,SL,2022-07-28,-35.61369144164411
UPS,2022-07-26,2022-07-27,2022-07-29,1780.684572082205,0.04,4,HIGH,TP,2022-07-29,71.2273828832882
LOW,2022-08-02,2022-08-03,2022-08-04,1816.2982635238495,0.04,5,HIGH,TP,2022-08-04,72.65193054095398
V,2022-08-02,2022-08-03,2022-08-08,1816.2982635238495,0.04,3,MEDIUM,TP,2022-08-08,72.65193054095398
BA,2022-08-02,2022-08-03,2022-08-10,1816.2982635238495,0.04,3,MEDIUM,TP,2022-08-10,72.65193054095398
WMT,2022-08-04,2022-08-05,2022-08-11,1830.8286496320407,0.04,4,HIGH,TP,2022-08-11,73.23314598528162
NVDA,2022-08-09,2022-08-10,2022-08-10,1859.8894218484218,-0.0200000000000001,3,MEDIUM,SL,2022-08-11,-37.19778843696862
LOW,2022-08-09,2022-08-10,2022-08-15,1859.8894218484218,0.04,5,HIGH,TP,2022-08-15,74.39557687393688
AVGO,2022-08-09,2022-08-10,2022-08-17,1859.8894218484218,-0.02,5,HIGH,SL,2022-08-17,-37.19778843696844
CRM,2022-08-09,2022-08-10,2022-08-17,1859.8894218484218,-0.001062944611885,5,HIGH,TIME,2022-08-17,-1.9769594396556878
AVGO,2022-08-17,2022-08-18,2022-08-22,1874.140659157547,-0.0199999999999999,4,HIGH,SL,2022-08-22,-37.48281318315075
CRM,2022-08-19,2022-08-22,2022-08-22,1866.6440965209167,-0.0200000000000001,3,MEDIUM,SL,2022-08-23,-37.33288193041852
BAC,2022-08-19,2022-08-22,2022-08-24,1866.6440965209167,-0.02,5,HIGH,SL,2022-08-24,-37.33288193041834
NKE,2022-08-19,2022-08-22,2022-08-26,1866.6440965209167,-0.0199999999999999,4,HIGH,SL,2022-08-26,-37.33288193041815
AAPL,2022-08-22,2022-08-23,2022-08-26,1859.177520134833,-0.02,4,HIGH,SL,2022-08-26,-37.18355040269666
AVGO,2022-08-22,2022-08-23,2022-08-26,1836.7777909765816,-0.02,3,MEDIUM,SL,2022-08-26,-36.73555581953163
JPM,2022-08-19,2022-08-22,2022-08-29,1866.6440965209167,-0.02,5,HIGH,SL,2022-08-29,-37.33288193041834
AAPL,2022-08-26,2022-08-29,2022-08-30,1821.9939697321363,-0.02,3,MEDIUM,SL,2022-08-30,-36.43987939464272
BAC,2022-08-26,2022-08-29,2022-09-01,1821.9939697321363,-0.02,3,MEDIUM,SL,2022-09-01,-36.43987939464272
HON,2022-08-26,2022-08-29,2022-09-01,1821.9939697321367,-0.0199999999999999,3,MEDIUM,SL,2022-09-01,-36.43987939464255
KO,2022-08-26,2022-08-29,2022-09-01,1821.9939697321363,-0.02,3,MEDIUM,SL,2022-09-01,-36.43987939464272
CVX,2022-08-30,2022-08-31,2022-09-01,1785.5540903374936,-0.02,5,HIGH,SL,2022-09-01,-35.711081806749874
COST,2022-08-26,2022-08-29,2022-09-02,1821.9939697321363,-0.02,3,MEDIUM,SL,2022-09-02,-36.43987939464272
GE,2022-08-31,2022-09-01,2022-09-01,1785.6998498550722,-0.02,3,MEDIUM,SL,2022-09-02,-35.71399699710145
NFLX,2022-09-06,2022-09-07,2022-09-07,1771.2690745767236,0.04,3,MEDIUM,TP,2022-09-08,70.85076298306895
HON,2022-09-02,2022-09-06,2022-09-13,1771.2690745767236,-0.0113837036863712,4,HIGH,TIME,2022-09-13,-20.163602293814353
DUK,2022-09-13,2022-09-14,2022-09-15,1781.4065067145746,-0.02,3,MEDIUM,SL,2022-09-15,-35.62813013429149
DIS,2022-09-13,2022-09-14,2022-09-16,1781.4065067145746,-0.02,3,MEDIUM,SL,2022-09-16,-35.62813013429149
MS,2022-09-13,2022-09-14,2022-09-16,1781.4065067145737,-0.0199999999999999,3,MEDIUM,SL,2022-09-16,-35.6281301342913
XOM,2022-09-15,2022-09-16,2022-09-16,1760.0296286339997,-0.0199999999999999,3,MEDIUM,SL,2022-09-17,-35.20059257267982
BAC,2022-09-13,2022-09-14,2022-09-21,1781.4065067145746,-0.02,3,MEDIUM,SL,2022-09-21,-35.62813013429149
JPM,2022-09-13,2022-09-14,2022-09-21,1781.406506714574,-0.02,3,MEDIUM,SL,2022-09-21,-35.62813013429148
COP,2022-09-16,2022-09-19,2022-09-21,1752.9895101194634,0.04,3,MEDIUM,TP,2022-09-21,70.11958040477853
NEE,2022-09-15,2022-09-16,2022-09-22,1760.0296286339997,-0.02,4,HIGH,SL,2022-09-22,-35.200592572679994
CVX,2022-09-16,2022-09-19,2022-09-23,1689.115398414705,-0.02,3,MEDIUM,SL,2022-09-23,-33.7823079682941
TSLA,2022-09-21,2022-09-22,2022-09-22,1745.7220556321663,-0.02,4,HIGH,SL,2022-09-23,-34.914441112643324
LLY,2022-09-30,2022-10-03,2022-10-03,1731.982705815979,-0.0200000000000001,3,MEDIUM,SL,2022-10-04,-34.639654116319754
BLK,2022-10-31,2022-11-01,2022-11-02,1725.0547749927152,-0.0199999999999999,3,MEDIUM,SL,2022-11-02,-34.50109549985413
BLK,2022-11-02,2022-11-03,2022-11-04,1718.1545558927444,0.04,3,MEDIUM,TP,2022-11-04,68.72618223570977
HD,2022-11-02,2022-11-03,2022-11-04,1718.1545558927444,-0.02,3,MEDIUM,SL,2022-11-04,-34.363091117854886
XOM,2022-11-02,2022-11-03,2022-11-04,1711.2543367927722,0.04,3,MEDIUM,TP,2022-11-04,68.45017347171088
ABBV,2022-10-28,2022-10-31,2022-11-07,1725.0547749927152,0.0201834511042207,5,HIGH,TIME,2022-11-07,34.81755870316791
LLY,2022-11-01,2022-11-02,2022-11-08,1718.1545558927444,0.04,4,HIGH,TP,2022-11-08,68.72618223570977
V,2022-11-03,2022-11-04,2022-11-10,1738.7172088106574,0.04,5,HIGH,TP,2022-11-10,69.5486883524263
HD,2022-11-14,2022-11-15,2022-11-15,1773.3356946689182,0.04,3,MEDIUM,TP,2022-11-16,70.93342778675672
MRK,2022-11-11,2022-11-14,2022-11-18,1773.3356946689182,0.04,4,HIGH,TP,2022-11-18,70.93342778675672
PEP,2022-11-11,2022-11-14,2022-11-21,1773.3356946689182,0.0344210597456553,5,HIGH,TIME,2022-11-21,61.04009389530198
JNJ,2022-11-11,2022-11-14,2022-11-21,1773.3356946689182,0.04,4,HIGH,TP,2022-11-21,70.93342778675672
WMT,2022-11-14,2022-11-15,2022-11-21,1773.3356946689182,0.04,4,HIGH,TP,2022-11-21,70.93342778675672
AVGO,2022-11-16,2022-11-17,2022-11-22,1787.5223802262697,0.04,4,HIGH,TP,2022-11-22,71.50089520905078
NEE,2022-11-17,2022-11-18,2022-11-28,1801.7090657836209,0.0107523006152294,3,MEDIUM,TIME,2022-11-28,19.372517496489614
COP,2022-11-23,2022-11-25,2022-11-28,1856.5906347191944,-0.02,3,MEDIUM,SL,2022-11-28,-37.13181269438389
V,2022-11-21,2022-11-22,2022-11-30,1856.5906347191944,0.04,4,HIGH,TP,2022-11-30,74.26362538876778
BAC,2022-11-28,2022-11-29,2022-11-30,1853.0387756796154,-0.0200000000000001,4,HIGH,SL,2022-11-30,-37.060775513592496
HD,2022-11-28,2022-11-29,2022-12-01,1853.0387756796154,0.04,4,HIGH,TP,2022-12-01,74.12155102718462
CVX,2022-11-28,2022-11-29,2022-12-05,1853.0387756796154,-0.02,4,HIGH,SL,2022-12-05,-37.06077551359231
XOM,2022-11-28,2022-11-29,2022-12-05,1849.4869166400367,-0.02,4,HIGH,SL,2022-12-05,-36.989738332800734
BAC,2022-12-01,2022-12-02,2022-12-05,1875.3036558600875,-0.02,4,HIGH,SL,2022-12-05,-37.50607311720175
MS,2022-12-05,2022-12-06,2022-12-06,1852.9923384673687,-0.02,5,HIGH,SL,2022-12-07,-37.059846769347374
JPM,2022-12-05,2022-12-06,2022-12-06,1852.9923384673687,-0.02,4,HIGH,SL,2022-12-07,-37.059846769347374
XOM,2022-12-05,2022-12-06,2022-12-06,1852.9923384673687,-0.02,4,HIGH,SL,2022-12-07,-37.059846769347374
CVX,2022-12-05,2022-12-06,2022-12-06,1852.992338467369,-0.0200000000000001,3,MEDIUM,SL,2022-12-07,-37.05984676934757
PFE,2022-12-06,2022-12-07,2022-12-08,1823.344461051891,0.04,5,HIGH,TP,2022-12-08,72.93377844207563
BA,2022-12-06,2022-12-07,2022-12-08,1823.344461051891,0.04,4,HIGH,TP,2022-12-08,72.93377844207563
MS,2022-12-06,2022-12-07,2022-12-12,1823.344461051891,0.04,4,HIGH,TP,2022-12-12,72.93377844207563
UPS,2022-12-06,2022-12-07,2022-12-12,1823.344461051891,0.04,4,HIGH,TP,2022-12-12,72.93377844207563
GS,2022-12-06,2022-12-07,2022-12-13,1823.344461051891,0.04,4,HIGH,TP,2022-12-13,72.93377844207563
GE,2022-12-09,2022-12-12,2022-12-15,1881.6914838055513,-0.0200000000000001,4,HIGH,SL,2022-12-15,-37.63382967611122
WMT,2022-12-09,2022-12-12,2022-12-16,1881.6914838055513,-0.02,4,HIGH,SL,2022-12-16,-37.63382967611103
MS,2022-12-14,2022-12-15,2022-12-15,1888.7514735587445,-0.0200000000000001,3,MEDIUM,SL,2022-12-16,-37.77502947117508
MSFT,2022-12-15,2022-12-16,2022-12-16,1873.6697017292872,-0.02,4,HIGH,SL,2022-12-17,-37.473394034585745
ADBE,2022-12-15,2022-12-16,2022-12-16,1873.6697017292872,-0.0200000000000001,3,MEDIUM,SL,2022-12-17,-37.47339403458594
LLY,2022-12-13,2022-12-14,2022-12-21,1896.2782394939663,0.0250689068493272,4,HIGH,TIME,2022-12-21,47.53762254628042
GS,2022-12-15,2022-12-16,2022-12-23,1873.6697017292872,0.0012460756817567,3,MEDIUM,TIME,2022-12-23,2.3347342509691944
HON,2022-12-15,2022-12-16,2022-12-23,1851.0611639646067,0.0314441872197364,3,MEDIUM,TIME,2022-12-23,58.20511379488627
DUK,2022-12-16,2022-12-19,2022-12-27,1858.6803441154527,0.03535400073908,5,HIGH,TIME,2022-12-27,65.71178625957118
MCD,2022-12-16,2022-12-19,2022-12-27,1813.71227127395,0.0022159176387985,4,HIGH,TIME,2022-12-27,4.019037013621236
PFE,2023-01-04,2023-01-05,2023-01-09,1894.2420028885183,-0.0199999999999999,4,HIGH,SL,2023-01-09,-37.88484005777018
BLK,2023-01-05,2023-01-06,2023-01-09,1894.2420028885183,0.04,4,HIGH,TP,2023-01-09,75.76968011554074
ABBV,2023-01-09,2023-01-10,2023-01-10,1901.8189709000726,-0.0200000000000001,4,HIGH,SL,2023-01-11,-38.036379418001644
JNJ,2023-01-09,2023-01-10,2023-01-11,1901.8189709000726,-0.02,4,HIGH,SL,2023-01-11,-38.03637941800145
BA,2023-01-09,2023-01-10,2023-01-12,1901.8189709000726,0.04,3,MEDIUM,TP,2023-01-12,76.0727588360029
MRK,2023-01-09,2023-01-10,2023-01-18,1901.8189709000726,-0.0160094403886607,4,HIGH,TIME,2023-01-18,-30.447057444648753
AMT,2023-01-18,2023-01-19,2023-01-20,1895.7295594111429,-0.0199999999999999,4,HIGH,SL,2023-01-20,-37.914591188222666
NEE,2023-01-18,2023-01-19,2023-01-19,1895.7295594111429,-0.0200000000000001,4,HIGH,SL,2023-01-20,-37.91459118822305
GE,2023-01-19,2023-01-20,2023-01-20,1880.5637229358538,-0.02,5,HIGH,SL,2023-01-21,-37.61127445871708
XOM,2023-01-18,2023-01-19,2023-01-23,1895.7295594111429,0.04,4,HIGH,TP,2023-01-23,75.82918237644571
NFLX,2023-01-19,2023-01-20,2023-01-23,1850.2320499852747,0.04,4,HIGH,TP,2023-01-23,74.00928199941099
CAT,2023-01-19,2023-01-20,2023-01-24,1880.5637229358538,0.04,5,HIGH,TP,2023-01-24,75.22254891743415
JPM,2023-01-18,2023-01-19,2023-01-26,1895.7295594111429,0.0344366620395988,5,HIGH,TIME,2023-01-26,65.28259815591906
GOOGL,2023-01-24,2023-01-25,2023-01-27,1918.0536707027686,0.04,3,MEDIUM,TP,2023-01-27,76.72214682811075
COP,2023-01-30,2023-01-31,2023-02-01,1946.4546196995743,-0.02,3,MEDIUM,SL,2023-02-01,-38.92909239399149
META,2023-01-30,2023-01-31,2023-02-02,1946.4546196995743,0.04,3,MEDIUM,TP,2023-02-02,77.85818478798298
CAT,2023-01-31,2023-02-01,2023-02-01,1938.668801220776,-0.02,5,HIGH,SL,2023-02-02,-38.77337602441552
GOOGL,2023-02-03,2023-02-06,2023-02-07,1946.4857629734888,0.04,3,MEDIUM,TP,2023-02-07,77.85943051893956
DIS,2023-02-03,2023-02-06,2023-02-09,1946.4857629734897,0.04,3,MEDIUM,TP,2023-02-09,77.85943051893959
XOM,2023-02-02,2023-02-03,2023-02-10,1946.4857629734897,0.04,3,MEDIUM,TP,2023-02-10,77.85943051893959
ADBE,2023-02-03,2023-02-06,2023-02-10,1946.4857629734897,-0.02,4,HIGH,SL,2023-02-10,-38.929715259469795
AMT,2023-02-03,2023-02-06,2023-02-10,1946.4857629734897,-0.02,3,MEDIUM,SL,2023-02-10,-38.929715259469795
DIS,2023-02-10,2023-02-13,2023-02-14,1977.6295351810652,-0.02,4,HIGH,SL,2023-02-14,-39.552590703621306
COST,2023-02-08,2023-02-09,2023-02-16,1977.6295351810652,-0.0023551324776321,5,HIGH,TIME,2023-02-16,-4.657579547029401
CRM,2023-02-10,2023-02-13,2023-02-17,1977.6295351810656,-0.0200000000000001,5,HIGH,SL,2023-02-17,-39.55259070362151
ADBE,2023-02-16,2023-02-17,2023-02-17,1960.8769829902112,-0.02,3,MEDIUM,SL,2023-02-18,-39.217539659804224
ADBE,2023-02-17,2023-02-21,2023-02-24,1953.0334750582501,-0.02,3,MEDIUM,SL,2023-02-24,-39.060669501165
WMT,2023-02-22,2023-02-23,2023-02-23,1953.0334750582501,-0.0199999999999999,5,HIGH,SL,2023-02-24,-39.06066950116481
XOM,2023-02-17,2023-02-21,2023-02-28,1953.0334750582501,-0.0081220451539225,4,HIGH,TIME,2023-02-28,-15.862626071545279
AVGO,2023-02-21,2023-02-22,2023-03-01,1953.0334750582501,0.0194418172805288,3,MEDIUM,TIME,2023-03-01,37.9705199648387
BAC,2023-02-21,2023-02-22,2023-03-01,1953.0334750582506,-0.006402787988784,3,MEDIUM,TIME,2023-03-01,-12.504859275796044
CRM,2023-03-10,2023-03-13,2023-03-14,1939.3298141812838,0.04,4,HIGH,TP,2023-03-14,77.57319256725135
GE,2023-03-13,2023-03-14,2023-03-15,1954.8444526947342,-0.02,3,MEDIUM,SL,2023-03-15,-39.096889053894685
MSFT,2023-03-20,2023-03-21,2023-03-28,1947.025074883955,0.0012730216650151,4,HIGH,TIME,2023-03-28,2.478605102654922
NVDA,2023-04-05,2023-04-06,2023-04-11,1947.520795904486,0.04,4,HIGH,TP,2023-04-11,77.90083183617945
AMZN,2023-04-11,2023-04-12,2023-04-12,1963.100962271722,-0.02,4,HIGH,SL,2023-04-13,-39.26201924543444
UNH,2023-04-14,2023-04-17,2023-04-18,1955.2485584226351,-0.02,5,HIGH,SL,2023-04-18,-39.10497116845271
GOOGL,2023-04-17,2023-04-18,2023-04-18,1947.4275641889444,-0.02,4,HIGH,SL,2023-04-19,-38.94855128377889
NVDA,2023-04-20,2023-04-21,2023-04-25,1939.6378539321886,-0.02,3,MEDIUM,SL,2023-04-25,-38.792757078643774
BLK,2023-04-21,2023-04-24,2023-04-25,1939.6378539321886,-0.02,5,HIGH,SL,2023-04-25,-38.792757078643774
JNJ,2023-04-18,2023-04-19,2023-04-26,1939.6378539321886,0.0038890946397796,5,HIGH,TIME,2023-04-26,7.543435180841281
UNH,2023-04-19,2023-04-20,2023-04-27,1939.6378539321886,0.0102992705274789,4,HIGH,TIME,2023-04-27,19.976854982986215
AMZN,2023-04-25,2023-04-26,2023-04-27,1925.6294381368994,0.04,5,HIGH,TP,2023-04-27,77.02517752547598
ADBE,2023-04-25,2023-04-26,2023-04-26,1925.6294381368994,-0.0200000000000001,4,HIGH,SL,2023-04-27,-38.51258876273818
META,2023-04-25,2023-04-26,2023-04-27,1925.6294381368994,0.04,4,HIGH,TP,2023-04-27,77.02517752547598
MSFT,2023-04-25,2023-04-26,2023-04-28,1911.6210223416101,0.04,4,HIGH,TP,2023-04-28,76.4648408936644
LLY,2023-04-26,2023-04-27,2023-04-27,1952.732362391139,-0.02,5,HIGH,SL,2023-04-28,-39.054647247822786
MRK,2023-04-26,2023-04-27,2023-04-27,1952.732362391139,-0.0200000000000001,5,HIGH,SL,2023-04-28,-39.05464724782298
LOW,2023-04-26,2023-04-27,2023-05-01,1952.7323623911395,0.04,4,HIGH,TP,2023-05-01,78.10929449564559
AMZN,2023-04-28,2023-05-01,2023-05-01,1968.0253305698725,-0.0200000000000001,4,HIGH,SL,2023-05-02,-39.360506611397646
XOM,2023-05-01,2023-05-02,2023-05-02,1960.153229247593,-0.02,4,HIGH,SL,2023-05-03,-39.20306458495186
AMZN,2023-05-01,2023-05-02,2023-05-03,1960.153229247593,0.04,3,MEDIUM,TP,2023-05-03,78.40612916990372
NVDA,2023-05-02,2023-05-03,2023-05-04,1967.9938421645832,-0.02,3,MEDIUM,SL,2023-05-04,-39.359876843291666
GE,2023-05-04,2023-05-05,2023-05-10,1960.121866795925,-0.02,5,HIGH,SL,2023-05-10,-39.202437335918496
NKE,2023-05-04,2023-05-05,2023-05-10,1960.121866795925,-0.02,4,HIGH,SL,2023-05-10,-39.202437335918496
PEP,2023-05-22,2023-05-23,2023-05-25,1944.4408918615577,-0.0199999999999999,4,HIGH,SL,2023-05-25,-38.88881783723096
ORCL,2023-05-23,2023-05-24,2023-05-25,1944.4408918615577,0.04,5,HIGH,TP,2023-05-25,77.7776356744623
MA,2023-05-23,2023-05-24,2023-05-31,1944.4408918615582,-0.02,4,HIGH,SL,2023-05-31,-38.888817837231166
LLY,2023-05-23,2023-05-24,2023-06-01,1944.4408918615577,0.0294575990485148,5,HIGH,TIME,2023-06-01,57.27856016599429
BA,2023-06-05,2023-06-06,2023-06-06,1955.8966038947565,-0.02,3,MEDIUM,SL,2023-06-07,-39.117932077895134
ADBE,2023-06-07,2023-06-08,2023-06-09,1948.0730174791775,0.04,5,HIGH,TP,2023-06-09,77.9229206991671
CRM,2023-06-07,2023-06-08,2023-06-09,1948.0730174791775,0.04,4,HIGH,TP,2023-06-09,77.9229206991671
META,2023-06-07,2023-06-08,2023-06-12,1948.0730174791775,0.04,5,HIGH,TP,2023-06-12,77.9229206991671
MSFT,2023-06-07,2023-06-08,2023-06-13,1948.073017479178,0.04,5,HIGH,TP,2023-06-13,77.92292069916712
GOOGL,2023-06-07,2023-06-08,2023-06-15,1948.0730174791775,0.0233984835626313,5,HIGH,TIME,2023-06-15,45.58195447829209
AMD,2023-06-15,2023-06-16,2023-06-16,2019.5277449341695,-0.02,3,MEDIUM,SL,2023-06-17,-40.39055489868339
CRM,2023-06-13,2023-06-14,2023-06-20,2010.4113540385113,0.04,3,MEDIUM,TP,2023-06-20,80.41645416154046
AMD,2023-06-16,2023-06-20,2023-06-21,2027.5329247867412,-0.0200000000000001,4,HIGH,SL,2023-06-21,-40.55065849573503
NFLX,2023-06-16,2023-06-20,2023-06-22,2027.5329247867412,-0.02,3,MEDIUM,SL,2023-06-22,-40.55065849573482
BA,2023-06-20,2023-06-21,2023-06-22,2019.4227930875943,-0.02,5,HIGH,SL,2023-06-22,-40.388455861751886
GS,2023-06-20,2023-06-21,2023-06-22,2019.4227930875943,-0.02,5,HIGH,SL,2023-06-22,-40.388455861751886
TSLA,2023-06-23,2023-06-26,2023-06-26,1995.1572790437467,-0.02,3,MEDIUM,SL,2023-06-27,-39.903145580874934
GE,2023-06-20,2023-06-21,2023-06-28,2019.4227930875943,0.0329025234390267,4,HIGH,TIME,2023-06-28,66.44410578286934
NVDA,2023-06-26,2023-06-27,2023-06-30,1987.1766499275718,0.04,4,HIGH,TP,2023-06-30,79.48706599710287
META,2023-06-26,2023-06-27,2023-07-05,1987.1766499275718,0.04,5,HIGH,TP,2023-07-05,79.48706599710287
GOOGL,2023-06-26,2023-06-27,2023-07-05,1987.1766499275714,0.04,4,HIGH,TP,2023-07-05,79.48706599710286
HD,2023-07-06,2023-07-07,2023-07-11,2048.1577106824075,0.04,4,HIGH,TP,2023-07-11,81.9263084272963
LLY,2023-07-07,2023-07-10,2023-07-11,2048.157710682407,-0.02,4,HIGH,SL,2023-07-11,-40.96315421364814
UPS,2023-07-05,2023-07-06,2023-07-12,2048.1577106824075,0.04,4,HIGH,TP,2023-07-12,81.9263084272963
AMZN,2023-07-10,2023-07-11,2023-07-13,2056.3503415251366,0.04,3,MEDIUM,TP,2023-07-13,82.25401366100547
COST,2023-07-07,2023-07-10,2023-07-14,2048.1577106824075,0.04,4,HIGH,TP,2023-07-14,81.9263084272963
WMT,2023-07-07,2023-07-10,2023-07-17,2048.157710682405,0.0018761510927627,4,HIGH,TIME,2023-07-17,3.8426533270471444
PLD,2023-07-18,2023-07-19,2023-07-19,2106.3401982936657,-0.02,5,HIGH,SL,2023-07-20,-42.126803965873314
NVDA,2023-07-20,2023-07-21,2023-07-21,2097.914837500491,-0.0200000000000001,5,HIGH,SL,2023-07-22,-41.958296750010035
AMZN,2023-07-20,2023-07-21,2023-07-21,2097.914837500491,-0.0200000000000001,4,HIGH,SL,2023-07-22,-41.958296750010035
MSFT,2023-07-20,2023-07-21,2023-07-21,2097.9148375004906,-0.02,3,MEDIUM,SL,2023-07-22,-41.958296750009815
META,2023-07-21,2023-07-24,2023-07-24,2072.739859450485,-0.02,3,MEDIUM,SL,2023-07-25,-41.454797189009696
NFLX,2023-07-21,2023-07-24,2023-07-26,2072.739859450485,-0.02,3,MEDIUM,SL,2023-07-26,-41.454797189009696
NVDA,2023-07-21,2023-07-24,2023-07-27,2072.739859450485,0.04,4,HIGH,TP,2023-07-27,82.90959437801939
ORCL,2023-07-20,2023-07-21,2023-07-28,2097.914837500491,-0.0042921747920481,4,HIGH,TIME,2023-07-28,-9.004617181383294
MSFT,2023-07-26,2023-07-27,2023-07-27,2072.739859450485,-0.02,4,HIGH,SL,2023-07-28,-41.454797189009696
GE,2023-07-26,2023-07-27,2023-08-01,2072.739859450485,-0.02,4,HIGH,SL,2023-08-01,-41.454797189009696
CAT,2023-08-03,2023-08-04,2023-08-04,2054.3570171386045,-0.0199999999999999,3,MEDIUM,SL,2023-08-05,-41.08714034277188
JNJ,2023-07-31,2023-08-01,2023-08-07,2054.357017138604,0.04,5,HIGH,TP,2023-08-07,82.17428068554416
BLK,2023-08-02,2023-08-03,2023-08-08,2054.357017138604,-0.02,4,HIGH,SL,2023-08-08,-41.08714034277208
AVGO,2023-08-02,2023-08-03,2023-08-09,2054.357017138604,-0.02,5,HIGH,SL,2023-08-09,-41.08714034277208
DIS,2023-08-11,2023-08-14,2023-08-15,2046.13958907005,-0.02,4,HIGH,SL,2023-08-15,-40.922791781401
JPM,2023-08-15,2023-08-16,2023-08-18,2037.95503071377,-0.0200000000000001,4,HIGH,SL,2023-08-18,-40.7591006142756
JNJ,2023-08-21,2023-08-22,2023-08-23,2029.803210590915,-0.02,4,HIGH,SL,2023-08-23,-40.5960642118183
COST,2023-08-17,2023-08-18,2023-08-24,2029.803210590915,-0.0200000000000001,4,HIGH,SL,2023-08-24,-40.5960642118185
NVDA,2023-08-22,2023-08-23,2023-08-24,2021.683997748551,0.04,3,MEDIUM,TP,2023-08-24,80.86735990994204
ADBE,2023-08-24,2023-08-25,2023-08-29,2029.7382568881758,0.04,4,HIGH,TP,2023-08-29,81.18953027552703
NVDA,2023-08-25,2023-08-28,2023-08-28,2029.7382568881758,-0.02,3,MEDIUM,SL,2023-08-29,-40.59476513776352
BA,2023-08-31,2023-09-01,2023-09-05,2037.8572099157282,-0.02,3,MEDIUM,SL,2023-09-05,-40.75714419831456
ADBE,2023-09-12,2023-09-13,2023-09-14,2029.7057810760653,-0.02,5,HIGH,SL,2023-09-14,-40.594115621521304
TSLA,2023-09-12,2023-09-13,2023-09-18,2029.7057810760653,-0.02,3,MEDIUM,SL,2023-09-18,-40.594115621521304
CVX,2023-09-11,2023-09-12,2023-09-19,2029.7057810760653,0.0114939749027926,5,HIGH,TIME,2023-09-19,23.329387307741346
AMZN,2023-09-15,2023-09-18,2023-09-19,2013.4681348274569,-0.0199999999999999,5,HIGH,SL,2023-09-19,-40.26936269654894
LLY,2023-09-15,2023-09-18,2023-09-18,1980.9928423302392,-0.0199999999999999,5,HIGH,SL,2023-09-19,-39.619856846604584
CAT,2023-09-13,2023-09-14,2023-09-21,2021.5869579517612,-0.02,4,HIGH,SL,2023-09-21,-40.431739159035224
V,2023-09-14,2023-09-15,2023-09-21,2021.5869579517612,-0.02,4,HIGH,SL,2023-09-21,-40.431739159035224
GOOGL,2023-09-20,2023-09-21,2023-09-26,1985.9834727167604,-0.02,4,HIGH,SL,2023-09-26,-39.71966945433521
LLY,2023-09-21,2023-09-22,2023-09-29,1985.9834727167604,-0.0200000000000001,4,HIGH,SL,2023-09-29,-39.71966945433541
COP,2023-09-29,2023-10-02,2023-10-02,1970.0956049350266,-0.02,3,MEDIUM,SL,2023-10-03,-39.401912098700535
CVX,2023-10-04,2023-10-05,2023-10-09,1962.2152225152868,0.04,4,HIGH,TP,2023-10-09,78.48860890061147
COST,2023-10-06,2023-10-09,2023-10-16,1977.912944295409,0.0310631592919845,4,HIGH,TIME,2023-10-16,61.44022485432635
NVDA,2023-10-13,2023-10-16,2023-10-17,1990.2009892662745,-0.02,5,HIGH,SL,2023-10-17,-39.804019785325494
AVGO,2023-10-13,2023-10-16,2023-10-17,1990.2009892662745,-0.02,3,MEDIUM,SL,2023-10-17,-39.804019785325494
META,2023-10-13,2023-10-16,2023-10-19,1990.2009892662745,-0.02,5,HIGH,SL,2023-10-19,-39.804019785325494
AVGO,2023-10-17,2023-10-18,2023-10-20,1974.2793813521444,-0.0200000000000001,4,HIGH,SL,2023-10-20,-39.48558762704309
AVGO,2023-10-19,2023-10-20,2023-10-20,1958.4214598696706,-0.02,4,HIGH,SL,2023-10-21,-39.168429197393415
LLY,2023-10-19,2023-10-20,2023-10-23,1958.4214598696706,-0.0199999999999999,4,HIGH,SL,2023-10-23,-39.168429197393216
ADBE,2023-10-20,2023-10-23,2023-10-25,1942.7540881907132,-0.0200000000000001,4,HIGH,SL,2023-10-25,-38.85508176381446
COP,2023-10-23,2023-10-24,2023-10-25,1942.7540881907132,-0.02,4,HIGH,SL,2023-10-25,-38.85508176381426
MSFT,2023-10-26,2023-10-27,2023-11-01,1927.2120554851872,0.04,5,HIGH,TP,2023-11-01,77.0884822194075
NKE,2023-10-26,2023-10-27,2023-11-02,1927.2120554851872,0.04,5,HIGH,TP,2023-11-02,77.0884822194075
NKE,2023-11-09,2023-11-10,2023-11-13,1958.0474483729502,-0.0200000000000001,4,HIGH,SL,2023-11-13,-39.1609489674592
DIS,2023-11-10,2023-11-13,2023-11-15,1950.2152585794584,0.04,3,MEDIUM,TP,2023-11-15,78.00861034317833
LLY,2023-11-15,2023-11-16,2023-11-24,1965.816980648094,0.016229967237539,4,HIGH,TIME,2023-11-24,31.905145190916404
COST,2023-11-16,2023-11-17,2023-11-27,1965.816980648094,0.0276385660063376,4,HIGH,TIME,2023-11-27,54.33236237602163
NVDA,2023-11-22,2023-11-24,2023-11-28,1972.1980096862771,-0.0200000000000001,4,HIGH,SL,2023-11-28,-39.443960193725744
AVGO,2023-11-27,2023-11-28,2023-11-30,1975.1756901227363,-0.02,5,HIGH,SL,2023-11-30,-39.50351380245473
META,2023-11-29,2023-11-30,2023-11-30,1967.2749873622452,-0.02,4,HIGH,SL,2023-12-01,-39.3454997472449
NVDA,2023-11-30,2023-12-01,2023-12-04,1959.4058874127966,-0.02,4,HIGH,SL,2023-12-04,-39.188117748255934
DIS,2023-11-28,2023-11-29,2023-12-05,1975.1756901227363,-0.02,5,HIGH,SL,2023-12-05,-39.50351380245473
NVDA,2023-12-04,2023-12-05,2023-12-06,1943.6675611026542,0.04,3,MEDIUM,TP,2023-12-06,77.74670244410616
NFLX,2023-12-04,2023-12-05,2023-12-11,1943.6675611026542,0.04,4,HIGH,TP,2023-12-11,77.74670244410616
CRM,2023-12-04,2023-12-05,2023-12-12,1943.6675611026542,0.0258411157959856,3,MEDIUM,TIME,2023-12-12,50.226538515354605
ORCL,2023-12-06,2023-12-07,2023-12-12,1959.2169015914756,-0.02,4,HIGH,SL,2023-12-12,-39.18433803182951
GS,2023-12-05,2023-12-06,2023-12-13,1959.2169015914756,0.04,4,HIGH,TP,2023-12-13,78.36867606365902
AMT,2023-12-08,2023-12-11,2023-12-14,1974.766242080297,0.04,5,HIGH,TP,2023-12-14,78.99064968321188
NFLX,2023-12-14,2023-12-15,2023-12-18,2008.4465473263763,0.04,3,MEDIUM,TP,2023-12-18,80.33786189305505
NEE,2023-12-15,2023-12-18,2023-12-20,2024.514119704987,-0.02,3,MEDIUM,SL,2023-12-20,-40.490282394099744
MSFT,2023-12-14,2023-12-15,2023-12-22,2008.4465473263763,0.0210711399316319,4,HIGH,TIME,2023-12-22,42.320258243917024
PEP,2023-12-14,2023-12-15,2023-12-22,2008.4465473263763,0.0013734415512547,4,HIGH,TIME,2023-12-22,2.7584839415720848
BLK,2023-12-18,2023-12-19,2023-12-27,2024.514119704987,0.0152046343920551,4,HIGH,TIME,2023-12-27,30.781997011667602
TSLA,2023-12-20,2023-12-21,2023-12-27,2016.4160632261674,0.04,5,HIGH,TP,2023-12-27,80.65664252904669
UPS,2023-12-20,2023-12-21,2023-12-29,2016.4160632261674,-0.0023481137484695,5,HIGH,TIME,2023-12-29,-4.734774280696108
NVDA,2024-01-02,2024-01-03,2024-01-05,2046.7725847152687,0.04,5,HIGH,TP,2024-01-05,81.87090338861076
META,2024-01-02,2024-01-03,2024-01-08,2046.7725847152687,0.04,4,HIGH,TP,2024-01-08,81.87090338861076
BA,2024-01-03,2024-01-04,2024-01-08,2046.7725847152687,-0.02,4,HIGH,SL,2024-01-08,-40.93545169430538
HON,2024-01-03,2024-01-04,2024-01-09,2046.7725847152687,-0.0199999999999999,5,HIGH,SL,2024-01-09,-40.93545169430517
AMZN,2024-01-04,2024-01-05,2024-01-09,2063.1467653929913,0.04,4,HIGH,TP,2024-01-09,82.52587061571965
NFLX,2024-01-02,2024-01-03,2024-01-10,2046.7725847152687,0.04,4,HIGH,TP,2024-01-10,81.87090338861076
NEE,2024-01-11,2024-01-12,2024-01-17,2096.026120193857,-0.02,4,HIGH,SL,2024-01-17,-41.92052240387714
BAC,2024-01-16,2024-01-17,2024-01-22,2087.6420157130815,0.04,3,MEDIUM,TP,2024-01-22,83.50568062852327
CAT,2024-01-17,2024-01-18,2024-01-22,2087.6420157130815,0.04,4,HIGH,TP,2024-01-22,83.50568062852327
PLD,2024-01-17,2024-01-18,2024-01-25,2087.6420157130815,-0.0046532847539403,4,HIGH,TIME,2024-01-25,-9.714392763402877
UPS,2024-01-24,2024-01-25,2024-01-30,2119.1014094118104,-0.0199999999999999,4,HIGH,SL,2024-01-30,-42.382028188236
PLD,2024-01-24,2024-01-25,2024-02-01,2119.1014094118104,0.0280580621574129,3,MEDIUM,TIME,2024-02-01,59.45787906313786
AMD,2024-01-30,2024-01-31,2024-02-02,2110.625003774163,0.04,3,MEDIUM,TP,2024-02-02,84.42500015096651
AMZN,2024-01-31,2024-02-01,2024-02-02,2122.5165795867906,0.04,5,HIGH,TP,2024-02-02,84.90066318347162
META,2024-01-31,2024-02-01,2024-02-02,2122.5165795867906,0.04,5,HIGH,TP,2024-02-02,84.90066318347162
BAC,2024-01-31,2024-02-01,2024-02-01,2122.5165795867906,-0.0199999999999999,4,HIGH,SL,2024-02-02,-42.4503315917356
MSFT,2024-01-31,2024-02-01,2024-02-08,2122.5165795867906,0.030560207717678,5,HIGH,TIME,2024-02-08,64.86454755638775
ADBE,2024-02-06,2024-02-07,2024-02-13,2164.8717785720255,-0.02,4,HIGH,SL,2024-02-13,-43.29743557144051
XOM,2024-02-09,2024-02-12,2024-02-20,2177.844688083303,0.0151225114674158,5,HIGH,TIME,2024-02-20,32.93448126979034
MSFT,2024-02-13,2024-02-14,2024-02-20,2169.185200969015,-0.0200000000000001,5,HIGH,SL,2024-02-20,-43.383704019380524
AMZN,2024-02-13,2024-02-14,2024-02-20,2169.1852009690147,-0.0199999999999999,4,HIGH,SL,2024-02-20,-43.383704019380076
CRM,2024-02-13,2024-02-14,2024-02-21,2160.525713854725,-0.0199999999999999,4,HIGH,SL,2024-02-21,-43.21051427709428
HD,2024-02-13,2024-02-14,2024-02-22,2169.185200969015,0.04,5,HIGH,TP,2024-02-22,86.7674080387606
LLY,2024-02-20,2024-02-21,2024-02-22,2149.776512759802,0.04,5,HIGH,TP,2024-02-22,85.99106051039207
MA,2024-02-20,2024-02-21,2024-02-22,2149.776512759802,0.04,4,HIGH,TP,2024-02-22,85.99106051039207
NVDA,2024-02-21,2024-02-22,2024-02-22,2201.526418571711,0.04,3,MEDIUM,TP,2024-02-23,88.06105674286844
MRK,2024-03-04,2024-03-05,2024-03-08,2219.1386299202845,-0.02,4,HIGH,SL,2024-03-08,-44.382772598405694
CVX,2024-03-04,2024-03-05,2024-03-12,2219.1386299202845,0.0205602837673002,4,HIGH,TIME,2024-03-12,45.626119950138836
ORCL,2024-03-05,2024-03-06,2024-03-12,2219.1386299202845,0.04,4,HIGH,TP,2024-03-12,88.76554519681139
LLY,2024-03-08,2024-03-11,2024-03-11,2174.7558573218794,-0.02,3,MEDIUM,SL,2024-03-12,-43.495117146437586
NFLX,2024-03-05,2024-03-06,2024-03-13,2219.1386299202845,0.0107132773468194,5,HIGH,TIME,2024-03-13,23.774247613376822
MSFT,2024-03-05,2024-03-06,2024-03-13,2219.138629920285,0.0301015891627078,4,HIGH,TIME,2024-03-13,66.79959933295468
NVDA,2024-03-11,2024-03-12,2024-03-12,2228.4413850007063,-0.02,3,MEDIUM,SL,2024-03-13,-44.568827700014126
AVGO,2024-03-13,2024-03-14,2024-03-15,2237.64238884997,-0.02,3,MEDIUM,SL,2024-03-15,-44.752847776999396
AMD,2024-03-14,2024-03-15,2024-03-15,2228.69181929457,0.04,3,MEDIUM,TP,2024-03-16,89.14767277178281
LLY,2024-03-11,2024-03-12,2024-03-19,2228.4413850007063,0.04,4,HIGH,TP,2024-03-19,89.13765540002825
GE,2024-03-14,2024-03-15,2024-03-19,2228.69181929457,0.04,3,MEDIUM,TP,2024-03-19,89.14767277178281
BLK,2024-03-14,2024-03-15,2024-03-21,2228.69181929457,0.04,4,HIGH,TP,2024-03-21,89.14767277178281
CRM,2024-03-15,2024-03-18,2024-03-21,2246.521353848926,0.04,4,HIGH,TP,2024-03-21,89.86085415395705
AMZN,2024-03-15,2024-03-18,2024-03-25,2246.521353848926,0.0222412036077053,5,HIGH,TIME,2024-03-25,49.96533884001173
V,2024-03-22,2024-03-25,2024-03-27,2327.973192636439,-0.02,4,HIGH,SL,2024-03-27,-46.559463852728776
BLK,2024-03-22,2024-03-25,2024-04-02,2327.973192636439,-0.0046925758839498,4,HIGH,TIME,2024-04-02,-10.924190862247375
GE,2024-03-28,2024-04-01,2024-04-02,2318.6612998658934,-0.02,4,HIGH,SL,2024-04-02,-46.37322599731787
LLY,2024-04-01,2024-04-02,2024-04-03,2307.20181649398,0.04,4,HIGH,TP,2024-04-03,92.28807265975921
GE,2024-04-02,2024-04-03,2024-04-03,2325.659431025932,0.04,4,HIGH,TP,2024-04-04,93.02637724103728
DIS,2024-04-03,2024-04-04,2024-04-05,2344.2647064741395,-0.02,5,HIGH,SL,2024-04-05,-46.885294129482794
GOOGL,2024-04-04,2024-04-05,2024-04-09,2334.8876476482433,0.04,5,HIGH,TP,2024-04-09,93.39550590592974
NFLX,2024-04-04,2024-04-05,2024-04-10,2334.8876476482433,-0.02,3,MEDIUM,SL,2024-04-10,-46.69775295296487
LOW,2024-04-10,2024-04-11,2024-04-11,2344.227198238836,-0.0199999999999999,4,HIGH,SL,2024-04-12,-46.88454396477648
DIS,2024-04-12,2024-04-15,2024-04-16,2334.850289445881,-0.0200000000000001,4,HIGH,SL,2024-04-16,-46.697005788917856
META,2024-04-15,2024-04-16,2024-04-17,2325.5108882880972,-0.02,3,MEDIUM,SL,2024-04-17,-46.510217765761944
NFLX,2024-04-15,2024-04-16,2024-04-19,2325.5108882880972,-0.02,3,MEDIUM,SL,2024-04-19,-46.510217765761944
NVDA,2024-04-17,2024-04-18,2024-04-18,2316.2088447349447,-0.02,3,MEDIUM,SL,2024-04-19,-46.324176894698894
GE,2024-04-19,2024-04-22,2024-04-23,2297.6419658028526,0.04,3,MEDIUM,TP,2024-04-23,91.9056786321141
PEP,2024-04-23,2024-04-24,2024-04-24,2316.023101529275,0.04,5,HIGH,TP,2024-04-25,92.640924061171
GE,2024-04-24,2024-04-25,2024-04-29,2334.5512863415092,0.04,3,MEDIUM,TP,2024-04-29,93.38205145366037
COP,2024-04-30,2024-05-01,2024-05-02,2353.227696632242,-0.02,4,HIGH,SL,2024-05-02,-47.06455393264484
XOM,2024-04-26,2024-04-29,2024-05-03,2353.2276966322415,-0.02,4,HIGH,SL,2024-05-03,-47.064553932644834
CVX,2024-04-30,2024-05-01,2024-05-03,2353.2276966322415,-0.02,5,HIGH,SL,2024-05-03,-47.064553932644834
GOOGL,2024-04-29,2024-04-30,2024-05-07,2353.227696632242,0.0340558049305668,4,HIGH,TIME,2024-05-07,80.14106339371466
GE,2024-05-13,2024-05-14,2024-05-21,2341.0171769513977,0.0148764799208795,3,MEDIUM,TIME,2024-05-21,34.82609502735148
AMD,2024-05-29,2024-05-30,2024-05-30,2347.982395956868,-0.0200000000000001,3,MEDIUM,SL,2024-05-31,-46.959647919137595
AMD,2024-06-03,2024-06-04,2024-06-04,2338.5904663730407,-0.02,4,HIGH,SL,2024-06-05,-46.771809327460815
NEE,2024-06-03,2024-06-04,2024-06-07,2338.5904663730407,-0.0200000000000001,4,HIGH,SL,2024-06-07,-46.77180932746105
BAC,2024-06-11,2024-06-12,2024-06-13,2319.881742642057,-0.0199999999999999,3,MEDIUM,SL,2024-06-13,-46.39763485284091
UNH,2024-06-07,2024-06-10,2024-06-17,2319.881742642057,0.0006221230570091,4,HIGH,TIME,2024-06-17,1.4432519216320745
NKE,2024-06-12,2024-06-13,2024-06-17,2310.6022156714885,-0.02,5,HIGH,SL,2024-06-17,-46.21204431342977
TSLA,2024-06-14,2024-06-17,2024-06-17,2301.6484571931287,0.04,3,MEDIUM,TP,2024-06-18,92.06593828772515
NVDA,2024-06-21,2024-06-24,2024-06-24,2320.061644850674,-0.02,3,MEDIUM,SL,2024-06-25,-46.40123289701348
AVGO,2024-06-24,2024-06-25,2024-06-25,2310.781398271272,-0.02,4,HIGH,SL,2024-06-26,-46.21562796542544
AAPL,2024-06-20,2024-06-21,2024-06-28,2320.061644850674,0.0010931791732267,4,HIGH,TIME,2024-06-28,2.5362430707528376
NKE,2024-06-25,2024-06-26,2024-06-28,2301.5382726781863,-0.0199999999999999,5,HIGH,SL,2024-06-28,-46.0307654535635
NFLX,2024-06-24,2024-06-25,2024-07-02,2310.7813982712714,0.0091173437418041,5,HIGH,TIME,2024-07-02,21.068188320205905
HD,2024-06-25,2024-06-26,2024-07-02,2273.771774912613,-0.02,4,HIGH,SL,2024-07-02,-45.47543549825227
META,2024-06-28,2024-07-01,2024-07-01,2285.2660269444245,-0.02,5,HIGH,SL,2024-07-02,-45.70532053888849
WMT,2024-06-25,2024-06-26,2024-07-03,2301.5382726781863,0.0124626483227174,5,HIGH,TIME,2024-07-03,28.683262093662698
GS,2024-06-27,2024-06-28,2024-07-03,2292.8393682016244,0.04,4,HIGH,TP,2024-07-03,91.71357472806498
ORCL,2024-07-09,2024-07-10,2024-07-15,2302.8962220225826,0.04,5,HIGH,TP,2024-07-15,92.1158488809033
META,2024-07-12,2024-07-15,2024-07-16,2321.3193917987637,-0.02,3,MEDIUM,SL,2024-07-16,-46.42638783597528
GOOGL,2024-07-11,2024-07-12,2024-07-17,2302.8962220225826,-0.02,5,HIGH,SL,2024-07-17,-46.05792444045165
MSFT,2024-07-11,2024-07-12,2024-07-17,2302.8962220225826,-0.02,5,HIGH,SL,2024-07-17,-46.05792444045165
NFLX,2024-07-11,2024-07-12,2024-07-17,2302.896222022583,-0.02,4,HIGH,SL,2024-07-17,-46.057924440451664
AMZN,2024-07-17,2024-07-18,2024-07-18,2284.399359567298,-0.02,4,HIGH,SL,2024-07-19,-45.687987191345954
LLY,2024-07-17,2024-07-18,2024-07-18,2284.399359567298,-0.02,4,HIGH,SL,2024-07-19,-45.687987191345954
MS,2024-07-18,2024-07-19,2024-07-19,2247.8489698142193,-0.0199999999999999,4,HIGH,SL,2024-07-20,-44.95697939628416
BAC,2024-07-18,2024-07-19,2024-07-22,2266.1241646907592,-0.02,4,HIGH,SL,2024-07-22,-45.32248329381519
CAT,2024-07-19,2024-07-22,2024-07-24,2248.068272152739,-0.0200000000000001,5,HIGH,SL,2024-07-24,-44.96136544305501
ORCL,2024-07-17,2024-07-18,2024-07-25,2284.399359567298,-0.011050467318456,4,HIGH,TIME,2024-07-25,-25.243680465200242
GS,2024-07-18,2024-07-19,2024-07-26,2266.1241646907592,0.0202608481174928,5,HIGH,TIME,2024-07-26,45.91359751617972
JPM,2024-07-18,2024-07-19,2024-07-26,2266.1241646907592,0.0049242569038923,5,HIGH,TIME,2024-07-26,11.158977563055641
MS,2024-07-19,2024-07-22,2024-07-29,2175.62539966214,9.76296354171513e-05,5,HIGH,TIME,2024-07-29,0.2124055145733088
BLK,2024-07-24,2024-07-25,2024-07-29,2234.0272629710885,0.04,4,HIGH,TP,2024-07-29,89.36109051884354
HD,2024-07-24,2024-07-25,2024-07-30,2228.2353228406932,0.04,4,HIGH,TP,2024-07-30,89.12941291362773
JNJ,2024-07-31,2024-08-01,2024-08-02,2281.182359776344,0.04,5,HIGH,TP,2024-08-02,91.24729439105377
PFE,2024-07-31,2024-08-01,2024-08-01,2281.182359776344,-0.02,5,HIGH,SL,2024-08-02,-45.623647195526885
HD,2024-08-01,2024-08-02,2024-08-02,2290.3070892154497,-0.02,5,HIGH,SL,2024-08-03,-45.80614178430899
JPM,2024-08-01,2024-08-02,2024-08-02,2290.3070892154497,-0.02,4,HIGH,SL,2024-08-03,-45.80614178430899
ADBE,2024-08-02,2024-08-05,2024-08-07,2271.984632501726,0.04,4,HIGH,TP,2024-08-07,90.87938530006905
PLD,2024-08-02,2024-08-05,2024-08-12,2271.984632501726,-8.332832826074554e-05,4,HIGH,TIME,2024-08-12,-0.18932068126047316
AMT,2024-08-05,2024-08-06,2024-08-12,2271.984632501726,-0.02,3,MEDIUM,SL,2024-08-12,-45.43969265003452
ABBV,2024-08-05,2024-08-06,2024-08-13,2271.984632501726,0.0312786902132802,3,MEDIUM,TIME,2024-08-13,71.06470348935474
DUK,2024-08-05,2024-08-06,2024-08-13,2271.984632501726,0.0109343405878366,3,MEDIUM,TIME,2024-08-13,24.842653782104644
LOW,2024-08-07,2024-08-08,2024-08-15,2290.16050956174,0.04,4,HIGH,TP,2024-08-15,91.60642038246961
AVGO,2024-08-22,2024-08-23,2024-08-26,2318.5374624262668,-0.02,4,HIGH,SL,2024-08-26,-46.370749248525335
NVDA,2024-08-22,2024-08-23,2024-08-26,2318.5374624262668,0.04,4,HIGH,TP,2024-08-26,92.74149849705067
XOM,2024-08-20,2024-08-21,2024-08-28,2318.5374624262668,0.0131293367473093,4,HIGH,TIME,2024-08-28,30.44085910544644
CRM,2024-08-28,2024-08-29,2024-08-29,2333.899784097061,-0.02,5,HIGH,SL,2024-08-30,-46.67799568194122
NVDA,2024-08-28,2024-08-29,2024-08-29,2333.899784097061,-0.02,4,HIGH,SL,2024-08-30,-46.67799568194122
JPM,2024-09-03,2024-09-04,2024-09-05,2315.2285858242844,-0.02,4,HIGH,SL,2024-09-05,-46.30457171648569
XOM,2024-09-03,2024-09-04,2024-09-06,2315.2285858242844,-0.02,3,MEDIUM,SL,2024-09-06,-46.30457171648569
AAPL,2024-09-03,2024-09-04,2024-09-09,2315.2285858242844,-0.0199999999999999,4,HIGH,SL,2024-09-09,-46.304571716485455
JPM,2024-09-06,2024-09-09,2024-09-10,2287.4458427943932,-0.02,4,HIGH,SL,2024-09-10,-45.74891685588786
NFLX,2024-09-03,2024-09-04,2024-09-11,2315.2285858242844,0.0121192597251804,4,HIGH,TIME,2024-09-11,28.058856554766624
ABBV,2024-09-05,2024-09-06,2024-09-13,2296.70675713769,0.0038249186963812,4,HIGH,TIME,2024-09-13,8.784716615480988
TSLA,2024-09-20,2024-09-23,2024-09-24,2285.664774057265,0.04,3,MEDIUM,TP,2024-09-24,91.42659096229059
WMT,2024-09-17,2024-09-18,2024-09-25,2285.664774057265,0.0350965945003709,5,HIGH,TIME,2024-09-25,80.2190497388697
NFLX,2024-09-18,2024-09-19,2024-09-26,2285.664774057265,0.0091205353432513,4,HIGH,TIME,2024-09-26,20.84648635461378
NEE,2024-09-19,2024-09-20,2024-09-27,2285.664774057265,0.027841941883024,5,HIGH,TIME,2024-09-27,63.63734580337755
PLD,2024-09-20,2024-09-23,2024-09-30,2285.6647740572653,-0.0025276444349754,4,HIGH,TIME,2024-09-30,-5.777347846365152
TSLA,2024-10-02,2024-10-03,2024-10-03,2335.7351990598227,-0.02,4,HIGH,SL,2024-10-04,-46.71470398119646
AAPL,2024-10-01,2024-10-02,2024-10-07,2335.735199059822,-0.02,5,HIGH,SL,2024-10-07,-46.71470398119644
MSFT,2024-10-01,2024-10-02,2024-10-07,2335.7351990598227,-0.0199999999999999,4,HIGH,SL,2024-10-07,-46.714703981196216
TSLA,2024-10-03,2024-10-04,2024-10-07,2326.3922582635832,-0.02,4,HIGH,SL,2024-10-07,-46.527845165271664
DIS,2024-10-01,2024-10-02,2024-10-08,2335.735199059822,-0.02,5,HIGH,SL,2024-10-08,-46.71470398119644
NFLX,2024-10-07,2024-10-08,2024-10-10,2289.0578668418107,0.04,4,HIGH,TP,2024-10-10,91.56231467367243
AMZN,2024-10-07,2024-10-08,2024-10-11,2289.0578668418107,0.04,4,HIGH,TP,2024-10-11,91.56231467367243
DIS,2024-10-07,2024-10-08,2024-10-15,2289.0578668418107,0.0183742713605223,4,HIGH,TIME,2024-10-15,42.059770405289754
AMD,2024-10-10,2024-10-11,2024-10-15,2325.68279271128,-0.0200000000000001,5,HIGH,SL,2024-10-15,-46.51365585422583
PFE,2024-10-10,2024-10-11,2024-10-18,2325.68279271128,-0.0047684403117772,4,HIGH,TIME,2024-10-18,-11.089879581171045
CAT,2024-10-14,2024-10-15,2024-10-22,2324.7920156214927,-0.0019822748518085,4,HIGH,TIME,2024-10-22,-4.608376748251679
AVGO,2024-10-15,2024-10-16,2024-10-23,2324.7920156214923,-0.0199999999999999,5,HIGH,SL,2024-10-23,-46.495840312429614
XOM,2024-10-15,2024-10-16,2024-10-23,2324.7920156214927,-0.0051286124671493,5,HIGH,TIME,2024-10-23,-11.922957314845538
UPS,2024-10-21,2024-10-22,2024-10-24,2315.3730618238374,0.04,4,HIGH,TP,2024-10-24,92.6149224729535
MS,2024-10-21,2024-10-22,2024-10-29,2321.652364355608,0.0140245274170254,5,HIGH,TIME,2024-10-29,32.560077236707066
HD,2024-10-21,2024-10-22,2024-10-29,2321.652364355608,-0.02,4,HIGH,SL,2024-10-29,-46.43304728711216
META,2024-10-23,2024-10-24,2024-10-29,2328.491589324743,0.04,4,HIGH,TP,2024-10-29,93.13966357298972
AMZN,2024-10-23,2024-10-24,2024-10-30,2328.491589324743,0.04,4,HIGH,TP,2024-10-30,93.13966357298972
AAPL,2024-10-23,2024-10-24,2024-10-31,2328.491589324743,-0.02,5,HIGH,SL,2024-10-31,-46.56983178649486
AMZN,2024-10-31,2024-11-01,2024-11-04,2353.658894386559,-0.0199999999999999,4,HIGH,SL,2024-11-04,-47.07317788773094
CAT,2024-10-30,2024-10-31,2024-11-06,2353.658894386559,0.04,4,HIGH,TP,2024-11-06,94.14635577546237
AVGO,2024-10-31,2024-11-01,2024-11-06,2353.658894386559,0.04,4,HIGH,TP,2024-11-06,94.14635577546237
MA,2024-10-31,2024-11-01,2024-11-06,2353.658894386559,0.04,4,HIGH,TP,2024-11-06,94.14635577546237
ORCL,2024-10-31,2024-11-01,2024-11-06,2353.658894386559,0.04,4,HIGH,TP,2024-11-06,94.14635577546237
CAT,2024-11-07,2024-11-08,2024-11-08,2419.5613434293823,-0.0200000000000001,3,MEDIUM,SL,2024-11-09,-48.39122686858789
CAT,2024-11-08,2024-11-11,2024-11-13,2409.8830980556645,-0.0200000000000001,4,HIGH,SL,2024-11-13,-48.19766196111353
CRM,2024-11-14,2024-11-15,2024-11-18,2400.243565663442,-0.02,5,HIGH,SL,2024-11-18,-48.00487131326884
NVDA,2024-11-15,2024-11-18,2024-11-19,2390.642591400788,0.04,4,HIGH,TP,2024-11-19,95.62570365603153
AMZN,2024-11-21,2024-11-22,2024-11-26,2409.7677321319943,0.04,3,MEDIUM,TP,2024-11-26,96.39070928527977
NVDA,2024-11-22,2024-11-25,2024-11-25,2409.7677321319943,-0.02,3,MEDIUM,SL,2024-11-26,-48.195354642639884
BLK,2024-11-19,2024-11-20,2024-11-27,2409.7677321319943,-0.0124957468755896,4,HIGH,TIME,2024-11-27,-30.111847609685004
ORCL,2024-11-25,2024-11-26,2024-11-27,2419.406803060522,-0.02,4,HIGH,SL,2024-11-27,-48.388136061210446
NFLX,2024-11-25,2024-11-26,2024-12-02,2419.4068030605226,0.04,5,HIGH,TP,2024-12-02,96.7762721224209
CRM,2024-11-27,2024-11-29,2024-12-04,2403.706806326343,0.04,5,HIGH,TP,2024-12-04,96.14827225305373
CVX,2024-12-04,2024-12-05,2024-12-06,2442.291715201438,-0.02,4,HIGH,SL,2024-12-06,-48.845834304028756
CVX,2024-12-06,2024-12-09,2024-12-13,2432.522548340632,-0.0199999999999999,4,HIGH,SL,2024-12-13,-48.6504509668124
NFLX,2024-12-09,2024-12-10,2024-12-17,2432.522548340632,0.0058768447590702,3,MEDIUM,TIME,2024-12-17,14.29555738953573
GOOGL,2024-12-18,2024-12-19,2024-12-20,2425.6515696251768,-0.02,4,HIGH,SL,2024-12-20,-48.513031392503535
MSFT,2024-12-18,2024-12-19,2024-12-20,2425.6515696251768,-0.02,4,HIGH,SL,2024-12-20,-48.513031392503535
BLK,2024-12-18,2024-12-19,2024-12-19,2425.6515696251768,-0.02,3,MEDIUM,SL,2024-12-20,-48.513031392503535
CRM,2024-12-18,2024-12-19,2024-12-20,2425.651569625176,-0.02,3,MEDIUM,SL,2024-12-20,-48.51303139250352
AAPL,2024-12-18,2024-12-19,2024-12-24,2425.6515696251768,0.04,4,HIGH,TP,2024-12-24,97.02606278500707
TSLA,2024-12-20,2024-12-23,2024-12-23,2386.841144511174,-0.02,3,MEDIUM,SL,2024-12-24,-47.736822890223486
WMT,2024-12-23,2024-12-24,2025-01-02,2396.6989924901313,-0.0040944147168749,4,HIGH,TIME,2025-01-02,-9.81307962677084
BA,2024-12-30,2024-12-31,2025-01-02,2396.6989924901313,-0.02,4,HIGH,SL,2025-01-02,-47.933979849802625
AAPL,2025-01-02,2025-01-03,2025-01-10,2385.1495805948157,-0.02,4,HIGH,SL,2025-01-10,-47.702991611896316
BA,2025-01-02,2025-01-03,2025-01-10,2385.1495805948157,-0.02,4,HIGH,SL,2025-01-10,-47.702991611896316
META,2025-01-14,2025-01-15,2025-01-23,2366.068383950057,0.04,3,MEDIUM,TP,2025-01-23,94.64273535800228
NVDA,2025-01-24,2025-01-27,2025-01-27,2384.996931021658,-0.02,3,MEDIUM,SL,2025-01-28,-47.69993862043316
CVX,2025-01-21,2025-01-22,2025-01-29,2366.068383950057,-0.0126203880741605,5,HIGH,TIME,2025-01-29,-29.86070121545151
CAT,2025-01-27,2025-01-28,2025-01-30,2375.456943297571,-0.0200000000000001,5,HIGH,SL,2025-01-30,-47.509138865951655
MSFT,2025-01-27,2025-01-28,2025-01-30,2375.456943297571,-0.02,4,HIGH,SL,2025-01-30,-47.50913886595142
BA,2025-01-29,2025-01-30,2025-01-31,2350.4811475081,0.04,4,HIGH,TP,2025-01-31,94.01924590032401
CRM,2025-01-30,2025-01-31,2025-01-31,2369.2849966881645,-0.02,4,HIGH,SL,2025-02-01,-47.38569993376329
AMZN,2025-02-05,2025-02-06,2025-02-07,2359.807856701412,-0.02,5,HIGH,SL,2025-02-07,-47.19615713402825
DUK,2025-02-13,2025-02-14,2025-02-18,2350.368625274606,-0.02,5,HIGH,SL,2025-02-18,-47.00737250549212
META,2025-02-18,2025-02-19,2025-02-21,2340.9671507735075,-0.02,5,HIGH,SL,2025-02-21,-46.81934301547015
BA,2025-02-20,2025-02-21,2025-02-21,2331.6032821704134,-0.02,5,HIGH,SL,2025-02-22,-46.63206564340827
GS,2025-02-20,2025-02-21,2025-02-21,2331.6032821704134,-0.02,4,HIGH,SL,2025-02-22,-46.63206564340827
GS,2025-02-21,2025-02-24,2025-02-24,2312.95045591305,-0.0199999999999999,4,HIGH,SL,2025-02-25,-46.25900911826077
NFLX,2025-02-21,2025-02-24,2025-02-24,2312.9504559130496,-0.02,3,MEDIUM,SL,2025-02-25,-46.25900911826099
BA,2025-02-21,2025-02-24,2025-02-26,2312.9504559130496,-0.02,3,MEDIUM,SL,2025-02-26,-46.25900911826099
COST,2025-02-20,2025-02-21,2025-02-28,2331.6032821704134,0.0135316755835617,5,HIGH,TIME,2025-02-28,31.550499203897704
PEP,2025-02-26,2025-02-27,2025-03-04,2285.1950504420934,0.04,5,HIGH,TP,2025-03-04,91.40780201768374
NFLX,2025-02-27,2025-02-28,2025-03-04,2291.505150282873,-0.02,3,MEDIUM,SL,2025-03-04,-45.830103005657456
CVX,2025-03-03,2025-03-04,2025-03-05,2300.6206900852785,-0.0199999999999999,4,HIGH,SL,2025-03-05,-46.01241380170534
MCD,2025-02-26,2025-02-27,2025-03-06,2285.1950504420934,0.0228447163260054,5,HIGH,TIME,2025-03-06,52.20463267694122
V,2025-03-04,2025-03-05,2025-03-06,2291.418207324937,-0.02,4,HIGH,SL,2025-03-06,-45.82836414649874
MA,2025-03-04,2025-03-05,2025-03-07,2291.418207324937,-0.02,4,HIGH,SL,2025-03-07,-45.82836414649874
GE,2025-03-06,2025-03-07,2025-03-07,2283.5277882017263,-0.0200000000000001,4,HIGH,SL,2025-03-08,-45.67055576403476
PLD,2025-03-06,2025-03-07,2025-03-07,2283.5277882017263,-0.02,4,HIGH,SL,2025-03-08,-45.670555764034525
COST,2025-03-06,2025-03-07,2025-03-07,2275.637369078514,-0.02,3,MEDIUM,SL,2025-03-08,-45.51274738157028
KO,2025-03-04,2025-03-05,2025-03-10,2291.418207324937,0.04,5,HIGH,TP,2025-03-10,91.65672829299749
V,2025-03-06,2025-03-07,2025-03-11,2283.5277882017263,-0.02,4,HIGH,SL,2025-03-11,-45.670555764034525
MCD,2025-03-11,2025-03-12,2025-03-12,2265.354250925591,-0.0199999999999999,4,HIGH,SL,2025-03-13,-45.307085018511586
NEE,2025-03-11,2025-03-12,2025-03-17,2265.354250925591,-0.0199999999999999,4,HIGH,SL,2025-03-17,-45.307085018511586
PEP,2025-03-11,2025-03-12,2025-03-19,2265.354250925591,0.003863322072285,4,HIGH,TIME,2025-03-19,8.751793079145488
MCD,2025-03-12,2025-03-13,2025-03-20,2256.2928339218884,0.0218684843149583,3,MEDIUM,TIME,2025-03-20,49.34170444857363
ABBV,2025-03-25,2025-03-26,2025-03-26,2258.85011642373,-0.02,4,HIGH,SL,2025-03-27,-45.1770023284746
AMT,2025-04-04,2025-04-07,2025-04-07,2249.8147159580353,-0.0199999999999999,3,MEDIUM,SL,2025-04-08,-44.996294319160484
UNH,2025-04-04,2025-04-07,2025-04-08,2249.8147159580353,0.04,3,MEDIUM,TP,2025-04-08,89.99258863832141
AMT,2025-04-07,2025-04-08,2025-04-08,2258.8139748218673,-0.02,4,HIGH,SL,2025-04-09,-45.176279496437346
AMT,2025-04-23,2025-04-24,2025-04-25,2249.7787189225796,-0.02,3,MEDIUM,SL,2025-04-25,-44.99557437845159
DUK,2025-05-08,2025-05-09,2025-05-12,2240.7796040468893,-0.0200000000000001,4,HIGH,SL,2025-05-12,-44.81559208093801
HON,2025-05-06,2025-05-07,2025-05-14,2240.7796040468893,0.015334222822541,4,HIGH,TIME,2025-05-14,34.3606137446602
NFLX,2025-05-12,2025-05-13,2025-05-15,2231.8164856307017,0.04,4,HIGH,TP,2025-05-15,89.27265942522807
AMZN,2025-05-15,2025-05-16,2025-05-19,2256.5431402646796,-0.0199999999999999,4,HIGH,SL,2025-05-19,-45.13086280529336
BLK,2025-05-21,2025-05-22,2025-05-23,2247.516967703621,-0.02,5,HIGH,SL,2025-05-23,-44.95033935407242
NEE,2025-05-21,2025-05-22,2025-05-22,2247.516967703621,-0.02,5,HIGH,SL,2025-05-23,-44.95033935407242
CRM,2025-05-23,2025-05-27,2025-05-29,2229.536831961992,-0.02,4,HIGH,SL,2025-05-29,-44.59073663923984
BAC,2025-05-21,2025-05-22,2025-05-30,2247.516967703621,0.0220010511646313,5,HIGH,TIME,2025-05-30,49.44773579982436
MS,2025-05-21,2025-05-22,2025-05-30,2247.516967703621,0.027445667171517,5,HIGH,TIME,2025-05-30,61.684602657930704
V,2025-05-21,2025-05-22,2025-05-30,2247.516967703621,0.0207681240413522,5,HIGH,TIME,2025-05-30,46.676711170312565
NVDA,2025-05-30,2025-06-02,2025-06-03,2252.1804945597573,0.04,4,HIGH,TP,2025-06-03,90.08721978239029
TSLA,2025-05-30,2025-06-02,2025-06-02,2252.1804945597573,-0.02,3,MEDIUM,SL,2025-06-03,-45.043609891195146
ADBE,2025-06-02,2025-06-03,2025-06-05,2261.189216537996,0.04,5,HIGH,TP,2025-06-05,90.44756866151984
COST,2025-06-05,2025-06-06,2025-06-09,2279.2787302703,-0.02,4,HIGH,SL,2025-06-09,-45.585574605406
GE,2025-06-10,2025-06-11,2025-06-13,2270.161615349219,-0.02,5,HIGH,SL,2025-06-13,-45.403232306984386
AMD,2025-06-12,2025-06-13,2025-06-16,2261.080968887822,0.04,4,HIGH,TP,2025-06-16,90.44323875551288
NKE,2025-06-13,2025-06-16,2025-06-17,2279.1696166389247,-0.02,4,HIGH,SL,2025-06-17,-45.583392332778494
COP,2025-06-16,2025-06-17,2025-06-18,2270.052938172369,-0.0199999999999999,3,MEDIUM,SL,2025-06-18,-45.40105876344715
AMZN,2025-06-11,2025-06-12,2025-06-20,2270.161615349219,-0.0098687144675483,4,HIGH,TIME,2025-06-20,-22.403576777069656
GE,2025-06-12,2025-06-13,2025-06-23,2261.080968887822,0.04,3,MEDIUM,TP,2025-06-23,90.44323875551288
MRK,2025-06-17,2025-06-18,2025-06-24,2260.9727264196795,0.04,5,HIGH,TP,2025-06-24,90.43890905678718
GOOGL,2025-06-20,2025-06-23,2025-06-23,2274.580658815368,-0.0199999999999999,4,HIGH,SL,2025-06-24,-45.49161317630713
NKE,2025-06-17,2025-06-18,2025-06-26,2260.9727264196795,0.04,4,HIGH,TP,2025-06-26,90.43890905678718
COP,2025-06-23,2025-06-24,2025-07-01,2283.570117991464,0.0193926057535078,5,HIGH,TIME,2025-07-01,44.284375008699755
XOM,2025-06-23,2025-06-24,2025-07-01,2283.5701179914645,-9.165463591764844e-05,5,HIGH,TIME,2025-07-01,-0.20929978775692917
CVX,2025-06-24,2025-06-25,2025-07-02,2283.5701179914645,0.0318667076733245,5,HIGH,TIME,2025-07-02,72.76986140157314
AVGO,2025-07-01,2025-07-02,2025-07-03,2325.026887127325,0.04,5,HIGH,TP,2025-07-03,93.00107548509301
NVDA,2025-07-01,2025-07-02,2025-07-03,2325.0268871273247,0.04,5,HIGH,TP,2025-07-03,93.00107548509298
NFLX,2025-07-01,2025-07-02,2025-07-08,2325.026887127325,-0.02,5,HIGH,SL,2025-07-08,-46.500537742546506
META,2025-07-01,2025-07-02,2025-07-10,2325.026887127325,0.0166495903566847,5,HIGH,TIME,2025-07-10,38.710745238947766
NFLX,2025-07-10,2025-07-11,2025-07-11,2360.669358820642,-0.02,4,HIGH,SL,2025-07-12,-47.213387176412844
NEE,2025-07-08,2025-07-09,2025-07-14,2352.927209772853,0.04,5,HIGH,TP,2025-07-14,94.11708839091412
UPS,2025-07-07,2025-07-08,2025-07-15,2352.927209772853,-0.0173758664196488,4,HIGH,TIME,2025-07-15,-40.88414889217006
BAC,2025-07-08,2025-07-09,2025-07-15,2352.927209772853,-0.02,5,HIGH,SL,2025-07-15,-47.05854419545706
JPM,2025-07-08,2025-07-09,2025-07-16,2352.9272097728526,-0.0047357437156928,5,HIGH,TIME,2025-07-16,-11.14286024716438
CVX,2025-07-14,2025-07-15,2025-07-18,2352.461560446017,-0.02,5,HIGH,SL,2025-07-18,-47.04923120892034
GE,2025-07-17,2025-07-18,2025-07-21,2340.8231421548003,-0.02,4,HIGH,SL,2025-07-21,-46.816462843096005
LLY,2025-07-15,2025-07-16,2025-07-23,2350.232988396584,0.0328248209056902,4,HIGH,TIME,2025-07-23,77.14597693076294
PFE,2025-07-15,2025-07-16,2025-07-23,2350.232988396584,0.0275526551476381,4,HIGH,TIME,2025-07-23,64.75515904589402
NVDA,2025-07-22,2025-07-23,2025-07-28,2359.8400767815124,0.04,5,HIGH,TP,2025-07-28,94.3936030712605
AMT,2025-07-28,2025-07-29,2025-07-29,2378.718797395764,-0.02,5,HIGH,SL,2025-07-30,-47.57437594791528
META,2025-07-29,2025-07-30,2025-07-30,2369.203922206181,-0.02,4,HIGH,SL,2025-07-31,-47.38407844412362
NKE,2025-07-30,2025-07-31,2025-07-31,2359.7271065173563,-0.02,3,MEDIUM,SL,2025-08-01,-47.19454213034713
AVGO,2025-07-31,2025-08-01,2025-08-04,2350.288198091287,0.04,5,HIGH,TP,2025-08-04,94.01152792365149
GOOGL,2025-07-31,2025-08-01,2025-08-05,2350.288198091287,0.04,5,HIGH,TP,2025-08-05,94.01152792365149
ORCL,2025-08-01,2025-08-04,2025-08-05,2369.0905036760173,0.04,5,HIGH,TP,2025-08-05,94.7636201470407
CAT,2025-08-01,2025-08-04,2025-08-07,2369.0905036760173,-0.02,5,HIGH,SL,2025-08-07,-47.38181007352035
NKE,2025-07-31,2025-08-01,2025-08-08,2350.288198091287,0.0102125151698353,4,HIGH,TIME,2025-08-08,24.002353876492144
PEP,2025-07-31,2025-08-01,2025-08-08,2350.288198091287,0.04,4,HIGH,TP,2025-08-08,94.01152792365149
CAT,2025-08-07,2025-08-08,2025-08-11,2420.971947635481,-0.0199999999999999,4,HIGH,SL,2025-08-11,-48.41943895270937
ORCL,2025-08-07,2025-08-08,2025-08-13,2420.971947635481,-0.0199999999999999,5,HIGH,SL,2025-08-13,-48.41943895270937
GE,2025-08-13,2025-08-14,2025-08-15,2401.6041720543976,-0.0200000000000001,4,HIGH,SL,2025-08-15,-48.0320834410882
ORCL,2025-08-13,2025-08-14,2025-08-19,2401.604172054397,-0.02,4,HIGH,SL,2025-08-19,-48.03208344108794
MS,2025-08-15,2025-08-18,2025-08-20,2391.9977553661793,-0.02,5,HIGH,SL,2025-08-20,-47.83995510732359
META,2025-08-18,2025-08-19,2025-08-19,2382.391338677962,-0.02,4,HIGH,SL,2025-08-20,-47.64782677355924
WMT,2025-08-13,2025-08-14,2025-08-21,2401.604172054397,-0.02,5,HIGH,SL,2025-08-21,-48.03208344108794
AVGO,2025-08-19,2025-08-20,2025-08-20,2363.293782301785,-0.0199999999999999,4,HIGH,SL,2025-08-21,-47.26587564603547
NVDA,2025-08-19,2025-08-20,2025-08-20,2296.279419484778,-0.0199999999999999,4,HIGH,SL,2025-08-21,-45.92558838969533
BA,2025-08-19,2025-08-20,2025-08-22,2363.293782301785,0.04,4,HIGH,TP,2025-08-22,94.5317512920714
BLK,2025-08-15,2025-08-18,2025-08-25,2391.9977553661797,0.0027338580511275,5,HIGH,TIME,2025-08-25,6.539382321786738
AVGO,2025-08-29,2025-09-02,2025-09-03,2355.263299529193,0.04,4,HIGH,TP,2025-09-03,94.21053198116772
TSLA,2025-08-29,2025-09-02,2025-09-03,2355.2632995291924,0.04,4,HIGH,TP,2025-09-03,94.2105319811677
NVDA,2025-08-29,2025-09-02,2025-09-05,2355.263299529193,-0.02,4,HIGH,SL,2025-09-05,-47.10526599058386
CVX,2025-09-03,2025-09-04,2025-09-05,2392.9475123216594,-0.02,5,HIGH,SL,2025-09-05,-47.85895024643319
CAT,2025-08-29,2025-09-02,2025-09-09,2355.263299529193,0.0100986736806323,4,HIGH,TIME,2025-09-09,23.78503549391465
PLD,2025-09-02,2025-09-03,2025-09-10,2392.9475123216594,-0.0001801914167361,5,HIGH,TIME,2025-09-10,-0.43118860242036594
NKE,2025-09-02,2025-09-03,2025-09-10,2392.9475123216594,-0.0020160469696134,4,HIGH,TIME,2025-09-10,-4.8242945806600055
AVGO,2025-09-09,2025-09-10,2025-09-10,2377.6605795364226,0.04,3,MEDIUM,TP,2025-09-11,95.1064231814569
JPM,2025-09-05,2025-09-08,2025-09-12,2354.660352124511,0.04,4,HIGH,TP,2025-09-12,94.18641408498044
AMZN,2025-09-10,2025-09-11,2025-09-12,2396.681864172714,-0.02,5,HIGH,SL,2025-09-12,-47.93363728345428
CVX,2025-09-05,2025-09-08,2025-09-15,2373.954669074256,0.0220908741898799,4,HIGH,TIME,2025-09-15,52.442733926997356
AAPL,2025-09-10,2025-09-11,2025-09-15,2396.6818641727145,0.04,4,HIGH,TP,2025-09-15,95.86727456690858
PEP,2025-09-08,2025-09-09,2025-09-16,2378.711676173039,-0.0081457263757263,4,HIGH,TIME,2025-09-16,-19.37633444085084
AVGO,2025-09-17,2025-09-18,2025-09-19,2431.7191543436306,-0.0199999999999999,4,HIGH,SL,2025-09-19,-48.63438308687237
MA,2025-09-18,2025-09-19,2025-09-23,2421.992277726256,-0.02,3,MEDIUM,SL,2025-09-23,-48.43984555452512
XOM,2025-09-29,2025-09-30,2025-10-02,2412.304308615351,-0.02,5,HIGH,SL,2025-10-02,-48.246086172307024
ABBV,2025-10-02,2025-10-03,2025-10-06,2402.6550913808896,-0.02,4,HIGH,SL,2025-10-06,-48.053101827617795
COP,2025-09-29,2025-09-30,2025-10-07,2412.3043086153516,-0.0200000000000001,4,HIGH,SL,2025-10-07,-48.24608617230727
CVX,2025-09-29,2025-09-30,2025-10-07,2412.304308615351,-0.02,4,HIGH,SL,2025-10-07,-48.246086172307024
PFE,2025-10-06,2025-10-07,2025-10-08,2373.7460365464435,-0.02,5,HIGH,SL,2025-10-08,-47.47492073092887
BLK,2025-10-01,2025-10-02,2025-10-09,2402.6550913808896,0.0191089458924029,5,HIGH,TIME,2025-10-09,45.91220613930377
BLK,2025-10-10,2025-10-13,2025-10-14,2373.433493628119,0.04,3,MEDIUM,TP,2025-10-14,94.93733974512476
GS,2025-10-14,2025-10-15,2025-10-15,2392.4209615771433,-0.0200000000000001,3,MEDIUM,SL,2025-10-16,-47.848419231543105
UNH,2025-10-10,2025-10-13,2025-10-20,2373.433493628119,0.0274568371388486,4,HIGH,TIME,2025-10-20,65.16697689443572
AAPL,2025-10-10,2025-10-13,2025-10-20,2373.433493628119,0.04,3,MEDIUM,TP,2025-10-20,94.93733974512476
BLK,2025-10-16,2025-10-17,2025-10-21,2382.8512777308347,-0.0200000000000001,3,MEDIUM,SL,2025-10-21,-47.657025554616936
BAC,2025-10-16,2025-10-17,2025-10-24,2382.8512777308347,0.0317958205117165,3,MEDIUM,TIME,2025-10-24,75.76471153284393
LLY,2025-10-17,2025-10-20,2025-10-27,2414.872141058747,0.0258315864493696,4,HIGH,TIME,2025-10-27,62.37997847593328
GOOGL,2025-10-21,2025-10-22,2025-10-27,2405.3407359478233,0.04,4,HIGH,TP,2025-10-27,96.21362943791293
GE,2025-10-22,2025-10-23,2025-10-27,2405.3407359478233,0.04,4,HIGH,TP,2025-10-27,96.21362943791293
HON,2025-10-24,2025-10-27,2025-10-28,2471.455125724744,-0.02,3,MEDIUM,SL,2025-10-28,-49.42910251449488
TSLA,2025-10-24,2025-10-27,2025-10-27,2471.455125724744,0.04,3,MEDIUM,TP,2025-10-28,98.85820502898976
CAT,2025-10-22,2025-10-23,2025-10-29,2405.3407359478233,0.04,4,HIGH,TP,2025-10-29,96.21362943791293
NEE,2025-10-28,2025-10-29,2025-10-29,2500.5836721152255,-0.0199999999999999,4,HIGH,SL,2025-10-30,-50.01167344230426
UNH,2025-10-29,2025-10-30,2025-10-31,2490.5813374267645,-0.0200000000000001,4,HIGH,SL,2025-10-31,-49.811626748535545
MSFT,2025-10-30,2025-10-31,2025-10-31,2480.6190120770575,-0.02,5,HIGH,SL,2025-11-01,-49.61238024154115
UNH,2025-10-30,2025-10-31,2025-10-31,2450.732036027935,-0.02,4,HIGH,SL,2025-11-01,-49.0146407205587
PEP,2025-10-29,2025-10-30,2025-11-03,2490.581337426765,-0.0200000000000001,4,HIGH,SL,2025-11-03,-49.81162674853555
KO,2025-10-29,2025-10-30,2025-11-06,2490.581337426765,0.0089115745693573,5,HIGH,TIME,2025-11-06,22.19500130952825
NEE,2025-10-29,2025-10-30,2025-11-06,2490.5813374267645,0.0021999732073623,3,MEDIUM,TIME,2025-11-06,5.479212213095447
NVDA,2025-11-04,2025-11-05,2025-11-05,2450.9312825349302,-0.02,5,HIGH,SL,2025-11-06,-49.0186256506986
AVGO,2025-11-04,2025-11-05,2025-11-07,2450.9312825349307,-0.0200000000000001,3,MEDIUM,SL,2025-11-07,-49.01862565069886
TSLA,2025-11-06,2025-11-07,2025-11-07,2436.8586749791752,-0.02,4,HIGH,SL,2025-11-08,-48.737173499583506
NVDA,2025-11-06,2025-11-07,2025-11-07,2436.8586749791752,-0.0199999999999999,3,MEDIUM,SL,2025-11-08,-48.737173499583264
TSLA,2025-11-07,2025-11-10,2025-11-12,2417.3638055793417,-0.02,3,MEDIUM,SL,2025-11-12,-48.34727611158684
BAC,2025-11-05,2025-11-06,2025-11-13,2446.662400109315,-0.0102957486625397,5,HIGH,TIME,2025-11-13,-25.190221133611654
GOOGL,2025-11-07,2025-11-10,2025-11-13,2417.3638055793417,-0.02,3,MEDIUM,SL,2025-11-13,-48.34727611158684
AMD,2025-11-11,2025-11-12,2025-11-12,2407.6943503570246,0.04,3,MEDIUM,TP,2025-11-13,96.307774014281
JPM,2025-11-13,2025-11-14,2025-11-14,2412.248405710841,-0.0200000000000001,5,HIGH,SL,2025-11-15,-48.24496811421706
GS,2025-11-13,2025-11-14,2025-11-14,2407.1330058423396,-0.02,4,HIGH,SL,2025-11-15,-48.14266011684679
BAC,2025-11-13,2025-11-14,2025-11-17,2412.248405710841,-0.0199999999999999,5,HIGH,SL,2025-11-17,-48.244968114216576
UPS,2025-11-10,2025-11-11,2025-11-18,2417.3638055793417,0.0067557516401115,3,MEDIUM,TIME,2025-11-18,16.331109494288814
PFE,2025-11-14,2025-11-17,2025-11-20,2383.3218864417845,-0.02,5,HIGH,SL,2025-11-20,-47.66643772883569
MS,2025-11-17,2025-11-18,2025-11-20,2386.588108340643,0.04,4,HIGH,TP,2025-11-20,95.46352433362573
CAT,2025-11-13,2025-11-14,2025-11-21,2412.248405710841,-0.02,4,HIGH,SL,2025-11-21,-48.24496811421682
ABBV,2025-11-24,2025-11-25,2025-11-28,2386.4985320387573,-0.0200000000000001,5,HIGH,SL,2025-11-28,-47.729970640775385
MCD,2025-12-01,2025-12-02,2025-12-09,2376.9525379106026,0.0230086155703792,5,HIGH,TIME,2025-12-09,54.690387173822245
UPS,2025-12-04,2025-12-05,2025-12-10,2376.9525379106026,0.04,5,HIGH,TP,2025-12-10,95.0781015164241
ADBE,2025-12-08,2025-12-09,2025-12-11,2387.8906153453668,-0.02,3,MEDIUM,SL,2025-12-11,-47.75781230690733
MRK,2025-12-09,2025-12-10,2025-12-17,2406.9062356486515,0.0201702903994396,3,MEDIUM,TIME,2025-12-17,48.5479977372553
GS,2025-12-12,2025-12-15,2025-12-17,2397.3546731872702,-0.02,4,HIGH,SL,2025-12-17,-47.947093463745404
CRM,2025-12-15,2025-12-16,2025-12-19,2397.3546731872702,0.0249195025263075,5,HIGH,FINAL,2025-12-19,59.740885834945274
JNJ,2025-12-16,2025-12-17,2025-12-19,2397.4748540419723,-0.0144227357768123,5,HIGH,FINAL,2025-12-19,-34.578146351399
PFE,2025-12-16,2025-12-17,2025-12-19,2397.4748540419723,-0.0082676873935462,5,HIGH,FINAL,2025-12-19,-19.821572627106832
COP,2025-12-16,2025-12-17,2025-12-19,2397.4748540419723,0.0001087699222392,4,HIGH,FINAL,2025-12-19,0.2607731534445827
NKE,2025-12-17,2025-12-18,2025-12-19,2397.4748540419723,-0.02,4,HIGH,SL,2025-12-19,-47.94949708083945
COP,2025-12-18,2025-12-19,2025-12-19,2389.0053426277805,-0.0055164361673418,5,HIGH,FINAL,2025-12-19,-13.178795476044677
