Ticker,Entry_Date,Exit_Date,Raw_Entry_Price,Entry_Price,Raw_Exit_Price,Exit_Price,Shares,Allocation,Buy_Fee,Sell_Fee,Slippage_Cost,Total_Costs,Entry_Cost,Net_Proceeds,PnL,Return_pct,Holding_Days,Exit_Reason,Exit_Year
TSLA,2022-01-03,2022-01-06,382.5833435058594,382.7746351776123,354.8999938964844,354.72254389953616,5.222394109454088,2000.0,1.0,0.9262504618757534,1.925714318535145,3.8519647804108983,2000.0,1851.5746732896312,-148.42532671036884,-7.4212663355184425,3,TIME,2022
NVDA,2022-01-03,2022-01-06,29.72110791823675,29.735968472195868,28.089256286621094,28.075211658477784,67.8204268893008,2017.7149332177223,1.0088574666088612,0.952036419842719,1.960361789499598,3.921255675951178,2017.7149332177223,1903.1208032655954,-114.59412995212688,-5.67940138944105,3,TIME,2022
AMD,2022-01-03,2022-01-06,145.13999938964844,145.21256938934326,136.22999572753906,136.1618807296753,13.913660585075831,2021.4491277339614,1.0107245638669806,0.9472550965491398,1.9574433054425018,3.915422965858622,2021.4491277339614,1893.5629380017303,-127.88618973223106,-6.326460952079022,3,TIME,2022
TSLA,2022-01-06,2022-01-10,359.0,359.17949999999996,352.7066650390625,352.530311706543,5.347905326683997,1921.818870721055,0.9609094353605275,0.9426493658964955,1.9030699324991416,3.8066287337561646,1921.818870721055,1884.3560824270946,-37.46278829396033,-1.9493402247582527,4,TIME,2022
COP,2022-01-21,2022-01-24,71.73801876249225,71.77388777187349,70.1412353515625,70.10616473388673,26.65829049120475,1914.326313062263,0.9571631565311315,0.9344552523501032,1.8911291854236416,3.782747594304876,1914.326313062263,1867.9760494478562,-46.350263614406686,-2.4212310773842014,3,TIME,2022
COP,2022-01-25,2022-01-28,70.22571326253696,70.26082611916821,75.37940979003906,75.34172008514405,27.10050304531993,1905.0562603393819,0.952528130169691,1.020899257303544,1.972986040349873,3.9464134278231078,1905.0562603393819,2040.7776153497844,135.72135501040248,7.124270176998553,3,TIME,2022
V,2022-01-28,2022-01-31,212.8116854164778,212.918091259186,218.1455078125,218.03643505859375,9.07031628761359,1932.2005313414622,0.9661002656707312,0.9888297141025828,1.9544590245043851,3.909389004277699,1932.2005313414622,1976.670598491063,44.47006714960071,2.3015244240061685,3,TIME,2022
COP,2022-01-28,2022-01-31,74.33177130278283,74.36893718843422,74.87249755859375,74.83506130981446,26.13617736943667,1944.692079172998,0.972346039586499,0.9779512179229892,1.949814617618729,3.9001118751282173,1944.692079172998,1954.9244846280556,10.23240545505746,0.5261709843241046,3,TIME,2022
V,2022-01-31,2022-02-03,217.5475100640139,217.65628381904588,223.3249664306641,223.21330394744876,8.923103074589543,1943.141025862394,0.971570512931197,0.9958776593713852,1.966975275255582,3.934423447558164,1943.141025862394,1990.7594410833988,47.61841522100485,2.450589771263314,3,TIME,2022
MA,2022-02-01,2022-02-04,375.48260239896206,375.67034370016154,372.0173950195313,371.83138632202156,5.200030897366382,1954.4746317809786,0.9772373158904893,0.9667673487425439,1.9435115411786372,3.8875162058116706,1954.4746317809786,1932.5679301363452,-21.90670164463336,-1.1208486049609805,3,TIME,2022
MS,2022-02-01,2022-02-04,89.0279437165657,89.07245768842398,90.02233123779297,89.97732007217408,21.998732489170962,1960.4613995404086,0.9802306997702043,0.9896934971801352,1.9694395504164617,3.939363747366801,1960.4613995404086,1978.3973008630903,17.93590132268173,0.9148816358682934,3,TIME,2022
UPS,2022-02-01,2022-02-04,178.50667879587238,178.5959321352703,178.33213806152344,178.2429719924927,10.990473879035566,1963.8358449571751,0.9819179224785876,0.9794873639025794,1.9609138478480839,3.9223191342292507,1963.8358449571751,1957.9952404412563,-5.8406045159188125,-0.29740797994478896,3,TIME,2022
AVGO,2022-02-02,2022-02-07,55.28296703945002,55.310608522969744,54.23361206054688,54.20649525451661,34.222102804588644,1893.792227171013,0.9468961135855066,0.9275301266382571,1.8739438143833365,3.7483700546071,1893.792227171013,1854.1327231498758,-39.65950402113731,-2.0941845389439324,5,TIME,2022
COP,2022-02-03,2022-02-07,78.38716128316608,78.42635486380766,78.5223617553711,78.4831005744934,24.824603884786644,1947.8771321878294,0.9739385660939147,0.974155941705835,1.9476083775912274,3.895702885390977,1947.8771321878294,1947.337727469964,-0.5394047178654091,-0.027691927224360244,4,TIME,2022
AMZN,2022-02-04,2022-02-07,155.60650634765625,155.68430960083006,157.9355010986328,157.8565333480835,12.45830717827938,1940.5332184547178,0.970266609227359,0.9833125912743635,1.9531013210298374,3.90668052153156,1940.5332184547178,1965.6418699574526,25.1086515027348,1.293904750712244,3,TIME,2022
MA,2022-02-04,2022-02-07,377.24432210210176,377.4329442631528,366.109130859375,365.92607629394536,5.151214941479166,1945.2108273084805,0.9726054136542402,0.9424819358411084,1.9145867068474491,3.829674056342798,1945.2108273084805,1884.0213897463755,-61.18943756210501,-3.1456455363643374,3,TIME,2022
GOOGL,2022-02-04,2022-02-07,142.09241348974794,142.1634596964928,137.88890075683594,137.81995630645753,13.63548172111814,1939.4369745897377,0.9697184872948689,0.9396207475110011,1.9088400463315751,3.818179281137445,1939.4369745897377,1878.3018742744912,-61.13510031524652,-3.1522086624227037,3,TIME,2022
NVDA,2022-02-07,2022-02-10,24.29524762592509,24.30739524973805,25.742673873901367,25.729802536964417,79.08119481467493,1923.2194689162968,0.9616097344581485,1.0173717634844002,1.9785293091244132,3.957510807066962,1923.2194689162968,2033.726155205316,110.50668628901917,5.745921777262785,3,TIME,2022
AMD,2022-02-07,2022-02-10,123.55999755859376,123.62177755737305,125.7699966430664,125.70711164474488,15.591780791984917,1928.4478807304463,0.9642239403652232,0.9799988643792185,1.9437493072292373,3.8879721119736788,1928.4478807304463,1959.0177298940575,30.569849163611252,1.5852048411094306,3,TIME,2022
AMZN,2022-02-07,2022-02-10,158.52000427246094,158.59926427459715,159.0034942626953,158.92399251556398,12.152901282970568,1928.4054049834315,0.9642027024917158,0.9656937962686012,1.929415866360146,3.859312365120463,1928.4054049834315,1930.4218987409338,2.016493757502303,0.10456793744153753,3,TIME,2022
MA,2022-02-07,2022-02-10,372.0174207509835,372.20342946135895,364.4154968261719,364.2332890777588,5.173611478920852,1926.5992347723802,0.9632996173861901,0.9422007626888949,1.9050088979159678,3.810509277991053,1926.5992347723802,1883.459324615101,-43.139910157279246,-2.2391740523231363,3,TIME,2022
AVGO,2022-02-07,2022-02-10,54.46710957366001,54.494343128446836,54.57786178588867,54.55057285499573,35.02144503334861,1909.425355178929,0.9547126775894645,0.9552199443894559,1.90945623531556,3.8193888572944803,1909.425355178929,1909.4846688345224,0.05931365559331425,0.0031063615779709838,3,TIME,2022
TSLA,2022-02-10,2022-02-14,302.7900085449219,302.9414035491943,291.9200134277344,291.77405342102054,6.411307010944304,1943.221955457986,0.9716109777289931,0.9353265171549134,1.906434266675757,3.8133717615596634,1943.221955457986,1869.717707792672,-73.5042476653141,-3.7825966024550364,4,TIME,2022
NFLX,2022-02-10,2022-02-14,40.209999084472656,40.23010408401489,39.65700149536133,39.63717299461365,48.228315256376234,1941.2007429321654,0.9706003714660827,0.9558170375278747,1.9259254412724753,3.8523428502664325,1941.2007429321654,1910.6782580182216,-30.5224849139438,-1.572350774389251,4,TIME,2022
AMD,2022-02-10,2022-02-14,128.83999633789062,128.90441633605957,114.2699966430664,114.21286164474488,15.079875261968114,1944.8349365328497,0.9724174682664248,0.8611578534575876,1.8330341845453175,3.66660950626933,1944.8349365328497,1721.4545490617174,-223.38038747113228,-11.485827577190854,4,TIME,2022
NVDA,2022-02-10,2022-02-14,25.91313678658992,25.926093354983212,24.190580368041992,24.17848507785797,74.60512856283856,1935.1871214413977,0.9675935607206989,0.9019194938441337,1.8689971298985326,3.7385101844633652,1935.1871214413977,1802.9370681944233,-132.2500532469744,-6.8339672056348615,4,TIME,2022
AMZN,2022-02-10,2022-02-14,158.35000610351562,158.42918110656737,155.16700744628906,155.08942394256593,12.190245850218687,1932.2567959358455,0.9661283979679228,0.9452891033143356,1.9109247366989348,3.8223422379811933,1932.2567959358455,1889.6329175253568,-42.623878410488715,-2.2059116831748438,4,TIME,2022
UPS,2022-02-14,2022-02-17,169.52623566648103,169.61099878431426,167.16212463378906,167.07854357147218,10.859227145911907,1842.7657451164152,0.9213828725582076,0.907171927925378,1.8280876909424095,3.656642491425995,1842.7657451164152,1813.4366839228305,-29.32906119358472,-1.591578380014432,3,TIME,2022
NVDA,2022-02-15,2022-02-18,24.870431043038703,24.88286625856022,23.567546844482425,23.555763071060184,74.25286550689195,1848.5483959208123,0.9242741979604061,0.8745414536138221,1.7983293287537876,3.5971449803280158,1848.5483959208123,1748.2083657740302,-100.34003014678206,-5.428044533115941,3,TIME,2022
BA,2022-02-16,2022-02-22,216.1000061035156,216.20805610656734,198.7400054931641,198.6406354904175,8.635240930341585,1867.9426268744573,0.9339713134372287,0.8576548730079583,1.7911217238413952,3.5827479102865825,1867.9426268744573,1714.4520911429086,-153.4905357315488,-8.217090478221884,6,TIME,2022
AMZN,2022-02-17,2022-02-22,158.14599609375,158.22506909179685,150.19749450683594,150.12239575958253,11.530087524045042,1825.2615258894364,0.9126307629447182,0.8654621812136575,1.777613717046783,3.555706661205159,1825.2615258894364,1730.0589002461013,-95.20262564333507,-5.215834788219926,5,TIME,2022
AMD,2022-02-28,2022-03-03,120.30999755859376,120.37015255737306,111.9800033569336,111.92401335525513,14.673153688031052,1767.0932945733655,0.8835466472866828,0.8211391246714493,1.704213441813195,3.4088992137713268,1767.0932945733655,1641.4571102182272,-125.63618435513831,-7.109765213922733,3,TIME,2022
COP,2022-03-01,2022-03-04,81.38826264410004,81.42895677542208,85.14136505126953,85.0987943687439,21.452439835164217,1747.7236578938766,0.8738618289469383,0.9127883831202449,1.7862334094534398,3.572883621520623,1747.7236578938766,1824.6639778573697,76.94031996349304,4.402316099343259,3,TIME,2022
COP,2022-03-04,2022-03-07,82.88270642118606,82.92414777439664,85.99049377441406,85.94749852752686,21.1817123452731,1757.3541216950362,0.8786770608475181,0.9102575953029287,1.7885117746842152,3.577446430834662,1757.3541216950362,1819.6049330105545,62.250811315518376,3.542303201558207,3,TIME,2022
COP,2022-03-07,2022-03-10,86.17730145908214,86.22039010981167,84.67435455322266,84.63201737594605,20.51625351686807,1769.8042839581399,0.8849021419790699,0.8681659620644464,1.7526179442622811,3.5056860483057974,1769.8042839581399,1735.4637581668283,-34.34052579131162,-1.9403572532048325,3,TIME,2022
CAT,2022-03-08,2022-03-11,189.0159401939916,189.1104481640886,199.1774139404297,199.0778252334595,9.302490467735703,1760.0781804859039,0.880039090242952,0.9259597857859057,1.8055824882367424,3.6115813642656,1760.0781804859039,1850.9936117860254,90.91543130012155,5.165420053955931,3,TIME,2022
XOM,2022-03-08,2022-03-11,76.57715135317999,76.61543992885657,73.025634765625,72.98912194824219,23.094758596242908,1770.3002400219034,0.8851501200109517,0.8428330757731941,1.7275201153695852,3.455503311153731,1770.3002400219034,1684.823318470615,-85.47692155128834,-4.828385582223655,3,TIME,2022
TSLA,2022-03-09,2022-03-14,279.82666015625,279.9665734863281,255.4566650390625,255.32893670654298,6.196491079984113,1735.6782144089532,0.8678391072044767,0.7910717393819608,1.6584391749183944,3.317350021504832,1735.6782144089532,1581.3524070245396,-154.32580738441357,-8.891383558499397,5,TIME,2022
CRM,2022-03-09,2022-03-14,194.9768045779972,195.07429298028617,189.8357391357422,189.74082126617432,8.932550006072187,1743.3825682296979,0.871691284114849,0.8474346870766537,1.7186786448431373,3.43780461603464,1743.3825682296979,1694.0219394662306,-49.360628763467275,-2.8313136578846305,5,TIME,2022
COP,2022-03-10,2022-03-14,82.60249705918697,82.64379830771657,81.98265838623047,81.94166705703736,21.32443009648073,1763.213506673891,0.8816067533369456,0.8736796755734455,1.7548423211068607,3.5101287500172518,1763.213506673891,1746.4856714713176,-16.727835202573488,-0.948712968636947,4,TIME,2022
XOM,2022-03-11,2022-03-14,72.29469176679196,72.33083911267535,70.41143035888672,70.37622464370727,24.15530839203092,1748.047748895493,0.8740238744477465,0.8499797048677978,1.7235551946882361,3.4475587740037805,1748.047748895493,1699.109430030728,-48.93831886476505,-2.799598517585507,3,TIME,2022
CVX,2022-03-11,2022-03-14,138.768520098444,138.8379043584932,139.46279907226562,139.3930676727295,12.607176246926906,1751.2295447738923,0.8756147723869462,0.8786764858749552,1.753855639099907,3.5081468973618084,1751.2295447738923,1756.4742952640354,5.244750490143133,0.29948960750432646,3,TIME,2022
CVX,2022-03-14,2022-03-17,139.03618402359692,139.10570211560872,134.20956420898438,134.1424594268799,12.29530267728912,1711.2023128046292,0.8556011564023146,0.8246610702647318,1.6798195899008843,3.3600818165679307,1711.2023128046292,1648.4974794591988,-62.704833345430416,-3.6643728725832743,3,TIME,2022
CAT,2022-03-14,2022-03-17,200.54032167180037,200.64059183263626,205.5468292236328,205.444055809021,8.527952122351504,1711.9093156067956,0.8559546578033979,0.8760085358805207,1.7315458901691212,3.46350908385304,1711.9093156067956,1751.141063225161,39.23174761836526,2.2916954339055837,3,TIME,2022
PFE,2022-03-14,2022-03-17,39.568952432588524,39.58873690880482,42.3150634765625,42.29390594482422,43.177736852641296,1710.207168160903,0.8551035840804515,0.9130775706779908,1.7677832456814642,3.5359644004399065,1710.207168160903,1825.2420637853033,115.0348956244004,6.726371972122237,3,TIME,2022
ORCL,2022-03-15,2022-03-18,73.48834501161325,73.52508918411905,76.90618896484375,76.86773587036133,23.1662824225102,1704.1550587089064,0.8520775293544532,0.8903698391758543,1.742041124450155,3.4844884929804625,1704.1550587089064,1779.8493085125326,75.69424980362624,4.44174662492117,3,TIME,2022
MS,2022-03-17,2022-03-21,77.99455277298165,78.03355004936813,80.07846069335938,80.0384214630127,22.29077272314379,1740.2982780695656,0.8701491390347829,0.892059130975605,1.7617848084201078,3.523993078430496,1740.2982780695656,1783.2262028202342,42.92792475066858,2.466699260214553,4,TIME,2022
AMZN,2022-03-17,2022-03-21,152.6405029296875,152.71682318115234,161.4915008544922,161.41075510406495,11.47995529399081,1754.0593324261413,0.8770296662130707,0.9264941262819824,1.803110679926911,3.606634472421964,1754.0593324261413,1852.0617584376826,98.00242601154127,5.587178506441308,4,TIME,2022
CAT,2022-03-17,2022-03-21,199.63168869251297,199.7315045368592,207.410400390625,207.3066951904297,8.828775766149196,1764.2668003917368,0.8821334001958684,0.9151321633288719,1.7968416659496456,3.594107229474386,1764.2668003917368,1829.3491944944149,65.08239410267811,3.6889201841936408,4,TIME,2022
NVDA,2022-03-18,2022-03-21,24.72511412706269,24.737476684126218,26.654346466064453,26.641019292831423,72.3370723125578,1790.331805632667,0.8951659028163336,0.963566669532897,1.8583198781523007,3.717052450501531,1790.331805632667,1926.1697723962611,135.83796676359407,7.587306796216565,3,TIME,2022
TSLA,2022-03-18,2022-03-21,291.4966735839844,291.64242192077637,307.0533447265625,306.8998180541992,5.738102984054172,1674.3114072039948,0.8371557036019974,0.8805113808912415,1.717270823086756,3.434937907579995,1674.3114072039948,1760.1422504015918,85.830843197597,5.12633688263103,3,TIME,2022
AMD,2022-03-21,2022-03-24,113.7300033569336,113.78686835861205,120.52999877929688,120.46973377990723,16.076325565328137,1830.1898357100372,0.9150949178550186,0.9683553305070987,1.8830200306380904,3.766470279000208,1830.1898357100372,1935.7423056836901,105.55246997365293,5.76729626152158,3,TIME,2022
NVDA,2022-03-21,2022-03-24,26.428023517702798,26.44123752946165,28.066125869750977,28.052092806816102,69.43498615918821,1836.865394587271,0.9184326972936355,0.9738983378887697,1.8919002542372247,3.7842312894196297,1836.865394587271,1946.8227774396505,109.9573828523794,5.9861426523899395,3,TIME,2022
TSLA,2022-03-21,2022-03-24,304.99334716796875,305.14584384155273,337.97332763671875,337.80434097290043,6.025713172222076,1839.6411512604952,0.9198205756302477,1.0177560335171019,1.9371663808349457,3.874742989982295,1839.6411512604952,2034.4943110006866,194.85315974019136,10.591911341333109,3,TIME,2022
BA,2022-03-21,2022-03-24,184.3999938964844,184.49219389343264,189.0500030517578,188.95547805023193,9.977848281491815,1841.755997787135,0.9208779988935675,0.9426845459709855,1.8631137051365527,3.7266762500011055,1841.755997787135,1884.426407396,42.67040960886516,2.316832938789587,3,TIME,2022
NFLX,2022-03-21,2022-03-24,37.80199813842773,37.82089913749694,37.57099914550781,37.55221364593506,47.634921217922084,1802.4967992052464,0.9012483996026232,0.8943983692913476,1.7951933937891158,3.5908401626830866,1802.4967992052464,1787.902340213404,-14.59445899184243,-0.809680161333845,3,TIME,2022
NVDA,2022-03-24,2022-03-28,26.088038001343623,26.101082020344293,28.134923934936523,28.120856472969056,73.44211584938837,1917.8776283466866,0.9589388141733434,1.0326275994359082,1.9911245261104695,3.982690939719721,1917.8776283466866,2064.2225712723807,146.3449429256941,7.630567287645526,4,TIME,2022
AMD,2022-03-24,2022-03-28,114.95999908447266,115.01747908401488,120.23999786376952,120.17987786483764,16.915480821415457,1946.549236191303,0.9732746180956515,1.0164502095713566,1.989260518787217,3.978985346454225,1946.549236191303,2031.8839689331417,85.3347327418387,4.383897984969962,4,TIME,2022
TSLA,2022-03-24,2022-03-28,336.57666015625,336.7449484863281,363.9466552734375,363.7646819458008,5.832370974976376,1965.0039655043272,0.9825019827521636,1.0608052863511008,2.0428559261028045,4.086163195206069,1965.0039655043272,2120.5497674158505,155.5458019115233,7.915800916544296,4,TIME,2022
BA,2022-03-24,2022-03-28,186.3500061035156,186.44318110656735,188.16000366210935,188.06592366027832,10.540783555909346,1966.2403376883774,0.9831201688441887,0.9911810977725821,1.9738144762301963,3.9481157428469675,1966.2403376883774,1981.3710144473916,15.13067675901425,0.769523260661142,4,TIME,2022
NFLX,2022-03-24,2022-03-28,37.97600173950195,37.9949897403717,37.85100173950195,37.832076238632204,47.185698108263196,1793.7169740027377,0.8968584870013689,0.8925664641024483,1.788975047306961,3.578399998410778,1793.7169740027377,1784.2403617407942,-9.476612261943501,-0.5283226060350052,4,TIME,2022
NVDA,2022-03-28,2022-03-31,27.673304055239864,27.68714070726748,27.204708099365234,27.191105745315554,72.07155592884145,1996.453536761912,0.9982267683809559,0.979852649245276,1.9775718611318025,3.9556512787580345,1996.453536761912,1958.7254458413067,-37.728090920605155,-1.8897555202710654,3,TIME,2022
AMD,2022-03-28,2022-03-31,117.6999969482422,117.75884694671632,109.33999633789062,109.28532633972169,16.998357880595268,2002.7083781956253,1.0013541890978126,0.928835544110117,1.9296535295425226,3.859843262750452,2002.7083781956253,1856.7422526761238,-145.96612551950147,-7.288436354923135,3,TIME,2022
TSLA,2022-03-28,2022-03-31,355.0333251953125,355.2108418579101,359.20001220703125,359.02041220092775,5.658435771529114,2010.943205606573,1.0054716028032864,1.0157469715534286,2.0207217327876728,4.0419403071443885,2010.943205606573,2030.4781961353037,19.53499052873076,0.9714342242121304,3,TIME,2022
ADBE,2022-03-28,2022-03-31,433.4200134277344,433.63672343444824,455.6199951171875,455.39218511962895,4.657396147068993,2020.628319110777,1.0103141595553886,1.0604709041907447,2.070305755193459,4.141090818939593,2020.628319110777,2119.8813374772985,99.25301836652147,4.911987891479221,3,TIME,2022
NFLX,2022-03-28,2022-03-31,37.52299880981445,37.541760309219356,37.45899963378906,37.44027013397217,51.95703294002425,1951.5342441346722,0.9757671220673362,0.972642674317099,1.9479210815212318,3.896330877905667,1951.5342441346722,1944.312705959881,-7.221538174791249,-0.3700441432936958,3,TIME,2022
NVDA,2022-03-31,2022-04-04,27.69923069159201,27.713080306937805,27.278488159179688,27.2648489151001,71.48382466629785,1982.0279876179827,0.9910139938089914,0.9744978397000583,1.9650088074405425,3.930520640949592,1982.0279876179827,1948.0211815604166,-34.00680605756611,-1.7157581159303288,4,TIME,2022
TSLA,2022-03-31,2022-04-04,364.8566589355469,365.03908726501464,381.8166809082031,381.62577256774904,5.406474251297709,1974.5617068689535,0.9872808534344768,1.0316249565095654,2.018435092997741,4.037340902941783,1974.5617068689535,2062.2182880626215,87.65658119366799,4.439293079002546,4,TIME,2022
META,2022-03-31,2022-04-04,226.4613295729708,226.57456023775728,231.8539581298828,231.73803115081787,8.681762249032653,1968.0504889077902,0.984025244453895,1.0059472452551619,1.9894921814664277,3.9794646711754846,1968.0504889077902,2010.8885432650684,42.838054357278224,2.176674561893586,4,TIME,2022
TSLA,2022-04-04,2022-04-07,363.1266784667969,363.30824180603025,352.4200134277344,352.2438034210205,5.505861581328703,2001.3255535166588,1.0006627767583294,0.9697028122584483,1.9698505202743153,3.940216109291093,2001.3255535166588,1938.4359217046383,-62.889631812020525,-3.142398881656864,3,TIME,2022
ADBE,2022-04-06,2022-04-11,448.239990234375,448.4641102294922,434.4400024414063,434.22278244018565,4.4238143723888035,1984.9144335505594,0.9924572167752796,0.960460492888775,1.952406218909319,3.905323928573374,1984.9144335505594,1919.9605252846611,-64.95390826589824,-3.272378253087238,5,TIME,2022
META,2022-05-04,2022-05-09,208.8162478551521,208.92065597907967,194.50196838378903,194.40471739959716,9.452243761268242,1975.756845501075,0.9878784227505376,0.918780388600729,1.9061310466247927,3.8127898579760595,1975.756845501075,1836.6419968128573,-139.11484868821776,-7.041091569794694,5,TIME,2022
AMD,2022-05-04,2022-05-09,98.18000030517578,98.22909030532837,86.36000061035156,86.31682061004639,20.34300027936348,1999.2740485471893,0.9996370242735947,0.8779715528919706,1.8770486450890647,3.7546572222546297,1999.2740485471893,1755.0651342310491,-244.20891431614018,-12.214879420537631,5,TIME,2022
COP,2022-05-06,2022-05-09,88.71727644212284,88.7616350803439,82.78121948242188,82.73982887268068,21.96375866419356,1950.5143887382592,0.9752571943691296,0.9086388166381163,1.8833757878790607,3.7672717988863065,1950.5143887382592,1816.3689944595944,-134.14539427866475,-6.877436795810575,3,TIME,2022
XOM,2022-05-06,2022-05-09,78.23682899879181,78.2759474132912,72.63006591796875,72.59375088500977,25.069151821526173,1963.293256305749,0.9816466281528745,0.90993188111518,1.8910525467552457,3.7826310560233,1963.293256305749,1818.9538303492448,-144.33942595650433,-7.3519035168542315,3,TIME,2022
COP,2022-05-09,2022-05-12,89.5689400692601,89.61372453929472,84.82520294189453,84.78279034042359,20.560170227952497,1843.3951288531698,0.9216975644265849,0.8715743008999579,1.7927866335334857,3.5860584988600284,1843.3951288531698,1742.2770274990157,-101.11810135415408,-5.485427392718707,3,TIME,2022
META,2022-05-10,2022-05-13,197.77323719295447,197.87212381155092,196.89096069335935,196.79251521301268,9.18273887379551,1817.9170018657396,0.9089585009328698,0.9035471397592628,1.8120491360126638,3.6245547767047963,1817.9170018657396,1806.1907323787664,-11.726269486973251,-0.6450387710186167,3,TIME,2022
AMD,2022-05-13,2022-05-16,88.30000305175781,88.34415305328369,94.23999786376952,94.19287786483764,20.600297571022523,1820.8262546849446,0.9104131273424724,0.970200656543318,1.880189168737104,3.7608029526228943,1820.8262546849446,1939.4311124300928,118.60485774514814,6.513793254023032,3,TIME,2022
COP,2022-05-13,2022-05-16,85.8727290393386,85.91566540385826,90.25341796875,90.20829125976563,21.505237570262352,1848.5610760551697,0.9242805380275848,0.9699753671743404,1.8938173168716692,3.7880732220735944,1848.5610760551697,1938.9807589815064,90.41968292633669,4.891354908288577,3,TIME,2022
XOM,2022-05-13,2022-05-16,75.89338819946808,75.93133489356781,79.01216888427734,78.9726627998352,24.428422625692406,1855.8106446353768,0.9279053223176884,0.9645887913753356,1.892049207754921,3.784543321447945,1855.8106446353768,1928.212993959296,72.40234932391922,3.9013866815137592,3,TIME,2022
AVGO,2022-05-13,2022-05-16,53.617300116059255,53.644108766117284,54.13947677612305,54.11240703773499,34.68927742373303,1861.8062742738887,0.9309031371369444,0.9385601498989764,1.8690023639499624,3.7384656509858836,1861.8062742738887,1876.181739648054,14.375465374165287,0.7721246604871268,3,TIME,2022
CVX,2022-05-13,2022-05-16,139.27879109156473,139.3484304871105,144.72445678710938,144.65209455871582,12.316381707809809,1717.1270237753422,0.8585635118876711,0.8907952057096711,1.7489462035657284,3.4983049211630703,1717.1270237753422,1780.6996162136325,63.57259243829026,3.7022649785405557,3,TIME,2022
COP,2022-05-16,2022-05-19,88.18315155903028,88.22724313480978,89.49203491210938,89.44728889465333,21.44184524426115,1892.7012442465164,0.9463506221232582,0.9589574629989378,1.9048419260293477,3.810150011151544,1892.7012442465164,1916.9559685348765,24.254724288360194,1.2814872057642668,3,TIME,2022
XOM,2022-05-16,2022-05-19,77.30075083523664,77.33940121065426,79.17723083496094,79.13764221954347,24.570275038875817,1901.2009595675243,0.9506004797837622,0.972216817631167,1.9223535235822293,3.8451708209971587,1901.2009595675243,1943.4614184447028,42.26045887717851,2.2228296627197004,3,TIME,2022
CVX,2022-05-16,2022-05-19,141.37005938148323,141.44074441117397,140.7282257080078,140.6578615951538,13.49170144941846,1909.2309118349795,0.9546154559174898,0.9488569375777189,1.9029929209101626,3.8064653144053713,1909.2309118349795,1896.76501821786,-12.465893617119491,-0.6529274976560276,3,TIME,2022
AMD,2022-05-17,2022-05-20,97.87999725341795,97.92893725204466,93.5,93.45325000000001,19.705778418352327,1930.7313038854636,0.9653656519427318,0.9207845184874425,1.8856459097901128,3.771796080220287,1930.7313038854636,1840.6482524563976,-90.08305142906602,-4.665747701287076,3,TIME,2022
AMD,2022-05-23,2022-05-26,91.66000366210938,91.70583366394042,98.75,98.700625,20.549965790949184,1885.494491870387,0.9427472459351935,1.0141472336476518,1.9564595307552763,3.9133540103381215,1885.494491870387,2027.280320061656,141.78582819126905,7.519821924837303,3,TIME,2022
NFLX,2022-05-23,2022-05-26,18.614999771118164,18.624307271003723,19.13999938964844,19.13042938995362,101.91966057312328,1899.132641791147,0.9495663208955736,0.9748834350210874,1.9239883497016508,3.8484381056183117,1899.132641791147,1948.7919866071536,49.659344816006524,2.614843414474243,3,TIME,2022
COP,2022-05-23,2022-05-26,90.71537499901255,90.76073268651206,96.7978744506836,96.74947551345825,20.93892125920991,1901.382526414282,0.950691263207141,1.0129148248230797,1.9631625826428625,3.9267686706730833,1901.382526414282,2024.8167348213362,123.43420840705426,6.491813545790409,3,TIME,2022
ADBE,2022-05-23,2022-05-26,404.010009765625,404.2120147705078,408.6000061035156,408.3957061004639,4.727030849261354,1911.6785027136332,0.9558392513568166,0.9652495507213831,1.9206163067158566,3.841705108794056,1911.6785027136332,1929.5338518920446,17.855349178411416,0.9340142264018608,3,TIME,2022
MA,2022-05-23,2022-05-26,330.45554060032543,330.62076837062557,341.0408935546875,340.87037310791015,5.531622872414488,1829.7842965624861,0.9148921482812431,0.9427831762060881,1.8572325169581738,3.714907841445505,1829.7842965624861,1884.62356923597,54.83927267348395,2.997034829542883,3,TIME,2022
NVDA,2022-05-26,2022-05-31,15.988218897337006,15.996213006785673,18.61637115478516,18.607062969207767,122.65576777735258,1963.0092925236322,0.9815046462618161,1.1411317972848622,2.1222262807315984,4.244862724278277,1963.0092925236322,2281.1224627724396,318.11317024880736,16.205382799785074,5,TIME,2022
AMD,2022-05-26,2022-05-31,91.33999633789062,91.38566633605957,101.86000061035156,101.80907061004639,21.950978280991933,2007.008281077358,1.003504140538679,1.117404348884551,2.120464468449236,4.241372957872466,2007.008281077358,2233.691293420218,226.68301234285968,11.294572846564273,5,TIME,2022
NFLX,2022-05-26,2022-05-31,18.64900016784668,18.658324667930604,19.74399948120117,19.73412748146057,109.23375560033972,2039.1384459114772,1.0195692229557387,1.0778164291479058,2.096905770214017,4.1942914223176615,2039.1384459114772,2154.5550418666635,115.41659595518627,5.660066690743799,5,TIME,2022
COP,2022-05-26,2022-05-31,96.35301976574593,96.40119627562879,96.12201690673828,96.07395589828492,21.24903953677421,2049.4575598330835,1.0247287799165417,1.020739643668479,2.044954832047458,4.090423255632479,2049.4575598330835,2040.4585476932893,-8.999012139794104,-0.43909238796469746,5,TIME,2022
ADBE,2022-05-26,2022-05-31,405.0899963378906,405.29254133605957,416.4800109863281,416.27177098083496,4.33157407990715,1756.4328832726092,0.8782164416363046,0.9015560066888151,1.7793456742773723,3.559118122602492,1756.4328832726092,1802.2104573709412,45.777574098332025,2.60628086243971,5,TIME,2022
AMD,2022-05-31,2022-06-03,102.43000030517578,102.48121530532836,106.3000030517578,106.24685305023192,20.504795445523385,2102.4075606247106,1.0512037803123553,1.0892849942627938,2.1399830110885194,4.280471785663669,2102.4075606247106,2177.4807035313247,75.07314290661407,3.570817776373806,3,TIME,2022
NVDA,2022-05-31,2022-06-03,18.923452187686586,18.93291391378043,18.664226531982425,18.654894418716435,110.84400048001118,2099.6497438189976,1.049824871909499,1.033891562951381,2.083184339022659,4.166900773883539,2099.6497438189976,2066.7492343398108,-32.900509479186894,-1.5669522774472386,3,TIME,2022
BA,2022-05-31,2022-06-03,131.02999877929688,131.09551377868652,139.25,139.180375,15.953072185417367,2092.4224056986127,1.0462112028493065,1.1101772845842293,2.155898165400357,4.312286652833893,2092.4224056986127,2219.2443918838744,126.82198618526172,6.061012625360352,3,TIME,2022
NFLX,2022-05-31,2022-06-03,19.618000030517575,19.62780903053283,19.89800071716309,19.888051716804508,106.59050363400848,2093.1846421176933,1.0465923210588466,1.0599387243966998,2.106015210648251,4.212546256103797,2093.1846421176933,2118.817510069003,25.63286795130989,1.2245870448092384,3,TIME,2022
AMZN,2022-05-31,2022-06-03,116.27999877929688,116.33813877868651,122.3499984741211,122.28882347488404,18.00273392053209,2095.4522833843216,1.0477261416921608,1.100766575236628,2.147996173004983,4.296488889933771,2095.4522833843216,2200.432383898019,104.98010051369738,5.009901745132854,3,TIME,2022
NVDA,2022-06-03,2022-06-06,19.025149434663984,19.034662009381314,18.73003196716309,18.72066695117951,113.54275230292765,2162.3290782402496,1.0811645391201248,1.0627980252916895,2.143413605029499,4.2873761694413135,2162.3290782402496,2124.5332525580875,-37.7958256821621,-1.747922000518125,3,TIME,2022
AMD,2022-06-03,2022-06-06,105.8000030517578,105.85290305328367,105.6500015258789,105.59717652511597,20.33599344102679,2153.700792601522,1.0768503963007612,1.0737117446028532,2.1500229530977215,4.300585094001336,2153.700792601522,2146.3497774611037,-7.35101514041844,-0.34132016692713013,3,TIME,2022
NFLX,2022-06-03,2022-06-06,20.013999938964844,20.024006938934324,19.714000701904297,19.704143701553345,107.58217482073422,2155.3038670495525,1.0776519335247763,1.0599073161966905,2.1370123551118128,4.27457160483328,2155.3038670495525,2118.7547250771845,-36.549141972368034,-1.695776754783122,3,TIME,2022
BA,2022-06-03,2022-06-06,138.52000427246094,138.58926427459716,139.24000549316406,139.1703854904175,15.522854202894848,2152.377131987029,1.0761885659935144,1.0801608016642117,2.155814067492923,4.31216343515065,2152.377131987029,2159.2414425267593,6.864310539730468,0.3189176486647339,3,TIME,2022
CRM,2022-06-03,2022-06-06,181.8538619646943,181.94478889567662,179.7600860595703,179.67020601654053,11.83400800655653,2154.213195140245,1.0771065975701224,1.0631093282697008,2.139671178100617,4.27988710394044,2154.213195140245,2125.155547211132,-29.05764792911259,-1.3488752178598025,3,TIME,2022
TSLA,2022-06-06,2022-06-09,244.35333251953125,244.475509185791,239.7066650390625,239.586811706543,8.75539822260727,2141.5512142033836,1.0707756071016918,1.0488389726878047,2.1190690211295635,4.23868360091906,2141.5512142033836,2096.6291064029215,-44.92210780046207,-2.097643404581022,3,TIME,2022
NVDA,2022-06-06,2022-06-09,19.081980946985432,19.091521937458925,17.998035430908203,17.98903641319275,111.53762333793779,2130.4882269217305,1.0652441134608652,1.0032271838335702,2.067908450060962,4.136379747355397,2130.4882269217305,2005.4511404833067,-125.03708643842378,-5.868940501918924,3,TIME,2022
AMD,2022-06-06,2022-06-09,108.2699966430664,108.32413164138794,98.8000030517578,98.75060305023193,19.581510545368683,2122.2112316695784,1.0611056158347891,0.9668429874948168,2.02737169132656,4.055320294656166,2122.2112316695784,1932.7191320021386,-189.4920996674398,-8.928993346169563,3,TIME,2022
NFLX,2022-06-06,2022-06-09,20.208999633789062,20.219104133605956,19.277000427246094,19.26736192703247,104.38002257838653,2111.5263091351057,1.055763154567553,1.0055638364847972,2.0607747889503565,4.122101780002707,2111.5263091351057,2010.1221091331097,-101.40420000199606,-4.8024123385671595,3,TIME,2022
CRM,2022-06-06,2022-06-09,185.71702657326975,185.80988508655636,183.92796325683597,183.83599927520757,11.300368808136843,2100.770614983104,1.0503853074915521,1.0387072960111117,2.0885623565796183,4.1776549600822825,2100.770614983104,2076.375884726212,-24.394730256892217,-1.161227698202948,3,TIME,2022
TSLA,2022-06-09,2022-06-13,249.33999633789065,249.4646663360596,215.73666381835935,215.62879548645017,8.191456324451329,2044.501169370341,1.0222505846851704,0.8831569302606522,1.9048275745957182,3.810235089541541,2044.501169370341,1765.4307035910438,-279.07046577929714,-13.649807100146798,4,TIME,2022
NVDA,2022-06-09,2022-06-13,18.429837257031576,18.43905217566009,15.603680610656738,15.59587877035141,109.9457876965245,2028.3102709657455,1.0141551354828728,0.8573505881128949,1.870920965023315,3.7424266886190827,2028.3102709657455,1713.843825637677,-314.46644532806863,-15.503862985338074,4,TIME,2022
AMD,2022-06-09,2022-06-13,101.56999969482422,101.62078469467163,86.98999786376953,86.94650286483765,19.852244345442237,2018.4098532608282,1.0092049266304142,0.8630416099272253,1.8716695726543673,3.743916109212007,2018.4098532608282,1725.2201782445234,-293.1896750163048,-14.525775057164145,4,TIME,2022
AMZN,2022-06-09,2022-06-13,119.98999786376952,120.0499928627014,103.66999816894533,103.61816316986086,16.709744757454324,2007.0082429914496,1.0035041214957248,0.8657165294023147,1.8686507230797829,3.737871373977822,2007.0082429914496,1730.567342275227,-276.4409007162226,-13.77378003710572,4,TIME,2022
CRM,2022-06-09,2022-06-13,185.323812597815,185.4164745041139,163.20645141601562,163.12484819030763,10.747572935752883,1993.773970208233,0.9968869851041166,0.876598101779474,1.8729272164027018,3.7464123032862924,1993.773970208233,1752.3196054571683,-241.45436475106476,-12.11041814964847,4,TIME,2022
BA,2022-06-24,2022-06-27,135.00999450683594,135.07749950408936,138.72000122070312,138.65064122009278,13.049508742196247,1763.5767990521495,0.8817883995260748,0.904661377356358,1.7860209861239076,3.5724707630063404,1763.5767990521495,1808.4180933353596,44.84129428321012,2.542633488221805,3,TIME,2022
TSLA,2022-06-27,2022-06-30,249.36666870117188,249.49135203552245,224.47332763671875,224.3610909729004,7.101082947065795,1772.5450579087917,0.8862725289543959,0.7966033585463703,1.6823885588162422,3.3652644463170085,1772.5450579087917,1592.410113734194,-180.13494417459765,-10.162502971129928,3,TIME,2022
BA,2022-06-27,2022-06-30,140.27999877929688,140.35013877868653,136.72000122070312,136.65164122009278,12.575638103524536,1765.8754908056098,0.8829377454028049,0.8592407931182815,1.7417258773380653,3.4839044158591514,1765.8754908056098,1717.6223454434446,-48.25314536216524,-2.7325338402058956,3,TIME,2022
NFLX,2022-06-28,2022-07-01,18.920000076293945,18.92946007633209,17.9950008392334,17.986003338813784,92.09292736539948,1744.1414626071842,0.8720707313035921,0.8281918495376052,1.699805249003346,3.4000678298445433,1744.1414626071842,1655.5555072256725,-88.58595538151167,-5.079057936567328,3,TIME,2022
PLD,2022-06-28,2022-07-01,107.57592449277683,107.62971245502322,106.12588500976562,106.07282206726074,16.02947600149297,1726.1109483195437,0.8630554741597719,0.8501458778688951,1.7127640134482798,3.4259653654769466,1726.1109483195437,1699.441609859921,-26.669338459622622,-1.5450535485906378,3,TIME,2022
ORCL,2022-06-28,2022-07-01,66.70545422341407,66.73880695052577,66.989013671875,66.95551916503906,25.73053615911661,1718.0843276206165,0.8590421638103083,0.8614007034642315,1.7200151702267021,3.4404580375012417,1718.0843276206165,1721.9400062249988,3.8556786043823195,0.22441730841710594,3,TIME,2022
AMT,2022-06-30,2022-07-05,219.74890133069468,219.85877578136,223.53057861328125,223.41881332397463,7.6585267412367,1684.636631933076,0.842318315966538,0.855529478168515,1.6974338754959146,3.3952816696309673,1684.636631933076,1710.2034268588613,25.566794925785416,1.5176444843448642,5,TIME,2022
TSLA,2022-07-01,2022-07-05,227.0,227.1135,233.0666656494141,232.9501323165894,7.540183196346895,1713.3340633952282,0.8566670316976142,0.8782433366401666,1.7344934707643949,3.469403839102176,1713.3340633952282,1755.608429943693,42.27436654846474,2.4673744281189243,4,TIME,2022
AMZN,2022-07-01,2022-07-05,106.29000091552734,106.3431459159851,113.5,113.44325,16.10383047582053,1713.3886884406909,0.8566943442203454,0.9134354333130638,1.769730457511899,3.539860235045308,1713.3886884406909,1825.9574311928145,112.56874275212363,6.569947818119975,4,TIME,2022
CRM,2022-07-01,2022-07-05,161.9580378210926,162.03901684000314,169.271484375,169.1868486328125,10.631490617709689,1723.5780762755335,0.8617890381377667,0.8993541969398079,1.7607317787679055,3.52187501384548,1723.5780762755335,1797.8090396826758,74.23096340714233,4.306794361619373,4,TIME,2022
PLD,2022-07-01,2022-07-05,104.23378027381214,104.28589716394904,107.36371612548828,107.31003426742555,16.178181044088383,1688.0001247259138,0.8440000623629569,0.8680405811128694,1.711631302611568,3.4236719460873943,1688.0001247259138,1735.213121644626,47.21299691871218,2.796978283776982,4,TIME,2022
TSLA,2022-07-05,2022-07-08,223.0,223.11149999999998,250.76333618164065,250.63795451354986,7.906700509474421,1764.9582898645342,0.8824791449322671,0.9908596213229557,1.8729524057784745,3.7462911720336973,1764.9582898645342,1980.7283830245885,215.77009316005433,12.225223360752356,3,TIME,2022
NFLX,2022-07-05,2022-07-08,17.628000259399414,17.636814259529114,18.697999954223636,18.688650954246526,100.90450624256552,1780.5242966979729,0.8902621483489864,0.9428845484389483,1.8327285576613326,3.665875254449267,1780.5242966979729,1884.8262123294576,104.30191563148469,5.85793273503289,3,TIME,2022
AMZN,2022-07-05,2022-07-08,107.5999984741211,107.65379847335815,115.54000091552734,115.4822309150696,16.707652410066583,1799.5420165244868,0.8997710082622434,0.9647184868340141,1.864072774292088,3.7285622693883456,1799.5420165244868,1928.472255181194,128.93023865670716,7.164613966931112,3,TIME,2022
CRM,2022-07-05,2022-07-08,163.27523278812495,163.35687040451901,172.51539611816406,172.42913842010498,11.128934276010378,1818.897322928101,0.9094486614640505,0.9594762743732221,1.8684959197991755,3.737420855636448,1818.897322928101,1917.9930724720712,99.09574954397021,5.4481222383924175,3,TIME,2022
GOOGL,2022-07-05,2022-07-08,106.09097773944876,106.14402322831847,118.22846221923828,118.16934798812866,15.63949658263034,1660.869523307576,0.830434761653788,0.9240545570159968,1.754121557325529,3.5086108759953136,1660.869523307576,1847.1850594749776,186.31553616740166,11.21795141356796,3,TIME,2022
TSLA,2022-07-08,2022-07-11,242.3333282470703,242.45449491119385,234.3433380126953,234.226166343689,7.881417404524209,1911.8409964964576,0.9559204982482288,0.9230170920080664,1.8784438868949698,3.757381477151265,1911.8409964964576,1845.1111669241247,-66.72982957233285,-3.490344107832112,3,TIME,2022
META,2022-07-08,2022-07-11,168.50029685970665,168.5845470081365,161.46214294433594,161.38141187286377,11.411393050711858,1924.7469016368739,0.962373450818437,0.9207933609800328,1.8826655462878477,3.7658323580863176,1924.7469016368739,1840.6659285990856,-84.08097303778823,-4.368417113246565,3,TIME,2022
GOOGL,2022-07-08,2022-07-11,116.14478965989431,116.20286205472425,114.58612823486328,114.52883517074585,16.56960166121372,1926.3983353074016,0.9631991676537008,0.9488485887510315,1.91155970022096,3.8236074566256923,1926.3983353074016,1896.748328913312,-29.650006394089587,-1.5391420274124272,3,TIME,2022
BA,2022-07-12,2022-07-15,136.86000061035156,136.92843061065673,147.74000549316406,147.6661354904175,13.691904244554722,1875.7488346956154,0.9378744173478077,1.0109152936491201,1.948358015784133,3.8971477267810606,1875.7488346956154,2020.819672004591,145.07083730897557,7.7340225207985664,3,TIME,2022
TSLA,2022-07-15,2022-07-18,240.0,240.11999999999998,240.54666137695312,240.42638804626466,7.928579962753341,1904.7630021574107,0.9523815010787053,0.9531199213903867,1.9050263152803617,3.810527737749454,1904.7630021574107,1905.286722859383,0.5237207019722518,0.027495321012591323,3,TIME,2022
AMD,2022-07-15,2022-07-18,79.36000061035156,79.39968061065673,81.43000030517578,81.3892853050232,23.97409780629106,1904.4879527245187,0.9522439763622593,0.9756173431433769,1.9273976041110528,3.855258923616689,1904.4879527245187,1950.2590689436104,45.77111621909171,2.4033292598996256,3,TIME,2022
NFLX,2022-07-15,2022-07-18,17.558000564575195,17.56677956485748,19.09199905395508,19.082453054428104,108.81572934711342,1912.4981797197943,0.9562490898598972,1.0382355234248233,1.9940482195306375,3.988532832815358,1912.4981797197943,2075.432811326222,162.9346316064275,8.519465970435567,3,TIME,2022
AMZN,2022-07-15,2022-07-18,112.5,112.55624999999999,113.76000213623048,113.70312213516237,17.241073679576424,1941.5613800368421,0.970780690018421,0.9801819531651057,1.9504826837856755,3.901445326969202,1941.5613800368421,1959.3837243770463,17.822344340204154,0.917938754007662,3,TIME,2022
BA,2022-07-15,2022-07-18,149.1699981689453,149.24458316802978,147.72000122070312,147.64614122009277,12.459911136652629,1860.504496148488,0.930252248074244,0.9198288996360103,1.8496115048778485,3.699692652588103,1860.504496148488,1838.7379703723846,-21.766525776103435,-1.1699259970165767,3,TIME,2022
TSLA,2022-07-18,2022-07-21,244.9366607666016,245.0591290969849,271.7066650390625,271.570811706543,7.936236273720887,1945.8200595757291,0.9729100297878646,1.0776250633746456,2.050101751417113,4.100636844579624,1945.8200595757291,2154.1725016859164,208.3524421101872,10.707693195208238,3,TIME,2022
NVDA,2022-07-18,2022-07-21,16.25686691896844,16.264995352427924,18.00002670288086,17.99102668952942,119.12046711664321,1938.4630755690296,0.9692315377845148,1.07154975158237,2.040348585099615,4.0811298744665,1938.4630755690296,2142.0279534131573,203.56487784412775,10.501354418854325,3,TIME,2022
AMD,2022-07-18,2022-07-21,82.20999908447266,82.25110408401488,91.08999633789062,91.04445133972169,23.49310149619245,1933.3001865129074,0.9666500932564538,1.069458267994618,2.0356771908731957,4.071785552124267,1933.3001865129074,2137.8470777212415,204.54689120833405,10.580193010650621,3,TIME,2022
NFLX,2022-07-18,2022-07-21,19.25,19.259625,22.38800048828125,22.37680648803711,100.1205463351657,1929.2488016112213,0.9646244008056107,1.120189045409278,2.0844096785950854,4.1692231248099745,1929.2488016112213,2239.2579017731464,310.00910016192506,16.068902046383002,3,TIME,2022
BA,2022-07-18,2022-07-21,153.30999755859375,153.38665255737303,161.41000366210938,161.32929866027834,12.548265671899314,1925.6993164714668,0.9628496582357334,1.0122014501251813,1.974595093788416,3.9496462021493306,1925.6993164714668,2023.3906988002375,97.69138232877071,5.073034065763413,3,TIME,2022
TSLA,2022-07-21,2022-07-25,255.10667419433597,255.2342275314331,268.4333190917969,268.299102432251,8.42198043968267,2150.652998306399,1.0753264991531994,1.1298048963344176,2.204621791423236,4.409753186910853,2150.652998306399,2258.479987772501,107.82698946610208,5.01368605493373,4,TIME,2022
NFLX,2022-07-21,2022-07-25,21.43000030517578,21.440715305328368,21.85099983215332,21.840074332237243,101.54022005697745,2178.184042303198,1.089092021151599,1.1088229768780573,2.1973811391151243,4.395296137144781,2178.184042303198,2216.5371307792366,38.353088476038465,1.760782731448356,4,TIME,2022
NVDA,2022-07-21,2022-07-25,17.835484504614854,17.844402246867162,16.976871490478516,16.968383054733277,123.0696943970052,2197.2037330857174,1.0986018665428587,1.0441468584786728,2.142173006777952,4.284921731799484,2197.2037330857174,2087.249570098867,-109.9541629868504,-5.004277087788876,4,TIME,2022
AMD,2022-07-21,2022-07-25,89.5999984741211,89.64479847335815,87.54000091552734,87.49623091506959,24.538112347286166,2200.8145435608703,1.1004072717804352,1.0734961720790352,2.173340603110397,4.347244046969867,2200.8145435608703,2145.9188479859913,-54.89569557487903,-2.4943353693973225,4,TIME,2022
BA,2022-07-21,2022-07-25,158.88999938964844,158.96944438934327,156.63999938964844,156.5616793899536,12.740791019424641,2026.4096742758074,1.0132048371379037,0.9973598193787805,2.0100508874032594,4.020615543919943,2026.4096742758074,1993.7222789381822,-32.687395337625276,-1.6130694475344431,4,TIME,2022
NVDA,2022-07-25,2022-07-28,16.971884267154362,16.980370209287937,17.934207916259766,17.925240812301638,125.98732218236536,2140.3815631149555,1.0701907815574778,1.1291765447079656,2.19886254101901,4.398229867284454,2140.3815631149555,2257.223912871223,116.8423497562676,5.458949552257577,3,TIME,2022
NFLX,2022-07-25,2022-07-28,22.131000518798828,22.142066019058227,22.601999282836918,22.5906982831955,96.60387267347654,2140.0793661158705,1.0700396830579353,1.0911744702773718,2.160690508569729,4.3219046619050365,2140.0793661158705,2181.257766084466,41.178399968595386,1.924152936595617,3,TIME,2022
TSLA,2022-07-25,2022-07-28,272.2166748046875,272.35278314208983,280.8999938964844,280.75954389953614,7.832395132997368,2134.2417340073957,1.0671208670036978,1.0995098425906438,2.166114151957249,4.332744861551591,2134.2417340073957,2197.920175338697,63.6784413313012,2.9836564582463807,3,TIME,2022
AMD,2022-07-25,2022-07-28,86.56999969482422,86.61328469467162,91.66999816894533,91.62416316986086,24.555408732336634,2127.8885516037003,1.0639442758018502,1.124934388197119,2.188377999997315,4.377256663996285,2127.8885516037003,2248.7438420060407,120.85529040234042,5.679587415950749,3,TIME,2022
COP,2022-07-25,2022-07-28,77.12534147917349,77.16390414991307,81.09107208251953,81.05052654647828,27.618623654054804,2132.2269418649394,1.0661134709324698,1.119251994825081,2.184859791026901,4.370225256784452,2132.2269418649394,2237.384737655337,105.15779579039781,4.931829427988664,3,TIME,2022
NFLX,2022-07-28,2022-08-01,22.459999084472656,22.47122908401489,22.621000289916992,22.609689789772034,99.18500889392547,2229.924018564736,1.114962009282368,1.1212711414437178,2.235679661947692,4.471912812673778,2229.924018564736,2241.4210117459916,11.496993181255675,0.5155777993124439,4,TIME,2022
NVDA,2022-07-28,2022-08-01,17.925233960102176,17.934196577082226,18.38994598388672,18.380751010894777,124.40919545419119,2232.295114829524,1.1161475574147621,1.1433672225546154,2.2589711598025755,4.518485939771953,2232.295114829524,2285.5910778866764,53.29596305715222,2.3874962903917982,4,TIME,2022
TSLA,2022-07-28,2022-08-01,280.0666809082031,280.2067142486572,297.27667236328125,297.1280340270996,7.961822532896691,2232.072167457632,1.1160360837288161,1.1828403382361283,2.2983526596473056,4.59722908161225,2232.072167457632,2364.4978361340204,132.42566867638834,5.932857844252563,4,TIME,2022
BA,2022-07-28,2022-08-01,154.02000427246094,154.09701427459717,169.07000732421875,168.98547232055665,14.483320447150705,2232.95291414522,1.11647645707261,1.223735373265869,2.3397080856140464,4.679919915952525,2232.95291414522,2446.247011158472,213.2940970132522,9.55210903293506,4,TIME,2022
AMD,2022-07-28,2022-08-01,90.41999816894533,90.46520816802979,96.77999877929688,96.73160877990723,24.55380068060955,2222.375877826568,1.111187938913284,1.1875643207482716,2.29823570623852,4.596987965900076,2222.375877826568,2373.941077175795,151.565199349227,6.819962404265036,4,TIME,2022
NFLX,2022-08-01,2022-08-04,22.309999465942383,22.321154465675352,22.99099922180176,22.979503722190863,104.88563378829457,2342.339602820191,1.1711698014100955,1.2051099060212314,2.375711979302955,4.751991686734282,2342.339602820191,2409.0147021364414,66.67509931625045,2.846517184612053,3,TIME,2022
NVDA,2022-08-01,2022-08-04,18.131662250640616,18.140728081765936,19.16179847717285,19.152217577934266,129.38957380909739,2348.3952727227806,1.1741976363613904,1.239048634954009,2.412692494718804,4.825938766034204,2348.3952727227806,2476.858221273064,128.46294855028327,5.4702438742921045,3,TIME,2022
TSLA,2022-08-01,2022-08-04,301.27667236328125,301.42731069946285,308.6333312988281,308.47901463317874,7.80762818911847,2354.6096728237094,1.1773048364118548,1.2042447252007475,2.3809752687083128,4.762524830320915,2354.6096728237094,2407.2852056762945,52.67553285258509,2.2371237772677297,3,TIME,2022
AMZN,2022-08-01,2022-08-04,134.9600067138672,135.02748671722412,142.57000732421875,142.49872232055665,17.379564667109793,2347.892883681146,1.173946441840573,1.238282879775318,2.411675413019208,4.823904734635099,2347.892883681146,2475.3274766708605,127.43459298971447,5.427615283279706,3,TIME,2022
AMD,2022-08-01,2022-08-04,95.58999633789062,95.63779133605956,103.91000366210938,103.85804866027833,24.229975613085685,2318.4605820531274,1.1592302910265637,1.2582389931306053,2.4169400674049584,4.834409351562128,2318.4605820531274,2515.2197472680796,196.7591652149522,8.486629737768105,3,TIME,2022
NVDA,2022-08-04,2022-08-08,18.796812618454407,18.806211024763634,17.743738174438477,17.734866305351257,130.56924102554612,2456.741070604948,1.228370535302474,1.1578140165896225,2.3855359918417047,4.771720543733801,2456.741070604948,2314.470219162655,-142.27085144229295,-5.79103972919947,4,TIME,2022
AMD,2022-08-04,2022-08-08,97.5,97.54875,100.06999969482422,100.0199646949768,25.26478568589671,2465.7811532537435,1.2328905766268718,1.2634914861647721,2.4957818501261633,4.992163912917807,2465.7811532537435,2525.7194808433796,59.938327589636174,2.4308048388862096,4,TIME,2022
TSLA,2022-08-04,2022-08-08,311.0,311.15549999999996,290.42333984375,290.2781281738281,8.023090957328943,2497.6777172317816,1.2488388586158907,1.1644639126309062,2.412637079713189,4.825939850959986,2497.6777172317816,2327.7633613491817,-169.91435588259992,-6.802893532273606,4,TIME,2022
AMZN,2022-08-04,2022-08-08,140.5800018310547,140.6502918319702,139.41000366210938,139.34029866027834,17.71865602839726,2493.380831680213,1.2466904158401064,1.2344614114278076,2.4805232993608137,4.9616751266287284,2493.380831680213,2467.6883614441876,-25.6924702360252,-1.030427037441843,4,TIME,2022
COP,2022-08-05,2022-08-08,76.05630302851777,76.09433118003203,80.72036743164062,80.6800072479248,31.131616261390587,2370.124580254053,1.1850622901270265,1.2558495128043032,2.4403555717518888,4.881267374683219,2370.124580254053,2510.4431760958023,140.31859584174936,5.920304654479751,3,TIME,2022
TSLA,2022-08-08,2022-08-11,295.0,295.1475,286.6300048828125,286.4866898803711,8.226403108002446,2429.2169197790413,1.2146084598895206,1.1783774980166088,2.392361439937484,4.785347397843614,2429.2169197790413,2355.576618535201,-73.64030124384044,-3.0314419698072363,3,TIME,2022
AMD,2022-08-08,2022-08-11,100.05999755859376,100.11002755737306,98.12000274658205,98.07094274520875,24.173310978535966,2421.2014289286485,1.2106007144643243,1.1853496984690635,2.395333388551634,4.791283801485022,2421.2014289286485,2369.514047239658,-51.68738168899063,-2.1347823882567942,3,TIME,2022
NFLX,2022-08-08,2022-08-11,22.749000549316406,22.76037504959106,24.270000457763672,24.25786545753479,106.30560346331339,2420.7657875919153,1.2103828937959578,1.2893735130975503,2.499191638149483,4.998948045042991,2420.7657875919153,2577.4576526820033,156.69186509008796,6.472822190946403,3,TIME,2022
AMZN,2022-08-08,2022-08-11,142.0500030517578,142.12102805328368,140.63999938964844,140.56967938995362,17.11092349209491,2433.0385569160694,1.2165192784580348,1.2026385146749035,2.4185435018772052,4.8377012950101435,2433.0385569160694,2404.074390835132,-28.964166080937503,-1.1904524076942795,3,TIME,2022
BA,2022-08-08,2022-08-11,166.41000366210938,166.4932086639404,167.8800048828125,167.7960648803711,14.548977027331775,2423.5176268718606,1.2117588134359303,1.2206305466105956,2.4317888273930244,4.86417818743955,2423.5176268718606,2440.0404626745803,16.522835802719783,0.6817708119600733,3,TIME,2022
AMD,2022-08-11,2022-08-15,99.93000030517578,99.97996530532836,101.01000213623048,100.95949713516238,24.322722877362022,2433.001490154849,1.2165007450774246,1.2278049353281897,2.4437039971789547,4.888009677584569,2433.001490154849,2454.3820657210513,21.380575566202424,0.8787736321871983,4,TIME,2022
META,2022-08-11,2022-08-15,178.14559139095888,178.23466418665436,179.3153533935547,179.22569571685793,13.591623577406647,2423.7103192301024,1.2118551596150513,1.2179840957911778,2.429237302567286,4.8590765579735145,2423.7103192301024,2434.7502074865647,11.03988825646229,0.45549536876870417,4,TIME,2022
AMZN,2022-08-11,2022-08-15,143.86000061035156,143.93193061065674,143.17999267578125,143.10840267944337,16.785955947400183,2417.2436684889885,1.2086218342444943,1.2011056715399713,2.409120341221264,4.818847847005729,2417.2436684889885,2401.0102374084026,-16.233431080585888,-0.6715678395274629,4,TIME,2022
NFLX,2022-08-11,2022-08-15,24.468000411987305,24.480234412193298,24.910999298095703,24.898543798446656,98.23220178324792,2405.9503016305966,1.2029751508152984,1.222919389259024,2.4253039316877145,4.851198471762038,2405.9503016305966,2444.615859128789,38.665557498192356,1.6070804734406756,4,TIME,2022
COP,2022-08-11,2022-08-15,84.59129689124832,84.63359253969394,87.26659393310547,87.22296063613892,28.362007283917585,2401.5793577537893,1.2007896788768946,1.2369091224435145,2.4371173756791427,4.874816176999552,2401.5793577537893,2472.581335764585,71.00197801079594,2.9564701987280775,4,TIME,2022
META,2022-08-15,2022-08-18,177.40216128856045,177.49086236920473,173.1395721435547,173.0530023574829,13.842646797739869,2458.1724038050625,1.2290862019025313,1.1977557944615405,2.426212701884185,4.853054698248257,2458.1724038050625,2394.3138331286195,-63.85857067644292,-2.5978068331413513,3,TIME,2022
AMZN,2022-08-15,2022-08-18,142.8000030517578,142.87140305328367,142.3000030517578,142.22885305023195,17.230503810072868,2462.9777435318265,1.2314888717659134,1.225337397192158,2.456208370708632,4.913034639666703,2462.9777435318265,2449.4494569871235,-13.52828654470295,-0.549265480787652,3,TIME,2022
COP,2022-08-15,2022-08-18,85.20552158225884,85.24812434304997,90.82585906982422,90.78044614028931,28.887004825381034,2463.794876690712,1.231897438345356,1.3111875928523902,2.542509671157312,5.085594702355058,2463.794876690712,2621.063998111928,157.2691214212159,6.383206772166626,3,TIME,2022
NFLX,2022-08-15,2022-08-18,24.81100082397461,24.823406324386596,24.517000198364254,24.504741698265075,99.66288945314842,2475.210005360607,1.2376050026803034,1.2211066814760743,2.458085556416713,4.916797240573091,2475.210005360607,2440.9922562706724,-34.21774908993439,-1.3824180176966154,3,TIME,2022
COP,2022-08-18,2022-08-22,88.89468741669785,88.93913476040619,91.13761138916016,91.09204258346558,27.727632619960215,2467.3053068270897,1.2336526534135448,1.2628833456780526,2.4959347205074356,4.992470719599034,2467.3053068270897,2524.5038080104273,57.19850118333761,2.318257940153092,4,TIME,2022
NFLX,2022-08-18,2022-08-22,24.19599914550781,24.20809714508056,22.65399932861328,22.642672328948976,102.29150521122075,2477.5214559977453,1.2387607279988726,1.158076517266324,2.3961784315303474,4.7930156767955445,2477.5214559977453,2314.994958015382,-162.52649798236325,-6.5600440145092795,4,TIME,2022
COP,2022-08-22,2022-08-25,89.77799503632431,89.82288403384247,97.06102752685548,97.01249701309206,27.22041953910481,2446.239707467285,1.2231198537336425,1.320360434616259,2.5429182902227816,5.086398578572683,2446.239707467285,2639.4005087979017,193.16080133061678,7.896233584181571,3,TIME,2022
DIS,2022-08-22,2022-08-25,114.11758929007378,114.17464808471881,113.88489532470705,113.8279528770447,21.47522269068587,2453.152569534795,1.2265762847673976,1.2222403182297161,2.448202065565853,4.897018668562966,2453.152569534795,2443.258396141203,-9.894173393592155,-0.4033248284866539,3,TIME,2022
NFLX,2022-09-12,2022-09-15,23.36100006103516,23.372680561065675,23.538000106811523,23.526231106758118,106.1774484982313,2482.89303305469,1.241446516527345,1.2489775958476488,2.4898080874697213,4.980232199844715,2482.89303305469,2496.70621409945,13.813181044759858,0.5563341175340758,3,TIME,2022
TSLA,2022-09-12,2022-09-15,300.7200012207031,300.8703612213135,303.75,303.59812500000004,8.267192397714318,2488.5974617172624,1.2442987308586313,1.254952055480161,2.4986348993688514,4.997885685707644,2488.5974617172624,2508.6491589048414,20.051697187579066,0.805742893177362,3,TIME,2022
NFLX,2022-09-15,2022-09-19,23.04700088500977,23.058524385452273,24.363000869750977,24.350819369316103,107.9176244802015,2489.6660087011583,1.244833004350579,1.3139412902415362,2.5581873829877058,5.1169616775798215,2489.6660087011583,2626.5686391928307,136.90263049167243,5.498835185651814,4,TIME,2022
TSLA,2022-09-15,2022-09-19,301.8299865722656,301.98090156555173,309.07000732421875,308.91547232055666,8.273754805046169,2499.765818269292,1.2498829091346462,1.2779454367326561,2.527218379951491,5.055046725818793,2499.765818269292,2554.6129280285795,54.84710975928738,2.194089916681102,4,TIME,2022
COP,2022-09-15,2022-09-19,99.71099713032972,99.76085262889488,97.74519348144533,97.6963208847046,25.071879113711873,2502.4432590219885,1.2512216295109944,1.2247151735378594,2.4752988706362262,4.95123567368508,2502.4432590219885,2448.205631902181,-54.23762711980771,-2.167386889763287,4,TIME,2022
NFLX,2022-09-19,2022-09-22,24.5049991607666,24.517251660346982,23.70499992370605,23.6931474237442,102.61793948058362,2517.1684313273886,1.2585842156636944,1.215670984217164,2.4736053842042134,4.947860584085072,2517.1684313273886,2430.126297450111,-87.04213387727759,-3.4579384038825447,3,TIME,2022
TSLA,2022-09-19,2022-09-22,300.0899963378906,300.24004133605956,288.5899963378906,288.4457013397217,8.368284417286494,2513.750934825413,1.2568754674127065,1.2068978338772338,2.4631208047381077,4.926894106028048,2513.750934825413,2412.5887699205905,-101.16216490482248,-4.024351159986678,3,TIME,2022
NFLX,2022-09-28,2022-10-03,22.9689998626709,22.980484362602233,23.90399932861328,23.892047328948976,107.8431493732254,2479.5275715709686,1.2397637857854844,1.2882968144640077,2.5274659266781154,5.055526526927608,2479.5275715709686,2575.3053321135512,95.77776054258266,3.8627423078784395,5,TIME,2022
COP,2022-10-05,2022-10-10,102.1198872017088,102.17094714530965,102.60303497314452,102.55173345565795,24.44367848098484,2498.6831236794847,1.2493415618397423,1.2533708001288797,2.5020906436645385,5.0048030056331605,2498.6831236794847,2505.4882294576305,6.805105778145844,0.2723476904156159,5,TIME,2022
CRM,2022-10-05,2022-10-10,149.6116413620317,149.6864471827127,143.1632080078125,143.0916264038086,16.67192345210258,2496.809393944354,1.248404696972177,1.1928063210205786,2.4405599386973726,4.881770956690128,2496.809393944354,2384.4198357201362,-112.38955822421758,-4.501327113587526,5,TIME,2022
LLY,2022-10-06,2022-10-10,317.81634343916875,317.97525161088834,313.89141845703125,313.7344727478027,7.903523508220037,2514.3820671724234,1.2571910335862118,1.2398038903506385,2.4963585732359324,4.993353497172783,2514.3820671724234,2478.3679768109264,-36.01409036149698,-1.4323237041694714,4,TIME,2022
COP,2022-10-10,2022-10-13,104.19302844877318,104.24512496299755,107.82101440429688,107.76710389709473,23.68579091143921,2470.3634151179713,1.2351817075589857,1.2762745450189656,2.510860144653032,5.022316397230983,2470.3634151179713,2551.2728154929123,80.90940037494101,3.2752023398580494,3,TIME,2022
XOM,2022-10-10,2022-10-13,89.02539789360773,89.06991059255454,89.35871124267578,89.31403188705445,27.631175933630374,2462.337538744974,1.231168769372487,1.2339258642065374,2.4644813516539656,4.92957598523299,2462.337538744974,2466.6178025488684,4.280263803894286,0.17382928768067632,3,TIME,2022
CVX,2022-10-10,2022-10-13,137.01975048956982,137.0882603648146,140.6622314453125,140.59190032958986,17.85546671107017,2448.999369107021,1.2244996845535103,1.2551669980905436,2.479070692350829,4.958737374994883,2448.999369107021,2509.0788291829967,60.07946007597593,2.4532248082155577,3,TIME,2022
LLY,2022-10-10,2022-10-13,316.1591783028604,316.3172578920118,321.84796142578125,321.68703744506837,7.699738383718888,2436.778521284472,1.218389260642236,1.238453014880304,2.456244031427228,4.913086306949768,2436.778521284472,2475.6675767457277,38.88905546125579,1.5959208078031089,3,TIME,2022
BA,2022-10-13,2022-10-17,126.5,126.56325,136.08999633789062,136.02195133972168,19.799913904989435,2507.1950510611846,1.2535975255305922,1.3466114628575758,2.5996296599007565,5.1998386482889245,2507.1950510611846,2691.876314252294,184.68126319110934,7.366050882756088,4,TIME,2022
COP,2022-10-13,2022-10-17,100.58258403258571,100.632875324602,103.97341918945312,103.92143247985841,25.128892520042985,2530.057736883251,1.2650288684416255,1.305715253657633,2.570132909647543,5.140877031746802,2530.057736883251,2610.1247920616083,80.06705517835735,3.1646335184821126,4,TIME,2022
ADBE,2022-10-13,2022-10-17,279.7099914550781,279.84984645080567,293.5,293.35325,9.164370797923459,2565.9307259801176,1.2829653629900588,1.34419897888797,2.626554453384478,5.253718795262507,2565.9307259801176,2687.053758797052,121.12303281693448,4.720432690974878,4,TIME,2022
GE,2022-10-13,2022-10-17,38.93553804465776,38.95500581368009,41.95549774169922,41.93451999282837,66.52981704406395,2592.9658926809243,1.2964829463404621,1.3949479714767568,2.690832905685382,5.382263823502601,2592.9658926809243,2788.500994982037,195.5351023011126,7.5409824268434384,4,TIME,2022
XOM,2022-10-13,2022-10-17,85.56927770100252,85.61206233985301,88.26223754882812,88.21810643005371,27.316897547595172,2339.825848700446,1.169912924350223,1.204922487596312,2.3742688463112254,4.749104258257761,2339.825848700446,2408.6400527050278,68.81420400458182,2.9409968285802837,4,TIME,2022
NKE,2022-10-17,2022-10-20,82.46401711156173,82.50524912011751,79.97711944580078,79.93713088607788,31.94851953153608,2637.239182559604,1.3186195912798022,1.2769364937044074,2.594876912013902,5.190432996998112,2637.239182559604,2552.5960509151105,-84.64313164449368,-3.2095356463778257,3,TIME,2022
BA,2022-10-17,2022-10-20,136.97999572753906,137.04848572540283,139.1300048828125,139.0604398803711,19.248530385751938,2639.3015926030084,1.3196507963015043,1.3383545512466768,2.6573558682791036,5.315361215827284,2639.3015926030084,2675.370747942107,36.069155339098415,1.3666174203125172,3,TIME,2022
COP,2022-10-17,2022-10-20,105.22081750059418,105.27342790934448,107.00406646728516,106.95056443405151,25.020844656184504,2635.3477600237584,1.3176738800118792,1.3379967292978272,2.6550229269685226,5.3106935362782295,2635.3477600237584,2674.6554618663567,39.30770184259836,1.4915565390976708,3,TIME,2022
JPM,2022-10-17,2022-10-20,105.68590275946444,105.73874571084417,106.34523010253906,106.2920574874878,24.846752767475802,2628.5787620013384,1.3142893810006693,1.3205062367689673,2.6341425686149,5.268938186384537,2628.5787620013384,2639.6919673011657,11.113205299827314,0.42278380471148524,3,TIME,2022
GE,2022-10-17,2022-10-20,42.151121306635,42.172196867288314,42.77467346191406,42.75328612518311,62.334576602816824,2630.101086676393,1.3150505433381967,1.332503994496186,2.6469067297772453,5.294461267611628,2630.101086676393,2663.675484997876,33.57439832148293,1.27654402682713,3,TIME,2022
NFLX,2022-10-20,2022-10-24,27.277999877929688,27.29163887786865,28.2450008392334,28.230878338813785,96.84289384359307,2644.323448391307,1.3221617241956536,1.3669799770385673,2.6885040321644302,5.377645733398651,2644.323448391307,2732.592974100096,88.26952570878893,3.3380759741206516,4,TIME,2022
BA,2022-10-20,2022-10-24,138.36000061035156,138.42918061065674,142.0500030517578,141.97897805023194,19.024378615684626,2634.8465666794627,1.3174232833397315,1.3505309169477948,2.6673130386466326,5.335267238934159,2634.8465666794627,2699.711302978642,64.86473629917919,2.4618031698492517,4,TIME,2022
BAC,2022-10-20,2022-10-24,30.73330626170574,30.74867291483659,31.71916389465332,31.703304312705995,85.7250331995498,2637.2496312821054,1.3186248156410527,1.358883407371076,2.676870038773566,5.354378261785695,2637.2496312821054,2716.4079313347806,79.15830005267526,3.001547487720844,4,TIME,2022
JPM,2022-10-20,2022-10-24,107.2884512437602,107.34209546938209,112.06864166259766,112.01260734176637,24.511020995369048,2632.380546009938,1.316190273004969,1.3727716851500322,2.6883331548551546,5.377295113010156,2632.380546009938,2744.1705986149145,111.79005260497661,4.246728413732722,4,TIME,2022
GE,2022-10-20,2022-10-24,43.25762352663302,43.27925233839633,44.84709167480469,44.82466812896729,60.673803572231584,2627.2304703680875,1.3136152351840438,1.3598415546237155,2.6728240919593245,5.346280881767084,2627.2304703680875,2718.323267692807,91.09279732471941,3.4672556653149993,4,TIME,2022
NVDA,2022-10-24,2022-10-27,12.477077391333092,12.483315930028757,13.143425941467283,13.136854228496551,218.69132102608665,2731.358530789375,1.3656792653946874,1.4364580026785216,2.8014908596011914,5.6036281276744,2731.358530789375,2871.4795473543645,140.12101656498953,5.130085083502162,3,TIME,2022
NFLX,2022-10-24,2022-10-27,29.02300071716309,29.03751221752167,29.694000244140625,29.679153244018558,94.13394112006917,2734.782856785867,1.3673914283929334,1.3969078319829764,2.7636313556187813,5.527930615994691,2734.782856785867,2792.41875613397,57.63589934810307,2.1075128215423047,3,TIME,2022
AMZN,2022-10-24,2022-10-27,119.9800033569336,120.03999335861205,110.95999908447266,110.90451908493043,22.644362633611486,2719.5889346160334,1.3597944673080167,1.2556810739327253,2.614744580944774,5.230220122185516,2719.5889346160334,2510.1064667915175,-209.48246782451588,-7.7027254067016475,3,TIME,2022
CRM,2022-10-24,2022-10-27,158.43893902348137,158.5181584929931,157.03326416015625,156.95474752807618,17.139749275200263,2718.3206524625903,1.3591603262312952,1.345082510091792,2.703557232931117,5.407800069254204,2718.3206524625903,2688.8199376734924,-29.500714789097856,-1.0852551468632838,3,TIME,2022
BLK,2022-10-24,2022-10-27,553.471809742225,553.7485456470961,592.9120483398438,592.6155923156739,4.9022852943159725,2715.99134774849,1.3579956738742451,1.4525853516957388,2.8099503645580293,5.620531390128013,2715.99134774849,2903.718118039782,187.7267702912918,6.911906050323542,3,TIME,2022
NVDA,2022-10-27,2022-10-31,13.596304034739564,13.603102186756933,13.463630676269531,13.456898860931398,202.8418418320803,2760.658631507529,1.3803293157537646,1.364811075149674,2.7444434983180463,5.489583889221485,2760.658631507529,2728.2573392241984,-32.401292283330804,-1.1736797847272133,4,TIME,2022
NFLX,2022-10-27,2022-10-31,29.83300018310547,29.84791668319702,29.1879997253418,29.17340572547913,91.8108761947086,2741.734250396177,1.3708671251980884,1.3392179706199838,2.7093848577408823,5.419469953558954,2741.734250396177,2677.096723269348,-64.6375271268289,-2.357541658805512,4,TIME,2022
BA,2022-10-27,2022-10-31,137.10000610351562,137.16855610656737,142.50999450683594,142.43873950958252,19.955481030946,2738.6338363450295,1.3693169181725149,1.4212167821776664,2.7898760316210085,5.58040973197119,2738.6338363450295,2841.0123475731552,102.37851122812572,3.7383059344932255,4,TIME,2022
CRM,2022-10-27,2022-10-31,159.0484045091754,159.12792871143,159.82496643066406,159.74505394744875,17.26490330044419,2748.70265292928,1.3743513264646399,1.3789914545634716,2.752658957181141,5.506001738209252,2748.70265292928,2756.6039176723793,7.901264743099546,0.2874543281238225,4,TIME,2022
BLK,2022-10-27,2022-10-31,588.0242781794527,588.3182903185424,590.1073608398438,589.8123071594239,4.657044314434554,2741.194946479065,1.3705974732395325,1.373391025820161,2.7433056255745805,5.487294124634274,2741.194946479065,2745.4086606145015,4.213714135436476,0.1537181491177339,4,TIME,2022
NVDA,2022-10-31,2022-11-03,13.743936087967768,13.750808056011751,13.38782024383545,13.381126333713532,200.91673737356433,2764.149565646829,1.3820747828234146,1.3442461226766036,2.725611980700044,5.451932886200062,2764.149565646829,2687.147999230531,-77.00156641629837,-2.785723586497734,3,TIME,2022
NFLX,2022-10-31,2022-11-03,29.51300048828125,29.52775698852539,26.9060001373291,26.89254713726044,93.165127192733,2752.3334022532053,1.3761667011266028,1.2527237872897183,2.628141684685578,5.257032173101899,2752.3334022532053,2504.194850792147,-248.13855146105834,-9.015570252423599,3,TIME,2022
AMT,2022-10-31,2022-11-03,177.3994596707176,177.48815940055295,177.11795043945312,177.0293914642334,15.462184118210011,2745.727463185149,1.3728637315925747,1.3686305225773265,2.740806734116928,5.48230098828683,2745.727463185149,2735.8924146320755,-9.835048553073648,-0.3581946382130954,3,TIME,2022
CRM,2022-10-31,2022-11-03,159.36295812133892,159.4426396003996,143.84144592285156,143.76952519989015,17.30321501038561,2760.250400029152,1.380125200014576,1.2438375032373759,2.6232054976358965,5.247168200887849,2760.250400029152,2486.431168971514,-273.8192310576378,-9.920086636152499,3,TIME,2022
BLK,2022-10-31,2022-11-03,601.1620294057699,601.4626104204727,579.052734375,578.7632080078125,4.588675630216762,2761.2974716588105,1.3806487358294053,1.327878314125762,2.7078113624911926,5.416338412446359,2761.2974716588105,2654.428749937398,-106.86872172141238,-3.8702357430984247,3,TIME,2022
NVDA,2022-11-03,2022-11-07,13.010755424842651,13.017260802555072,14.265644073486328,14.258511251449585,201.2486707510559,2621.0169418049336,1.3105084709024668,1.4347532181216018,2.7446695709564874,5.4899312599805565,2621.0169418049336,2868.071683025082,247.05474122014857,9.425911648248146,4,TIME,2022
BA,2022-11-03,2022-11-07,148.7899932861328,148.86438828277588,164.91000366210938,164.82754866027832,17.696320487513052,2635.6697591091392,1.3178348795545696,1.4584205631317189,2.7756678414638754,5.551923284150163,2635.6697591091392,2915.382705700306,279.71294659116666,10.612594602356786,4,TIME,2022
AMT,2022-11-03,2022-11-07,178.77186495110814,178.8612508835837,177.72496032714844,177.63609784698488,14.882954154089969,2663.3154545708453,1.3316577272854226,1.321874950184058,2.652862953347138,5.306395630816619,2663.3154545708453,2642.428025417932,-20.887429152913228,-0.7842641815886182,4,TIME,2022
PLD,2022-11-03,2022-11-07,94.56595341281404,94.61323638952044,96.92388153076172,96.87541958999634,28.07779547837999,2657.860030908028,1.328930015454014,1.3600241090650818,2.688306210866914,5.37726033538601,2657.860030908028,2718.6881940210983,60.82816311307033,2.2886142387373605,4,TIME,2022
CAT,2022-11-03,2022-11-07,199.76803394501596,199.86791796198847,215.8881378173828,215.78019374847412,12.638140913894937,2527.222522631719,1.2636112613158597,1.3635302475103837,2.62656063523171,5.253702144057954,2527.222522631719,2725.6969647732567,198.47444214153757,7.853461274745863,4,TIME,2022
AMD,2022-11-07,2022-11-10,62.93000030517578,62.96146530532837,68.47000122070312,68.43576622009277,44.03751523863586,2774.053514587535,1.3870267572937676,1.5068705488925285,2.893264784776261,5.787162090962557,2774.053514587535,3012.2342272361643,238.1807126486292,8.586017226997997,3,TIME,2022
NVDA,2022-11-07,2022-11-10,14.19282459299917,14.199921005295668,15.711061477661133,15.703205946922303,195.31324920422728,2774.820120047678,1.387410060023839,1.5335220882082696,2.9203125761464253,5.841244724378534,2774.820120047678,3065.510654328331,290.6905342806531,10.476013640684512,3,TIME,2022
BA,2022-11-07,2022-11-10,161.39999389648438,161.4806938934326,177.5800018310547,177.49121183013918,17.189184250651415,2777.109955234871,1.3885549776174355,1.5254645715098314,2.913394801922259,5.827414351049526,2777.109955234871,3049.4036784481527,272.29372321328174,9.804931299173308,3,TIME,2022
NKE,2022-11-07,2022-11-10,88.7089238152279,88.75327827713551,91.63795471191406,91.59213573455811,31.404218469581775,2788.621651732616,1.3943108258663082,1.4381897203518255,2.831826386786144,5.664326933004277,2788.621651732616,2874.941250983299,86.31959925068304,3.0954216825022236,3,TIME,2022
AMT,2022-11-07,2022-11-10,180.02987329819993,180.11988823484901,194.33444213867188,194.23727491760255,15.29139578733326,2755.662331334975,1.3778311656674875,1.48507952370906,2.862276457999256,5.725187147375803,2755.662331334975,2968.673967894411,213.01163655943583,7.729961473771817,3,TIME,2022
META,2022-11-10,2022-11-14,106.18750582793226,106.24059958084622,113.2257080078125,113.1690951538086,28.16866330957453,2994.1527557780714,1.4970763778890357,1.5939110692184186,3.090288473105265,6.18127592021272,2994.1527557780714,3186.2282273676187,192.0754715895473,6.415019114134471,4,TIME,2022
AMD,2022-11-10,2022-11-14,64.30000305175781,64.33215305328369,73.52999877929688,73.49323377990723,46.92166076365175,3020.0815025127567,1.5100407512563785,1.7242122919222793,3.233606294484974,6.467859337663632,3020.0815025127567,3446.700371552636,426.6188690398794,14.126071388633903,4,TIME,2022
NVDA,2022-11-10,2022-11-14,14.76341034070044,14.77079204587079,16.25471305847168,16.246585701942443,206.96798934352128,3058.610435963136,1.529305217981568,1.6812615882141144,3.2098793165678585,6.420446122763542,3058.610435963136,3360.841914840015,302.231478876879,9.881332886438948,4,TIME,2022
BA,2022-11-10,2022-11-14,172.13999938964844,172.22606938934325,173.5500030517578,173.46322805023195,17.974497750478303,3097.2257096673043,1.5486128548336522,1.5589572011897994,3.106802085622519,6.2143721416459705,3097.2257096673043,3116.355445178409,19.129735511104627,0.6176409892051262,4,TIME,2022
NKE,2022-11-10,2022-11-14,88.72735485711998,88.77171853454853,96.15120697021484,96.10313136672974,31.533613120175925,2800.6933749690884,1.4003466874845443,1.5152394820779498,2.9149445214383665,5.8305306910008605,2800.6933749690884,3028.9637246738216,228.27034970473323,8.150494150658414,4,TIME,2022
META,2022-11-14,2022-11-17,110.02382205922324,110.07883397025284,110.47981262207033,110.4245727157593,29.308123200378127,3227.8179367225002,1.6139089683612502,1.6181684907512934,3.2312738456850476,6.463351304797591,3227.8179367225002,3234.718813011835,6.900876289334974,0.21379385159319325,3,TIME,2022
AMD,2022-11-14,2022-11-17,75.22000122070312,75.25761122131347,73.9000015258789,73.86305152511598,43.10949983930829,3245.940949326602,1.6229704746633011,1.5920996039264037,3.2142443672198624,6.429314445809567,3245.940949326602,3182.607108248881,-63.33384107772099,-1.951170463863803,3,TIME,2022
NVDA,2022-11-14,2022-11-17,16.177903764636575,16.185992716518893,15.6382417678833,15.63042264699936,199.50000902638877,3230.721053573369,1.6153605267866844,1.5591347295813218,3.173660660460997,6.348155916829003,3230.721053573369,3116.7103244330624,-114.01072914030647,-3.5289561447653877,3,TIME,2022
BA,2022-11-14,2022-11-17,176.5,176.58825,172.77999877929688,172.69360877990724,18.299764300707263,3233.139923235987,1.6165699616179936,1.5801261684554266,3.1958708263058186,6.392566956379239,3233.139923235987,3158.6722107423975,-74.46771249358972,-2.3032629042252033,3,TIME,2022
NKE,2022-11-14,2022-11-17,96.8972769324438,96.94572557091001,97.0446548461914,96.99613251876832,33.00680939772999,3201.4698207540423,1.6007349103770212,1.600766429181973,3.2007021882218387,6.4022035277808325,3201.4698207540423,3199.932091934764,-1.5377288192785272,-0.048031963609650584,3,TIME,2022
AMD,2022-11-17,2022-11-21,70.55999755859375,70.59527755737304,72.45999908447266,72.42376908493043,45.002143989552856,3178.528109674188,1.589264054837094,1.629612442313083,3.218103241157584,6.436979738307761,3178.528109674188,3257.595272183853,79.0671625096652,2.4875401374937,4,TIME,2022
AMZN,2022-11-17,2022-11-21,95.37000274658205,95.41768774795533,92.45999908447266,92.41376908493042,33.60331075107607,3207.9541896385063,1.603977094819253,1.5527043001195522,3.155854959951666,6.3125363548904705,3207.9541896385063,3103.8558959389848,-104.09829369952149,-3.2450056187134013,4,TIME,2022
NVDA,2022-11-17,2022-11-21,15.676147926956387,15.683986000919864,15.279131889343262,15.271492323398592,204.17107214599588,3203.818146403801,1.6019090732019006,1.5589984804688182,3.160086334335956,6.320993888006675,3203.818146403801,3116.4379624571675,-87.38018394663368,-2.7273765224382527,4,TIME,2022
META,2022-11-17,2022-11-21,109.44887259042972,109.50359702672492,108.90364837646484,108.84919655227662,29.223049349420723,3201.6298347684465,1.6008149173842232,1.590452721245988,3.190463247892282,6.381730886522494,3201.6298347684465,3179.31498977073,-22.31484499771659,-0.6969839159851058,4,TIME,2022
NFLX,2022-11-17,2022-11-21,29.472000122070312,29.486736122131347,28.5049991607666,28.49074666118622,105.10352518893983,3100.710267885997,1.5503551339429984,1.4972389546778446,3.0467935022513535,6.094387590872197,3100.710267885997,2992.980670401011,-107.72959748498579,-3.4743522669866764,4,TIME,2022
AMD,2022-11-21,2022-11-25,72.20999908447266,72.24610408401489,75.13999938964844,75.10242938995361,43.30298469842995,3130.0369581503496,1.5650184790751749,1.6260796753440387,3.1903473646190843,6.381445519038298,3130.0369581503496,3250.533271012733,120.49631286238355,3.849676999775399,4,TIME,2022
NVDA,2022-11-21,2022-11-25,15.1095521073422,15.11710688339587,16.22977638244629,16.221661494255066,207.0509025819215,3131.5764128409137,1.565788206420457,1.6793548268819565,3.244418125060718,6.489561158363131,3131.5764128409137,3357.0302989370307,225.453886096117,7.19937361808103,4,TIME,2022
NFLX,2022-11-21,2022-11-25,29.100000381469727,29.11455038166046,28.554000854492188,28.539723854064942,107.72633313787178,3137.972739944079,1.5689863699720394,1.537239899782933,3.1054270719381543,6.211653341693127,3137.972739944079,3072.942559666083,-65.0301802779959,-2.0723628172485267,4,TIME,2022
META,2022-11-21,2022-11-25,110.549193827482,110.60446842439573,110.44017791748048,110.38495782852175,28.235421051075658,3124.5259990927625,1.5622629995463813,1.5583828809967708,3.119863979515457,6.240509860058609,3124.5259990927625,3115.207379112545,-9.31861998021759,-0.2982410766600549,4,TIME,2022
ADBE,2022-11-21,2022-11-25,329.5299987792969,329.6947637786865,334.29998779296875,334.13283779907226,9.44222326233009,3114.6088724557653,1.5573044362278827,1.5774784268873834,3.1340154707220638,6.26879833383733,3114.6088724557653,3153.3793753478794,38.77050289211411,1.2447952368910085,4,TIME,2022
AMD,2022-11-25,2022-11-28,75.66999816894531,75.70783316802978,73.19000244140625,73.15340744018555,42.14247257240086,3192.1113384688297,1.5960556692344148,1.5414327333128421,3.136664246424438,6.274152648971695,3192.1113384688297,3081.3240338923715,-110.78730457645815,-3.4706591603286574,3,TIME,2022
DIS,2022-11-25,2022-11-28,95.80254657519274,95.85044784848033,92.77749633789062,92.73110758972169,33.23315343724332,3187.0061434487593,1.5935030717243797,1.5408735634673696,3.133554750665822,6.267931385857572,3187.0061434487593,3080.206253371272,-106.79989007748736,-3.351103991343922,3,TIME,2022
AMD,2022-12-01,2022-12-05,78.30999755859375,78.34915255737305,73.62000274658203,73.58319274520875,40.16660678344658,3148.5938995380407,1.5742969497690205,1.4777935844336796,3.051256290433078,6.1033468246357785,3148.5938995380407,2954.1093752829256,-194.48452425511505,-6.176869118740581,4,TIME,2022
NVDA,2022-12-01,2022-12-05,16.961313400800822,16.969794057501222,16.573179244995117,16.56489265537262,185.01852327922185,3141.2968853140474,1.5706484426570237,1.5324059886879353,3.1022511541211912,6.20530558546615,3141.2968853140474,3063.2795713871824,-78.01731392686497,-2.4836020527574325,4,TIME,2022
META,2022-12-01,2022-12-05,118.16235226083045,118.22143343696085,121.36424255371094,121.30356043243408,26.595155702305203,3145.690274743056,1.572845137371528,1.6130435384722865,3.1851235419675765,6.371012217811391,3145.690274743056,3224.4740334061007,78.78375866304486,2.50449827484939,4,TIME,2022
TSLA,2022-12-02,2022-12-05,191.77999877929688,191.87588877868652,182.4499969482422,182.35877194976808,16.34632874706327,3138.0353742985076,1.5690176871492538,1.4904482181008247,3.0586432685868132,6.118109173836892,3138.0353742985076,2979.4059879835486,-158.629386314959,-5.055054114882941,3,TIME,2022
NFLX,2022-12-02,2022-12-05,31.048999786376957,31.064524286270142,31.25900077819824,31.243371277809143,101.26997785839255,3147.4774253647574,1.5737387126823787,1.5820077587626349,3.1549649187870186,6.310711390232032,3147.4774253647574,3162.433509766507,14.95608440174965,0.4751768600855463,3,TIME,2022
NVDA,2022-12-05,2022-12-08,16.64202652808181,16.65034754134585,17.130935668945312,17.12237020111084,184.95560274599907,3081.1156232516114,1.5405578116258056,1.5834391504932945,3.1232492898344715,6.247246251953571,3081.1156232516114,3165.2948618360956,84.17923858448421,2.7321025523750664,3,TIME,2022
NFLX,2022-12-05,2022-12-08,31.645999908447266,31.661822908401486,31.025999069213867,31.010486069679263,97.16477798361709,3077.9529699364,1.5389764849682002,1.506563497062218,3.0447554332263698,6.090295415256788,3077.9529699364,3011.6204306273735,-66.33253930902674,-2.1550861873759355,3,TIME,2022
TSLA,2022-12-06,2022-12-09,181.22000122070312,181.31061122131348,179.0500030517578,178.96047805023196,16.720723782250076,3033.161229637333,1.5165806148186665,1.4961743607086782,3.011987614234614,6.024742589761958,3033.161229637333,2990.8525470566474,-42.3086825806854,-1.3948708748906216,3,TIME,2022
NFLX,2022-12-08,2022-12-12,30.910999298095703,30.92645479774475,31.51799964904785,31.502240649223328,98.83228392312472,3058.061191902343,1.5290305959511716,1.5567191960293203,3.085000274490133,6.1707500664706245,3058.061191902343,3111.881672862611,53.820480960268014,1.7599543495984673,4,TIME,2022
NVDA,2022-12-12,2022-12-15,16.999227301100692,17.00772691475124,16.91441535949707,16.905958151817323,181.41423863321458,3086.9873227826197,1.54349366139131,1.5334907632384636,3.076208831275217,6.1531932559049904,3086.9873227826197,3065.4480357136886,-21.539287068931117,-0.6977445909792573,3,TIME,2022
NFLX,2022-12-12,2022-12-15,32.0,32.016,29.041000366210938,29.026479866027834,96.91550481409922,3104.399001629015,1.5521995008145075,1.4065579745961876,2.9579096824240665,5.916667157834762,3104.399001629015,2811.709391217779,-292.6896104112361,-9.428221380616634,3,TIME,2022
META,2022-12-12,2022-12-15,114.17735086937635,114.23443954481104,115.13890838623048,115.08133893203737,27.074922108303845,3094.4357706468268,1.5472178853234133,1.557909143852113,3.1043599287564536,6.20948695793198,3094.4357706468268,3114.260378560374,19.824607913547425,0.6406533979990642,3,TIME,2022
BA,2022-12-13,2022-12-16,191.1100006103516,191.20555561065675,184.6999969482422,184.60764694976808,16.4658543973453,3149.9378075523596,1.5749689037761798,1.5198613176557036,3.0940163504326383,6.188846571864522,3149.9378075523596,3038.2027739937516,-111.73503355860794,-3.547213957390193,3,TIME,2022
BA,2022-12-20,2022-12-23,186.17999267578125,186.27308267211913,189.05999755859372,188.96546755981444,16.128237828740055,3005.759458157574,1.502879729078787,1.5238400011118753,3.025979902676604,6.052699632867267,3005.759458157574,3046.156162222639,40.39670406506502,1.3439766098191637,3,TIME,2022
META,2022-12-21,2022-12-27,115.6840935735422,115.74193562032896,115.86254119873048,115.80460992813113,26.22486012437863,3036.8344894126694,1.5184172447063347,1.518479848561734,3.0361390545861484,6.073036147854217,3036.8344894126694,3035.441217274906,-1.3932721377632333,-0.04587909359632883,6,TIME,2022
NKE,2022-12-21,2022-12-27,107.87504890584896,107.92898643030188,108.6141586303711,108.55985155105591,28.264985928551013,3052.1373514109614,1.5260686757054807,1.5342213382480911,3.0595322023469134,6.119822216300485,3052.1373514109614,3066.908455157934,14.771103746972585,0.4839593388595079,6,TIME,2022
COP,2022-12-23,2022-12-27,100.8426828549687,100.89310419639618,105.11953735351562,105.06697758483887,29.88724223115323,3016.925107124237,1.5084625535621186,1.570081104786613,3.077821382918434,6.156365041267166,3016.925107124237,3138.592128468439,121.66702134420211,4.032815433730681,4,TIME,2022
BA,2022-12-23,2022-12-27,188.25,188.344125,189.3999938964844,189.30529389953617,16.102641510897314,3034.3551031101874,1.5171775515550938,1.5241576418896436,3.040581234153585,6.081916427598323,3034.3551031101874,3046.7911261373974,12.436023027210013,0.4098407274238667,4,TIME,2022
COP,2022-12-27,2022-12-30,104.63151451441652,104.68383027167373,104.7024917602539,104.65014051437379,29.05714568129161,3043.3349741667116,1.5216674870833558,1.520417189246898,3.041324358185385,6.083409034515639,3043.3349741667116,3039.313961304549,-4.021012862162479,-0.13212521448656708,3,TIME,2022
NKE,2022-12-29,2023-01-03,107.24678049239095,107.30040388263714,109.7136001586914,109.65874335861207,28.269414727424984,3034.8370362966193,1.5174185181483097,1.5499942472464325,3.0666714900221934,6.134084255416935,3034.8370362966193,3098.4385002456183,63.601463948999026,2.0957126589772757,5,TIME,2023
NFLX,2023-01-04,2023-01-09,29.823999404907227,29.83891140460968,31.517000198364254,31.501241698265073,102.34030985393558,3055.2510643840787,1.5276255321920393,1.6119234180920816,3.1388284530742534,6.278377403358375,3055.2510643840787,3222.2349127660714,166.98384838199263,5.4654705902428224,5,TIME,2023
META,2023-01-04,2023-01-09,126.27113797211676,126.33427354110282,128.3429412841797,128.2787698135376,24.34782200298155,3077.5031566330695,1.5387515783165349,1.5616543270907282,3.0996491405927076,6.200055045999971,3077.5031566330695,3121.7469998543656,44.243843221296174,1.43765386969419,5,TIME,2023
AMD,2023-01-09,2023-01-12,66.22000122070312,66.25311122131347,70.80000305175781,70.76460305023194,46.72909388453632,3097.4966027047367,1.5487483013523684,1.6533828898181169,3.201410321853288,6.403541513023773,3097.4966027047367,3305.1123967464155,207.61579404167878,6.702696424602644,3,TIME,2023
NFLX,2023-01-09,2023-01-12,31.683000564575195,31.69884206485748,33.01300048828125,32.99649398803711,97.94859084590955,3106.410116758211,1.5532050583791057,1.6159800444918806,3.168441068246151,6.337626171117137,3106.410116758211,3230.344108939269,123.93399218105787,3.9896210584838347,3,TIME,2023
TSLA,2023-01-11,2023-01-17,122.08999633789062,122.15104133605956,131.49000549316406,131.42426049041748,25.719461593866786,3143.2306316094227,1.5716153158047115,1.6900806100928183,3.260970559033047,6.522666484930577,3143.2306316094227,3378.4711395755435,235.24050796612073,7.484035870624961,6,TIME,2023
NVDA,2023-01-11,2023-01-17,15.804882316459198,15.812784757617427,17.66275405883789,17.653922681808474,199.00610574671228,3148.4149230859566,1.5742074615429784,1.75661920203013,3.3301319917969305,6.660958655370039,3148.4149230859566,3511.4817848582297,363.0668617722731,11.531734877447754,6,TIME,2023
AMD,2023-01-12,2023-01-17,70.06999969482422,70.10503469467163,71.58999633789062,71.55420133972169,45.576745282660134,3196.7576881551777,1.5983788440775888,1.630603804182337,3.2282007779625186,6.457183426222445,3196.7576881551777,3259.5770045604913,62.81931640531366,1.965094715751389,5,TIME,2023
NFLX,2023-01-12,2023-01-17,33.25,33.266625,32.62200164794922,32.60569064712524,96.22772087937011,3202.7728915444477,1.6013864457722238,1.5687856493353283,3.1693562941719957,6.339528389279548,3202.7728915444477,3136.002513021321,-66.77037852312651,-2.084767817893212,5,TIME,2023
AMZN,2023-01-12,2023-01-17,96.93000030517578,96.97846530532837,96.0500030517578,96.00197805023193,32.236978871297595,3127.8566653514135,1.5639283326757067,1.547406869004051,3.1105461454000203,6.221881347079778,3127.8566653514135,3093.266331139098,-34.59033421231561,-1.1058797736957489,5,TIME,2023
TSLA,2023-01-17,2023-01-20,125.6999969482422,125.76284694671632,133.4199981689453,133.35328816986086,26.03409476044077,3275.759754630937,1.6378798773154686,1.7358660704152615,3.3729772536023654,6.746723201333095,3275.759754630937,3469.9962747601076,194.23652012917046,5.929510546509968,3,TIME,2023
NVDA,2023-01-17,2023-01-20,16.861534824609727,16.86996559202203,17.799448013305664,17.79054828929901,195.82730101422837,3305.2524563167317,1.652626228158366,1.7419375275283615,3.393783359824493,6.78834711551122,3305.2524563167317,3482.1331175291944,176.88066121246266,5.351502299753915,3,TIME,2023
AMD,2023-01-17,2023-01-20,70.87000274658203,70.90543774795532,70.06999969482422,70.03496469497681,47.024656728608846,3335.9718562174517,1.667985928108726,1.646685086890762,3.3138276170679917,6.62849863206748,3335.9718562174517,3291.7234886946335,-44.24836752281817,-1.3264011037847885,3,TIME,2023
NFLX,2023-01-17,2023-01-20,33.108001708984375,33.124555709838866,34.25,34.232875,100.84378116918626,3342.0764855722955,1.6710382427861479,1.7260862776460535,3.396317792167121,6.793442312599322,3342.0764855722955,3450.446469014461,108.36998344216545,3.2425943544379483,3,TIME,2023
AMZN,2023-01-17,2023-01-20,98.68000030517578,98.72934030532836,97.25,97.201375,31.5830971995138,3119.73822041727,1.559869110208635,1.5349602372756954,3.0940381219694455,6.1888674694537755,3119.73822041727,3068.385514314115,-51.352706103155015,-1.6460581778007806,3,TIME,2023
TSLA,2023-01-20,2023-01-23,128.67999267578125,128.74433267211913,143.75,143.678125,26.027248227771768,3352.536972862503,1.6762684864312514,1.8697731121379102,3.5453015220311297,7.091343120600291,3352.536972862503,3737.6764511636825,385.1394783011797,11.48800092045921,3,TIME,2023
NVDA,2023-01-20,2023-01-23,16.973282837444028,16.98176947886275,19.150453567504883,19.14087834072113,198.73384775001537,3376.5406604684013,1.6882703302342006,1.90197020098322,3.5895045654310946,7.1797450966485155,3376.5406604684013,3802.0384317654566,425.49777129705535,12.601588847386466,3,TIME,2023
AMD,2023-01-20,2023-01-23,68.01000213623047,68.04400713729858,76.52999877929688,76.49173377990724,50.070518749122044,3408.703086676841,1.7043515433384204,1.9149903951898486,3.61859641291878,7.237938351447049,3408.703086676841,3828.0657999845075,419.3627133076666,12.30270582811321,3,TIME,2023
AMZN,2023-01-20,2023-01-23,93.86000061035156,93.90693061065673,97.5199966430664,97.47123664474488,36.49290173145851,3428.6507160356073,1.7143253580178037,1.7785041302602063,3.492005716567422,6.984835204845432,3428.6507160356073,3555.2297563901525,126.57904035454521,3.6918033021719636,3,TIME,2023
NFLX,2023-01-20,2023-01-23,33.67900085449219,33.69584035491943,35.742000579833984,35.72412957954407,94.80859559831755,3196.25342826916,1.59812671413458,1.693477277204444,3.2908538255083943,6.582457816847418,3196.25342826916,3385.2610771316836,189.00764886252364,5.913412471953932,3,TIME,2023
TSLA,2023-01-23,2023-01-26,135.8699951171875,135.93793011474608,160.27000427246094,160.18986927032472,26.922754179397703,3661.6543032870964,1.8308271516435481,2.1563762361974033,3.986452203126529,7.97365559096748,3661.6543032870964,4310.596096158609,648.9417928715125,17.722639526318808,3,TIME,2023
NVDA,2023-01-23,2023-01-26,18.023954731552497,18.032966708918273,19.758100509643555,19.748221459388734,205.2630057340552,3703.3526252873617,1.8516763126436808,2.0267896473279507,3.8776291108088703,7.756095070780502,3703.3526252873617,4051.552505008574,348.19987972121226,9.402288006376214,3,TIME,2023
AMD,2023-01-23,2023-01-26,72.22000122070312,72.25611122131347,75.16000366210938,75.12242366027833,51.856978461301146,3748.8580323171914,1.8744290161585957,1.9478109528558964,3.821340869416679,7.643580838431172,3748.8580323171914,3893.674094758937,144.81606244174554,3.8629380252160117,3,TIME,2023
NFLX,2023-01-23,2023-01-26,34.172000885009766,34.18908688545227,36.48699951171875,36.468756011962896,110.88078876047246,3792.8093255220333,1.8964046627610167,2.021842215859834,3.9173628485072287,7.835609727128079,3792.8093255220333,4041.662589503808,248.8532639817745,6.561185723395756,3,TIME,2023
AMZN,2023-01-23,2023-01-26,97.55999755859376,97.60877755737306,99.22000122070312,99.17039122009278,34.83187185095497,3401.5972300217986,1.7007986150108994,1.727145179193671,3.4271078501554313,6.855051644360001,3401.5972300217986,3452.563213208148,50.965983186349604,1.4982956458376173,3,TIME,2023
TSLA,2023-01-26,2023-01-30,159.97000122070312,160.04998622131347,166.66000366210938,166.57667366027832,24.667510370282066,3950.0096997276155,1.9750048498638078,2.0545159124810035,4.028574516346069,8.05809527869088,3950.0096997276155,4106.9773090495255,156.96760932191,3.973853768833382,4,TIME,2023
NVDA,2023-01-26,2023-01-30,19.65732458647775,19.667153248770987,19.119518280029297,19.109958520889283,200.77764983282123,3950.7001582693083,1.975350079134654,1.9184262801134233,3.892761689336643,7.78653804858472,3950.7001582693083,3834.934133946733,-115.7660243225755,-2.9302660208283022,4,TIME,2023
AMD,2023-01-26,2023-01-30,76.5,76.53824999999999,72.44999694824219,72.41377194976808,51.63405415136839,3953.9571237128275,1.9769785618564137,1.8695083110795832,3.8454461041348607,7.6919329770708575,3953.9571237128275,3737.1471138480865,-216.810009864741,-5.483367752383542,4,TIME,2023
CRM,2023-01-26,2023-01-30,155.49978907629935,155.57753897083748,161.9481964111328,161.86722231292725,25.308018113785636,3939.328838791542,1.9696644193957709,2.048269297161865,4.016989683449644,8.03492340000728,3939.328838791542,4094.490325026568,155.16148623502613,3.9387797410338723,4,TIME,2023
NFLX,2023-01-26,2023-01-30,36.87699890136719,36.89543740081787,35.31100082397461,35.293345323562626,107.16974591850382,3956.0526781367826,1.9780263390683914,1.891189425470111,3.8681847944643,7.737400559002802,3956.0526781367826,3780.4876615147514,-175.56501662203118,-4.437883691293985,4,TIME,2023
TSLA,2023-01-30,2023-02-02,178.0500030517578,178.13902805328368,188.2700042724609,188.17586927032468,21.9427036721768,3910.807308677133,1.9554036543385664,2.0645436688265075,4.0190256849521795,8.038973008117253,3910.807308677133,4127.022793984189,216.21548530705604,5.528666289114432,3,TIME,2023
NVDA,2023-01-30,2023-02-02,19.905771381530464,19.91572426722123,21.66086769104004,21.65003725719452,193.72180444037753,3860.0400618140193,1.9300200309070097,2.0970421418325618,4.02618216283012,8.05324433556969,3860.0400618140193,4191.987241523291,331.94717970927195,8.599578615597942,3,TIME,2023
AMZN,2023-01-31,2023-02-03,101.16000366210938,101.21058366394043,103.38999938964844,103.33830438995362,38.23864103886132,3872.0912236708946,1.9360456118354474,1.9757581635660115,3.9108570705966597,7.822660845998119,3872.0912236708946,3949.540568968457,77.44934529756256,2.0001942315846977,3,TIME,2023
AMD,2023-02-01,2023-02-06,78.47000122070312,78.50923622131347,83.68000030517578,83.63816030502319,50.82372119496325,3992.1275967399156,1.9960637983699578,2.1254012703010705,4.120533234656923,8.241998303327952,3992.1275967399156,4248.6771393318395,256.5495425919239,6.426386340993448,5,TIME,2023
TSLA,2023-02-02,2023-02-06,187.3300018310547,187.4236668319702,194.75999450683597,194.66261450958257,22.44457881312776,4208.749636473791,2.1043748182368955,2.1845601966649166,4.287924518255849,8.576859533157661,4208.749636473791,4366.935833133168,158.18619665937695,3.758508115771643,4,TIME,2023
NVDA,2023-02-02,2023-02-06,20.95344001037449,20.963916730379676,21.04224395751953,21.031722835540773,200.82229333304173,4212.127898987262,2.106063949493631,2.1118194062891007,4.216834782260695,8.434718138043426,4212.127898987262,4221.526993171912,9.399094184650494,0.2231436084101424,4,TIME,2023
META,2023-02-02,2023-02-06,181.7836458587308,181.87453768166017,184.44032287597656,184.34810271453858,20.977066662193803,3817.102852530129,1.9085514262650645,1.933541219845913,3.841152302720353,7.68324494883133,3817.102852530129,3865.14889847198,48.046045941850934,1.2587045148653535,4,TIME,2023
AMZN,2023-02-03,2023-02-06,105.26000213623048,105.31263213729859,102.18000030517578,102.1289103050232,37.48425728774338,3949.540568968457,1.9747702844842285,1.914113175195178,3.8878672116415443,7.776750671320951,3949.540568968457,3826.3122372151606,-123.22833175329652,-3.120067501559589,3,TIME,2023
TSLA,2023-02-06,2023-02-09,193.00999450683597,193.10649950408938,207.32000732421875,207.21634732055665,21.250798759716407,4105.720220264812,2.052860110132406,2.2017564483163246,4.253666153194134,8.508282711642865,4105.720220264812,4401.3111401843325,295.5909199195203,7.199490078757854,3,TIME,2023
NVDA,2023-02-06,2023-02-09,20.759870457178742,20.77025039240733,22.2874755859375,22.276331848144533,197.8927080736088,4112.337266153499,2.0561686330767492,2.2041618176878504,4.259377941926415,8.519708392691015,4112.337266153499,4406.119473558012,293.78220740451343,7.143922990521265,3,TIME,2023
AMD,2023-02-06,2023-02-09,84.62999725341797,84.67231225204468,83.20999908447266,83.16839408493043,48.665610822415864,4122.691141062613,2.0613455705313064,2.023720349631269,4.084017971107368,8.169083891269944,4122.691141062613,4045.4169789129064,-77.27416214970617,-1.8743621461245086,3,TIME,2023
META,2023-02-06,2023-02-09,184.9062326794597,184.99868579579942,176.3711700439453,176.28298445892335,22.219424157381866,4112.620578544355,2.0563102892721776,1.9584532017109868,4.013687924793957,8.028451415777122,4112.620578544355,3914.9479502202626,-197.67262832409278,-4.806488333870521,3,TIME,2023
AMZN,2023-02-07,2023-02-10,101.16999816894533,101.22058316802979,97.61000061035156,97.5611956100464,40.24077071942457,4075.2318952987816,2.0376159476493907,1.9629688518284039,3.9995301772418177,8.000114976719612,4075.2318952987816,3923.974734804979,-151.25716049380253,-3.7116209428055846,3,TIME,2023
TSLA,2023-02-09,2023-02-13,207.77999877929688,207.88388877868653,194.63999938964844,194.54267938995363,19.925246126264895,4144.209754477644,2.0721048772388224,1.9381553844539334,4.009158754823294,8.01941901651605,4144.209754477644,3874.372613523413,-269.8371409542315,-6.511184446267079,4,TIME,2023
META,2023-02-09,2023-02-13,184.50970705549832,184.60196190902607,177.86802673339844,177.77909272003174,22.4237999489401,4141.5482381489355,2.0707741190744677,1.9932414051290326,4.062942904216166,8.126958428419666,4141.5482381489355,3984.489568852936,-157.0586692959996,-3.7922694669903683,4,TIME,2023
AMD,2023-02-09,2023-02-13,85.87999725341797,85.92293725204468,83.12999725341797,83.08843225479126,47.74241870680549,4104.220957284334,2.052110478642167,1.9834213612001435,4.034472961690151,8.07000480153246,4104.220957284334,3964.8593010390864,-139.36165624524756,-3.395569042107808,4,TIME,2023
NVDA,2023-02-09,2023-02-13,22.555880179506847,22.5671581195966,21.739696502685547,21.728826654434204,180.61056312714317,4077.9060892042253,2.0389530446021125,1.96222780907472,4.000124524305781,8.001305377982613,4077.9060892042253,3922.4933903403653,-155.41269886386,-3.8110906789956918,4,TIME,2023
TSLA,2023-02-13,2023-02-16,194.4199981689453,194.51720816802978,202.0399932861328,201.93897328948975,20.52272418491926,3994.020022464231,1.9970100112321154,2.072168925502988,4.0682195274938255,8.13739846422893,3994.020022464231,4142.265682080472,148.24565961624148,3.7116904467789036,3,TIME,2023
META,2023-02-13,2023-02-16,176.66856844178548,176.75690272600636,170.93887329101562,170.85340385437013,22.585412499639105,3994.1246225367063,1.9970623112683532,1.9293973015091896,3.925428729739191,7.851888342516734,3994.1246225367063,3856.86520571687,-137.25941681983613,-3.4365331528554406,3,TIME,2023
NVDA,2023-02-13,2023-02-16,21.490250748186387,21.50099587356048,21.953224182128903,21.94224757003784,185.8865003399122,3998.744248883493,1.9993721244417466,2.0393838051931383,4.037777758700357,8.076533688335243,3998.744248883493,4076.728226581083,77.98397769759003,1.9502116875657722,3,TIME,2023
AMD,2023-02-13,2023-02-16,81.56999969482422,81.61078469467162,80.08000183105469,80.03996183013916,49.07703099595142,4007.2186193740035,2.003609309687002,1.964061843826254,3.96665106769003,7.934322221203286,4007.2186193740035,3926.159625808682,-81.05899356532154,-2.0228243393914043,3,TIME,2023
TSLA,2023-02-16,2023-02-21,210.77999877929688,210.88538877868652,197.3699951171875,197.2713101196289,18.93732178338408,3995.6022678499658,1.9978011339249828,1.8678951391825822,3.864633885151874,7.730330158259439,3995.6022678499658,3733.922383225982,-261.679884623984,-6.549197519721951,5,TIME,2023
NVDA,2023-02-23,2023-02-27,23.38803172331173,23.399725739173384,23.448894500732425,23.43717005348206,168.4333697630311,3943.266290925169,1.9716331454625846,1.9738007649085914,3.944450656628657,7.889884566999833,3943.266290925169,3945.6277290522744,2.36143812710543,0.059885332434685495,4,TIME,2023
TSLA,2023-02-27,2023-03-02,202.02999877929688,202.1310137786865,190.8999938964844,190.80454389953618,19.501048530717608,3943.7385785505903,1.9718692892752951,1.8604443352331466,3.8312734281717082,7.66358705268015,3943.7385785505903,3719.02822613106,-224.7103524195304,-5.697901824469216,3,TIME,2023
NVDA,2023-02-27,2023-03-02,23.617520428698207,23.629329188912553,23.26230812072754,23.250676966667175,167.70721656029505,3964.7914231710442,1.9823957115855222,1.949653158611158,3.931042779423678,7.863091649620358,3964.7914231710442,3897.356664063705,-67.43475910733923,-1.7008400167846622,3,TIME,2023
NVDA,2023-03-03,2023-03-06,23.26830010651087,23.279934256564125,23.50177955627441,23.490028666496276,166.81176409989735,3885.3095562452168,1.9426547781226084,1.9592065603077016,3.900899747820376,7.802761086250686,3885.3095562452168,3916.453914055095,31.14435780987833,0.8015927008909013,3,TIME,2023
NVDA,2023-03-06,2023-03-09,23.83803229096399,23.84995130710947,23.38801383972168,23.37631983280182,163.08597902394183,3891.538427807193,1.9457692139035965,1.9061750029546365,3.8509529843260335,7.702897201184267,3891.538427807193,3810.4438309063185,-81.09459690087442,-2.0838698731948453,3,TIME,2023
AMD,2023-03-07,2023-03-10,81.06999969482422,81.11053469467163,82.66999816894531,82.62866316986084,47.704395151307125,3871.2646303235833,1.9356323151617918,1.9708751993396496,3.9055587800834357,7.812066294584877,3871.2646303235833,3939.779523479959,68.51489315637582,1.769832333850268,3,TIME,2023
AMD,2023-03-10,2023-03-13,84.47000122070312,84.51223622131347,82.01000213623047,81.96899713516235,45.99426248331205,3889.0224870582933,1.9445112435291467,1.8850517848642554,3.828562486310507,7.65812551470391,3889.0224870582933,3768.2185179436465,-120.80396911464686,-3.106281064628776,3,TIME,2023
CRM,2023-03-10,2023-03-13,175.4643661707751,175.55209835386046,172.5252227783203,172.43896016693117,22.043321050754425,3871.6871087021145,1.9358435543510573,1.9005636803089587,3.8354231157616496,7.671830350421666,3871.6871087021145,3799.2267969376085,-72.46031176450606,-1.871543586299683,3,TIME,2023
CRM,2023-03-13,2023-03-16,168.09192649107916,168.1759724543247,184.1147308349609,184.02267346954343,22.883438043518552,3850.369630882463,1.9251848154412314,2.1055357234714713,4.029849610717233,8.060570149629935,3850.369630882463,4208.96591121947,358.59628033700756,9.313294948641623,3,TIME,2023
AMD,2023-03-14,2023-03-17,83.66999816894531,83.71183316802978,97.83999633789062,97.79107633972168,46.60201129374902,3903.0913403871514,1.9515456701935758,2.2786304220057914,4.229365406967702,8.45954149916707,3903.0913403871514,4554.9822135895765,651.8908732024252,16.70191180147384,3,TIME,2023
META,2023-03-14,2023-03-17,185.9471126481711,186.04008620449517,193.90719604492188,193.81024244689942,21.154437898706973,3937.5422213937813,1.9687711106968908,2.0499733689881383,4.0178021919016,8.03654667158663,3937.5422213937813,4097.896764607288,160.35454321350653,4.072452667104239,3,TIME,2023
NVDA,2023-03-15,2023-03-20,23.71234766041433,23.724203834244538,25.846967697143555,25.834044213294984,168.53180942829917,4000.283141001525,2.000141570500763,2.176929108058643,4.176160545618265,8.35323122417767,4000.283141001525,4351.681287009226,351.39814600770114,8.784331849063161,5,TIME,2023
AMD,2023-03-17,2023-03-20,96.66000366210938,96.70833366394042,96.80999755859376,96.76159255981447,42.88903515654155,4149.8020234550195,2.0749010117275097,2.0750056725504167,4.148870842044827,8.298777526322754,4149.8020234550195,4147.936339428283,-1.8656840267367443,-0.04495838635654776,3,TIME,2023
META,2023-03-17,2023-03-20,198.8141027760176,198.9135098274056,196.08804321289065,195.98999919128423,20.898604040458025,4159.094227294353,2.0795471136471764,2.047958694494169,4.126451791874077,8.253957600015422,4159.094227294353,4093.8694302938434,-65.22479700050962,-1.5682452340816717,3,TIME,2023
AMD,2023-03-20,2023-03-23,96.3000030517578,96.34815305328367,100.27999877929688,100.22985877990723,42.962201892841094,4141.399503229141,2.070699751614571,2.153047714296663,4.222754863379748,8.446502329290983,4141.399503229141,4303.942380879029,162.5428776498875,3.9248296988288427,3,TIME,2023
META,2023-03-20,2023-03-23,196.75220898573428,196.85058509022713,202.5017242431641,202.40047338104253,21.045816327589954,4144.953734654865,2.0724768673274325,2.12984159369734,4.201312473400658,8.40363093442543,4144.953734654865,4257.553345800983,112.59961114611815,2.7165468749313773,3,TIME,2023
NVDA,2023-03-20,2023-03-23,25.56255140531931,25.57533268102197,27.135326385498047,27.121758722305298,161.84575046823917,4141.329576022896,2.070664788011448,2.1947706972150063,4.2644637895688176,8.529899274795273,4141.329576022896,4387.3466237327975,246.01704770990182,5.940532942228737,3,TIME,2023
TSLA,2023-03-21,2023-03-24,188.27999877929688,188.3741387786865,190.41000366210935,190.3147986602783,22.12549371375411,4169.955801282314,2.0849779006411566,2.1054044406961836,4.189351634238445,8.379733975575785,4169.955801282314,4208.70347695167,38.747675669356795,0.9292107042823189,3,TIME,2023
AMD,2023-03-23,2023-03-27,100.0500030517578,100.10002805328367,96.61000061035156,96.56169561004639,42.55844581153845,4262.232736007155,2.1311163680035774,2.0547578450452146,4.184772054574982,8.370646267623773,4262.232736007155,4107.460932245384,-154.77180376177057,-3.631237741999989,4,TIME,2023
NFLX,2023-03-23,2023-03-27,30.468000411987305,30.483234412193298,32.76599884033203,32.749615840911865,139.78853558674223,4263.338367611694,2.131669183805847,2.2890104197147227,4.419694077387381,8.840373680907952,4263.338367611694,4575.73182900973,312.3934613980364,7.327437666483837,4,TIME,2023
NVDA,2023-03-23,2023-03-27,27.05948178238723,27.073011523278424,26.476675033569336,26.463436696052554,158.9848452014529,4306.351722026585,2.1531758610132923,2.103642693310182,4.255718802032385,8.51253735635586,4306.351722026585,4205.1817439270535,-101.16997809953136,-2.3493199030180563,4,TIME,2023
META,2023-03-23,2023-03-27,201.0742571438805,201.1747942724524,201.07424926757807,200.9737121429443,20.997487790593638,4226.278425723868,2.113139212861934,2.1099715334758766,4.222054176689199,8.445164923027011,4226.278425723868,4217.8330954182775,-8.445330305590687,-0.19982900923391456,4,TIME,2023
TSLA,2023-03-24,2023-03-27,191.6499938964844,191.74581889343264,191.80999755859372,191.71409255981445,21.93841383081794,4208.70347695167,2.1043517384758355,2.102951549888472,4.206251990051143,8.413555278415451,4208.70347695167,4203.800148227056,-4.9033287246147665,-0.11650449482761394,3,TIME,2023
TSLA,2023-03-27,2023-03-30,194.4199981689453,194.51720816802978,195.27999877929688,195.18235877990725,21.899710514613258,4262.0015497655,2.13100077488275,2.137218577419676,4.267158560355574,8.535377912658,4262.0015497655,4272.299936261932,10.298386496431704,0.2416326314334243,3,TIME,2023
AMD,2023-03-27,2023-03-30,98.0199966430664,98.06900664138793,97.87999725341795,97.83105725479125,43.3122880549932,4249.717923880776,2.124858961940388,2.118643466272026,4.242438482807463,8.485940911019878,4249.717923880776,4235.168289077779,-14.54963480299648,-0.34236707149988865,3,TIME,2023
NFLX,2023-03-27,2023-03-30,32.755001068115234,32.77137856864929,33.84299850463867,33.82607700538635,129.21446188578147,4236.654374190344,2.118327187095172,2.1854091689790023,4.302712338731179,8.606448694805353,4236.654374190344,4368.632928789025,131.9785545986806,3.1151598157898515,3,TIME,2023
NVDA,2023-03-27,2023-03-30,26.782048221700336,26.795439245811185,27.326929092407227,27.313265627861025,158.01098076174947,4236.091681013004,2.118045840506502,2.157897944832251,4.274906286708178,8.55085007204693,4236.091681013004,4313.637991719669,77.54631070666528,1.8306098296749125,3,TIME,2023
META,2023-03-27,2023-03-30,203.02710138580255,203.12861493649544,206.0307159423828,205.92770058441164,20.792154895519477,4225.594422683286,2.1127972113416433,2.140840323914622,4.252596749554678,8.506234284810944,4225.594422683286,4279.539807505329,53.9453848220428,1.2766342300259628,3,TIME,2023
TSLA,2023-03-30,2023-04-03,195.5800018310547,195.6777918319702,194.7700042724609,194.6726192703247,22.034633501777634,4313.845350129665,2.1569226750648327,2.14476990922635,4.300609660953208,8.602302245244392,4313.845350129665,4287.395048543473,-26.450301586191927,-0.613149045442644,4,TIME,2023
NFLX,2023-03-30,2023-04-03,34.027000427246094,34.044013927459716,34.827999114990234,34.810585115432744,126.58628032205105,4311.660920769611,2.1558304603848057,2.203271242798394,4.358049136813392,8.717150839996592,4311.660920769611,4404.3392143539895,92.67829358437848,2.1494801026198473,4,TIME,2023
NVDA,2023-03-30,2023-04-03,27.1732450978703,27.186831720419235,27.907737731933597,27.893783863067632,158.31147850209427,4306.140595745077,2.1530702978725387,2.207953082190048,4.359975914567054,8.72099929462964,4306.140595745077,4413.698211297906,107.55761555282879,2.4977729630822343,4,TIME,2023
COP,2023-03-31,2023-04-03,89.50755636279769,89.55231014097907,97.22882843017578,97.1802140159607,49.04310614825293,4394.120512321465,2.1970602561607326,2.383009775747349,4.579066170570504,9.159136202478585,4394.120512321465,4763.636541718951,369.5160293974859,8.40932851890005,3,TIME,2023
TSLA,2023-04-03,2023-04-06,199.91000366210935,200.00995866394038,185.05999755859372,184.96746755981442,22.100371672530812,4422.505677519366,2.211252838759683,2.0439248901993423,4.253990054875673,8.509167783834698,4422.505677519366,4085.8058555084854,-336.6998220108808,-7.613327072080539,3,TIME,2023
NFLX,2023-04-03,2023-04-06,34.18299865722656,34.20009015655518,33.93299865722656,33.91603215789795,128.5582279954784,4398.902439031854,2.199451219515927,2.1800924974285114,4.378435956445247,8.757979673389684,4398.902439031854,4358.004902359594,-40.897536672259776,-0.929721384802088,3,TIME,2023
COP,2023-04-03,2023-04-06,94.2784231548273,94.3255623664047,95.29178619384766,95.24414030075074,46.77840987255609,4414.607121395728,2.207303560697864,2.227684716473878,4.433896476268255,8.868884753439996,4414.607121395728,4453.141748231282,38.534626835553354,0.8728891558388596,3,TIME,2023
NFLX,2023-04-06,2023-04-10,33.93399810791016,33.95096510696412,33.89899826049805,33.8820487613678,128.2000606130479,4354.693131149849,2.1773465655749247,2.171840352450798,4.348097122997361,8.697284041023083,4354.693131149849,4341.508864549145,-13.184266600704177,-0.30275994665146233,4,TIME,2023
AMD,2023-05-08,2023-05-11,89.98999786376953,90.03499286270142,97.0999984741211,97.05144847488404,48.31321813202263,4352.056277829709,2.1760281389148544,2.3444339000979135,4.5194599016955275,9.039921940708297,4352.056277829709,4686.523366295729,334.46708846601996,7.685265702327099,3,TIME,2023
TSLA,2023-05-08,2023-05-11,173.72000122070312,173.80686122131345,172.0800018310547,171.99396183013917,25.302698979317956,4399.982681363667,2.1999913406818337,2.175955721224157,4.3748366921321065,8.750783754038096,4399.982681363667,4349.73548672709,-50.24719463657766,-1.1419861912048428,3,TIME,2023
AMD,2023-05-11,2023-05-15,98.16000366210938,98.20908366394042,97.4000015258789,97.35130152511597,44.87055211253652,4408.900256595596,2.204450128297798,2.184103324152986,4.387442701957072,8.775996154407856,4408.900256595596,4366.02254498182,-42.87771161377623,-0.9725262337162724,4,TIME,2023
TSLA,2023-05-11,2023-05-15,168.6999969482422,168.7843469467163,166.35000610351562,166.2668311004639,26.046888470289254,4398.50631360853,2.1992531568042653,2.1653668029911017,4.363505030729108,8.728124990524474,4398.50631360853,4328.5682391792125,-69.93807442931757,-1.5900414695992657,4,TIME,2023
AMD,2023-05-15,2023-05-18,95.1999969482422,95.24759694671631,107.93000030517578,107.8760353050232,46.02891906333211,4386.337099386978,2.193168549693489,2.482708648964035,4.67492710145578,9.350804300113303,4386.337099386978,4962.934589279106,576.5974898921286,13.145307276376736,3,TIME,2023
TSLA,2023-05-17,2023-05-22,168.41000366210938,168.4942086639404,188.8699951171875,188.77556011962892,26.48125238593788,4464.169750073724,2.232084875036862,2.4995066259123413,4.730610910060232,9.462202411009436,4464.169750073724,4996.51374519877,532.3439951250466,11.924815249605041,5,TIME,2023
AMD,2023-05-18,2023-05-22,103.9800033569336,104.03199335861206,108.0,107.94600000000001,43.67313752386313,4545.676391027794,2.272838195513897,2.357170251575465,4.628915919457414,9.258924366546776,4545.676391027794,4711.9833328993545,166.3069418715604,3.6585741607082984,4,TIME,2023
AMD,2023-05-22,2023-05-25,104.68000030517578,104.73234030532836,120.3499984741211,120.28982347488405,44.29449468853629,4641.386784764724,2.320693392382362,2.66408847349661,4.983795042844696,9.96857690872367,4641.386784764724,5325.512858519723,684.1260737549983,14.7396910768271,3,TIME,2023
TSLA,2023-05-22,2023-05-25,180.6999969482422,180.7903469467163,184.47000122070312,184.37776622009278,25.81739377491912,4669.870513084164,2.334935256542082,2.380076696922058,4.7138688187569775,9.428880772221117,4669.870513084164,4757.773317147195,87.902804063031,1.882339217259722,3,TIME,2023
AMD,2023-05-25,2023-05-30,117.30999755859376,117.36865255737305,125.2699966430664,125.20736164474488,40.84050178308917,4795.792560328331,2.3978962801641655,2.5567657382540467,4.953544342866797,9.908206361285009,4795.792560328331,5110.974710769839,315.1821504415075,6.572055535695008,5,TIME,2023
NVDA,2023-05-25,2023-05-30,38.44412443571779,38.463346497935646,40.02886199951172,40.00884756851197,125.24274458333404,4819.664913718089,2.4098324568590446,2.505408938548345,4.914086098398586,9.829327493805977,4819.664913718089,5008.312468158141,188.64755444005186,3.9141217868302243,5,TIME,2023
TSLA,2023-05-25,2023-05-30,186.5399932861328,186.63326328277586,201.16000366210935,201.0594236602783,25.733491010756733,4805.127966978997,2.402563983489499,2.586980435694851,4.988437193168276,9.977981612352625,4805.127966978997,5171.373890954006,366.24592397500874,7.621980652583306,5,TIME,2023
NVDA,2023-05-30,2023-06-02,40.51187203662055,40.53212797263886,39.24647903442383,39.22685579490662,122.5527262128891,4969.807686099644,2.484903843049822,2.4036790592128363,4.887301681000043,9.775884583262702,4969.807686099644,4804.95443936646,-164.85324673318428,-3.3170950899020153,3,TIME,2023
AMD,2023-05-30,2023-06-02,130.4199981689453,130.48520816802977,117.86000061035156,117.8010706100464,37.96979721913485,4956.975381927652,2.478487690963826,2.2364413816302235,4.713570603607646,9.428499676201696,4956.975381927652,4470.646321878817,-486.32906004883534,-9.811004142201597,3,TIME,2023
TSLA,2023-05-30,2023-06-02,200.1000061035156,200.20005610656733,213.97000122070312,213.8630162200928,24.547531291260746,4916.875579577908,2.458437789788954,2.6249045413530663,5.082198230780969,10.16554056192299,4916.875579577908,5247.184178164779,330.3085985868711,6.717855541409218,3,TIME,2023
AVGO,2023-05-30,2023-06-02,80.12640445369063,80.16646765591747,77.90814208984375,77.86918801879884,61.3552817779434,4921.096760551478,2.460548380275739,2.3888429863565284,4.848127066913549,9.697518433545817,4921.096760551478,4775.2971297267,-145.79963082477752,-2.9627466786172,3,TIME,2023
NFLX,2023-05-30,2023-06-02,39.74800109863281,39.76787509918213,40.047000885009766,40.02697738456726,122.7185310666222,4882.696564094581,2.4413482820472905,2.456025933835501,4.896162714945293,9.793536930828084,4882.696564094581,4909.595841737166,26.89927764258482,0.5509102867540749,3,TIME,2023
NVDA,2023-06-02,2023-06-05,40.01490294369922,40.03491039517107,39.09079360961914,39.07124821281433,121.87892764650245,4881.852873824176,2.440926436912088,2.3809809169940683,4.820658733323707,9.642566087229863,4881.852873824176,4759.580853071142,-122.27202075303376,-2.5046232222326803,3,TIME,2023
AMD,2023-06-02,2023-06-05,120.75,120.810375,117.93000030517578,117.8710353050232,40.225973818517275,4862.146054782645,2.431073027391322,2.3707385900706948,4.800567721639368,9.602379339101384,4862.146054782645,4739.106441551318,-123.03961323132626,-2.5305618515984,3,TIME,2023
AVGO,2023-06-02,2023-06-05,75.85874151102905,75.89667088178456,76.97745513916016,76.93896641159058,63.711681759619125,4837.923503586602,2.4189617517933013,2.4509554714646424,4.868725561162664,9.738642784420609,4837.923503586602,4899.45998745782,61.53648387121757,1.2719606629910003,3,TIME,2023
TSLA,2023-06-02,2023-06-05,210.1499938964844,210.25506889343262,217.6100006103516,217.50119561004644,23.117820865085466,4863.070553931544,2.431535276965772,2.5140768390274832,4.944439463128422,9.890051579121677,4863.070553931544,5025.639601215939,162.5690472843953,3.3429300579027497,3,TIME,2023
NFLX,2023-06-02,2023-06-05,40.28900146484375,40.30914596557617,40.354000091552734,40.33382309150696,120.99786482247646,4879.760474889702,2.439880237444851,2.4401532370999193,4.8788155005997895,9.75884897514456,4879.760474889702,4877.866320962738,-1.8941539269635541,-0.03881653488343335,3,TIME,2023
NVDA,2023-06-05,2023-06-08,38.82932905392205,38.84874371844901,38.43512344360352,38.41590588188172,125.48138599773536,4877.232822473034,2.438616411236517,2.410240557208536,4.847625293872268,9.696482262317321,4877.232822473034,4818.070873859864,-59.16194861316944,-1.2130228505919671,3,TIME,2023
AMD,2023-06-05,2023-06-08,116.58999633789062,116.64829133605956,121.0500030517578,120.98947805023192,41.838403157319625,4882.819650355712,2.441409825177856,2.5310032802296383,4.971239050383938,9.943652155791431,4882.819650355712,5059.4755571790465,176.6559068233346,3.6179076737037636,3,TIME,2023
AVGO,2023-06-05,2023-06-08,77.63947735610544,77.67829709478349,77.1597671508789,77.12118726730347,62.959796422793886,4893.056299706724,2.446528149853362,2.4277671251167954,4.873064460280281,9.747359735250438,4893.056299706724,4853.106483108474,-39.94981659824953,-0.8164593691808535,3,TIME,2023
TSLA,2023-06-05,2023-06-08,217.8000030517578,217.90890305328367,234.8600006103516,234.7425706100464,22.400645780419037,4883.742020706633,2.4418710103533168,2.629192586910327,5.069938200498503,10.141001797762147,4883.742020706633,5255.755981233744,372.0139605271106,7.617395819635934,3,TIME,2023
NFLX,2023-06-05,2023-06-08,40.047000885009766,40.06702438545227,40.9370002746582,40.91653177452088,120.9695188700695,4849.3133191230645,2.424656659561532,2.474826581297851,4.898297828228817,9.7977810690882,4849.3133191230645,4947.178336014404,97.86501689133911,2.01812113285014,3,TIME,2023
NVDA,2023-06-08,2023-06-12,37.650652361661095,37.669477687841926,39.405235290527344,39.385532672882086,132.31465880305154,4986.717446279107,2.4933587231395538,2.605641658694416,5.097811741732166,10.196812123566136,4986.717446279107,5208.677675730138,221.9602294510305,4.451028794836742,4,TIME,2023
AMD,2023-06-08,2023-06-12,118.3000030517578,118.35915305328368,129.19000244140625,129.12540744018554,42.277902780077476,5006.480005921999,2.5032400029609994,2.7295757110970285,5.23167919564068,10.464494909698708,5006.480005921999,5456.42184648296,449.9418405609613,8.987189403108372,4,TIME,2023
AVGO,2023-06-08,2023-06-12,76.26842804061187,76.30656225463217,82.068359375,82.0273251953125,65.86874761893915,5028.732056847659,2.5143660284238294,2.7015185905733436,5.214722944536111,10.430607563533282,5028.732056847659,5400.335662556115,371.6036057084557,7.3896083845318525,4,TIME,2023
TSLA,2023-06-08,2023-06-12,224.22000122070312,224.33211122131345,249.8300018310547,249.70508683013918,22.453091219396615,5039.469091237597,2.5197345456187987,2.8033255462722337,5.321943980537227,10.645004072428259,5039.469091237597,5603.847766998195,564.3786757605976,11.19916930817006,4,TIME,2023
ADBE,2023-06-08,2023-06-12,424.1499938964844,424.3620688934326,474.6300048828125,474.3926898803711,11.475466102547742,4872.188631109169,2.436094315554585,2.721938616009321,5.156959704819412,10.314992636383318,4872.188631109169,5441.155293402632,568.9666622934628,11.677845530457956,4,TIME,2023
AVGO,2023-06-12,2023-06-15,77.82370561288201,77.86261746568844,84.76156616210938,84.71918537902833,69.60177786981842,5422.087649034009,2.7110438245170045,2.9483029610315494,5.658111985492345,11.317458771040899,5422.087649034009,5893.657619102067,471.56997006805796,8.697203007259983,3,TIME,2023
TSLA,2023-06-12,2023-06-15,247.94000244140625,248.06397244262695,255.8999938964844,255.7720438995362,22.080396293477534,5480.0908630990425,2.7400454315495213,2.823774045047246,5.562493393821789,11.126312870418557,5480.0908630990425,5644.7243160494445,164.633452950402,3.0042102779533155,3,TIME,2023
ADBE,2023-06-12,2023-06-15,463.7099914550781,463.94184645080566,490.9100036621094,490.66454866027834,11.821736174119607,5487.3417797652155,2.743670889882608,2.9002534221276415,5.642632864407014,11.286557176417263,5487.3417797652155,5797.606590833156,310.2648110679402,5.654191474131494,3,TIME,2023
NVDA,2023-06-14,2023-06-20,40.744627187256896,40.76499950085052,43.72282028198242,43.700958871841436,137.19490310553604,5595.547930581703,2.797773965290852,2.997774409020651,5.794251635555978,11.589800009867481,5595.547930581703,5992.55104363228,397.00311305057676,7.0949819030377785,6,TIME,2023
AMD,2023-06-14,2023-06-20,126.52999877929688,126.59326377868652,118.93000030517578,118.8705353050232,40.46666611451416,5125.370022690072,2.562685011345036,2.4051471315209705,4.966473913709896,9.934306056575902,5125.370022690072,4807.8891159104205,-317.4809067796514,-6.194302174753428,6,TIME,2023
AVGO,2023-06-15,2023-06-20,84.8555928201554,84.89802061656546,83.28399658203125,83.24235458374024,66.40876265691365,5640.792897616066,2.8203964488080326,2.764010884277127,5.58297104291945,11.16737837600461,5640.792897616066,5525.257757669977,-115.53513994608875,-2.048207442519591,5,TIME,2023
TSLA,2023-06-15,2023-06-20,248.3999938964844,248.52419389343262,274.45001220703125,274.31278720092774,22.676252028061885,5638.4164640304125,2.8192082320152063,3.110192948544173,5.928139255637807,11.857540436197187,5638.4164640304125,6217.275704139802,578.8592401093892,10.266344173087443,5,TIME,2023
ADBE,2023-06-15,2023-06-20,475.4700012207031,475.70773622131344,485.8599853515625,485.6170553588868,11.915862700709276,5671.303722339566,2.835651861169783,2.8932730783896154,5.72753806503381,11.456463004593209,5671.303722339566,5783.652883700841,112.34916136127504,1.9810111900501068,5,TIME,2023
TSLA,2023-06-20,2023-06-23,261.5,261.63075,256.6000061035156,256.4717061004639,21.937594029813713,5742.420389410388,2.8712101947051942,2.8131860842828376,5.682933800370149,11.367330079358181,5742.420389410388,5623.5589824813915,-118.86140692899698,-2.0698834092361054,3,TIME,2023
ADBE,2023-06-20,2023-06-23,485.6300048828125,485.8728198852539,484.7200012207031,484.4776412200928,11.927384325184715,5798.090901383365,2.8990454506916827,2.8892755118954994,5.786868726370559,11.575189688957742,5798.090901383365,5775.6617482791025,-22.429153104262696,-0.38683686554330027,3,TIME,2023
NVDA,2023-06-20,2023-06-23,42.91439764756023,42.935854846384004,42.12693405151367,42.10587058448792,134.9590396255995,5797.480475810033,2.8987402379050162,2.8412839283411344,5.738548227293574,11.478572393539725,5797.480475810033,5679.726572753928,-117.75390305610472,-2.0311220287404583,3,TIME,2023
TSLA,2023-06-23,2023-06-26,259.2900085449219,259.4196535491943,241.0500030517578,240.92947805023195,21.924962558650304,5690.611496792516,2.845305748396258,2.6411848927632477,5.484968010425277,10.971458651584783,5690.611496792516,5279.728600633733,-410.8828961587833,-7.2203645669780006,3,TIME,2023
ADBE,2023-06-23,2023-06-26,472.9500122070313,473.1864872131348,479.510009765625,479.2702547607422,11.992818089499618,5677.678302707816,2.838839151353908,2.87390049052686,5.71133989051892,11.424079532399688,5677.678302707816,5744.927080563193,67.24877785537683,1.184441496505787,3,TIME,2023
ADBE,2023-06-26,2023-06-29,483.010009765625,483.2515147705078,483.7699890136719,483.5281040191651,11.627638111933743,5621.8846731318345,2.810942336565917,2.8111449052421538,5.620683979830155,11.242771221638225,5621.8846731318345,5619.478665579065,-2.4060075527695517,-0.04279717021354718,3,TIME,2023
NVDA,2023-06-27,2023-06-30,40.71967665079335,40.74003648911875,42.21975326538086,42.198643388748174,138.25468602512484,5635.318612761623,2.8176593063808113,2.917080096198794,5.73338242108121,11.468121823660816,5635.318612761623,5831.243112301389,195.92449953976666,3.476724441029478,3,TIME,2023
TSLA,2023-07-03,2023-07-06,276.489990234375,276.6282352294922,276.5400085449219,276.40173854064943,20.45256903240468,5660.588371529234,2.830294185764617,2.8265628190896503,5.655442113511805,11.312299118366072,5660.588371529234,5650.299075360212,-10.289296169022236,-0.18177078942489042,3,TIME,2023
TSLA,2023-07-06,2023-07-10,278.0899963378906,278.22904133605954,269.6099853515625,269.47518035888675,20.32750147102017,5658.53051229543,2.829265256147715,2.738878562574348,5.566686091733828,11.134829910455892,5658.53051229543,5475.018246586122,-183.51226570930794,-3.243108176417073,4,TIME,2023
TSLA,2023-07-11,2023-07-14,268.6499938964844,268.7843188934326,281.3800048828125,281.2393148803711,20.90530120305052,5621.828059153568,2.810914029576784,2.9396962938568634,5.749271397596585,11.499881721030233,5621.828059153568,5876.452891419869,254.62483226630138,4.529217713297303,3,TIME,2023
TSLA,2023-07-14,2023-07-17,277.010009765625,277.1485147705078,290.3800048828125,290.2348148803711,20.458044502922867,5672.753025606828,2.836376512803414,2.968818379560106,5.80384508509518,11.6090399774587,5672.753025606828,5934.667940740653,261.91491513382516,4.6170688896826695,3,TIME,2023
NVDA,2023-07-24,2023-07-27,44.64402521232847,44.66634722493463,45.81076431274414,45.787858930587774,128.1115156297102,5725.136008633593,2.8625680043167963,2.9329760025184806,5.794150091010581,11.589694097845857,5725.136008633593,5863.019029034443,137.88302040085,2.4083798217705272,3,TIME,2023
META,2023-08-04,2023-08-07,312.21827458796827,312.37438372526225,313.8043518066406,313.6474496307373,18.406875070346583,5752.7126127137635,2.876356306356882,2.886634710742902,5.761560137627967,11.524551154727751,5752.7126127137635,5770.382786775061,17.670174061297075,0.3071624684022137,3,TIME,2023
AMD,2023-08-07,2023-08-10,116.36000061035156,116.41818061065673,110.2300033569336,110.17488835525513,49.419845715022326,5756.246647526023,2.8781233237630115,2.7224129920932594,5.599021518314147,11.199557834170417,5756.246647526023,5442.103571194425,-314.1430763315975,-5.457429043048617,3,TIME,2023
META,2023-08-07,2023-08-10,310.5033526725311,310.65860434886736,303.0784606933594,302.9269214630127,18.530515096098714,5759.543729484386,2.879771864742193,2.8066959455925335,5.684993527633664,11.371461337968391,5759.543729484386,5610.585195239474,-148.9585342449118,-2.5862905334386106,3,TIME,2023
NVDA,2023-08-23,2023-08-28,45.77682161070316,45.79971002150851,46.743934631347656,46.72056266403199,123.59891601037619,5663.626325410721,2.83181316270536,2.8873054503346034,5.7177325899880875,11.436851203028052,5663.626325410721,5771.723595218872,108.0972698081514,1.9086229139651492,5,TIME,2023
NVDA,2023-08-28,2023-08-31,46.39162035347504,46.41481616365178,49.25904083251953,49.234411312103276,122.42649279159808,5685.245779372351,2.8426228896861754,3.0137981507998934,5.8550874910987964,11.711508531584865,5685.245779372351,6024.582503448987,339.33672407663653,5.968725667197086,3,TIME,2023
TSLA,2023-08-29,2023-09-01,238.5800018310547,238.6992918319702,245.00999450683597,244.88748950958257,24.03649719458343,5740.365040988698,2.8701825204943487,2.94311872729283,5.811904795151733,11.625206042938911,5740.365040988698,5883.294335858367,142.92929486966932,2.489899054312611,3,TIME,2023
NVDA,2023-08-31,2023-09-05,49.28399374905417,49.30863574592869,48.453609466552734,48.42938266181946,118.49415317014781,5845.707890634417,2.9228539453172084,2.869299343532668,5.790667262955726,11.582820551805602,5845.707890634417,5735.7293877218035,-109.9785029126133,-1.8813547472807037,5,TIME,2023
TSLA,2023-09-01,2023-09-05,257.260009765625,257.3886397705078,256.489990234375,256.3617452392578,22.367143937384707,5759.928717953586,2.879964358976793,2.867040027902814,5.745560098915239,11.492564485794846,5759.928717953586,5731.213015777726,-28.715702175860315,-0.4985426657512971,4,TIME,2023
AVGO,2023-09-01,2023-09-05,86.991804421117,87.03530032332755,84.12704467773438,84.08498115539551,65.50360287103844,5703.977737009316,2.851988868504658,2.7539346065108896,5.604450567559523,11.21037404257507,5703.977737009316,5505.115278415268,-198.8624585940479,-3.486382096195112,4,TIME,2023
TSLA,2023-09-05,2023-09-08,245.0,245.12249999999997,248.5,248.37575,23.299903340574183,5714.187650425107,2.8570938252125533,2.893565483571309,5.749251149285821,11.499910458069683,5714.187650425107,5784.237401659047,70.04975123393979,1.2258916843364154,3,TIME,2023
TSLA,2023-09-08,2023-09-11,251.22000122070312,251.34561122131348,273.5799865722656,273.4431965789795,22.778728755404124,5728.197600671895,2.8640988003359475,3.1143442024416115,5.977138286387617,11.955581289165176,5728.197600671895,6225.574060680781,497.37646000888617,8.682948715849918,3,TIME,2023
TSLA,2023-09-11,2023-09-14,264.2699890136719,264.4021240081787,276.0400085449219,275.9019885406494,22.029925357358927,5827.672892673672,2.9138364463368363,3.039050106748703,5.9514944580248414,11.904381011110381,5827.672892673672,6075.0611633906565,247.38827071698415,4.245061026468923,3,TIME,2023
TSLA,2023-09-14,2023-09-18,271.32000732421875,271.45566732788086,265.2799987792969,265.1473587799072,21.63967335575435,5877.150546817069,2.9385752734085346,2.8688511175690987,5.805924427388053,11.613350818365687,5877.150546817069,5734.833384020629,-142.31716279644024,-2.4215333887187214,4,TIME,2023
TSLA,2023-09-18,2023-09-21,271.1600036621094,271.2955836639404,255.6999969482422,255.57214694976807,21.547578076102862,5848.687114257781,2.9243435571288905,2.7534803952386806,5.6762784991633115,11.354102451530883,5848.687114257781,5504.207310082123,-344.4798041756585,-5.889865493674544,3,TIME,2023
AMD,2023-10-05,2023-10-09,103.41000366210938,103.46170866394043,106.97000122070312,106.91651622009277,55.83612848121621,5779.79115342265,2.889895576711325,2.9849021682145684,5.873402491257673,11.748200236183568,5779.79115342265,5966.819434260922,187.02828083827262,3.235900327082218,4,TIME,2023
TSLA,2023-10-06,2023-10-09,253.97999572753903,254.10698572540278,259.6700134277344,259.5401784210205,22.897817873231872,5821.406182547477,2.9107030912737386,2.9714518681353166,5.880732180109657,11.762887139518712,5821.406182547477,5939.932284402498,118.5261018550209,2.03603902799913,3,TIME,2023
AMD,2023-10-09,2023-10-12,106.01000213623048,106.0630071372986,108.79000091552734,108.73560591506958,55.04258022204724,5840.902029961308,2.920451014980654,2.992544155786566,5.911573199835955,11.824568370603174,5840.902029961308,5982.095767417346,141.19373745603843,2.4173276102180017,3,TIME,2023
TSLA,2023-10-10,2023-10-13,257.75,257.878875,251.1199951171875,250.99443511962892,22.761940471068463,5872.759981486848,2.9363799907434243,2.856560195381225,5.791434268184757,11.584374454309406,5872.759981486848,5710.263830567068,-162.49615091978012,-2.7669469113675547,3,TIME,2023
NEE,2023-10-19,2023-10-23,48.73762272377689,48.761991535138776,47.127662658691406,47.104098827362066,119.63668920886954,5836.641547268559,2.9183207736342798,2.817689215936496,5.734502676610408,11.470512666181182,5836.641547268559,5632.560742657055,-204.0808046115044,-3.4965451100386735,4,TIME,2023
NFLX,2023-10-19,2023-10-23,40.4739990234375,40.49423602294922,40.68399810791016,40.66365610885621,143.55344334768785,5815.995014335509,2.9079975071677544,2.9187039267662755,5.8252549717029645,11.651956405636994,5815.995014335509,5834.489149605784,18.494135270275365,0.3179874677452481,4,TIME,2023
NFLX,2023-10-23,2023-10-26,40.33200073242188,40.35216673278809,40.354000091552734,40.33382309150696,143.65088471404374,5799.524213400313,2.8997621067001567,2.8969946854973507,5.795307701200951,11.592064493398459,5799.524213400313,5791.092376309203,-8.431837091109628,-0.14538842809944866,3,TIME,2023
NEE,2023-10-24,2023-10-27,49.79871894051429,49.823618299984545,51.445274353027344,51.41955171585083,116.91962718079691,5828.273012938993,2.9141365064694966,3.005977408210492,5.918704975087696,11.838818889767685,5828.273012938993,6008.948839012774,180.67582607378154,3.0999890649026596,3,TIME,2023
NFLX,2023-10-26,2023-10-30,41.141998291015625,41.16256929016113,41.007999420166016,40.987495420455936,142.3791791843311,5863.624640971781,2.9318123204858906,2.917882977393023,5.848224622055526,11.697919919934439,5863.624640971781,5832.848071808653,-30.776569163128443,-0.5248727714949336,4,TIME,2023
NFLX,2023-10-30,2023-11-02,40.23500061035156,40.25511811065674,42.47100067138672,42.44976517105103,144.69970681749194,5827.817697364222,2.913908848682111,3.071234287361232,5.983767068757124,11.968910204800466,5827.817697364222,6139.397340435103,311.5796430708806,5.346420551414989,3,TIME,2023
AMD,2023-11-01,2023-11-06,98.58000183105467,98.62929183197019,111.75,111.694125,59.569954658165734,5878.281583189055,2.9391407915945273,3.3268069809167478,6.264674336163461,12.530622108674736,5878.281583189055,6650.287154852579,772.0055716635243,13.133184600603972,5,TIME,2023
NFLX,2023-11-02,2023-11-06,42.117000579833984,42.1380590801239,43.4739990234375,43.45226202392578,142.29804416063934,5999.162973313758,2.999581486656879,3.0915859501801317,6.089715920649641,12.180883357486652,5999.162973313758,6180.080314410083,180.9173410963249,3.01570972319146,4,TIME,2023
NVDA,2023-11-03,2023-11-06,43.93802583979857,43.95999485271847,45.665809631347656,45.642976726531984,138.2945705840465,6082.469845956573,3.041234922978287,3.1560879332866847,6.195861974582288,12.39318483084726,6082.469845956573,6309.019778640083,226.54993268350972,3.7246371691281412,3,TIME,2023
AMD,2023-11-06,2023-11-09,112.5999984741211,112.65629847335815,113.48999786376952,113.43325286483764,54.350846459042344,6126.028195067069,3.0630140975335345,3.082596654903258,6.144091338442291,12.289702090879082,6126.028195067069,6162.110713151612,36.08251808454315,0.5890034608981769,3,TIME,2023
NVDA,2023-11-06,2023-11-09,45.20067773419167,45.223278073058765,46.86257553100586,46.83914424324036,135.16282881022502,6115.563974413251,3.0577819872066256,3.165455617483267,6.221764870397013,12.445002475086905,6115.563974413251,6327.74577934905,212.18180493579894,3.4695378189737016,3,TIME,2023
AMD,2023-11-09,2023-11-13,114.0999984741211,114.15704847335815,116.79000091552734,116.7316059150696,54.07106527094432,6175.6810596711375,3.0878405298355687,3.1559011413079388,6.24223411370177,12.485975784845277,6175.6810596711375,6308.646381474569,132.96532180343183,2.1530470974566875,4,TIME,2023
LLY,2023-11-10,2023-11-13,582.8670291204396,583.1584626349998,600.2160034179688,599.9158954162598,10.665867395559456,6223.002334230337,3.1115011671151684,3.199311694499071,6.309303371494432,12.620116233108671,6223.002334230337,6395.424077303643,172.42174307330606,2.7707163490021616,3,TIME,2023
TSLA,2023-11-13,2023-11-16,215.6000061035156,215.70780610656735,233.58999633789065,233.47320133972173,28.898537359053766,6236.758472646486,3.1183792363232428,3.373517015626915,6.490467033432479,12.982363285382636,6236.758472646486,6743.660514238203,506.90204159171753,8.127652270244488,3,TIME,2023
AMD,2023-11-13,2023-11-16,118.33999633789062,118.39916633605957,119.83000183105467,119.77008683013915,53.03452868096791,6282.385175440161,3.141192587720081,3.175975052557516,6.315616799418044,12.63278443969564,6282.385175440161,6348.774130062475,66.38895462231358,1.0567476009247105,3,TIME,2023
LLY,2023-11-13,2023-11-16,582.2303441834008,582.5214593554924,577.8102416992188,577.5213365783692,10.749056925019449,6264.688670993089,3.1323443354965446,3.1039048611471034,6.234671146491257,12.470920343134905,6264.688670993089,6204.70581743306,-59.98285356002907,-0.9574754103545977,3,TIME,2023
TSLA,2023-11-16,2023-11-20,239.4900054931641,239.60975049591065,235.6000061035156,235.48220610046386,26.444042356426714,6339.420101177287,3.1697100505886433,3.113550716152736,6.281650194887767,12.564910961629145,6339.420101177287,6223.987881589319,-115.43221958796767,-1.8208640182487807,4,TIME,2023
AMD,2023-11-16,2023-11-20,117.1999969482422,117.25859694671631,121.52999877929688,121.46923377990723,53.75977132686916,6306.948832381178,3.153474416190589,3.265079115628912,6.417034989587706,12.835588521407207,6306.948832381178,6526.893152142195,219.94431976101623,3.487333187670346,4,TIME,2023
TSLA,2023-11-20,2023-11-24,234.0399932861328,234.15701328277586,235.4499969482422,235.33227194976809,27.149058107750083,6360.322521211896,3.180161260605948,3.1945247628965494,6.373105512939125,12.747791536441621,6360.322521211896,6385.855001030202,25.532479818306456,0.4014337281349295,4,TIME,2023
TSLA,2023-11-24,2023-11-27,233.75,233.866875,236.0800018310547,235.96196183013916,27.20456371885488,6365.429017175557,3.182714508587779,3.209621112917012,6.390760110921143,12.783095732425934,6365.429017175557,6416.0326047211065,50.60358754554909,0.7949752861748619,3,TIME,2023
TSLA,2023-11-27,2023-11-30,236.88999938964844,237.00844438934325,240.0800018310547,239.95996183013918,26.886645225809726,6375.549734684668,3.187774867342334,3.225859181062898,6.412061603086823,12.825695651492055,6375.549734684668,6448.492502944732,72.94276826006444,1.1441016272406532,3,TIME,2023
AMD,2023-12-12,2023-12-15,132.25,132.316125,139.14999389648438,139.08041889953614,48.27033152000569,6390.1382883366805,3.19506914416834,3.3567289641109372,6.550283839954972,13.102081948234249,6390.1382883366805,6710.101199257764,319.9629109210837,5.007135941096641,3,TIME,2023
AMD,2023-12-15,2023-12-18,139.52000427246094,139.58976427459717,138.89999389648438,138.83054389953614,46.21330108700231,6454.130870520898,3.2270654352604486,3.2079088626507772,6.433353602011987,12.868327899923212,6454.130870520898,6412.609816438904,-41.5210540819935,-0.6433252581170923,3,TIME,2023
TSLA,2023-12-15,2023-12-18,251.2100067138672,251.3356117172241,252.0800018310547,251.95396183013918,25.647762586478244,6449.420809255271,3.2247104046276354,3.231027697871006,6.454131325652664,12.909869428151305,6449.420809255271,6458.824368044141,9.403558788870214,0.14580470195673376,3,TIME,2023
AMD,2023-12-18,2023-12-21,139.14999389648438,139.2195688934326,139.91000366210938,139.84004866027834,46.290069485199695,6447.707371462273,3.2238536857311364,3.2366027846489955,6.458853338762092,12.919309809142224,6447.707371462273,6469.968966513342,22.26159505106898,0.3452637312542967,3,TIME,2023
TSLA,2023-12-18,2023-12-21,253.77999877929688,253.90688877868652,254.5,254.37275000000002,25.367101892973192,6444.103970962234,3.2220519854811167,3.226349734022899,6.446795259596688,12.895196979100703,6444.103970962234,6449.473118311775,5.369147349540981,0.08331875732816986,3,TIME,2023
AMD,2023-12-21,2023-12-26,138.13999938964844,138.20906938934326,143.41000366210938,143.33829866027833,46.66847792030469,6453.233519942395,3.2266167599711975,3.344690113080619,6.5697550504407864,13.141061923492604,6453.233519942395,6686.035536048157,232.80201610576205,3.6075250552507536,5,TIME,2023
AMD,2023-12-26,2023-12-29,140.07000732421875,140.14004232788085,147.41000366210938,147.33629866027832,46.35751437124748,6499.793923163548,3.2498969615817743,3.415072291275132,6.663429370372229,13.328398623229134,6499.793923163548,6826.729510258988,326.9355870954396,5.029937732799921,3,TIME,2023
AMD,2024-01-16,2024-01-19,150.36000061035156,150.43518061065674,174.22999572753906,174.1428807296753,43.61944076794962,6565.181040582636,3.2825905202913184,3.7980075355740937,7.079217059564208,14.15981511542962,6565.181040582636,7592.217063612613,1027.0360230299766,15.643681669726368,3,TIME,2024
AMD,2024-01-19,2024-01-22,165.8000030517578,165.88290305328368,168.17999267578125,168.09590267944336,40.79505980729266,6770.588245188632,3.385294122594316,3.4287412015843692,6.812366950072003,13.626402274250689,6770.588245188632,6854.053661967154,83.46541677852201,1.232764624814319,3,TIME,2024
AMD,2024-01-22,2024-01-25,174.38999938964844,174.47719438934325,180.3300018310547,180.23983683013918,38.88122864207639,6787.281328544335,3.393640664272168,3.503973153101591,6.895974735688693,13.793588553062452,6787.281328544335,7004.44233305008,217.16100450574504,3.199528559284273,3,TIME,2024
AMD,2024-01-25,2024-01-29,183.41000366210935,183.50170866394038,177.8300018310547,177.74108683013918,37.20563815121784,6830.713529445485,3.4153567647227425,3.3064852806031744,6.720082465059612,13.44192451038553,6830.713529445485,6609.664075925746,-221.04945351973856,-3.2361107308460544,4,TIME,2024
AMD,2024-01-29,2024-02-01,178.77000427246094,178.85938927459716,170.47999572753906,170.3947557296753,37.92426226228623,6786.5036387415375,3.393251819370769,3.231047702205202,6.622524297551422,13.246823819127393,6786.5036387415375,6458.864356708199,-327.63928203333853,-4.827806768760455,3,TIME,2024
META,2024-02-06,2024-02-09,459.9608117036845,460.1907921095363,464.0350341796875,463.80301666259766,14.597456988762936,6720.975782334869,3.3604878911674345,3.3851722934953843,6.7439948090383215,13.48965499370114,6720.975782334869,6766.959414697273,45.98363236240402,0.6841808965190066,3,TIME,2024
TSLA,2024-02-09,2024-02-12,190.17999267578125,190.27508267211914,188.1300048828125,188.0359398803711,35.353065299383104,6730.17250880735,3.365086254403675,3.3238234306108176,6.687209023548868,13.37611870856336,6730.17250880735,6644.323037791024,-85.84947101632588,-1.2755909436790829,3,TIME,2024
META,2024-02-09,2024-02-12,468.8329280456372,469.06734450965996,464.818115234375,464.5857061767578,14.38902176738398,6752.7966288329135,3.376398314416457,3.342466919496413,6.717162592447991,13.436027826360862,6752.7966288329135,6681.59137207333,-71.20525675958379,-1.0544558154698966,3,TIME,2024
META,2024-02-12,2024-02-15,464.11430441271233,464.34636156491865,479.81646728515625,479.5765590515137,14.419004296503957,6698.761563252167,3.349380781626084,3.4575082327331796,6.8052709263560835,13.612159940715348,6698.761563252167,6911.558957233627,212.7973939814592,3.176667686588753,3,TIME,2024
AMD,2024-02-14,2024-02-20,173.47000122070312,173.55673622131346,165.69000244140625,165.60715744018555,38.653742906564965,6711.973448325324,3.355986724162662,3.2006682435899796,6.554901792871701,13.111556760624342,6711.973448325324,6398.135818936369,-313.83762938895507,-4.675787706926334,6,TIME,2024
TSLA,2024-02-15,2024-02-20,189.16000366210935,189.2545836639404,193.75999450683597,193.66311450958256,35.72981214786734,6765.413429150009,3.3827067145750043,3.4597733506991535,6.840829801118533,13.68330986639269,6765.413429150009,6916.086928047608,150.67349889759953,2.227114432480881,5,TIME,2024
META,2024-02-15,2024-02-20,471.1426369454391,471.3782082639118,467.6434020996094,467.40958039855957,14.51343401357395,6844.738890520262,3.422369445260131,3.391859051213391,6.812504615272022,13.626733111745544,6844.738890520262,6780.326243375569,-64.41264714469344,-0.941053386768381,5,TIME,2024
NVDA,2024-02-15,2024-02-20,73.73794078168315,73.77480975207399,69.32877349853516,69.29410911178589,93.05498433382547,6868.548039730065,3.4342740198650326,3.2240811189118146,6.656535428019044,13.314890566795892,6868.548039730065,6444.938156704717,-423.6098830253486,-6.167386186644427,5,TIME,2024
TSLA,2024-02-20,2024-02-23,196.1300048828125,196.2280698852539,191.97000122070312,191.87401622009278,33.67397015078005,6611.08370991618,3.30554185495809,3.230579947452846,6.534434010522682,13.070555812933618,6611.08370991618,6457.929314958239,-153.1543949579409,-2.316630701986418,3,TIME,2024
NVDA,2024-02-22,2024-02-26,74.89189108055353,74.9293370260938,78.95167541503906,78.91219957733155,88.28415882613348,6618.382682089594,3.309191341044797,3.4833485804023407,6.790974929436736,13.583514850883873,6618.382682089594,6963.2138122242795,344.83113013468574,5.210202351517904,4,TIME,2024
AMD,2024-02-22,2024-02-26,173.1999969482422,173.2865969467163,176.00999450683594,175.92198950958252,38.523686785185674,6678.978073882952,3.339489036941476,3.3885818112469384,6.72642816653568,13.454499014724094,6678.978073882952,6773.77504068263,94.79696679967765,1.4193334032696652,4,TIME,2024
NVDA,2024-02-26,2024-02-29,79.5585907729136,79.59837006830006,78.97162628173828,78.93214046859741,83.73342639261723,6668.378450311465,3.3341892251557326,3.304629286969513,6.637139130375457,13.275957642500703,6668.378450311465,6605.953944652056,-62.42450565940908,-0.9361272178020037,3,TIME,2024
TSLA,2024-02-27,2024-03-01,204.0399932861328,204.14201328277588,202.63999938964844,202.53867938995361,32.56076384260361,6650.345057382808,3.325172528691404,3.2974070543045437,6.620905600513867,13.243485183509815,6650.345057382808,6591.516701554783,-58.82835582802454,-0.8845910297950164,3,TIME,2024
AMD,2024-02-29,2024-03-04,179.82000732421875,179.90991732788086,205.3600006103516,205.25732061004643,36.89167234360031,6640.497970409606,3.320248985204803,3.7861429090355765,7.104967323013147,14.211359217253527,6640.497970409606,7568.4996751621175,928.0017047525116,13.974881234626292,4,TIME,2024
NVDA,2024-02-29,2024-03-04,78.95366047452625,78.99313730476351,85.08576965332031,85.04322676849365,85.1919908190113,6732.949102583602,3.3664745512918013,3.6225008970403034,6.987422812703539,13.976398261035644,6732.949102583602,7241.379293183566,508.4301905999637,7.551374336171146,4,TIME,2024
AMD,2024-03-04,2024-03-07,205.16000366210935,205.26258366394038,211.3800048828125,211.2743148803711,33.7516386391126,6931.414257084474,3.4657071285422374,3.5654271647841873,7.02945392356968,14.060588216896104,6931.414257084474,7127.28890240359,195.8746453191161,2.825897256377602,3,TIME,2024
NVDA,2024-03-04,2024-03-07,83.98073146925641,84.02272183499103,92.5089111328125,92.4626566772461,82.4528516967441,6931.378711973285,3.4656893559866426,3.8119048592479694,7.2760371637385095,14.553631378973122,6931.378711973285,7619.997813636691,688.6191016634057,9.934807060446472,3,TIME,2024
AMD,2024-03-07,2024-03-11,212.5200042724609,212.62626427459713,198.38999938964844,198.29080438995362,33.41430502114388,7108.313006480978,3.554156503240489,3.3128747103869434,6.865136099302073,13.732167312929505,7108.313006480978,6622.4365460635,-485.8764604174785,-6.835327312886791,4,TIME,2024
NVDA,2024-03-07,2024-03-11,90.00224735235656,90.04724847603273,85.62582397460938,85.58301106262208,78.80000866411808,7099.273596889819,3.5496367984449093,3.371971006617967,6.919746771112629,13.841354576175505,7099.273596889819,6740.570042229316,-358.70355466050296,-5.052679682857278,4,TIME,2024
NVDA,2024-03-11,2024-03-14,86.27969121669621,86.32283106230454,87.79207611083984,87.74818007278442,80.3487005651791,6939.397003465382,3.469698501732691,3.5252261229037853,6.993220154925155,13.988144779561633,6939.397003465382,7046.927019684667,107.53001621928524,1.549558501489209,3,TIME,2024
AMD,2024-03-11,2024-03-14,203.00999450683597,203.11149950408938,187.05999755859372,186.96646755981445,34.08984034258936,6927.50234100883,3.463751170504415,3.186828514265994,6.648711875971915,13.299291560742324,6927.50234100883,6370.470200017721,-557.0321409911085,-8.040879866523289,3,TIME,2024
NVDA,2024-03-14,2024-03-18,89.42225831640668,89.46696944556489,88.30219268798828,88.25804159164429,76.52066313017535,6849.496578511017,3.4247482892555086,3.376781934581609,6.799796422651304,13.60132664648842,6849.496578511017,6750.187087228636,-99.3094912823808,-1.4498801502280518,4,TIME,2024
NVDA,2024-03-22,2024-03-25,90.9835569272488,91.02904870571241,94.83788299560548,94.79046405410769,74.98946720824122,6829.634680254541,3.4148173401272706,3.554143197919738,6.967325387840195,13.936285925887205,6829.634680254541,7104.732252641556,275.09757238701513,4.027998352274418,3,TIME,2024
NVDA,2024-03-25,2024-03-28,93.77871885813296,93.82560821756202,90.19991302490234,90.1548130683899,73.34044509126424,6884.654194731944,3.442327097365972,3.3059970587777205,6.746537374790829,13.494861530934521,6884.654194731944,6608.688120496664,-275.96607423527985,-4.0084231746373815,3,TIME,2024
TSLA,2024-03-27,2024-04-01,181.41000366210935,181.5007086639404,175.22000122070312,175.13239122009279,37.607660504429525,6829.231648571127,3.4146158242855638,3.293159756167092,6.7060100746624745,13.41378565511513,6829.231648571127,6583.0263525780165,-246.20529599311067,-3.605168321455664,5,TIME,2024
AVGO,2024-03-28,2024-04-01,128.947745659259,129.0122195320886,132.11398315429688,132.04792616271973,52.572010929833056,6785.824727686828,3.392912363843414,3.4710125087441455,6.8622700302722635,13.726194902859824,6785.824727686828,6938.554004979546,152.7292772927185,2.250710612515059,4,TIME,2024
TSLA,2024-04-01,2024-04-04,176.1699981689453,176.25808316802977,171.11000061035156,171.0244456100464,38.62155012072364,6810.76577614481,3.405382888072405,3.302614598998691,6.706245939388684,13.41424342645978,6810.76577614481,6601.926583398383,-208.83919274642722,-3.066310009924307,3,TIME,2024
GE,2024-04-10,2024-04-15,149.63463055370747,149.7094478689843,151.68711853027344,151.6112749710083,45.19162641323438,6768.9979375955245,3.3844989687977622,3.4257800492619794,6.808609957392514,13.618888975452256,6768.9979375955245,6848.134318474697,79.13638087917207,1.1691003839673615,5,TIME,2024
GE,2024-04-15,2024-04-18,155.14128200065227,155.21885264165257,150.9370880126953,150.86161946868899,43.68949187390587,6784.825213771359,3.3924126068856797,3.2955337489307834,6.686204229736502,13.374150585552965,6784.825213771359,6587.771964112636,-197.05324965872296,-2.9043231542466,3,TIME,2024
GE,2024-04-23,2024-04-26,155.7630178988954,155.84089940784486,160.22386169433594,160.14374976348878,43.26233923299796,6745.414563839615,3.3727072819198076,3.4640966141561944,6.835165789068686,13.671969685144688,6745.414563839615,6924.729131698233,179.31456785861792,2.6583179752935564,3,TIME,2024
TSLA,2024-04-29,2024-05-02,188.4199981689453,188.51420816802977,180.00999450683594,179.91998950958254,35.95424930852558,6781.277477411339,3.3906387387056696,3.2344440792074187,6.623311904700453,13.248394722613542,6781.277477411339,6465.65371433563,-315.62376307570867,-4.654340780583923,3,TIME,2024
TSLA,2024-05-02,2024-05-06,182.8600006103516,182.95143061065676,184.75999450683597,184.66761450958256,36.702602576110536,6718.152724796197,3.3590763623980986,3.3888910320117964,6.746305289908013,13.494272684317908,6718.152724796197,6774.39317299158,56.24044819538358,0.8371415551153566,4,TIME,2024
NVDA,2024-05-03,2024-05-06,87.6373400551101,87.68115872513765,91.9808349609375,91.93484454345703,76.42689640271708,6704.551109911243,3.3522755549556216,3.5131474198613453,6.863829826997672,13.729252801814638,6704.551109911243,7022.781692302829,318.2305823915858,4.746486038731961,3,TIME,2024
AVGO,2024-05-03,2024-05-06,123.18477585095567,123.24636823888115,128.2051544189453,128.14105184173584,54.48526154240419,6718.46984256818,3.35923492128409,3.4908993619578754,6.8485230499405905,13.698657333182556,6718.46984256818,6978.307824553793,259.8379819856127,3.867517278105217,3,TIME,2024
TSLA,2024-05-06,2024-05-09,183.8000030517578,183.89190305328367,171.97000122070312,171.88401622009278,37.204422307080414,6845.014527310712,3.422507263655356,3.197422763644696,6.6181087415713655,13.238038768871418,6845.014527310712,6391.648104525747,-453.3664227849649,-6.623308409004718,3,TIME,2024
NVDA,2024-05-06,2024-05-09,89.23558536447402,89.28020315715625,88.59369659423828,88.54939974594117,76.69521077719371,6850.789394065807,3.4253946970329037,3.3956574388544705,6.8193271310889685,13.640379266976343,6850.789394065807,6787.919220270086,-62.8701737957208,-0.9177069995784619,3,TIME,2024
AVGO,2024-05-06,2024-05-09,125.84809600346694,125.91102005146867,127.75113677978516,127.68726121139527,54.705963407215435,6891.529420210919,3.4457647101054594,3.492627319699074,6.936695174369044,13.875087204173578,6891.529420210919,6981.7620120784495,90.23259186753057,1.309326077937123,3,TIME,2024
NVDA,2024-05-09,2024-05-13,90.37261598217049,90.41780229016156,90.24283599853516,90.19771458053589,74.72459679812489,6759.813726368081,3.3799068631840408,3.3699939270714476,6.748208412383898,13.498109202639386,6759.813726368081,6736.617860215823,-23.195866152257622,-0.3431435700924309,4,TIME,2024
META,2024-05-09,2024-05-13,466.40290121752565,466.6361026681344,464.42822265625,464.1960085449219,14.419181575702975,6731.876632466438,3.3659383162332195,3.3466632669628993,6.710911495725698,13.423513078921816,6731.876632466438,6689.979870658835,-41.89676180760307,-0.6223637790024807,4,TIME,2024
META,2024-05-13,2024-05-16,469.1319366666858,469.3665026350191,469.6082153320313,469.3734112243653,14.367070861082363,6746.795200776109,3.3733976003880546,3.3717605296842046,6.7434731419532605,13.488631272025518,6746.795200776109,6740.1492988387245,-6.645901937384224,-0.0985045749813144,3,TIME,2024
NVDA,2024-05-14,2024-05-17,89.44421267221655,89.48893477855266,92.31925201416016,92.27309238815307,75.31108347207545,6742.880076973182,3.3714400384865915,3.474593281535363,6.844401730584941,13.690435050606895,6742.880076973182,6945.71196978919,202.8318928160079,3.0080898740684305,3,TIME,2024
AMD,2024-05-15,2024-05-20,155.58999633789062,155.66779133605957,166.3300018310547,166.24683683013916,43.94863658420162,6844.809594090857,3.4224047970454285,3.6531609075604257,7.0739725043567345,14.14953820896259,6844.809594090857,7302.668654213291,457.85906012243413,6.689142390720483,5,TIME,2024
AMD,2024-05-20,2024-05-23,165.5500030517578,165.6327780532837,160.42999267578125,160.34977767944338,41.50244589062817,6877.604210976319,3.43880210548816,3.3274539858576775,6.764483567053752,13.53073965839959,6877.604210976319,6651.580517729497,-226.0236932468224,-3.2863724970695416,3,TIME,2024
TSLA,2024-05-24,2024-05-28,174.83999633789062,174.92741633605957,176.75,176.66162500000002,39.03895350212786,6832.399472326954,3.416199736163477,3.4483424819926745,6.862852759423319,13.72739497757947,6832.399472326954,6893.236621503356,60.83714917640191,0.8904214313406094,4,TIME,2024
AMD,2024-05-24,2024-05-28,161.41000366210938,161.4907086639404,171.61000061035156,171.5241956100464,42.49133209367476,6865.388025895319,3.4326940129476595,3.644145778883456,7.075231797687438,14.152071589518554,6865.388025895319,7284.647411988029,419.25938609271,6.10685637157463,4,TIME,2024
AMD,2024-05-28,2024-05-31,169.4199981689453,169.50470816802977,166.89999389648438,166.81654389953613,40.85405440848516,6928.418779380777,3.4642093896903887,3.407566080353551,6.87001762725054,13.74179309729448,6928.418779380777,6811.7245946267485,-116.69418475402836,-1.68428307338053,3,TIME,2024
NVDA,2024-05-29,2024-06-03,112.8547051589029,112.91113251148235,114.80133819580078,114.7439375267029,61.0091896426308,6892.062727521003,3.4460313637605013,3.500217322454399,6.944555361158039,13.890804047372939,6892.062727521003,6996.934427586343,104.87170006534052,1.5216300868326789,5,TIME,2024
NVDA,2024-06-03,2024-06-06,113.42472260342709,113.48143496472879,120.78897857666016,120.72858408737183,61.001971445403655,6926.0542824430395,3.4630271412215197,3.6823408195709355,7.143748755754386,14.289116716546841,6926.0542824430395,7360.9992983223,434.9450158792606,6.279838391994838,3,TIME,2024
NVDA,2024-06-06,2024-06-10,123.83370517037008,123.89562202295527,121.5796127319336,121.51882292556763,56.576145706563885,7013.043285618892,3.506521642809446,3.4375333159635253,6.942269815985632,13.886324774758604,7013.043285618892,6871.629098611087,-141.41418700780468,-2.0164453754020295,4,TIME,2024
NVDA,2024-06-10,2024-06-13,120.16206756268632,120.22214859646765,129.39674377441406,129.33204540252686,58.06973298594287,6984.760448217331,3.4923802241086657,3.7551386715252875,7.245906769316393,14.493425664950347,6984.760448217331,7506.52220437905,521.761756161719,7.470002157266315,3,TIME,2024
NVDA,2024-06-13,2024-06-17,129.177104537848,129.24169309011694,130.7644805908203,130.6990983505249,54.82416760131241,7089.112799449676,3.5445563997248377,3.582734636654796,7.12554051482257,14.252831551202203,7089.112799449676,7161.886538672937,72.77373922326115,1.0265563728780072,4,TIME,2024
TSLA,2024-06-17,2024-06-20,177.9199981689453,178.00895816802978,181.57000732421875,181.47922232055666,39.88628317693201,7103.667547294328,3.551833773647164,3.619265826103562,7.169360079187605,14.34045967893833,7103.667547294328,7234.91238638102,131.24483908669208,1.847564489932825,3,TIME,2024
NVDA,2024-06-17,2024-06-20,132.77118307637525,132.83756866791344,130.56480407714844,130.49952167510986,54.010337719019816,7178.191041048014,3.589095520524007,3.524161618921615,7.111432799867053,14.224689939312675,7178.191041048014,7044.799076224309,-133.39196482370517,-1.8582949946708296,3,TIME,2024
AVGO,2024-06-17,2024-06-20,176.11801814865436,176.20607715772869,169.7151641845703,169.63030660247804,40.586012469462446,7155.079584510894,3.5775397922554473,3.442308869483456,7.017994925264458,14.037843587003362,7155.079584510894,6881.175430097428,-273.90415441346613,-3.828107726522089,3,TIME,2024
ADBE,2024-06-17,2024-06-20,525.510009765625,525.7727647705078,522.9500122070312,522.6885372009277,13.642756696000642,7176.5781962457395,3.58828909812287,3.565456270410369,7.151942492628429,14.305687861161667,7176.5781962457395,7127.347084550327,-49.23111169541244,-0.6859970078939089,3,TIME,2024
NVDA,2024-06-20,2024-06-24,139.56996619369176,139.6397511767886,117.9156494140625,117.85669158935548,50.3802943223812,7038.611068925148,3.5193055344625743,2.968827405066919,6.4861005490482295,12.974233488577722,7038.611068925148,5934.685982728771,-1103.9250861963774,-15.683848352839242,4,TIME,2024
AVGO,2024-06-20,2024-06-24,176.4565707685911,176.54479905397537,156.28184509277344,156.20370417022707,39.32709606910739,6946.467506650274,3.473233753325137,3.0715190401264754,6.542817823229697,13.08757061668131,6946.467506650274,6139.966561212825,-806.5009454374494,-11.610231310595454,4,TIME,2024
AVGO,2024-06-24,2024-06-27,161.1738513202931,161.25443824595322,155.737060546875,155.65919201660157,41.25900453988931,6656.525862598383,3.3282629312991916,3.211171655044233,6.537714375733103,13.077148962076528,6656.525862598383,6419.1321384334215,-237.3937241649619,-3.566330681577116,3,TIME,2024
TSLA,2024-06-25,2024-06-28,184.3999938964844,184.49219389343264,197.8800048828125,197.7810648803711,35.78620266578935,6605.577829841405,3.302788914920703,3.538916635632296,6.840174755696291,13.68188030624929,6605.577829841405,7074.29435462896,468.7165247875546,7.095768710347754,3,TIME,2024
AVGO,2024-06-27,2024-07-01,156.26119966827264,156.33933026810678,161.0511474609375,160.97062188720705,42.83991428311604,6700.913964747837,3.3504569823739185,3.4479838218739163,6.796816875994404,13.595257680242238,6700.913964747837,6892.519659925958,191.6056951781211,2.8593964373534746,4,TIME,2024
TSLA,2024-06-28,2024-07-01,199.5500030517578,199.64977805328368,209.8600006103516,209.75507061004643,33.60621414795959,6712.829610656583,3.3564148053282916,3.5245369107708027,6.879360128692058,13.760311844791152,6712.829610656583,7045.549284630834,332.71967397425124,4.956474292838603,3,TIME,2024
TSLA,2024-07-01,2024-07-05,201.0200042724609,201.12051427459713,251.5200042724609,251.3942442703247,33.8317137530536,6807.655496553377,3.4038277482766883,4.252549055659429,7.655102015447275,15.311478819383392,6807.655496553377,8500.8455622632,1693.1900657098222,24.871852968574295,4,TIME,2024
AMD,2024-07-03,2024-07-08,164.1999969482422,164.2820969467163,178.69000244140625,178.60065744018556,43.27755168568429,7113.28358343583,3.556641791717915,3.8646995917324123,7.419719835544409,14.841061218994737,7113.28358343583,7725.534483873092,612.2509004372614,8.607148769704109,5,TIME,2024
TSLA,2024-07-05,2024-07-08,249.80999755859372,249.934902557373,252.94000244140625,252.81353244018555,28.839162253438385,7211.518967132959,3.6057594835664797,3.64546524095371,7.249444411457136,14.500669135977326,7211.518967132959,7287.285016666466,75.7660495335067,1.0506253936073133,3,TIME,2024
TSLA,2024-07-08,2024-07-11,247.7100067138672,247.8338617172241,241.02999877929688,240.90948377990725,29.37554578214315,7283.8968996894955,3.641948449844748,3.5384237850645692,7.178502203463299,14.358874438372617,7283.8968996894955,7073.309146344073,-210.58775334542224,-2.891141325111279,3,TIME,2024
AMD,2024-07-08,2024-07-11,174.89999389648438,174.9874438934326,181.94000244140625,181.84903244018557,41.771631710624995,7313.1676441221825,3.6565838220610916,3.7980654050124647,7.452894453322505,14.907543680396062,7313.1676441221825,7592.332744619916,279.1651004977339,3.8172938743187084,3,TIME,2024
AVGO,2024-07-08,2024-07-11,167.35261755541237,167.43629386419005,167.4458770751953,167.36215413665772,43.83575899838547,7343.368709768367,3.6716843548841833,3.668223527092585,7.338073061823463,14.677980943800232,7343.368709768367,7332.778830658077,-10.589879110289985,-0.1442100966032526,3,TIME,2024
NVDA,2024-07-09,2024-07-12,130.1355144487565,130.20058220598088,129.02734375,128.962830078125,56.869500531626095,7408.146152057085,3.7040730760285423,3.6670258668439675,7.3692311510557555,14.740330093928264,7408.146152057085,7330.384707821091,-77.76144423599362,-1.049674812562937,3,TIME,2024
TSLA,2024-07-11,2024-07-15,263.29998779296875,263.4316377868652,252.63999938964844,252.51367938995364,27.547509150897966,7260.51571042492,3.6302578552124602,3.4780614468608313,7.106430759112717,14.21475006118601,7260.51571042492,6952.644832274802,-307.8708781501182,-4.240344493822466,4,TIME,2024
AMD,2024-07-11,2024-07-15,184.07000732421875,184.16204232788084,179.8300018310547,179.74008683013918,38.731106115502335,7136.367787742657,3.568183893871329,3.480766188113862,7.047124935011201,14.09607501699639,7136.367787742657,6958.05161003961,-178.3161777030473,-2.4986965779611454,4,TIME,2024
AVGO,2024-07-11,2024-07-15,173.20850262223414,173.29510687354525,168.2556610107422,168.17153318023682,41.056453617927374,7118.441738436697,3.5592208692183487,3.452263375935064,7.009653798190563,14.021138043343974,7118.441738436697,6901.074488494192,-217.3672499425047,-3.053579110844017,4,TIME,2024
TSLA,2024-07-15,2024-07-18,255.97000122070312,256.0979862213135,249.22999572753903,249.1053807296753,27.86301342293048,7139.231243291568,3.569615621645784,3.470413283497575,7.038197148115964,14.078226053259323,7139.231243291568,6937.356153711652,-201.87508957991577,-2.8276866612159286,3,TIME,2024
AMD,2024-07-15,2024-07-18,184.4499969482422,184.5422219467163,155.77000427246094,155.69211927032472,38.55858911167576,7119.247333465839,3.5596236667329193,3.0016342274352334,6.55920161732031,13.120459511488463,7119.247333465839,6000.266820643032,-1118.9805128228072,-15.717679979493813,3,TIME,2024
GE,2024-07-31,2024-08-05,168.9176682192586,169.0021270533682,156.55062866210938,156.47235334777832,40.65997696336489,6875.060122811024,3.437530061405512,3.1810811412620787,6.616766726750731,13.235377929418322,6875.060122811024,6358.981201382895,-516.0789214281285,-7.506536847813311,5,TIME,2024
META,2024-08-07,2024-08-12,499.77508903606014,500.02497658057814,512.5096435546875,512.2533887329101,13.536240654701393,6771.844338525397,3.3859221692626984,3.4669925730374875,6.851264875714075,13.704179618014262,6771.844338525397,6930.518153501937,158.6738149765406,2.3431403181233286,5,TIME,2024
LLY,2024-08-09,2024-08-12,846.940605238381,847.3640755410001,870.9503784179688,870.5149032287599,8.032504180492415,6809.860409386867,3.4049302046934335,3.496207299682982,6.899483253924172,13.800620758300589,6809.860409386867,6988.918392066281,179.05798267941373,2.6293928497065244,3,TIME,2024
LLY,2024-08-12,2024-08-15,890.4792696107572,890.9245092455626,918.7155151367188,918.2561573791504,7.672895887100782,6839.390698056588,3.419695349028294,3.5228419466297254,6.940881611426382,13.883418907084401,6839.390698056588,7042.161051312822,202.77035325623365,2.9647429457985317,3,TIME,2024
META,2024-08-12,2024-08-15,513.4135489736507,513.6702557481375,533.7470703125,533.4801967773437,13.247118691706527,6808.05487373169,3.4040274368658454,3.5335377431922135,6.935930506482336,13.873495686540394,6808.05487373169,7063.541948641235,255.4870749095444,3.7527176212301088,3,TIME,2024
NVDA,2024-08-13,2024-08-16,112.25498947976828,112.31111697450817,124.375,124.3128125,61.16730140198468,6873.204545045822,3.436602272522911,3.8019396351579546,7.237008943628231,14.475550851309096,6873.204545045822,7600.0773306807505,726.8727856349287,10.57545691927437,3,TIME,2024
AVGO,2024-08-13,2024-08-16,148.752427355665,148.82680356934281,162.66087341308594,162.5795429763794,46.45373818684448,6917.01987813425,3.458509939067125,3.7762137619807796,7.233155970905589,14.467879671953494,6917.01987813425,7548.651310199578,631.6314320653282,9.131554386044359,3,TIME,2024
AMD,2024-08-15,2024-08-19,143.0,143.0715,155.27999877929688,155.20235877990723,50.21903544701146,7188.506983448823,3.5942534917244116,3.897056378513976,7.489666915915212,14.9809767861536,7188.506983448823,7790.215700649437,601.708717200614,8.370426829743897,4,TIME,2024
LLY,2024-08-15,2024-08-19,923.0744610154474,923.535998245955,909.0804443359376,908.6259041137697,7.825624110816835,7230.8610055836325,3.6154305027918165,3.555282391472731,7.168877801033911,14.339590695298458,7230.8610055836325,7107.009500553989,-123.8515050296437,-1.712818223639014,4,TIME,2024
META,2024-08-15,2024-08-19,528.2439725420813,528.5080945283523,525.7506103515625,525.4877350463868,12.189776776706426,6445.618506236191,3.2228092531180956,3.2027890945562523,6.423979344664402,12.84957769233875,6445.618506236191,6402.375400017948,-43.243106218243156,-0.6708914928242352,4,TIME,2024
NVDA,2024-08-16,2024-08-19,121.73934484458584,121.80021451700813,129.7860565185547,129.72116349029542,59.26752748767472,7222.408766274594,3.6112043831372973,3.8441263114471154,7.45364431956787,14.908975014152283,7222.408766274594,7684.408496582783,461.9997303081891,6.396754119837697,3,TIME,2024
AVGO,2024-08-16,2024-08-19,161.43394793475716,161.51466490872454,164.61416625976562,164.53185917663575,44.87877716857647,7252.206759275584,3.626103379637792,3.6919943225599194,7.316320331585233,14.634418033782945,7252.206759275584,7380.296650797279,128.08989152169488,1.7662195214976146,3,TIME,2024
NVDA,2024-08-19,2024-08-22,124.07546881304408,124.1375065474506,123.53638458251952,123.47461639022826,59.64337561484538,7407.683772786317,3.7038418863931586,3.6822214621306646,7.3842033893791115,14.770266737902935,7407.683772786317,7360.760702799198,-46.92306998711865,-0.633437811688188,3,TIME,2024
AVGO,2024-08-19,2024-08-22,161.816769802881,161.89767818778242,159.34326171875,159.26359008789063,46.14387089544436,7474.322721930195,3.7371613609650978,3.6745192696802986,7.409783515654127,14.821464146299522,7474.322721930195,7345.364020090918,-128.95870183927764,-1.725356351832436,3,TIME,2024
AMD,2024-08-19,2024-08-22,148.42999267578125,148.50420767211912,151.6999969482422,151.62414694976806,50.46924891589676,7498.645144634524,3.749322572317262,3.8261784070341767,7.573667576729511,15.14916855608095,7498.645144634524,7648.530635661318,149.88549102679463,1.9988342978736848,3,TIME,2024
TSLA,2024-08-19,2024-08-22,217.07000732421875,217.17854232788085,210.66000366210935,210.5546736602783,34.8216074760826,7566.289097718115,3.783144548859058,3.665926099226439,7.447123274152629,14.896193922238126,7566.289097718115,7328.1862723536515,-238.10282536446357,-3.1468904014819095,3,TIME,2024
LLY,2024-08-19,2024-08-22,909.3861610444304,909.8408541249526,940.99365234375,940.5231555175782,7.790299100842073,7091.478126862433,3.5457390634312165,3.6634783463748697,7.207506098226108,14.416723508032195,7091.478126862433,7323.293214403364,231.81508754093102,3.2689248051519506,3,TIME,2024
NVDA,2024-08-22,2024-08-26,129.80605728559254,129.87096031423533,126.25191497802734,126.18878902053834,56.96058870803858,7401.22696906169,3.7006134845308454,3.5938938554821696,7.292606421760371,14.587113761773384,7401.22696906169,7184.193817108857,-217.03315195283358,-2.9323942213914904,4,TIME,2024
TSLA,2024-08-22,2024-08-26,223.82000732421875,223.93191732788085,213.2100067138672,213.10340171051027,32.70930977540954,7328.322613785947,3.6641613068929737,3.4852325903713095,7.1474750551609745,14.296868952425257,7328.322613785947,6966.979948152248,-361.34266563369965,-4.930769081507772,4,TIME,2024
AVGO,2024-08-22,2024-08-26,167.68635495000967,167.77019812748466,156.6734619140625,156.59512518310547,43.137258296415474,7240.766754443327,3.6203833772216636,3.377542181491568,6.995996600521186,13.993922159234419,7240.766754443327,6751.706820801644,-489.0599336416826,-6.754256147549138,4,TIME,2024
AMD,2024-08-22,2024-08-26,158.8699951171875,158.9494301147461,149.99000549316406,149.9150104904175,45.069403622576694,7167.339691265672,3.5836698456328357,3.3782900584377225,6.960068015187656,13.922027919258214,7167.339691265672,6753.201826817008,-414.137864448664,-5.778125249921452,4,TIME,2024
LLY,2024-08-22,2024-08-26,938.8338920988348,939.3033090448841,937.4039306640624,936.9352286987304,7.556373670092613,7101.277431413334,3.550638715706667,3.539916346360644,7.088777041378101,14.179332103445413,7101.277431413334,7076.292776374927,-24.984655038407254,-0.35183324802780835,4,TIME,2024
NVDA,2024-08-26,2024-08-29,129.35680584239554,129.42148424531675,117.39649200439452,117.33779375839232,54.831432344031114,7099.915314918633,3.549957657459317,3.216899649930583,6.764918378276532,13.531775685666432,7099.915314918633,6430.582400211235,-669.3329147073982,-9.427336595141753,3,TIME,2024
TSLA,2024-08-26,2024-08-29,218.75,218.859375,206.27999877929688,206.17685877990723,32.262336010782775,7064.446918819322,3.5322234594096606,3.325873547802538,6.856230317639863,13.71432732485206,7064.446918819322,6648.421222057273,-416.02569676204894,-5.889005912887221,3,TIME,2024
AVGO,2024-08-26,2024-08-29,161.9148986331829,161.99585608249947,154.0331268310547,153.95611026763916,43.35774158887126,7027.288110548264,3.513644055274132,3.337594622506034,6.849396421795339,13.700635099575505,7027.288110548264,6671.851650389562,-355.4364601587022,-5.057946316804297,3,TIME,2024
AMD,2024-08-26,2024-08-29,154.6999969482422,154.7773469467163,145.49000549316406,145.41726049041748,45.07727975172932,6980.431983539369,3.4902159917696847,3.277507265928322,6.765874359361902,13.53359761705991,6980.431983539369,6551.737024590715,-428.69495894865395,-6.141381507040884,3,TIME,2024
TSLA,2024-09-10,2024-09-13,220.07000732421875,220.18004232788084,230.2899932861328,230.17484828948974,30.532532508726828,6726.0173088032725,3.363008654401636,3.5139105190450555,6.875315679632369,13.75223485307906,6726.0173088032725,7024.307127571066,298.2898187677938,4.434865464550329,3,TIME,2024
AVGO,2024-09-13,2024-09-16,163.66205254996433,163.7438835762393,160.9922332763672,160.911737159729,41.4200658173758,6785.675272556831,3.392837636278416,3.3324873719721255,6.723600943410091,13.448925951660632,6785.675272556831,6661.642256572279,-124.03301598455255,-1.8278654813644966,3,TIME,2024
TSLA,2024-09-13,2024-09-16,228.0,228.11399999999998,226.77999877929688,226.66660877990725,29.759888951168026,6792.043329871678,3.396021664935839,3.3727865531139436,6.767101130440689,13.53590934849047,6792.043329871678,6742.200319674774,-49.84301019690429,-0.7338441140045844,3,TIME,2024
TSLA,2024-09-16,2024-09-19,229.3000030517578,229.41465305328367,243.9199981689453,243.79803816986086,29.4119164904419,6750.900067320541,3.3754500336602704,3.5852837695927575,6.9591535787539165,13.919887382006944,6750.900067320541,7166.982255415922,416.08218809538084,6.163358721743388,3,TIME,2024
ORCL,2024-09-16,2024-09-19,161.4413910321494,161.52211172766548,163.98548889160156,163.90349614715578,41.67453914235705,6734.726931016271,3.3673634655081357,3.415301332876906,6.781007622678207,13.563672421063249,6734.726931016271,6827.1873644209345,92.46043340466349,1.3728906064304407,3,TIME,2024
NVDA,2024-09-17,2024-09-20,117.98564481894722,118.04463764135669,115.81903076171876,115.76112124633791,57.23799572814524,6760.018474283569,3.3800092371417847,3.3129672816915963,6.691255511052617,13.384232029885998,6760.018474283569,6622.621596101501,-137.39687818206767,-2.032492643396645,3,TIME,2024
AVGO,2024-09-17,2024-09-20,162.43512719159145,162.51634475518725,168.4939422607422,168.40969528961182,41.38546074732979,6729.178395863249,3.3645891979316245,3.4848564169390004,6.847826006985061,13.697271621855686,6729.178395863249,6966.2279774610615,237.0495815978129,3.5227121002400343,3,TIME,2024
AMD,2024-09-17,2024-09-20,153.5500030517578,153.6267780532837,155.9499969482422,155.87202194976808,43.61183803288218,6703.297810878787,3.351648905439393,3.398932687565571,6.748931935587586,13.499513528592551,6703.297810878787,6794.466442443577,91.1686315647903,1.360056410097619,3,TIME,2024
TSLA,2024-09-19,2024-09-23,234.0,234.117,250.0,249.875,29.428339024409777,6893.121007881684,3.4465605039408422,3.6767031068621963,7.121658043906878,14.244921654709916,6893.121007881684,7349.729510617531,456.60850273584674,6.624118482959383,4,TIME,2024
ORCL,2024-09-19,2024-09-23,163.6528051580335,163.73463156061248,162.38076782226562,162.2995774383545,42.42629525495565,6950.128886495173,3.475064443247587,3.4428848960770835,6.91619831514382,13.83414765446849,6950.128886495173,6882.32690725809,-67.80197923708329,-0.9755499551789554,4,TIME,2024
NVDA,2024-09-20,2024-09-23,116.87737463970252,116.93581332702237,116.07861328125,116.02057397460938,59.141736982288684,6919.246738966248,3.459623369483124,3.430829135270258,6.888710883034889,13.779163387788271,6919.246738966248,6858.227441405245,-61.01929756100253,-0.881877751480777,3,TIME,2024
AVGO,2024-09-20,2024-09-23,164.63363546592882,164.71595228366178,170.30589294433594,170.22073999786377,41.90178518773109,6905.345122143633,3.4526725610718163,3.566276440943557,7.017282085163035,14.036231087178408,6905.345122143633,7128.98660544617,223.64148330253738,3.238672062680513,3,TIME,2024
AMD,2024-09-20,2024-09-23,156.0,156.078,156.75,156.671625,43.45666606650357,6786.022537596543,3.3930112687982716,3.404213244860737,6.7955361561493675,13.592760669808376,6786.022537596543,6805.022276476613,18.999738880070254,0.2799834332233081,3,TIME,2024
AVGO,2024-09-23,2024-09-26,169.38020800797895,169.46489811198293,175.37745666503906,175.28976793670654,41.314491655611725,7004.858548240731,3.5024292741203653,3.621003827367589,7.121743830170654,14.245176931658609,7004.858548240731,7238.386650907811,233.52810266708002,3.3338018328111794,3,TIME,2024
TSLA,2024-09-23,2024-09-26,242.6100006103516,242.73130561065676,254.22000122070312,254.09289122009278,28.86978894623632,7011.10711718264,3.50555355859132,3.667804071131531,7.171688647510003,14.345046277232854,7011.10711718264,7331.940338191931,320.83322100929126,4.576070735290886,3,TIME,2024
NVDA,2024-09-23,2024-09-26,116.3681617373498,116.42634581821846,123.84648895263672,123.7845657081604,60.54341827830853,7052.375141057927,3.526187570528964,3.747170369033961,7.271708036650564,14.545065976213488,7052.375141057927,7490.5935676988875,438.2184266409604,6.213770791767938,3,TIME,2024
ORCL,2024-09-23,2024-09-26,163.63323656837,163.71505318665416,164.48451232910156,164.40227007293703,43.02558288617392,7047.4593202568885,3.5237296601284442,3.5367517488491513,7.058728700804902,14.119210109782497,7047.4593202568885,7069.966745949453,22.50742569256454,0.31936935950620166,3,TIME,2024
AMD,2024-09-23,2024-09-26,156.4499969482422,156.5282219467163,167.49000549316406,167.40626049041748,44.11369580693745,6908.4926144654655,3.454246307232733,3.692454425725604,7.145095363698392,14.291796096656729,6908.4926144654655,7381.216397025482,472.72378256001684,6.842647288501055,3,TIME,2024
AVGO,2024-09-26,2024-09-30,175.78121544409854,175.86910605182058,169.8726043701172,169.78766806793215,41.501146468750015,7302.420739954713,3.6512103699773566,3.523191440537381,7.172514901795488,14.346916712310225,7302.420739954713,7042.859689634224,-259.5610503204889,-3.5544521407855587,4,TIME,2024
TSLA,2024-09-26,2024-09-30,260.6000061035156,260.73030610656735,261.6300048828125,261.4991898803711,27.975117274665596,7297.6096952383,3.64880484761915,3.6577352520667143,7.304722900845503,14.611263000531368,7297.6096952383,7311.812768881361,14.203073643060634,0.19462638091385123,4,TIME,2024
AVGO,2024-09-30,2024-10-03,169.25219526745488,169.3368213650886,169.2718963623047,169.18726041412356,42.81243979663811,7253.349144619227,3.626674572309614,3.6216597004188995,7.24652114630454,14.494855419033053,7253.349144619227,7239.69774113738,-13.65140348184741,-0.18820827744069743,3,TIME,2024
TSLA,2024-09-30,2024-10-03,259.0400085449219,259.1695285491943,240.66000366210935,240.5396736602783,27.987791929538812,7257.211445234136,3.628605722617068,3.3660871686015184,6.992749984417575,13.98744287563616,7257.211445234136,6728.808250034435,-528.4031951997003,-7.281077576245992,3,TIME,2024
NVDA,2024-10-04,2024-10-07,124.7450859792245,124.8074585222141,127.52073669433594,127.45697632598878,57.21906238880272,7144.938224882918,3.572469112441459,3.6464843401424516,7.217206923059848,14.436160375643759,7144.938224882918,7289.32219594476,144.3839710618422,2.0207868356231757,3,TIME,2024
NVDA,2024-10-07,2024-10-10,124.7949925984476,124.85739009474682,134.59967041015625,134.5323705749512,57.42734255573243,7173.8150190952865,3.5869075095476433,3.86291826492123,7.448173084860381,14.897998859329254,7173.8150190952865,7721.973611577539,548.1585924822521,7.641102969942234,3,TIME,2024
NVDA,2024-10-10,2024-10-14,131.70420101079952,131.77005311130492,137.85459899902344,137.78567169952393,55.24627821219559,7283.446737591737,3.6417233687958683,3.806072776183072,7.446060229943615,14.893856374922557,7283.446737591737,7608.33947958996,324.89274199822376,4.460700458223563,4,TIME,2024
NVDA,2024-10-15,2024-10-18,137.654906403531,137.72373385673274,137.7847137451172,137.71582138824465,53.32959590675032,7348.42528599138,3.6742126429956903,3.672164552300645,7.344541819616147,14.690919014912483,7348.42528599138,7340.65694004899,-7.768345942390624,-0.10571443050798593,3,TIME,2024
AVGO,2024-10-17,2024-10-21,178.60750907224036,178.69681282677647,177.24851989746094,177.15989563751222,41.03753944477039,7336.945978022602,3.668472989011301,3.6351031026279066,7.301727912750481,14.605304004389689,7336.945978022602,7266.571102153185,-70.37487586941643,-0.9591848717466411,4,TIME,2024
NVDA,2024-10-18,2024-10-21,138.45366668655112,138.52289351989438,143.48580932617188,143.4140664215088,52.91382338711014,7333.442644105207,3.6667213220526036,3.7942932909275,7.459247819794319,14.920262432774422,7333.442644105207,7584.792288564073,251.34964445886544,3.4274440621814386,3,TIME,2024
TSLA,2024-10-24,2024-10-28,244.67999267578125,244.80233267211912,262.510009765625,262.3787547607422,30.144218630135537,7383.066570520791,3.6915332852603955,3.9546012737052645,7.644423160305486,15.290557719271145,7383.066570520791,7905.247946136823,522.1813756160318,7.0726895203817435,4,TIME,2024
TSLA,2024-10-28,2024-10-31,270.0,270.135,249.8500061035156,249.72508110046385,27.703774387699394,7487.502845643998,3.743751422821999,3.4591636528785923,7.200903642267313,14.403818717967905,7487.502845643998,6914.868142104306,-572.634703539692,-7.647872933668848,3,TIME,2024
TSLA,2024-10-31,2024-11-04,257.989990234375,258.1189852294922,242.83999633789065,242.71857633972172,28.54997051236505,7372.97590493606,3.6864879524680303,3.46480409865114,7.149340674172645,14.300632725291816,7372.97590493606,6926.143393203629,-446.83251173243116,-6.060409222730346,4,TIME,2024
TSLA,2024-11-04,2024-11-07,244.55999755859372,244.682277557373,296.9100036621094,296.7615486602783,29.752737593270425,7283.6094025895745,3.641804701294787,4.4147342425309075,8.055107430473049,16.111646374298743,7283.6094025895745,8825.053750819283,1541.4443482297083,21.163193452983236,3,TIME,2024
TSLA,2024-11-07,2024-11-11,288.8900146484375,289.0344596557617,350.0,349.82500000000005,26.253279045470165,7591.898272235518,3.795949136117759,4.5920266710408,8.386478916962755,16.774454724121313,7591.898272235518,9179.461315410561,1587.5630431750433,20.911279185351464,4,TIME,2024
TSLA,2024-11-11,2024-11-14,346.29998779296875,346.4731377868652,311.17999267578125,311.02440267944337,22.816938207466965,7909.410880870527,3.9547054404352635,3.548312288475591,7.500840043500219,15.003857772411074,7909.410880870527,7093.076264662707,-816.3346162078196,-10.321054608279145,3,TIME,2024
TSLA,2024-11-14,2024-11-18,327.69000244140625,327.85384744262694,338.739990234375,338.57062023925783,23.615006949110192,7746.143957628962,3.8730719788144814,3.997673774857311,7.868874454066252,15.739620207738046,7746.143957628962,7991.349875939764,245.2059183108022,3.1655223508892534,4,TIME,2024
TSLA,2024-11-18,2024-11-21,340.7300109863281,340.90037599182125,339.6400146484375,339.4701946411133,22.85502773662943,7795.185141291122,3.897592570645561,3.8793003571408184,7.774937903525052,15.551830831311431,7795.185141291122,7754.721413924496,-40.46372736662579,-0.5190861619474474,3,TIME,2024
TSLA,2024-11-21,2024-11-25,343.8099975585937,343.98190255737296,338.5899963378906,338.4207013397217,22.626768419369746,7787.092395817797,3.8935461979088988,3.828683418767288,7.720253315636707,15.442482932312892,7787.092395817797,7653.538154115808,-133.55424170198967,-1.715072005229031,4,TIME,2024
TSLA,2024-11-29,2024-12-02,336.0799865722656,336.24802656555175,357.0899963378906,356.9114513397217,23.067797411121834,7760.381547477399,3.8801907737386996,4.116580526607084,7.99495236862105,15.991723668966834,7760.381547477399,8229.044472687561,468.66292521016203,6.039173748647787,3,TIME,2024
TSLA,2024-12-02,2024-12-05,352.3800048828125,352.5561948852539,369.489990234375,369.30524523925783,22.266484575623938,7854.114132519432,3.927057066259716,4.1115647734084755,8.036753555940512,16.075375395608702,7854.114132519432,8219.017982043542,364.9038495241102,4.646021732906202,3,TIME,2024
TSLA,2024-12-05,2024-12-09,359.8699951171875,360.0499301147461,389.7900085449219,389.59511354064944,22.00564614037831,7927.0949024242545,3.9635474512121274,4.286646103298021,8.248376383090664,16.498569937600813,7927.0949024242545,8569.005560492744,641.9106580684893,8.097678480828845,4,TIME,2024
TSLA,2024-12-09,2024-12-12,397.6099853515625,397.8087903442383,418.1000061035156,417.8909561004639,20.239495684732667,8055.477034037952,4.027738517018976,4.228951101342074,8.254779426023774,16.511469044384825,8055.477034037952,8453.673251582804,398.1962175448525,4.943173642756319,3,TIME,2024
TSLA,2024-12-12,2024-12-16,424.8399963378906,425.05241633605954,463.0199890136719,462.78847901916504,19.12952004719223,8135.116277546922,4.067558138773461,4.42646074350336,8.492167694440631,16.98618657671745,8135.116277546922,8848.495026263216,713.3787487162936,8.76912786957001,4,TIME,2024
AVGO,2024-12-12,2024-12-16,178.1741866560525,178.26327374938052,246.19216918945312,246.0690731048584,45.45888499373254,8107.703511735217,4.053851755867608,5.5930128473940615,9.645610682793844,19.292475286055513,8107.703511735217,11180.432681940729,3072.7291702055118,37.898884261838084,4,TIME,2024
AVGO,2024-12-16,2024-12-19,228.25952497408727,228.3736547365743,214.9947052001953,214.88720784759522,38.91820053697818,8892.337861331283,4.446168930665642,4.181511723922012,8.625328509392897,17.25300916398055,8892.337861331283,8358.841936120101,-533.4959252111821,-5.999501295729128,3,TIME,2024
TSLA,2024-12-16,2024-12-19,441.0899963378906,441.31054133605954,436.1700134277344,435.9519284210205,20.45187144908033,9030.141531294787,4.515070765647393,4.45801639902269,8.970804473572136,17.94389163824222,9030.141531294787,8911.574781646357,-118.56674964842932,-1.3130109781505122,3,TIME,2024
AVGO,2024-12-19,2024-12-23,224.43863322495875,224.5508525415712,229.424072265625,229.3093602294922,39.00027216362892,8761.925326359362,4.380962663179681,4.471563729308911,8.850384519525381,17.702910912013973,8761.925326359362,8938.655894888512,176.73056852915033,2.017028928533257,4,TIME,2024
TSLA,2024-12-19,2024-12-23,451.8800048828125,452.1059448852539,430.6000061035156,430.3847061004639,19.20383376349588,8686.510664396845,4.343255332198423,4.132518175152169,8.47349971529377,16.94927322264436,8686.510664396845,8260.903832129186,-425.6068322676583,-4.8996294221117,4,TIME,2024
AVGO,2024-12-23,2024-12-26,223.83534381678237,223.94726148869074,242.27023315429688,242.14909803771974,38.88323501117961,8712.15007361166,4.35607503680583,4.7077701433729136,9.061846344692768,18.125691524871513,8712.15007361166,9410.832516602453,698.6824429907938,8.019632778216732,3,TIME,2024
TSLA,2024-12-23,2024-12-26,431.0,431.21549999999996,454.1300048828125,453.9029398803711,20.29030298695942,8753.870082714557,4.376935041357278,4.604914088422178,8.979777990959832,17.961627120739287,8753.870082714557,9205.223262755933,451.3531800413766,5.156041565348579,3,TIME,2024
BA,2024-12-23,2024-12-26,178.1199951171875,178.2090551147461,180.3800048828125,180.2898148803711,49.07787502746954,8750.496984177027,4.375248492088514,4.424120501712236,8.797209098673726,17.596578092474473,8750.496984177027,8843.81688292276,93.31989874573264,1.0664525559459896,3,TIME,2024
AVGO,2024-12-26,2024-12-30,236.9777299168223,237.09621878178072,232.6134033203125,232.49709661865236,37.77513118259182,8960.82117796724,4.48041058898362,4.391304162170659,8.869433330106483,17.74114808126076,8960.82117796724,8778.217020179147,-182.6041577880933,-2.037806068902236,4,TIME,2024
TSLA,2024-12-26,2024-12-30,465.1600036621094,465.3925836639404,417.4100036621094,417.2012986602783,19.32672697943499,8999.014910181924,4.499507455090963,4.031567797336458,8.528594785895873,17.059670038323294,8999.014910181924,8059.10402687558,-939.9108833063447,-10.444597466361387,4,TIME,2024
NVDA,2025-01-02,2025-01-06,135.79717669922962,135.86507528757923,149.20716857910156,149.13256499481201,64.26927591348232,8736.31816974835,4.368159084874176,4.7923209836684535,9.158511451616535,18.318991520159166,8736.31816974835,9579.84964635324,843.5314766048887,9.655457370197707,4,TIME,2025
AVGO,2025-01-06,2025-01-10,233.52180065326024,233.63856155358687,221.4853057861328,221.37456313323975,38.09547488073957,8905.02446506933,4.452512232534665,4.216684554538516,8.666855896959735,17.336052684032914,8905.02446506933,8429.152424522494,-475.8720405468357,-5.343860001884126,4,TIME,2025
NVDA,2025-01-06,2025-01-10,148.3684248105369,148.44260902294218,135.7073211669922,135.6394675064087,59.9431394346944,8902.567294359229,4.451283647179615,4.065327756792178,8.514196025573009,17.0308074295448,8902.567294359229,8126.590185827564,-775.9771085316652,-8.716329603296943,4,TIME,2025
AMD,2025-01-06,2025-01-10,129.07000732421875,129.13454232788087,116.04000091552734,115.98198091506958,68.96983158466836,8910.843057645992,4.455421528822996,3.9996288452842843,8.452597994006075,16.907648368113357,8910.843057645992,7995.258061723284,-915.584995922708,-10.274953671606704,4,TIME,2025
TSLA,2025-01-17,2025-01-21,421.5,421.71074999999996,424.0700073242188,423.8579723205567,20.078458676358267,8471.537636069086,4.235768818034543,4.255207390941652,8.488871225012582,16.97984743398878,8471.537636069086,8506.159574492363,34.62193842327724,0.4086854112040788,4,TIME,2025
NFLX,2025-01-22,2025-01-27,99.8030014038086,99.85290290451049,97.18900299072266,97.1404084892273,84.86706491493571,8478.462023753742,4.239231011876871,4.122010676559313,8.359066612335766,16.72030830077195,8478.462023753742,8239.899342442066,-238.562681311676,-2.813749482433314,5,TIME,2025
NVDA,2025-01-23,2025-01-27,144.83369562852502,144.90611247633927,118.24340057373048,118.18427887344363,58.314903492257244,8454.41317108144,4.22720658554072,3.445952408403441,7.670657738027568,15.343816731971728,8454.41317108144,6888.458864398479,-1565.954306682961,-18.522329994935095,4,TIME,2025
AVGO,2025-01-23,2025-01-27,235.40776470049263,235.52546858284288,199.58462524414065,199.48483293151858,35.97808378174034,8477.994038426385,4.238997019213192,3.588541016198325,7.825096324923596,15.652634360335114,8477.994038426385,7173.493491380452,-1304.5005470459328,-15.386900971306455,4,TIME,2025
ORCL,2025-01-24,2025-01-27,185.4524965140062,185.5452227622632,155.6055145263672,155.527711769104,45.54605408718111,8455.080291693954,4.227540145846977,3.541836786145563,7.766923308854679,15.536300240847218,8455.080291693954,7080.13173550498,-1374.9485561889742,-16.261803658324652,3,TIME,2025
NFLX,2025-01-27,2025-01-30,97.11000061035156,97.15855561065673,97.3239974975586,97.27533549880982,77.99496321736083,7581.668805507833,3.7908344027539167,3.7934931070930533,7.582436265314357,15.166763775161327,7581.668805507833,7583.192721079014,1.5239155711806234,0.0201000018633569,3,TIME,2025
META,2025-01-27,2025-01-30,623.5280757089856,623.8398397468401,683.6210327148438,683.2792221984863,12.146699219091968,7581.385587084943,3.7906927935424717,4.149793597350061,7.93877352726407,15.879259918156603,7581.385587084943,8295.437401102772,714.0518140178292,9.418486974653185,3,TIME,2025
ORCL,2025-01-28,2025-01-31,160.23592293924344,160.31604090071306,167.1864776611328,167.10288442230225,47.97577775249975,7695.134315571056,3.847567157785528,4.008445422423013,7.854172161196628,15.710184741405168,7695.134315571056,8012.882399423603,317.7480838525471,4.1292077671677,3,TIME,2025
NEE,2025-01-28,2025-01-31,68.64422872185861,68.67855083621953,67.9134750366211,67.87951829910278,112.1059152335006,7703.12336008493,3.8515616800424652,3.8048477622650347,7.6544631810134645,15.310872623320964,7703.12336008493,7605.8906767678045,-97.23268331712552,-1.2622501129990147,3,TIME,2025
LLY,2025-01-29,2025-02-03,797.1641533921704,797.5627354688664,800.5621337890625,800.161852722168,9.207248679934604,7347.031959290398,3.673515979645199,3.6836445811051046,7.355331624272516,14.71249218502282,7347.031959290398,7363.605517629104,16.57355833870588,0.2255816829236525,5,TIME,2025
NFLX,2025-01-30,2025-02-03,98.6750030517578,98.72434055328367,97.8939971923828,97.84505019378662,78.94377881992385,7797.571290426477,3.8987856452132386,3.8621290005613194,7.758949839061756,15.519864484836315,7797.571290426477,7720.395872122077,-77.17541830440041,-0.989736617081694,4,TIME,2025
BA,2025-01-30,2025-02-03,174.58999633789062,174.67729133605957,175.8699951171875,175.7820601196289,44.48657554991082,7774.681858804799,3.8873409294023995,3.9099709489154186,7.7953824435434935,15.592694321861313,7774.681858804799,7816.031926881921,41.35006807712216,0.5318554357345614,4,TIME,2025
ORCL,2025-01-31,2025-02-03,167.53056967834289,167.61433496318205,165.7511444091797,165.6682688369751,46.35198717765258,7773.1440770427,3.88657203852135,3.8395267364376857,7.724134868964725,15.450233643923761,7773.1440770427,7675.213946138933,-97.93013090376644,-1.2598522545464519,3,TIME,2025
CRM,2025-01-31,2025-02-03,343.9925143071796,344.16451056433317,335.3333740234375,335.1657073364258,22.560478831736546,7768.400355399306,3.884200177699653,3.78074942274372,7.66295866176651,15.327908262209883,7768.400355399306,7557.7180960646965,-210.68225933460963,-2.7120417292625527,3,TIME,2025
NFLX,2025-02-03,2025-02-06,97.3000030517578,97.34865305328367,101.56800079345705,101.51721679306033,79.09161859482006,7703.31419510733,3.851657097553665,4.014580495702194,7.864396155417996,15.730633748673856,7703.31419510733,8025.146410908687,321.83221580135705,4.1778409610471945,3,TIME,2025
META,2025-02-03,2025-02-06,672.5855459885331,672.9218387615274,708.4880981445312,708.133854095459,11.453506580877615,7711.170293818329,3.8555851469091644,4.055307879012284,7.909068035877197,15.819961061798645,7711.170293818329,8106.560450145556,395.3901563272275,5.127498696847515,3,TIME,2025
CRM,2025-02-04,2025-02-07,341.6399087639986,341.8107287183806,322.0777893066406,321.9167504119873,22.806160487852676,7799.2899806115665,3.8996449903057835,3.6708425368118984,7.568426170412138,15.13891369752982,7799.2899806115665,7338.014231086985,-461.27574952458144,-5.9143300309550915,3,TIME,2025
NVDA,2025-02-10,2025-02-13,129.89599772289156,129.960945721753,135.08824157714844,135.02069745635987,59.63811839644845,7754.503519628131,3.8772517598140652,4.026190170436718,7.901580718283707,15.80502264853449,7754.503519628131,8048.354150702999,293.85063107486803,3.7894190173629543,3,TIME,2025
AVGO,2025-02-10,2025-02-13,224.56603020047768,224.6783132155779,232.8306427001953,232.71422737884524,34.67402992417569,7794.399755628081,3.8971998778140406,4.034570041957753,7.929892961686661,15.861662881458454,7794.399755628081,8065.105513873548,270.7057582454672,3.4730802464936374,3,TIME,2025
ORCL,2025-02-10,2025-02-13,173.02608551932204,173.1125985620817,170.92222595214844,170.83676483917236,45.29438386013143,7844.950965778655,3.9224754828893276,3.8689730020242385,7.789463423916608,15.580911908830174,7844.950965778655,7734.077031046453,-110.87393473220163,-1.4133158411806184,3,TIME,2025
BA,2025-02-12,2025-02-18,178.33999633789062,178.42916633605955,184.97000122070312,184.8775162200928,43.63554059736013,7789.7480054129555,3.894874002706478,4.033615182280482,7.926614073946044,15.855103258933003,7789.7480054129555,8063.196749378684,273.4487439657287,3.5103670077095446,6,TIME,2025
NVDA,2025-02-13,2025-02-18,131.36380821970238,131.42949012381223,139.19212341308594,139.1225273513794,60.121153405681774,7905.645360444475,3.9528226802222375,4.18210340453922,8.133067335255483,16.26799342001694,7905.645360444475,8360.0247056739,454.3793452294258,5.747530081514805,5,TIME,2025
AVGO,2025-02-13,2025-02-18,233.08736317238228,233.20390685396845,225.6521759033203,225.53934981536867,34.06835738875357,7948.848467388289,3.9744242336941444,3.8418775873685456,7.814251282790201,15.63055310385289,7948.848467388289,7679.913297149722,-268.93517023856657,-3.3833223937017536,5,TIME,2025
AVGO,2025-02-18,2025-02-21,227.20241250589544,227.31601371214836,215.90647888183597,215.79852564239505,34.89877354212966,7937.018594337074,3.9685092971685374,3.7655519385597027,7.731978427521397,15.466039663249637,7937.018594337074,7527.3383251808455,-409.68026915622886,-5.161639276598503,3,TIME,2025
NVDA,2025-02-18,2025-02-21,141.05934526698334,141.12987493961683,134.22952270507812,134.16240794372558,56.123123542977424,7924.611712697417,3.9623058563487086,3.764806697924523,7.725035573600918,15.45214812787415,7924.611712697417,7525.848589151122,-398.763123546295,-5.031957880123847,3,TIME,2025
UPS,2025-02-18,2025-02-21,103.78954164016284,103.84143641098291,105.4023208618164,105.3496197013855,76.05940322555135,7902.06871786233,3.951034358931165,4.006414602263084,7.955504110769533,15.91295307196378,7902.06871786233,8008.8227899239055,106.75407206157524,1.3509636004589745,3,TIME,2025
NKE,2025-02-21,2025-02-24,73.67703123045918,73.71386974607441,76.41850280761719,76.38029355621339,105.71663672912491,7796.680730208885,3.8983403651044424,4.037333873573066,7.933797523282719,15.869471761960227,7796.680730208885,8070.630413272558,273.94968306367355,3.5136706573379723,3,TIME,2025
UNH,2025-03-07,2025-03-10,465.8975502270383,466.1304990021518,464.3976135253906,464.16541471862797,16.83551054541055,7851.470666821619,3.925735333410809,3.9072308671551617,7.830997019847706,15.663963220413677,7851.470666821619,7810.554503443168,-40.91616337845062,-0.5211273800124128,3,TIME,2025
AMD,2025-03-17,2025-03-20,102.5999984741211,102.65129847335815,107.13999938964844,107.08642938995362,76.36889067178693,7843.287434145929,3.9216437170729646,4.089035909256699,8.008805483178763,16.019485109508427,7843.287434145929,8173.982782604143,330.69534845821363,4.216284960035048,3,TIME,2025
COP,2025-03-17,2025-03-20,94.624061644371,94.67137367519318,97.54144287109376,97.49267214965822,83.11042698373156,7872.114346454936,3.936057173227468,4.051328805071524,7.985478565911954,15.972864544210946,7872.114346454936,8098.606281337977,226.4919348830408,2.877142339593141,3,TIME,2025
BA,2025-03-19,2025-03-24,165.32000732421875,165.40266732788086,180.8999938964844,180.80954389953618,47.910884244377264,7928.552324219451,3.9642761621097256,4.331372564024664,8.293853200785891,16.58950192692028,7928.552324219451,8658.413755485302,729.861431265851,9.205481674584323,5,TIME,2025
AVGO,2025-03-20,2025-03-24,189.68048276833616,189.77532300972032,189.4130706787109,189.31836414337155,42.26624088982281,8025.1020683069255,4.0125510341534625,4.000887791875468,8.01142972488565,16.024868550914583,8025.1020683069255,7997.77469595906,-27.327372347865094,-0.3405236732849482,4,TIME,2025
NVDA,2025-03-20,2025-03-24,116.3868956857552,116.44508913359807,121.24009704589844,121.17947699737549,68.79882660753168,8015.293143172571,4.007646571586285,4.168502913166906,8.17422913510645,16.35037861985964,8015.293143172571,8332.837323420643,317.5441802480718,3.961728842301371,4,TIME,2025
AMD,2025-03-20,2025-03-24,105.12000274658205,105.17256274795533,113.8499984741211,113.79307347488404,76.41609538049342,8040.897034876121,4.02044851743806,4.347811178148118,8.366416249372683,16.734675944958862,8040.897034876121,8691.274545118087,650.3775102419659,8.088370083848307,4,TIME,2025
COP,2025-03-20,2025-03-24,96.43551295753912,96.48373071401788,97.4270248413086,97.37831132888795,80.42701019257612,7763.779883495834,3.881889941747917,3.9159232188921607,7.795892151752252,15.59370531239233,7763.779883495834,7827.930514565429,64.15063106959497,0.82628090997229,4,TIME,2025
TSLA,2025-03-24,2025-03-27,258.0799865722656,258.20902656555177,273.1300048828125,272.9934398803711,32.1347996783519,8301.646166909704,4.150823083454852,4.386294752029964,8.535163331273644,17.072281166758458,8301.646166909704,8768.203209307898,466.5570423981935,5.620054541205167,3,TIME,2025
NVDA,2025-03-24,2025-03-27,119.71223179694545,119.77208791284392,111.2740478515625,111.21841082763673,70.35281167590196,8430.518404163962,4.215259202081981,3.9122639559249115,8.125267115913246,16.25279027392014,8430.518404163962,7820.615647893898,-609.902756270064,-7.234463256361834,3,TIME,2025
NFLX,2025-03-24,2025-03-27,96.96700286865234,97.01548637008666,97.6719970703125,97.62316107177735,87.0593573956443,8450.331066338802,4.225165533169401,4.249504834920207,8.472573129407714,16.947243497497322,8450.331066338802,8494.760165005493,44.42909866669106,0.5257675506190606,3,TIME,2025
AMD,2025-03-24,2025-03-27,109.7300033569336,109.78486835861206,106.6500015258789,106.59667652511597,76.95463947863142,8452.6813053987,4.22634065269935,4.101554405805296,8.325722633070496,16.653617691575143,8452.6813053987,8199.007257204788,-253.6740481939123,-3.001107447785728,3,TIME,2025
BA,2025-03-24,2025-03-27,182.02999877929688,182.12101377868652,179.11000061035156,179.0204456100464,43.208179009776636,7873.053891737352,3.9365269458686765,3.8675737301644335,7.802100870608079,15.60620154664119,7873.053891737352,7731.279886598702,-141.77400513864995,-1.8007498372066215,3,TIME,2025
TSLA,2025-03-27,2025-03-31,272.4800109863281,272.6162509918213,259.1600036621094,259.03042366027836,30.074039301609794,8202.773233202155,4.1013866166010775,3.8950455707359235,7.9942813474215955,15.990713534758598,8202.773233202155,7786.19609590111,-416.5771373010448,-5.078491449877904,4,TIME,2025
AMD,2025-03-27,2025-03-31,106.11000061035156,106.16305561065673,102.73999786376952,102.68862786483764,77.24853545430557,8205.04308682064,4.102521543410321,3.9662730551854506,8.066678255878287,16.13547285447406,8205.04308682064,7928.579837315716,-276.46324950492453,-3.369430807121463,4,TIME,2025
MS,2025-03-27,2025-03-31,114.57204589623068,114.62933191917878,112.39486694335938,112.33866950988771,71.60156780099724,8211.745754271233,4.105872877135616,4.021812430793023,8.125593399131803,16.253278707060446,8211.745754271233,8039.603049155254,-172.14270511597897,-2.096298524907949,4,TIME,2025
BA,2025-03-27,2025-03-31,178.52999877929688,178.6192637786865,170.5500030517578,170.46472805023194,45.94669244112789,8211.069911855931,4.105534955927966,3.9161452158922563,8.01953574073862,16.04121591255884,8211.069911855931,7828.37428656862,-382.6956252873115,-4.660727888027585,4,TIME,2025
NFLX,2025-03-27,2025-03-31,97.4219970703125,97.47070806884766,93.25299835205078,93.20637185287477,83.91385191327035,8183.234179860818,4.091617089930409,3.910652842517672,8.000136664716932,16.002406597165013,8183.234179860818,7817.395032192826,-365.8391476679917,-4.47059365071493,4,TIME,2025
TSLA,2025-03-31,2025-04-03,249.30999755859372,249.434652557373,267.2799987792969,267.14635877990725,31.575763690592254,7880.029660226706,3.9400148301133533,4.217675147818263,8.155861824643363,16.313551802574978,7880.029660226706,8431.132620488708,551.102960262002,6.9936660650354305,3,TIME,2025
BA,2025-03-31,2025-04-03,170.64999389648438,170.7353188934326,150.91000366210938,150.83454866027833,46.485334475553266,7940.658734918923,3.9703293674594615,3.5057972224710765,7.473912020233689,14.950038610164228,7940.658734918923,7008.088647719682,-932.5700871992412,-11.744240853699942,3,TIME,2025
TSLA,2025-04-03,2025-04-07,265.2900085449219,265.4226535491943,233.2899932861328,233.17334828948975,29.386468194871668,7803.73623483926,3.90186811741963,3.4260705917004124,7.325752683202685,14.653691392322727,7803.73623483926,6848.715112809125,-955.0211220301353,-12.237998482912674,4,TIME,2025
WMT,2025-04-09,2025-04-14,82.24286365100548,82.28398508283098,93.49412536621094,93.44737830352784,92.47152573819204,7612.732010433232,3.806366005216616,4.320610823980622,8.125333751527997,16.252310580725236,7612.732010433232,8636.901037137262,1024.1690267040303,13.453370292037196,5,TIME,2025
UNH,2025-04-09,2025-04-14,541.6843966609358,541.9552388592663,567.7174072265625,567.4335485229492,14.248028710051083,7725.656631144991,3.862828315572495,4.042404745200572,7.903394376385937,15.808627437159004,7725.656631144991,8080.767085655943,355.1104545109529,4.596508380651695,5,TIME,2025
AVGO,2025-04-11,2025-04-14,171.9523950141319,172.03837121163895,176.64686584472656,176.5585424118042,45.844184486958696,7890.904280802662,3.945452140401331,4.047091195537637,7.9906244134142455,15.983167749353214,7890.904280802662,8090.135299879736,199.23101907707405,2.524818601104718,3,TIME,2025
AVGO,2025-04-14,2025-04-17,183.30232194501684,183.39397310598935,169.34765625,169.26298242187502,43.210088964355386,7928.434110491645,3.9642170552458227,3.656934264410671,7.619018465541126,15.240169785197619,7928.434110491645,7310.211594556931,-618.2225159347136,-7.797536150506994,3,TIME,2025
WMT,2025-04-14,2025-04-17,92.0531663679569,92.09919295114088,92.00382995605467,91.95782804107665,85.40137788099781,7869.332646078352,3.934666323039176,3.926662610825902,7.85936054735319,15.720689481218269,7869.332646078352,7849.398559040978,-19.9340870373735,-0.25331356461729404,3,TIME,2025
UNH,2025-04-14,2025-04-17,575.3958006073989,575.6834985077026,439.1478576660156,438.92828373718265,13.70271230207293,7892.371542873316,3.946185771436658,3.007253996646625,6.950999933605694,13.904439701688977,7892.371542873316,6011.500739296604,-1880.8708035767122,-23.83150353932727,3,TIME,2025
NFLX,2025-04-15,2025-04-21,95.0,95.0475,98.79100036621094,98.74160486602784,82.57835562127038,7852.792652238815,3.9263963261194075,4.076959680620904,8.001471072220479,16.00482707896079,7852.792652238815,8149.842401561187,297.049749322372,3.7827275273553,6,TIME,2025
AVGO,2025-04-17,2025-04-21,174.55712880982253,174.64440737422743,164.61358642578125,164.53127963256836,42.70027328220126,7461.094469322257,3.730547234661129,3.512765301890471,7.241341114939508,14.484653651491108,7461.094469322257,7022.0178384790515,-439.07663084320575,-5.8848823406345385,4,TIME,2025
BA,2025-04-17,2025-04-21,157.1300048828125,157.2085698852539,159.33999633789062,159.2603263397217,47.143780165893894,7415.113815772863,3.7075569078864317,3.7540669070541806,7.459796083322935,14.921419898263547,7415.113815772863,7504.379747201307,89.26593142844376,1.2038376435782294,4,TIME,2025
LLY,2025-04-17,2025-04-21,831.9938270877084,832.4098240012522,809.4525146484375,809.0477883911133,8.95577764532935,7458.606596841374,3.729303298420687,3.6228260486381414,7.3502142266640265,14.702343573722855,7458.606596841374,7242.029271227645,-216.57732561372904,-2.9037236754844638,4,TIME,2025
WMT,2025-04-17,2025-04-21,90.631964843315,90.67728082573666,91.20439910888672,91.15879690933228,76.44768105971634,6935.535611734115,3.467767805867058,3.484439315956045,6.95048417823762,13.902691300060722,6935.535611734115,6965.3941925961335,29.858580862018243,0.43051586111822443,4,TIME,2025
AVGO,2025-04-21,2025-04-24,165.38609344269528,165.46878648941663,186.3428192138672,186.24964780426026,44.55852055420458,7376.732690213065,3.688366345106533,4.1495043799497475,7.8362599920572364,15.674130717113517,7376.732690213065,8294.859255519545,918.1265653064793,12.446249631962205,3,TIME,2025
MS,2025-04-21,2025-04-24,104.17744272661852,104.22953144798183,111.36408233642578,111.30840029525757,70.65837712062786,7368.373727021352,3.6841868635106763,3.9324354623780575,7.614907181529462,15.231529507418196,7368.373727021352,7860.938489293737,492.56476227238454,6.684850423181543,3,TIME,2025
GS,2025-04-21,2025-04-24,490.5669456363257,490.81222910914386,529.3638305664062,529.0991486511231,14.951095332205847,7341.851353299918,3.6709256766499587,3.9553059058359468,7.624541133627993,15.250772716113898,7341.851353299918,7906.656505766057,564.8051524661396,7.692952707524901,3,TIME,2025
BA,2025-04-21,2025-04-24,160.0,160.07999999999998,176.25999450683594,176.17186450958252,45.75832977148594,7328.657758698818,3.664328879349409,4.030665136343509,7.6933478588001964,15.388341874493115,7328.657758698818,8057.2996075506735,728.6418488518557,9.942364247900477,3,TIME,2025
BAC,2025-04-21,2025-04-24,35.884071451896425,35.90201348762237,38.313777923583984,38.294621034622196,203.81843076327334,7321.152626602367,3.6605763133011835,3.9025747829754676,7.5614446128585815,15.124595709135232,7321.152626602367,7801.246991167959,480.0943645655925,6.557633600221729,3,TIME,2025
GS,2025-04-24,2025-04-28,511.6300212072988,511.8858362179024,530.3637084960938,530.0985266418458,15.64718511938186,8013.579228905555,4.006789614452778,4.147274888938268,8.15213439095073,16.306198894341776,8013.579228905555,8290.402502987597,276.8232740820422,3.454427368528669,4,TIME,2025
BA,2025-04-24,2025-04-28,171.1999969482422,171.2855969467163,182.3000030517578,182.20885305023194,47.07599798383257,8067.474153599976,4.033737076799988,4.288831799414582,8.320682643642332,16.643251519856904,8067.474153599976,8573.374767029749,505.90061342977333,6.270867483399667,4,TIME,2025
LLY,2025-04-24,2025-04-28,827.2441417664407,827.657763837324,868.1016845703125,867.6676337280273,9.79806624819468,8113.50235208681,4.056751176043405,4.250732478340764,8.305555360023835,16.613039014408002,8113.50235208681,8497.214224203188,383.7118721163779,4.729300066298574,4,TIME,2025
BAC,2025-04-24,2025-04-28,37.42320818988372,37.441919793978656,38.50737380981445,38.48812012290955,217.7723821064555,8157.895011679419,4.07894750583971,4.190824800982709,8.267791858400518,16.537564165222935,8157.895011679419,8377.458777164435,219.5637654850152,2.6914267120460877,4,TIME,2025
GE,2025-04-24,2025-04-28,193.0661734214282,193.1627065081389,199.5536956787109,199.45391883087157,39.922756389996856,7715.445398256018,3.857722699128009,3.981375106257546,7.837233693977629,15.676331499363183,7715.445398256018,7958.768837408835,243.32343915281672,3.153718633117629,4,TIME,2025
TSLA,2025-04-28,2025-05-01,288.9800109863281,289.12450099182126,280.5199890136719,280.37972901916504,28.82935922502005,8339.44382175876,4.16972191087938,4.041583963653643,8.209160039323711,16.420465913856734,8339.44382175876,8079.126343343633,-260.31747841512606,-3.121520858932125,3,TIME,2025
AVGO,2025-04-28,2025-05-01,188.6999992714509,188.79434927108662,195.4346466064453,195.3369292831421,44.046565002884094,8319.902528610426,4.159951264305213,4.301960376566846,8.459905824759296,16.921817465631356,8319.902528610426,8599.618792757126,279.71626414670027,3.362013715723397,3,TIME,2025
NKE,2025-04-28,2025-05-01,55.2313064862207,55.25892213946381,54.30328750610352,54.27613586235047,150.76294318784568,8335.165321794468,4.167582660897234,4.091414993735669,8.256878885584094,16.515876540216997,8335.165321794468,8178.738572477602,-156.42674931686543,-1.8767084188222014,3,TIME,2025
AAPL,2025-04-28,2025-05-01,208.71623364812055,208.8205917649446,212.01596069335935,211.90995271301267,39.82951325649076,8321.383219539877,4.1606916097699385,4.220135135382635,8.378779255977415,16.75960600112999,8321.383219539877,8436.050135629886,114.66691609000918,1.3779790338312237,3,TIME,2025
MS,2025-04-28,2025-05-01,111.63381102505566,111.68962793056818,113.3840789794922,113.32738694000246,74.46231058864515,8320.828178585476,4.160414089292738,4.219309542263016,8.377676006759184,16.757399638314936,8320.828178585476,8434.399774983769,113.57159639829297,1.3649073621130814,3,TIME,2025
TSLA,2025-05-01,2025-05-05,280.010009765625,280.1500147705078,280.260009765625,280.1198797607422,29.817978397811558,8357.685931539361,4.178842965769681,4.1763042617516914,8.353059669661851,16.708206897183224,8357.685931539361,8348.432219241631,-9.25371229773009,-0.11072098632959392,4,TIME,2025
LLY,2025-05-01,2025-05-05,835.1603548324765,835.5779350098927,812.8565063476562,812.4500780944825,9.998920102378603,8359.05653974429,4.1795282698721445,4.061811709018993,8.239194461155495,16.480534440046632,8359.05653974429,8119.561606328968,-239.4949334153216,-2.865095268546275,4,TIME,2025
NVDA,2025-05-01,2025-05-05,112.92175572108304,112.97821659894358,113.66072082519533,113.60389046478274,73.06286436896482,8258.641436734513,4.129320718367257,4.150112820407578,8.277382376141087,16.556815914915923,8258.641436734513,8296.07552799475,37.43409126023653,0.4532717826170458,4,TIME,2025
AMD,2025-05-01,2025-05-05,99.2699966430664,99.31963164138793,100.58999633789062,100.53970133972169,82.87809960666806,8235.54009411959,4.117770047059794,4.166269691029056,8.282008202830285,16.566047940919134,8235.54009411959,8328.373112367082,92.83301824749287,1.1272244101364803,4,TIME,2025
AVGO,2025-05-01,2025-05-05,196.2368641362023,196.3349825682704,198.79209899902344,198.69270294952395,41.695934295638644,8190.465765984954,4.095232882992477,4.142338943603098,8.235550845878372,16.47312267247395,8190.465765984954,8280.535548262595,90.06978227764102,1.0996906018666397,4,TIME,2025
TSLA,2025-05-05,2025-05-08,284.57000732421875,284.71229232788085,284.82000732421875,284.67759732055663,29.32022186576303,8352.003580753824,4.176001790376913,4.173405156825534,8.347320778821071,16.696727726023518,8352.003580753824,8342.636908494242,-9.366672259582629,-0.11214880560117316,3,TIME,2025
NVDA,2025-05-05,2025-05-08,112.75199823422923,112.80837423334634,117.20574951171876,117.14714663696292,73.76134550683253,8325.059997888868,4.162529998944434,4.320465579114297,8.480996441729694,16.963992019788424,8325.059997888868,8636.610692649481,311.5506947606136,3.7423237170617276,3,TIME,2025
AMD,2025-05-05,2025-05-08,99.0,99.0495,101.6999969482422,101.64914694976808,84.12594851473837,8336.801538179667,4.168400769089834,4.275665451431633,8.442038805087506,16.886105025608973,8336.801538179667,8547.055237411832,210.25369923216567,2.5219947754456724,3,TIME,2025
META,2025-05-05,2025-05-08,588.8354461921188,589.1298639152147,595.5980834960938,595.3002844543457,14.186525874114896,8361.887001147556,4.180943500573778,4.222621444139767,8.401498457544177,16.805063402257723,8361.887001147556,8441.020266835394,79.1332656878385,0.9463565541722644,3,TIME,2025
AVGO,2025-05-05,2025-05-08,198.3266121086913,198.42577541474563,205.77438354492188,205.67149635314942,42.22622935253285,8382.963784009227,4.191481892004614,4.342365888143356,8.531830662026849,17.065678442174818,8382.963784009227,8680.389410398568,297.4256263893403,3.5479769930139655,3,TIME,2025
TSLA,2025-05-08,2025-05-12,279.6300048828125,279.76981988525387,318.3800048828125,318.2208148803711,30.47340133242695,8529.8029035159,4.26490145175795,4.848635302090745,9.111699514196577,18.225236268045272,8529.8029035159,9692.4219688794,1162.6190653635003,13.630081240028188,4,TIME,2025
AMD,2025-05-08,2025-05-12,101.91999816894533,101.9709581680298,108.12000274658205,108.06594274520876,83.90084284834847,8559.72920095186,4.27986460047593,4.533411839762192,8.811266554339685,17.62454299457781,8559.72920095186,9062.290267684622,502.5610667327619,5.871226237821589,4,TIME,2025
NVDA,2025-05-08,2025-05-12,118.084515254596,118.1435575122233,122.82786560058594,122.76645166778565,72.37000027679667,8554.326453087886,4.277163226543943,4.442304070589496,8.7174145345865,17.436881831719937,8554.326453087886,8880.165837108403,325.8393840205172,3.809059495302494,4,TIME,2025
META,2025-05-08,2025-05-12,603.8446565426235,604.1465788708948,636.85107421875,636.5326486816407,14.128404492085545,8539.89718739136,4.26994859369568,4.496595366496402,8.76452556789907,17.53106952809115,8539.89718739136,8988.694137626308,448.7969502349479,5.255296877549877,4,TIME,2025
AVGO,2025-05-08,2025-05-12,206.00217017474864,206.105171259836,219.4517517089844,219.34202583312992,41.05198375920124,8465.258772632495,4.232629386316248,4.502212641105975,8.732863745728501,17.467705773150723,8465.258772632495,8999.923069570843,534.6642969383483,6.315982904939366,4,TIME,2025
TSLA,2025-05-12,2025-05-15,321.989990234375,322.15098522949216,342.82000732421875,342.64859732055663,28.310131350828794,9124.699056173917,4.562349528086958,4.850213398661101,9.410429177113553,18.822992103861612,9124.699056173917,9695.576583923541,570.8775277496243,6.256398421856549,3,TIME,2025
AMD,2025-05-12,2025-05-15,110.41999816894533,110.4752081680298,114.98999786376952,114.93250286483764,82.35226825773657,9102.43519648112,4.55121759824056,4.732476153729094,9.28151223062935,18.565205982599004,9102.43519648112,9460.219831304457,357.7846348233379,3.9306474267639135,3,TIME,2025
NVDA,2025-05-12,2025-05-15,121.79930827024248,121.86020792437759,134.64129638671875,134.5739757385254,74.33273288047604,9062.733651227643,4.531366825613822,5.0016256956177365,9.530965482835153,19.063958004066713,9062.733651227643,9998.249765539857,935.5161143122132,10.322670292594195,3,TIME,2025
META,2025-05-12,2025-05-15,628.3753866174048,628.6895743107135,641.2831420898438,640.9625005187988,14.4294980701227,9076.213105775589,4.538106552887794,4.624383582128514,9.160267644847456,18.322757779863764,9076.213105775589,9244.1427806749,167.92967489931107,1.850217408320328,3,TIME,2025
AVGO,2025-05-12,2025-05-15,217.3818295426096,217.4905204573809,230.4055328369141,230.29033007049566,41.81473889251477,9098.858753899474,4.549429376949737,4.814765010684409,9.362055818632758,18.726250206266904,9098.858753899474,9624.715256358135,525.8565024586605,5.7793676842526605,3,TIME,2025
TSLA,2025-05-15,2025-05-19,340.3399963378906,340.51016633605957,342.0899963378906,341.9189513397217,28.285422149609026,9636.291947022544,4.818145973511272,4.835660939797827,9.651410215194701,19.3052171285038,9636.291947022544,9666.486218655857,30.194271633312383,0.31333911217417937,4,TIME,2025
AMD,2025-05-15,2025-05-19,117.0199966430664,117.07850664138793,114.73999786376952,114.68262786483764,82.36841553859414,9648.395283317554,4.824197641658777,4.723113173514451,9.544851766379303,19.09216258155253,9648.395283317554,9441.503233855386,-206.89204946216705,-2.1443156440728686,4,TIME,2025
META,2025-05-15,2025-05-19,651.6412216753015,651.9670422861391,637.8470458984375,637.5281223754884,14.73727639026288,9613.025012019047,4.806512506009524,4.697714073006454,9.501772500615672,19.00599907963165,9613.025012019047,9390.7304319399,-222.29458007914582,-2.3124311005246905,4,TIME,2025
NVDA,2025-05-15,2025-05-19,134.10204362723803,134.16909464905166,135.3802947998047,135.3126046524048,71.3710048491113,9580.573391494087,4.790286695747043,4.828698281396331,9.616612641313544,19.235597618456918,9580.573391494087,9652.567864511266,71.99447301717919,0.7514630917717094,4,TIME,2025
AMZN,2025-05-15,2025-05-19,206.4499969482422,206.5532219467163,206.16000366210935,206.0569236602783,46.38786250117215,9586.355636656697,4.793177818328349,4.7792701210837585,9.570047987459581,19.14249592687169,9586.355636656697,9553.760972046433,-32.59466461026386,-0.3400110098735233,4,TIME,2025
TSLA,2025-05-19,2025-05-22,336.29998779296875,336.4681377868652,341.0400085449219,340.86948854064946,28.411579513241346,9564.373437122327,4.782186718561164,4.842320288655286,9.622149581724495,19.246656588940944,9564.373437122327,9679.798257021917,115.42481989959015,1.2068205058952455,3,TIME,2025
AMD,2025-05-19,2025-05-22,115.0199966430664,115.07750664138793,110.70999908447266,110.65464408493042,83.34004424360947,9595.362176025546,4.797681088012773,4.610981466899481,9.406173915520029,18.814836470432283,9595.362176025546,9217.351952332061,-378.0102236934854,-3.939509700196219,3,TIME,2025
META,2025-05-19,2025-05-22,625.7161768945482,626.0290349829954,634.0026245117188,633.685623199463,15.309166374777082,9588.777040516077,4.794388520258039,4.850599317432439,9.642622358080011,19.28761019577049,9588.777040516077,9696.348035547446,107.57099503136851,1.1218426977375933,3,TIME,2025
AVGO,2025-05-19,2025-05-22,219.7191577202822,219.82901729914232,228.31578063964844,228.20162274932864,43.75760333457718,9624.002941876714,4.812001470938357,4.992778044285974,9.802467556391107,19.60724707161544,9624.002941876714,9980.563310527661,356.56036865094757,3.704907103669454,3,TIME,2025
NVDA,2025-05-19,2025-05-22,132.20473687113784,132.2708392395734,132.64410400390625,132.5777819519043,71.40369690381647,9449.35159007097,4.724675795035485,4.733271879337022,9.455593179582952,18.91354085395546,9449.35159007097,9461.810486794708,12.45889672373778,0.1318492237798531,3,TIME,2025
TSLA,2025-05-22,2025-05-27,331.8999938964844,332.0659438934326,362.8900146484375,362.7085696411133,28.91705999312641,9607.17440844476,4.80358720422238,5.24423273416657,10.045642179857804,20.093462118246755,9607.17440844476,10483.221235598974,876.046827154214,9.118673086481746,5,TIME,2025
AMD,2025-05-22,2025-05-27,111.9000015258789,111.95595152664184,114.55999755859376,114.50271755981447,86.22395875655187,9658.114404185779,4.82905720209289,4.936438798195275,9.763138810533388,19.52863481082155,9658.114404185779,9867.941157592355,209.82675340657624,2.1725436728688816,5,TIME,2025
GOOGL,2025-05-22,2025-05-27,171.0439874928675,171.12950948661393,172.08908081054688,172.00303627014162,56.27810539537768,9635.662402348116,4.817831201174058,4.840002501768,9.655439491307892,19.31327319424995,9635.662402348116,9675.165001034233,39.50259868611647,0.40996246066580827,5,TIME,2025
NVDA,2025-05-22,2025-05-27,132.0449376190489,132.11096008785842,135.31036376953125,135.2427085876465,72.80202908175697,9622.757337003606,4.811378668501803,4.922971801846711,9.732004213424974,19.46635468377349,9622.757337003606,9841.020631891575,218.2632948879691,2.2681990955820286,5,TIME,2025
AVGO,2025-05-22,2025-05-27,226.1468129579581,226.25988636443708,233.38661193847656,233.26991863250734,42.019854076930045,9512.16349024154,4.75608174512077,4.900983970737651,9.654763728809147,19.31182944466757,9512.16349024154,9797.066957504565,284.90346726302414,2.995148974839473,5,TIME,2025
TSLA,2025-05-27,2025-05-30,347.3500061035156,347.5236811065674,346.4599914550781,346.2867614593506,28.567597245787702,9932.88299672434,4.96644149836217,4.9462903664594435,9.910242287676947,19.82297415249856,9932.88299672434,9887.634442552428,-45.248554171912474,-0.45554300988780916,3,TIME,2025
AMD,2025-05-27,2025-05-30,113.18000030517578,113.23659030532836,110.7300033569336,110.67463835525513,88.44027963221139,10019.685553978386,5.009842776989193,4.894047982166316,9.901331668162722,19.80522242731823,10019.685553978386,9783.201916350465,-236.48363762792178,-2.3601902110992325,3,TIME,2025
GOOGL,2025-05-27,2025-05-30,169.36194132235366,169.44662229301483,170.93450927734375,170.84904202270508,59.23441202346411,10042.092086932205,5.021046043466103,5.060071274493524,10.07863008247194,20.15974740043157,10042.092086932205,10115.082477712554,72.99039078034912,0.7268444677512135,3,TIME,2025
NVDA,2025-05-27,2025-05-30,133.96224703921547,134.02922816273508,134.94090270996094,134.87343225860596,75.1131429663232,10072.392773039992,5.036196386519996,5.065383699799688,10.099080365602322,20.200660451922005,10072.392773039992,10125.702015899577,53.30924285958463,0.529260961727718,3,TIME,2025
AVGO,2025-05-27,2025-05-30,230.63331462000428,230.74863127731427,239.7449493408203,239.62507686614993,41.57148338891742,9597.361572946775,4.798680786473388,4.9807849512546065,9.777161093376147,19.55662683110414,9597.361572946775,9956.589117557958,359.2275446111835,3.7429822965488855,3,TIME,2025
UNH,2025-05-30,2025-06-02,288.1524294683198,288.2965056830539,294.6800231933594,294.5326831817627,34.57778702311739,9973.641994014599,4.9868209970073,5.09214419520315,10.07652820914683,20.15549340135728,9973.641994014599,10179.196246211097,205.55425219649806,2.0609748406836306,3,TIME,2025
NVDA,2025-06-05,2025-06-09,141.97103980754113,142.0420253274449,142.43040466308594,142.3591894607544,70.47030936764334,10014.752844453898,5.007376422226949,5.016048061313157,10.020928888223025,20.04435337176313,10014.752844453898,10027.080074565,12.327230111101017,0.12309070730515084,4,TIME,2025
AVGO,2025-06-06,2025-06-09,248.72784365167303,248.85220757349884,241.9337310791016,241.81276421356205,40.19017760478541,10006.417628536112,5.003208814268056,4.859248970423579,9.859887916135719,19.722345700827354,10006.417628536112,9713.638691876733,-292.7789366593788,-2.925911625199786,3,TIME,2025
AMD,2025-06-06,2025-06-09,117.69000244140624,117.74884744262694,121.7300033569336,121.66913835525513,84.63706402258241,9970.902190682245,4.985451095341123,5.148859326273083,10.131903179520446,20.266213601134652,9970.902190682245,10292.569793219893,321.6676025376473,3.226063162451277,3,TIME,2025
AVGO,2025-06-09,2025-06-12,242.6963395919321,242.81768776172805,253.6104736328125,253.48366839599612,41.257227255497085,10022.996023651773,5.0114980118258865,5.229016656285339,10.238121490831325,20.47863615894255,10022.996023651773,10452.804295914391,429.80827226261863,4.288221518280345,3,TIME,2025
AMD,2025-06-09,2025-06-12,119.18000030517578,119.23959030532836,118.5,118.44075000000001,83.94604869212164,10014.69980370158,5.00734990185079,4.971316483315704,9.976148439379683,19.954814824546176,10014.69980370158,9937.661650148091,-77.03815355348888,-0.769250752029676,3,TIME,2025
AVGO,2025-06-12,2025-06-16,247.78694576683623,247.91083923971962,249.6786193847656,249.55378007507323,40.69407898141449,10093.550047393597,5.0467750236967985,5.077680618242787,10.121951499404872,20.246407141344456,10093.550047393597,10150.28355586733,56.73350847373331,0.5620768531125805,4,TIME,2025
AMD,2025-06-16,2025-06-20,118.63999938964844,118.69931938934326,128.24000549316406,128.1758854904175,85.0876344756915,10104.896749088344,5.052448374544173,5.453091446603367,10.503217807410984,21.008757628558524,10104.896749088344,10900.729801760132,795.8330526717873,7.875716817626927,4,TIME,2025
ORCL,2025-06-17,2025-06-20,207.8443858835897,207.94830807653148,202.42774963378903,202.32653575897214,49.25128611955793,10246.845041676068,5.123422520838034,4.982421051122054,10.103215166623421,20.209058738583508,10246.845041676068,9959.859681192986,-286.98536048308233,-2.8007192391009395,3,TIME,2025
TSLA,2025-06-20,2025-06-23,327.95001220703125,328.11398721313475,348.67999267578125,348.50565267944336,31.0915210931122,10206.666287526088,5.103333143763044,5.4177854256758735,10.518728034522805,21.039846603961724,10206.666287526088,10830.153065926072,623.4867783999835,6.108623137428993,3,TIME,2025
AMD,2025-06-20,2025-06-23,129.0,129.06449999999998,129.5800018310547,129.51521183013918,78.74773953251633,10168.621939864386,5.084310969932194,5.099515083349239,10.181295316251738,20.36512136953317,10168.621939864386,10193.930651615128,25.308711750742077,0.24889028130275445,3,TIME,2025
ORCL,2025-06-20,2025-06-23,210.49842572171352,210.60367493457437,204.2727508544922,204.17061447906497,48.192617508969875,10154.619661936336,5.077309830968169,4.919758165080462,9.994454333239968,19.9915223292886,10154.619661936336,9834.596571995844,-320.02308994049235,-3.151502474682234,3,TIME,2025
TSLA,2025-06-23,2025-06-26,327.5400085449219,327.70377854919434,325.7799987792969,325.61710877990726,31.33099228406682,10272.420767568134,5.136210383784067,5.1009535613717105,10.234582054250005,20.471745999405783,10272.420767568134,10196.80616918205,-75.61459838608425,-0.7360932743800083,3,TIME,2025
AMD,2025-06-23,2025-06-26,130.47000122070312,130.53523622131348,143.67999267578125,143.60815267944338,79.65384312883667,10402.834646081183,5.201417323040592,5.719470632775204,10.918550303799996,21.839438259615793,10402.834646081183,11433.221794917632,1030.3871488364493,9.904869046674726,3,TIME,2025
ORCL,2025-06-23,2025-06-26,202.76320163894977,202.86458323976922,209.97552490234372,209.87053713989255,51.17395698351036,10386.576744561986,5.193288372280993,5.369952919851538,10.560736918725372,21.123978210857903,10386.576744561986,10734.535886783224,347.9591422212379,3.3500849296031627,3,TIME,2025
AVGO,2025-06-24,2025-06-27,256.8877483845425,257.01619225873475,267.3907775878906,267.2570821990967,41.11535730716855,10572.598877884748,5.286299438942374,5.494185213743589,10.77794946191468,21.558434114600644,10572.598877884748,10982.876242273434,410.2773643886867,3.8805724980911274,3,TIME,2025
ORCL,2025-06-26,2025-06-30,209.16647752709252,209.27106076585605,215.70787048339844,215.60001654815676,50.74090440597671,10623.914846680986,5.311957423340493,5.469869914798509,10.77925433847383,21.561081676612833,10623.914846680986,10934.269959682219,310.3551130012329,2.9212876560112004,4,TIME,2025
AMD,2025-06-26,2025-06-30,145.97000122070312,146.04298622131347,141.89999389648438,141.82904389953615,72.75040560889879,10630.00148467771,5.315000742338856,5.159060235406783,10.471329453702129,20.94539043144777,10630.00148467771,10312.96141057816,-317.0400740995501,-2.9825026323518187,4,TIME,2025
NKE,2025-06-27,2025-06-30,67.21304664739225,67.24665317071594,68.4168930053711,68.3826845588684,156.98093533119837,10561.723374318844,5.2808616871594225,5.367388891254729,10.645657392803159,21.29390797121731,10561.723374318844,10729.410393618204,167.68701929935924,1.5876861507951952,3,TIME,2025
AMD,2025-06-30,2025-07-03,144.0,144.072,137.91000366210938,137.84104866027832,73.86514644847777,10647.222990620401,5.3236114953102005,5.0908246229516045,10.411661852896676,20.826097971158482,10647.222990620401,10176.558421280257,-470.6645693401442,-4.420538292048293,3,TIME,2025
NKE,2025-06-30,2025-07-03,68.81175018923055,68.84615606432516,73.5693359375,73.53255126953125,154.0937755921381,10614.071158536706,5.307035579268353,5.665454227022269,10.970019567086629,21.94250937337725,10614.071158536706,11325.242999817516,711.1718412808095,6.700273916185562,3,TIME,2025
AVGO,2025-07-01,2025-07-07,272.4040700215716,272.5402720565824,272.1856689453125,272.04957611083984,38.817366916073794,10584.588033843856,5.292294016921928,5.280124107628407,10.56976985810389,21.142187982654224,10584.588033843856,10554.968091149185,-29.61994269467141,-0.2798402979876275,6,TIME,2025
ORCL,2025-07-02,2025-07-07,214.77053876404943,214.87792403343144,229.1556854248047,229.0411075820923,49.63984229705146,10671.842183228955,5.335921091614478,5.68478222995853,11.018213880128073,22.038917201701082,10671.842183228955,11363.8796776871,692.0374944581454,6.484705101296365,5,TIME,2025
AMD,2025-07-03,2025-07-07,139.11000061035156,139.17955561065673,134.8000030517578,134.73260305023194,78.20129423786776,10889.466113261276,5.444733056630638,5.268131967282514,10.710058395536922,21.422923419450075,10889.466113261276,10530.995802597745,-358.47031066353156,-3.291899776674851,4,TIME,2025
NKE,2025-07-03,2025-07-07,73.4537642337789,73.49049111589578,73.70417785644531,73.6673257675171,147.81622248108502,10868.52104555423,5.434260522777115,5.444612907618938,10.876165553930997,21.75503898432705,10868.52104555423,10883.781202330256,15.260156776026633,0.14040693036398733,4,TIME,2025
AMD,2025-07-07,2025-07-10,136.55999755859375,136.62827755737305,144.16000366210938,144.08792366027834,78.7083503786813,10759.165924583729,5.379582962291865,5.6704613903949355,11.04750410719081,22.09754845987761,10759.165924583729,11335.252319399477,576.0863948157476,5.354377828670175,3,TIME,2025
ORCL,2025-07-07,2025-07-10,231.9675993039156,232.08358310356755,232.35171508789065,232.23553923034672,46.20725479825717,10729.309913915997,5.364654956957999,5.365483367213639,10.727460433926689,21.457598758098328,10729.309913915997,10725.601251060065,-3.708662855931834,-0.03456571658091142,3,TIME,2025
NKE,2025-07-07,2025-07-10,73.23227284825762,73.26888898468175,71.86470031738281,71.82876796722412,145.98049074918484,10701.178960111441,5.350589480055721,5.242799398882353,10.590663674470406,21.184052553408478,10701.178960111441,10480.355998365823,-220.82296174561816,-2.063538630357776,3,TIME,2025
NKE,2025-07-10,2025-07-14,70.42008698974512,70.45529703323999,69.58220672607422,69.54741562271118,153.6302108708816,10829.47687862657,5.414738439313285,5.342292063820983,10.754290952983485,21.511321456117752,10829.47687862657,10679.241835578145,-150.23504304842572,-1.3872788568849044,4,TIME,2025
ORCL,2025-07-10,2025-07-14,237.23604717214215,237.35466519572822,226.6961975097656,226.58284941101073,45.78070313920007,10871.699315687702,5.435849657843851,5.186561082659778,10.619572185241733,21.24198292574536,10871.699315687702,10367.935604236896,-503.7637114508052,-4.633716375174961,4,TIME,2025
ORCL,2025-07-14,2025-07-17,226.86427993600736,226.97771207597535,245.94677734375,245.82380395507815,47.111796534381874,10698.677127726725,5.349338563863363,5.790600517619709,11.137489164882915,22.277428246365986,10698.677127726725,11575.4104347218,876.7333069950746,8.194782369148516,3,TIME,2025
AMD,2025-07-15,2025-07-18,153.75,153.826875,156.99000549316406,156.9115104904175,69.83497905776046,10747.870529410442,5.373935264705221,5.478956024509934,10.850260888010567,21.70315217722572,10747.870529410442,10952.433092995358,204.56256358491555,1.903284590423295,3,TIME,2025
TSLA,2025-07-16,2025-07-21,312.79998779296875,312.9563877868652,328.489990234375,328.32574523925786,34.78999529313532,10893.197856990168,5.446598928495084,5.711225565744464,11.155237658550618,22.313062152790167,10893.197856990168,11416.739905923183,523.5420489330154,4.806137332730612,5,TIME,2025
ORCL,2025-07-17,2025-07-21,240.59774029404676,240.71803916419375,240.7955017089844,240.67510395812994,45.70993577753486,11008.710465922379,5.504355232961189,5.500621772588823,11.002227087846459,22.00720409339647,11008.710465922379,10995.742923405056,-12.967542517322727,-0.11779347415361628,4,TIME,2025
AMD,2025-07-18,2025-07-21,159.58999633789062,159.66979133605957,157.0,156.9215,69.1511477531225,11046.872768774481,5.5234363843872405,5.425650916070807,10.946280806960694,21.89536810741874,11046.872768774481,10845.876181225542,-200.99658754893971,-1.8194885716171592,3,TIME,2025
TSLA,2025-07-21,2025-07-24,334.3999938964844,334.5671938934326,305.29998779296875,305.14733779907226,32.792705501089564,10976.851885616074,5.488425942808037,5.003303391443237,10.488746554296968,20.98047588854824,10976.851885616074,10001.60347949503,-975.2484061210434,-8.884591103930232,3,TIME,2025
AMD,2025-07-21,2025-07-24,157.6199951171875,157.69880511474608,162.1199951171875,162.03893511962892,69.3120575910304,10935.896610455187,5.467948305227594,5.615626001500479,11.080918308638514,22.164492615366587,10935.896610455187,11225.636376999455,289.7397665442677,2.6494376900679915,3,TIME,2025
AMD,2025-07-24,2025-07-28,159.1199951171875,159.1995551147461,173.66000366210938,173.57317366027834,68.05502863882263,10839.750157700719,5.419875078850359,5.906263652190789,11.323676173674425,22.649814904715573,10839.750157700719,11806.621040729387,966.8708830286687,8.919678673053081,4,TIME,2025
AMD,2025-07-28,2025-07-31,169.0800018310547,169.1645418319702,176.30999755859375,176.22184255981446,65.18864800339146,11033.12433430645,5.516562167153226,5.7438318325704065,11.257753547050907,22.51814754677454,11033.12433430645,11481.919833308242,448.79549900179154,4.067709974103207,3,TIME,2025
AMD,2025-07-31,2025-08-04,182.0200042724609,182.11101427459712,176.77999877929688,176.69160877990723,61.04695005227108,11122.883434106809,5.5614417170534045,5.39324190792121,10.951822932526728,21.90650655750134,11122.883434106809,10781.090573934498,-341.7928601723106,-3.072879997323799,4,TIME,2025
AMD,2025-08-04,2025-08-07,174.61000061035156,174.69730561065674,172.39999389648438,172.31379389953614,63.24652553180138,11054.524862072347,5.527262431036173,5.449124382674286,10.97358823868337,21.949975052393828,11054.524862072347,10892.799640965899,-161.72522110644786,-1.462977587226032,3,TIME,2025
AVGO,2025-08-05,2025-08-08,295.64379471514013,295.7916166124977,302.7517395019531,302.6003636322022,37.333701672202594,11048.520231865446,5.524260115932723,5.64859585087233,11.170160178218776,22.343016145023828,11048.520231865446,11291.543105893787,243.02287402834008,2.199596587852813,3,TIME,2025
AMD,2025-08-07,2025-08-11,166.83999633789062,166.92341633605957,172.27999877929688,172.19385877990723,66.24920162251695,11064.075101917908,5.532037550958954,5.703852834234643,11.233214465372743,22.46910485056634,11064.075101917908,11402.00181563505,337.9267137171428,3.054269883422652,4,TIME,2025
TSLA,2025-08-07,2025-08-11,319.7900085449219,319.94990354919435,339.0299987792969,338.86048377990727,34.78658559639321,11135.532472608103,5.567766236304052,5.893899612122478,11.459049288699013,22.920715137125544,11135.532472608103,11781.905324632833,646.3728520247296,5.8045976123254,4,TIME,2025
AVGO,2025-08-08,2025-08-11,301.8384179801744,301.9893371891645,301.689453125,301.53860839843753,37.113158289864174,11213.384765335293,5.606692382667647,5.5955250519982895,11.199412706332852,22.40163014099879,11213.384765335293,11185.45457894458,-27.93018639071306,-0.24907899778000633,3,TIME,2025
TSLA,2025-08-12,2025-08-15,345.0,345.17249999999996,330.5599975585937,330.3947175598144,32.6110198216622,11262.058268526956,5.631029134263478,5.387254341657796,11.01535023555083,22.033633711472106,11262.058268526956,10769.121428973933,-492.9368395530237,-4.376969358528264,3,TIME,2025
UNH,2025-08-14,2025-08-18,265.002735002078,265.13523636957905,300.4435729980469,300.2933512115479,42.215318880230356,11198.367733593825,5.5991838667969125,6.338489789504251,11.935248100936693,23.872921757237858,11198.367733593825,12670.641089218998,1472.2733556251733,13.147213867682888,4,TIME,2025
TSLA,2025-08-15,2025-08-18,337.6600036621094,337.82883366394043,335.1600036621094,334.99242366027835,33.79791917912474,11423.623428265966,5.711811714132983,5.661023430244601,11.369958114820077,22.74279325919766,11423.623428265966,11316.385837058957,-107.23759120700925,-0.9387353485555786,3,TIME,2025
AVGO,2025-08-15,2025-08-18,308.7676129160397,308.9219967224977,303.5359802246094,303.3842122344971,36.797833129740596,11373.34675888018,5.68667337944009,5.5819408080014155,11.26572272256227,22.534336910003773,11373.34675888018,11158.29967519483,-215.0470836853492,-1.8907986210606205,3,TIME,2025
UNH,2025-08-18,2025-08-21,305.0112449986687,305.163750621168,295.4376525878906,295.28993376159667,37.316922076309716,11393.468636762917,5.696734318381458,5.509655724050081,11.203452361020538,22.40984240345208,11393.468636762917,11013.80179237611,-379.6668443868057,-3.332320090492439,3,TIME,2025
TSLA,2025-08-18,2025-08-21,329.6199951171875,329.78480511474606,320.1099853515625,319.9499303588867,34.42069514223081,11357.100789789569,5.678550394894785,5.506449506830609,11.182078791240212,22.367078692965606,11357.100789789569,11007.392564154388,-349.7082256351805,-3.079203329335427,3,TIME,2025
LLY,2025-08-21,2025-08-25,700.7802977632224,701.130687912104,690.9721069335938,690.626620880127,16.03405758693088,11247.593622758519,5.623796811379259,5.536773505129719,11.157719101828349,22.318289418337326,11247.593622758519,11068.010236754308,-179.5833860042112,-1.5966382857293133,4,TIME,2025
UNH,2025-08-21,2025-08-25,294.4053032087613,294.55250586036567,296.9082336425781,296.75977952575687,38.20859633090171,11260.067828588568,5.630033914294284,5.669387311573518,11.296630117272695,22.596051343140495,11260.067828588568,11333.105235835463,73.03740724689487,0.6486409172550252,4,TIME,2025
LLY,2025-08-25,2025-08-28,706.5438798197412,706.897151759651,727.37255859375,727.0088723144531,15.873131270740561,11226.284427007056,5.6131422135035285,5.769953632620189,11.380371929104829,22.76346777522855,11226.284427007056,11534.137311607758,307.85288460070115,2.7422508898857036,3,TIME,2025
UNH,2025-08-25,2025-08-28,300.4435560517388,300.5937778297647,294.40533447265625,294.25813180541996,37.1565190435174,11174.60573316107,5.5873028665805355,5.46680393906897,11.051257064390747,22.10536387004025,11174.60573316107,10928.141074198871,-246.46465896219888,-2.2055781192423245,3,TIME,2025
UNH,2025-08-28,2025-09-02,296.3142031867543,296.46236028834767,300.7454833984375,300.5951106567383,37.8899458945588,11238.562072134759,5.619281036067379,5.6947662394763645,11.311279610266066,22.62532688580981,11238.562072134759,11383.837712713253,145.27564057849486,1.2926532740224463,5,TIME,2025
AVGO,2025-09-04,2025-09-08,302.8410608781425,302.99248140858157,343.13580322265625,342.96423532104495,37.16918432858302,11267.617200250457,5.633808600125229,6.373850440379722,12.005216566879529,24.01287560738448,11267.617200250457,12741.327030319064,1473.7098300686066,13.079161315809069,4,TIME,2025
TSLA,2025-09-05,2025-09-08,348.0,348.174,346.3999938964844,346.2267938995362,32.97133204919407,11485.503316554372,5.742751658277186,5.707779292994743,11.447646386857517,22.898177338129447,11485.503316554372,11409.850806696491,-75.65250985788043,-0.6586782291799124,3,TIME,2025
AVGO,2025-09-08,2025-09-11,340.2569033164437,340.4270317681019,357.01416015625,356.8356530761719,33.902874839335524,11547.228664292605,5.773614332146303,6.048877242227005,11.819746797001184,23.64223837137449,11547.228664292605,12091.705607211783,544.4769429191783,4.715217466878955,3,TIME,2025
ORCL,2025-09-10,2025-09-15,315.5929607619938,315.7507572423748,298.7351379394531,298.58577037048343,37.11658556371638,11725.452724357021,5.862726362178511,5.54124214703211,11.400880719821398,22.80484922903202,11725.452724357021,11076.943051917187,-648.5096724398336,-5.53078578443883,5,TIME,2025
AVGO,2025-09-11,2025-09-15,368.4801366758269,368.66437674416477,361.4417114257813,361.26099057006843,31.369552603012195,11570.621870067816,5.785310935033908,5.666297823552027,11.448660905054348,22.90026966364028,11570.621870067816,11326.9293492805,-243.69252078731552,-2.106131576365197,4,TIME,2025
TSLA,2025-09-11,2025-09-15,350.1700134277344,350.34509843444823,410.0400085449219,409.8349885406494,32.79801617494823,11496.372391462595,5.748186195731297,6.720887291607971,12.466690298507958,24.93576378584723,11496.372391462595,13435.053695924335,1938.6813044617393,16.86341776734231,4,TIME,2025
ORCL,2025-09-15,2025-09-18,302.9965652670561,303.1480635496896,293.27734375,293.130705078125,39.12110480376492,11865.419875123358,5.932709937561679,5.733798517281417,11.663447043202053,23.329955498045152,11865.419875123358,11461.863236045552,-403.5566390778058,-3.40111553847234,3,TIME,2025
AVGO,2025-09-15,2025-09-18,357.2524052685907,357.43103147122497,342.8379821777344,342.66656318664553,33.07992237438351,11829.70562807799,5.914852814038995,5.667691655255508,11.579467835887286,23.16201230518179,11829.70562807799,11329.71561885576,-499.9900092222306,-4.226563406916031,3,TIME,2025
TSLA,2025-09-15,2025-09-18,423.1300048828125,423.3415698852539,416.8500061035156,416.6415811004639,27.989525640992454,11855.057253828227,5.927528626914113,5.830800108657536,11.755321027709822,23.51364976328147,11855.057253828227,11655.769417206415,-199.28783662181195,-1.6810364754456,3,TIME,2025
ORCL,2025-09-18,2025-09-22,299.6250091667613,299.7748216713446,324.4519958496094,324.2897698516846,38.825911018004916,11644.852978138988,5.822426489069494,6.2954228741554,12.115179132572177,24.233028495797072,11644.852978138988,12584.550325436645,939.697347297657,8.069636852107633,4,TIME,2025
AVGO,2025-09-18,2025-09-22,347.4541527190247,347.6278797953842,336.9019470214844,336.73349604797363,33.33287819878553,11593.234392918059,5.79661719645903,5.612148304609168,11.405779258623205,22.8145447596914,11593.234392918059,11218.684460913724,-374.54993200433455,-3.2307630408398826,4,TIME,2025
TSLA,2025-09-18,2025-09-22,428.8699951171875,429.08443011474606,434.2099914550781,433.9928864593506,26.92794697814317,11560.142854704012,5.780071427352007,5.84326871773435,11.620486058156203,23.24382620324256,11560.142854704012,11680.694166750967,120.55131204695499,1.042818532280513,4,TIME,2025
ADBE,2025-09-18,2025-09-22,366.8599853515625,367.04341534423827,364.0799865722656,363.8979465789795,31.296980758530474,11493.097256202036,5.746548628101018,5.694453516075536,11.438107118470256,22.87910926264681,11493.097256202036,11383.212578634997,-109.88467756703903,-0.9560928191723238,4,TIME,2025
UNH,2025-09-18,2025-09-22,336.68039752186525,336.84873772062616,334.4948425292969,334.32759510803226,34.10672773005709,11494.555461381498,5.747277730690749,5.70141012949721,11.445795585788783,22.894483445976743,11494.555461381498,11397.118848864924,-97.43661251657431,-0.8476762136990348,4,TIME,2025
ORCL,2025-09-22,2025-09-25,306.1407128681622,306.29378322459627,288.0469055175781,287.9028820648194,38.311774002781,11740.528465590322,5.870264232795161,5.515035076208336,11.382190875419969,22.767490184423465,11740.528465590322,11024.555117340462,-715.9733482498596,-6.098305969345988,3,TIME,2025
TSLA,2025-09-22,2025-09-25,431.1099853515625,431.3255403442383,423.3900146484375,423.1783196411133,27.525728771834217,11878.48908042055,5.939244540210275,5.824145824280925,11.760367617765016,23.523757982256218,11878.48908042055,11642.467502737569,-236.02157768298093,-1.986966322779368,3,TIME,2025
AMD,2025-09-22,2025-09-25,157.4199981689453,157.49870816802976,161.27000427246094,161.1893692703247,75.47512042028504,11893.180555299026,5.946590277649514,6.082893528073775,12.02658315550173,24.056066961225017,11893.180555299026,12159.704162619477,266.52360732045054,2.2409784000269,3,TIME,2025
UNH,2025-09-22,2025-09-25,327.7912281730855,327.95512378717206,338.6698608398437,338.5005259094238,36.348311361953286,11926.578241284704,5.963289120642352,6.151961255970336,12.112367587032615,24.2276179636453,11926.578241284704,12297.770550684701,371.1923093999976,3.112311862551565,3,TIME,2025
TSLA,2025-09-25,2025-09-29,435.239990234375,435.45761022949216,443.2099914550781,442.98838645935064,26.803605111562412,11677.672663747842,5.838836331873921,5.9368428898323184,11.77281320972962,23.54849243143586,11677.672663747842,11867.748936774804,190.07627302696164,1.6276896818407514,4,TIME,2025
TSLA,2025-09-29,2025-10-02,444.3500061035156,444.57218110656737,436.0,435.78200000000004,26.33954748416236,11715.687918353236,5.857843959176618,5.739150340871621,11.594010394221733,23.19100469426997,11715.687918353236,11472.56153140237,-243.1263869508657,-2.0752207522530157,3,TIME,2025
AMD,2025-10-02,2025-10-06,168.67999267578125,168.76433267211914,203.7100067138672,203.60815171051027,69.09771113958303,11667.062640963062,5.833531320481531,7.034428626278618,12.865648304546426,25.733608251306574,11667.062640963062,14061.822823930957,2394.760182967895,20.525819194283667,4,TIME,2025
AMD,2025-10-06,2025-10-09,226.4499969482422,226.56322194671628,232.88999938964844,232.77355438995363,53.58302007672262,12146.014677556639,6.07300733877832,6.236355019103485,12.306412122905105,24.61577448078691,12146.014677556639,12466.473683187865,320.4590056312263,2.638388097977267,3,TIME,2025
AMD,2025-10-09,2025-10-13,236.3000030517578,236.41815305328367,216.4199981689453,216.31178816986085,51.62040760335785,12210.106478682887,6.105053239341443,5.583051337369708,11.684795496601435,23.372900073312586,12210.106478682887,11160.519623402048,-1049.5868552808388,-8.59604997805112,4,TIME,2025
AMD,2025-10-13,2025-10-16,220.1999969482422,220.3100969467163,234.55999755859372,234.44271755981444,54.44230282361408,12000.189107626718,6.000094553813359,6.381800712091222,12.379090666501794,24.760985932406378,12000.189107626718,12757.219623470352,757.0305158436331,6.308488216760705,3,TIME,2025
ORCL,2025-10-13,2025-10-16,295.8464187128292,295.9943419221856,310.009765625,309.8547607421875,40.374601446848786,11956.631901581319,5.97831595079066,6.255131235687254,12.230600988372956,24.46404817485087,11956.631901581319,12504.007340138822,547.375438557503,4.578006942616592,3,TIME,2025
AVGO,2025-10-13,2025-10-16,350.8040366415935,350.97943865991425,352.1763610839844,352.0002729034424,34.25467530239963,12028.701059643674,6.014350529821837,6.02882752733174,12.040182634018842,24.08336069117242,12028.701059643674,12051.626227136147,22.92516749247261,0.19058722449580703,3,TIME,2025
AMD,2025-10-16,2025-10-20,236.2899932861328,236.40813828277587,240.55999755859372,240.43971755981443,51.857447012570276,12265.655332005439,6.1328276660027194,6.2342949565377195,12.364111566586782,24.73123418912722,12265.655332005439,12462.355618118901,196.70028611346243,1.6036671567005616,4,TIME,2025
ORCL,2025-10-16,2025-10-20,302.68046730718675,302.8318075408403,274.531982421875,274.39471643066406,40.41562959825207,12245.26079453703,6.122630397268515,5.544917611489565,11.664202283873838,23.331750292631916,12245.26079453703,11084.29030536764,-1160.970489169389,-9.480978058771376,4,TIME,2025
AMD,2025-10-20,2025-10-23,236.47000122070312,236.58823622131345,234.9900054931641,234.8725104904175,51.00323280427543,12072.801291394255,6.036400645697127,5.989628665933694,12.022992240164909,24.049021551795732,12072.801291394255,11973.267703201454,-99.53358819280038,-0.824444847475043,3,TIME,2025
CRM,2025-10-21,2025-10-24,252.803504151519,252.92990590359474,253.1313018798828,253.00473622894287,47.761286779932796,12086.300921543778,6.043150460771889,6.041915881855896,12.082048681406448,24.16711502403423,12086.300921543778,12077.789847829936,-8.511073713842052,-0.07041917762175771,3,TIME,2025
AMD,2025-10-24,2025-10-27,243.3600006103516,243.48168061065675,259.6700134277344,259.5401784210205,49.470525801464454,12051.192359012928,6.025596179506464,6.419794546546892,12.44257964418939,24.887970370242748,12051.192359012928,12833.169298547236,781.9769395343083,6.4887931105794525,3,TIME,2025
AVGO,2025-10-24,2025-10-27,350.5455270010784,350.72079976457894,360.0323486328125,359.8523324584961,34.60672782711777,12143.370946234973,6.071685473117486,6.226655863672336,12.295387571015521,24.593728907805342,12143.370946234973,12447.085071481,303.71412524602783,2.5010693207901533,3,TIME,2025
CRM,2025-10-24,2025-10-27,255.70404842715232,255.83190045136587,253.76702880859372,253.64014529418944,47.47655580809501,12152.0935460433,6.07604677302165,6.020980256616456,12.093966015494864,24.19099304513297,12152.0935460433,12035.939532976294,-116.15401306700551,-0.9558354091573386,3,TIME,2025
AMD,2025-10-27,2025-10-30,257.8800048828125,258.00894488525387,254.83999633789065,254.71257633972172,47.43625158001418,12245.099769355593,6.122549884677796,6.0413049259223035,12.160757484002787,24.324612294602886,12245.099769355593,12076.568546918685,-168.53122243690814,-1.37631563328436,3,TIME,2025
TSLA,2025-10-28,2025-10-31,454.7799987792969,455.0073887786865,456.55999755859375,456.3317175598145,26.89574657750581,12243.885362165296,6.121942681082648,6.136691115383364,12.25558479372329,24.5142185901893,12243.885362165296,12267.245539651345,23.360177486048997,0.19079056030885458,3,TIME,2025
AVGO,2025-10-28,2025-10-31,360.59915286022726,360.7794524366574,367.5700988769531,367.38631382751464,33.999550475385824,12272.475441322853,6.136237720661427,6.245484760472261,12.378713614531417,24.760436095665106,12272.475441322853,12484.724036184049,212.24859486119567,1.7294684831597213,3,TIME,2025
CRM,2025-10-28,2025-10-31,253.76703478712363,253.89391830451717,258.6741027832031,258.54476573181154,48.57871014187881,12340.009068635314,6.170004534317657,6.279885616592817,12.446864743399892,24.896754894310366,12340.009068635314,12553.49134756904,213.48227893372496,1.7300009890295325,3,TIME,2025
NVDA,2025-10-28,2025-10-31,192.8040950113927,192.90049705889837,202.2320709228516,202.13095488739017,62.81978209209217,12124.02920529891,6.062014602649455,6.348911270046182,12.408042931240582,24.81896880393622,12124.02920529891,12691.473628822318,567.4444235234077,4.680328741499578,3,TIME,2025
AMD,2025-10-30,2025-11-03,259.9200134277344,260.04997343444825,259.6499938964844,259.52016889953615,46.41619494603751,12076.568546918685,6.038284273459342,6.022969376034725,12.05823137403722,24.119485023531286,12076.568546918685,12039.915782693415,-36.65276422526949,-0.30350313570340626,4,TIME,2025
AVGO,2025-10-31,2025-11-03,376.1619333582533,376.3500143249324,360.529541015625,360.3492762451172,32.87052227752713,12377.010035032861,6.188505017516431,5.922434456252952,12.107716760033204,24.218656233802587,12377.010035032861,11838.94647804965,-538.063556983212,-4.347282222929728,3,TIME,2025
CRM,2025-10-31,2025-11-03,253.1014986048366,253.228049354139,259.597900390625,259.4681014404297,48.619784648813905,12318.052252763839,6.159026126381919,6.307641607635146,12.463667184367235,24.9303349183843,12318.052252763839,12608.975573662658,290.92332089881893,2.3617639780148165,3,TIME,2025
AMD,2025-11-03,2025-11-06,259.3299865722656,259.4596515655517,237.6999969482422,237.58114694976808,47.605718169388034,12357.942019767157,6.178971009883579,5.655110562025311,11.830734658604012,23.6648162305129,12357.942019767157,11304.566013488597,-1053.3760062785605,-8.523878851297667,3,TIME,2025
NVDA,2025-11-04,2025-11-07,202.7414122562426,202.8427829623707,187.91030883789065,187.81635368347173,60.445739669181705,12267.115610521047,6.133557805260524,5.676349210183044,11.80661611728464,23.616523132728208,12267.115610521047,11347.022071155905,-920.0935393651416,-7.500488041182328,3,TIME,2025
TSLA,2025-11-05,2025-11-10,452.0499877929688,452.2760127868653,445.2300109863281,445.007395980835,27.028376837160767,12230.401708866371,6.115200854433186,6.013913796946815,12.126010967726417,24.255125619106416,12230.401708866371,12021.813680096682,-208.58802876968912,-1.7054879613518683,5,TIME,2025
AVGO,2025-11-05,2025-11-10,348.93452000871264,349.108987268717,356.39276123046875,356.21456484985356,35.16374888783332,12282.12182371482,6.14106091185741,6.2629197542845345,12.400975700614577,24.80495636675652,12282.12182371482,12519.576588814783,237.45476509996297,1.9333366702280679,5,TIME,2025
CAT,2025-11-05,2025-11-10,548.5876236673902,548.8619174792238,567.3827514648438,567.0990600891114,22.464805735468257,12336.244474004376,6.168122237002188,6.369885108834263,12.535028841939736,25.07303618777619,12336.244474004376,12733.400332559693,397.15585855531754,3.219422729439471,5,TIME,2025
AMZN,2025-11-06,2025-11-10,249.16000366210935,249.2845836639404,248.3999938964844,248.27579389953618,46.59189140179859,11620.45047545061,5.810225237725305,5.78381941353126,11.591130686063327,23.18517533731989,11620.45047545061,11561.855007648988,-58.59546780162236,-0.5042443743933274,4,TIME,2025
CAT,2025-11-10,2025-11-13,566.5379384539784,566.8212074232054,550.187744140625,549.9126502685547,21.224885399012067,12036.73353605521,6.018366768027605,5.835916490708538,11.851187317600957,23.7054705763371,12036.73353605521,11665.997064926367,-370.7364711288428,-3.0800421893392183,3,TIME,2025
AMZN,2025-11-10,2025-11-13,248.33999633789065,248.46416633605958,237.5800018310547,237.46121183013918,48.42507000068496,12037.91360428766,6.01895680214383,5.749537902660984,11.76535496303006,23.533849667834872,12037.91360428766,11493.326267419308,-544.5873368683515,-4.523934585096046,3,TIME,2025
LLY,2025-11-10,2025-11-13,933.8503533456447,934.3172785223176,1016.4593505859376,1015.9511209106447,12.87578698836317,12036.088301951522,6.018044150975761,6.540585111717129,12.555886154579511,25.1145154172724,12036.088301951522,13074.62963832254,1038.5413363710177,8.628561957314899,3,TIME,2025
AMZN,2025-11-13,2025-11-17,243.0500030517578,243.17152805328368,232.8699951171875,232.75356011962893,49.57548463719628,12061.377041729975,6.030688520864987,5.769435271981703,11.796982278877813,23.597106071724504,12061.377041729975,11533.101108691424,-528.2759330385506,-4.379897346802282,4,TIME,2025
LLY,2025-11-13,2025-11-17,1003.7594783618752,1004.2613581010561,1016.7877807617188,1016.2793868713379,11.9478140999655,12004.730379560082,6.002365189780041,6.071158593982832,12.07056151610139,24.144085299864265,12004.730379560082,12136.246029371681,131.51564981159936,1.0955318916243648,4,TIME,2025
LLY,2025-11-17,2025-11-20,998.8941854985958,999.3936325913451,1038.2740478515625,1037.7549108276369,11.98330025531499,11982.024985084583,5.991012492542292,6.217864343937603,12.205999305410142,24.414876141890037,11982.024985084583,12429.510823531267,447.4858384466843,3.73464284212161,3,TIME,2025
LLY,2025-11-20,2025-11-24,1040.4733836088883,1040.9936203006928,1065.014892578125,1064.482385131836,11.590355748974135,12071.52215277392,6.03576107638696,6.168864766097237,12.201679073150014,24.406304915634212,12071.52215277392,12331.560667428377,260.0385146544577,2.1541485105480533,4,TIME,2025
GOOGL,2025-11-21,2025-11-24,295.6511046778972,295.7989302302361,317.7535705566406,317.5946937713623,40.892021343376484,12101.867101873682,6.050933550936842,6.4935444981208335,12.541678535908165,25.086156584965842,12101.867101873682,12980.595451743546,878.7283498698635,7.261097337069695,3,TIME,2025
AVGO,2025-11-24,2025-11-28,345.79212752621737,345.96502358998043,400.7143249511719,400.51396778869633,35.5328575136113,12299.275525678786,6.149637762839393,7.115702874823426,13.262753704432003,26.52809434209482,12299.275525678786,14224.290046772028,1925.0145210932424,15.651446437427479,4,TIME,2025
GOOGL,2025-11-24,2025-11-28,310.322914576409,310.47807603369716,319.3494873046875,319.1898125610352,40.27400615700872,12510.451171383032,6.255225585691516,6.427526238168795,12.67971509512598,25.362466918986293,12510.451171383032,12848.624950099422,338.1737787163893,2.7031301596056196,4,TIME,2025
MRK,2025-11-24,2025-11-28,96.86086916585644,96.90929960043937,102.44072723388672,102.38950687026978,129.62139793503522,12567.802788508356,6.283901394254178,6.635935507201632,12.916875768008001,25.83671266946381,12567.802788508356,13265.235078896061,697.4322903877055,5.549357370768245,4,TIME,2025
TSLA,2025-11-28,2025-12-01,426.5899963378906,426.80329133605954,430.1400146484375,429.9249446411133,30.18944372139563,12891.399643718252,6.445699821859126,6.489597460333511,12.932101225549449,25.867398507742084,12891.399643718252,12972.705323206688,81.305679488436,0.6306970673122744,3,TIME,2025
AVGO,2025-11-28,2025-12-01,397.1244577834378,397.3230200123295,383.9284057617188,383.73644155883795,32.47731072208528,12910.43839717632,6.45521919858816,6.231363823946849,12.683248269865024,25.369831292400033,12910.43839717632,12456.496284069752,-453.9421131065683,-3.516085969674363,3,TIME,2025
GOOGL,2025-11-28,2025-12-01,322.5312152935296,322.69248090117634,314.0732116699219,313.91617506408693,40.052714653807165,12931.175446187028,6.465587723093514,6.286597492528226,12.748867730256638,25.501052945878378,12931.175446187028,12566.908387563923,-364.2670586231052,-2.816967878434558,3,TIME,2025
MRK,2025-11-28,2025-12-01,102.45049394695296,102.50171919392643,99.50910186767578,99.45934731674195,125.81888074436493,12903.103134920473,6.451551567460236,6.256931879478764,12.705165150488643,25.413648597427645,12903.103134920473,12507.606827078049,-395.49630784242436,-3.065125526060999,3,TIME,2025
AVGO,2025-12-01,2025-12-04,392.64955094985896,392.8458757253339,378.9065551757813,378.71710189819345,32.22278253650339,12664.919683701519,6.33245984185076,6.101659408660141,12.430842311197601,24.8649615617085,12664.919683701519,12197.217157911622,-467.70252578989675,-3.6928976848687243,3,TIME,2025
TSLA,2025-12-01,2025-12-04,425.3200073242188,425.5326673278809,454.5299987792969,454.30273377990727,29.609667901044375,12606.184052650475,6.3030920263252375,6.725876536879814,13.026033241727134,26.055001804932186,12606.184052650475,13445.027197222747,838.8431445722726,6.6542193979462345,3,TIME,2025
GOOGL,2025-12-01,2025-12-04,316.8759202886677,317.03435824881205,316.79608154296875,316.63768350219726,39.82499500962616,12632.207839058501,6.316103919529251,6.305047082667296,12.61799215534275,25.239143157539296,12632.207839058501,12603.789118251925,-28.418720806575948,-0.2249703390622335,3,TIME,2025
MRK,2025-12-01,2025-12-04,102.33323265910175,102.38439927543129,98.5905303955078,98.54123513031006,123.07593245027353,12607.35908872918,6.30367954436459,6.064027199232281,12.364439744678974,24.732146488275845,12607.35908872918,12121.990371265329,-485.36871746385077,-3.8498841355106976,3,TIME,2025
AVGO,2025-12-04,2025-12-05,378.5584996226792,378.7477788724905,388.0652160644531,387.8711834564209,33.34692064001794,12636.390319803908,6.318195159901954,6.467154786635554,12.78227010388581,25.56762005042332,12636.390319803908,12927.842418484472,291.4520986805637,2.3064505867929417,1,FINAL,2025
TSLA,2025-12-04,2025-12-05,449.9400024414063,450.164972442627,455.0,454.77250000000004,28.05608677100748,12636.185620928998,6.318092810464499,6.379568360534,12.69453761552472,25.392198786523217,12636.185620928998,12752.757152707465,116.57153177846703,0.9225215209358156,1,FINAL,2025
GOOGL,2025-12-04,2025-12-05,321.39413892489085,321.55483599435325,320.4366455078125,320.2764271850586,39.34969712775218,12659.415113898775,6.329707556949387,6.301390203445315,12.627923487345473,25.259021247740176,12659.415113898775,12596.479016687184,-62.936097211590095,-0.49714853842254164,1,FINAL,2025
MRK,2025-12-04,2025-12-05,99.77295137120343,99.82283784688903,97.44718933105467,97.39846573638916,126.36775297282826,12620.698063113921,6.310349031556961,6.154012629054251,12.461133010762806,24.925494671374018,12620.698063113921,12301.871245479448,-318.8268176344736,-2.52622173543869,1,FINAL,2025
BA,2025-12-04,2025-12-05,202.8500061035156,202.95143110656736,201.88999938964844,201.78905438995363,61.99511377860704,12588.291208587065,6.294145604293533,6.25496769309135,12.545951345650145,25.09506464303503,12588.291208587065,12503.680418489608,-84.61079009745663,-0.6721388049852203,1,FINAL,2025
