Ticker,Entry_Date,Exit_Date,Entry_Price,Exit_Price,Shares,Allocation,PnL,Return_pct,Holding_Days,Exit_Reason,Exit_Year
TSLA,2022-01-03,2022-01-06,382.5833435058594,354.8999938964844,5.227619116066848,2000.0,-144.71800761473048,-7.235900380736526,3,TIME,2022
NVDA,2022-01-03,2022-01-06,29.72110791823675,28.089256286621094,67.90234276140727,2018.1328571128875,-110.80654882572803,-5.490547782084398,3,TIME,2022
AMD,2022-01-03,2022-01-06,145.13999938964844,136.22999572753906,13.933274072682199,2022.2753904048986,-124.145523012772,-6.138902921026778,3,TIME,2022
TSLA,2022-01-06,2022-01-10,359.0,352.7066650390625,5.359515276070624,1924.065984109354,-33.72922486057386,-1.7530180949686613,4,TIME,2022
COP,2022-01-21,2022-01-24,71.73801876249225,70.1412353515625,26.726694885246786,1917.3201391372395,-42.67674302174295,-2.2258537919987997,3,TIME,2022
COP,2022-01-25,2022-01-28,70.22571326253696,75.37940979003906,27.180710623713424,1908.7847905328908,140.08113395647146,7.338759961376473,3,TIME,2022
V,2022-01-28,2022-01-31,212.8116854164778,218.1455078125,9.101008779352588,1936.8010173241853,48.54316445370562,2.5063578560471367,3,TIME,2022
COP,2022-01-28,2022-01-31,74.33177130278283,74.87249755859375,26.230000366644095,1949.7223885252986,14.18324988817462,0.7274497113869849,3,TIME,2022
V,2022-01-31,2022-02-03,217.5475100640139,223.3249664306641,8.960554407719771,1949.346300192561,51.7692121115961,2.655721669694211,3,TIME,2022
MA,2022-02-01,2022-02-04,375.48260239896206,372.0173950195313,5.222925180490977,1961.1175389058208,-18.098518877652022,-0.9228676261673674,3,TIME,2022
MS,2022-02-01,2022-02-04,89.0279437165657,90.02233123779297,22.100062096374096,1967.5230844486,21.97602596698212,1.116938659611244,3,TIME,2022
UPS,2022-02-01,2022-02-04,178.50667879587238,178.33213806152344,11.043322232280843,1971.3067745570727,-1.927509572074247,-0.0977782655115833,3,TIME,2022
AVGO,2022-02-02,2022-02-07,55.28296703945002,54.23361206054688,34.32228594939082,1897.437802858751,-36.016261648330506,-1.8981524239723213,5,TIME,2022
COP,2022-02-03,2022-02-07,78.38716128316608,78.5223617553711,24.95907534057127,1956.4710642000537,3.3744787718457556,0.17247782671530043,4,TIME,2022
AMZN,2022-02-04,2022-02-07,155.60650634765625,157.9355010986328,12.535798817382501,1950.6518582499718,29.195809644982045,1.496720674245533,3,TIME,2022
MA,2022-02-04,2022-02-07,377.24432210210176,366.109130859375,5.184303044856729,1955.7488877288388,-57.728205864730334,-2.951718711279372,3,TIME,2022
GOOGL,2022-02-04,2022-02-07,142.09241348974794,137.88890075683594,13.725780603140178,1950.329292930956,-57.69649353445633,-2.958294978370035,3,TIME,2022
NVDA,2022-02-07,2022-02-10,24.29524762592509,25.742673873901367,79.69937320276499,1936.3160075921937,115.35896472093923,5.957651760798477,3,TIME,2022
AMD,2022-02-07,2022-02-10,123.55999755859376,125.7699966430664,15.71684028203441,1941.9727468769797,34.734202634098786,1.7886040208317633,3,TIME,2022
AMZN,2022-02-07,2022-02-10,158.52000427246094,159.0034942626953,12.252829087383361,1942.318519281744,5.924120215802447,0.3050025089599284,3,TIME,2022
MA,2022-02-07,2022-02-10,372.0174207509835,364.4154968261719,5.2171915816891845,1940.8861557837545,-39.660693505168766,-2.0434322428949048,3,TIME,2022
AVGO,2022-02-07,2022-02-10,54.46710957366001,54.57786178588867,35.25222144989386,1920.0866084262966,3.904261511550402,0.20333778145300574,3,TIME,2022
TSLA,2022-02-10,2022-02-14,302.7900085449219,291.9200134277344,6.474348965899905,1960.3681787076382,-70.37614164629991,-3.58994511391707,4,TIME,2022
NFLX,2022-02-10,2022-02-14,40.209999084472656,39.65700149536133,48.712245861766945,1958.7193615042559,-26.93775452175539,-1.37527381671807,4,TIME,2022
AMD,2022-02-10,2022-02-14,128.83999633789062,114.2699966430664,15.234259677233442,1962.7819610252316,-221.96315884816417,-11.308599898290527,4,TIME,2022
NVDA,2022-02-10,2022-02-14,25.91313678658992,24.190580368041992,75.38369988168076,1953.4281265132356,-129.85267608507985,-6.647425329994605,4,TIME,2022
AMZN,2022-02-10,2022-02-14,158.35000610351562,155.16700744628906,12.319911754393733,1950.8581015030213,-39.21426257138499,-2.0101032741014158,4,TIME,2022
UPS,2022-02-14,2022-02-17,169.52623566648103,167.16212463378906,10.98767617088897,1862.6993799731013,-25.976086459245227,-1.394539920855098,3,TIME,2022
NVDA,2022-02-15,2022-02-18,24.870431043038703,23.567546844482425,75.14639188267944,1868.9231574513424,-97.90704656246078,-5.238687645990591,3,TIME,2022
BA,2022-02-16,2022-02-22,216.1000061035156,198.7400054931641,8.740978144800604,1888.925430442107,-151.74338592880764,-8.033317963922581,6,TIME,2022
AMZN,2022-02-17,2022-02-22,158.14599609375,150.19749450683594,11.675772368949078,1846.476651451335,-92.80489520303911,-5.026053003708131,5,TIME,2022
AMD,2022-02-28,2022-03-03,120.30999755859376,111.9800033569336,14.870028538327414,1789.0130971423907,-123.86725150278862,-6.923775555396605,3,TIME,2022
COP,2022-03-01,2022-03-04,81.38826264410004,85.14136505126953,21.744432125328494,1769.7415528630418,81.60908055210402,4.611355845721032,3,TIME,2022
COP,2022-03-04,2022-03-07,82.88270642118606,85.99049377441406,21.4829068672535,1780.5614629522538,66.76430627262549,3.749620985390023,3,TIME,2022
COP,2022-03-07,2022-03-10,86.17730145908214,84.67435455322266,20.816552547291675,1793.914324206779,-31.286173241613476,-1.7440171372424595,3,TIME,2022
CAT,2022-03-08,2022-03-11,189.0159401939916,199.1774139404297,9.440499140056382,1784.4048208583263,95.92938416495416,5.3759877267542056,3,TIME,2022
XOM,2022-03-08,2022-03-11,76.57715135317999,73.025634765625,23.44218293918846,1795.1355909831682,-83.2553015570263,-4.637828026763636,3,TIME,2022
TSLA,2022-03-09,2022-03-14,279.82666015625,255.4566650390625,6.290879083694305,1760.3556834369876,-153.30869255244718,-8.70896114886971,5,TIME,2022
CRM,2022-03-09,2022-03-14,194.9768045779972,189.8357391357422,9.070461713932401,1768.5296410296032,-46.63183726279504,-2.6367574611668276,5,TIME,2022
COP,2022-03-10,2022-03-14,82.60249705918697,81.98265838623047,21.662289151928636,1789.359175967443,-13.427124561131528,-0.7503873309209652,4,TIME,2022
XOM,2022-03-11,2022-03-14,72.29469176679196,70.41143035888672,24.552821321028514,1775.038649408874,-46.2393808490859,-2.6049788191645606,3,TIME,2022
CVX,2022-03-11,2022-03-14,138.768520098444,139.46279907226562,12.817229662147694,1778.6279919781148,8.898733057072175,0.5003144613267452,3,TIME,2022
CVX,2022-03-14,2022-03-17,139.03618402359692,134.20956420898438,12.51508920405243,1740.0502456463646,-60.405577533922965,-3.471484670345515,3,TIME,2022
CAT,2022-03-14,2022-03-17,200.54032167180037,205.5468292236328,8.682134626141739,1741.1180707243407,43.467172571804554,2.4965091858314636,3,TIME,2022
PFE,2022-03-14,2022-03-17,39.568952432588524,42.3150634765625,43.967136855657834,1739.7335468386345,120.73864009123719,6.940065064023049,3,TIME,2022
ORCL,2022-03-15,2022-03-18,73.48834501161325,76.90618896484375,23.594566555120835,1733.925647402191,80.64254662951438,4.6508653211477125,3,TIME,2022
MS,2022-03-17,2022-03-21,77.99455277298165,80.07846069335938,22.72133312207404,1772.1402152620994,47.34916605463086,2.6718634139019315,4,TIME,2022
AMZN,2022-03-17,2022-03-21,152.6405029296875,161.4915008544922,11.704112893754436,1786.5216784485174,103.5930789343003,5.7985906459452785,4,TIME,2022
CAT,2022-03-17,2022-03-21,199.63168869251297,207.410400390625,9.003009253068278,1797.28594050434,70.03181339505309,3.8965315321724203,4,TIME,2022
NVDA,2022-03-18,2022-03-21,24.72511412706269,26.654346466064453,73.79455869191386,1824.578885613796,142.36684907080397,7.802723696592118,3,TIME,2022
TSLA,2022-03-18,2022-03-21,291.4966735839844,307.0533447265625,5.8462666801949155,1704.1672901617012,90.94844815560425,5.336826301071329,3,TIME,2022
AMD,2022-03-21,2022-03-24,113.7300033569336,120.52999877929688,16.42307762234229,1867.7966731201695,111.67685265304442,5.979069042161167,3,TIME,2022
NVDA,2022-03-21,2022-03-24,26.428023517702798,28.066125869750977,70.94703706549404,1874.9899640782087,116.21850828783514,6.198353618653685,3,TIME,2022
TSLA,2022-03-21,2022-03-24,304.99334716796875,337.97332763671875,6.15817154714875,1878.201352599446,203.09637734817773,10.813344217173015,3,TIME,2022
BA,2022-03-21,2022-03-24,184.3999938964844,189.0500030517578,10.199233072240398,1880.7385162699513,47.42652716268519,2.521697022334912,3,TIME,2022
NFLX,2022-03-21,2022-03-24,37.80199813842773,37.57099914550781,48.602109676985634,1837.256859533071,-11.227038389166925,-0.6110761449011681,3,TIME,2022
NVDA,2022-03-24,2022-03-28,26.088038001343623,28.134923934936523,75.17755526236486,1961.2349185326848,153.87988038843756,7.846070806426608,4,TIME,2022
AMD,2022-03-24,2022-03-28,114.95999908447266,120.23999786376952,17.318863051468153,1990.976480540886,91.44357577056135,4.5929008536413685,4,TIME,2022
TSLA,2022-03-24,2022-03-28,336.57666015625,363.9466552734375,5.972694874296776,2010.2696929231622,163.47262954595357,8.131875544929779,4,TIME,2022
BA,2022-03-24,2022-03-28,186.3500061035156,188.16000366210935,10.796554873982075,2011.9380666635006,19.54173796313101,0.9712892403063833,4,TIME,2022
NFLX,2022-03-24,2022-03-28,37.97600173950195,37.85100173950195,48.23455208813703,1831.7554340031893,-6.029319011017129,-0.32915524087406833,4,TIME,2022
NVDA,2022-03-28,2022-03-31,27.673304055239864,27.204708099365234,73.92310709919552,2045.6966194640981,-34.64006903237016,-1.693314086887654,3,TIME,2022
AMD,2022-03-28,2022-03-31,117.6999969482422,109.33999633789062,17.438585793063936,2052.521494625285,-145.78658787368283,-7.102804441046695,3,TIME,2022
TSLA,2022-03-28,2022-03-31,355.0333251953125,359.20001220703125,5.8061600224915395,2061.3802994012617,24.192451553676143,1.1736044804882884,3,TIME,2022
ADBE,2022-03-28,2022-03-31,433.4200134277344,455.6199951171875,4.779960960201634,2071.730743554638,106.11504579277705,5.122048129222945,3,TIME,2022
NFLX,2022-03-28,2022-03-31,37.52299880981445,37.45899963378906,53.224795555328456,1997.1539402752073,-3.4063430596608946,-0.1705598647639306,3,TIME,2022
NVDA,2022-03-31,2022-04-04,27.69923069159201,27.278488159179688,73.46743819704564,2034.991518940246,-30.9108759968708,-1.5189682958958062,4,TIME,2022
TSLA,2022-03-31,2022-04-04,364.8566589355469,381.8166809082031,5.5575942159305844,2027.7252573439532,94.25692001729,4.6484068626118535,4,TIME,2022
META,2022-03-31,2022-04-04,226.4613295729708,231.8539581298828,8.926194117678753,2021.4377879159613,48.135649303534365,2.381258013048271,4,TIME,2022
TSLA,2022-04-04,2022-04-07,363.1266784667969,352.4200134277344,5.665482542597454,2057.2878576050366,-60.658423868247084,-2.9484655559510187,3,TIME,2022
ADBE,2022-04-06,2022-04-11,448.239990234375,434.4400024414063,4.552946343814271,2040.8126246889422,-62.83060396667838,-3.078705178838015,5,TIME,2022
META,2022-05-04,2022-05-09,208.8162478551521,194.50196838378903,9.7338692410946,2032.5900520380515,-139.33332465473296,-6.854964409327168,5,TIME,2022
AMD,2022-05-04,2022-05-09,98.18000030517578,86.36000061035156,20.95350025328359,2057.2146612618835,-247.67036659931122,-12.039111487149889,5,TIME,2022
COP,2022-05-06,2022-05-09,88.71727644212284,82.78121948242188,22.627061815320705,2007.4112981428088,-134.31552776641837,-6.690981957244269,3,TIME,2022
XOM,2022-05-06,2022-05-09,78.23682899879181,72.63006591796875,25.83153989114041,2020.9777692386212,-144.8313241824541,-7.166398680229791,3,TIME,2022
COP,2022-05-09,2022-05-12,89.5689400692601,84.82520294189453,21.205564584428142,1899.3599433974684,-100.59362402590007,-5.296185400538866,3,TIME,2022
META,2022-05-10,2022-05-13,197.77323719295447,196.89096069335935,9.472778690698886,1873.4621068719557,-8.357610024669075,-0.44610510103262335,3,TIME,2022
AMD,2022-05-13,2022-05-16,88.30000305175781,94.23999786376952,21.263529237782713,1877.5696965873549,126.30525335748851,6.7270607097600355,3,TIME,2022
COP,2022-05-13,2022-05-16,85.8727290393386,90.25341796875,22.202312311472713,1906.5731491698677,97.26142375020308,5.101373833600409,3,TIME,2022
XOM,2022-05-13,2022-05-16,75.89338819946808,79.01216888427734,25.225375456362833,1914.4392119870788,78.67241374036614,4.109423440962057,3,TIME,2022
AVGO,2022-05-13,2022-05-16,53.617300116059255,54.13947677612305,35.828240479540604,1921.0135224218714,18.708670949568866,0.9738958487903959,3,TIME,2022
CVX,2022-05-13,2022-05-16,139.27879109156473,144.72445678710938,12.695780089074113,1768.2529027706003,69.13697410924966,3.9099030461605233,3,TIME,2022
COP,2022-05-16,2022-05-19,88.18315155903028,89.49203491210938,22.17642042947002,1955.58664376873,29.026347531016498,1.484278266243333,3,TIME,2022
XOM,2022-05-16,2022-05-19,77.30075083523664,79.17723083496094,25.417202836970425,1964.7688634293206,47.69487277251064,2.4275055280173596,3,TIME,2022
CVX,2022-05-16,2022-05-19,141.37005938148323,140.7282257080078,13.959594867554191,1973.4687553675847,-8.959738054070895,-0.45400962288870694,3,TIME,2022
AMD,2022-05-17,2022-05-20,97.87999725341795,93.5,20.393403549823148,1996.1062834445338,-89.32305153606936,-4.474864503804432,3,TIME,2022
AMD,2022-05-23,2022-05-26,91.66000366210938,98.75,21.28817643412368,1951.2743299114072,150.9330929583064,7.735103703494062,3,TIME,2022
NFLX,2022-05-23,2022-05-26,18.614999771118164,19.13999938964844,105.60262549120327,1965.7928493482261,55.44133809867742,2.8203041900910053,3,TIME,2022
COP,2022-05-23,2022-05-26,90.71537499901255,96.7978744506836,21.699931141596753,1968.5173909627001,131.9898192700616,6.705036992612601,3,TIME,2022
ADBE,2022-05-23,2022-05-26,404.010009765625,408.6000061035156,4.899832725971546,1979.5814674696933,22.490214268486035,1.1361095584125236,3,TIME,2022
MA,2022-05-23,2022-05-26,330.45554060032543,341.0408935546875,5.723025882481289,1891.2056118650087,60.58024893301388,3.203260848685452,3,TIME,2022
NVDA,2022-05-26,2022-05-31,15.988218897337006,18.61637115478516,127.31632495700687,2035.5612726171164,334.6066868457603,16.43805526008839,5,TIME,2022
AMD,2022-05-26,2022-05-31,91.33999633789062,101.86000061035156,22.79000976848006,2081.6394087934605,239.75100013383675,11.517412627809476,5,TIME,2022
NFLX,2022-05-26,2022-05-31,18.64900016784668,19.74399948120117,113.43311710670157,2115.4142199622497,124.20918534349752,5.871624770760686,5,TIME,2022
COP,2022-05-26,2022-05-31,96.35301976574593,96.12201690673828,22.070437850080122,2126.553334407437,-5.098334242919064,-0.23974636142101158,5,TIME,2022
ADBE,2022-05-26,2022-05-31,405.0899963378906,416.4800109863281,4.4894668931502535,1818.6381273053175,51.13509367665658,2.811724493669532,5,TIME,2022
AMD,2022-05-31,2022-06-03,102.43000030517578,106.3000030517578,21.326583934981212,2184.4819989684825,82.5339384035892,3.778192653570134,3,TIME,2022
NVDA,2022-05-31,2022-06-03,18.923452187686586,18.664226531982425,115.30933933510386,2182.050769701566,-29.8911390979558,-1.369864510624741,3,TIME,2022
BA,2022-05-31,2022-06-03,131.02999877929688,139.25,16.599014941301952,2174.9689074963253,136.44392307997146,6.273373500177359,3,TIME,2022
NFLX,2022-05-31,2022-06-03,19.618000030517575,19.89800071716309,110.92859695212223,2176.1972183920057,31.0600833152178,1.4272641768271477,3,TIME,2022
AMZN,2022-05-31,2022-06-03,116.27999877929688,122.3499984741211,18.73918670212593,2178.9926068482196,113.74685756315846,5.220158031086042,3,TIME,2022
NVDA,2022-06-03,2022-06-06,19.025149434663984,18.73003196716309,118.33077786603151,2251.260731621279,-34.921479491234095,-1.5511965806859207,3,TIME,2022
AMD,2022-06-03,2022-06-06,105.8000030517578,105.6500015258789,21.19772220572939,2242.719074056484,-3.179690676016282,-0.14177837575818364,3,TIME,2022
NFLX,2022-06-03,2022-06-06,20.013999938964844,19.714000701904297,112.16342825636902,2244.838846277057,-33.64894290300609,-1.498946927028233,3,TIME,2022
BA,2022-06-03,2022-06-06,138.52000427246094,139.24000549316406,16.187096470111523,2242.2366721985854,11.654729218119543,0.5197814023214509,3,TIME,2022
CRM,2022-06-03,2022-06-06,181.8538619646943,179.7600860595703,12.342877683220436,2244.5999744514747,-25.843219893019402,-1.151350805808271,3,TIME,2022
TSLA,2022-06-06,2022-06-09,244.35333251953125,239.7066650390625,9.142797390306422,2234.073010872248,-42.483539314051406,-1.9016182151300631,3,TIME,2022
NVDA,2022-06-06,2022-06-09,19.081980946985432,17.998035430908203,116.49563874285793,2222.967558898113,-126.27492525787356,-5.680466399629591,3,TIME,2022
AMD,2022-06-06,2022-06-09,108.2699966430664,98.8000030517578,20.455966780507755,2214.7674546562525,-193.7178743154302,-8.746646240812517,3,TIME,2022
NFLX,2022-06-06,2022-06-09,20.208999633789062,19.277000427246094,109.06272393387891,2204.0485480397965,-101.64637216979,-4.6118027781280375,3,TIME,2022
CRM,2022-06-06,2022-06-09,185.71702657326975,183.92796325683597,11.809640732124064,2193.2513616686538,-21.128195014105366,-0.963327568529615,3,TIME,2022
TSLA,2022-06-09,2022-06-13,249.33999633789065,215.73666381835935,8.5707181400694,2137.0228296579976,-288.00469159193096,-13.476912253577677,4,TIME,2022
NVDA,2022-06-09,2022-06-13,18.429837257031576,15.603680610656738,115.05852637882202,2120.5099161955645,-325.1734190476024,-15.33468042587608,4,TIME,2022
AMD,2022-06-09,2022-06-13,101.56999969482422,86.98999786376953,20.77949617186842,2110.5734198352766,-302.96509223423544,-14.354634119190269,4,TIME,2022
AMZN,2022-06-09,2022-06-13,119.98999786376952,103.66999816894533,17.493638055484475,2099.061592907139,-285.4961677268715,-13.601133415597754,4,TIME,2022
CRM,2022-06-09,2022-06-13,185.323812597815,163.20645141601562,11.25395847655813,2085.6264916932505,-248.90786435100875,-11.93444105847201,4,TIME,2022
BA,2022-06-24,2022-06-27,135.00999450683594,138.72000122070312,13.679827107719447,1846.913382667668,50.752250414181496,2.7479496813692217,3,TIME,2022
TSLA,2022-06-27,2022-06-30,249.36666870117188,224.47332763671875,7.447121311051854,1857.0638327505044,-185.3837307443711,-9.982625662888422,3,TIME,2022
BA,2022-06-27,2022-06-30,140.27999877929688,136.72000122070312,13.191052679470411,1850.4408537737502,-46.96011533419621,-2.5377798614004243,3,TIME,2022
NFLX,2022-06-28,2022-07-01,18.920000076293945,17.9950008392334,96.61823943428203,1828.0170974680027,-89.37179776284412,-4.889002290330524,3,TIME,2022
PLD,2022-06-28,2022-07-01,107.57592449277683,106.12588500976562,16.820365568436376,1809.466376331015,-24.39019419291504,-1.347921934994456,3,TIME,2022
ORCL,2022-06-28,2022-07-01,66.70545422341407,66.989013671875,27.005374895415184,1801.405798872253,7.657629210824696,0.4250918485784183,3,TIME,2022
AMT,2022-06-30,2022-07-05,219.74890133069468,223.53057861328125,8.042695633431354,1767.3735291837156,30.414879367705563,1.720908391207665,5,TIME,2022
TSLA,2022-07-01,2022-07-05,227.0,233.0666656494141,7.924727468551241,1798.9131353611317,48.076671914428104,2.6725399336625877,4,TIME,2022
AMZN,2022-07-01,2022-07-05,106.29000091552734,113.5,16.92850214843397,1799.3305088555535,122.05448499170232,6.783327709445319,4,TIME,2022
CRM,2022-07-01,2022-07-05,161.9580378210926,169.271484375,11.178214815710001,1810.401737895058,81.75127662279093,4.515642849406598,4,TIME,2022
PLD,2022-07-01,2022-07-05,104.23378027381214,107.36371612548828,16.989233614877087,1770.8520436335616,53.175211383705175,3.0028037393003526,4,TIME,2022
TSLA,2022-07-05,2022-07-08,223.0,250.76333618164065,8.324971730232603,1856.4686958418706,231.12898884910243,12.449926538852306,3,TIME,2022
NFLX,2022-07-05,2022-07-08,17.628000259399414,18.697999954223636,106.2644434800744,1873.229637231686,113.70292209434544,6.069886992732987,3,TIME,2022
AMZN,2022-07-05,2022-07-08,107.5999984741211,115.54000091552734,17.59881429159776,1893.6323909222592,139.7346284411414,7.379184529743177,3,TIME,2022
CRM,2022-07-05,2022-07-08,163.27523278812495,172.51539611816406,11.724980969044505,1914.3989971570766,108.34073919557146,5.659255952205355,3,TIME,2022
GOOGL,2022-07-05,2022-07-08,106.09097773944876,118.22846221923828,16.44450635888281,1744.6137580564598,199.59494070874018,11.44063777939557,3,TIME,2022
TSLA,2022-07-08,2022-07-11,242.3333282470703,234.3433380126953,8.314865950445306,2014.9691396996507,-66.4356977441952,-3.2971074561518154,3,TIME,2022
META,2022-07-08,2022-07-11,168.50029685970665,161.46214294433594,12.041450695938028,2028.988016887079,-84.74958336235964,-4.176938584998857,3,TIME,2022
GOOGL,2022-07-08,2022-07-11,116.14478965989431,114.58612823486328,17.487970297886683,2031.1366318265282,-27.257824705404442,-1.3419985774611565,3,TIME,2022
BA,2022-07-12,2022-07-15,136.86000061035156,147.74000549316406,14.462081760268193,1979.280518537259,157.34752016735152,7.949733183027319,3,TIME,2022
TSLA,2022-07-15,2022-07-18,240.0,240.54666137695312,8.378125094044705,2010.7500225707292,4.579997400196008,0.22777557373045987,3,TIME,2022
AMD,2022-07-15,2022-07-18,79.36000061035156,81.43000030517578,25.338479255738438,2010.861729200783,52.45064432668836,2.6083665308770376,3,TIME,2022
NFLX,2022-07-15,2022-07-18,17.558000564575195,19.09199905395508,115.03190181091999,2019.7301969402915,176.45876360844667,8.73674928838346,3,TIME,2022
AMZN,2022-07-15,2022-07-18,112.5,113.76000213623048,18.22984711496193,2050.857800433217,22.96964630800714,1.1200018988715366,3,TIME,2022
BA,2022-07-15,2022-07-18,149.1699981689453,147.72000122070312,13.149764616119619,1961.5503637086254,-19.067118563476548,-0.9720432835294224,3,TIME,2022
TSLA,2022-07-18,2022-07-21,244.9366607666016,271.7066650390625,8.403104715908466,2058.228409186702,224.95114914680605,10.92935789549685,3,TIME,2022
NVDA,2022-07-18,2022-07-21,16.25686691896844,18.00002670288086,126.15287401282593,2050.8504842719035,219.90461660412814,10.722605976914945,3,TIME,2022
AMD,2022-07-18,2022-07-21,82.20999908447266,91.08999633789062,24.884967722759914,2045.793173705224,220.97844502950284,10.801602423439483,3,TIME,2022
NFLX,2022-07-18,2022-07-21,19.25,22.38800048828125,106.07330518524182,2041.9111248159052,332.8580834648949,16.301301237824674,3,TIME,2022
BA,2022-07-18,2022-07-21,153.30999755859375,161.41000366210938,13.29697489247503,2038.559188302029,107.70557778734177,5.2834167585319225,3,TIME,2022
TSLA,2022-07-21,2022-07-25,255.10667419433597,268.4333190917969,8.935509001449116,2279.507983593236,119.08035544037789,5.22394991802877,4,TIME,2022
NFLX,2022-07-21,2022-07-25,21.43000030517578,21.85099983215332,107.7542615134228,2309.1738571166416,45.364493126965044,1.9645334623530575,4,TIME,2022
NVDA,2022-07-21,2022-07-25,17.835484504614854,16.976871490478516,130.62833123293407,2329.8195775686922,-112.15918521150952,-4.814071711447909,4,TIME,2022
AMD,2022-07-21,2022-07-25,89.5999984741211,87.54000091552734,26.050428480735143,2334.1183521240696,-53.66381907063548,-2.299104457226897,4,TIME,2022
BA,2022-07-21,2022-07-25,158.88999938964844,156.63999938964844,13.499403082654183,2144.9201475635414,-30.373656935971912,-1.4160740189080645,4,TIME,2022
NVDA,2022-07-25,2022-07-28,16.971884267154362,17.934207916259766,133.93666756627113,2273.157621063081,128.89042268139139,5.670104945081356,3,TIME,2022
NFLX,2022-07-25,2022-07-28,22.131000518798828,22.601999282836918,102.71976694169607,2273.2912154775704,48.38088327181945,2.128230775820583,3,TIME,2022
TSLA,2022-07-25,2022-07-28,272.2166748046875,280.8999938964844,8.329904463234504,2267.538894422422,72.33121845844816,3.1898556905182396,3,TIME,2022
AMD,2022-07-25,2022-07-28,86.56999969482422,91.66999816894533,26.12031770897479,2261.2358960946594,133.21358045933,5.891184581378739,3,TIME,2022
COP,2022-07-25,2022-07-28,77.12534147917349,81.09107208251953,29.384676951079843,2266.3032441072314,116.53171265433451,5.141929393488565,3,TIME,2022
NFLX,2022-07-28,2022-08-01,22.459999084472656,22.621000289916992,105.65571154491711,2373.0271845681455,17.010696920810695,0.7168353161494112,4,TIME,2022
NVDA,2022-07-28,2022-08-01,17.925233960102176,18.38994598388672,132.55212268114468,2376.0278109676847,61.59856518809174,2.5925018597742877,4,TIME,2022
TSLA,2022-07-28,2022-08-01,280.0666809082031,297.27667236328125,8.48464268098373,2376.2657143551914,146.02062803912116,6.144962120902564,4,TIME,2022
BA,2022-07-28,2022-08-01,154.02000427246094,169.07000732421875,15.437473840985492,2377.6797869445895,232.33402841826305,9.771459962521757,4,TIME,2022
AMD,2022-07-28,2022-08-01,90.41999816894533,96.77999877929688,26.124037534170064,2362.135426005116,166.14889466216837,7.033842887795916,4,TIME,2022
NFLX,2022-08-01,2022-08-04,22.309999465942383,22.99099922180176,111.95203079348593,2497.6497472138362,76.23930563832555,3.0524418294987754,3,TIME,2022
NVDA,2022-08-01,2022-08-04,18.131662250640616,19.16179847717285,138.1347803282529,2504.6131819783172,142.2976413602057,5.681421881194804,3,TIME,2022
TSLA,2022-08-01,2022-08-04,301.27667236328125,308.6333312988281,8.337017119933195,2511.74877532918,61.33259149116381,2.4418282629848465,3,TIME,2022
AMZN,2022-08-01,2022-08-04,134.9600067138672,142.57000732421875,18.56164076032041,2505.0791616332335,141.25409751516477,5.638707937000742,3,TIME,2022
AMD,2022-08-01,2022-08-04,95.58999633789062,103.91000366210938,25.830714138607753,2469.157869914615,214.91173082301734,8.703847309303448,3,TIME,2022
NVDA,2022-08-04,2022-08-08,18.796812618454407,17.743738174438477,139.64371906343152,2624.8568205794118,-147.0552318130399,-5.602409649932028,4,TIME,2022
AMD,2022-08-04,2022-08-08,97.5,100.06999969482422,27.02615812433654,2635.0504171228126,69.45721813181599,2.6358971228966244,4,TIME,2022
TSLA,2022-08-04,2022-08-08,311.0,290.42333984375,8.5842378509092,2669.6979716327614,-176.63494495857648,-6.616289439308687,4,TIME,2022
AMZN,2022-08-04,2022-08-08,140.5800018310547,139.41000366210938,18.961692470506712,2665.6347622237295,-22.18514547059697,-0.8322650118836816,4,TIME,2022
COP,2022-08-05,2022-08-08,76.05630302851777,80.72036743164062,33.25226221408714,2529.044131338343,155.09069251603086,6.132383796480401,3,TIME,2022
TSLA,2022-08-08,2022-08-11,295.0,286.6300048828125,8.8155638585103,2600.5913382605386,-73.78622645098581,-2.8372864804025455,3,TIME,2022
AMD,2022-08-08,2022-08-11,100.05999755859376,98.12000274658205,25.909676529515895,2592.5221702873146,-50.26463804816263,-1.9388315604102258,3,TIME,2022
NFLX,2022-08-08,2022-08-11,22.749000549316406,24.270000457763672,113.9643034026867,2592.5740007101813,173.33969504174286,6.686007612290346,3,TIME,2022
AMZN,2022-08-08,2022-08-11,142.0500030517578,140.63999938964844,18.34741055840504,2606.24972581329,-25.869916077575322,-0.9926107932539896,3,TIME,2022
BA,2022-08-08,2022-08-11,166.41000366210938,167.8800048828125,15.60340266893071,2596.562295278127,22.937020970450543,0.8833610890892851,3,TIME,2022
AMD,2022-08-11,2022-08-15,99.93000030517578,101.01000213623048,26.116907008679927,2609.8625253476325,28.206307390859696,1.0807583586075031,4,TIME,2022
META,2022-08-11,2022-08-15,178.14559139095888,179.3153533935547,14.597095541118511,2600.408217762886,17.075127712261057,0.6566325854388655,4,TIME,2022
AMZN,2022-08-11,2022-08-15,143.86000061035156,143.17999267578125,18.03130482624048,2593.9835233083904,-12.261430352499495,-0.4726872874219801,4,TIME,2022
NFLX,2022-08-11,2022-08-15,24.468000411987305,24.910999298095703,105.54075997697664,2582.3713585981177,46.75443910883449,1.810523453691637,4,TIME,2022
COP,2022-08-11,2022-08-15,84.59129689124832,87.26659393310547,30.47821750249131,2578.1919454692834,81.5382851254938,3.162614997257407,4,TIME,2022
META,2022-08-15,2022-08-18,177.40216128856045,173.1395721435547,14.893420981760025,2642.1250711446223,-63.48453460885135,-2.4027830969163277,3,TIME,2022
AMZN,2022-08-15,2022-08-18,142.8000030517578,142.3000030517578,18.542183540939078,2647.823866232354,-9.271091770469539,-0.35014004853961556,3,TIME,2022
COP,2022-08-15,2022-08-18,85.20552158225884,90.82585906982422,31.092269426990114,2649.233033702813,174.7490474339955,6.596212760858955,3,TIME,2022
NFLX,2022-08-15,2022-08-18,24.81100082397461,24.517000198364254,107.29312114240514,2662.0497170710214,-31.54424473955473,-1.184960766783194,3,TIME,2022
COP,2022-08-18,2022-08-22,88.89468741669785,91.13761138916016,29.880468491401732,2656.214906407646,67.01961908776958,2.5231248769102432,4,TIME,2022
NFLX,2022-08-18,2022-08-22,24.19599914550781,22.65399932861328,110.25606973744185,2667.7557691541924,-170.0148393466456,-6.3729536756113365,4,TIME,2022
COP,2022-08-22,2022-08-25,89.77799503632431,97.06102752685548,29.357036334900297,2635.6158623558713,213.80824945278295,8.112269033836682,3,TIME,2022
DIS,2022-08-22,2022-08-25,114.11758929007378,113.88489532470705,23.165567553048223,2643.5987236902165,-5.390487773889769,-0.20390718627542048,3,TIME,2022
NFLX,2022-09-12,2022-09-15,23.36100006103516,23.538000106811523,114.60551379207585,2677.29941469165,20.2851811874211,0.7576732387907903,3,TIME,2022
TSLA,2022-09-12,2022-09-15,300.7200012207031,303.75,8.925220675728529,2683.9923725001277,27.043407752412673,1.0075813936543332,3,TIME,2022
NFLX,2022-09-15,2022-09-19,23.04700088500977,24.363000869750977,116.57764695219595,2686.7651324796166,153.41618161025573,5.710070439564907,4,TIME,2022
TSLA,2022-09-15,2022-09-19,301.8299865722656,309.07000732421875,8.939512836045528,2698.213039266218,64.72225844532096,2.398708237764735,4,TIME,2022
COP,2022-09-15,2022-09-19,99.71099713032972,97.74519348144533,27.094763004641177,2701.64583620274,-53.26298398018138,-1.971501344345139,4,TIME,2022
NFLX,2022-09-19,2022-09-22,24.5049991607666,23.70499992370605,110.98715841007245,2719.7402236946955,-88.78964205157642,-3.2646368678166615,3,TIME,2022
TSLA,2022-09-19,2022-09-22,300.0899963378906,288.5899963378906,9.052578424747395,2716.5882263309136,-104.10465188459504,-3.8321837249954194,3,TIME,2022
NFLX,2022-09-28,2022-10-03,22.9689998626709,23.90399932861328,116.7295651067886,2681.161364907461,109.14208103453394,4.070701691552281,5,TIME,2022
COP,2022-10-05,2022-10-10,102.1198872017088,102.60303497314452,26.468789333613152,2702.9897811143683,12.788336579136503,0.47311819928022025,5,TIME,2022
CRM,2022-10-05,2022-10-10,149.6116413620317,143.1632080078125,18.05676122753365,2701.5016849336034,-116.43782136879983,-4.310114704654033,5,TIME,2022
LLY,2022-10-06,2022-10-10,317.81634343916875,313.89141845703125,8.561778042538217,2721.07299081726,-33.60433653067453,-1.2349663770166552,4,TIME,2022
COP,2022-10-10,2022-10-13,104.19302844877318,107.82101440429688,25.67867597941774,2675.539016850301,93.1618758097713,3.4819853204549167,3,TIME,2022
XOM,2022-10-10,2022-10-13,89.02539789360773,89.35871124267578,29.96193552073767,2667.37323139629,9.986713072978027,0.37440253787619504,3,TIME,2022
CVX,2022-10-10,2022-10-13,137.01975048956982,140.6622314453125,19.36541035467397,2653.443694925559,70.5381384170421,2.6583619826544336,3,TIME,2022
LLY,2022-10-10,2022-10-13,316.1591783028604,321.84796142578125,8.35250256584935,2640.720347991464,47.51557563075667,1.799341443591218,3,TIME,2022
BA,2022-10-13,2022-10-17,126.5,136.08999633789062,21.500233023212733,2719.7794774364106,206.18715595640518,7.58102477303606,4,TIME,2022
COP,2022-10-13,2022-10-17,100.58258403258571,103.97341918945312,27.29249554047105,2745.1497261584004,92.54435339727627,3.3711951124350437,4,TIME,2022
ADBE,2022-10-13,2022-10-17,279.7099914550781,293.5,9.955528143275526,2784.660691886387,137.2868181649797,4.930109386934989,4,TIME,2022
GE,2022-10-13,2022-10-17,38.93553804465776,41.95549774169922,72.28838095999309,2814.5870070545247,218.3079970635582,7.75630657415769,4,TIME,2022
XOM,2022-10-13,2022-10-17,85.56927770100252,88.26223754882812,29.621852056566244,2534.7204846463296,79.77045820656323,3.1471106455232434,4,TIME,2022
NKE,2022-10-17,2022-10-20,82.46401711156173,79.97711944580078,34.761814114828766,2866.5988339941673,-86.44907437978368,-3.0157367453934936,3,TIME,2022
BA,2022-10-17,2022-10-20,136.97999572753906,139.1300048828125,20.947704409346855,2869.4164604940834,45.03775626205749,1.569578932934057,3,TIME,2022
COP,2022-10-17,2022-10-20,105.22081750059418,107.00406646728516,27.234988662297074,2865.687771666312,48.566765389881716,1.6947682113198859,3,TIME,2022
JPM,2022-10-17,2022-10-20,105.68590275946444,106.34523010253906,27.050847097372518,2858.893195894053,17.83536314462848,0.6238555245870581,3,TIME,2022
GE,2022-10-17,2022-10-20,42.151121306635,42.77467346191406,67.87773464209533,2861.122626918541,42.325307731538956,1.4793251898162607,3,TIME,2022
NFLX,2022-10-20,2022-10-24,27.277999877929688,28.2450008392334,105.58186342518673,2880.0620576238325,102.09776342839268,3.5449848435775477,4,TIME,2022
BA,2022-10-20,2022-10-24,138.36000061035156,142.0500030517578,20.745202970778767,2870.3062956988174,76.54984960964184,2.6669575203298823,4,TIME,2022
BAC,2022-10-20,2022-10-24,30.73330626170574,31.71916389465332,93.4979481287819,2873.501074682931,92.17566582769669,3.2077825423422635,4,TIME,2022
JPM,2022-10-20,2022-10-24,107.2884512437602,112.06864166259766,26.73880973259576,2868.765484311781,127.8166020948718,4.455456634355559,4,TIME,2022
GE,2022-10-20,2022-10-24,43.25762352663302,44.84709167480469,66.20154157156736,2863.7213621856063,105.22524168786893,3.674423185067166,4,TIME,2022
NVDA,2022-10-24,2022-10-27,12.477077391333092,13.143425941467283,238.9049124776684,2980.8350821535273,159.1939420494303,5.340582006785133,3,TIME,2022
NFLX,2022-10-24,2022-10-27,29.02300071716309,29.694000244140625,102.85540121094995,2985.172383109498,69.01592555963205,2.3119577934638924,3,TIME,2022
AMZN,2022-10-24,2022-10-27,119.9800033569336,110.95999908447266,24.747191216181985,2969.168085192192,-223.21977050136928,-7.517923003908367,3,TIME,2022
CRM,2022-10-24,2022-10-27,158.43893902348137,157.03326416015625,18.735142858460843,2968.37615694789,-26.3355193769435,-0.8872029009969529,3,TIME,2022
BLK,2022-10-24,2022-10-27,553.471809742225,592.9120483398438,5.359665943337968,2966.4240092730347,211.38650360878088,7.1259706282037705,3,TIME,2022
NVDA,2022-10-27,2022-10-31,13.596304034739564,13.463630676269531,222.0341124108482,3018.8432984214332,-29.458011388460022,-0.9758045872690246,4,TIME,2022
NFLX,2022-10-27,2022-10-31,29.83300018310547,29.1879997253418,100.51729302859792,2998.732421327428,-64.83370001661045,-2.162036851154292,4,TIME,2022
BA,2022-10-27,2022-10-31,137.10000610351562,142.50999450683594,21.852209397760387,2995.9380418082505,118.22019942881084,3.9460161651893477,4,TIME,2022
CRM,2022-10-27,2022-10-31,159.0484045091754,159.82496643066406,18.909736163695623,3007.5633665252444,14.684581050122883,0.4882550842840061,4,TIME,2022
BLK,2022-10-27,2022-10-31,588.0242781794527,590.1073608398438,5.101731889959772,2999.94221205869,10.627329237939149,0.3542511317458308,4,TIME,2022
NVDA,2022-10-31,2022-11-03,13.743936087967768,13.38782024383545,220.36564770810338,3028.6913780837936,-78.47569865133639,-2.5910761069682375,3,TIME,2022
NFLX,2022-10-31,2022-11-03,29.51300048828125,26.9060001373291,102.2036862216195,3016.3374413628003,-266.4450458483653,-8.833396495850398,3,TIME,2022
AMT,2022-10-31,2022-11-03,177.3994596707176,177.11795043945312,16.965633332535702,3009.6941861633495,-4.775982397356912,-0.15868663398805882,3,TIME,2022
CRM,2022-10-31,2022-11-03,159.36295812133892,143.84144592285156,18.98955391599611,3026.2314854577958,-294.746592750967,-9.739723949319067,3,TIME,2022
BLK,2022-10-31,2022-11-03,601.1620294057699,579.052734375,5.036888565285436,3027.986151797709,-111.36205532700694,-3.677759730205221,3,TIME,2022
NVDA,2022-11-03,2022-11-07,13.010755424842651,14.265644073486328,221.1655057011101,2877.5303030887867,277.53808257586144,9.64500989886876,4,TIME,2022
BA,2022-11-03,2022-11-07,148.7899932861328,164.91000366210938,19.451637744199388,2894.2090493637147,313.56060226623146,10.834068891297498,4,TIME,2022
AMT,2022-11-03,2022-11-07,178.77186495110814,177.72496032714844,16.362619943421308,2925.1760827716225,-17.13010247886305,-0.585609275959631,4,TIME,2022
PLD,2022-11-03,2022-11-07,94.56595341281404,96.92388153076172,30.87542083048845,2919.763607856999,72.80202292967621,2.49342182133403,4,TIME,2022
CAT,2022-11-03,2022-11-07,199.76803394501596,215.8881378173828,13.870950309925416,2770.97247236281,223.60115980443692,8.0694110834588,4,TIME,2022
AMD,2022-11-07,2022-11-10,62.93000030517578,68.47000122070312,48.49204896408162,3051.6046561082553,268.64599565680896,8.803433797332595,3,TIME,2022
NVDA,2022-11-07,2022-11-10,14.19282459299917,15.711061477661133,215.11288414582012,3053.059432375777,326.5923150761997,10.69721446012133,3,TIME,2022
BA,2022-11-07,2022-11-10,161.39999389648438,177.5800018310547,18.935516912285742,3056.1923140696954,306.37681388597366,10.024788442648603,3,TIME,2022
NKE,2022-11-07,2022-11-10,88.7089238152279,91.63795471191406,34.601762166780325,3069.485083925551,101.34963046628573,3.3018446969180326,3,TIME,2022
AMT,2022-11-07,2022-11-10,180.02987329819993,194.33444213867188,16.81766330550581,3027.681794061997,240.5694224894868,7.945664004761022,3,TIME,2022
META,2022-11-10,2022-11-14,106.18750582793226,113.2257080078125,31.08003588455197,3300.311491623206,218.7475763134099,6.628088799152176,4,TIME,2022
AMD,2022-11-10,2022-11-14,64.30000305175781,73.52999877929688,51.78196483349487,3329.580496819736,477.94731417673563,14.354580543502383,4,TIME,2022
NVDA,2022-11-10,2022-11-14,14.76341034070044,16.25471305847168,228.45443963780866,3372.766636527749,340.6947267187695,10.101343005145292,4,TIME,2022
BA,2022-11-10,2022-11-14,172.13999938964844,173.5500030517578,19.844694263583634,3416.0656584210465,27.98109158509383,0.8191028622683838,4,TIME,2022
NKE,2022-11-10,2022-11-14,88.72735485711998,96.15120697021484,34.74501386510012,3082.833174724292,257.94184460193395,8.36703869404165,4,TIME,2022
META,2022-11-14,2022-11-17,110.02382205922324,110.47981262207033,32.40183748918896,3564.9740023023946,14.774932113975263,0.41444712091680547,3,TIME,2022
AMD,2022-11-14,2022-11-17,75.22000122070312,73.9000015258789,47.669813104822204,3585.7233999354157,-62.924138750692855,-1.754851998674134,3,TIME,2022
NVDA,2022-11-14,2022-11-17,16.177903764636575,15.6382417678833,220.64731202274515,3569.61097982971,-119.0749689844374,-3.3357968041133113,3,TIME,2022
BA,2022-11-14,2022-11-17,176.5,172.77999877929688,20.2436290803078,3573.0005326743267,-75.3063248902063,-2.1076494168289606,3,TIME,2022
NKE,2022-11-14,2022-11-17,96.8972769324438,97.0446548461914,36.44644316715224,3531.561096770125,5.371400757495526,0.15209706445140636,3,TIME,2022
AMD,2022-11-17,2022-11-21,70.55999755859375,72.45999908447266,49.85179002352739,3517.5421823516212,94.71847711249688,2.6927460198693076,4,TIME,2022
AMZN,2022-11-17,2022-11-21,95.37000274658205,92.45999908447266,37.23228599539753,3550.843217642591,-108.34608859531095,-3.051277737552205,4,TIME,2022
NVDA,2022-11-17,2022-11-21,15.676147926956387,15.279131889343262,226.26547316417398,3546.971028084372,-89.8310216042994,-2.532612217382979,4,TIME,2022
META,2022-11-17,2022-11-21,109.44887259042972,108.90364837646484,32.39188831434952,3545.25565708067,-17.660841845029132,-0.4981542532696226,4,TIME,2022
NFLX,2022-11-17,2022-11-21,29.472000122070312,28.5049991607666,116.28321160437447,3427.0988265988526,-112.44597740491295,-3.281083595611023,4,TIME,2022
AMD,2022-11-21,2022-11-25,72.20999908447266,75.13999938964844,48.065768396201854,3470.8290918842104,140.83271606937984,4.057610223409935,4,TIME,2022
NVDA,2022-11-21,2022-11-25,15.1095521073422,16.22977638244629,229.8699760012257,3473.232380304021,257.5059272341674,7.414013778474193,4,TIME,2022
NFLX,2022-11-21,2022-11-25,29.100000381469727,28.554000854492188,119.62297576478531,3481.0286403877963,-65.3140881832184,-1.876287009690969,4,TIME,2022
META,2022-11-21,2022-11-25,110.549193827482,110.44017791748048,31.35973549003964,3466.7934770669585,-3.4187101018535437,-0.09861303029640167,4,TIME,2022
ADBE,2022-11-21,2022-11-25,329.5299987792969,334.29998779296875,10.489098764467231,3456.472703050811,50.03288586982793,1.4475128308019558,4,TIME,2022
AMD,2022-11-25,2022-11-28,75.66999816894531,73.19000244140625,46.871374704452506,3546.756838061871,-116.2408090109247,-3.2773830944228033,3,TIME,2022
DIS,2022-11-25,2022-11-28,95.80254657519274,92.77749633789062,36.969669496275394,3541.788483786406,-111.83510748268849,-3.1575885458617003,3,TIME,2022
AMD,2022-12-01,2022-12-05,78.30999755859375,73.62000274658203,44.70874427168122,3501.1416547631484,-209.68377868574356,-5.989011567140623,4,TIME,2022
NVDA,2022-12-01,2022-12-05,16.961313400800822,16.573179244995117,205.98169331016504,3493.7200550613475,-79.94853064437058,-2.2883496497823064,4,TIME,2022
META,2022-12-01,2022-12-05,118.16235226083045,121.36424255371094,29.61442672462244,3499.310322637388,94.82214545878921,2.7097381116894637,4,TIME,2022
TSLA,2022-12-02,2022-12-05,191.77999877929688,182.4499969482422,18.20574455447302,3491.497668433027,-169.8596300289472,-4.864950406946134,3,TIME,2022
NFLX,2022-12-02,2022-12-05,31.048999786376957,31.25900077819824,112.81240741553849,3502.712413745725,23.690717447009625,0.6763534840610985,3,TIME,2022
NVDA,2022-12-05,2022-12-08,16.64202652808181,17.130935668945312,206.2817189769366,3432.9458394724957,100.85301800086039,2.937798110335388,3,TIME,2022
NFLX,2022-12-05,2022-12-08,31.645999908447266,31.025999069213867,108.38985850393354,3430.1054522920927,-67.2018032368281,-1.9591760128517932,3,TIME,2022
TSLA,2022-12-06,2022-12-09,181.22000122070312,179.0500030517578,18.655946050319045,3380.8305660121887,-40.48336876913486,-1.1974385577354307,3,TIME,2022
NFLX,2022-12-08,2022-12-12,30.910999298095703,31.51799964904785,110.33766336812657,3410.6474349256805,66.97500038769284,1.9637034218739746,4,TIME,2022
NVDA,2022-12-12,2022-12-15,16.999227301100692,16.91441535949707,202.65476469780208,3444.974408749014,-17.18754406924573,-0.49891645132675855,3,TIME,2022
NFLX,2022-12-12,2022-12-15,32.0,29.041000366210938,108.28481371895198,3465.1140390064634,-320.41472413929574,-9.24687385559082,3,TIME,2022
META,2022-12-12,2022-12-15,114.17735086937635,115.13890838623048,30.257098707042967,3454.6753753633984,29.093940699954494,0.8421613477038736,3,TIME,2022
BA,2022-12-13,2022-12-16,191.1100006103516,184.6999969482422,18.405007693667987,3517.381031570415,-117.97616671756354,-3.3540911734800116,3,TIME,2022
BA,2022-12-20,2022-12-23,186.17999267578125,189.05999755859372,18.045319809172057,3359.6775099037836,51.97060916232814,1.5468927898325768,3,TIME,2022
META,2022-12-21,2022-12-27,115.6840935735422,115.86254119873048,29.348188152455386,3395.1185444425714,5.2371144793845845,0.15425424505299823,6,TIME,2022
NKE,2022-12-21,2022-12-27,107.87504890584896,108.6141586303711,31.63774519218635,3412.9233098778905,23.383765133498432,0.6851535475707715,6,TIME,2022
COP,2022-12-23,2022-12-27,100.8426828549687,105.11953735351562,33.46685113018123,3374.887054675317,143.13285280831585,4.241115346661162,4,TIME,2022
BA,2022-12-23,2022-12-27,188.25,189.3999938964844,18.034953330430774,3395.079964453593,20.740086253376454,0.6108865319970347,4,TIME,2022
COP,2022-12-27,2022-12-30,104.63151451441652,104.7024917602539,32.57690009831138,3408.570395471164,2.312218646897726,0.06783543769464107,3,TIME,2022
NKE,2022-12-29,2023-01-03,107.24678049239095,109.7136001586914,31.700020491496005,3399.7251392557673,78.19823397054968,2.300134003999754,5,TIME,2023
NFLX,2023-01-04,2023-01-09,29.823999404907227,31.517000198364254,114.8294177282997,3424.6724859946535,194.4062953262199,5.67663903982798,5,TIME,2023
META,2023-01-04,2023-01-09,126.27113797211676,128.3429412841797,27.32473506331635,3450.3253912315554,56.611476605420776,1.6407576151886927,5,TIME,2023
AMD,2023-01-09,2023-01-12,66.22000122070312,70.80000305175781,52.474720270687506,3474.8760403809815,240.3343149238313,6.916342112091045,3,TIME,2023
NFLX,2023-01-09,2023-01-12,31.683000564575195,33.01300048828125,110.01422800789281,3485.580848085372,146.31891485707794,4.197834485390017,3,TIME,2023
TSLA,2023-01-11,2023-01-17,122.08999633789062,131.49000549316406,28.893691069597303,3527.6306368752776,271.600960583857,7.699245996583048,6,TIME,2023
NVDA,2023-01-11,2023-01-17,15.804882316459198,17.66275405883789,223.61195537615797,3534.160639273502,415.4423331514092,11.755049516843963,6,TIME,2023
AMD,2023-01-12,2023-01-17,70.06999969482422,71.58999633789062,51.24366384035925,3590.6435096556474,77.89019701576944,2.1692545307356204,5,TIME,2023
NFLX,2023-01-12,2023-01-17,33.25,32.62200164794922,108.2142892926513,3598.1251189806558,-67.95839534413152,-1.888716848273031,5,TIME,2023
AMZN,2023-01-12,2023-01-17,96.93000030517578,96.0500030517578,36.21658429638204,3510.4735269007356,-31.870494708997047,-0.9078688235297561,5,TIME,2023
TSLA,2023-01-17,2023-01-20,125.6999969482422,133.4199981689453,29.317642768075498,3685.227606476745,226.33223795768058,6.141608121026354,3,TIME,2023
NVDA,2023-01-17,2023-01-20,16.861534824609727,17.799448013305664,220.57170510227576,3719.17748690557,206.87711126857536,5.562442556101321,3,TIME,2023
AMD,2023-01-17,2023-01-20,70.87000274658203,70.06999969482422,52.9776012407102,3754.5227454364594,-42.38224266737664,-1.1288316928933617,3,TIME,2023
NFLX,2023-01-17,2023-01-20,33.108001708984375,34.25,113.63269475399305,3762.151452111702,129.76834321256024,3.449312045630726,3,TIME,2023
AMZN,2023-01-17,2023-01-20,98.68000030517578,97.25,35.51944396649347,3505.0587414532497,-50.79281571175972,-1.4491288009256142,3,TIME,2023
TSLA,2023-01-20,2023-01-23,128.67999267578125,143.75,29.368886760901713,3779.1881332886815,442.5893385909399,11.711227993452521,3,TIME,2023
NVDA,2023-01-20,2023-01-23,16.973282837444028,19.150453567504883,224.29543575419095,3807.029870203639,488.32945761026946,12.82704560403538,3,TIME,2023
AMD,2023-01-20,2023-01-23,68.01000213623047,76.52999877929688,56.522434422638696,3844.0908858286043,481.5709515388228,12.527564145638536,3,TIME,2023
AMZN,2023-01-20,2023-01-23,93.86000061035156,97.5199966430664,41.2036871517489,3867.378101211887,150.80533150862456,3.8994204228794738,3,TIME,2023
NFLX,2023-01-20,2023-01-23,33.67900085449219,35.742000579833984,106.83968005632367,3598.253675910597,220.41023061180118,6.125477814068314,3,TIME,2023
TSLA,2023-01-23,2023-01-26,135.8699951171875,160.27000427246094,30.44034256197291,4135.929195260774,742.7446372017987,17.95834991693972,3,TIME,2023
NVDA,2023-01-23,2023-01-26,18.023954731552497,19.758100509643555,232.13014386576623,4183.903204865339,402.54750895248844,9.621338956512604,3,TIME,2023
AMD,2023-01-23,2023-01-26,72.22000122070312,75.16000366210938,58.656909452139516,4236.2020722361885,172.45145699463552,4.070897800765261,3,TIME,2023
NFLX,2023-01-23,2023-01-26,34.172000885009766,36.48699951171875,125.44668701045654,4286.764299542864,290.40890815439866,6.774548070799402,3,TIME,2023
AMZN,2023-01-23,2023-01-26,97.55999755859376,99.22000122070312,39.32807811002988,3836.8472043986994,65.28475368637258,1.7015208114497637,3,TIME,2023
TSLA,2023-01-26,2023-01-30,159.97000122070312,166.66000366210938,27.946593824743502,4470.616648258712,186.96278091652286,4.182035625652314,4,TIME,2023
NVDA,2023-01-26,2023-01-30,19.65732458647775,19.119518280029297,227.5128256274473,4472.293460945445,-122.35783242034819,-2.735907951677252,4,TIME,2023
AMD,2023-01-26,2023-01-30,76.5,72.44999694824219,58.52129443075004,4476.879023952378,-237.01142103735515,-5.294121636284721,4,TIME,2023
CRM,2023-01-26,2023-01-30,155.49978907629935,161.9481964111328,28.689398142644627,4461.195359907214,185.0009254149871,4.146891370810413,4,TIME,2023
NFLX,2023-01-26,2023-01-30,36.87699890136719,35.31100082397461,121.27068040951707,4472.098748229812,-189.90965236539353,-4.246544252641227,4,TIME,2023
TSLA,2023-01-30,2023-02-02,178.0500030517578,188.2700042724609,24.909595800855616,4435.153608360396,254.57609949196512,5.73996127241414,3,TIME,2023
NVDA,2023-01-30,2023-02-02,19.905771381530464,21.66086769104004,219.95678882503736,4378.409552166769,386.04534831840004,8.817022339250013,3,TIME,2023
AMZN,2023-01-31,2023-02-03,101.16000366210938,103.38999938964844,43.42588494511709,4392.962680078385,96.83953789221401,2.2044243246447603,3,TIME,2023
AMD,2023-02-01,2023-02-06,78.47000122070312,83.68000030517578,57.73076498763424,4530.133199051784,300.77723273148047,6.639478786063879,5,TIME,2023
TSLA,2023-02-02,2023-02-06,187.3300018310547,194.75999450683597,25.51082466259632,4778.942830755884,189.54524039623107,3.9662587963256835,4,TIME,2023
NVDA,2023-02-02,2023-02-06,20.95344001037449,21.04224395751953,228.30327029262875,4783.738878248909,20.274231548106822,0.4238155983030678,4,TIME,2023
META,2023-02-02,2023-02-06,181.7836458587308,184.44032287597656,23.822890563229333,4330.611901477381,63.28972584369215,1.4614499586559804,4,TIME,2023
AMZN,2023-02-03,2023-02-06,105.26000213623048,102.18000030517578,42.65439983707933,4489.8022179705995,-131.3756296007437,-2.9260894628032386,3,TIME,2023
TSLA,2023-02-06,2023-02-09,193.00999450683597,207.32000732421875,24.20158592108153,4671.147965684665,346.32500473166743,7.414130472334657,3,TIME,2023
NVDA,2023-02-06,2023-02-09,20.759870457178742,22.2874755859375,225.41655692937317,4679.618520757044,344.34748847245095,7.358452124784409,3,TIME,2023
AMD,2023-02-06,2023-02-09,84.62999725341797,83.20999908447266,55.445456758661486,4692.3488532000265,-78.73244707363581,-1.677889891326878,3,TIME,2023
META,2023-02-06,2023-02-09,184.9062326794597,176.3711700439453,25.31993747540767,4681.814250257102,-216.10725227991227,-4.615886934601143,3,TIME,2023
AMZN,2023-02-07,2023-02-10,101.16999816894533,97.61000061035156,45.77256422196851,4630.8102385244865,-162.95021688078418,-3.5188273431110195,3,TIME,2023
TSLA,2023-02-09,2023-02-13,207.77999877929688,194.63999938964844,22.733139988340483,4723.4917990269705,-298.7134455715864,-6.323996278200816,4,TIME,2023
META,2023-02-09,2023-02-13,184.50970705549832,177.86802673339844,25.58889970801635,4721.400388998623,-169.95329165491972,-3.599637345964757,4,TIME,2023
AMD,2023-02-09,2023-02-13,85.87999725341797,83.12999725341797,54.49172446661496,4679.749147526902,-149.85224228319115,-3.2021426268624475,4,TIME,2023
NVDA,2023-02-09,2023-02-13,22.555880179506847,21.739696502685547,206.1835117763458,4650.650586617195,-168.28361674154573,-3.61849624277949,4,TIME,2023
TSLA,2023-02-13,2023-02-16,194.4199981689453,202.0399932861328,23.456249381637946,4560.363961828374,178.73650575561345,3.9193473865615225,3,TIME,2023
META,2023-02-13,2023-02-16,176.66856844178548,170.93887329101562,25.818944947362425,4561.39604252779,-147.9346836628964,-3.2431887580828267,3,TIME,2023
NVDA,2023-02-13,2023-02-16,21.490250748186387,21.953224182128903,212.5424149568298,4567.589792047353,98.40149171099857,2.154341702977036,3,TIME,2023
AMD,2023-02-13,2023-02-16,81.56999969482422,80.08000183105469,56.125945443030865,4578.193352659749,-83.62753881216125,-1.8266493433174213,3,TIME,2023
TSLA,2023-02-16,2023-02-21,210.77999877929688,197.3699951171875,21.678902852690907,4569.479116826685,-290.71416664509843,-6.362085463408085,5,TIME,2023
NVDA,2023-02-23,2023-02-27,23.38803172331173,23.448894500732425,192.89080572783072,4511.336283497665,11.739870175511506,0.2602304381177589,4,TIME,2023
TSLA,2023-02-27,2023-03-02,202.02999877929688,190.8999938964844,22.341653639584685,4513.684257532767,-248.66271409868256,-5.509085259645619,3,TIME,2023
NVDA,2023-02-27,2023-03-02,23.617520428698207,23.26230812072754,192.1754212337439,4538.706936881629,-68.26307491167339,-1.5040203269562569,3,TIME,2023
NVDA,2023-03-03,2023-03-06,23.26830010651087,23.50177955627441,191.26017282566445,4450.299099730696,44.65531991301557,1.0034228916370624,3,TIME,2023
NVDA,2023-03-06,2023-03-09,23.83803229096399,23.38801383972168,187.06368500908562,4459.2301637133,-84.18210981146824,-1.8878171056631032,3,TIME,2023
AMD,2023-03-07,2023-03-10,81.06999969482422,82.66999816894531,54.72885063881337,4436.86790458668,87.56607751250264,1.973601184339513,3,TIME,2023
AMD,2023-03-10,2023-03-13,84.47000122070312,82.01000213623047,52.79870833197536,4459.906957253507,-129.8847741579982,-2.9122754219514824,3,TIME,2023
CRM,2023-03-10,2023-03-13,175.4643661707751,172.5252227783203,25.3094088956273,4440.899390028221,-74.38798192251924,-1.6750656880350157,3,TIME,2023
CRM,2023-03-13,2023-03-16,168.09192649107916,184.1147308349609,26.289498242331867,4419.052406037403,421.2314866357065,9.53216771225005,3,TIME,2023
AMD,2023-03-14,2023-03-17,83.66999816894531,97.83999633789062,53.549728351142384,4480.505673087602,758.7995526832065,16.93557843796465,3,TIME,2023
META,2023-03-14,2023-03-17,185.9471126481711,193.90719604492188,24.31330710254978,4520.989254647402,193.5359521871092,4.2808319437645626,3,TIME,2023
NVDA,2023-03-15,2023-03-20,23.71234766041433,25.846967697143555,193.73866465713502,4593.998571614412,413.5584354662844,9.002145495246694,5,TIME,2023
AMD,2023-03-17,2023-03-20,96.66000366210938,96.80999755859376,49.34523388516264,4769.710488047464,7.40148390336906,0.1551767957807204,3,TIME,2023
META,2023-03-17,2023-03-20,198.8141027760176,196.08804321289065,24.04937991923009,4781.355890961305,-65.56004211609014,-1.3711600560841974,3,TIME,2023
AMD,2023-03-20,2023-03-23,96.3000030517578,100.27999877929688,49.47918617643642,4764.84577978932,196.9269495843275,4.132913397105464,3,TIME,2023
META,2023-03-20,2023-03-23,196.75220898573428,202.5017242431641,24.243146376901436,4769.892602419858,139.38633998209892,2.922211286505383,3,TIME,2023
NVDA,2023-03-20,2023-03-23,25.56255140531931,27.135326385498047,186.47091337752954,4766.672308809943,293.27678709125473,6.15265258635902,3,TIME,2023
TSLA,2023-03-21,2023-03-24,188.27999877929688,190.41000366210935,25.497170340501878,4800.607200585218,54.30909732317033,1.1312964184311936,3,TIME,2023
AMD,2023-03-23,2023-03-27,100.0500030517578,96.61000061035156,49.08401227392748,4910.855577798961,-168.84912205632418,-3.43828319488072,4,TIME,2023
NFLX,2023-03-23,2023-03-27,30.468000411987305,32.76599884033203,161.25486851735258,4913.113400421657,370.56343441581174,7.542334243374249,4,TIME,2023
NVDA,2023-03-23,2023-03-27,27.05948178238723,26.476675033569336,183.4371834775181,4963.715124522325,-106.90842851484392,-2.1537986333398207,4,TIME,2023
META,2023-03-23,2023-03-27,201.0742571438805,201.07424926757807,24.1976657847083,4865.5276722761155,-0.00019058813355819667,-3.9171112908853445e-06,4,TIME,2023
TSLA,2023-03-24,2023-03-27,191.6499938964844,191.80999755859372,25.332201682879607,4854.9162979083885,4.05324503855257,0.08348743397077474,3,TIME,2023
TSLA,2023-03-27,2023-03-30,194.4199981689453,195.27999877929688,25.313226255500485,4921.397402244503,21.769390029697615,0.4423416410097136,3,TIME,2023
AMD,2023-03-27,2023-03-30,98.0199966430664,97.87999725341795,50.07329180924151,4908.183895049137,-7.010230290982628,-0.1428273764977228,3,TIME,2023
NFLX,2023-03-27,2023-03-30,32.755001068115234,33.84299850463867,149.41423009917028,4894.063266489938,162.56229932802032,3.3216223509225484,3,TIME,2023
NVDA,2023-03-27,2023-03-30,26.782048221700336,27.326929092407227,182.7489768783979,4894.391911223653,99.57642164229487,2.034500372026793,3,TIME,2023
META,2023-03-27,2023-03-30,203.02710138580255,206.0307159423828,24.052112010429973,4883.230583684245,72.24327375102636,1.479415573624654,3,TIME,2023
TSLA,2023-03-30,2023-04-03,195.5800018310547,194.7700042724609,25.520122642436718,4991.225633136513,-20.671237035387545,-0.4141515241898097,4,TIME,2023
NFLX,2023-03-30,2023-04-03,34.027000427246094,34.827999114990234,146.6392672745369,4989.694410201721,117.45786065866636,2.3540091036139854,4,TIME,2023
NVDA,2023-03-30,2023-04-03,27.1732450978703,27.907737731933597,183.42667615987878,4984.298028780069,134.7255425301448,2.7029993341533665,4,TIME,2023
COP,2023-03-31,2023-04-03,89.50755636279769,97.22882843017578,56.83546847781084,5087.203898183665,438.8421151940691,8.62639131391516,3,TIME,2023
TSLA,2023-04-03,2023-04-06,199.91000366210935,185.05999755859372,25.638019086172694,5125.296489406012,-380.7247399117146,-7.428345671292824,3,TIME,2023
NFLX,2023-04-03,2023-04-06,34.18299865722656,33.93299865722656,149.16598336047707,5098.940608915067,-37.29149584011927,-0.7313577211493394,3,TIME,2023
COP,2023-04-03,2023-04-06,94.2784231548273,95.29178619384766,54.287957553340334,5118.183034425123,55.01340964846138,1.07486210005463,3,TIME,2023
NFLX,2023-04-06,2023-04-10,33.93399810791016,33.89899826049805,148.8977487450125,5052.695924185337,-5.2113984860830955,-0.10314094820427222,4,TIME,2023
AMD,2023-05-08,2023-05-11,89.98999786376953,97.0999984741211,56.135723573807795,5051.65364448812,399.1250288723,7.900878741118511,3,TIME,2023
TSLA,2023-05-08,2023-05-11,173.72000122070312,172.0800018310547,29.405656940275247,5108.350759560193,-48.225259434262746,-0.9440475351855993,3,TIME,2023
AMD,2023-05-11,2023-05-15,98.16000366210938,97.4000015258789,52.17841694470923,5121.833598375728,-39.6557083431031,-0.7742482761579517,4,TIME,2023
TSLA,2023-05-11,2023-05-15,168.6999969482422,166.35000610351562,30.2950314896049,5110.771719843247,-71.19304664127442,-1.3929999331580012,4,TIME,2023
AMD,2023-05-15,2023-05-18,95.1999969482422,107.93000030517578,53.5678992736881,5099.663847378853,681.9195375779293,13.371852694338383,3,TIME,2023
TSLA,2023-05-17,2023-05-22,168.41000366210938,188.8699951171875,30.825158095997917,5191.26498783211,630.6824712455497,12.148916934963182,5,TIME,2023
AMD,2023-05-18,2023-05-22,103.9800033569336,108.0,50.859078918588615,5288.3271966853945,204.45332652217567,3.866124748300792,4,TIME,2023
AMD,2023-05-22,2023-05-25,104.68000030517578,120.3499984741211,51.61515952136308,5403.074914447984,808.8094551895797,14.969428852944432,3,TIME,2023
TSLA,2023-05-22,2023-05-25,180.6999969482422,184.47000122070312,30.09046745461344,5437.3473772198295,113.44119086423946,2.0863333348814406,3,TIME,2023
AMD,2023-05-25,2023-05-30,117.30999755859376,125.2699966430664,47.6304250272267,5587.525043658748,379.13813960976734,6.785439647202107,5,TIME,2023
NVDA,2023-05-25,2023-05-30,38.44412443571779,40.02886199951172,146.09473965749913,5616.484350796692,231.52182180793355,4.12218404516862,5,TIME,2023
TSLA,2023-05-25,2023-05-30,186.5399932861328,201.16000366210935,30.023861744431706,5600.65096823007,438.94917023047645,7.837466978757179,5,TIME,2023
NVDA,2023-05-30,2023-06-02,40.51187203662055,39.24647903442383,143.10488700072423,5797.446869988384,-181.0839225908694,-3.123511550028779,3,TIME,2023
AMD,2023-05-30,2023-06-02,130.4199981689453,117.86000061035156,44.34613350584606,5783.622650632248,-556.9873285664991,-9.63042304472632,3,TIME,2023
TSLA,2023-05-30,2023-06-02,200.1000061035156,213.97000122070312,28.675392026822383,5737.946119587861,397.7275473954646,6.931531581269579,3,TIME,2023
AVGO,2023-05-30,2023-06-02,80.12640445369063,77.90814208984375,71.68704658419652,5744.0252886958915,-159.02067741306087,-2.768453643928237,3,TIME,2023
NFLX,2023-05-30,2023-06-02,39.74800109863281,40.047000885009766,143.4111908058951,5700.308169708958,42.8799154150271,0.752238548134776,3,TIME,2023
NVDA,2023-06-02,2023-06-05,40.01490294369922,39.09079360961914,142.6006201955537,5706.149976836396,-131.77856416831935,-2.3094129089361926,3,TIME,2023
AMD,2023-06-02,2023-06-05,120.75,117.93000030517578,47.074405230884004,5684.234431629244,-132.7498083851245,-2.3354034739745066,3,TIME,2023
AVGO,2023-06-02,2023-06-05,75.85874151102905,76.97745513916016,74.57315160349329,5657.025431152179,83.42600099151484,1.474732648930721,3,TIME,2023
TSLA,2023-06-02,2023-06-05,210.1499938964844,217.6100006103516,27.064438012621682,5687.591483164227,201.90088928120008,3.5498486464585977,3,TIME,2023
NFLX,2023-06-02,2023-06-05,40.28900146484375,40.354000091552734,141.68305358553224,5708.268753451043,9.20920391099504,0.1613309447882516,3,TIME,2023
NVDA,2023-06-05,2023-06-08,38.82932905392205,38.43512344360352,147.10919967816133,5712.15152116245,-57.9912718426,-1.015226427866156,3,TIME,2023
AMD,2023-06-05,2023-06-08,116.58999633789062,121.0500030517578,49.05947739197343,5719.844289469011,218.8055985470163,3.82537683674129,3,TIME,2023
AVGO,2023-06-05,2023-06-08,77.63947735610544,77.1597671508789,73.84120119770245,5732.992268336646,-35.42237778072398,-0.6178689264306536,3,TIME,2023
TSLA,2023-06-05,2023-06-08,217.8000030517578,234.8600006103516,26.27738882002139,5723.215365192886,448.29218911578437,7.832872965818849,3,TIME,2023
NFLX,2023-06-05,2023-06-08,40.047000885009766,40.9370002746582,141.6474151944442,5672.554161651253,126.06611306833415,2.222387120084135,3,TIME,2023
NVDA,2023-06-08,2023-06-12,37.650652361661095,39.405235290527344,155.43161152084284,5852.101571384012,272.71765218064144,4.660166076306571,4,TIME,2023
AMD,2023-06-08,2023-06-12,118.3000030517578,129.19000244140625,49.67445258394908,5876.487892275574,540.9547583203265,9.205409221235561,4,TIME,2023
AVGO,2023-06-08,2023-06-12,76.26842804061187,82.068359375,77.40829322000778,5903.8088411967465,448.96278538822764,7.604629442866906,4,TIME,2023
TSLA,2023-06-08,2023-06-12,224.22000122070312,249.8300018310547,26.391973137191975,5917.608249037949,675.8984481518685,11.421818067489543,4,TIME,2023
ADBE,2023-06-08,2023-06-12,424.1499938964844,474.6300048828125,13.463400648826717,5710.501303025776,679.6326126661098,11.901452720201622,4,TIME,2023
AVGO,2023-06-12,2023-06-15,77.82370561288201,84.76156616210938,81.92535645167331,6375.734822725447,568.386698507454,8.914842199545635,3,TIME,2023
TSLA,2023-06-12,2023-06-15,247.94000244140625,255.8999938964844,25.995336427181417,6445.283777220538,206.92265583224594,3.2104506641518205,3,TIME,2023
ADBE,2023-06-12,2023-06-15,463.7099914550781,490.9100036621094,13.920575640307485,6455.110011216752,378.6398273452654,5.865737790484138,3,TIME,2023
NVDA,2023-06-14,2023-06-20,40.744627187256896,43.72282028198242,161.58674525953447,6583.791694001982,481.2365289311182,7.309413044910551,6,TIME,2023
AMD,2023-06-14,2023-06-20,126.52999877929688,118.93000030517578,47.56780104740912,6018.753808462512,-361.51521537760505,-6.006479528524755,6,TIME,2023
AVGO,2023-06-15,2023-06-20,84.8555928201554,83.28399658203125,78.29457131539377,6643.732263567672,-123.04745374481536,-1.8520832698146528,5,TIME,2023
TSLA,2023-06-15,2023-06-20,248.3999938964844,274.45001220703125,26.740177421094906,6642.259908190885,696.5821114467936,10.487125181413104,5,TIME,2023
ADBE,2023-06-15,2023-06-20,475.4700012207031,485.8599853515625,14.054241397283677,6682.3701743225265,146.02334508904428,2.1852028738268414,5,TIME,2023
TSLA,2023-06-20,2023-06-23,261.5,256.6000061035156,25.905852857863664,6774.380522331348,-126.93852088675426,-1.8738026372789207,3,TIME,2023
ADBE,2023-06-20,2023-06-23,485.6300048828125,484.7200012207031,14.087837810043975,6841.476744479926,-12.819983998342936,-0.18738621027524216,3,TIME,2023
NVDA,2023-06-20,2023-06-23,42.91439764756023,42.12693405151367,159.4365785156852,6842.124729988573,-125.55050145932067,-1.8349636467315689,3,TIME,2023
TSLA,2023-06-23,2023-06-26,259.2900085449219,241.0500030517578,25.92201203116548,6721.318721062465,-472.81764184232327,-7.034596356227896,3,TIME,2023
ADBE,2023-06-23,2023-06-26,472.9500122070313,479.510009765625,14.181990681493732,6707.372665932465,93.03382424659739,1.3870382470192455,3,TIME,2023
ADBE,2023-06-26,2023-06-29,483.010009765625,483.7699890136719,13.758228242035615,6645.36195754332,10.455967953839506,0.1573423392230877,3,TIME,2023
NVDA,2023-06-27,2023-06-30,40.71967665079335,42.21975326538086,163.6208278208545,6662.587202200328,245.44377747351265,3.683910919656763,3,TIME,2023
TSLA,2023-07-03,2023-07-06,276.489990234375,276.5400085449219,24.2198348697986,6696.5419066287905,1.2114352219116182,0.01809045980452062,3,TIME,2023
TSLA,2023-07-06,2023-07-10,278.0899963378906,269.6099853515625,24.081355970591293,6696.784193673173,-204.21016319629254,-3.049376496098255,4,TIME,2023
TSLA,2023-07-11,2023-07-14,268.6499938964844,281.3800048828125,24.775515772386605,6655.942161033914,315.3925879744272,4.738511548685609,3,TIME,2023
TSLA,2023-07-14,2023-07-17,277.010009765625,290.3800048828125,24.255515836101686,6719.0206786288,324.29612829354363,4.826538625264742,3,TIME,2023
NVDA,2023-07-24,2023-07-27,44.64402521232847,45.81076431274414,151.9549339922453,6783.879904287508,177.29176298983455,2.613427205245533,3,TIME,2023
META,2023-08-04,2023-08-07,312.21827458796827,313.8043518066406,21.841573065781933,6819.338256885476,34.64242145960449,0.5080026852257502,3,TIME,2023
AMD,2023-08-07,2023-08-10,116.36000061035156,110.2300033569336,58.6650627824947,6826.266741177396,-359.6166737282852,-5.268130991117093,3,TIME,2023
META,2023-08-07,2023-08-10,310.5033526725311,303.0784606933594,22.00152269604098,6831.54656102151,-163.3589293953992,-2.3912437386794605,3,TIME,2023
NVDA,2023-08-23,2023-08-28,45.77682161070316,46.743934631347656,146.83569946632235,6721.67162055266,142.00671684932257,2.112669658171229,5,TIME,2023
NVDA,2023-08-28,2023-08-31,46.39162035347504,49.25904083251953,145.50198748160128,6750.072963922524,417.21537864641857,6.180901760267354,3,TIME,2023
TSLA,2023-08-29,2023-09-01,238.5800018310547,245.00999450683597,28.572939847883404,6816.932041226638,183.72379394742933,2.6951096598341717,3,TIME,2023
NVDA,2023-08-31,2023-09-05,49.28399374905417,48.453609466552734,140.91695679581858,6944.9504178608595,-117.01522606118142,-1.6848964934327637,5,TIME,2023
TSLA,2023-09-01,2023-09-05,257.260009765625,256.489990234375,26.610278871673767,6845.760602392798,-20.490434463198014,-0.2993156736453173,4,TIME,2023
AVGO,2023-09-01,2023-09-05,86.991804421117,84.12704467773438,77.94487518761146,6780.56533794907,-223.2933406404522,-3.2931375115690886,4,TIME,2023
TSLA,2023-09-05,2023-09-08,245.0,248.5,27.747351013095212,6798.100998208327,97.11572854583324,1.4285714285714235,3,TIME,2023
TSLA,2023-09-08,2023-09-11,251.22000122070312,273.5799865722656,27.13766463972001,6817.524143917493,606.7977838197551,8.900559367452065,3,TIME,2023
TSLA,2023-09-11,2023-09-14,264.2699890136719,276.0400085449219,26.256797930704362,6938.883700681445,309.04302447247494,4.453785908562269,3,TIME,2023
TSLA,2023-09-14,2023-09-18,271.32000732421875,265.2799987792969,25.802344525261404,7000.69230557594,-155.84638141159704,-2.226156708636773,4,TIME,2023
TSLA,2023-09-18,2023-09-21,271.1600036621094,255.6999969482422,25.702621829059627,6969.523029293621,-397.36270604125116,-5.701433288491842,3,TIME,2023
AMD,2023-10-05,2023-10-09,103.41000366210938,106.97000122070312,66.62847156062875,6890.05048808537,237.19719608867146,3.4426046151453393,4,TIME,2023
TSLA,2023-10-06,2023-10-09,253.97999572753903,259.6700134277344,27.329269772411784,6941.087820033907,155.50402873843655,2.240340891374526,3,TIME,2023
AMD,2023-10-09,2023-10-12,106.01000213623048,108.79000091552734,65.73521924936526,6968.590733050791,182.74382927004692,2.6223929094203458,3,TIME,2023
TSLA,2023-10-10,2023-10-13,257.75,251.1199951171875,27.189260386422543,7008.031864600411,-180.26492912204193,-2.572261836202716,3,TIME,2023
NEE,2023-10-19,2023-10-23,48.73762272377689,47.127662658691406,142.99192540797625,6969.086513080393,-230.2112895365237,-3.3033208743274534,4,TIME,2023
NFLX,2023-10-19,2023-10-23,40.4739990234375,40.68399810791016,171.61150583725387,6945.803919667652,36.038259110798435,0.5188493589453724,4,TIME,2023
NFLX,2023-10-23,2023-10-26,40.33200073242188,40.354000091552734,171.83010465990083,6930.251906995249,3.7801521819050903,0.05454566778575476,3,TIME,2023
NEE,2023-10-24,2023-10-27,49.79871894051429,51.445274353027344,139.88365756339496,6966.026947370652,230.32619348313034,3.3064212243690383,3,TIME,2023
NFLX,2023-10-26,2023-10-30,41.141998291015625,41.007999420166016,170.41247445377064,7011.109732744776,-22.83507915549317,-0.32569849889588776,4,TIME,2023
NFLX,2023-10-30,2023-11-02,40.23500061035156,42.47100067138672,173.2945459059665,6972.506160297158,387.48661522280076,5.557350632821612,3,TIME,2023
AMD,2023-11-01,2023-11-06,98.58000183105467,111.75,71.3566396568135,7034.337668026584,939.7668136223252,13.359705745913786,5,TIME,2023
NFLX,2023-11-02,2023-11-06,42.117000579833984,43.4739990234375,170.52527881450416,7182.013266706824,231.4025379463377,3.221973134177225,4,TIME,2023
NVDA,2023-11-03,2023-11-06,43.93802583979857,45.665809631347656,165.76202299785157,7283.256049736888,286.4009365900748,3.9323200315114715,3,TIME,2023
AMD,2023-11-06,2023-11-09,112.5999984741211,113.48999786376952,65.19997904494439,7341.517540973466,58.02794155509049,0.790407994413056,3,TIME,2023
NVDA,2023-11-06,2023-11-09,45.20067773419167,46.86257553100586,162.175302050576,7330.43356443328,269.51877717552765,3.676709908172593,3,TIME,2023
AMD,2023-11-09,2023-11-13,114.0999984741211,116.79000091552734,64.91697619434737,7407.02688471959,174.62682445150583,2.357583240473371,4,TIME,2023
LLY,2023-11-10,2023-11-13,582.8670291204396,600.2160034179688,12.80793376299212,7465.3223016065895,222.20451365860595,2.976489221514056,3,TIME,2023
TSLA,2023-11-13,2023-11-16,215.6000061035156,233.58999633789065,34.72352940819113,7486.393152341612,624.6759549563936,8.344151078426943,3,TIME,2023
AMD,2023-11-13,2023-11-16,118.33999633789062,119.83000183105467,63.7376622840519,7542.714721280411,94.96946692467232,1.2590886760801556,3,TIME,2023
LLY,2023-11-13,2023-11-16,582.2303441834008,577.8102416992188,12.920927566695525,7522.956104325927,-57.11182403548725,-0.7591673172550606,3,TIME,2023
TSLA,2023-11-16,2023-11-20,239.4900054931641,235.6000061035156,31.813018068214117,7618.899871910728,-123.75262086822944,-1.6242846467175553,4,TIME,2023
AMD,2023-11-16,2023-11-20,117.1999969482422,121.52999877929688,64.68737755758592,7581.36045233886,280.096463270472,3.6945409076818425,4,TIME,2023
TSLA,2023-11-20,2023-11-24,234.0399932861328,235.4499969482422,32.68744171872466,7650.168640391177,46.089412528388536,0.6024626997769289,4,TIME,2023
TSLA,2023-11-24,2023-11-27,233.75,236.0800018310547,32.767428974959806,7659.386522896854,76.34816951061077,0.9967922271891805,3,TIME,2023
TSLA,2023-11-27,2023-11-30,236.88999938964844,240.0800018310547,32.39755235160992,7674.656156798977,103.34827109722244,1.346617607170142,3,TIME,2023
AMD,2023-12-12,2023-12-15,132.25,139.14999389648438,58.187718797870865,7695.3258110184215,401.4949045556581,5.217386689213144,3,TIME,2023
AMD,2023-12-15,2023-12-18,139.52000427246094,138.89999389648438,55.731253969466366,7775.624791929553,-34.553955727254134,-0.44438815724645586,3,TIME,2023
TSLA,2023-12-15,2023-12-18,251.2100067138672,252.0800018310547,30.93626987691799,7771.500563482576,26.914403736913393,0.34632183986940124,3,TIME,2023
AMD,2023-12-18,2023-12-21,139.14999389648438,139.91000366210938,55.868467283690606,7774.0968815314845,42.460580726105675,0.5461802364076229,3,TIME,2023
TSLA,2023-12-18,2023-12-21,253.77999877929688,254.5,30.62220622408355,7771.3034581673,22.048025861962987,0.28371078263313976,3,TIME,2023
AMD,2023-12-21,2023-12-26,138.13999938964844,143.41000366210938,56.37033905642699,7786.9986028491,297.0719276674419,3.814973429669677,5,TIME,2023
AMD,2023-12-26,2023-12-29,140.07000732421875,147.41000366210938,56.01779523164134,7846.412988382588,411.17041185695433,5.240234135849509,3,TIME,2023
AMD,2024-01-16,2024-01-19,150.36000061035156,174.22999572753906,52.731092302271044,7928.647070753979,1258.690915779173,15.875229462817764,3,TIME,2024
AMD,2024-01-19,2024-01-22,165.8000030517578,168.17999267578125,49.338872758380724,8180.385253909814,117.42600522595876,1.4354581304081515,3,TIME,2024
AMD,2024-01-22,2024-01-25,174.38999938964844,180.3300018310547,47.04323919759115,8203.870454955006,279.43695568534963,3.4061600219025268,3,TIME,2024
AMD,2024-01-25,2024-01-29,183.41000366210935,177.8300018310547,45.03439115190672,8259.757846092076,-251.29198508807121,-3.0423650398778257,4,TIME,2024
AMD,2024-01-29,2024-02-01,178.77000427246094,170.47999572753906,45.92213040708146,8209.499449074461,-380.69485347572197,-4.637248054370014,3,TIME,2024
META,2024-02-06,2024-02-09,459.9608117036845,464.0350341796875,17.682724857044956,8133.360478379317,72.04335504954952,0.8857759992448422,3,TIME,2024
TSLA,2024-02-09,2024-02-12,190.17999267578125,188.1300048828125,42.84240962864869,8147.769149389227,-87.82641676009665,-1.0779197980428812,3,TIME,2024
META,2024-02-09,2024-02-12,468.8329280456372,464.818115234375,17.44078954248788,8176.816428632323,-70.0215052937077,-0.8563419015806373,3,TIME,2024
META,2024-02-12,2024-02-15,464.11430441271233,479.81646728515625,17.48750143620042,8116.199564978466,274.591595783316,3.3832533759788674,3,TIME,2024
AMD,2024-02-14,2024-02-20,173.47000122070312,165.69000244140625,46.889070477808275,8133.847113023036,-364.79691107971354,-4.484924612065056,6,TIME,2024
TSLA,2024-02-15,2024-02-20,189.16000366210935,193.75999450683597,43.359963368361186,8201.970829548129,199.45543452214304,2.4317988769673837,5,TIME,2024
META,2024-02-15,2024-02-20,471.1426369454391,467.6434020996094,17.616485789573005,8299.877568611282,-61.64422093593817,-0.7427124126392681,5,TIME,2024
NVDA,2024-02-15,2024-02-20,73.73794078168315,69.32877349853516,112.97356506143116,8330.43805039544,-498.11934692945357,-5.979509647824677,5,TIME,2024
TSLA,2024-02-20,2024-02-23,196.1300048828125,191.97000122070312,40.92233047180171,8026.096875250536,-170.23704462474518,-2.121043980289994,3,TIME,2024
NVDA,2024-02-22,2024-02-26,74.89189108055353,78.95167541503906,107.30898720685789,8036.572981860514,435.6513452119096,5.420859689761115,4,TIME,2024
AMD,2024-02-22,2024-02-26,173.1999969482422,176.00999450683594,46.835073107608665,8111.834519308521,131.60644108894013,1.6224004665736036,4,TIME,2024
NVDA,2024-02-26,2024-02-29,79.5585907729136,78.97162628173828,101.88090242474912,8105.501023585757,-59.800472052225565,-0.7377763802412174,3,TIME,2024
TSLA,2024-02-27,2024-03-01,204.0399932861328,202.63999938964844,39.625472679717916,8085.1811795294825,-55.475419896913436,-0.6861370037986148,3,TIME,2024
AMD,2024-02-29,2024-03-04,179.82000732421875,205.3600006103516,44.91392774954413,8076.4228168824575,1147.1014131772126,14.203087668706281,4,TIME,2024
NVDA,2024-02-29,2024-03-04,78.95366047452625,85.08576965332031,103.73925534595355,8190.593944464598,636.1404399081833,7.766719290706647,4,TIME,2024
AMD,2024-03-04,2024-03-07,205.16000366210935,211.3800048828125,41.134207765524664,8439.094215813007,255.85482251422053,3.0317806149717352,3,TIME,2024
NVDA,2024-03-04,2024-03-07,83.98073146925641,92.5089111328125,100.5080500174886,8440.739559017302,857.1507081828244,10.154924247924747,3,TIME,2024
AMD,2024-03-07,2024-03-11,212.5200042724609,198.38999938964844,40.75708238198464,8661.695321952417,-575.8977730666331,-6.648788160523999,4,TIME,2024
NVDA,2024-03-07,2024-03-11,90.00224735235656,85.62582397460938,96.13540735566983,8652.402712144554,-420.72924418060234,-4.862571220709189,4,TIME,2024
NVDA,2024-03-11,2024-03-14,86.27969121669621,87.79207611083984,98.08066996031847,8462.369918502969,148.3357236554732,1.752886308256718,3,TIME,2024
AMD,2024-03-11,2024-03-14,203.00999450683597,187.05999755859372,41.62131816019851,8449.543571069173,-663.8598976369858,-7.856754534174016,3,TIME,2024
NVDA,2024-03-14,2024-03-18,89.42225831640668,88.30219268798828,93.48080937666228,8359.265083706667,-104.70464149953209,-1.2525579755045202,4,TIME,2024
NVDA,2024-03-22,2024-03-25,90.9835569272488,94.83788299560548,91.6464956637621,8338.324155406759,353.23547731037604,4.236288620193895,3,TIME,2024
NVDA,2024-03-25,2024-03-28,93.77871885813296,90.19991302490234,89.66822487295653,8408.971250868835,-320.9051662307716,-3.8162238478055777,3,TIME,2024
TSLA,2024-03-27,2024-04-01,181.41000366210935,175.22000122070312,45.98915414287293,8342.892621475889,-284.67297642259047,-3.4121615767869096,5,TIME,2024
AVGO,2024-03-28,2024-04-01,128.947745659259,132.11398315429688,64.31363550041354,8293.098312929615,203.6322441636084,2.4554423025002547,4,TIME,2024
TSLA,2024-04-01,2024-04-04,176.1699981689453,171.11000061035156,47.27582538307037,8328.582071170886,-239.2155610188405,-2.8722243351227528,3,TIME,2024
GE,2024-04-10,2024-04-15,149.63463055370747,151.68711853027344,55.33972268535097,8280.738958967117,113.58411543817795,1.3716664177075621,5,TIME,2024
GE,2024-04-15,2024-04-18,155.14128200065227,150.9370880126953,53.521897427789995,8303.455782054752,-225.01643938996352,-2.7099131409390353,3,TIME,2024
GE,2024-04-23,2024-04-26,155.7630178988954,160.22386169433594,53.01934056989868,8258.45249417676,236.51099641958064,2.8638657979367155,3,TIME,2024
TSLA,2024-04-29,2024-05-02,188.4199981689453,180.00999450683594,44.081067690136514,8305.754693460676,-370.72194070373934,-4.463434743571437,3,TIME,2024
TSLA,2024-05-02,2024-05-06,182.8600006103516,184.75999450683597,45.01591533328445,8231.61030531993,85.52996437789784,1.0390429236260212,4,TIME,2024
NVDA,2024-05-03,2024-05-06,87.6373400551101,91.9808349609375,93.75655400902173,8216.575006083933,407.23111472611726,4.956214900059752,3,TIME,2024
AVGO,2024-05-03,2024-05-06,123.18477585095567,128.2051544189453,66.85317942777385,8235.293922734043,335.62826920116163,4.075486222472757,3,TIME,2024
TSLA,2024-05-06,2024-05-09,183.8000030517578,171.97000122070312,45.687094861561576,8397.288174980966,-540.4784158678426,-6.436344741367261,3,TIME,2024
NVDA,2024-05-06,2024-05-09,89.23558536447402,88.59369659423828,94.20076065822983,8406.060019115854,-60.46641041418224,-0.7193192800988624,3,TIME,2024
AVGO,2024-05-06,2024-05-09,125.84809600346694,127.75113677978516,67.2062685709569,8457.780939152566,127.89626951472466,1.5121728788537236,3,TIME,2024
NVDA,2024-05-09,2024-05-13,90.37261598217049,90.24283599853516,91.87161811566381,8302.678463627502,-11.923097095602191,-0.14360542983610225,4,TIME,2024
META,2024-05-09,2024-05-13,466.40290121752565,464.42822265625,17.7314334913134,8269.99202309417,-35.013881575981664,-0.42338470796833283,4,TIME,2024
META,2024-05-13,2024-05-16,469.1319366666858,469.6082153320313,17.677950315681656,8293.291067893186,8.419630582396735,0.10152339419260414,3,TIME,2024
NVDA,2024-05-14,2024-05-17,89.44421267221655,92.31925201416016,92.68495911999375,8290.133195044418,266.47290387641675,3.21433802819604,3,TIME,2024
AMD,2024-05-15,2024-05-20,155.58999633789062,166.3300018310547,54.098782628635846,8417.229391073792,581.0212226050376,6.902760939617414,5,TIME,2024
AMD,2024-05-20,2024-05-23,165.5500030517578,160.42999267578125,51.12940902006271,8464.473819305955,-261.7831047002707,-3.0927274428233176,3,TIME,2024
TSLA,2024-05-24,2024-05-28,174.83999633789062,176.75,48.11323138047253,8412.1171983659,91.89644813261823,1.0924294795900957,4,TIME,2024
AMD,2024-05-24,2024-05-28,161.41000366210938,171.61000061035156,52.378766732308414,8454.456930078673,534.2632608222352,6.31930903712421,4,TIME,2024
AMD,2024-05-28,2024-05-31,169.4199981689453,166.89999389648438,50.39162573737867,8537.349140156872,-126.98711215444678,-1.4874302323790611,3,TIME,2024
NVDA,2024-05-29,2024-06-03,112.8547051589029,114.80133819580078,75.26681239269735,8494.213920828319,146.51686358561935,1.7249019738760252,5,TIME,2024
NVDA,2024-06-03,2024-06-06,113.42472260342709,120.78897857666016,75.30329274250334,8541.255090443106,554.5527233830989,6.492637411141056,3,TIME,2024
NVDA,2024-06-06,2024-06-10,123.83370517037008,121.5796127319336,69.86923005506539,8652.165635119727,-157.49170314650223,-1.8202576070346255,4,TIME,2024
NVDA,2024-06-10,2024-06-13,120.16206756268632,129.39674377441406,71.74200202566574,8620.667294490426,662.5141594881391,7.685184184193727,3,TIME,2024
NVDA,2024-06-13,2024-06-17,129.177104537848,130.7644805908203,67.76100267693671,8753.170126388053,107.56219297476144,1.2288369975866908,4,TIME,2024
TSLA,2024-06-17,2024-06-20,177.9199981689453,181.57000732421875,49.31813542764842,8774.682564983004,180.01164583193201,2.051488979787175,3,TIME,2024
NVDA,2024-06-17,2024-06-20,132.77118307637525,130.56480407714844,66.79600295402692,8868.58433697921,-147.37729815005724,-1.661790569387045,3,TIME,2024
AVGO,2024-06-17,2024-06-20,176.11801814865436,169.7151641845703,50.20370140939023,8841.776395948613,-321.44696858080596,-3.635547362723357,3,TIME,2024
ADBE,2024-06-17,2024-06-20,525.510009765625,522.9500122070312,16.87910528856444,8870.138785028512,-43.21046832997182,-0.48714534661965514,3,TIME,2024
NVDA,2024-06-20,2024-06-24,139.56996619369176,117.9156494140625,62.39363800555837,8708.277947137223,-1351.0916024058763,-15.515026169439583,4,TIME,2024
AVGO,2024-06-20,2024-06-24,176.4565707685911,156.28184509277344,48.71399769722309,8595.90498208103,-982.7915401138888,-11.433252719319375,4,TIME,2024
AVGO,2024-06-24,2024-06-27,161.1738513202931,155.737060546875,51.13423332085878,8241.50131863327,-278.0061279246532,-3.373246174166189,3,TIME,2024
TSLA,2024-06-25,2024-06-28,184.3999938964844,197.8800048828125,44.36013237815159,8180.008139778393,597.9750718124521,7.310201427607033,3,TIME,2024
AVGO,2024-06-27,2024-07-01,156.26119966827264,161.0511474609375,53.12524115576693,8301.413915666431,254.46713160885426,3.0653468697497965,4,TIME,2024
TSLA,2024-06-28,2024-07-01,199.5500030517578,209.8600006103516,41.691834451207306,8319.6056919718,429.84271140524334,5.166623603568499,3,TIME,2024
TSLA,2024-07-01,2024-07-05,201.0200042724609,251.5200042724609,41.99759673953118,8442.357076013648,2120.8786353463247,25.12187788611959,4,TIME,2024
AMD,2024-07-03,2024-07-08,164.1999969482422,178.69000244140625,53.73595244704014,8823.443227814878,778.6342461380145,8.82460765071238,5,TIME,2024
TSLA,2024-07-05,2024-07-08,249.80999755859372,252.94000244140625,35.824371420340974,8949.286137053534,112.13045746935684,1.2529542105609082,3,TIME,2024
TSLA,2024-07-08,2024-07-11,247.7100067138672,241.02999877929688,36.51320293350932,9044.685743804388,-243.90848531241826,-2.6967049184599468,3,TIME,2024
AMD,2024-07-08,2024-07-11,174.89999389648438,181.94000244140625,51.93184013630298,9082.878522872594,365.6005983130898,4.025162258775472,3,TIME,2024
AVGO,2024-07-08,2024-07-11,167.35261755541237,167.4458770751953,54.50911422658887,9122.242946446615,5.083493816565489,0.05572635859851793,3,TIME,2024
NVDA,2024-07-09,2024-07-12,130.1355144487565,129.02734375,70.73083470585244,9204.593561836069,-78.3818385196157,-0.8515513259010232,3,TIME,2024
TSLA,2024-07-11,2024-07-15,263.29998779296875,252.63999938964844,34.28932305217066,9028.378341065696,-365.52378609384306,-4.048609531916192,4,TIME,2024
AMD,2024-07-11,2024-07-15,184.07000732421875,179.8300018310547,48.218902691195126,8875.653771534078,-204.44841228501073,-2.303474398029315,4,TIME,2024
AVGO,2024-07-11,2024-07-15,173.20850262223414,168.2556610107422,51.124005680089276,8855.112471898856,-253.20910267849686,-2.8594679455742678,4,TIME,2024
TSLA,2024-07-15,2024-07-18,255.97000122070312,249.22999572753903,34.72957063272238,8889.728237252442,-234.07749683977912,-2.6331232023367845,3,TIME,2024
AMD,2024-07-15,2024-07-18,184.4499969482422,155.77000427246094,48.07047154888663,8866.598330492701,-1378.6607719434196,-15.548925535536352,3,TIME,2024
GE,2024-07-31,2024-08-05,168.9176682192586,156.55062866210938,50.7180845781948,8567.180583495805,-627.2325582413745,-7.321341626085287,5,TIME,2024
META,2024-08-07,2024-08-12,499.77508903606014,512.5096435546875,16.891066115619132,8441.73407184753,215.10020232709115,2.548057075671606,5,TIME,2024
LLY,2024-08-09,2024-08-12,846.940605238381,870.9503784179688,10.025332584895457,8490.86124716742,240.70596141327053,2.8348827569590895,3,TIME,2024
LLY,2024-08-12,2024-08-15,890.4792696107572,918.7155151367188,9.582362662216118,8532.8953045956,270.5699448491406,3.170904308452238,3,TIME,2024
META,2024-08-12,2024-08-15,513.4135489736507,533.7470703125,16.54702868285923,8495.46872103555,336.45936081747,3.960456707754867,3,TIME,2024
NVDA,2024-08-13,2024-08-16,112.25498947976828,124.375,76.42010964126783,8578.53860382326,926.2125328094273,10.796856849214809,3,TIME,2024
AVGO,2024-08-13,2024-08-16,148.752427355665,162.66087341308594,58.04944861049105,8634.996387468478,807.377624662044,9.350063259247566,3,TIME,2024
AMD,2024-08-15,2024-08-19,143.0,155.27999877929688,62.79332930975893,8979.446091295527,771.1020072718263,8.587411733774042,4,TIME,2024
LLY,2024-08-15,2024-08-19,923.0744610154474,909.0804443359376,9.78707814338247,9034.201882118838,-136.9605347821595,-1.5160225171992447,4,TIME,2024
META,2024-08-15,2024-08-19,528.2439725420813,525.7506103515625,15.228423384040932,8044.322863938507,-37.96997508698058,-0.4720095865022311,4,TIME,2024
NVDA,2024-08-16,2024-08-19,121.73934484458584,129.7860565185547,74.18169173969213,9030.830551853145,596.9186849165387,6.609787233733999,3,TIME,2024
AVGO,2024-08-16,2024-08-19,161.43394793475716,164.61416625976562,56.183560766121715,9069.934023507358,178.67598951264708,1.9699811382261068,3,TIME,2024
NVDA,2024-08-19,2024-08-22,124.07546881304408,123.53638458251952,74.7558926862944,9275.37243158959,-40.299722885968016,-0.434480913658164,3,TIME,2024
AVGO,2024-08-19,2024-08-22,161.816769802881,159.34326171875,57.84785136503631,9360.752447927356,-143.08712800102572,-1.5285857498849698,3,TIME,2024
AMD,2024-08-19,2024-08-22,148.42999267578125,151.6999969482422,63.28314751947962,9393.117122816744,206.93616276347413,2.2030616680037696,3,TIME,2024
TSLA,2024-08-19,2024-08-22,217.07000732421875,210.66000366210935,43.67169480954218,9479.815112168368,-279.9357236596896,-2.952966068930629,3,TIME,2024
LLY,2024-08-19,2024-08-22,909.3861610444304,940.99365234375,9.75141850988937,8867.805043445895,308.21787570735216,3.4756952165423627,3,TIME,2024
NVDA,2024-08-22,2024-08-26,129.80605728559254,126.25191497802734,71.53548084389021,9285.738724374422,-254.24727895929016,-2.738040413434295,4,TIME,2024
TSLA,2024-08-22,2024-08-26,223.82000732421875,213.2100067138672,41.08675548716114,9196.037914064791,-435.9305007961451,-4.740416523614099,4,TIME,2024
AVGO,2024-08-22,2024-08-26,167.68635495000967,156.6734619140625,54.19580827694067,9087.897543529745,-596.852639550648,-6.567554670283293,4,TIME,2024
AMD,2024-08-22,2024-08-26,158.8699951171875,149.99000549316406,56.634139131516505,8997.465407290145,-502.91056785336633,-5.589469312612039,4,TIME,2024
LLY,2024-08-22,2024-08-26,938.8338920988348,937.4039306640624,9.497156150362905,8916.252072515592,-13.58056703503041,-0.15231250669653917,4,TIME,2024
NVDA,2024-08-26,2024-08-29,129.35680584239554,117.39649200439452,68.99547615924838,8925.034413535524,-825.2075482669285,-9.24598729855244,3,TIME,2024
TSLA,2024-08-26,2024-08-29,218.75,206.27999877929688,40.60429590314792,8882.189728813608,-506.3356194780455,-5.700571986607139,3,TIME,2024
AVGO,2024-08-26,2024-08-29,161.9148986331829,154.0331268310547,54.57929009668162,8837.200223475287,-430.1815096642008,-4.86784839978458,3,TIME,2024
AMD,2024-08-26,2024-08-29,154.6999969482422,145.49000549316406,56.75491672678924,8779.985444432035,-522.7122980873994,-5.95345290029935,3,TIME,2024
TSLA,2024-09-10,2024-09-13,220.07000732421875,230.2899932861328,38.47933265145254,8468.14701843621,393.2582395216664,4.643970382959739,3,TIME,2024
AVGO,2024-09-13,2024-09-16,163.66205254996433,160.9922332763672,52.22223803976364,8546.798666340543,-139.42393762893877,-1.6313001285267803,3,TIME,2024
TSLA,2024-09-13,2024-09-16,228.0,226.77999877929688,37.52867412291689,8556.53770002505,-45.785028241328384,-0.5350882546943492,3,TIME,2024
TSLA,2024-09-16,2024-09-19,229.3000030517578,243.9199981689453,37.11189166990835,8509.75687316649,542.5756750036516,6.375924519236698,3,TIME,2024
ORCL,2024-09-16,2024-09-19,161.4413910321494,163.98548889160156,52.595263171153725,8491.052448053035,133.8074964510555,1.575864679551442,3,TIME,2024
NVDA,2024-09-17,2024-09-20,117.98564481894722,115.81903076171876,72.25174771065112,8524.669042937066,-156.54165224922073,-1.8363370057037032,3,TIME,2024
AVGO,2024-09-17,2024-09-20,162.43512719159145,168.4939422607422,52.25129209292507,8487.44527703928,316.5809159152113,3.7299906577500375,3,TIME,2024
AMD,2024-09-17,2024-09-20,153.5500030517578,155.9499969482422,55.07305675970481,8456.468033522306,132.1750000840291,1.5630047859233276,3,TIME,2024
TSLA,2024-09-19,2024-09-23,234.0,250.0,37.18498535492184,8701.286573051711,594.9597656787495,6.8376068376068355,4,TIME,2024
ORCL,2024-09-19,2024-09-23,163.6528051580335,162.38076782226562,53.61998874327007,8775.061570378326,-68.20662762489204,-0.7772780518729872,4,TIME,2024
NVDA,2024-09-20,2024-09-23,116.87737463970252,116.07861328125,74.80450019957489,8742.953594561417,-59.7509441977745,-0.6834182928174615,3,TIME,2024
AVGO,2024-09-20,2024-09-23,164.63363546592882,170.30589294433594,53.00933671844437,8727.119817595045,300.68260662659713,3.4453819004567787,3,TIME,2024
AMD,2024-09-20,2024-09-23,156.0,156.75,54.94205285545307,8570.960245450678,41.2065396415898,0.48076923076922906,3,TIME,2024
AVGO,2024-09-23,2024-09-26,169.38020800797895,175.37745666503906,52.339377383541034,8865.25462823229,313.89226072480386,3.5407021443601083,3,TIME,2024
TSLA,2024-09-23,2024-09-26,242.6100006103516,254.22000122070312,36.581116032106664,8874.94458287674,424.70677946009863,4.785458382236274,3,TIME,2024
NVDA,2024-09-23,2024-09-26,116.3681617373498,123.84648895263672,76.73070825042386,8929.011467906725,573.8173437573857,6.426437526929374,3,TIME,2024
ORCL,2024-09-23,2024-09-26,163.63323656837,164.48451232910156,54.54006901926644,8924.568016284853,46.42863874472825,0.5202340176018394,3,TIME,2024
AMD,2024-09-23,2024-09-26,156.4499969482422,167.49000549316406,55.816520397566876,8732.494445860835,616.2148621369445,7.056573192886795,3,TIME,2024
AVGO,2024-09-26,2024-09-30,175.78121544409854,169.8726043701172,52.680638154661104,9260.266605197081,-311.2694019850349,-3.361343849542553,4,TIME,2024
TSLA,2024-09-26,2024-09-30,260.6000061035156,261.6300048828125,35.518082633858896,9256.0125511688,36.5835817558402,0.39524127213095284,4,TIME,2024
AVGO,2024-09-30,2024-10-03,169.25219526745488,169.2718963623047,54.388242507607316,9205.329441151243,1.0715079243567056,0.011640082315422795,3,TIME,2024
TSLA,2024-09-30,2024-10-03,259.0400085449219,240.66000366210935,35.5623754224036,9212.078033297148,-653.6366339081903,-7.095430928240232,3,TIME,2024
NVDA,2024-10-04,2024-10-07,124.7450859792245,127.52073669433594,72.74688493513749,9074.816415954478,201.91994319234394,2.2250581602659025,3,TIME,2024
NVDA,2024-10-07,2024-10-10,124.7949925984476,134.59967041015625,73.0413954502397,9115.200404592948,716.1473493072019,7.856627583814291,3,TIME,2024
NVDA,2024-10-10,2024-10-14,131.70420101079952,137.85459899902344,70.29714924351738,9258.429874454387,432.35544528520563,4.6698571048007675,4,TIME,2024
NVDA,2024-10-15,2024-10-18,137.654906403531,137.7847137451172,67.88643578106216,9344.900963511429,8.81215775850201,0.09429910271827602,3,TIME,2024
AVGO,2024-10-17,2024-10-21,178.60750907224036,177.24851989746094,52.24952874988677,9332.158180215685,-71.00654395842241,-0.7608802014196225,4,TIME,2024
NVDA,2024-10-18,2024-10-21,138.45366668655112,143.48580932617188,67.39751312530284,9331.432817753133,339.15389960223615,3.6345318690715223,3,TIME,2024
TSLA,2024-10-24,2024-10-28,244.67999267578125,262.510009765625,38.41872301609867,9400.29286619189,685.0064879470126,7.28707602728671,4,TIME,2024
TSLA,2024-10-28,2024-10-31,270.0,249.8500061035156,35.32331171770849,9537.294163781293,-711.7645155154421,-7.462960702401633,3,TIME,2024
TSLA,2024-10-31,2024-11-04,257.989990234375,242.83999633789065,36.41591385829824,9394.941260678204,-551.700872688118,-5.872318489070483,4,TIME,2024
TSLA,2024-11-04,2024-11-07,244.55999755859372,296.9100036621094,37.964512507472115,9284.601086140581,1987.4424614831617,21.405792699590286,3,TIME,2024
TSLA,2024-11-07,2024-11-11,288.8900146484375,350.0,33.51479486135843,9682.089578437215,2048.0886230382357,21.153374036111927,4,TIME,2024
TSLA,2024-11-11,2024-11-14,346.29998779296875,311.17999267578125,29.14151792889484,10091.707303044863,-1023.4499673702187,-10.141494760370474,3,TIME,2024
TSLA,2024-11-14,2024-11-18,327.69000244140625,338.739990234375,30.17186131987259,9887.01730957082,333.3986992757381,3.3720857245086666,4,TIME,2024
TSLA,2024-11-18,2024-11-21,340.7300109863281,339.6400146484375,29.21285689103964,9953.697049425968,-31.841907030556115,-0.3199003030978531,3,TIME,2024
TSLA,2024-11-21,2024-11-25,343.8099975585937,338.5899963378906,28.93263354369033,9947.328668019858,-151.02838241621805,-1.5182808114279633,4,TIME,2024
TSLA,2024-11-29,2024-12-02,336.0799865722656,357.0899963378906,29.508222410631948,9917.122991536613,619.9680410136117,6.251490896530165,3,TIME,2024
TSLA,2024-12-02,2024-12-05,352.3800048828125,369.489990234375,28.495137239919757,10041.116599739336,487.5513807657901,4.855549439376561,3,TIME,2024
TSLA,2024-12-05,2024-12-09,359.8699951171875,389.7900085449219,28.173026408025397,10138.626875892494,842.937328428035,8.314117273931455,4,TIME,2024
TSLA,2024-12-09,2024-12-12,397.6099853515625,418.1000061035156,25.922926287841022,10307.214341578103,531.1612975892137,5.153296322232981,3,TIME,2024
TSLA,2024-12-12,2024-12-16,424.8399963378906,463.0199890136719,24.51145534991897,10413.446601095944,935.8471857326454,8.98691107355516,4,TIME,2024
AVGO,2024-12-12,2024-12-16,178.1741866560525,246.19216918945312,58.25987143242318,10380.40520715819,3962.7189174887253,38.17499257886472,4,TIME,2024
AVGO,2024-12-16,2024-12-19,228.25952497408727,214.9947052001953,49.913184665715946,11393.159821740219,-662.0893989317098,-5.811288609050513,3,TIME,2024
TSLA,2024-12-16,2024-12-19,441.0899963378906,436.1700134277344,26.235405459816295,11572.174898193445,-129.07774650331615,-1.115414756853239,3,TIME,2024
AVGO,2024-12-19,2024-12-23,224.43863322495875,229.424072265625,50.05789881723371,11234.926392653213,249.56060305715786,2.2212927288989714,4,TIME,2024
TSLA,2024-12-19,2024-12-23,451.8800048828125,430.6000061035156,24.653398321623264,11140.377753953042,-524.6242861896627,-4.709214514772675,4,TIME,2024
AVGO,2024-12-23,2024-12-26,223.83534381678237,242.27023315429688,49.94704350702493,11179.913656026712,920.768219788027,8.235915304155084,3,TIME,2024
TSLA,2024-12-23,2024-12-26,431.0,454.1300048828125,26.069006377316402,11235.74174862337,602.9762447973986,5.366590460049303,3,TIME,2024
BA,2024-12-23,2024-12-26,178.1199951171875,180.3800048828125,63.06791246285927,11233.656259935702,142.5340980636446,1.2688130628670358,3,TIME,2024
AVGO,2024-12-26,2024-12-30,236.9777299168223,232.6134033203125,48.58333891795476,11513.169368556526,-212.0335581868802,-1.841661070026146,4,TIME,2024
TSLA,2024-12-26,2024-12-30,465.1600036621094,417.4100036621094,24.86154177748078,11564.594864258645,-1187.1386198747073,-10.265284982387568,4,TIME,2024
NVDA,2025-01-02,2025-01-06,135.79717669922962,149.20716857910156,82.72141738133746,11233.334932944208,1109.2935353752328,9.875015229199535,4,TIME,2025
AVGO,2025-01-06,2025-01-10,233.52180065326024,221.4853057861328,49.05406522206571,11455.193640019255,-590.4390042571281,-5.1543345561126275,4,TIME,2025
NVDA,2025-01-06,2025-01-10,148.3684248105369,135.7073211669922,77.20188332565098,11454.32182143369,-977.461046262914,-8.533556691535049,4,TIME,2025
AMD,2025-01-06,2025-01-10,129.07000732421875,116.04000091552734,88.84536833054115,11467.27234114586,-1157.6557187294998,-10.095301518005295,4,TIME,2025
TSLA,2025-01-17,2025-01-21,421.5,424.0700073242188,25.883944213924906,10910.082486169347,66.52192620945802,0.6097289025430053,4,TIME,2025
NFLX,2025-01-22,2025-01-27,99.8030014038086,97.18900299072266,109.44948265848838,10923.38687141124,-286.10077398236547,-2.619158117810061,5,TIME,2025
NVDA,2025-01-23,2025-01-27,144.83369562852502,118.24340057373048,75.22115486322049,10894.557848285822,-2000.152702175426,-18.35919116708472,4,TIME,2025
AVGO,2025-01-23,2025-01-27,235.40776470049263,199.58462524414065,46.4179893650164,10927.15511830975,-1662.8381063064458,-15.217484224417777,4,TIME,2025
ORCL,2025-01-24,2025-01-27,185.4524965140062,155.6055145263672,58.77407679015246,10899.799271039683,-1754.2288112957935,-16.09413868709222,3,TIME,2025
NFLX,2025-01-27,2025-01-30,97.11000061035156,97.3239974975586,100.73857204379867,9782.722792659233,21.557740839054176,0.2203654472886729,3,TIME,2025
META,2025-01-27,2025-01-30,623.5280757089856,683.6210327148438,15.691858781068136,9784.314510056563,942.9701950727248,9.637570359206226,3,TIME,2025
ORCL,2025-01-28,2025-01-31,160.23592293924344,167.1864776611328,61.991218013614684,9933.220032539402,430.87335308020323,4.337700681840739,3,TIME,2025
NEE,2025-01-28,2025-01-31,68.64422872185861,67.9134750366211,144.8851678523813,9945.530600463739,-105.87537034438378,-1.0645522556579023,3,TIME,2025
LLY,2025-01-29,2025-02-03,797.1641533921704,800.5621337890625,11.876883810302825,9467.826027577226,40.35741836357392,0.42625855445614924,5,TIME,2025
NFLX,2025-01-30,2025-02-03,98.6750030517578,97.8939971923828,102.10776765700614,10075.484285163257,-79.7467648278229,-0.7914931190479368,4,TIME,2025
BA,2025-01-30,2025-02-03,174.58999633789062,175.8699951171875,57.551376732209135,10047.894652916957,73.66569196408227,0.7331455445016788,4,TIME,2025
ORCL,2025-01-31,2025-02-03,167.53056967834289,165.7511444091797,60.00122013068263,10052.038589888916,-106.76768728116025,-1.0621495960884464,3,TIME,2025
CRM,2025-01-31,2025-02-03,343.9925143071796,335.3333740234375,29.209674582460057,10047.909401714951,-252.93066985197729,-2.517246720086941,3,TIME,2025
NFLX,2025-02-03,2025-02-06,97.3000030517578,101.56800079345705,102.52356897415201,9975.543574062092,437.5703608526278,4.3864312516300075,3,TIME,2025
META,2025-02-03,2025-02-06,672.5855459885331,708.4880981445312,14.849744115794149,9987.723253911414,533.1437126205259,5.337990441532647,3,TIME,2025
CRM,2025-02-04,2025-02-07,341.6399087639986,322.0777893066406,29.574895230179475,10103.964508143334,-578.547633431618,-5.72594680994114,3,TIME,2025
NVDA,2025-02-10,2025-02-13,129.89599772289156,135.08824157714844,77.40020507420599,10053.9768620704,401.88073911476766,3.997231589331607,3,TIME,2025
AVGO,2025-02-10,2025-02-13,224.56603020047768,232.8306427001953,45.0102236315829,10107.7672393803,371.99205684066584,3.680259428525101,3,TIME,2025
ORCL,2025-02-10,2025-02-13,173.02608551932204,170.92222595214844,58.80853226965393,10175.410133754951,-123.72489324694884,-1.215920455496089,3,TIME,2025
BA,2025-02-12,2025-02-18,178.33999633789062,184.97000122070312,56.665840390260854,10105.785767682615,375.69479847610324,3.717620847233283,6,TIME,2025
NVDA,2025-02-13,2025-02-18,131.36380821970238,139.19212341308594,78.1377469506014,10264.472005138436,611.6869116301528,5.9592632852809135,5,TIME,2025
AVGO,2025-02-13,2025-02-18,233.08736317238228,225.6521759033203,44.286724217425245,10322.675771382135,-329.2800880898586,-3.189871457580129,5,TIME,2025
AVGO,2025-02-18,2025-02-21,227.20241250589544,215.90647888183597,45.402804720428335,10315.626767015376,-512.8670684680926,-4.971748979015079,3,TIME,2025
NVDA,2025-02-18,2025-02-21,141.05934526698334,134.22952270507812,73.02989907949859,10301.54974906794,-498.7812524268206,-4.841807927704755,3,TIME,2025
UPS,2025-02-18,2025-02-21,103.78954164016284,105.4023208618164,98.99144925390372,10274.277144358108,159.65135247806953,1.5538937701883748,3,TIME,2025
NKE,2025-02-21,2025-02-24,73.67703123045918,76.41850280761719,137.69864507159755,10145.227373332007,377.4969216769535,3.7209311116008115,3,TIME,2025
UNH,2025-03-07,2025-03-10,465.8975502270383,464.3976135253906,21.937713028726375,10220.726757667398,-32.90518092200157,-0.3219456081957839,3,TIME,2025
AMD,2025-03-17,2025-03-20,102.5999984741211,107.13999938964844,99.55307868800136,10214.145721482997,451.97106838709186,4.4249522251917695,3,TIME,2025
COP,2025-03-17,2025-03-20,94.624061644371,97.54144287109376,108.36321783358088,10253.76780426716,316.13681737495864,3.083128303757743,3,TIME,2025
BA,2025-03-19,2025-03-24,165.32000732421875,180.8999938964844,62.481242085536515,10329.399399207181,973.4569127111386,9.424138568848983,5,TIME,2025
AVGO,2025-03-20,2025-03-24,189.68048276833616,189.4130706787109,55.15387720929148,10461.61405560394,-14.748813555471264,-0.1409802873350241,4,TIME,2025
NVDA,2025-03-20,2025-03-24,116.3868956857552,121.24009704589844,89.79453867265826,10450.907605645189,435.790977219579,4.169886421961877,4,TIME,2025
AMD,2025-03-20,2025-03-24,105.12000274658205,113.8499984741211,99.75662223522397,10486.416403356492,870.874885907232,8.304790239194414,4,TIME,2025
COP,2025-03-20,2025-03-24,96.43551295753912,97.4270248413086,104.84207237862594,10110.499029364237,103.95216068242719,1.02816053273449,4,TIME,2025
TSLA,2025-03-24,2025-03-27,258.0799865722656,273.1300048828125,42.00880768487097,10841.632523228389,632.2333248615504,5.83153250681554,3,TIME,2025
NVDA,2025-03-24,2025-03-27,119.71223179694545,111.2740478515625,91.98953499265247,11012.272535933636,-776.2246173182427,-7.048723274740798,3,TIME,2025
NFLX,2025-03-24,2025-03-27,96.96700286865234,97.6719970703125,113.85710326269466,11040.38205869016,80.2685976180214,0.7270454699060069,3,TIME,2025
AMD,2025-03-24,2025-03-27,109.7300033569336,106.6500015258789,100.662212412811,11045.664905974114,-310.0397985494738,-2.8068912210236108,3,TIME,2025
BA,2025-03-24,2025-03-27,182.02999877929688,179.11000061035156,56.4094416369545,10268.210592315645,-164.7154662911346,-1.60413019201614,3,TIME,2025
TSLA,2025-03-27,2025-03-31,272.4800109863281,259.1600036621094,39.39348391993098,10733.936931292534,-524.7214943399742,-4.888434669391984,4,TIME,2025
AMD,2025-03-27,2025-03-31,106.11000061035156,102.73999786376952,101.20684171466046,10739.058036114375,-341.06733455130006,-3.175952056542808,4,TIME,2025
MS,2025-03-27,2025-03-31,114.57204589623068,112.39486694335938,93.82732331835537,10749.988393551086,-204.278873532974,-1.9002706426689775,4,TIME,2025
BA,2025-03-27,2025-03-31,178.52999877929688,170.5500030517578,60.2209931688874,10751.253836929513,-480.5632681958805,-4.469834639613779,4,TIME,2025
NFLX,2025-03-27,2025-03-31,97.4219970703125,93.25299835205078,109.78472809232103,10695.447458575154,-457.6923907015977,-4.279319705643914,4,TIME,2025
TSLA,2025-03-31,2025-04-03,249.30999755859372,267.2799987792969,41.44347342749406,10332.272259028188,744.739268082247,7.207894347068766,3,TIME,2025
BA,2025-03-31,2025-04-03,170.64999389648438,150.91000366210938,61.02500043795824,10413.91595227053,-1204.6329126980258,-11.567530583299757,3,TIME,2025
TSLA,2025-04-03,2025-04-07,265.2900085449219,233.2899932861328,38.60037393142543,10240.293530105033,-1235.2125548005774,-12.06227683971387,4,TIME,2025
WMT,2025-04-09,2025-04-14,82.24286365100548,93.49412536621094,121.509035258681,9993.251019144918,1367.1299564575477,13.680532529788557,5,TIME,2025
UNH,2025-04-09,2025-04-14,541.6843966609358,567.7174072265625,18.726098544774768,10143.635392039549,487.49672126908797,4.805936948913425,5,TIME,2025
AVGO,2025-04-11,2025-04-14,171.9523950141319,176.64686584472656,60.26570825362957,10362.83287143454,282.91560948179233,2.7300991243587314,3,TIME,2025
AVGO,2025-04-14,2025-04-17,183.30232194501684,169.34765625,56.85012260626138,10420.759476586603,-793.3244556910971,-7.612923582715259,3,TIME,2025
WMT,2025-04-14,2025-04-17,92.0531663679569,92.00382995605467,112.38165057978107,10345.086777526187,-5.5445074032567545,-0.05359556205272176,3,TIME,2025
UNH,2025-04-14,2025-04-17,575.3958006073989,439.1478576660156,18.03536667577316,10377.4742476545,-2457.281609767667,-23.678995014832804,3,TIME,2025
NFLX,2025-04-15,2025-04-21,95.0,98.79100036621094,108.71008670456402,10327.458236933582,412.11997850782495,3.990526701274666,6,TIME,2025
AVGO,2025-04-17,2025-04-21,174.55712880982253,164.61358642578125,56.254369703630196,9819.601258471954,-559.3677094355745,-5.696440157923666,4,TIME,2025
BA,2025-04-17,2025-04-21,157.1300048828125,159.33999633789062,62.120472450080186,9760.990139403719,137.28571330009328,1.4064732300659744,4,TIME,2025
LLY,2025-04-17,2025-04-21,831.9938270877084,809.4525146484375,11.803276194969497,9820.252933625916,-266.0613365178158,-2.7093124618693287,4,TIME,2025
WMT,2025-04-17,2025-04-21,90.631964843315,91.20439910888672,100.61951384813736,9119.344241635832,57.59805751184153,0.6316030625192148,4,TIME,2025
AVGO,2025-04-21,2025-04-24,165.38609344269528,186.3428192138672,58.806905104493495,9725.844302687476,1232.4001837261994,12.671395360356108,3,TIME,2025
MS,2025-04-21,2025-04-24,104.17744272661852,111.36408233642578,93.27123318642847,9716.758553320233,670.3067388731562,6.8984603784778775,3,TIME,2025
GS,2025-04-21,2025-04-24,490.5669456363257,529.3638305664062,19.739798234397686,9683.692527325808,765.8426806429337,7.908581137637838,3,TIME,2025
BA,2025-04-21,2025-04-24,160.0,176.25999450683594,60.42631780649748,9668.210849039597,982.5315956019716,10.162496566772461,3,TIME,2025
BAC,2025-04-21,2025-04-24,35.884071451896425,38.313777923583984,269.20675776106924,9660.234530831582,654.0934015540951,6.770988835379632,3,TIME,2025
GS,2025-04-24,2025-04-28,511.6300212072988,530.3637084960938,20.692451154029577,10586.879222767147,387.64590915825437,3.6615692027979208,4,TIME,2025
BA,2025-04-24,2025-04-28,171.1999969482422,182.3000030517578,62.26793580362995,10660.270419554789,691.1744674736116,6.48364854052621,4,TIME,2025
LLY,2025-04-24,2025-04-28,827.2441417664407,868.1016845703125,12.962661200943682,10723.285540183797,529.622484869644,4.938994516978679,4,TIME,2025
BAC,2025-04-24,2025-04-28,37.42320818988372,38.50737380981445,288.16775639664814,10784.16194124346,312.42157425782153,2.8970408267236847,4,TIME,2025
GE,2025-04-24,2025-04-28,193.0661734214282,199.5536956787109,52.7269941164986,10179.798990086543,342.06754789039894,3.3602583727195157,4,TIME,2025
TSLA,2025-04-28,2025-05-01,288.9800109863281,280.5199890136719,38.20148522320937,11039.465619497094,-323.1854043764543,-2.9275457301634944,3,TIME,2025
AVGO,2025-04-28,2025-05-01,188.6999992714509,195.4346466064453,58.377216187369896,11015.780652026031,393.14996342066297,3.5689705145713457,3,TIME,2025
NKE,2025-04-28,2025-05-01,55.2313064862207,54.30328750610352,199.8542889995598,11038.213488320414,-185.46857344941566,-1.6802408618537878,3,TIME,2025
AAPL,2025-04-28,2025-05-01,208.71623364812055,212.01596069335935,52.80927228324446,11022.152412656867,174.25618399240133,1.58096329526618,3,TIME,2025
MS,2025-04-28,2025-05-01,111.63381102505566,113.3840789794922,98.7480578271875,11023.622026571518,172.8355611777724,1.5678654507671475,3,TIME,2025
TSLA,2025-05-01,2025-05-05,280.010009765625,280.260009765625,39.59066740124451,11085.783165650086,9.897666850311127,0.08928252251025892,4,TIME,2025
LLY,2025-05-01,2025-05-05,835.1603548324765,812.8565063476562,13.278672994041687,11089.821249408278,-296.1655105385804,-2.6706067111260556,4,TIME,2025
NVDA,2025-05-01,2025-05-05,112.92175572108304,113.66072082519533,97.04673754739875,10958.68799085542,71.7141525154708,0.6544045471074122,4,TIME,2025
AMD,2025-05-01,2025-05-05,99.2699966430664,100.58999633789062,110.10573711882489,10930.1961541681,145.33953939524451,1.3297065976242362,4,TIME,2025
AVGO,2025-05-01,2025-05-05,196.2368641362023,198.79209899902344,55.40498674039492,10872.500855442968,141.57275369319916,1.302117659731672,4,TIME,2025
TSLA,2025-05-05,2025-05-08,284.57000732421875,284.82000732421875,39.00711459513152,11100.254886033217,9.75177864878288,0.08785184438468985,3,TIME,2025
NVDA,2025-05-05,2025-05-08,112.75199823422923,117.20574951171876,98.15019640990317,11066.630772298655,437.1365626464546,3.950041992371056,3,TIME,2025
AMD,2025-05-05,2025-05-08,99.0,101.6999969482422,111.96433366116912,11084.469032455743,302.30335919712826,2.727269644689101,3,TIME,2025
META,2025-05-05,2025-05-08,588.8354461921188,595.5980834960938,18.884857697453782,11120.073608554867,127.71144314506033,1.1484765986333967,3,TIME,2025
AVGO,2025-05-05,2025-05-08,198.3266121086913,205.77438354492188,56.11877303043917,11129.846130823596,417.9597948124112,3.7553061372060714,3,TIME,2025
TSLA,2025-05-08,2025-05-12,279.6300048828125,318.3800048828125,40.622348372391635,11359.227473723184,1574.1159994301759,13.857597297628832,4,TIME,2025
AMD,2025-05-08,2025-05-12,101.91999816894533,108.12000274658205,111.8661076923255,11401.393491168856,693.5703797748203,6.083207112464262,4,TIME,2025
NVDA,2025-05-08,2025-05-12,118.084515254596,122.82786560058594,96.5111414527805,11396.471355119333,457.7861562019303,4.01691139245739,4,TIME,2025
META,2025-05-08,2025-05-12,603.8446565426235,636.85107421875,18.845093841338233,11379.509218136394,622.0090384730087,5.466044506398093,4,TIME,2025
AVGO,2025-05-08,2025-05-12,206.00217017474864,219.4517517089844,54.65736511861425,11259.535830468143,735.1186886092961,6.528854294508979,4,TIME,2025
TSLA,2025-05-12,2025-05-15,321.989990234375,342.82000732421875,37.81405601260573,12175.747526221028,787.6674329788863,6.469150508275634,3,TIME,2025
AMD,2025-05-12,2025-05-15,110.41999816894533,114.98999786376952,110.02034133324177,12148.445888563296,502.79292631736814,4.1387427735979365,3,TIME,2025
NVDA,2025-05-12,2025-05-15,121.79930827024248,134.64129638671875,99.32598800507581,12097.836632276636,1275.5431576184485,10.543564080005341,3,TIME,2025
META,2025-05-12,2025-05-15,628.3753866174048,641.2831420898438,19.28507924557882,12118.26912688788,248.927087168538,2.0541472099858016,3,TIME,2025
AVGO,2025-05-12,2025-05-15,217.3818295426096,230.4055328369141,55.89685216039034,12150.959988298422,727.9840176225263,5.9911646349225745,3,TIME,2025
TSLA,2025-05-15,2025-05-19,340.3399963378906,342.0899963378906,37.857232735498364,12884.330450562185,66.25015728712214,0.5141916961950654,4,TIME,2025
AMD,2025-05-15,2025-05-19,117.0199966430664,114.73999786376952,110.26412657093437,12903.107721181388,-251.40207398196804,-1.9483839042068407,4,TIME,2025
META,2025-05-15,2025-05-19,651.6412216753015,637.8470458984375,19.73223928292334,12858.340512713541,-272.1899771397853,-2.116835970167852,4,TIME,2025
NVDA,2025-05-15,2025-05-19,134.10204362723803,135.3802947998047,95.57992216258641,12817.462891735178,122.17514757815572,0.9531929104076964,4,TIME,2025
AMZN,2025-05-15,2025-05-19,206.4499969482422,206.16000366210935,62.135003287534914,12827.771239090602,-18.018733787227124,-0.14046659744225698,4,TIME,2025
TSLA,2025-05-19,2025-05-22,336.29998779296875,341.0400085449219,38.10197389136316,12813.693354553445,180.60414693543754,1.40946206482504,3,TIME,2025
AMD,2025-05-19,2025-05-22,115.0199966430664,110.70999908447266,111.78765328376848,12857.815505435321,-481.80451273396676,-3.747172391222253,3,TIME,2025
META,2025-05-19,2025-05-22,625.7161768945482,634.0026245117188,20.538953440401794,12851.555424143338,170.19496179539436,1.3243141096809241,3,TIME,2025
AVGO,2025-05-19,2025-05-22,219.7191577202822,228.31578063964844,58.71762220798334,12901.386494875836,504.7732568438377,3.9125504614897277,3,TIME,2025
NVDA,2025-05-19,2025-05-22,132.20473687113784,132.64410400390625,95.63965931178107,12644.015993759285,42.020922890764844,0.3323384193084422,3,TIME,2025
TSLA,2025-05-22,2025-05-27,331.8999938964844,362.8900146484375,38.85764190077723,12896.851109699739,1204.1991288770496,9.33715616807711,5,TIME,2025
AMD,2025-05-22,2025-05-27,111.9000015258789,114.55999755859376,115.88813955410046,12967.882992935109,308.261991452613,2.3771188529427167,5,TIME,2025
GOOGL,2025-05-22,2025-05-27,171.0439874928675,172.08908081054688,75.65481692055873,12940.301559135229,79.06634361393236,0.6110085089795714,5,TIME,2025
NVDA,2025-05-22,2025-05-27,132.0449376190489,135.31036376953125,97.88745279595722,12925.542598129765,319.6442481640244,2.4729658019174705,5,TIME,2025
AVGO,2025-05-22,2025-05-27,226.1468129579581,233.38661193847656,56.39556499507173,12753.677288598856,408.29255395708276,3.2013712180256837,5,TIME,2025
TSLA,2025-05-27,2025-05-30,347.3500061035156,346.4599914550781,38.464786895472145,13360.743962912678,-34.234223785996996,-0.2562299216347985,3,TIME,2025
AMD,2025-05-27,2025-05-30,113.18000030517578,110.7300033569336,119.10489971701357,13480.292586319527,-291.806640827375,-2.164690706517114,3,TIME,2025
GOOGL,2025-05-27,2025-05-30,169.36194132235366,170.93450927734375,79.78867842270994,13513.165473215146,125.47311885856303,0.9285249936979323,3,TIME,2025
NVDA,2025-05-27,2025-05-30,133.96224703921547,134.94090270996094,101.19779821529937,13556.684444342613,99.03779909035832,0.7305458757040473,3,TIME,2025
AVGO,2025-05-27,2025-05-30,230.63331462000428,239.7449493408203,55.901869029701544,12892.83334777343,509.35741080953875,3.9507018905003077,3,TIME,2025
UNH,2025-05-30,2025-06-02,288.1524294683198,294.6800231933594,46.649995214493174,13442.309455741699,304.5122160352527,2.2653266318399146,3,TIME,2025
NVDA,2025-06-05,2025-06-09,141.97103980754113,142.43040466308594,95.11243924996239,13503.211898948748,43.69131191657307,0.3235623660765796,4,TIME,2025
AVGO,2025-06-06,2025-06-09,248.72784365167303,241.9337310791016,54.254738076189845,13494.66400957702,-368.6127980850116,-2.731544837451394,3,TIME,2025
AMD,2025-06-06,2025-06-09,117.69000244140624,121.7300033569336,114.27835790025064,13449.420220280394,461.68467054197566,3.4327477540318174,3,TIME,2025
AVGO,2025-06-09,2025-06-12,242.6963395919321,253.6104736328125,55.751003738143105,13530.564535823454,608.4739277117188,4.4970328185548025,3,TIME,2025
AMD,2025-06-09,2025-06-12,119.18000030517578,118.5,113.45914803816544,13522.061297813541,-77.15225529093664,-0.5705657857312918,3,TIME,2025
AVGO,2025-06-12,2025-06-16,247.78694576683623,249.6786193847656,55.03449274983058,13636.82887030761,104.10729801097973,0.7634274727730928,4,TIME,2025
AMD,2025-06-16,2025-06-20,118.63999938964844,128.24000549316406,115.1184288618722,13657.650329909806,1105.1376197011025,8.091711187545103,4,TIME,2025
ORCL,2025-06-17,2025-06-20,207.8443858835897,202.42774963378903,66.64808689239172,13852.43069046528,-361.0084434411932,-2.606101784646919,3,TIME,2025
TSLA,2025-06-20,2025-06-23,327.95001220703125,348.67999267578125,42.09933115186442,13806.476165161788,872.7183125255879,6.321079340489066,3,TIME,2025
AMD,2025-06-20,2025-06-23,129.0,129.5800018310547,106.64903153287466,13757.72506774083,61.85663356927641,0.4496138225230206,3,TIME,2025
ORCL,2025-06-20,2025-06-23,210.49842572171352,204.2727508544922,65.2808422913468,13741.514532115958,-406.41729916427704,-2.9575873766637506,3,TIME,2025
TSLA,2025-06-23,2025-06-26,327.5400085449219,325.7799987792969,42.474529314301684,13912.107694547907,-74.7555863834963,-0.537341918455625,3,TIME,2025
AMD,2025-06-23,2025-06-26,130.47000122070312,143.67999267578125,108.007126066048,14091.689869681919,1426.77321242004,10.124926290705005,3,TIME,2025
ORCL,2025-06-23,2025-06-26,202.76320163894977,209.97552490234372,69.40344451398413,14072.464614426624,500.56007742787926,3.5570178440151867,3,TIME,2025
AVGO,2025-06-24,2025-06-27,256.8877483845425,267.3907775878906,55.77361765251178,14327.559058014123,585.791934980705,4.088567582298963,3,TIME,2025
ORCL,2025-06-26,2025-06-30,209.16647752709252,215.70787048339844,68.88705287113528,14408.862196277953,450.6172824319173,3.127362010223944,4,TIME,2025
AMD,2025-06-26,2025-06-30,145.97000122070312,141.89999389648438,98.78748135610469,14420.00877414079,-402.0657726604693,-2.7882491540607734,4,TIME,2025
NKE,2025-06-27,2025-06-30,67.21304664739225,68.4168930053711,213.2499804413202,14333.180882957939,256.72021229334365,1.79109029872484,3,TIME,2025
AMD,2025-06-30,2025-07-03,144.0,137.91000366210938,100.42247199062422,14460.835966649887,-611.5724866648253,-4.229164123535156,3,TIME,2025
NKE,2025-06-30,2025-07-03,68.81175018923055,73.5693359375,209.5377368861693,14418.658405827802,996.8937507342727,6.913914753201622,3,TIME,2025
AVGO,2025-07-01,2025-07-07,272.4040700215716,272.1856689453125,52.794641465582274,14381.475210554241,-11.530406516797157,-0.08017540862800265,6,TIME,2025
ORCL,2025-07-02,2025-07-07,214.77053876404943,229.1556854248047,67.52780084659265,14502.982169374138,971.3973188565082,6.697914315221332,5,TIME,2025
AMD,2025-07-03,2025-07-07,139.11000061035156,134.8000030517578,106.44655610139844,14807.78048423536,-458.7843969177399,-3.098265789435295,4,TIME,2025
NKE,2025-07-03,2025-07-07,73.4537642337789,73.70417785644531,201.24541648667474,14782.233375740847,50.39459378743958,0.3409132605776799,4,TIME,2025
AMD,2025-07-07,2025-07-10,136.55999755859375,144.16000366210938,107.26564076731594,14648.19564130566,815.2195245291156,5.5653238425511065,3,TIME,2025
ORCL,2025-07-07,2025-07-10,231.9675993039156,232.35171508789065,62.984823300512105,14610.438253601118,24.19346478060697,0.16559027430025353,3,TIME,2025
NKE,2025-07-07,2025-07-10,73.23227284825762,71.86470031738281,199.02450254465205,14575.016673838703,-272.18044265108983,-1.867445154554348,3,TIME,2025
NKE,2025-07-10,2025-07-14,70.42008698974512,69.58220672607422,209.62260601562508,14761.642150637386,-175.63864439975248,-1.189831338596492,4,TIME,2025
ORCL,2025-07-10,2025-07-14,237.23604717214215,226.6961975097656,62.47872972679833,14822.206872722249,-658.5164184167113,-4.44276904290547,4,TIME,2025
ORCL,2025-07-14,2025-07-17,226.86427993600736,245.94677734375,64.33278584972,14594.811138074092,1227.6302192101439,8.41141558870586,3,TIME,2025
AMD,2025-07-15,2025-07-18,153.75,156.99000549316406,95.38150796820925,14664.906850112173,309.0366097632698,2.1073206459603755,3,TIME,2025
TSLA,2025-07-16,2025-07-21,312.79998779296875,328.489990234375,47.52658365689223,14866.314787717398,745.6922136083374,5.015985630981201,5,TIME,2025
ORCL,2025-07-17,2025-07-21,240.59774029404676,240.7955017089844,62.47031121928122,15030.215714824899,12.354217138320092,0.0821958737833306,4,TIME,2025
AMD,2025-07-18,2025-07-21,159.58999633789062,157.0,94.54461460027457,15088.3746978251,-244.87020558199166,-1.6229064460951403,3,TIME,2025
TSLA,2025-07-21,2025-07-24,334.3999938964844,305.29998779296875,44.870753656612,15004.779748901708,-1305.7392052767552,-8.702155094094799,3,TIME,2025
AMD,2025-07-21,2025-07-24,157.6199951171875,162.1199951171875,94.85942741020219,14951.74248521527,426.86742334590986,2.8549677321423106,3,TIME,2025
AMD,2025-07-24,2025-07-28,159.1199951171875,173.66000366210938,93.19385273732809,14829.005392515537,1355.0394151349412,9.137763317685854,4,TIME,2025
AMD,2025-07-28,2025-07-31,169.0800018310547,176.30999755859375,89.30691454942443,15100.013275542527,645.6886106320349,4.276079754697015,3,TIME,2025
AMD,2025-07-31,2025-08-04,182.0200042724609,176.77999877929688,83.66745764313258,15229.150997668934,-438.41793764908385,-2.8788074772926664,4,TIME,2025
AMD,2025-08-04,2025-08-07,174.61000061035156,172.39999389648438,86.71592324157791,15141.467410139117,-191.64277256307886,-1.2656816368719292,3,TIME,2025
AVGO,2025-08-05,2025-08-08,295.64379471514013,302.7517395019531,51.1976394309293,15136.264401817425,363.90999429020525,2.404225934679838,3,TIME,2025
AMD,2025-08-07,2025-08-11,166.83999633789062,172.27999877929688,90.88720408440467,15163.620796603194,494.42661211174953,3.2606105015663855,4,TIME,2025
TSLA,2025-08-07,2025-08-11,319.7900085449219,339.0299987792969,47.73347170107805,15264.687323166536,918.3915293815571,6.016445079669297,4,TIME,2025
AVGO,2025-08-08,2025-08-11,301.8384179801744,301.689453125,50.94666755839214,15377.66153718696,-7.589262954455549,-0.04935251654553108,3,TIME,2025
TSLA,2025-08-12,2025-08-15,345.0,330.5599975585937,44.802801826644384,15456.966630192313,-646.9525677585879,-4.185507954030809,3,TIME,2025
UNH,2025-08-14,2025-08-18,265.002735002078,300.4435729980469,58.00905425036594,15372.558031230892,2055.889493986589,13.373763103120794,4,TIME,2025
TSLA,2025-08-15,2025-08-18,337.6600036621094,335.1600036621094,46.46133285505866,15688.13382198559,-116.15333213764664,-0.7403897331298093,3,TIME,2025
AVGO,2025-08-15,2025-08-18,308.7676129160397,303.5359802246094,50.5951985218861,15622.15867261591,-264.6954946165063,-1.6943592762278858,3,TIME,2025
UNH,2025-08-18,2025-08-21,305.0112449986687,295.4376525878906,51.35084199979397,15662.584250087086,-491.61203125629163,-3.1387670349071417,3,TIME,2025
TSLA,2025-08-18,2025-08-21,329.6199951171875,320.1099853515625,47.37477616882189,15615.673489444922,-450.5345840097947,-2.885143470208462,3,TIME,2025
LLY,2025-08-21,2025-08-25,700.7802977632224,690.9721069335938,22.081321316288246,15474.154927033867,-216.57781324050185,-1.3996099577763266,4,TIME,2025
UNH,2025-08-21,2025-08-25,294.4053032087613,296.9082336425781,52.629589224799645,15494.430173479697,131.72820059002777,0.8501648599862355,4,TIME,2025
LLY,2025-08-25,2025-08-28,706.5438798197412,727.37255859375,21.87717627452569,15457.185004503772,455.672677104463,2.947966767375121,3,TIME,2025
UNH,2025-08-25,2025-08-28,300.4435560517388,294.40533447265625,51.22110762723841,15389.05172043635,-309.284397379302,-2.009769042289844,3,TIME,2025
UNH,2025-08-28,2025-09-02,296.3142031867543,300.7454833984375,52.26365288567805,15486.462660448804,231.5948908225848,1.495466691784042,5,TIME,2025
AVGO,2025-09-04,2025-09-08,302.8410608781425,343.13580322265625,51.29021009757794,15532.78163861332,2066.7258006778798,13.305574292888767,4,TIME,2025
TSLA,2025-09-05,2025-09-08,348.0,346.3999938964844,45.50733751229622,15836.553454279085,-72.8120177744195,-0.4597718688263308,3,TIME,2025
AVGO,2025-09-08,2025-09-11,340.2569033164437,357.01416015625,46.82216360611921,15931.564395194013,784.6110213431709,4.924883720646167,3,TIME,2025
ORCL,2025-09-10,2025-09-15,315.5929607619938,298.7351379394531,51.27139637830491,16180.891785431013,-864.3241160097189,-5.341634611189605,5,TIME,2025
AVGO,2025-09-11,2025-09-15,368.4801366758269,361.4417114257813,43.35000300710404,15973.615032955204,-305.1157557547528,-1.9101233823731634,4,TIME,2025
TSLA,2025-09-11,2025-09-15,350.1700134277344,410.0400085449219,45.33285090361,15874.205009634596,2714.0775622473197,17.097407779476548,4,TIME,2025
ORCL,2025-09-15,2025-09-18,302.9965652670561,293.27734375,54.11749180426124,16397.414137559215,-525.979890793083,-3.2077002287104306,3,TIME,2025
AVGO,2025-09-15,2025-09-18,357.2524052685907,342.8379821777344,45.769574521326824,16351.290585864013,-659.7420118388817,-4.0348008518009015,3,TIME,2025
TSLA,2025-09-15,2025-09-18,423.1300048828125,416.8500061035156,38.73428721386475,16389.639137934853,-243.25127642000515,-1.4841771339369147,3,TIME,2025
ORCL,2025-09-18,2025-09-22,299.6250091667613,324.4519958496094,53.77261246167082,16111.61950174882,1335.0119334878525,8.286019498802988,4,TIME,2025
AVGO,2025-09-18,2025-09-22,347.4541527190247,336.9019470214844,46.174015379301586,16043.35339125045,-487.237708163781,-3.037006642448614,4,TIME,2025
TSLA,2025-09-18,2025-09-22,428.8699951171875,434.2099914550781,37.30903105255683,16000.723965337047,199.23008919090108,1.2451317179303922,4,TIME,2025
ADBE,2025-09-18,2025-09-22,366.8599853515625,364.0799865722656,43.370860197295656,15911.03313666455,-120.57093840553735,-0.7577819577768374,4,TIME,2025
UNH,2025-09-18,2025-09-22,336.68039752186525,334.4948425292969,47.27402548524529,15916.237692831171,-103.31998241808222,-0.6491482749382271,4,TIME,2025
ORCL,2025-09-22,2025-09-25,306.1407128681622,288.0469055175781,53.1658858045985,16276.242180487092,-961.9732953715585,-5.910291114522915,3,TIME,2025
TSLA,2025-09-22,2025-09-25,431.1099853515625,423.3900146484375,38.20590999078991,16470.949296472554,-294.94850581512884,-1.7907195299198375,3,TIME,2025
AMD,2025-09-22,2025-09-25,157.4199981689453,161.27000427246094,104.78107736732815,16494.637007304915,403.4077873971563,2.4456906036701476,3,TIME,2025
UNH,2025-09-22,2025-09-25,327.7912281730855,338.6698608398437,50.47207403279191,16544.303135651757,549.0671533321665,3.3187686953641826,3,TIME,2025
TSLA,2025-09-25,2025-09-29,435.239990234375,443.2099914550781,37.256118859077525,16215.352808395617,296.93131278550857,1.8311739269204708,4,TIME,2025
TSLA,2025-09-29,2025-10-02,444.3500061035156,436.0,36.62594542006456,16274.739070952719,-305.82686780456925,-1.87915066700155,3,TIME,2025
AMD,2025-10-02,2025-10-06,168.67999267578125,203.7100067138672,96.1203130270216,16213.573697391805,3367.095914681781,20.76714225700549,4,TIME,2025
AMD,2025-10-06,2025-10-09,226.4499969482422,232.88999938964844,74.57272293179975,16886.992880328162,480.2485177431022,2.8438960159836935,3,TIME,2025
AMD,2025-10-09,2025-10-13,236.3000030517578,216.4199981689453,71.87068288000366,16983.04258387678,-1428.7895265855414,-8.413036236168859,4,TIME,2025
AMD,2025-10-13,2025-10-16,220.1999969482422,234.55999755859372,75.82781521329609,16697.28467855967,1088.8874727445552,6.521344600075918,3,TIME,2025
ORCL,2025-10-13,2025-10-16,295.8464187128292,310.009765625,56.24526043333,16639.95886877107,796.6211356826483,4.787398466336956,3,TIME,2025
AVGO,2025-10-13,2025-10-16,350.8040366415935,352.1763610839844,47.729459342583255,16743.68700409902,65.50030367792927,0.3911940283038762,3,TIME,2025
AMD,2025-10-16,2025-10-20,236.2899932861328,240.55999755859372,72.31574313978159,17087.486460980697,308.78853217305306,1.8071033026312744,4,TIME,2025
ORCL,2025-10-16,2025-10-20,302.68046730718675,274.531982421875,56.371213601738894,17062.46527564757,-1586.7642540352272,-9.299736165909966,4,TIME,2025
AMD,2025-10-20,2025-10-23,236.47000122070312,234.9900054931641,71.17981659288213,16831.891316608264,-105.3458244444776,-0.6258703936647403,3,TIME,2025
CRM,2025-10-21,2025-10-24,252.803504151519,253.1313018798828,66.66877281308524,16854.099384629473,21.853872280931956,0.12966502559526027,3,TIME,2025
AMD,2025-10-24,2025-10-27,243.3600006103516,259.6700134277344,69.0959602399849,16815.192926175554,1126.955997143525,6.702010509729184,3,TIME,2025
AVGO,2025-10-24,2025-10-27,350.5455270010784,360.0323486328125,48.345515954519676,16947.304368416146,458.64528655468206,2.7063022920001067,3,TIME,2025
CRM,2025-10-24,2025-10-27,255.70404842715232,253.76702880859372,66.33794451149701,16962.880975925575,-128.49789997362112,-0.7575240323621335,3,TIME,2025
AMD,2025-10-27,2025-10-30,257.8800048828125,254.83999633789065,66.33555637899948,17106.61360292047,-201.66065822430335,-1.1788461638595482,3,TIME,2025
TSLA,2025-10-28,2025-10-31,454.7799987792969,456.55999755859375,37.61893319426689,17108.338392167145,66.96165516424576,0.39139777124646,3,TIME,2025
AVGO,2025-10-28,2025-10-31,360.59915286022726,367.5700988769531,47.56458916325511,17151.750558414536,331.57018336479524,1.933156515048129,3,TIME,2025
CRM,2025-10-28,2025-10-31,253.76703478712363,258.6741027832031,67.97439482413988,17249.66061597118,333.5549773944082,1.9336900871288698,3,TIME,2025
NVDA,2025-10-28,2025-10-31,192.8040950113927,202.2320709228516,87.74038146922875,16916.704845129017,827.2142029541036,4.889925139246554,3,TIME,2025
AMD,2025-10-30,2025-11-03,259.9200134277344,259.6499938964844,65.03905844632567,16904.952944696168,-17.56181607461821,-0.10388562530798673,4,TIME,2025
AVGO,2025-10-31,2025-11-03,376.1619333582533,360.529541015625,46.067159421865405,17328.711752451763,-720.1399101930056,-4.1557613773055895,3,TIME,2025
CRM,2025-10-31,2025-11-03,253.1014986048366,259.597900390625,68.15270381953745,17249.5514706965,442.7473467995515,2.566718024823378,3,TIME,2025
AMD,2025-11-03,2025-11-06,259.3299865722656,237.6999969482422,66.78421970430827,17319.1507991575,-1444.5419792526895,-8.340720604632413,3,TIME,2025
NVDA,2025-11-04,2025-11-07,202.7414122562426,187.91030883789065,84.81345432164343,17195.19950750031,-1257.8771123119625,-7.315280708219141,3,TIME,2025
TSLA,2025-11-05,2025-11-10,452.0499877929688,445.2300109863281,37.93188791221345,17147.10946768035,-258.69459579338974,-1.5086775778797579,5,TIME,2025
AVGO,2025-11-05,2025-11-10,348.93452000871264,356.39276123046875,49.35918956599025,17223.125119227865,368.1327422935426,2.137432897602065,5,TIME,2025
CAT,2025-11-05,2025-11-10,548.5876236673902,567.3827514648438,31.540163196525995,17302.543178063872,592.8013980312479,3.4260940251997107,5,TIME,2025
AMZN,2025-11-06,2025-11-10,249.16000366210935,248.3999938964844,65.35252249451896,16283.234744062427,-49.66855530405818,-0.30502879854489295,4,TIME,2025
CAT,2025-11-10,2025-11-13,566.5379384539784,550.187744140625,29.84651164727537,16909.181178690043,-487.9962650087186,-2.885984009821363,3,TIME,2025
AMZN,2025-11-10,2025-11-13,248.33999633789065,237.5800018310547,68.10914219371378,16914.224122963755,-732.85399586967,-4.33276744201766,3,TIME,2025
LLY,2025-11-10,2025-11-13,933.8503533456447,1016.4593505859376,18.113224821100346,16915.04139941366,1496.3153392590827,8.846063712920916,3,TIME,2025
AMZN,2025-11-13,2025-11-17,243.0500030517578,232.8699951171875,69.79746546538252,16964.274194366182,-710.5387522504914,-4.18844180487522,4,TIME,2025
LLY,2025-11-13,2025-11-17,1003.7594783618752,1016.7877807617188,16.824663790639924,16887.91575010666,219.19680764015578,1.2979506227035253,4,TIME,2025
LLY,2025-11-17,2025-11-20,998.8941854985958,1038.2740478515625,16.884677126261863,16866.005805444114,664.9162611064777,3.9423457383837235,3,TIME,2025
LLY,2025-11-20,2025-11-24,1040.4733836088883,1065.014892578125,16.337745227758074,16998.98905766541,400.9529210441289,2.3586868588713283,4,TIME,2025
GOOGL,2025-11-21,2025-11-24,295.6511046778972,317.7535705566406,57.65297160674288,17045.164743496975,1274.2728377461983,7.475861083902724,3,TIME,2025
AVGO,2025-11-24,2025-11-28,345.79212752621737,400.7143249511719,50.128481331921705,17334.034209423477,2753.1663483249504,15.883009777540536,4,TIME,2025
GOOGL,2025-11-24,2025-11-28,310.322914576409,319.3494873046875,56.82926059056904,17635.421779687644,512.9734538150624,2.908767707534521,4,TIME,2025
MRK,2025-11-24,2025-11-28,96.86086916585644,102.44072723388672,182.94154976410033,17719.877516699536,1020.7878824291776,5.7606937828276195,4,TIME,2025
TSLA,2025-11-28,2025-12-01,426.5899963378906,430.1400146484375,42.64380295483622,18191.419746337313,151.3862813210215,0.8321850819340337,3,TIME,2025
AVGO,2025-11-28,2025-12-01,397.1244577834378,383.9284057617188,45.88474091148791,18221.95285500816,-605.4974280710911,-3.32290085968846,3,TIME,2025
GOOGL,2025-11-28,2025-12-01,322.5312152935296,314.0732116699219,56.598853116819555,18254.896879987788,-478.7133047541019,-2.622382957851155,3,TIME,2025
MRK,2025-11-28,2025-12-01,102.45049394695296,99.50910186767578,177.8310650059098,18218.88044896816,-523.0708860578083,-2.871037479624239,3,TIME,2025
AVGO,2025-12-01,2025-12-04,392.64955094985896,378.9065551757813,45.58833859741448,17900.240678824917,-626.5203446914885,-3.5000665964934785,3,TIME,2025
TSLA,2025-12-01,2025-12-04,425.3200073242188,454.5299987792969,41.899567074166484,17820.724174866085,1223.8859962078734,6.867768022210963,3,TIME,2025
GOOGL,2025-12-01,2025-12-04,316.8759202886677,316.79608154296875,56.36627548925389,17861.1154189019,-4.500212734784313,-0.025195586217541255,3,TIME,2025
MRK,2025-12-01,2025-12-04,102.33323265910175,98.5905303955078,174.23000628810914,17829.519769677834,-652.0910389204951,-3.657367373570475,3,TIME,2025
AVGO,2025-12-04,2025-12-05,378.5584996226792,388.0652160644531,47.25397944208635,17888.395558797136,449.23018330132834,2.5112938822532183,1,FINAL,2025
TSLA,2025-12-04,2025-12-05,449.9400024414063,455.0,39.764601644009836,17891.684960787334,201.20878723714054,1.1245938416539536,1,FINAL,2025
GOOGL,2025-12-04,2025-12-05,321.39413892489085,320.4366455078125,55.78256310443126,17928.188835972072,-53.41143696025078,-0.29791875492232167,1,FINAL,2025
MRK,2025-12-04,2025-12-05,99.77295137120343,97.44718933105467,179.17572152645315,17876.890550759097,-416.72009164248976,-2.3310546678085187,1,FINAL,2025
BA,2025-12-04,2025-12-05,202.8500061035156,201.88999938964844,87.91973274757694,17834.518324465444,-84.4035337190802,-0.4732593960964704,1,FINAL,2025
