Ticker,Entry_Date,Exit_Date,Entry_Price,Exit_Price,Shares,Margin,PnL,Return,Hold_Days
PFE,2022-01-05,2022-01-05,55.8120801525116,55.65781606864929,26.87590206100746,1500.0,2.648059402619154,0.001765372935079436,1
ADBE,2022-01-05,2022-01-05,534.7325000000001,514.6872076721191,2.8051408882011097,1500.0,54.75798405944524,0.036505322706296826,1
AMD,2022-01-06,2022-01-06,136.12190744018557,136.29811072540284,11.08113994936577,1508.3859065193099,-3.4618954361814014,-0.0022950992986734615,1
NVDA,2022-01-06,2022-01-06,27.62617938995362,28.19208849620819,54.599873736715146,1508.3859065193099,-32.42240093735008,-0.021494765230316095,1
ADBE,2022-01-06,2022-01-06,509.745,514.3770551147461,2.9590989740346836,1508.3859065193099,-15.221948799005446,-0.01009154801381763,1
PFE,2022-01-06,2022-01-06,55.13241984748841,54.86742015266418,27.359327065489314,1508.3859065193099,5.745452523093024,0.0038090070308008893,1
CRM,2022-01-06,2022-01-06,227.92597328948975,229.26456889343262,6.617876342699665,1508.3859065193099,-10.371475416384538,-0.00687587663843753,1
TSLA,2022-01-07,2022-01-07,359.94325987243656,342.4911673278808,4.165824419454048,1499.4604215944905,71.23924404773409,0.047509919582925685,1
AMD,2022-01-07,2022-01-07,136.21185877990723,132.066,11.008295716875407,1499.4604215944905,44.16219844775337,0.02945206009558581,1
NVDA,2022-01-07,2022-01-07,28.126930247306824,27.26062324047088,53.31048957033145,1499.4604215944905,44.70688185636439,0.02981531303695509,1
PFE,2022-01-07,2022-01-07,55.33232061004639,55.74786122131347,27.09917829331455,1499.4604215944905,-12.765899938990511,-0.008513662484946123,1
ADBE,2022-01-07,2022-01-07,513.403143157959,510.9553622131348,2.9206296096499567,1499.4604215944905,5.6531756145487595,0.0037701399337618444,1
TSLA,2022-01-10,2022-01-10,333.16667683410645,352.883018371582,4.567826165575007,1521.847463940504,-91.62769863861688,-0.060208201419455154,1
AMD,2022-01-10,2022-01-10,129.01546183013917,132.066,11.79585332139614,1521.847463940504,-37.52354011734056,-0.02465657104699655,1
NVDA,2022-01-10,2022-01-10,26.567708874702454,27.41369961833954,57.28184809302823,1521.847463940504,-50.00599068570055,-0.032858740360364735,1
ADBE,2022-01-10,2022-01-10,499.75,526.0929320983886,3.0452175366493326,1521.847463940504,-81.78191623611242,-0.05373857641708411,1
TSLA,2022-01-11,2022-01-11,351.0477159729004,354.9773877868652,4.222360580645625,1482.250037849656,-18.083037645690023,-0.012199721493631141,1
AMD,2022-01-11,2022-01-11,133.38327194976807,137.37865255737304,11.112713132482378,1482.250037849656,-45.90396834452054,-0.030969112614167838,1
TSLA,2022-01-14,2022-01-14,339.7900114593506,350.0449301147461,4.333351775473234,1472.4296494454472,-45.93281869711846,-0.03119525521264658,1
NVDA,2022-01-14,2022-01-14,26.286849237442016,26.955470435142516,56.01392681737501,1472.4296494454472,-38.94325453540512,-0.0264482955434048,1
NVDA,2022-01-18,2022-01-18,26.2468702287674,25.91595137786865,55.605767898890996,1459.477374013152,16.95071994083854,0.011614239619370617,1
NFLX,2022-01-18,2022-01-18,51.98199542045594,51.105541831970214,28.076593870785093,1459.477374013152,23.160657992217974,0.015869144945037883,1
TSLA,2022-01-19,2022-01-19,347.0630454864502,332.0492729644775,4.221927912386209,1465.2751590970088,61.95348365427711,0.04228112601899058,1
AMD,2022-01-19,2022-01-19,133.48322805023193,128.33413927459716,10.977222985239777,1465.2751590970088,55.08568184967156,0.03759408702705278,1
NVDA,2022-01-19,2022-01-19,26.065960972785952,25.079532935142517,56.214123876991245,1465.2751590970088,54.01363833868035,0.036862454129070764,1
CRM,2022-01-19,2022-01-19,227.35626622009278,226.3831392745971,6.444841760721676,1465.2751590970088,4.809509842305384,0.0032823253792613905,1
ADBE,2022-01-19,2022-01-19,516.2217404785157,516.8383070983887,2.838460770247221,1465.2751590970088,-3.21625037193174,-0.002194980479921456,1
TSLA,2022-01-20,2022-01-20,336.4083718261719,332.2560413360595,4.4309913642087615,1490.6225904092978,16.917517422890892,0.011349296281794341,1
NVDA,2022-01-20,2022-01-20,25.291348854064942,24.162074618339542,58.93804237213382,1490.6225904092978,65.09986877091087,0.04367293853572663,1
AMD,2022-01-20,2022-01-20,125.97698091506959,121.95094438934325,11.832499712104045,1490.6225904092978,46.17127247918378,0.03097448863062379,1
GS,2022-01-20,2022-01-20,348.72554389953615,348.27405610656734,4.274486387606665,1490.6225904092978,0.44022077401904525,0.0002953267828164127,1
MS,2022-01-20,2022-01-20,96.55169847488403,99.87991683197019,15.438595218467887,1490.6225904092978,-52.899330112143566,-0.035488077567386374,1
TSLA,2022-01-21,2022-01-21,331.9472856140137,314.7906479644775,4.523076718524427,1501.4230393381238,76.13816567559913,0.050710668266528876,1
NVDA,2022-01-21,2022-01-21,23.495246469497687,23.38568754959106,63.90326831801153,1501.4230393381238,5.503250602614203,0.0036653564374769525,1
AMD,2022-01-21,2022-01-21,120.07992938995362,118.86940255737305,12.503530331553801,1501.4230393381238,13.642003858476944,0.009086049368531593,1
CRM,2022-01-21,2022-01-21,222.94846755981445,218.7393198852539,6.734394973741229,1501.4230393381238,26.85881293542861,0.01788890421401076,1
GS,2022-01-21,2022-01-21,345.36723854064945,344.0819586639404,4.34732328892107,1501.4230393381238,4.088897865031212,0.0027233482888565047,1
TSLA,2022-01-24,2022-01-24,301.4358765869141,310.155,5.041850666706345,1519.7946753389444,-45.50229312779751,-0.029939763486570705,1
NFLX,2022-01-24,2022-01-24,38.37180334091187,38.73435765266418,39.60706933256236,1519.7946753389444,-15.8866882946134,-0.010453180651570814,1
NVDA,2022-01-24,2022-01-24,22.3188349237442,23.38368574047088,68.09471374879385,1519.7946753389444,-74.06676158128681,-0.048734715802822806,1
AMD,2022-01-24,2022-01-24,115.34230152511597,116.58826377868651,13.17638589869829,1519.7946753389444,-17.94528278333027,-0.011807702102475202,1
CRM,2022-01-24,2022-01-24,212.28380438995362,223.14151377868652,7.15925870890822,1519.7946753389444,-79.29181175066954,-0.05217271322061046,1
NFLX,2022-01-25,2022-01-25,37.89504446411133,36.660319290161134,39.16925940305389,1484.320826705038,46.903131438545984,0.031599052303715,1
TSLA,2022-01-25,2022-01-25,304.5809707336425,306.28639796447754,4.873320953471789,1484.320826705038,-9.799570632484073,-0.006602056951688538,1
NVDA,2022-01-25,2022-01-25,22.53472652721405,22.33516140460968,65.86815353239359,1484.320826705038,11.66723780177844,0.007860320755370588,1
AMD,2022-01-25,2022-01-25,114.04294847488404,111.18556225204466,13.015454673481488,1484.320826705038,35.72445513172539,0.024067879725859633,1
META,2022-01-25,2022-01-25,299.80003720092776,300.3000688934326,4.951036165850231,1484.320826705038,-3.9612336578645326,-0.0026687179662215326,1
NFLX,2022-01-26,2022-01-26,37.80808616447449,35.98798622131348,39.564137229797545,1495.8443094072786,70.55084495572326,0.04716456419430356,1
TSLA,2022-01-26,2022-01-26,317.317915725708,312.62623622131343,4.714024123051084,1495.8443094072786,20.63190439711382,0.013792815380157523,1
NVDA,2022-01-26,2022-01-26,23.228379771232607,22.783385358810424,64.39727282484938,1495.8443094072786,27.174910486168724,0.018166937772378634,1
AMD,2022-01-26,2022-01-26,114.49272805023193,110.76535408401489,13.064972202872132,1495.8443094072786,47.22654196755683,0.031571829815811595,1
CRM,2022-01-26,2022-01-26,219.50019561004643,211.10549999999998,6.814774379812965,1495.8443094072786,55.740716238550505,0.037263715139336594,1
NFLX,2022-01-27,2022-01-27,38.18689828109741,38.68933316802978,40.02634867714875,1528.4821054980175,-21.64917139440284,-0.014163836996540433,1
NVDA,2022-01-27,2022-01-27,23.556216793060305,21.954972244262695,64.88656981405904,1528.4821054980175,102.42273373254201,0.06700944248161161,1
AMD,2022-01-27,2022-01-27,111.90401908493043,102.65129847335815,13.6588669289703,1528.4821054980175,124.91638829869053,0.08172577739010538,1
BA,2022-01-27,2022-01-27,196.28181488037112,189.844875,7.787181438227425,1528.4821054980175,48.62219945929149,0.03181077441757106,1
META,2022-01-27,2022-01-27,297.601125,294.7873346557617,5.136009164945252,1528.4821054980175,12.930396717242608,0.008459632383481235,1
TSLA,2022-01-28,2022-01-28,277.0480826873779,282.25772703552246,5.659650453166255,1567.9953067304605,-31.06750368553961,-0.019813518288087667,1
AMD,2022-01-28,2022-01-28,101.49922805023192,105.29261786270139,15.448347114073226,1567.9953067304605,-60.198898670028996,-0.03839226967812425,1
NVDA,2022-01-28,2022-01-28,22.0009931306839,22.851420152664183,71.26929668205025,1567.9953067304605,-62.20763571054377,-0.03967335580886232,1
BA,2022-01-28,2022-01-28,188.68560877990723,190.66529232788085,8.310094854978857,1567.9953067304605,-18.027579052265594,-0.011497214930991212,1
CRM,2022-01-28,2022-01-28,214.19285305023195,222.2410698852539,7.3204837808605046,1567.9953067304605,-60.514294532759905,-0.038593415600804704,1
TSLA,2022-01-31,2022-01-31,290.75786865234375,312.3961102294922,5.271069460119362,1532.604921742766,-115.64630760690896,-0.07545735105391967,1
AMD,2022-01-31,2022-01-31,107.8760353050232,114.307125,14.207093516268678,1532.604921742766,-92.94538117614407,-0.06064536258336779,1
BA,2022-01-31,2022-01-31,190.63463072967528,200.34012549591066,8.03948850152016,1532.604921742766,-79.59883210324351,-0.05193695451057899,1
NEE,2022-01-31,2022-01-31,72.87354866027833,78.15906274795532,21.03101811176314,1532.604921742766,-112.74792730091066,-0.0735662046372016,1
CAT,2022-01-31,2022-01-31,199.35027194976809,201.660777557373,7.68800015546981,1532.604921742766,-19.304653975958416,-0.012595975454657016,1
CAT,2022-02-01,2022-02-01,200.69960305023196,205.45268110656735,7.319365396078894,1468.9937295726377,-36.275903537501065,-0.024694389640488472,1
CAT,2022-02-02,2022-02-02,203.09839694976807,205.04247244262694,7.205582079873554,1463.4421695122944,-15.47864180054416,-0.010576872884360412,1
NFLX,2022-02-04,2022-02-04,40.710633493423465,41.03750679016113,35.88769050512358,1461.0106150794993,-13.197603686644147,-0.00903320177856888,1
META,2022-02-04,2022-02-04,234.85251622009278,237.2085413360596,6.220970669568252,1461.0106150794993,-16.125102139846796,-0.011036950706185914,1
TSLA,2022-02-04,2022-02-04,298.92379707336426,307.92723262023924,4.887568769645083,1461.0106150794993,-45.48792346869727,-0.03113456055637357,1
NVDA,2022-02-04,2022-02-04,23.96001412200928,24.331159744262695,60.97703480639599,1461.0106150794993,-24.103685821230698,-0.016497953931648282,1
AMZN,2022-02-04,2022-02-04,155.52870309448244,157.71831559753417,9.393832688181982,1461.0106150794993,-22.040148547451658,-0.015085549906324512,1
NFLX,2022-02-07,2022-02-07,40.99648979187012,40.23010408401489,35.18153807488381,1442.319566549264,25.533789708386706,0.017703281783437257,1
META,2022-02-07,2022-02-07,237.58114694976808,225.0224586639404,6.070850255025557,1442.319566549264,74.83771737424561,0.05188705686999321,1
CRM,2022-02-07,2022-02-07,218.8905,217.07848622131345,6.589228708186349,1442.319566549264,10.50342353020644,0.0072823136937230784,1
ADBE,2022-02-07,2022-02-07,515.7420000000001,507.35355610656734,2.7965912540558335,1442.319566549264,22.028458785376547,0.01527293901869433,1
MA,2022-02-07,2022-02-07,382.0089122009278,376.31806988525386,3.7756175850437685,1442.319566549264,20.054867976380823,0.013904593989778497,1
NFLX,2022-02-08,2022-02-08,39.79809179306031,40.37317714118957,36.80383579529823,1464.7224353179975,-22.64065182950975,-0.015457298450265335,1
META,2022-02-08,2022-02-08,220.73958110046385,220.29008267211913,6.6355224016274965,1464.7224353179975,1.519425783905167,0.0010373472456406344,1
NVDA,2022-02-08,2022-02-08,24.34681975269318,25.120553801536563,60.1607294174827,1464.7224353179975,-48.03640139125493,-0.03279556606288073,1
CRM,2022-02-08,2022-02-08,215.49220610046385,217.53870767211913,6.797101676313687,1464.7224353179975,-15.381956838226364,-0.010501618919277955,1
MA,2022-02-08,2022-02-08,377.35123854064943,374.5571801147461,3.881589049455877,1464.7224353179975,9.386086847503167,0.006408099323927818,1
META,2022-02-09,2022-02-09,224.08789694976807,232.11599999999999,6.4836171857880425,1452.900139790616,-53.53007261900458,-0.03684360070797366,1
MA,2022-02-09,2022-02-09,385.4072061004639,381.56068011474605,3.7697793834500577,1452.900139790616,13.054904496252863,0.008985410723502486,1
GOOGL,2022-02-09,2022-02-09,140.89301922607422,141.66279123687744,10.312080383906888,1452.900139790616,-9.394819967901434,-0.006466253055254963,1
PFE,2022-02-09,2022-02-09,51.61417938995362,51.49573622131347,28.149244199228985,1452.900139790616,1.8828525808302654,0.0012959270422409153,1
META,2022-02-10,2022-02-10,228.1558692703247,228.18404232788086,6.334556301551105,1445.2661994222055,-1.6238192506081766,-0.0011235433660991682,1
XOM,2022-02-10,2022-02-10,78.68064122009278,78.27911786270141,18.36876488308443,1445.2661994222055,5.933909691640027,0.004105755530719745,1
ADBE,2022-02-11,2022-02-11,497.67105342102053,474.20698622131346,2.9049226655250435,1445.6959230584473,66.74968536109029,0.04617131742329172,1
UPS,2022-02-11,2022-02-11,220.14986450958256,213.59675049591067,6.566871736573428,1445.6959230584473,41.609280009468186,0.028781488102589042,1
BLK,2022-02-11,2022-02-11,782.7884026794434,772.8762352294922,1.8468540388563581,1445.6959230584473,16.869783728948835,0.011668970950170422,1
XOM,2022-02-11,2022-02-11,78.58069274520875,80.2501040840149,18.397597075734545,1445.6959230584473,-32.17420966665893,-0.022255170782105177,1
PLD,2022-02-11,2022-02-11,149.2753311004639,146.38315255737305,9.684761121618136,1445.6959230584473,26.578367417001317,0.018384479746455504,1
AMD,2022-02-14,2022-02-14,115.45224713516238,114.32713164138794,12.672760898295007,1463.0987231147776,12.802350072273667,0.008750161468953277,1
TSLA,2022-02-14,2022-02-14,287.0464074401856,292.0659734344482,5.097080768794003,1463.0987231147776,-27.06102458681165,-0.018495692846482486,1
NVDA,2022-02-14,2022-02-14,23.92203301525116,24.279133698463436,61.16113635417188,1463.0987231147776,-23.314702643017842,-0.015935153434747988,1
NFLX,2022-02-14,2022-02-14,38.739619371414186,39.67682999610901,37.76750383341124,1463.0987231147776,-36.8769026369206,-0.025204657795349375,1
AMZN,2022-02-14,2022-02-14,151.6751315765381,155.2445909500122,9.646266384654302,1463.0987231147776,-35.912270666830096,-0.02454535028940275,1
META,2022-02-15,2022-02-15,220.35976622009278,221.1105,6.561976822394019,1445.9956785244133,-6.374756490895625,-0.004408558466371653,1
AMD,2022-02-15,2022-02-15,117.13140744018554,121.53073622131348,12.345072172575295,1445.9956785244133,-55.783182008093426,-0.03857769621069557,1
TSLA,2022-02-15,2022-02-15,299.85,307.63039237976074,4.8223967934781165,1445.9956785244133,-38.98489501231612,-0.026960588880942445,1
NVDA,2022-02-15,2022-02-15,24.936524905204774,26.508248339653015,57.98705649729902,1445.9956785244133,-92.63118107779918,-0.06406048265118329,1
NFLX,2022-02-15,2022-02-15,40.35881211662293,40.76637138175964,35.828499469855274,1445.9956785244133,-16.055533711867135,-0.011103445155694539,1
META,2022-02-16,2022-02-16,212.30379866027832,216.64826328277587,6.660168149710898,1413.978997899821,-30.363311336656963,-0.02147366501323959,1
AMD,2022-02-16,2022-02-16,118.99047805023193,117.74884744262694,11.883127297823853,1413.978997899821,13.347852796428166,0.009439922952359047,1
ADBE,2022-02-16,2022-02-16,476.25174523925784,477.93886221313477,2.9689738925564897,1413.978997899821,-6.425489750153886,-0.004544261095601595,1
COP,2022-02-16,2022-02-16,89.72511164474487,90.25510408401489,15.759010738245614,1413.978997899821,-9.770311617815839,-0.006909799673352755,1
COP,2022-02-17,2022-02-17,90.11492366027832,91.20558366394043,15.630852893182947,1408.5731152142218,-18.465043161971877,-0.01310904131459561,1
META,2022-02-18,2022-02-18,209.28530438995364,206.2630836639404,6.716657530512032,1405.6977157562849,18.903673493289244,0.013447893726652891,1
NFLX,2022-02-18,2022-02-18,39.23337185287476,39.14856611824035,35.82913344862773,1405.6977157562849,1.6343375256605344,0.0011626521885476908,1
CRM,2022-02-18,2022-02-18,200.29979389953618,196.9384163360596,7.017968857528315,1405.6977157562849,22.1961403646463,0.015790123378485017,1
ADBE,2022-02-18,2022-02-18,458.4606574401856,442.781277557373,3.066125070807593,1405.6977157562849,46.69327950752839,0.03321715542690966,1
GOOGL,2022-02-18,2022-02-18,133.4002617416382,130.46820137786864,10.53744346078389,1405.6977157562849,29.506170801224222,0.020990409581301404,1
META,2022-02-22,2022-02-22,202.23882633972173,202.1810418319702,7.036287962709734,1423.0106193667282,-1.0162188888253345,-0.0007141330324559172,1
AMD,2022-02-22,2022-02-22,115.21236164474487,115.70782652664184,12.351197380664363,1423.0106193667282,-7.545654963139443,-0.005302599193881933,1
NVDA,2022-02-22,2022-02-22,23.023482347488404,23.401694389343263,61.80692381324158,1423.0106193667282,-24.8108215369686,-0.017435443698944408,1
TSLA,2022-02-22,2022-02-22,277.90431329345705,273.9802444152832,5.120505696736271,1423.0106193667282,18.68025303423047,0.013127275917690345,1
NFLX,2022-02-22,2022-02-22,38.875552957534794,37.756867961883536,36.604254116234316,1423.0106193667282,39.5460935523988,0.027790441627201422,1
META,2022-02-23,2022-02-23,204.0579236602783,198.5492219467163,6.989216652221302,1426.2050380641203,37.094555465357736,0.026009272492620385,1
NVDA,2022-02-23,2022-02-23,23.79009904575348,22.398192629814147,59.94952082045649,1426.2050380641203,82.05963968574905,0.05753705638085101,1
TSLA,2022-02-23,2022-02-23,276.6715925598144,254.80733267211912,5.154866189436435,1426.2050380641203,111.33748268109377,0.07806555138258331,1
NFLX,2022-02-23,2022-02-23,38.2528633594513,36.764371381759645,37.283615207114735,1426.2050380641203,54.0979052781362,0.03793136599178388,1
AMZN,2022-02-23,2022-02-23,151.5746721878052,144.89940934753417,9.409256952223608,1426.2050380641203,61.41446288131972,0.043061454168386276,1
META,2022-02-24,2022-02-24,190.96446755981444,207.70380610656736,7.737412289073023,1477.5708180735949,-131.0614941825647,-0.08870065148785092,1
NVDA,2022-02-24,2022-02-24,21.004491889953616,23.75987319087982,70.34546828434885,1477.5708180735949,-195.4030730276235,-0.13224616420239213,1
AMD,2022-02-24,2022-02-24,104.50771755981447,116.66830561065673,14.13838951394106,1477.5708180735949,-173.4946669647495,-0.11741885048254119,1
TSLA,2022-02-24,2022-02-24,233.34660146331788,267.05680151367187,6.332086299126448,1477.5708180735949,-215.04019464567165,-0.14553630324537237,1
NFLX,2022-02-24,2022-02-24,35.49124437141418,39.022499851226804,41.631981189808016,1477.5708180735949,-148.5642391108951,-0.10054627317598758,1
TSLA,2022-02-25,2022-02-25,269.6084754943848,270.091643371582,4.997922177172638,1347.4821788270915,-3.7635250452928632,-0.002793005432226794,1
BA,2022-02-25,2022-02-25,200.9894513397217,201.5807357254028,6.704243281651207,1347.4821788270915,-5.31357860625994,-0.0039433386873324846,1
COP,2022-02-25,2022-02-25,88.33580725479126,91.31563164138794,15.254088015978425,1347.4821788270915,-46.82471289586435,-0.03474978269220797,1
MS,2022-02-25,2022-02-25,92.02396469497681,94.59727805328367,14.642731198264105,1347.4821788270915,-39.046658141314055,-0.02897749503099329,1
HD,2022-02-25,2022-02-25,313.0234026794434,316.8083188934326,4.3047330240895825,1347.4821788270915,-17.648682525508487,-0.013097525743064511,1
MS,2022-03-01,2022-03-01,89.955,87.67381225204467,14.786140841841982,1330.0872994278955,32.4167410101879,0.02437188974297489,1
AMD,2022-03-02,2022-03-02,115.41226622009277,118.33913877868652,11.56592880245839,1334.8500540319667,-35.203775680409706,-0.026372831595635277,1
META,2022-03-02,2022-03-02,204.67760877990725,208.21405561065674,6.521719996579352,1334.8500540319667,-24.41009792497711,-0.018286771500098796,1
MS,2022-03-02,2022-03-02,88.01596755981446,88.42418725204467,15.165998750451964,1334.8500540319667,-7.529004925976487,-0.005640337581914039,1
MA,2022-03-02,2022-03-02,342.7885114593506,344.26204133605955,3.894092157141209,1334.8500540319667,-7.075780220805596,-0.005300805284783055,1
BAC,2022-03-02,2022-03-02,42.71863167762756,43.18157984733581,31.247490886536266,1334.8500540319667,-15.808051752286048,-0.011842567413873349,1
AMD,2022-03-03,2022-03-03,118.07093225479124,112.03599335861206,11.186881084632388,1320.8454786860364,66.22505437778543,0.05013838139769796,1
NFLX,2022-03-03,2022-03-03,38.58069847488403,36.825402706146235,34.23591409434706,1320.8454786860364,58.80335674756635,0.044519482177478725,1
MS,2022-03-03,2022-03-03,89.63516030502319,87.82388877868652,14.735796468609825,1320.8454786860364,25.383028347080106,0.0192172580038135,1
GE,2022-03-03,2022-03-03,59.11964490318299,57.62670697402954,22.341904807600127,1320.8454786860364,32.050909156664375,0.02426544942149349,1
MA,2022-03-03,2022-03-03,347.4561898803711,341.16048522949217,3.801473443719056,1320.8454786860364,22.624075038148625,0.017128479752722345,1
AMD,2022-03-04,2022-03-04,111.944,108.46420866394043,12.069544818673767,1351.1131251816162,40.66938411376722,0.0301006506085865,1
NVDA,2022-03-04,2022-03-04,23.372308777809142,22.947468824386597,57.80828663638192,1351.1131251816162,23.22043631175702,0.01718615257226203,1
TSLA,2022-03-04,2022-03-04,282.89180853271483,279.56970767211914,4.776077229628823,1351.1131251816162,14.52343045477722,0.010749233490589462,1
NFLX,2022-03-04,2022-03-04,36.781599237442016,36.191086835861206,36.73339803578317,1351.1131251816162,20.351259730698672,0.015062587544594434,1
CRM,2022-03-04,2022-03-04,204.5976469497681,203.11149950408938,6.6037569117954495,1351.1131251816162,8.467950419399497,0.006267388171705635,1
AMD,2022-03-07,2022-03-07,108.47573377990723,103.00147194671632,12.599051228242375,1366.691326914233,67.63829919890664,0.04949054542668602,1
NVDA,2022-03-07,2022-03-07,22.805590935707095,21.362675282478335,59.92790674739244,1366.691326914233,85.14745884148722,0.06230189448391126,1
TSLA,2022-03-07,2022-03-07,285.290602432251,268.32742552185056,4.7905234706733335,1366.691326914233,79.93643704810617,0.058489020508083314,1
NFLX,2022-03-07,2022-03-07,36.02297986602783,35.04351397705078,37.93943010814377,1366.691326914233,35.81226650006065,0.026203624618675914,1
BA,2022-03-07,2022-03-07,180.93948377990725,169.25458316802977,7.5533062124608525,1366.691326914233,86.9370708729594,0.06361134307426182,1
NVDA,2022-03-08,2022-03-08,21.29834551525116,21.524756938934324,66.64834817894204,1419.4995475358683,-16.516991918559995,-0.011635785264766095,1
AMD,2022-03-08,2022-03-08,102.75859255981447,105.58276377868651,13.813925552839736,1419.4995475358683,-40.45189695898985,-0.028497294718558337,1
TSLA,2022-03-08,2022-03-08,265.04407792663574,274.9373877868652,5.355711241089439,1419.4995475358683,-54.43170323296281,-0.03834569960057519,1
BA,2022-03-08,2022-03-08,169.64513072967532,173.88690305328367,8.367464137817196,1419.4995475358683,-36.93012378501362,-0.02601629838425888,1
NFLX,2022-03-08,2022-03-08,34.96250954246521,34.19308668708801,40.60061952394334,1419.4995475358683,29.835164578962033,0.021018086712851276,1
AMD,2022-03-09,2022-03-09,108.35579866027832,111.10552805328368,12.931406715953774,1401.192902508058,-36.97684097684286,-0.026389543445914085,1
NVDA,2022-03-09,2022-03-09,22.3758056306839,23.025506938934324,62.62089176295869,1401.192902508058,-42.10641064236166,-0.030050402458500543,1
BA,2022-03-09,2022-03-09,179.71010305023194,178.64927755737304,7.796962322793847,1401.192902508058,6.874159104571411,0.004905933431626042,1
NFLX,2022-03-09,2022-03-09,35.75111650657654,35.896941118240356,39.19298302894411,1401.192902508058,-7.119352083415566,-0.005080922170439429,1
META,2022-03-09,2022-03-09,195.64213549041753,198.59924999999998,7.162020078117006,1401.192902508058,-22.590695850174175,-0.01612247379339281,1
COP,2022-03-10,2022-03-10,97.23135877990723,99.76986122131348,14.248279582704663,1385.379584102384,-37.572756736890284,-0.02712091124197882,1
AMZN,2022-03-10,2022-03-10,145.61215505981446,146.8909136352539,9.51417540337411,1385.379584102384,-13.557796136094671,-0.009786340358753769,1
NKE,2022-03-10,2022-03-10,123.95798664474488,126.09301377868651,11.176202692552495,1385.379584102384,-25.258806335135024,-0.018232408377448935,1
DIS,2022-03-10,2022-03-10,132.2938206100464,133.70681938934325,10.471990133129303,1385.379584102384,-16.189687313660272,-0.011686102133625642,1
HD,2022-03-10,2022-03-10,314.20280535888674,318.0989724426269,4.409189098486833,1385.379584102384,-18.572906484328584,-0.013406366527598539,1
XOM,2022-03-11,2022-03-11,84.02796469497682,84.96245816802978,16.28252307162236,1368.1872738074292,-16.59170676484051,-0.012126780509124786,1
TSLA,2022-03-14,2022-03-14,260.0732369537354,255.58439337158202,5.25081288541079,1365.5959037471673,22.216266856878054,0.016268551184078005,1
ADBE,2022-03-14,2022-03-14,413.15330535888677,411.70574999999997,3.3053006862935264,1365.5959037471673,3.4214021202898404,0.0025054279314265537,1
XOM,2022-03-14,2022-03-14,83.01846755981445,81.92093725204467,16.44930271404084,1365.5959037471673,16.697039170727642,0.01222692534805597,1
AMD,2022-03-15,2022-03-15,102.60867366027833,109.3846668319702,13.367669632221306,1371.6388508910088,-91.99616661932997,-0.06707025436000867,1
TSLA,2022-03-15,2022-03-15,258.29412817382814,267.4303097076416,5.31037565812536,1371.6388508910088,-49.91245315428101,-0.03638891762351158,1
NVDA,2022-03-15,2022-03-15,21.50724064922333,22.984486072540278,63.77567784087363,1371.6388508910088,-95.63107322436232,-0.06972030076447669,1
NFLX,2022-03-15,2022-03-15,33.493243322372436,34.3921875,40.9527031374354,1371.6388508910088,-38.20423999142033,-0.02785298766260745,1
META,2022-03-15,2022-03-15,190.70460305023195,192.1260137786865,7.192478990817629,1371.6388508910088,-11.600217386024083,-0.00845719511261193,1
TSLA,2022-03-16,2022-03-16,269.53182316589357,280.2166984863281,4.9271468139338435,1328.0228637656126,-54.00029523082106,-0.04066217284671069,1
NFLX,2022-03-16,2022-03-16,34.80258969497681,35.77087485122681,38.15873690449223,1328.0228637656126,-38.29503565889736,-0.028836126774437965,1
XOM,2022-03-16,2022-03-16,77.77109255981446,76.96846530532837,17.0760474111151,1328.0228637656126,12.384531037817656,0.009325540527744593,1
CRM,2022-03-16,2022-03-16,198.5606736602783,205.67279232788084,6.688247170422857,1328.0228637656126,-48.919414221847056,-0.03683627410083582,1
ADBE,2022-03-16,2022-03-16,431.52412023925785,442.58116534423823,3.0775171108147847,1328.0228637656126,-35.37328249214639,-0.026636049316082815,1
XOM,2022-03-17,2022-03-17,78.1409103050232,79.01949335861205,16.67365181210413,1302.8943307068162,-15.959406848224386,-0.012249195097476906,1
CVX,2022-03-17,2022-03-17,159.87002194976807,160.52022244262693,8.149710088337836,1302.8943307068162,-6.604489319558929,-0.005069090534745065,1
COP,2022-03-17,2022-03-17,96.60167652511598,98.87941683197019,13.48728487510328,1302.8943307068162,-32.038786986949766,-0.024590472329071248,1
XOM,2022-03-18,2022-03-18,79.02046755981446,78.70933316802979,16.380702582269517,1294.4107770091973,3.8047374578983826,0.0029393586066159185,1
CVX,2022-03-18,2022-03-18,160.80955438995363,161.81086072540282,8.049339990522752,1294.4107770091973,-9.35829583326847,-0.007229772804342137,1
NVDA,2022-03-24,2022-03-24,26.152917366027832,28.16407461833954,49.45465790812395,1293.3835816363405,-100.80420804111066,-0.07793836992547636,1
ADBE,2022-03-24,2022-03-24,425.86694657897954,432.3560846557617,3.0370602650104352,1293.3835816363405,-21.011140940501324,-0.01624509638039383,1
BA,2022-03-24,2022-03-24,186.25683110046384,189.1445280532837,6.944086689302208,1293.3835816363405,-21.355827763437624,-0.016511596456496712,1
CRM,2022-03-24,2022-03-24,212.24383110046384,214.0869857254028,6.093857121454467,1293.3835816363405,-12.530920479230929,-0.009688479625956963,1
MS,2022-03-24,2022-03-24,92.50372805023193,92.17606225204466,13.981961688441352,1293.3835816363405,3.2903177605490415,0.002543961286709898,1
ADBE,2022-03-25,2022-03-25,435.2222824401856,431.83580511474605,2.918133668967681,1270.0367958736672,8.617097803438407,0.006784919800304404,1
ADBE,2022-03-28,2022-03-28,433.2033034210205,450.2350147705078,2.934497723691199,1271.2341077844924,-51.27574205251334,-0.040335404579316024,1
NFLX,2022-03-28,2022-03-28,37.50423731040955,37.8699272403717,33.89574615963868,1271.2341077844924,-13.672764813437192,-0.010755505008645572,1
CRM,2022-03-28,2022-03-28,210.2748148803711,215.38763877868652,6.045584244160286,1271.2341077844924,-32.19669671440773,-0.02532711836258087,1
LOW,2022-03-28,2022-03-28,211.2743148803711,213.8868887786865,6.016983694891154,1271.2341077844924,-16.998908562920512,-0.013371973312253415,1
MS,2022-03-28,2022-03-28,92.23385877990724,91.31563164138794,13.782727130803135,1271.2341077844924,11.390767823572332,0.008960401356304206,1
LOW,2022-03-29,2022-03-29,217.65111450958256,219.67979232788085,5.76769108752185,1255.344393346117,-12.961981758884471,-0.01032543884179412,1
COP,2022-03-30,2022-03-30,101.28932633972168,101.15054847335814,12.373524344008654,1253.3059452527832,0.4647239482599901,0.00037079848700969693,1
COP,2022-03-31,2022-03-31,99.95,100.05,12.539086102042303,1253.2816558991283,-2.5078172204083895,-0.002001000500250068,1
AMD,2022-04-01,2022-04-01,110.42476335525514,108.24409744262694,11.34538530240149,1252.8114871918744,23.500053754885325,0.018757853033068633,1
NVDA,2022-04-01,2022-04-01,27.3613125,26.725355893135074,45.787697033608104,1252.8114871918744,27.88073644868162,0.022254534488005972,1
LOW,2022-04-01,2022-04-01,203.99795610046385,202.50119389343263,6.141294310688566,1252.8114871918744,7.9438417679158935,0.006340811725570691,1
COP,2022-04-01,2022-04-01,100.09992652511598,100.6302918319702,12.515608459288257,1252.8114871918744,-7.893974930430074,-0.0063010077822036065,1
AMD,2022-04-04,2022-04-04,109.91501622009278,110.58526377868651,11.464768742594387,1260.1502423018749,-8.948225618497245,-0.007100919650780542,1
NVDA,2022-04-04,2022-04-04,26.714636640548708,27.373680610656734,47.17077979601492,1260.1502423018749,-32.363312041153954,-0.02568210595431618,1
NFLX,2022-04-04,2022-04-04,37.33632204246521,39.16957652664184,33.75132239508267,1260.1502423018749,-63.16585075154206,-0.050125650601914803,1
CRM,2022-04-04,2022-04-04,214.5226898803711,218.95943110656734,5.87420492911309,1260.1502423018749,-27.335508586013102,-0.021692261500565385,1
LOW,2022-04-04,2022-04-04,201.44922805023194,204.22205511474607,6.255423535242601,1260.1502423018749,-18.61403052466049,-0.014771278772806372,1
AMD,2022-04-05,2022-04-05,109.63515744018554,106.87340969467162,11.283913625131362,1237.1136468327315,29.941791029454947,0.024202942960100848,1
LOW,2022-04-05,2022-04-05,203.10840171051026,204.9724301147461,6.090903362018404,1237.1136468327315,-12.596407329527644,-0.010182093910108476,1
BA,2022-04-05,2022-04-05,189.60514694976808,182.74131889343263,6.524683885087144,1237.1136468327315,43.569586816502785,0.03521874237508413,1
AMD,2022-04-06,2022-04-06,104.39777194976809,103.72183316802979,11.934857598677196,1245.9725418396586,6.825294180182983,0.005477884905959119,1
NVDA,2022-04-06,2022-04-06,24.92153301525116,24.419203087806697,49.99582253134926,1245.9725418396586,23.88098256181166,0.019166539999791465,1
BA,2022-04-06,2022-04-06,180.30979389953617,178.80936122131348,6.910176729134754,1245.9725418396586,9.12746656233648,0.007325576010575579,1
COP,2022-04-06,2022-04-06,99.700125,97.58877091598511,12.49720140109813,1245.9725418396586,25.153237683733984,0.020187634028110787,1
NVDA,2022-04-07,2022-04-07,24.42877948474884,24.22010418319702,51.388027715794955,1255.3467972253165,9.473427088611414,0.007546462148587512,1
AMD,2022-04-07,2022-04-07,103.86803816986085,103.77186122131347,12.085977740066507,1255.3467972253165,-0.0923731417445236,-7.358376342592761e-05,1
TSLA,2022-04-07,2022-04-07,350.6212630462647,352.59622343444823,3.5803498804340133,1255.3467972253165,-8.329931511515039,-0.006635562005596081,1
CRM,2022-04-07,2022-04-07,199.02043511962893,200.26008366394038,6.307627638693192,1255.3467972253165,-9.078497838300184,-0.007231864420546034,1
ADBE,2022-04-07,2022-04-07,443.8679513397217,452.94636122131345,2.8281987772181285,1255.3467972253165,-26.943732297291227,-0.021463178427542695,1
NVDA,2022-04-08,2022-04-08,23.905041316986086,23.130558980941768,52.27476327904849,1249.6303760213214,39.256493344890174,0.03141448391313783,1
AMD,2022-04-08,2022-04-08,102.45874713516237,101.0505,12.196424521693826,1249.6303760213214,15.93453730582403,0.012751400423345785,1
TSLA,2022-04-08,2022-04-08,347.5627954864502,342.0009015655517,3.5954089225008503,1249.6303760213214,18.75765129469503,0.015010559645978857,1
NFLX,2022-04-08,2022-04-08,36.17790114593506,35.60579525184631,34.54126238502726,1249.6303760213214,18.521510053618687,0.014821590775177085,1
ADBE,2022-04-08,2022-04-08,449.72503720092783,445.5626663360595,2.7786542279232997,1249.6303760213214,10.321941920530689,0.008259996010495967,1
NVDA,2022-04-11,2022-04-11,22.202893701553347,21.92795831680298,56.95566540634184,1264.580584718247,14.40237676137866,0.011389054153941133,1
AMD,2022-04-11,2022-04-11,98.55069847488404,97.41868774795533,12.831776986750931,1264.580584718247,13.268391464438073,0.010492325775659695,1
TSLA,2022-04-11,2022-04-11,326.6365877990723,325.47265255737295,3.8715215378631833,1264.580584718247,3.2438728723771755,0.0025651768749082302,1
NFLX,2022-04-11,2022-04-11,34.9825,34.81739923667907,36.1489483232544,1264.580584718247,4.706622486180578,0.003721884190740782,1
ADBE,2022-04-11,2022-04-11,438.59059255981447,434.65722244262696,2.8832825103191997,1264.580584718247,10.082107189413424,0.007972688582483458,1
NVDA,2022-04-12,2022-04-12,22.52573215579987,21.514751709938047,56.42266647869209,1270.9618726150459,55.79977174698264,0.04390357645597407,1
AMD,2022-04-12,2022-04-12,98.73060877990723,95.14754847335814,12.873027810942666,1270.9618726150459,44.87693551936334,0.03530942704601167,1
TSLA,2022-04-12,2022-04-12,332.38038804626467,329.14782907104484,3.8238172838228297,1270.9618726150459,11.095933365247369,0.008730343218256517,1
ADBE,2022-04-12,2022-04-12,442.4686574401856,426.9833740081787,2.8724336769251475,1270.9618726150459,43.231727979026005,0.034014968434950214,1
NFLX,2022-04-12,2022-04-12,35.57320410346985,34.427204847335815,35.72806848993046,1270.9618726150459,39.693850209907325,0.031231346167950674,1
NVDA,2022-04-13,2022-04-13,21.717136640548706,22.21410061454773,59.84628711637818,1299.6899947358945,-31.056009393514934,-0.02389493611499696,1
AMD,2022-04-13,2022-04-13,95.25235305023192,97.7888678627014,13.644702236914766,1299.6899947358945,-35.92698432507344,-0.027642733629240593,1
TSLA,2022-04-13,2022-04-13,326.86315902709964,340.9604035491943,3.97625109726159,1299.6899947358945,-57.381901086079495,-0.044150452275921286,1
NFLX,2022-04-13,2022-04-13,34.37480229187012,35.06052076721191,37.809380944229616,1299.6899947358945,-27.239244344957452,-0.0209582627051712,1
ADBE,2022-04-13,2022-04-13,427.08633779907234,431.88584843444823,3.0431551649103525,1299.6899947358945,-15.912648401611763,-0.012243418404436757,1
NVDA,2022-04-14,2022-04-14,22.49374666118622,21.268628419876098,56.64130178249256,1274.0750928551831,68.15291307844055,0.053492069235660904,1
AMD,2022-04-14,2022-04-14,98.32081774520876,93.10652755737306,12.958345161010113,1274.0750928551831,66.32828121679991,0.052059946535929234,1
COP,2022-04-14,2022-04-14,100.13990744018554,101.42068774795533,12.722950574087553,1274.0750928551831,-17.577527297150855,-0.013796303997874945,1
ADBE,2022-04-14,2022-04-14,435.64205535888675,420.650222442627,2.924591593448401,1274.0750928551831,42.59283591867971,0.033430396809052916,1
NVDA,2022-04-18,2022-04-18,21.189400762557984,21.79389244651794,61.238982654844726,1297.617345764842,-38.33458232266102,-0.029542285672873647,1
AMD,2022-04-18,2022-04-18,91.98398377990723,93.93694438934325,14.10699224410294,1297.617345764842,-28.86179271620249,-0.022242144658748197,1
NFLX,2022-04-18,2022-04-18,33.983000000000004,33.80289229774475,38.184308206010115,1297.617345764842,5.583109311432759,0.0043025852957768234,1
CRM,2022-04-18,2022-04-18,188.20585305023195,187.10349950408937,6.894670514941473,1297.617345764842,6.3065473281114,0.004860097893030393,1
ADBE,2022-04-18,2022-04-18,419.19029389953613,425.68273622131346,3.0955328991368085,1297.617345764842,-21.405234932976146,-0.016495799014122663,1
CRM,2022-04-19,2022-04-19,187.14638549041752,191.48569438934325,6.869616759582909,1285.623946260336,-31.109917777896367,-0.02419830298618028,1
CRM,2022-04-20,2022-04-20,192.7935543899536,186.32311072540278,6.643692217048659,1280.8610367976821,41.72826899633797,0.032578295222926,1
PFE,2022-04-20,2022-04-20,49.975,49.774874999999994,25.63003575383056,1280.8610367976821,3.8509144738904557,0.003006504502251266,1
NFLX,2022-04-21,2022-04-21,21.989,21.83291150379181,58.55226636785194,1287.5057851626964,7.856399089380245,0.006102030126713153,1
META,2022-04-21,2022-04-21,201.49920610046385,188.16404232788085,6.3896320490750185,1287.5057851626964,83.96188743070826,0.06521282342828337,1
NFLX,2022-04-22,2022-04-22,22.00699064922333,21.562776045799254,59.121459313150254,1301.0854022729352,24.974661508172055,0.019195251491210718,1
NVDA,2022-04-22,2022-04-22,20.292847996711732,19.524756889343266,64.1154658273577,1301.0854022729352,47.97005700408068,0.036869260788169045,1
AMD,2022-04-22,2022-04-22,89.98498377990722,88.18406938934325,14.458916895014822,1301.0854022729352,24.75120574168194,0.019023505834776674,1
META,2022-04-22,2022-04-22,190.2748101196289,184.20205561065674,6.8379277396462586,1301.0854022729352,40.24473363894622,0.030931661802246463,1
CRM,2022-04-22,2022-04-22,177.61114694976808,171.51570767211913,7.325471540594846,1301.0854022729352,43.373207537046376,0.033336172599642895,1
NFLX,2022-04-25,2022-04-25,21.37031001853943,21.001494721412662,62.13267724753023,1327.7945750615722,21.5991449861781,0.016266932695651742,1
NVDA,2022-04-25,2022-04-25,19.19239866447449,19.911951427459716,69.18335734237047,1327.7945750615722,-51.1337610413227,-0.03851029519302829,1
TSLA,2022-04-25,2022-04-25,326.16017207336427,332.83967651367186,4.070989313688819,1327.7945750615722,-28.533581867889428,-0.021489455073700894,1
AMD,2022-04-25,2022-04-25,89.81507061004639,90.73534744262693,14.783650071673494,1327.7945750615722,-14.939647762331308,-0.011251475222843511,1
META,2022-04-25,2022-04-25,182.63863072967527,187.08350049591067,7.2700642233069,1327.7945750615722,-33.65844048416044,-0.025349132400695064,1
NFLX,2022-04-26,2022-04-26,20.86955916118622,19.849920152664183,62.83298554812222,1311.2967091704954,62.787699859139764,0.04788214552819112,1
NVDA,2022-04-26,2022-04-26,19.708141411781313,18.797394106864928,66.53578750894371,1311.2967091704954,59.31629108966635,0.04523483562098532,1
AMD,2022-04-26,2022-04-26,89.69512786483764,85.20258366394043,14.619486480319194,1311.2967091704954,64.40023184268634,0.04911186872681535,1
META,2022-04-26,2022-04-26,186.5366898803711,181.0404719467163,7.029698607879503,1311.2967091704954,37.34477722542345,0.028479273199005537,1
CRM,2022-04-26,2022-04-26,172.53368511962893,170.1650418319702,7.600235909070668,1311.2967091704954,16.69995218535789,0.012735448864141513,1
NFLX,2022-04-27,2022-04-27,19.39129856967926,18.863427091598506,69.45833518550045,1346.8873157348976,35.33651928069341,0.026235690891047454,1
NVDA,2022-04-27,2022-04-27,18.588700572967525,18.424208415985106,72.45731407894095,1346.8873157348976,10.577731896203705,0.007853464631101833,1
TSLA,2022-04-27,2022-04-27,299.3769090270996,293.9835882568359,4.498968608206778,1346.8873157348976,22.929625714090786,0.017024160407643138,1
AMD,2022-04-27,2022-04-27,84.207875,84.95245866394042,15.994790460332808,1346.8873157348976,-13.262301730491197,-0.009846630505429426,1
META,2022-04-27,2022-04-27,174.34277767944337,175.0374719467163,7.725512542947789,1346.8873157348976,-6.716440025703447,-0.004986638412314974,1
NFLX,2022-04-28,2022-04-28,19.146422137260437,19.961975664138794,70.70313155935732,1353.712003261716,-59.04473140199236,-0.04361690762859928,1
NVDA,2022-04-28,2022-04-28,18.957515554428106,19.791890587806698,71.40766939502868,1353.712003261716,-60.96427892649371,-0.04503489573823876,1
TSLA,2022-04-28,2022-04-28,299.84335049438477,292.6495780792236,4.5147307786872775,1353.712003261716,31.140472707206705,0.02300376493092693,1
AMD,2022-04-28,2022-04-28,86.62666316986085,89.68481938934326,15.62696696059164,1353.712003261716,-49.16731305854231,-0.03632036425774138,1
META,2022-04-28,2022-04-28,202.81853816986086,205.83286072540278,6.674498374147535,1353.712003261716,-21.48286254488059,-0.015869595965108143,1
NFLX,2022-04-29,2022-04-29,19.858066030502318,19.045517297744748,66.93887270970883,1329.2765542767877,53.08901518631364,0.039938276963891454,1
TSLA,2022-04-29,2022-04-29,300.599625,290.3984530792236,4.422083208775752,1329.2765542767877,43.80370972195358,0.03295304470767983,1
BA,2022-04-29,2022-04-29,153.36328244018554,148.91441633605956,8.667501980438047,1329.2765542767877,37.250559491822976,0.02802318251380706,1
GE,2022-04-29,2022-04-29,48.25343765830994,46.46913054656982,27.54781045217132,1329.2765542767877,47.84905442545263,0.03599631263449584,1
GOOGL,2022-04-29,2022-04-29,116.67612982177735,114.16655181884765,11.392874929150084,1329.2765542767877,27.276327412203692,0.020519678410369446,1
NFLX,2022-05-02,2022-05-02,19.16141402721405,19.955972145080562,70.98475997506306,1360.1683755045958,-57.78988641713828,-0.04248730337940651,1
AMZN,2022-05-02,2022-05-02,122.33980047607423,124.56224999999999,11.117954829185793,1360.1683755045958,-26.08161633936525,-0.019175285066960538,1
BA,2022-05-02,2022-05-02,147.94599427032472,148.68430561065674,9.193681668861656,1360.1683755045958,-8.15136171074551,-0.005992906361847675,1
GE,2022-05-02,2022-05-02,46.13624117088318,47.09245841217041,29.48156028720877,1360.1683755045958,-29.565040010305776,-0.021736308932589116,1
ABBV,2022-05-02,2022-05-02,146.57666889953614,147.94393011474608,9.27956942749775,1360.1683755045958,-14.054107545256173,-0.010332623371016382,1
AMZN,2022-05-03,2022-05-03,123.99147056579591,124.31562864303588,10.801646310418231,1339.31201056036,-4.842503630021271,-0.0036156650517866983,1
BA,2022-05-03,2022-05-03,149.0154513397217,153.6567918319702,8.987739180865413,1339.31201056036,-43.075327383376354,-0.03216227962097786,1
GE,2022-05-03,2022-05-03,47.85490579223633,48.40767944526672,27.98693234033367,1339.31201056036,-16.81748605685448,-0.012556809708454826,1
ABBV,2022-05-03,2022-05-03,147.97597805023193,149.6748061065674,9.05087452847054,1339.31201056036,-16.722879533689742,-0.012486171558106905,1
PLD,2022-05-03,2022-05-03,154.0629293899536,152.43618061065672,8.693278881971565,1339.31201056036,12.809539689178978,0.009564268511128743,1
AMZN,2022-05-04,2022-05-04,123.53819847488404,125.99146156311035,10.753859829753623,1328.5124700191857,-27.723750870001542,-0.02086826544398275,1
CRM,2022-05-04,2022-05-04,179.62015171051027,185.5727357254028,7.396232869017498,1328.5124700191857,-45.377223365328675,-0.03415641508029907,1
NKE,2022-05-04,2022-05-04,122.47873091506959,126.12302755737305,10.846883047313872,1328.5124700191857,-40.877536568537835,-0.030769403743682967,1
ABBV,2022-05-04,2022-05-04,148.10590267944337,151.66579133605956,8.970017035003554,1328.5124700191857,-33.276740493528536,-0.025048120544211353,1
V,2022-05-04,2022-05-04,209.24533110046386,214.62726427459714,6.349066251716431,1328.5124700191857,-35.51584788004433,-0.02673354498473878,1
PLD,2022-05-05,2022-05-05,152.08392366027832,145.05248572540282,8.551848095868177,1300.5986129663124,58.86125639617128,0.04525704995327092,1
NFLX,2022-05-06,2022-05-06,18.66566173744202,18.106048622131347,70.14646868390099,1309.3302565297656,37.96518105364467,0.02899587851446064,1
TSLA,2022-05-06,2022-05-06,295.5188231658936,288.69426278686524,4.430615425788816,1309.3302565297656,28.94279073426521,0.022105034684659974,1
NVDA,2022-05-06,2022-05-06,18.726632061004644,18.684336736679075,69.91808523093943,1309.3302565297656,1.6493564385810822,0.001259694741151494,1
AMZN,2022-05-06,2022-05-06,114.79257347488404,114.82988533401489,11.406053692282102,1309.3302565297656,-1.7351241156694388,-0.0013251997401084984,1
CRM,2022-05-06,2022-05-06,169.40526049041748,169.7848469467163,7.728982280357396,1309.3302565297656,-4.244614159624334,-0.0032418208763266587,1
NFLX,2022-05-09,2022-05-09,17.757117747306825,17.318654465675355,74.23647885514407,1318.2258961762466,31.2480192244833,0.02370460124863565,1
TSLA,2022-05-09,2022-05-09,278.677272567749,262.5011801147461,4.73029567151291,1318.2258961762466,75.23773306631234,0.057074992445948027,1
NVDA,2022-05-09,2022-05-09,18.024983396530157,16.958475763320923,73.13326548916586,1318.2258961762466,76.71795858247945,0.05819788460006272,1
AMZN,2022-05-09,2022-05-09,111.25684375,108.84339596557618,11.848492656670809,1318.2258961762466,27.29179031400336,0.02070342449891794,1
META,2022-05-09,2022-05-09,199.74007633972172,196.3081117172241,6.599706580336852,1318.2258961762466,21.34305858615585,0.016190744430120255,1
NFLX,2022-05-10,2022-05-10,17.592199332237243,17.774883748054503,76.8810834784461,1352.5073454311953,-15.404505656000435,-0.011389591123506465,1
TSLA,2022-05-10,2022-05-10,272.9667808532715,266.81333267211915,4.954842274958769,1352.5073454311953,29.152102521902876,0.021554117706184317,1
NVDA,2022-05-10,2022-05-10,17.68015467643738,17.60379681301117,76.49861498291659,1352.5073454311953,4.491684085126176,0.0033210053167542493,1
AMZN,2022-05-10,2022-05-10,111.19437500000001,108.91343066024778,12.163451122695687,1352.5073454311953,26.405519722229453,0.019523383596716112,1
META,2022-05-10,2022-05-10,199.41023950958257,197.74881889343263,6.782537089155851,1352.5073454311953,9.9217739277688,0.007335837369966831,1
TSLA,2022-05-11,2022-05-11,264.8675,244.78900508880614,5.135341789259962,1360.185141366813,101.80130380852201,0.07484371113348925,1
NVDA,2022-05-11,2022-05-11,17.33832662200928,16.638314160346983,78.44962037110278,1360.185141366813,53.58298458701775,0.03939389055020382,1
NFLX,2022-05-11,2022-05-11,17.600194752693177,16.645317629814148,77.28239150073483,1360.185141366813,72.47190009788834,0.05328090852769006,1
AMZN,2022-05-11,2022-05-11,108.04944861602783,105.42468764877319,12.588543104930254,1360.185141366813,31.698252393344923,0.023304366022916714,1
BA,2022-05-11,2022-05-11,132.88352194976807,129.45469438934325,10.235920311330874,1360.185141366813,33.75456913127161,0.024816157819039664,1
TSLA,2022-05-12,2022-05-12,233.54983841705322,242.78800508880613,6.010157972941737,1403.671423441507,-56.95427392158068,-0.04057521793949526,1
NVDA,2022-05-12,2022-05-12,16.210890362739566,16.183086736679076,86.5881757283252,1403.671423441507,1.0049975683983838,0.0007159777933886702,1
NFLX,2022-05-12,2022-05-12,16.387801908493042,17.439715255737305,85.6534287685067,1403.671423441507,-91.5487063747488,-0.06522089489454067,1
AMZN,2022-05-12,2022-05-12,102.698625,106.98396146392822,13.66786968609859,1403.671423441507,-60.004377483673956,-0.042748164906396574,1
BA,2022-05-12,2022-05-12,126.82655438995361,123.20156938934325,11.067646126580387,1403.671423441507,38.736439803076266,0.027596515221562798,1
TSLA,2022-05-13,2022-05-13,257.6977468261719,256.6582637786865,5.3466907474586565,1377.8301585964366,4.182743130730045,0.0030357465356912407,1
NVDA,2022-05-13,2022-05-13,16.77960610675812,17.71485237407684,82.11337917172588,1377.8301585964366,-78.21245964156353,-0.05676494969542308,1
BA,2022-05-13,2022-05-13,124.91751335525514,127.26359694671632,11.029919837405032,1377.8301585964366,-27.26788266123739,-0.01979045275726476,1
META,2022-05-13,2022-05-13,192.48371183013916,198.71930511474608,7.158164945469924,1377.8301585964366,-46.0355531253094,-0.033411631207292444,1
PLD,2022-05-13,2022-05-13,125.24734255981447,128.41418110656738,11.000873395285215,1377.8301585964366,-36.233239069692324,-0.02629731889930634,1
TSLA,2022-05-16,2022-05-16,255.5921412200928,241.57739337158202,5.280985976871625,1349.778513581902,72.69891418722399,0.053859884014824895,1
BA,2022-05-16,2022-05-16,126.98647805023192,124.11202805328367,10.629308996568685,1349.778513581902,29.218915407773416,0.021647192568086816,1
AAPL,2022-05-16,2022-05-16,145.47722805023193,145.61276328277586,9.278280399430185,1349.778513581902,-2.607941172072231,-0.001932125267834904,1
MSFT,2022-05-16,2022-05-16,259.8300114593506,261.63075,5.194852226656925,1349.778513581902,-10.709026416410019,-0.007933913830048692,1
UPS,2022-05-16,2022-05-16,177.73109732055664,179.85988927459715,7.594498283817126,1349.778513581902,-17.524968908567033,-0.012983588590442954,1
BA,2022-05-17,2022-05-17,126.84654866027833,132.11602805328369,10.72109367552592,1359.9337306040009,-57.882763215364704,-0.04256292929042701,1
BAC,2022-05-17,2022-05-17,35.60218893241883,36.007996679306025,38.19803701355186,1359.9337306040009,-16.86874359625529,-0.01240409235879693,1
WMT,2022-05-18,2022-05-18,42.65532792663574,40.83040637397766,31.614269074241435,1348.5170145226673,56.37389077109498,0.04180436002214593,1
TSLA,2022-05-19,2022-05-19,235.54883841705325,236.5915643005371,5.760469754301313,1356.8719593622423,-7.366466168655015,-0.005429006117951915,1
NVDA,2022-05-19,2022-05-19,16.928531774520874,17.132562549591064,80.1529617237373,1356.8719593622423,-17.718719699480022,-0.013058505319697362,1
AMZN,2022-05-19,2022-05-19,106.22736206817628,107.37265974426269,12.773281129690554,1356.8719593622423,-15.993395757792204,-0.01178696018252852,1
NFLX,2022-05-19,2022-05-19,17.796097805023194,18.35717357254028,76.24547663360484,1356.8719593622423,-44.15775102592902,-0.032543786258715277,1
PLD,2022-05-19,2022-05-19,118.49072805023192,119.77986122131347,11.45129227990752,1356.8719593622423,-16.126493809505927,-0.01188505201116081,1
TSLA,2022-05-20,2022-05-20,237.87767524719243,221.41065305328368,5.638018393338517,1341.1587084082773,91.54663599136921,0.06825936066881987,1
AMZN,2022-05-20,2022-05-20,109.51371245574951,107.64479891967774,12.24649113187712,1341.1587084082773,21.55791815386267,0.01607409922383323,1
META,2022-05-20,2022-05-20,194.8725162200928,193.63676328277586,6.882236317478175,1341.1587084082773,7.167837408096955,0.005344510953967509,1
CRM,2022-05-20,2022-05-20,158.6606354904175,159.72981889343262,8.45300224761345,1341.1587084082773,-10.383487322060578,-0.007742176415783017,1
PLD,2022-05-20,2022-05-20,121.04944561004639,119.77986122131347,11.079428754500377,1341.1587084082773,12.732144209275454,0.009493391147112111,1
TSLA,2022-05-23,2022-05-23,218.23082633972172,225.07914287567138,6.227575425311651,1359.0489311587055,-44.02878089907627,-0.03239675915240076,1
NVDA,2022-05-23,2022-05-23,16.265863167762756,16.906449717521667,83.55221712747459,1359.0489311587055,-54.90823663880226,-0.04040195711863611,1
AMD,2022-05-23,2022-05-23,91.61417366027833,95.11753469467162,14.834483321306822,1359.0489311587055,-53.35558503979885,-0.039259502595177825,1
BA,2022-05-23,2022-05-23,121.63914694976809,124.13203469467162,11.172792355407887,1359.0489311587055,-29.225492328876413,-0.021504370930897375,1
NFLX,2022-05-23,2022-05-23,18.605692271232606,18.75337148094177,73.04479249396239,1359.0489311587055,-12.15163975865138,-0.00894128200983247,1
TSLA,2022-05-24,2022-05-24,217.73441634368896,209.49136631011962,6.1060113965225025,1329.4888276097402,49.02783469819342,0.03687720699867748,1
AVGO,2022-05-24,2022-05-24,52.63966736602784,52.446208168029784,25.256406321210058,1329.4888276097402,3.559038325660107,0.002676997543528686,1
TSLA,2022-05-25,2022-05-25,207.84602194976807,219.70980610656736,6.433500255118395,1337.1774352391765,-77.70099866387666,-0.05810821856261622,1
NVDA,2022-05-25,2022-05-25,16.01199045753479,16.983487881660462,83.51100625406248,1337.1774352391765,-82.5084702609348,-0.06170345691346248,1
AMD,2022-05-25,2022-05-25,90.3847853050232,92.69632652664184,14.79427572601494,1337.1774352391765,-35.55185440900708,-0.02658723776822336,1
BA,2022-05-25,2022-05-25,119.11041316986086,122.12102755737305,11.226368876180924,1337.1774352391765,-35.15234422721761,-0.02628846651224714,1
AMZN,2022-05-25,2022-05-25,103.60367456817627,106.82838902664184,12.906660316948976,1337.1774352391765,-42.978281716875635,-0.032141046194956356,1
META,2022-05-26,2022-05-26,182.7885648803711,191.72581988525388,7.087928077761299,1295.5922013092752,-64.67388619887427,-0.04991839726537205,1
AVGO,2022-05-26,2022-05-26,53.127422328948974,55.09353489303588,24.38650596084559,1295.5922013092752,-49.26618127298991,-0.03802599399965778,1
GOOGL,2022-05-26,2022-05-26,105.62416345214844,107.84639960861206,12.266058816136567,1295.5922013092752,-28.567300639536604,-0.02204960836493736,1
META,2022-05-27,2022-05-27,191.26432061004644,195.2275698852539,6.660544861603193,1273.9245878472705,-27.684522882880515,-0.021731681095552874,1
GOOGL,2022-05-27,2022-05-27,109.42826020812988,112.37265605163573,11.641641614554567,1273.9245878472705,-35.56866456991715,-0.027920541693933806,1
LOW,2022-06-02,2022-06-02,192.46371755981443,196.2280698852539,6.568747279072315,1264.2455210411736,-26.003688155788776,-0.0205685428368165,1
HD,2022-06-02,2022-06-02,298.6605925598144,306.0229301147461,4.233051003499821,1264.2455210411736,-32.44497847123667,-0.02566351071152421,1
LLY,2022-06-03,2022-06-03,302.00892366027836,301.8008188934326,4.156461898559672,1255.2885842189637,-0.38987656014886696,-0.00031058719488909144,1
TSLA,2022-06-06,2022-06-06,244.2311558532715,238.3991387786865,5.13913121242067,1255.1359560911249,28.731350773768604,0.022891026772308212,1
AVGO,2022-06-06,2022-06-06,57.123424427032475,56.151062599182126,21.972351424666304,1255.1359560911249,20.12062237526436,0.01603063180336742,1
WMT,2022-06-06,2022-06-06,41.919028627395626,41.64414464378357,29.941914142324553,1255.1359560911249,6.9795319566394305,0.005560777637488624,1
AAPL,2022-06-06,2022-06-06,146.95648377990724,146.21306938934325,8.540868179527948,1255.1359560911249,5.097443058636377,0.004061267653036859,1
LLY,2022-06-06,2022-06-06,314.9724398803711,303.5116653442383,3.984907240036096,1255.1359560911249,44.437822531078595,0.03540478807528667,1
TSLA,2022-06-07,2022-06-07,233.883,239.0061163101196,5.432076276223149,1270.4702957118986,-29.113543443528712,-0.022915564056706382,1
AVGO,2022-06-07,2022-06-07,56.025973854064944,57.32764928627014,22.676451801109035,1270.4702957118986,-30.80260918490029,-0.024245044759303308,1
LLY,2022-06-07,2022-06-07,303.83799523925785,312.25605610656737,4.18140691953771,1270.4702957118986,-36.48740792434938,-0.02871960725685753,1
TSLA,2022-06-08,2022-06-08,239.9666265869141,241.98760203552246,5.23291060791586,1255.723905812447,-11.836595561104371,-0.009426113102024727,1
NVDA,2022-06-08,2022-06-08,18.78960028648377,18.65732471752167,66.83079398531683,1255.723905812447,7.588777433433319,0.006043348699747353,1
AMD,2022-06-08,2022-06-08,104.51771469497682,101.95095152664184,12.01446003174807,1255.723905812447,29.597968727859588,0.02357044298580097,1
NFLX,2022-06-08,2022-06-08,19.7851025762558,20.29314244651794,63.468152412787965,1255.723905812447,-33.516197999341856,-0.026690738182337182,1
AMZN,2022-06-08,2022-06-08,122.5486956100464,121.24059030532837,10.246734161970991,1255.723905812447,12.15478531115388,0.009679504590851758,1
AMD,2022-06-09,2022-06-09,101.51921469497681,98.84940305328367,12.370577568077929,1255.8513200345674,31.787774241690812,0.025311733749514117,1
NVDA,2022-06-10,2022-06-10,17.59120038127899,16.982487931251526,71.65658226844495,1260.5252973218182,42.3795375827745,0.033620537146550264,1
AMD,2022-06-10,2022-06-10,98.7705896949768,94.86740969467162,12.762152187352234,1260.5252973218182,48.577358369791746,0.038537392683036104,1
META,2022-06-10,2022-06-10,182.94847328948975,175.65779232788086,6.8900563894141795,1260.5252973218182,48.99779424686325,0.038870932896758734,1
NFLX,2022-06-10,2022-06-10,18.254867938995364,18.303147625923156,69.05146076839763,1260.5252973218182,-4.595975096580665,-0.0036460792229600853,1
AMZN,2022-06-10,2022-06-10,113.36328816986087,109.70482652664184,11.119343110735082,1260.5252973218182,39.43950481622843,0.03128815018629438,1
TSLA,2022-06-13,2022-06-13,223.05508841705324,215.84453215026852,5.766612823995299,1286.2723333231845,40.31500414597535,0.031342510525604175,1
NVDA,2022-06-13,2022-06-13,15.992,15.654823812961578,80.43223695117462,1286.2723333231845,25.847122554329935,0.020094595743618215,1
AMD,2022-06-13,2022-06-13,91.21437213516238,87.03349286270141,14.101641037633556,1286.2723333231845,57.70046501796492,0.044858669134934505,1
META,2022-06-13,2022-06-13,170.5047013397217,164.34212450408936,7.5439112424258274,1286.2723333231845,45.2269053056529,0.03516122063265224,1
NFLX,2022-06-13,2022-06-13,17.698147232055664,16.977484362602233,72.67836098647837,1286.2723333231845,51.11651214045245,0.039740038572072034,1
TSLA,2022-06-14,2022-06-14,218.17752353668214,221.00044438934324,6.044714694688115,1318.8208825728445,-18.391103918174903,-0.01394511124383798,1
NVDA,2022-06-14,2022-06-14,15.723134446620943,15.843918442726137,83.87773360649932,1318.8208825728445,-11.454974275737394,-0.00868576955908543,1
AMD,2022-06-14,2022-06-14,87.36629866027833,87.03349286270141,15.095304514399157,1318.8208825728445,3.7074958784376,0.0028112201796537885,1
META,2022-06-14,2022-06-14,165.94698377990724,163.81186072540282,7.9472422609498885,1318.8208825728445,15.658003458598628,0.011872729394496651,1
NFLX,2022-06-14,2022-06-14,16.96651288127899,16.76237670993805,77.73081550705943,1318.8208825728445,14.556784025783765,0.011037726364618531,1
TSLA,2022-06-15,2022-06-15,220.80621341705324,233.11649999999997,5.973281888703193,1318.9377555172161,-74.88851605212417,-0.05677941641966034,1
NVDA,2022-06-15,2022-06-15,16.086951813697816,16.535263927459717,81.98804663504735,1318.9377555172161,-38.093550362929676,-0.02888199250008689,1
AMD,2022-06-15,2022-06-15,87.85605152511597,89.3446530532837,15.012486136372324,1318.9377555172161,-23.677721364619874,-0.017952114317430205,1
NFLX,2022-06-15,2022-06-15,16.917537594795228,18.02000517940521,77.96275008267128,1318.9377555172161,-87.31331823109814,-0.06619972615527908,1
CRM,2022-06-15,2022-06-15,166.6466307296753,168.63427805328368,7.914577989018704,1318.9377555172161,-17.05819320775865,-0.012933281450472503,1
NVDA,2022-06-16,2022-06-16,15.852069656848908,15.608800332069396,80.89091751007436,1282.2884589761177,18.405829563936567,0.014353891618609173,1
AMD,2022-06-16,2022-06-16,86.58668225479127,82.0910280532837,14.809303527796994,1282.2884589761177,65.32850792097848,0.05094681112012973,1
META,2022-06-16,2022-06-16,163.6381412200928,160.9504301147461,7.836122125412337,1282.2884589761177,19.789474616577216,0.015432935138774254,1
CRM,2022-06-16,2022-06-16,163.6481307296753,159.92993110656738,7.835643788038653,1282.2884589761177,27.86676656440687,0.02173205753302805,1
ADBE,2022-06-16,2022-06-16,369.1853101196289,365.26252656555175,3.4732922026626993,1282.2884589761177,12.349497558899145,0.009630826412303499,1
AMD,2022-06-17,2022-06-17,82.14890744018555,81.61078469467162,15.865927531498004,1303.3686122377212,7.238716779378739,0.005553852311166805,1
CRM,2022-06-17,2022-06-17,158.48071755981445,163.34162450408934,8.22414633342254,1303.3686122377212,-41.30016704011563,-0.03168724998617881,1
META,2022-06-17,2022-06-17,161.59915267944336,163.82187549591063,8.065442117899913,1303.3686122377212,-19.23957445370012,-0.014761422266160123,1
COP,2022-06-17,2022-06-17,101.43925286483764,93.7868678627014,12.848759976321887,1303.3686122377212,97.06945135568573,0.07447582398737498,1
NKE,2022-06-17,2022-06-17,106.09692652511598,107.39366633605957,12.284697162543903,1303.3686122377212,-17.24138951623221,-0.013228329541119528,1
TSLA,2022-06-21,2022-06-21,224.4910308532715,237.15518520355224,5.821430368997923,1306.8589045768845,-75.06721338334455,-0.05744094723649506,1
AMD,2022-06-21,2022-06-21,84.12791316986085,83.8318959159851,15.534189014509774,1306.8589045768845,3.2938282626717132,0.002520416129955621,1
COP,2022-06-21,2022-06-21,95.97198664474487,99.32963877868652,13.617087134128258,1306.8589045768845,-47.051161299388895,-0.036003244982764554,1
ADBE,2022-06-21,2022-06-21,354.84247901916507,363.1714852294922,3.682926881215653,1306.8589045768845,-31.99731733083567,-0.024484140727644422,1
XOM,2022-06-21,2022-06-21,88.53571183013916,91.52574335861206,14.760810949192662,1306.8589045768845,-45.46421667355286,-0.034788925196383456,1
AMD,2022-06-22,2022-06-22,84.35780152511597,83.79187499999999,15.137022271067831,1276.9259204240004,7.293799715251909,0.0057119991055001994,1
META,2022-06-22,2022-06-22,158.3008148803711,155.92793110656737,8.066451972398129,1276.9259204240004,17.873397453545277,0.013997207800128652,1
NFLX,2022-06-22,2022-06-22,17.066463262557985,17.897944438934324,74.82076987945364,1276.9259204240004,-63.52009370805388,-0.0497445409260407,1
COP,2022-06-22,2022-06-22,92.80357347488403,93.10652755737306,13.75944775197242,1276.9259204240004,-5.4474910301130866,-0.004266097933311792,1
ADBE,2022-06-22,2022-06-22,360.60961354064943,365.5126515655517,3.541020184920999,1276.9259204240004,-18.647363412344994,-0.014603324369947145,1
META,2022-06-23,2022-06-23,156.1918692703247,158.829375,8.11232951161895,1267.079910556584,-22.674093636249523,-0.017894762159309734,1
COP,2022-06-23,2022-06-23,93.703125,87.93394438934325,13.522280186029912,1267.079910556584,76.78440298888565,0.06059949522454107,1
XOM,2022-06-23,2022-06-23,88.61567366027832,85.25260408401489,14.298598184945565,1267.079910556584,46.84414421871881,0.036970157784398786,1
ORCL,2022-06-23,2022-06-23,66.41677194976808,67.66381225204468,19.07770994222505,1267.079910556584,-25.069648420240796,-0.019785372817747993,1
CVX,2022-06-23,2022-06-23,148.71559828948975,142.50120767211914,8.520154745906927,1267.079910556584,51.706963585808865,0.04080797363687646,1
COP,2022-06-24,2022-06-24,89.955,90.95545866394042,14.293185713975472,1285.7435209006635,-15.592634874498303,-0.012127329145377034,1
META,2022-06-24,2022-06-24,161.6491307296753,170.24508366394042,7.953915465532588,1285.7435209006635,-69.69141224723461,-0.054203199249579545,1
BA,2022-06-24,2022-06-24,134.94248950958251,141.6007637786865,9.528085079602452,1285.7435209006635,-64.75806754211106,-0.05036624061441743,1
CVX,2022-06-24,2022-06-24,145.12739694976807,144.84238927459717,8.859412818833158,1285.7435209006635,1.2405196302997046,0.0009648266626540886,1
CAT,2022-06-24,2022-06-24,181.2493263397217,185.58275049591066,7.093783722488166,1285.7435209006635,-32.04148744958179,-0.024920590248929834,1
COP,2022-06-27,2022-06-27,91.53421183013916,92.27611835861205,13.74496900724495,1258.1349047078568,-11.46071588596057,-0.009109290142953141,1
XOM,2022-06-27,2022-06-27,87.76609255981445,89.07451377868652,14.33509078520741,1258.1349047078568,-20.023850031009626,-0.015915503143646773,1
CVX,2022-06-27,2022-06-27,145.78707061004638,147.64379232788085,8.629948454572741,1258.1349047078568,-17.2895593304647,-0.013742214182094722,1
CAT,2022-06-27,2022-06-27,187.98596183013916,187.68379133605958,6.692706691815028,1258.1349047078568,0.7652147523314707,0.0006082135941607599,1
AMD,2022-06-29,2022-06-29,79.51022805023194,78.02899286270141,15.728242244156545,1250.5561276621788,22.058318335311665,0.01763880712539312,1
AMZN,2022-06-29,2022-06-29,107.32630725479125,108.9744581680298,11.651906784544213,1250.5561276621788,-20.464258985983168,-0.01636412675394232,1
ADBE,2022-06-29,2022-06-29,367.7560324401856,368.68424999999996,3.4005047296282704,1250.5561276621788,-4.408542534036047,-0.003525265629042567,1
NKE,2022-06-29,2022-06-29,102.93850286483764,103.301625,12.148575050719446,1250.5561276621788,-5.6641783475153575,-0.004529327570529853,1
AMT,2022-06-29,2022-06-29,249.90498377990724,253.28658366394038,5.004126403351567,1250.5561276621788,-18.18097036955562,-0.01453830817137619,1
TSLA,2022-06-30,2022-06-30,224.39773950958255,224.5855643005371,5.553033765190075,1246.088224329039,-2.2896071291424818,-0.0018374358126811846,1
AMD,2022-06-30,2022-06-30,77.69113835525513,76.50823622131347,16.039000724009238,1246.088224329039,17.735966242484793,0.014233315022325,1
NVDA,2022-06-30,2022-06-30,15.35331956100464,15.16657989692688,81.16083426635207,1246.088224329039,13.91743667630382,0.011168901530866901,1
NFLX,2022-06-30,2022-06-30,17.698147232055664,17.49574301147461,70.40783467277687,1246.088224329039,13.011880096864031,0.010442182056467414,1
BA,2022-06-30,2022-06-30,134.23285305023194,136.78836122131347,9.283034637301004,1246.088224329039,-24.980820527818622,-0.020047393146074906,1
COP,2022-07-01,2022-07-01,91.8840353050232,91.02549335861205,13.584842735792208,1248.2301695487192,10.420758733189746,0.008348427227133302,1
TSLA,2022-07-01,2022-07-01,226.8865,227.37696784973147,5.501562100648206,1248.2301695487192,-3.947918672884569,-0.0031628130525894,1
AMD,2022-07-01,2022-07-01,75.15240744018556,73.70683316802977,16.609317147187816,1248.2301695487192,22.77377637727487,0.018244853339435325,1
NVDA,2022-07-01,2022-07-01,14.891550667762758,14.530261263370512,83.82136940586645,1248.2301695487192,29.05068434475313,0.023273499594434584,1
NFLX,2022-07-01,2022-07-01,17.640175667762758,18.003998339653013,70.76064281093568,1248.2301695487192,-27.005428464761334,-0.02163497496180915,1
COP,2022-07-05,2022-07-05,89.30532347488403,84.68231938934326,14.024425592445352,1252.4558640827743,63.61493843556025,0.050792159835626724,1
AMD,2022-07-05,2022-07-05,71.94401335525514,75.23759694671631,17.40875724986628,1252.4558640827743,-58.618321688586015,-0.046802704486129464,1
TSLA,2022-07-05,2022-07-05,222.88850000000002,233.1831989822388,5.619203611145367,1252.4558640827743,-59.12938956558173,-0.04721075709033839,1
NVDA,2022-07-05,2022-07-05,14.167912690639497,14.971481748104095,88.40087396291275,1252.4558640827743,-72.32418093699201,-0.0577458919001174,1
XOM,2022-07-05,2022-07-05,86.29682633972169,84.85240255737304,14.513347908673666,1252.4558640827743,19.721450729145907,0.01574622411432338,1
COP,2022-07-06,2022-07-06,83.66814408493042,83.38166633605957,14.772359076414471,1235.9758676797755,2.99809228213019,0.0024256883653872075,1
AMD,2022-07-06,2022-07-06,75.13241316986084,75.38767347335815,16.450634493603406,1235.9758676797755,-5.437269418217059,-0.00439917118157341,1
NVDA,2022-07-06,2022-07-06,15.002495228767396,15.137565114498138,82.38468660265144,1235.9758676797755,-12.369229918165567,-0.010007662966256447,1
XOM,2022-07-06,2022-07-06,83.71812213516236,83.32163877868652,14.76354027249083,1235.9758676797755,4.6204488820239895,0.0037383002393871047,1
CVX,2022-07-06,2022-07-06,141.58917366027833,140.85038877868652,8.729310551986917,1235.9758676797755,5.216331336179297,0.004220415197888619,1
COP,2022-07-07,2022-07-07,86.14690744018556,86.39317347335815,14.333267082876132,1234.7666327039885,-4.766328358020586,-0.003860104599346767,1
XOM,2022-07-07,2022-07-07,85.33730725479127,85.98297244262695,14.469247652932738,1234.7666327039885,-10.581727281127542,-0.008569819592512674,1
CVX,2022-07-07,2022-07-07,144.02795610046388,143.59176427459715,8.57310390381921,1234.7666327039885,2.506620971370669,0.0020300362068267704,1
CAT,2022-07-07,2022-07-07,182.40875,180.3701387786865,6.769229177350256,1234.7666327039885,12.57195984116521,0.01018164850602915,1
GE,2022-07-07,2022-07-07,38.96267520713806,39.269686065673824,31.691012645809703,1234.7666327039885,-10.96911637546183,-0.00888355425627335,1
COP,2022-07-08,2022-07-08,87.48623377990724,86.50322908401489,14.089277287182819,1232.6178065364134,12.624132841361206,0.01024172519204011,1
CVX,2022-07-08,2022-07-08,144.8075648803711,142.84138927459716,8.512109208898773,1232.6178065364134,15.512051824424182,0.012584640382579068,1
NFLX,2022-07-12,2022-07-12,17.724133301734927,17.45372219467163,69.77228846751287,1236.6533415653005,17.639982026157924,0.014264290107226026,1
AMZN,2022-07-12,2022-07-12,112.10392366027833,109.27461122131346,11.031311850536795,1236.6533415653005,29.989980009177362,0.024250918993367523,1
META,2022-07-12,2022-07-12,164.71760305023193,163.35163927459715,7.507718171373422,1236.6533415653005,9.023745353735686,0.0072969077512974115,1
COP,2022-07-13,2022-07-13,82.31882061004639,83.15155561065673,15.122582435539433,1244.873150671809,-13.844273396207523,-0.01112103139885081,1
TSLA,2022-07-13,2022-07-13,225.38725000000002,237.15851328277586,5.523263408519377,1244.873150671809,-66.29316880635615,-0.05325295092964318,1
NVDA,2022-07-13,2022-07-13,14.582705152511597,15.171581557273862,85.36640751166824,1244.873150671809,-51.540271425184926,-0.0414020267023758,1
AMD,2022-07-13,2022-07-13,74.90253244018555,77.55875664138793,16.619907366495514,1244.873150671809,-45.413146419383175,-0.0364801396791918,1
NFLX,2022-07-13,2022-07-13,17.041474237442017,17.664828137397766,73.04961609111753,1244.873150671809,-46.80340411288048,-0.037596926311425805,1
COP,2022-07-14,2022-07-14,79.79008683013916,81.65080561065673,15.17509545006461,1210.822183616305,-29.461525576248338,-0.024331834991870565,1
TSLA,2022-07-14,2022-07-14,234.77921914672854,238.43249590301514,5.157280052369477,1210.822183616305,-20.061214010268753,-0.01656825773570887,1
NVDA,2022-07-14,2022-07-14,15.100445801734924,15.379685740470885,80.18453226574218,1210.822183616305,-23.612741423012533,-0.019501411307554246,1
AMD,2022-07-14,2022-07-14,78.19088835525513,78.63929847335815,15.485463959880013,1210.822183616305,-8.158132826107833,-0.006737680343568141,1
NFLX,2022-07-14,2022-07-14,17.547221755981447,17.486739641189573,69.00364060216903,1210.822183616305,2.9647506713972893,0.0024485434042367886,1
COP,2022-07-15,2022-07-15,83.82806774520874,82.93144438934326,14.298537805570744,1198.6187958228127,11.628194356853156,0.009701328226603337,1
META,2022-07-15,2022-07-15,160.45972328948974,164.7823469467163,7.469904417449056,1198.6187958228127,-33.504349140685314,-0.027952464334322132,1
CRM,2022-07-15,2022-07-15,163.62815171051025,167.4636948852539,7.325260251936356,1198.6187958228127,-29.309018934339406,-0.024452327158961094,1
XOM,2022-07-15,2022-07-15,84.75760305023194,84.5822709159851,14.141725965426918,1198.6187958228127,1.282119949127023,0.001069664478477404,1
GOOGL,2022-07-15,2022-07-15,111.94450328826905,111.83338508605956,10.707259049032906,1198.6187958228127,-0.00825253401500492,-6.885036380010898e-06,1
GOOGL,2022-07-18,2022-07-18,112.58367938995362,109.08451377868651,10.575978901033949,1190.68261782892,35.83492260899351,0.030096116355788065,1
GOOGL,2022-07-19,2022-07-19,110.79457347488403,113.86690255737305,10.794468695662655,1195.9685550239317,-34.376710738777476,-0.028743824906073377,1
META,2022-07-25,2022-07-25,168.9155,166.7333188934326,7.049218992759624,1190.7223507714882,14.199641487535757,0.01192523301367072,1
GOOGL,2022-07-25,2022-07-25,108.35579866027832,107.5637571372986,10.989004423332167,1190.7223507714882,7.517377322615255,0.00631329152236424,1
NVDA,2022-07-26,2022-07-26,16.880555438995362,16.541267446517942,70.7204984785408,1193.8012952403951,22.812811968524034,0.019109387851627545,1
AMD,2022-07-26,2022-07-26,86.9565,85.292625,13.728718327444124,1193.8012952403951,21.660491347439297,0.01814413456728369,1
META,2022-07-26,2022-07-26,165.85703244018555,159.2295688934326,7.197773152434317,1193.8012952403951,46.53302937990788,0.038978873255902734,1
GOOGL,2022-07-26,2022-07-26,106.54669847488404,105.07250664138793,11.204488851635386,1193.8012952403951,15.332023451320454,0.012843027991717042,1
CRM,2022-07-26,2022-07-26,177.02144561004638,170.5452367172241,6.743822993459071,1193.8012952403951,42.502442349839576,0.03560261035005904,1
TSLA,2022-07-27,2022-07-27,263.6780925598144,274.9574173278808,4.610469257143395,1215.6797395292347,-53.244661314077824,-0.04379826329481853,1
NFLX,2022-07-27,2022-07-27,21.637176716804507,22.686336736679078,56.18476733080787,1215.6797395292347,-60.191964754772435,-0.049513011361101936,1
NVDA,2022-07-27,2022-07-27,17.02348358821869,17.798895915985106,71.41192536940916,1215.6797395292347,-56.617053864144985,-0.04657234304659024,1
META,2022-07-27,2022-07-27,162.50870133972168,169.6647918319702,7.480705522271554,1215.6797395292347,-54.77505170559935,-0.0450571395775755,1
AMD,2022-07-27,2022-07-27,86.89653244018555,89.86490969467162,13.989968361120013,1215.6797395292347,-42.76394736559473,-0.03517698450922184,1
ADBE,2022-07-28,2022-07-28,392.56362976074223,403.70175,2.993361760213161,1175.084957776283,-34.53217837422919,-0.029386963168669504,1
META,2022-07-29,2022-07-29,157.61115744018556,159.17955610656736,7.422171238684472,1169.8169996483155,-12.81656093379457,-0.010956039224637391,1
META,2022-08-02,2022-08-02,158.23084255981445,160.27009744262693,7.38039917086214,1167.8067792332724,-16.225847083042257,-0.013894290880633004,1
NFLX,2022-08-03,2022-08-03,22.467760591506956,22.684336835861206,51.86477361267875,1165.2853166623736,-12.403579538921429,-0.010644242540056999,1
CAT,2022-08-03,2022-08-03,183.22834732055665,182.9614301147461,6.359743640669942,1165.2853166623736,0.533088448077828,0.00045747461197289204,1
COP,2022-08-04,2022-08-04,92.69362786483764,89.92493725204467,12.550268848011557,1163.3299502012478,33.60185550309011,0.02888420047749757,1
COP,2022-08-05,2022-08-05,88.17589122009278,92.89642347335815,13.249460398016684,1168.2829787804462,-63.74406037855409,-0.05456217503493511,1
XOM,2022-08-05,2022-08-05,86.31682061004639,88.49422194671631,13.534824041520247,1168.2829787804462,-30.653762310358555,-0.02623830259202918,1
CVX,2022-08-05,2022-08-05,149.5651793899536,153.71681938934324,7.811196319528638,1168.2829787804462,-33.61377269956222,-0.028771944220783864,1
TSLA,2022-08-08,2022-08-08,294.8525,290.5685515136719,3.896247702841078,1148.818375801949,15.550851735368065,0.013536388399526226,1
COP,2022-08-08,2022-08-08,92.97348664474488,93.67681225204466,12.356408447836602,1148.818375801949,-9.843742140658499,-0.008568579984444394,1
XOM,2022-08-08,2022-08-08,88.56569561004639,88.9944719467163,12.971369647003977,1148.818375801949,-6.713415642815026,-0.00584375718931953,1
CVX,2022-08-08,2022-08-08,153.5132013397217,153.48670866394042,7.483515201143104,1148.818375801949,-0.9504609047028935,-0.0008273378322656188,1
TSLA,2022-08-09,2022-08-09,290.14818829345705,283.47501017761226,3.9572200054029394,1148.1802152462872,25.272257341361637,0.022010706164224125,1
NVDA,2022-08-09,2022-08-09,17.243374808311465,17.094543442726135,66.5867458087644,1148.1802152462872,8.766971191509695,0.007635535846286256,1
XOM,2022-08-09,2022-08-09,90.00497805023194,90.63529133605957,12.756852344383503,1148.1802152462872,-9.193014140011506,-0.008006595147643774,1
TSLA,2022-08-10,2022-08-10,296.91814756774903,294.5038372650146,3.878674362920203,1151.6488068567858,8.217356830230948,0.0071352974807126456,1
NVDA,2022-08-10,2022-08-10,17.68915095424652,18.106048622131347,65.10480971277578,1151.6488068567858,-28.307263165867,-0.02457977032349513,1
AMD,2022-08-10,2022-08-10,98.40077194976809,99.09952805328368,11.703656221769101,1151.6488068567858,-9.333739025875385,-0.008104674767432022,1
AMZN,2022-08-10,2022-08-10,142.82854389953613,142.76134744262694,8.063155832960403,1151.6488068567858,-0.6095623956234618,-0.0005292953824066823,1
CRM,2022-08-10,2022-08-10,188.06592366027832,188.70430561065675,6.123644222422349,1151.6488068567858,-5.062827360961442,-0.00439615560821836,1
NVDA,2022-08-11,2022-08-11,18.12193501853943,17.950970435142516,63.235660657327536,1145.9525332864998,9.670511376012097,0.00843884113443848,1
AMD,2022-08-11,2022-08-11,99.8800353050232,98.16906274795534,11.473289229292725,1145.9525332864998,18.494345718840943,0.016138840991782307,1
AMD,2022-08-12,2022-08-12,99.15039694976808,100.8804168319702,11.59859571266623,1150.005368970735,-21.225839458101788,-0.01845716553227843,1
NVDA,2022-08-18,2022-08-18,18.29185009479523,18.78238721752167,62.6910474723188,1146.735242649347,-31.914397433451185,-0.02783065894069682,1
AMD,2022-08-18,2022-08-18,97.69112786483764,100.49022244262693,11.738376531346159,1146.735242649347,-34.0199897566399,-0.02966682150453683,1
META,2022-08-18,2022-08-18,174.25282633972168,174.74733366394042,6.580870260397858,1146.735242649347,-4.402650930421156,-0.0038392915528169696,1
NFLX,2022-08-18,2022-08-18,24.183901145935057,24.529258698463433,47.417297801934474,1146.735242649347,-17.53084511999281,-0.01528761345076534,1
TSLA,2022-08-19,2022-08-19,298.8505,296.8149898223877,3.791899426604528,1133.2110395904765,6.589098060682988,0.005814537478441948,1
META,2022-08-19,2022-08-19,170.11489694976808,168.0439867172241,6.661445058072096,1133.2110395904765,12.668941322067699,0.011179683994824162,1
NVDA,2022-08-22,2022-08-22,17.481254771232607,17.04251739692688,64.97987579880434,1135.9297638419505,27.38742487688309,0.024110139331373032,1
AMD,2022-08-22,2022-08-22,94.35280152511598,92.88641633605957,12.039173670318362,1135.9297638419505,16.526963227770114,0.014549282670323287,1
TSLA,2022-08-22,2022-08-22,291.767373413086,290.05828674316405,3.893272063129877,1135.9297638419505,5.521336591325512,0.004860632027680307,1
META,2022-08-22,2022-08-22,165.40726049041749,163.1315280532837,6.867472204509173,1135.9297638419505,14.500413757702779,0.012765237974449553,1
NVDA,2022-08-23,2022-08-23,16.980505820274352,17.189590255737304,67.44082996123299,1145.1794056808499,-15.25305767920797,-0.01331936079494853,1
AMD,2022-08-23,2022-08-23,92.34380438995362,92.5362428627014,12.401258679412148,1145.1794056808499,-3.532851925737301,-0.003084976823903758,1
TSLA,2022-08-23,2022-08-23,291.3076119537354,296.6015652923584,3.9311688355837537,1145.1794056808499,-21.967009499701064,-0.019182155556352234,1
NFLX,2022-08-23,2022-08-23,22.63467690849304,22.466227423667902,50.594024836782744,1145.1794056808499,7.381619282014984,0.006445819096464059,1
META,2022-08-23,2022-08-23,162.39875572967532,161.19055561065673,7.051651353703013,1145.1794056808499,7.378886502143108,0.006443432763057853,1
NVDA,2022-08-24,2022-08-24,17.0034931306839,17.230611122131346,67.0951017321792,1140.8511014056464,-16.38697509515097,-0.014363815816946245,1
AMD,2022-08-24,2022-08-24,92.16389408493042,92.77636835861206,12.378503672537262,1140.8511014056464,-8.72615690503149,-0.007648813148604548,1
TSLA,2022-08-24,2022-08-24,297.4145423126221,297.2452280273437,3.835895489624246,1140.8511014056464,-0.49105446222586935,-0.0004304281791206929,1
NFLX,2022-08-24,2022-08-24,22.554716984748843,22.972480942726133,50.58148600033743,1140.8511014056464,-22.2825384541754,-0.01953150452913707,1
META,2022-08-24,2022-08-24,160.51970610046388,163.34162450408934,7.107233928597067,1140.8511014056464,-21.206913340495976,-0.018588677623545147,1
NVDA,2022-08-25,2022-08-25,16.835577862739562,17.921956606864928,67.12328176183964,1130.0592365040575,-74.08782643177547,-0.06556101135102704,1
NFLX,2022-08-25,2022-08-25,23.012488167762758,23.40969971752167,49.10634731306938,1130.0592365040575,-20.645420359887286,-0.018269325795482898,1
AMD,2022-08-25,2022-08-25,93.09342938995361,97.22859030532837,12.138979559668154,1130.0592365040575,-51.35179138109069,-0.045441681039617175,1
META,2022-08-25,2022-08-25,165.09740267944338,168.8643887786865,6.844803238353813,1130.0592365040575,-26.92723002676268,-0.023828157991137303,1
DIS,2022-08-25,2022-08-25,116.96148664474488,117.51872908401488,9.661806368248923,1130.0592365040575,-6.516719769175693,-0.0057667063448246896,1
NVDA,2022-08-29,2022-08-29,16.01199045753479,15.808900141239164,68.86752268679764,1102.7061160950645,12.890614012345326,0.011689981423150121,1
TSLA,2022-08-29,2022-08-29,282.6885715789795,284.96241732788087,3.9007806715913973,1102.7061160950645,-9.976914550363468,-0.009047664109902657,1
CRM,2022-08-29,2022-08-29,164.19785877990722,160.2901117172241,6.715715565896295,1102.7061160950645,25.153733319239674,0.02281091303666186,1
NVDA,2022-08-30,2022-08-30,15.9520200381279,15.475734412193297,69.37479513509959,1106.6681221361266,31.952070711732112,0.028872315080384885,1
AMD,2022-08-30,2022-08-30,90.01496755981445,86.98347244262695,12.294267854962584,1106.6681221361266,36.18197985606409,0.032694517111620115,1
NFLX,2022-08-30,2022-08-30,22.654667366027834,22.076033034324645,48.84945359187434,1106.6681221361266,27.1734357965306,0.024554277161322365,1
TSLA,2022-08-30,2022-08-30,287.7260601196289,277.83886221313475,3.8462561287496975,1106.6681221361266,36.9410417696503,0.03338041552904362,1
CRM,2022-08-30,2022-08-30,162.05892938995362,159.74983316802977,6.828800648640662,1106.6681221361266,14.6695738348002,0.013255621573778157,1
NVDA,2022-08-31,2022-08-31,15.376307824611665,15.101546862602232,73.37852817174189,1128.2908368856424,19.04334493191407,0.016878046253108233,1
AMD,2022-08-31,2022-08-31,86.23685877990724,84.91243774795532,13.083626338538767,1128.2908368856424,16.208603175023597,0.014365625107585994,1
TSLA,2022-08-31,2022-08-31,280.4796851196289,275.74779034423824,4.022718566602815,1128.2908368856424,17.916307671773414,0.015879157293545686,1
NFLX,2022-08-31,2022-08-31,22.688650762557984,22.367178900718688,49.72930513557059,1128.2908368856424,14.86627475917564,0.013175924392163089,1
CRM,2022-08-31,2022-08-31,159.71009828948976,156.1980551147461,7.0646180108192524,1128.2908368856424,23.69535825191683,0.021001108470686328,1
NVDA,2022-09-01,2022-09-01,14.201895133972169,13.94396877479553,80.3855542074388,1141.6272111402811,19.60229289264425,0.01717048498963604,1
AMD,2022-09-01,2022-09-01,82.30882347488404,82.37116683197021,13.870046526526293,1141.6272111402811,-2.006764827177112,-0.0017578109628034475,1
TSLA,2022-09-01,2022-09-01,272.4436965789795,277.2985836639404,4.190323452058035,1141.6272111402811,-21.4953461939503,-0.018828691173610253,1
CRM,2022-09-01,2022-09-01,154.79256011962892,153.6067637786865,7.375207246769438,1141.6272111402811,7.608239302654269,0.00666438153226481,1
COP,2022-09-01,2022-09-01,107.72610877990724,107.58376377868652,10.597497896008791,1141.6272111402811,0.36762789022912246,0.00032202095976840636,1
NVDA,2022-09-02,2022-09-02,14.092950381278994,13.653823812961578,81.01997647082749,1141.8105082957634,34.45400273661291,0.03017488671394175,1
AMD,2022-09-02,2022-09-02,83.27833969497681,80.28011786270142,13.710774163820599,1141.8105082957634,39.986685898286204,0.03502042204706041,1
CRM,2022-09-02,2022-09-02,156.38177671051025,153.76684744262695,7.301429439629992,1141.8105082957634,17.960457391546985,0.015729805656066607,1
TSLA,2022-09-02,2022-09-02,280.92947232055667,270.34509645080567,4.064402708851039,1141.8105082957634,41.898865031196024,0.03669511247863114,1
BA,2022-09-02,2022-09-02,155.11240744018556,151.89591732788085,7.361181011493669,1141.8105082957634,22.547194013027998,0.019746879056737138,1
NVDA,2022-09-06,2022-09-06,13.724134446620942,13.471732652664183,84.88035545313159,1164.909410115753,20.269756554936052,0.01740028570369426,1
AMD,2022-09-06,2022-09-06,80.36979866027832,78.75936122131347,14.494367654693324,1164.909410115753,22.189034051286157,0.01904786231324315,1
CRM,2022-09-06,2022-09-06,152.8035648803711,151.79586122131346,7.623574823190498,1164.909410115753,6.521235986435333,0.005598062759049513,1
TSLA,2022-09-06,2022-09-06,272.54365267944337,274.55722343444825,4.274212217614475,1164.909410115753,-9.775641346549842,-0.008391760991593732,1
BA,2022-09-06,2022-09-06,152.31380438995362,152.46619438934326,7.648088200419138,1164.909410115753,-2.3309843123876406,-0.002001000500250074,1
NVDA,2022-09-07,2022-09-07,13.556218225479126,13.720856748104096,86.3075202660855,1170.0035792270173,-15.386650978573934,-0.013150943511420184,1
AMD,2022-09-07,2022-09-07,79.20037786483765,79.64980561065673,14.772701984120966,1170.0035792270173,-7.812585362683735,-0.006677402959609108,1
NFLX,2022-09-07,2022-09-07,22.009989408493045,22.907447908401487,53.157843809572455,1170.0035792270173,-48.90081582231503,-0.04179544121960908,1
CRM,2022-09-07,2022-09-07,151.21434828948975,153.35663877868652,7.737384662645398,1170.0035792270173,-17.75401701605621,-0.015174327097174952,1
META,2022-09-07,2022-09-07,157.68111450958253,160.47019438934325,7.420061577227845,1170.0035792270173,-21.87549560308461,-0.018696947591850126,1
AMD,2022-09-08,2022-09-08,79.98998377990723,82.82138877868653,14.411871820593799,1152.8053931674,-41.97905423072038,-0.036414692782951404,1
META,2022-09-08,2022-09-08,158.63065171051025,162.14102755737304,7.26722976131491,1152.8053931674,-26.67626857480353,-0.023140305148563647,1
NVDA,2022-09-14,2022-09-14,13.247372710227967,13.134564259529114,86.23099832132213,1142.3341739375965,8.59011494156762,0.007519791614005309,1
AMD,2022-09-14,2022-09-14,77.06144847488403,77.48872194671631,14.823678980157082,1142.3341739375965,-7.479265839508087,-0.006547353664232289,1
NFLX,2022-09-14,2022-09-14,21.971009350776672,22.423206656455992,51.992794491128606,1142.3341739375965,-24.665091258356362,-0.021591835227459253,1
META,2022-09-14,2022-09-14,153.25333683013918,151.54573622131346,7.453894300544471,1142.3341739375965,11.592304409017533,0.010147910019236454,1
BA,2022-09-14,2022-09-14,146.82654389953615,149.33462450408933,7.780161158865262,1142.3341739375965,-20.665362112437023,-0.018090470007742176,1
NVDA,2022-09-15,2022-09-15,13.008492843151092,12.93546440076828,87.40533721721988,1137.0117036434126,5.249255467091044,0.004616711903906052,1
AMD,2022-09-15,2022-09-15,76.60167938995362,76.69833366394043,14.843169401747252,1137.0117036434126,-2.572384793713689,-0.002262408368771229,1
NFLX,2022-09-15,2022-09-15,23.035477384567265,23.54976910686493,49.35915521356459,1137.0117036434126,-26.534709152058213,-0.023337234847302834,1
META,2022-09-15,2022-09-15,149.72510305023195,149.62477805328368,7.593995131610972,1137.0117036434126,-0.3747632314701337,-0.0003296036709817951,1
BA,2022-09-15,2022-09-15,147.8060648803711,149.85488877868653,7.692591671144677,1137.0117036434126,-16.905657742294682,-0.014868499319859773,1
NVDA,2022-09-16,2022-09-16,12.735628626346589,13.204598954200744,88.76001479802542,1130.4145853366795,-42.7770407321264,-0.037841904454360704,1
ADBE,2022-09-16,2022-09-16,298.1708473205567,299.64975,3.791164010482207,1130.4145853366795,-6.739980579954509,-0.00596239704209681,1
AMD,2022-09-16,2022-09-16,75.58219274520874,76.54825713729858,14.956096724361545,1130.4145853366795,-15.586191351638798,-0.013788031005453323,1
META,2022-09-16,2022-09-16,147.97597805023193,146.36313828277588,7.63917630571733,1130.4145853366795,11.196513134800472,0.009904784740074576,1
BA,2022-09-16,2022-09-16,145.1573807296753,144.36213828277587,7.787510215838323,1130.4145853366795,5.065640573300597,0.00448122364927896,1
ADBE,2022-09-19,2022-09-19,294.7325648803711,296.208027557373,3.809095616833224,1122.6645210238355,-6.745653026000564,-0.006008609784736705,1
META,2022-09-19,2022-09-19,145.1673854904175,148.09401427459716,7.733586419781202,1122.6645210238355,-23.767317810406922,-0.021170454187624865,1
BA,2022-09-19,2022-09-19,142.5486851196289,144.9524448852539,7.875656798108515,1122.6645210238355,-20.063317053657546,-0.017871159797016135,1
GE,2022-09-19,2022-09-19,40.84324232673645,41.79416773796081,27.48715471809951,1122.6645210238355,-27.273967541672096,-0.0242939605117289,1
AMZN,2022-09-19,2022-09-19,122.09892366027833,124.72233366394042,9.194712675334294,1122.6645210238355,-25.256226484901052,-0.0224966817886684,1
ADBE,2022-09-20,2022-09-20,292.67359732055667,291.205527557373,3.7816105028727116,1106.7775495409558,4.447666319881997,0.004018572947858131,1
META,2022-09-20,2022-09-20,145.70710877990723,146.16304133605956,7.595906327485777,1106.7775495409558,-4.571730148219324,-0.004130667585474139,1
BA,2022-09-20,2022-09-20,145.18736450958252,146.01297244262693,7.623098285993801,1106.7775495409558,-7.403614814044325,-0.0066893431449843105,1
AMZN,2022-09-20,2022-09-20,123.28832347488404,122.25109744262693,8.977148186838841,1106.7775495409558,8.209209911175408,0.007417217592261642,1
GE,2022-09-20,2022-09-20,41.3787715473175,41.507437683105465,26.747472391134963,1106.7775495409558,-4.549992211160946,-0.004111026839176571,1
ADBE,2022-09-21,2022-09-21,292.6935763397217,286.44313778686524,3.777951852059338,1105.7822388185227,22.51988059608207,0.020365565484343033,1
META,2022-09-21,2022-09-21,146.31680438995363,142.1910551147461,7.557452087809866,1105.7822388185227,30.089960311115586,0.027211470084078506,1
BA,2022-09-21,2022-09-21,146.6966192703247,143.36163828277586,7.537884951396502,1105.7822388185227,24.04549011191899,0.02174523090333815,1
AMZN,2022-09-21,2022-09-21,122.42875286483763,118.5992709159851,9.032046908452262,1105.7822388185227,33.49957238858729,0.03029490908117681,1
GE,2022-09-21,2022-09-21,41.73371178627014,40.6534762172699,26.49613924784689,1105.7822388185227,27.530600853917424,0.02489694615038545,1
ADBE,2022-09-22,2022-09-22,281.85900000000004,287.203527557373,3.994977616887198,1126.020396118209,-22.48796399464219,-0.01997118708698898,1
AMD,2022-09-22,2022-09-22,73.85305438995361,69.53475,15.246768131926903,1126.020396118209,64.74708545346489,0.0575008105329806,1
META,2022-09-22,2022-09-22,141.47922805023194,142.89141732788084,7.958909669187745,1126.020396118209,-12.371127036169646,-0.01098659232001241,1
AMZN,2022-09-22,2022-09-22,117.02146183013915,117.36865255737305,9.622340880963083,1126.020396118209,-4.468478318036423,-0.003968381330783039,1
NKE,2022-09-22,2022-09-22,99.74010591506959,98.59927805328367,11.28954482038584,1126.020396118209,11.759846595497894,0.010443724319770982,1
ADBE,2022-09-23,2022-09-23,285.42722232055667,284.70227755737295,3.963094457767891,1131.1750428746818,1.7432860425731327,0.0015411284518290632,1
NVDA,2022-09-23,2022-09-23,12.413790076255797,12.52225779390335,91.12245623021384,1131.1750428746818,-11.019961819031892,-0.0097420482253804,1
AMD,2022-09-23,2022-09-23,67.96600000000001,67.9939790840149,16.64324872546099,1131.1750428746818,-1.5970707286722123,-0.001411868780815336,1
NFLX,2022-09-23,2022-09-23,23.502242938995362,22.652321248054502,48.13051442838313,1131.1750428746818,39.79644675005459,0.035181510590013496,1
META,2022-09-23,2022-09-23,141.34928816986084,140.48020866394043,8.002693593443057,1131.1750428746818,5.827279439844356,0.005151527587662607,1
ADBE,2022-09-26,2022-09-26,285.88698377990727,277.0984714508057,3.9734699851212922,1135.9633491863192,33.80238704934405,0.029756582440407436,1
NFLX,2022-09-26,2022-09-26,22.548719466209413,22.418203087806695,50.37817561607555,1135.9633491863192,5.442501271275913,0.004791088792762839,1
AMD,2022-09-26,2022-09-26,67.83606774520874,66.33315305328368,16.745713407990873,1135.9633491863192,24.04399904780339,0.021166175004700548,1
NVDA,2022-09-26,2022-09-26,12.484754675388336,12.234113687038422,90.98803931051094,1135.9633491863192,21.680771417671426,0.019085801873098437,1
BA,2022-09-26,2022-09-26,129.7051192703247,127.40366633605956,8.758045600488622,1135.9633491863192,19.03034451135898,0.01675260432036848,1
ADBE,2022-09-27,2022-09-27,281.55916220092774,277.7087923278809,4.088438658598905,1151.1373634249926,14.598734675963835,0.012682009236958522,1
NFLX,2022-09-27,2022-09-27,22.851569369316103,22.447218824386596,50.37454298306006,1151.1373634249926,19.228021029303093,0.016703498331505577,1
AMD,2022-09-27,2022-09-27,67.86605152511596,67.20358316802978,16.96190271212372,1151.1373634249926,10.091204821242664,0.008766290750235214,1
NVDA,2022-09-27,2022-09-27,12.500746469497681,12.419206606864929,92.08548995324507,1151.1373634249926,6.361255156932918,0.005526060884694248,1
BA,2022-09-27,2022-09-27,129.25534732055664,127.57375713729859,8.905916755382986,1151.1373634249926,13.832452876434822,0.01201633559636963,1
ADBE,2022-09-28,2022-09-28,280.2398148803711,281.5406938934326,4.1404624738744165,1160.3224371976899,-6.549256294197892,-0.00564434167972748,1
NFLX,2022-09-28,2022-09-28,22.957515362739564,24.532260457992553,50.5421609814498,1160.3224371976899,-80.7911380562773,-0.06962817874262352,1
AMD,2022-09-28,2022-09-28,67.07644561004639,68.39418061065673,17.298508092442844,1160.3224371976899,-23.96656943373673,-0.02065509436464808,1
BA,2022-09-28,2022-09-28,127.97597328948976,133.50672244262694,9.066720942789527,1160.3224371976899,-51.331154492850025,-0.044238698526610054,1
META,2022-09-28,2022-09-28,134.5526851196289,141.68080561065673,8.623554677976612,1160.3224371976899,-62.66079411118446,-0.054002915140137574,1
PLD,2022-09-29,2022-09-29,102.63865744018554,101.24059744262694,10.971426434350562,1126.0924794255036,14.220289290804065,0.012627994192855992,1
BAC,2022-09-29,2022-09-29,30.67465553379059,30.675329847335814,36.71084352308447,1126.0924794255036,-1.1508594757791615,-0.0010219937498972492,1
ORCL,2022-09-29,2022-09-29,62.25885591506958,61.43070152664184,18.087265865625007,1126.0924794255036,13.86044564615177,0.01230844348878249,1
AMD,2022-09-30,2022-09-30,63.588188932418824,63.391680610656735,17.76868643228129,1129.8785899368095,2.363562008162943,0.0020918725509217143,1
TSLA,2022-09-30,2022-09-30,266.01691889953617,265.38262499999996,4.2473937169519616,1129.8785899368095,1.5655643816160145,0.0013856040777828807,1
AAPL,2022-09-30,2022-09-30,141.20935877990723,138.2690969467163,8.001442678440805,1129.8785899368095,22.408221096206645,0.019832415000854087,1
PLD,2022-09-30,2022-09-30,102.17888835525514,101.65079847335815,11.057847742563535,1129.8785899368095,4.712578687222654,0.004170871746039735,1
BLK,2022-09-30,2022-09-30,561.3291803588868,550.5551693115234,2.0128627362903524,1129.8785899368095,20.567570070360354,0.018203345256334696,1
BA,2022-10-03,2022-10-03,121.93900000000001,126.11302805328367,9.325954041792361,1137.1975099021188,-40.08345470087464,-0.03524757515897543,1
AMD,2022-10-03,2022-10-03,64.42776908493042,66.14305561065673,17.650735483375723,1137.1975099021188,-31.42840428806771,-0.027636715710688486,1
NVDA,2022-10-03,2022-10-03,12.340826622009278,12.518256083965301,92.14921696363362,1137.1975099021188,-17.495358488421285,-0.015384626097121115,1
NKE,2022-10-03,2022-10-03,83.08843225479126,85.44270152664184,13.686592453867641,1137.1975099021188,-33.37523252241002,-0.029348668311173762,1
TSLA,2022-10-03,2022-10-03,254.37275000000002,242.52119389343264,4.470594864827772,1137.1975099021188,51.87280011327138,0.045614591714799126,1
TSLA,2022-10-04,2022-10-04,250.39474427032468,249.56472244262693,4.497676724943943,1126.1946133529302,2.6088418272064833,0.0023165106601241723,1
NFLX,2022-10-04,2022-10-04,24.471757252693177,24.08603640460968,46.02017753461451,1126.1946133529302,16.63362276520551,0.01476975876814358,1
BA,2022-10-04,2022-10-04,129.33529389953614,133.57674950408935,8.707558311405123,1126.1946133529302,-38.07738297623701,-0.033810659831582955,1
NKE,2022-10-04,2022-10-04,87.65614694976807,88.68431938934326,12.847868090737588,1126.1946133529302,-14.342623403485888,-0.012735475053272301,1
AMD,2022-10-04,2022-10-04,68.23586164474487,67.93395152664185,16.504438959329285,1126.1946133529302,3.8591539306400375,0.003426720288734541,1
TSLA,2022-10-05,2022-10-05,244.88748950958257,240.93040255737301,4.579141770125184,1121.3745321944223,17.00774764976113,0.01516687526020285,1
NKE,2022-10-05,2022-10-05,87.44625286483765,91.14554847335815,12.823585865110633,1121.3745321944223,-48.5833285259219,-0.04332480106432326,1
TSLA,2022-10-06,2022-10-06,239.32028244018557,238.2490698852539,4.6651707807599365,1116.469988883169,3.8834182171228466,0.0034783005864828668,1
AMT,2022-10-07,2022-10-07,199.02043511962893,194.7273198852539,5.612332048692255,1116.9687663665711,22.989466646354636,0.020582013874155067,1
PLD,2022-10-07,2022-10-07,100.8795353050232,100.41018061065674,11.07230285101197,1116.9687663665711,4.082466972863305,0.0036549517728622907,1
TSLA,2022-10-10,2022-10-10,223.81802767944336,223.0714867172241,5.00791657721075,1120.862011094499,2.6196221566003137,0.0023371495604907746,1
AMD,2022-10-10,2022-10-10,57.281346372604375,57.83890637397766,19.567661762059547,1120.862011094499,-12.03646260277981,-0.010738576634448025,1
NFLX,2022-10-10,2022-10-10,22.55271717643738,23.00949819087982,49.69964383119001,1120.862011094499,-23.834066664596815,-0.02126405072942327,1
NVDA,2022-10-10,2022-10-10,12.030981202602385,11.67583507633209,93.16463821355225,1120.862011094499,31.98274188600555,0.028534058224325982,1
BA,2022-10-10,2022-10-10,131.35428816986084,131.9659438934326,8.533120819360354,1120.862011094499,-6.342803866280255,-0.005658862378685344,1
TSLA,2022-10-11,2022-10-11,220.83952194976808,216.60825,5.0683864581597655,1119.3000424766808,20.33714426924465,0.01816951978688802,1
AMD,2022-10-11,2022-10-11,57.181394084930425,57.65881606864929,19.574549735779545,1119.3000424766808,-10.469293067918716,-0.009353428634518103,1
NVDA,2022-10-11,2022-10-11,11.555219370365142,11.591793442726136,96.86532177374934,1119.3000424766808,-4.663830709944623,-0.004166738616059498,1
NFLX,2022-10-11,2022-10-11,22.593697042465212,21.439715354919432,49.54036696043762,1119.3000424766808,56.077960562299666,0.05010091881906453,1
NKE,2022-10-11,2022-10-11,85.99698091506959,88.03399286270141,13.015573693012536,1119.3000424766808,-27.64543559998467,-0.024698860493932866,1
TSLA,2022-10-12,2022-10-12,215.22233683013917,217.34862549591065,5.222161432369573,1123.9257867788062,-12.233300362587439,-0.010884437839662281,1
AMD,2022-10-12,2022-10-12,57.42127576255799,57.87892347335814,19.573333609415748,1123.9257867788062,-10.086095951515151,-0.008973987491133293,1
NFLX,2022-10-12,2022-10-12,21.419285305023195,22.09804339313507,52.47260918249341,1123.9257867788062,-36.75794177767324,-0.03270495455311354,1
NVDA,2022-10-12,2022-10-12,11.57321097278595,11.505749999999999,97.11442999023204,1123.9257867788062,5.43078384887464,0.004831977264654968,1
NKE,2022-10-12,2022-10-12,87.956,88.55425713729858,12.778273077206856,1123.9257867788062,-8.772441204103421,-0.00780517833766001,1
TSLA,2022-10-13,2022-10-13,208.19585305023193,221.83086122131346,5.351410457838956,1114.1414652917135,-74.11715004739672,-0.06652400288143909,1
NVDA,2022-10-13,2022-10-13,10.965514217853547,11.965980038166045,101.604123906722,1114.1414652917135,-102.81642036334868,-0.09228309291623793,1
AMT,2022-10-13,2022-10-13,179.78006011962893,189.94493110656734,6.197247150492349,1114.1414652917135,-64.1398563330976,-0.05756886206214754,1
COP,2022-10-13,2022-10-13,114.44275,122.8013678627014,9.735360827066053,1114.1414652917135,-82.5289894547039,-0.07407406691671375,1
META,2022-10-13,2022-10-13,123.46823377990724,130.35513828277587,9.023709428594943,1114.1414652917135,-63.29063927420854,-0.056806645516633086,1
META,2022-10-14,2022-10-14,130.9345,126.8233821372986,8.062731395631523,1055.6897039213159,32.107722778354365,0.030413977382834703,1
NEE,2022-10-14,2022-10-14,73.75310591506958,71.80588164138794,14.313833849072008,1055.6897039213159,26.830491138797797,0.025415130070073663,1
TSLA,2022-10-17,2022-10-17,209.93497328948976,219.45968110656733,5.070008421539106,1064.3720825533005,-49.378866102258584,-0.04639248521419749,1
AMD,2022-10-17,2022-10-17,57.32132347488403,57.988979084014886,18.568518973914948,1064.3720825533005,-13.4679466166634,-0.012653419642833376,1
NVDA,2022-10-17,2022-10-17,11.512240649223328,11.893943534374236,92.45568390937939,1064.3720825533005,-36.372618680012195,-0.03417284169344113,1
AMZN,2022-10-17,2022-10-17,110.05494561004639,113.8468959159851,9.671278983905463,1064.3720825533005,-37.75571788904318,-0.03547229254498273,1
MS,2022-10-17,2022-10-17,76.77159255981445,77.17856938934325,13.864139678019896,1064.3720825533005,-6.7095768846634485,-0.006303788867299095,1
COP,2022-10-19,2022-10-19,118.36078816986085,121.17055561065673,8.807141708117543,1042.420234096447,-25.80081326204951,-0.024750875336196094,1
LOW,2022-10-20,2022-10-20,183.2983043899536,178.38915305328368,5.665474833745924,1038.4719305895824,26.788107759040585,0.025795697476225378,1
TSLA,2022-10-21,2022-10-21,206.31678816986084,214.54722244262695,5.0524839524955425,1042.4122613586442,-42.64734141512131,-0.040912164021877716,1
AMT,2022-10-21,2022-10-21,188.87551622009278,187.65377755737302,5.519043877259043,1042.4122613586442,5.7037884393785365,0.005471720403542084,1
META,2022-10-21,2022-10-21,126.24684255981447,130.07499950408936,8.256937284310773,1042.4122613586442,-32.66706849063691,-0.031337954954654676,1
NEE,2022-10-21,2022-10-21,71.04446183013917,71.68582652664185,14.672674470403575,1042.4122613586442,-10.457652937655908,-0.01003216608755711,1
NKE,2022-10-21,2022-10-21,86.97648664474488,88.54424999999999,11.98498929505365,1042.4122613586442,-19.84143410478348,-0.019034152647938774,1
TSLA,2022-10-24,2022-10-24,205.71709732055666,211.35562499999997,4.992462531609343,1027.034900484312,-29.191248142633764,-0.028422839505130977,1
META,2022-10-24,2022-10-24,127.18637500000001,129.78486122131346,8.075038701938881,1027.034900484312,-22.020403142447126,-0.021440754478804093,1
AMT,2022-10-24,2022-10-24,189.82503816986085,185.49269389343263,5.41042904764382,1027.034900484312,22.424526337755147,0.021834239836621486,1
NEE,2022-10-24,2022-10-24,72.45375286483765,73.31663877868652,14.175040765662528,1027.034900484312,-13.26459362691048,-0.012915426360540801,1
LOW,2022-10-24,2022-10-24,183.48821183013916,187.70380561065676,5.597280011835696,1027.034900484312,-24.634691635597168,-0.023986226392092764,1
TSLA,2022-10-25,2022-10-25,209.99495610046384,222.53120816802976,4.841291523110588,1016.6468008651556,-61.738643492582796,-0.06072772121059533,1
META,2022-10-25,2022-10-25,130.8145648803711,137.57874950408936,7.771663666005931,1016.6468008651556,-53.61189915510744,-0.05273404599265377,1
AMT,2022-10-25,2022-10-25,185.86702671051026,195.6277637786865,5.469753397672806,1016.6468008651556,-54.43216595568427,-0.05354088156217388,1
AMZN,2022-10-27,2022-10-27,113.86303816986086,111.01547908401488,8.703005514099797,990.9506490444547,23.80376293801094,0.024021138652024928,1
BA,2022-10-27,2022-10-27,137.03145610046388,139.82987450408936,7.231556003593398,990.9506490444547,-21.237988516052173,-0.021431933604898847,1
MSFT,2022-10-27,2022-10-27,230.92447328948975,226.863375,4.291232691487778,990.9506490444547,16.44488065303071,0.016595055131038098,1
GOOGL,2022-10-27,2022-10-27,94.47273664474488,92.26611122131347,10.489276422369597,990.9506490444547,22.166526329969553,0.02236895081641462,1
META,2022-10-28,2022-10-28,99.53021183013915,99.24959694671632,10.015350341680186,996.8299410604855,1.8150316556931663,0.0018208037107736053,1
AMZN,2022-10-28,2022-10-28,97.86104866027833,103.46170866394043,10.18617677520451,996.8299410604855,-58.07466745260773,-0.05825935303550828,1
GOOGL,2022-10-28,2022-10-28,92.22386164474487,96.33814591598511,10.808807214128265,996.8299410604855,-45.48957070577239,-0.04563423391694871,1
MSFT,2022-10-28,2022-10-28,226.12688549041752,235.9879301147461,4.408276967590957,996.8299410604855,-44.488780942821656,-0.0446302615022698,1
META,2022-10-31,2022-10-31,98.17089122009278,93.20658366394042,9.927537397784866,974.595193961341,48.33339539830614,0.049593303658568386,1
AMZN,2022-10-31,2022-10-31,103.50821755981447,102.49122244262693,9.415631115453708,974.595193961341,8.605843501128922,0.008830172316107571,1
BA,2022-10-31,2022-10-31,141.8090648803711,142.58124950408936,6.872587410286508,974.595193961341,-6.2841549705059725,-0.0064479642516636956,1
GOOGL,2022-10-31,2022-10-31,95.37228816986087,94.55725713729859,10.218850912180676,974.595193961341,7.3582497568984895,0.007550057503351865,1
MSFT,2022-10-31,2022-10-31,233.64311450958257,232.2460698852539,4.171298589333644,974.595193961341,4.855808821872406,0.004982385355437142,1
META,2022-11-01,2022-11-01,94.28283683013915,95.24759694671631,10.433076954524944,983.6600921397603,-11.054109339315259,-0.011237732858785807,1
AMZN,2022-11-01,2022-11-01,103.93800286483764,96.8383959159851,9.463911803451957,983.6600921397603,66.23998893797688,0.06734032362122644,1
NFLX,2022-11-01,2022-11-01,29.602192079544068,28.689336736679074,33.229299015983905,983.6600921397603,29.365049825832827,0.029852842522008694,1
META,2022-11-02,2022-11-02,94.16289408493043,90.5852709159851,10.578704251955648,996.1214080327029,36.869419329898825,0.037012977567377404,1
AMZN,2022-11-02,2022-11-02,97.27133969497682,92.16606274795534,10.240646537369974,996.1214080327029,51.31135595014248,0.05151114666984239,1
NFLX,2022-11-02,2022-11-02,28.625679389953618,27.313649236679076,34.79817524897937,996.1214080327029,44.68296192516285,0.04485694370670116,1
GOOGL,2022-11-02,2022-11-02,90.89453244018554,87.01348622131347,10.959090511722637,996.1214080327029,41.55788175316164,0.04171969542872959,1
PLD,2022-11-02,2022-11-02,107.64614694976808,106.7933678627014,9.253665237990656,996.1214080327029,6.89915645173847,0.006926019655941346,1
META,2022-11-03,2022-11-03,90.03496183013915,88.95445866394043,11.361652829332082,1022.9459788162064,11.259494027455474,0.011006929261783116,1
AMZN,2022-11-03,2022-11-03,92.42376622009277,89.3446530532837,11.067997125114122,1022.9459788162064,33.073709507166804,0.03233182415501648,1
TSLA,2022-11-03,2022-11-03,211.25432061004642,215.417652557373,4.842248792177172,1022.9459788162064,-21.192915016737672,-0.020717530989527864,1
NFLX,2022-11-03,2022-11-03,27.1114375,26.919453137397763,37.731159729771115,1022.9459788162064,6.224468568472603,0.00608484582507065,1
AMD,2022-11-03,2022-11-03,58.08094561004639,60.14005561065674,17.61241949613274,1022.9459788162064,-37.306988052807476,-0.03647014488094533,1
META,2022-11-04,2022-11-04,90.30482347488403,90.8353959159851,11.310260073906807,1021.371039429183,-7.025283792478353,-0.006878287636199864,1
AMZN,2022-11-04,2022-11-04,91.44425286483764,91.02549335861205,11.169330028196043,1021.371039429183,3.6582307196125163,0.003581686359206938,1
TSLA,2022-11-04,2022-11-04,222.48870610046384,207.57373622131345,4.590664655885892,1021.371039429183,67.4824888409231,0.0660704937146419,1
NFLX,2022-11-04,2022-11-04,27.188398664474487,26.09203997325897,37.56642868282455,1021.371039429183,40.18550268520558,0.03934466627099999,1
GOOGL,2022-11-04,2022-11-04,85.35730152511597,86.6232918319702,11.965830938653204,1021.371039429183,-16.177571334211546,-0.01583907386218113,1
META,2022-11-07,2022-11-07,94.73260877990724,96.76836122131347,10.91711231937075,1034.206530357255,-23.269856856650932,-0.022500202980358888,1
TSLA,2022-11-07,2022-11-07,208.54566889953617,197.1785418319702,4.959136940194471,1034.206530357255,55.365118784165944,0.053533909484250394,1
AMZN,2022-11-07,2022-11-07,91.90402194976808,90.57526377868652,11.25311502604881,1034.206530357255,13.925938344896277,0.01346533592287966,1
NFLX,2022-11-07,2022-11-07,26.092947899818423,25.872930610656734,39.63548060295831,1034.206530357255,7.690644712024771,0.0074362755274501365,1
CRM,2022-11-07,2022-11-07,140.54968511962892,144.66229133605955,7.358298451376747,1034.206530357255,-31.31112137581792,-0.030275501514191606,1
TSLA,2022-11-08,2022-11-08,193.9229942703247,191.3956530532837,5.34840551195212,1037.178811449664,12.486825507204095,0.012039221558866277,1
NFLX,2022-11-08,2022-11-08,25.979004579544068,26.35917367172241,39.92373180712016,1037.178811449664,-16.22253657337287,-0.01564102196678955,1
CRM,2022-11-08,2022-11-08,145.01745133972167,147.17355610656736,7.152096536436444,1037.178811449664,-16.465558581318383,-0.01587533258446004,1
AAPL,2022-11-08,2022-11-08,140.33979866027832,139.56975,7.390482395947931,1037.178811449664,4.656697771894454,0.004489773335598509,1
TSLA,2022-11-09,2022-11-09,190.68460877990725,177.67879133605956,5.425377426339514,1034.5359720248903,69.56221313310452,0.06724001389429782,1
NFLX,2022-11-09,2022-11-09,25.95301660346985,25.47873260307312,39.86187763185014,1034.5359720248903,17.880767739927297,0.017283853073691957,1
TSLA,2022-11-10,2022-11-10,189.80504389953617,190.81536122131345,5.51880612463851,1047.4972387600415,-6.626030534724492,-0.006325582817352295,1
AMZN,2022-11-10,2022-11-10,92.89353244018554,96.67831225204466,11.276320441732889,1047.4972387600415,-43.747226393665,-0.04176357204096318,1
AMD,2022-11-10,2022-11-10,64.26785305023193,68.50423622131348,16.298930010020946,1047.4972387600415,-70.13053429624922,-0.06695056721988608,1
NVDA,2022-11-10,2022-11-10,14.792600190639497,15.757874999999999,70.81224566745742,1047.4972387600415,-69.4349508142725,-0.06628652395920875,1
NFLX,2022-11-10,2022-11-10,26.585701430320743,27.510748240470882,39.40077494308203,1047.4972387600415,-37.51328219789087,-0.03581229697779121,1
TSLA,2022-11-11,2022-11-11,185.907,196.06798622131348,5.4488890878771965,1012.9866236599861,-56.40675661051717,-0.05568361446542691,1
DIS,2022-11-11,2022-11-11,91.53421183013916,95.05750713729859,11.066754204862706,1012.9866236599861,-40.02392550071738,-0.03951081343612254,1
COP,2022-11-11,2022-11-11,131.13439694976807,134.0269867172241,7.724797209751287,1012.9866236599861,-23.368828322941752,-0.023069236826157354,1
DIS,2022-11-14,2022-11-14,95.80207347488404,94.32713877868652,10.383791697006796,994.788775104536,14.328283584224536,0.014403342641978312,1
LLY,2022-11-15,2022-11-15,356.7615324401856,350.1249872131348,2.7942009377122807,996.8634084840368,17.556249408559616,0.017611489456973835,1
BLK,2022-11-16,2022-11-16,732.6335,727.3935443115234,1.3641501257309205,999.4220811396845,6.15223817322573,0.006155795723674692,1
PLD,2022-11-16,2022-11-16,111.90401908493043,113.70682652664183,8.93106511555376,999.4220811396845,-17.10846322919553,-0.01711835625013008,1
LLY,2022-11-16,2022-11-16,349.82500000000005,353.1064576721191,2.8569201204593275,999.4220811396845,-10.378971960276253,-0.010384973632402298,1
TSLA,2022-11-17,2022-11-17,183.86802671051026,183.26158316802977,5.416912061536024,995.996931618991,2.2906969339541683,0.0022999036053561383,1
AMZN,2022-11-17,2022-11-17,95.32231774520876,94.89742347335815,10.44872759264242,995.996931618991,3.445827372873398,0.0034596766952607098,1
NVDA,2022-11-17,2022-11-17,15.707142652511598,15.684838545799254,63.41044667724651,995.996931618991,0.4190235944323947,0.0004207077161887162,1
COP,2022-11-17,2022-11-17,127.52620133972168,131.25559744262694,7.810135651776521,995.996931618991,-30.13764993924719,-0.030258777896291812,1
BLK,2022-11-17,2022-11-17,714.9523425598145,721.670652557373,1.3930955566253895,995.996931618991,-10.35992436115255,-0.010401562527218347,1
TSLA,2022-11-18,2022-11-18,184.95747805023194,180.28009744262695,5.355134267892452,990.472128809763,24.070053047539208,0.024301595519364956,1
AMZN,2022-11-18,2022-11-18,95.90202194976808,94.18706938934325,10.327958771594577,990.472128809763,16.730343190168135,0.016891281141118795,1
NVDA,2022-11-18,2022-11-18,15.958016603469849,15.416704896926879,62.06737048978873,990.472128809763,32.624121008772796,0.032937949549349525,1
META,2022-11-18,2022-11-18,113.74310305023192,112.10602805328367,8.707975272771877,990.472128809763,13.272264268585308,0.013399937143647251,1
CRM,2022-11-18,2022-11-18,151.7640763397217,148.11401328277586,6.526393812674123,990.472128809763,22.84318769638732,0.023062928306561915,1
TSLA,2022-11-21,2022-11-21,175.7620811004639,167.95393011474607,5.726671480225893,1006.5316971431771,43.730541223846345,0.043446760144728716,1
AMD,2022-11-21,2022-11-21,72.17389408493042,72.49622908401489,13.945924768292866,1006.5316971431771,-5.504038974386531,-0.005468321554113554,1
NVDA,2022-11-21,2022-11-21,15.139426812648773,15.324658889293667,66.48413507321389,1006.5316971431771,-13.327683597895996,-0.013241196115059018,1
AMZN,2022-11-21,2022-11-21,93.92301622009278,92.50622908401489,10.71656062220723,1006.5316971431771,14.184145078015122,0.014092099750334496,1
CRM,2022-11-21,2022-11-21,145.94699427032472,144.9224311065674,6.8965565353053275,1006.5316971431771,6.062959064591998,0.006023614638068923,1
TSLA,2022-11-22,2022-11-22,168.5456898803711,169.99495866394042,6.009801478132249,1012.9261361758739,-9.727098722720571,-0.009602969432147872,1
NVDA,2022-11-22,2022-11-22,15.320336068630219,16.04601910686493,66.11644363663355,1012.9261361758739,-49.0164976225298,-0.04839098910763922,1
AMZN,2022-11-22,2022-11-22,92.57369274520876,93.24659694671632,10.941835700167626,1012.9261361758739,-8.379414754631547,-0.008272483506316233,1
CRM,2022-11-22,2022-11-22,145.12739694976807,149.324625,6.979565247259764,1012.9261361758739,-30.322400583915606,-0.02993545086949039,1
NFLX,2022-11-22,2022-11-22,28.48475104904175,28.683335125923154,35.560294503958794,1012.9261361758739,-8.078165248004206,-0.007975078299886614,1
TSLA,2022-11-23,2022-11-23,173.48322232055665,183.2915969467163,5.74532648749938,996.7177523350377,-57.37720844859647,-0.05756615482585448,1
NFLX,2022-11-23,2022-11-23,28.57670410346985,29.16457461833954,34.87868120571728,996.7177523350377,-21.511118104854983,-0.02158195542766275,1
ADBE,2022-11-23,2022-11-23,329.7650276794434,335.9478887786865,3.0225089644858367,996.7177523350377,-19.69381472751737,-0.01975866756800522,1
AMD,2022-11-29,2022-11-29,73.58319274520875,73.42669438934325,13.34144568920651,981.7061696486171,1.107252102738605,0.001127885447776013,1
NFLX,2022-11-29,2022-11-29,28.235875,28.11004867172241,34.7680448949649,981.7061696486171,3.395216628590486,0.003458485577008993,1
META,2022-11-29,2022-11-29,109.4852309150696,109.51472908401489,8.9665625349062,981.7061696486171,-1.2463355947500925,-0.001269560723241858,1
COP,2022-11-29,2022-11-29,125.75708969497681,124.312125,7.806368388690773,981.7061696486171,10.30386051135144,0.010495870179811042,1
AMD,2022-11-30,2022-11-30,73.34330725479127,77.66881225204467,13.408798889153815,983.445656844912,-59.01227217234672,-0.060005625894642464,1
NVDA,2022-11-30,2022-11-30,15.689151050090793,16.931461835861207,62.68316581981157,983.445656844912,-78.89435462752427,-0.08022238349257949,1
DIS,2022-11-30,2022-11-30,94.90252194976809,97.91893774795533,10.362692546415678,983.445656844912,-32.25726426036469,-0.032800250868820116,1
NFLX,2022-11-30,2022-11-30,28.1229306306839,30.56827599620819,34.96952966103435,983.445656844912,-86.53877923666504,-0.08799548671992567,1
META,2022-11-30,2022-11-30,109.45524713516238,118.15904847335815,8.984911026060633,983.445656844912,-79.22542770934751,-0.08055902952840154,1
BLK,2022-12-01,2022-12-01,718.4905505981445,722.541082672119,1.298120969365838,932.6876500226581,-6.193397312649041,-0.00664037667111662,1
COP,2022-12-01,2022-12-01,124.60766316986086,123.12152755737306,7.4849943117162105,932.6876500226581,10.196590814190367,0.010932481859219063,1
CRM,2022-12-02,2022-12-02,144.21784828948975,144.63227755737304,6.470407352266617,933.148225900386,-3.6160151708978665,-0.003875070509198908,1
CRM,2022-12-05,2022-12-05,142.72860305023195,133.99695767211912,6.533629683039859,932.5358375078088,56.14532625542007,0.060207151293475016,1
CRM,2022-12-06,2022-12-06,132.64365171051026,133.33663927459716,7.0933488646087675,940.8876962583087,-5.8589480484376075,-0.006227042899739554,1
TSLA,2022-12-06,2022-12-06,181.12939122009277,179.90991732788086,5.1945611362157305,940.8876962583087,5.39691130669896,0.00573597819183014,1
AMD,2022-12-06,2022-12-06,73.04346183013917,70.30513164138793,12.88120350109255,940.8876962583087,34.349737212438754,0.03650779721005989,1
AMZN,2022-12-06,2022-12-06,90.45475,88.294125,10.401750004928527,940.8876962583087,21.544630548692698,0.022898195644783834,1
DIS,2022-12-06,2022-12-06,95.68213835525513,92.3361459159851,9.83347270903287,940.8876962583087,31.978289002601993,0.03398736015974298,1
CRM,2022-12-07,2022-12-07,132.43375,130.54523572540282,7.200932212336441,953.6464563755111,12.652216348665243,0.013267197989443652,1
TSLA,2022-12-07,2022-12-07,174.94248377990723,174.12701328277586,5.45119993594741,953.6464563755111,3.493868911714891,0.0036636941167840224,1
AMD,2022-12-07,2022-12-07,69.49523377990722,70.17506938934326,13.722472815844151,953.6464563755111,-10.287336638939278,-0.010787369438814861,1
NVDA,2022-12-07,2022-12-07,15.764114312648774,16.128060839653013,60.494769161266895,953.6464563755111,-22.98151602511086,-0.024098570147742027,1
NFLX,2022-12-07,2022-12-07,30.634674618721014,30.85742005348206,31.12964208840438,953.6464563755111,-7.891099110143329,-0.008274658871102755,1
TSLA,2022-12-08,2022-12-08,172.11389694976808,173.52672244262695,5.516909301370495,949.5367589772984,-8.747864076795144,-0.009212770326255783,1
CRM,2022-12-08,2022-12-08,128.36577767944337,130.1950698852539,7.397117644147286,949.5367589772984,-14.487792155705446,-0.015257747547666895,1
AMD,2022-12-08,2022-12-08,70.10492938995361,70.50523622131347,13.544507743465067,949.5367589772984,-6.374206715581392,-0.006712964669684565,1
NVDA,2022-12-08,2022-12-08,16.264864216804504,17.177585125923155,58.379630245929604,949.5367589772984,-54.26048810564889,-0.05714416802998793,1
NFLX,2022-12-08,2022-12-08,30.895543798446656,31.04151206874847,30.733777180676732,949.5367589772984,-5.437936132029513,-0.005726935877539338,1
TSLA,2022-12-09,2022-12-09,173.7530763397217,179.13952805328367,5.385714367354128,935.7844396148178,-29.960179767596166,-0.032016112364433205,1
CRM,2022-12-09,2022-12-09,129.6751354904175,131.17555561065674,7.216375260189867,935.7844396148178,-11.768792872518276,-0.01257639299640682,1
AMD,2022-12-09,2022-12-09,69.45525286483765,68.62429133605957,13.473198944878757,935.7844396148178,10.265523408149175,0.010969965916909893,1
COP,2022-12-09,2022-12-09,112.35379866027833,110.07500664138793,8.328907885387375,935.7844396148178,18.053554300086894,0.019292428401051415,1
DIS,2022-12-09,2022-12-09,92.32381774520876,93.42668725204466,10.135894100451466,935.7844396148178,-12.119942251784602,-0.012951639008630389,1
AMD,2022-12-12,2022-12-12,68.50573091506958,70.70533316802978,13.598921322763124,931.6040448724126,-30.85877813324043,-0.033124349666672694,1
COP,2022-12-12,2022-12-12,110.84455152511597,111.83588877868652,8.404599342542541,931.6040448724126,-9.267562370684177,-0.009947962787080225,1
TSLA,2022-12-13,2022-12-13,174.78256011962893,161.0304719467163,5.294838069408511,925.4453531900931,71.92604217860617,0.07772046391574679,1
COP,2022-12-13,2022-12-13,114.39277194976809,113.46670866394042,8.090068431915197,925.4453531900931,6.570215959117287,0.007099518017427138,1
TSLA,2022-12-14,2022-12-14,159.170375,156.87840305328368,5.88728257446006,937.0809751077732,12.563152271198108,0.013406688007675353,1
TSLA,2022-12-15,2022-12-15,153.36328244018554,157.7488331680298,6.122033591981223,938.8951668753199,-27.800808286513107,-0.02961013036102347,1
TSLA,2022-12-16,2022-12-16,159.56017938995362,150.3051107254028,5.857693517695281,934.6546284948274,53.305807771530226,0.057032625898803035,1
NFLX,2022-12-16,2022-12-16,28.861561450958256,29.08553464508056,32.38406314512811,934.6546284948274,-8.19144327079822,-0.008764139202937199,1
CRM,2022-12-16,2022-12-16,128.85553816986084,128.33413927459716,7.253507623884513,934.6546284948274,2.849207218816124,0.0030484064722436587,1
NVDA,2022-12-16,2022-12-16,16.855568320274354,16.579284645080566,55.45079292109056,934.6546284948274,14.393154306584094,0.01539943618506753,1
AMD,2022-12-16,2022-12-16,66.216875,65.44270866394042,14.11505191833392,934.6546284948274,9.998207097425935,0.010697220976187855,1
TSLA,2022-12-19,2022-12-19,153.923,149.9449301147461,6.140455766699425,945.1573729776755,23.494218375346673,0.024857467176422905,1
NFLX,2022-12-19,2022-12-19,28.958513072967527,28.8444149236679,32.63832540697575,945.1573729776755,2.780677138459787,0.002942025548295084,1
NVDA,2022-12-19,2022-12-19,16.56371450328827,16.262126709938048,57.061921273156486,945.1573729776755,16.27262613757825,0.017216843038860372,1
CRM,2022-12-19,2022-12-19,127.70611164474488,129.07449950408935,7.401034772767423,945.1573729776755,-11.077707245683666,-0.011720489690287078,1
AMD,2022-12-19,2022-12-19,65.08744274520875,64.62229133605956,14.52134748445392,945.1573729776755,5.812845184783624,0.006150134729913303,1
TSLA,2022-12-20,2022-12-20,145.97697805023193,137.86890305328367,6.510583727622736,950.3953379013814,51.86429995014347,0.054571290369192886,1
NVDA,2022-12-20,2022-12-20,16.055967176437377,16.09304158401489,59.1926557558062,950.3953379013814,-3.1460252493101377,-0.0033102279902351415,1
NFLX,2022-12-20,2022-12-20,28.10993854904175,28.833409744262692,33.809940076648786,950.3953379013814,-25.423143354381693,-0.026750071618111985,1
META,2022-12-20,2022-12-20,113.20337213516237,117.14854133605957,8.395468438578225,950.3953379013814,-34.08849962064018,-0.03586770500780529,1
CRM,2022-12-20,2022-12-20,127.43625,128.5142219467163,7.457809986572748,950.3953379013814,-8.993724942342228,-0.009463140846420555,1
TSLA,2022-12-21,2022-12-21,139.2703263397217,137.63879232788085,6.800234483238026,947.0708756671886,10.153290379152526,0.010720729187242484,1
NVDA,2022-12-21,2022-12-21,16.105943320274353,16.509249950408936,58.80257100340124,947.0708756671886,-24.67439536367582,-0.026053377838583944,1
AMD,2022-12-21,2022-12-21,65.3972853050232,67.71384030532836,14.481807176703152,947.0708756671886,-34.51174765572832,-0.03644051204870557,1
AMZN,2022-12-21,2022-12-21,86.13691030502319,86.81338164138793,10.994948301645303,947.0708756671886,-8.388557130227872,-0.008857369966443467,1
DIS,2022-12-21,2022-12-21,87.14640744018556,86.96345816802977,10.867583684585359,947.0708756671886,1.04213975778234,0.0011003820142269475,1
TSLA,2022-12-22,2022-12-22,135.93200000000002,125.41267347335815,6.902413218277587,938.2588335869091,71.70678400051638,0.07642537584899202,1
DIS,2022-12-22,2022-12-22,85.98698377990723,86.71333316802978,10.911637928694901,938.2588335869091,-8.867883197275642,-0.009451425214270821,1
TSLA,2022-12-23,2022-12-23,126.30681774520876,123.21157652664184,7.501922277812279,947.5439298823569,22.284325252414078,0.02351798639581893,1
NVDA,2022-12-23,2022-12-23,15.188402099132537,15.213603328227997,62.386018206383575,947.5439298823569,-2.520534369223552,-0.002660071253410373,1
TSLA,2022-12-27,2022-12-27,117.44125000000001,109.15454847335815,8.092270534632025,950.3663669253533,66.14139334170548,0.0695956797752509,1
NVDA,2022-12-27,2022-12-27,15.066463358402254,14.12806079006195,63.07826490649869,950.3663669253533,58.27203583068047,0.061315338861583954,1
TSLA,2022-12-28,2022-12-28,110.29482347488404,112.76635408401489,8.784508609026458,968.8858263461724,-22.69092333068524,-0.023419604987159778,1
NVDA,2022-12-28,2022-12-28,13.92003654575348,14.043018251895903,69.60368409677386,968.8858263461724,-9.533145640277727,-0.00983928692220505,1
AMD,2022-12-28,2022-12-28,62.508730915069584,62.60128469467163,15.500007953490442,968.8858263461724,-2.4041874384634054,-0.002481393961071751,1
NFLX,2022-12-28,2022-12-28,28.177903435707094,27.70184372520447,34.384596020667686,968.8858263461724,15.40841956141627,0.015903235595388934,1
META,2022-12-28,2022-12-28,116.19187500000001,115.67781274795533,8.338671067543856,968.8858263461724,3.319853499709269,0.0034264651308080147,1
TSLA,2022-12-29,2022-12-29,120.32980438995362,121.88090969467163,8.02907892651499,966.1374966590474,-13.426311385033468,-0.013896895039745725,1
NVDA,2022-12-29,2022-12-29,14.39479942703247,14.61030118703842,67.11712112116726,966.1374966590474,-15.437227153667147,-0.015978292124102275,1
NFLX,2022-12-29,2022-12-29,28.303841793060304,29.126555511474606,34.134500317053444,966.1374966590474,-29.0631006395573,-0.030081743789117987,1
AMD,2022-12-29,2022-12-29,63.60817938995362,64.85240969467162,15.188887748792268,966.1374966590474,-19.87406116588238,-0.020570634339944258,1
AMZN,2022-12-29,2022-12-29,82.82856774520874,84.22209030532836,11.664302824008859,966.1374966590474,-17.228733864549056,-0.017832590003107107,1
NVDA,2022-12-30,2022-12-30,14.326832633972169,14.621307320594786,66.41529249879177,951.520779966497,-20.51892203672045,-0.021564344645676494,1
TSLA,2023-01-04,2023-01-04,109.05544561004639,113.69681938934326,8.696233116075826,948.3715776024915,-41.33102117539175,-0.043581041599620333,1
TSLA,2023-01-05,2023-01-05,110.45474713516238,110.39516633605956,8.529292049394881,942.1007965578625,-0.43366466945556026,-0.0004603166360118083,1
AAPL,2023-01-05,2023-01-05,127.06643225479125,125.08250664138794,7.414238204695788,942.1007965578625,13.774550930150607,0.014621101033433415,1
TSLA,2023-01-06,2023-01-06,102.94850000000001,113.11652755737306,9.169250784396889,943.9606143774831,-94.22377186791763,-0.0998174822474513,1
NVDA,2023-01-06,2023-01-06,14.466762977123262,14.866429706096648,65.25029931507119,943.9606143774831,-27.035373493012273,-0.028640361770645887,1
AMD,2023-01-06,2023-01-06,63.11842652511597,63.991979084014886,14.955388883179209,943.9606143774831,-14.01481100172118,-0.014846817534822228,1
ADBE,2023-01-06,2023-01-06,332.1138587799072,332.91637499999996,2.8422801079284334,943.9606143774831,-3.226076990981327,-0.0034175970287794676,1
AMD,2023-01-20,2023-01-20,67.97599713516236,70.10503469467163,13.576886843675728,922.9024211901249,-29.843057303598727,-0.03233609168032601,1
NFLX,2023-01-20,2023-01-20,33.66216135406494,34.267125,27.41661212668027,922.9024211901249,-17.517249079349615,-0.01898060800052981,1
AMZN,2023-01-20,2023-01-20,93.8130706100464,97.298625,9.837674166176281,922.9024211901249,-35.229795672227475,-0.03817282831135825,1
AMD,2023-01-31,2023-01-31,72.22387213516235,75.18757652664185,12.60395248725381,910.3062528370807,-38.28337278397835,-0.04205548700194417,1
COP,2023-02-03,2023-02-03,111.25434255981448,108.16405561065673,8.129979047462626,904.4954739505212,24.232034657422787,0.02679066435964096,1
COP,2023-02-06,2023-02-06,108.51571469497681,107.5437428627014,8.368027105945261,908.0624419885884,7.22949094002671,0.00796144692890796,1
AMZN,2023-02-07,2023-02-07,101.11941316986086,102.16105561065673,8.99015067877588,909.0787609464433,-10.278283518357267,-0.011306262955320319,1
COP,2023-02-07,2023-02-07,108.35579866027832,112.07600664138793,8.389756452228509,909.0787609464433,-32.13632349354936,-0.03535042822922426,1
AMD,2023-02-08,2023-02-08,85.83705725479126,84.73234744262695,10.515041369619356,902.5802080805154,10.71929720293986,0.011876282137557837,1
AMZN,2023-02-08,2023-02-08,101.98898091506959,100.10002805328367,8.849781613487549,902.5802080805154,15.822598507049733,0.017530407121045873,1
AMZN,2023-02-09,2023-02-09,101.26933969497681,98.2891178627014,8.950646939497744,906.4261054058016,25.78182477338545,0.028443382885406942,1
GOOGL,2023-02-09,2023-02-09,99.95,95.05750713729859,9.068795451783908,906.4261054058016,43.48477542425662,0.04797387803034285,1
META,2023-02-10,2023-02-10,176.26183110046387,174.23706889343262,5.2006729182176565,916.680131519637,9.618710907406337,0.010492985040987862,1
AMZN,2023-02-10,2023-02-10,97.51121755981447,97.65880561065673,9.400765926826164,916.680131519637,-2.3048145714440165,-0.002514306236378423,1
GOOGL,2023-02-10,2023-02-10,95.40227194976809,94.61728469467162,9.608577581908051,916.680131519637,6.62970211535452,0.00723229607296501,1
NEE,2023-02-10,2023-02-10,73.38328816986085,74.77736786270141,12.491674254195187,916.680131519637,-18.33977673357611,-0.020006735286356794,1
META,2023-02-13,2023-02-13,178.1308912200928,179.51970767211913,5.140858469103915,915.7457007378423,-8.059024374577984,-0.008800504734103145,1
NVDA,2023-02-13,2023-02-13,21.52723110675812,21.79889410686493,42.538945031828035,915.7457007378423,-12.477781258177245,-0.013625814730141286,1
AMD,2023-02-13,2023-02-13,81.52921469497682,83.17156225204468,11.232117274327964,915.7457007378423,-19.372009587113233,-0.021154354938827072,1
AMZN,2023-02-13,2023-02-13,97.80107347488403,99.5897709159851,9.363350198533475,915.7457007378423,-17.672320341257937,-0.019298283712409294,1
GOOGL,2023-02-13,2023-02-13,94.69262786483763,94.65730561065673,9.670717999768256,915.7457007378423,-0.5739833456585974,-0.0006267933829185578,1
TSLA,2023-02-14,2023-02-14,191.84403244018554,209.354625,4.726125784218691,906.6790282640478,-83.70532065364804,-0.09232078612638975,1
META,2023-02-14,2023-02-14,177.07142366027833,179.56973572540284,5.120414178199434,906.6790282640478,-13.705467744354205,-0.015116118623141713,1
GOOGL,2023-02-14,2023-02-14,94.3827853050232,94.72734030532837,9.60640253764362,906.6790282640478,-4.218268024568014,-0.0046524380658108135,1
COP,2023-02-16,2023-02-16,110.82455725479126,108.41418061065673,8.04181572293872,891.2306670193028,18.502266030383534,0.020760356117753297,1
META,2023-02-17,2023-02-17,170.13489122009278,172.9664448852539,5.2542965068076555,893.939164623834,-15.779200607584189,-0.01765131368220567,1
AMD,2023-02-17,2023-02-17,79.56019847488403,78.53925,11.236009735521678,893.939164623834,10.583183532140843,0.011838818513555343,1
COP,2023-02-17,2023-02-17,106.08692938995362,104.17206274795534,8.426477887185314,893.939164623834,15.249710041791383,0.017059002049886023,1
META,2023-02-21,2023-02-21,174.22284255981447,172.1660418319702,5.138511512630087,895.2460822567457,9.678932584066544,0.010811477174709093,1
AMD,2023-02-21,2023-02-21,77.11142652511597,76.80838164138794,11.609772022116008,895.2460822567457,2.6247950713006647,0.0029319257836728577,1
NVDA,2023-02-21,2023-02-21,20.9895,20.66532818698883,42.65209186768364,895.2460822567457,12.93827317018394,0.01445219747577002,1
AMZN,2023-02-21,2023-02-21,95.29232633972168,94.6272918319702,9.394734252421866,895.2460822567457,5.35570029799316,0.005982377811129264,1
COP,2023-02-21,2023-02-21,103.95799713516237,105.36265255737305,8.611613410489042,895.2460822567457,-12.997643728017904,-0.014518515060410325,1
TSLA,2023-02-22,2023-02-22,197.83102767944337,200.96043061065674,4.536954511703692,897.5503735852284,-15.102608100666373,-0.016826474084501376,1
META,2023-02-22,2023-02-22,170.98447232055665,171.2055551147461,5.249309258343222,897.5503735852284,-2.058662597963456,-0.002293645747970905,1
NVDA,2023-02-22,2023-02-22,20.696647232055664,20.76437670993805,43.366945550247,897.5503735852284,-3.8362395633469815,-0.004274121738731252,1
AMD,2023-02-22,2023-02-22,76.8915353050232,76.64830561065673,11.672941241512612,897.5503735852284,1.943075159910825,0.002164864744191783,1
AMZN,2023-02-22,2023-02-22,95.05244847488405,95.8378959159851,9.442685464566338,897.5503735852284,-8.317991875418626,-0.009267437372002583,1
NVDA,2023-02-23,2023-02-23,23.42828053379059,23.675831557273867,38.12093366648835,893.1079281485113,-10.334702511498392,-0.01157161658269355,1
AMD,2023-02-23,2023-02-23,80.58968225479127,79.789875,11.082162172136044,893.1079281485113,7.9749175727513615,0.008929399595952578,1
GOOGL,2023-02-23,2023-02-23,91.87403816986085,90.93544438934326,9.72100438752124,893.1079281485113,8.235528367492412,0.009221201724818816,1
AMZN,2023-02-23,2023-02-23,96.07194274520876,95.86790969467162,9.29624094848495,893.1079281485113,1.0045808412987203,0.0011248146048611412,1
COP,2023-02-23,2023-02-23,105.947,105.48271530532837,8.429761372653415,893.1079281485113,3.022658161501136,0.0033844265247620895,1
TSLA,2023-02-24,2023-02-24,196.23183683013917,196.9784448852539,4.557152776459353,894.2584600401875,-4.298366634818863,-0.004806626749302094,1
GOOGL,2023-02-24,2023-02-24,89.39528244018555,89.17456225204467,10.003418923571683,894.2584600401875,1.314802025076103,0.001470270714595215,1
NFLX,2023-02-24,2023-02-24,31.914035305023194,31.730857652664184,28.020852001107905,894.2584600401875,4.241101823565359,0.0047425906637492314,1
GOOGL,2023-02-27,2023-02-27,89.82506774520874,89.91493774795532,9.95541561967206,894.245882468752,-1.7893864581665602,-0.0020010005002500946,1
NFLX,2023-02-27,2023-02-27,32.37080753707886,32.319152904510496,27.62507180101843,894.245882468752,0.5334305325543311,0.000596514384926979,1
ADBE,2023-02-27,2023-02-27,321.8589790191651,322.4811673278808,2.778377925617866,894.245882468752,-2.6237844821133605,-0.0029340749938594705,1
NFLX,2023-02-28,2023-02-28,32.353813932418824,32.229107751846314,27.61537536039235,893.4627160840374,2.552067174179818,0.002856377919568135,1
ADBE,2023-02-28,2023-02-28,323.20831011962895,324.11198721313474,2.7643556434342313,893.4627160840374,-3.3927966317956537,-0.0037973567007540733,1
NVDA,2023-03-02,2023-03-02,22.4767568693161,23.325656175613403,39.73894421028899,893.2025872579824,-34.64443194144603,-0.03878675726612033,1
TSLA,2023-03-03,2023-03-03,194.70260305023194,197.88888828277587,4.560488243927786,887.9389322727211,-15.426220785262405,-0.01737306499871368,1
NFLX,2023-03-03,2023-03-03,31.5292275762558,31.533758648872375,28.162406774005937,887.9389322727211,-1.015608645378367,-0.0011437820873321427,1
TSLA,2023-03-06,2023-03-06,198.44072328948977,193.906902557373,4.461480750232558,885.3394670182843,19.35232823128662,0.02185865303900086,1
TSLA,2023-03-07,2023-03-07,191.2843148803711,187.80386171722412,4.643223969243974,888.1759157929508,15.28042789693764,0.017204280847106162,1
TSLA,2023-03-09,2023-03-09,180.159875,173.00645816802978,4.942284550229662,890.401366783807,34.48149723396042,0.03872579099750266,1
TSLA,2023-03-10,2023-03-10,175.0424398803711,173.52672244262695,5.115941093362311,895.5068112663923,6.862691474977543,0.007663472112816854,1
NFLX,2023-03-10,2023-03-10,29.77510591506958,29.290637068748474,30.07568852385389,895.5068112663923,13.682512677258794,0.015279071588422085,1
TSLA,2023-03-13,2023-03-13,167.37627671051027,174.5672357254028,5.3678710240488945,898.4542658675379,-39.51789486729798,-0.04398431435921774,1
NFLX,2023-03-13,2023-03-13,28.719632252693177,29.365675332069394,31.283627100875762,898.4542658675379,-21.119130337567725,-0.023506071638688605,1
TSLA,2023-03-14,2023-03-14,177.22134255981447,183.3516245040894,5.017589479364221,889.2239439469278,-31.663841752171738,-0.03560839984990503,1
NVDA,2023-03-14,2023-03-14,23.484252289772034,24.07503122520447,37.8646904732073,889.2239439469278,-23.270070302951147,-0.026168965041206756,1
AMD,2023-03-14,2023-03-14,83.62816316986084,87.4937219467163,10.633067979034598,889.2239439469278,-42.01252456983055,-0.04724628127235631,1
NFLX,2023-03-14,2023-03-14,29.58220162200928,29.508746480941767,30.059424085776683,889.2239439469278,1.3198993023002927,0.001484327217328135,1
BAC,2023-03-14,2023-03-14,29.975004771232605,28.77438022899628,29.665514675758363,889.2239439469278,34.74572960632937,0.03907421729121042,1
BAC,2023-03-15,2023-03-15,27.866059161186218,28.504244771003723,31.570964474082786,879.7583638104992,-21.037967646837515,-0.023913347701198,1
COP,2023-03-16,2023-03-16,91.96399713516237,96.44820152664184,9.531302619414358,876.5366867861877,-43.63821590381504,-0.04978481398629655,1
BAC,2023-03-16,2023-03-16,28.36580916118622,28.984484313011166,30.901169848719807,876.5366867861877,-20.003881527485195,-0.022821499463792222,1
BA,2023-03-16,2023-03-16,196.11190171051027,203.29159744262694,4.469574152006763,876.5366867861877,-32.9827642415599,-0.0376285040190284,1
CAT,2023-03-16,2023-03-16,215.56216316986084,218.8193617172241,4.0662826624888035,876.5366867861877,-14.12784901320384,-0.016117806848454277,1
COP,2023-03-17,2023-03-17,96.30182347488405,94.43719438934326,8.926734595025042,859.6608191772422,15.79371067009198,0.018372025708008548,1
CAT,2023-03-17,2023-03-17,217.29129389953619,215.11749950408938,3.9562598378870306,859.6608191772422,7.744734691084136,0.009009058594174862,1
BAC,2023-03-20,2023-03-20,28.225879771232606,27.763875,30.576996850180112,863.062636858542,13.27071915710644,0.015376310583216155,1
COP,2023-03-20,2023-03-20,94.79257633972169,96.20808366394043,9.104749234428033,863.062636858542,-13.757345782979613,-0.015940147557603604,1
GS,2023-03-20,2023-03-20,306.62660877990726,309.6847637786865,2.8147023518041694,863.062636858542,-9.475162602137738,-0.010978534115005073,1
CAT,2023-03-20,2023-03-20,217.24133110046384,220.420152557373,3.9728288925803734,863.062636858542,-13.498290822085877,-0.01563998978245455,1
MS,2023-03-20,2023-03-20,84.55769847488403,85.68281938934325,10.206789593674849,863.062636858542,-12.352677014407467,-0.014312607784030512,1
BAC,2023-03-21,2023-03-21,28.61568416118622,28.604295152664182,29.961438978032927,857.3670748100443,-0.5159653754147907,-0.0006018021808559729,1
BA,2023-03-23,2023-03-23,197.80104389953618,197.99894389343262,4.333775801044351,857.2253774731213,-1.7153084091506343,-0.0020010005002499107,1
NFLX,2023-03-23,2023-03-23,30.45276641178131,32.05301724815369,28.14934334312186,857.2253774731213,-45.92575861075111,-0.0535748938582854,1
BAC,2023-03-24,2023-03-24,26.586700381278995,27.153569389343264,31.96901538831073,849.9506336135149,-18.981255797597576,-0.022332186184625673,1
BA,2023-03-24,2023-03-24,195.40225,197.6287637786865,4.349748447694512,849.9506336135149,-10.539567873651844,-0.012400211796823416,1
BAC,2023-03-27,2023-03-27,27.916035305023193,28.504244771003723,30.28349148547128,845.3950174677856,-18.667337890340114,-0.02208120169226269,1
TSLA,2023-03-27,2023-03-27,194.32278816986084,191.905902557373,4.350467721412125,845.3950174677856,9.674445117427696,0.011443697818808529,1
MS,2023-03-27,2023-03-27,86.01696755981446,84.68231938934326,9.82823553829557,845.3950174677856,12.278400180968474,0.01452386154078126,1
COP,2023-03-27,2023-03-27,96.26184255981447,97.52874335861206,8.782244293137026,845.3950174677856,-11.977190443833795,-0.014167566872713672,1
JPM,2023-03-27,2023-03-27,126.72660591506958,128.55425049591065,6.671014435866432,845.3950174677856,-13.043734521582811,-0.01542915944862409,1
MS,2023-03-28,2023-03-28,84.51771755981446,84.92243725204467,9.960251010172675,841.8176817026308,-4.874942959937104,-0.005790972399245899,1
AMD,2023-03-29,2023-03-29,96.02196469497682,96.13804133605956,8.758655445179711,841.0233039325126,-1.8582069460622814,-0.0022094595207689896,1
NVDA,2023-03-29,2023-03-29,26.811588262557986,26.997491251945494,31.36790315055636,841.0233039325126,-6.675325963922007,-0.007937147440159,1
TSLA,2023-04-06,2023-04-06,182.98846183013916,185.15252755737302,4.588360993382238,839.6171205004249,-10.774096647840617,-0.01283215454375095,1
AMD,2023-04-06,2023-04-06,91.42426622009278,92.51623622131348,9.183744701643533,839.6171205004249,-10.873005020421258,-0.012949956301439849,1
TSLA,2023-04-10,2023-04-10,179.85003244018554,184.60224950408937,4.649674516796256,836.2441126821107,-22.94355482429022,-0.027436432109163286,1
AMD,2023-04-10,2023-04-10,91.27433969497682,95.52774335861206,9.161875237626424,836.2441126821107,-39.824882391022065,-0.04762351302335694,1
TSLA,2023-04-11,2023-04-11,186.59665744018557,186.88338828277588,4.430429900642325,826.7034104829114,-2.0976794793806404,-0.002537402716356643,1
TSLA,2023-04-13,2023-04-13,182.86852671051025,185.99294389343262,4.51869313254398,826.3267558052181,-14.951668364712786,-0.018094135594269922,1
AMD,2023-04-14,2023-04-14,91.77408969497681,91.795875,8.978809092877638,824.0220310438258,-1.0197259289245435,-0.0012374983805139418,1
AMD,2023-04-18,2023-04-18,91.5641956100464,89.82488877868651,8.997045897837504,823.8072705021588,14.83264043336111,0.018004988502128352,1
TSLA,2023-04-20,2023-04-20,166.08691316986085,163.07150049591064,4.973121393237868,825.9703810218751,14.177540903879645,0.017164708601704888,1
TSLA,2023-04-21,2023-04-21,164.71760305023193,165.1625418319702,5.026998019916332,828.0350643788804,-3.0658597923485544,-0.003702572420225096,1
TSLA,2023-04-24,2023-04-24,164.56766889953613,162.6312780532837,5.028406176703961,827.5130827801999,8.914315088874467,0.01077241589815716,1
TSLA,2023-04-25,2023-04-25,159.74009732055666,160.75033316802978,5.188353960365763,828.7881665623225,-6.07287005728305,-0.007327409225052428,1
AMD,2023-04-26,2023-04-26,86.46674713516236,85.98297244262695,9.573796914636107,827.8150769412379,3.806061362162781,0.0045977193073435075,1
TSLA,2023-04-27,2023-04-27,152.56367938995362,160.27009744262693,5.42936499255233,828.3239000147915,-42.69020077136916,-0.05153805265139257,1
AMZN,2023-05-02,2023-05-02,101.41926622009278,103.68181225204465,8.103571207299485,821.8582456065851,-19.165728476761323,-0.023319992929700138,1
AMZN,2023-05-03,2023-05-03,103.68812786483764,103.70182652664184,7.897931651675238,818.9217469666504,-0.927166937162951,-0.0011321801388194282,1
TSLA,2023-05-04,2023-05-04,162.62865171051027,161.2805969467163,5.034298963828534,818.7212527950534,5.971182703107386,0.007293303652155374,1
AMD,2023-05-04,2023-05-04,81.52921469497682,86.65330561065673,10.042059841470502,818.7212527950534,-52.300877074992336,-0.06388117676979929,1
AMD,2023-05-05,2023-05-05,84.94750286483765,89.88491633605956,9.554712770577716,811.6489904513513,-48.01080432133139,-0.05915217647795382,1
TSLA,2023-05-17,2023-05-17,168.32579866027834,173.94693061065672,4.7787475391832945,804.3864961288679,-27.679787956661812,-0.03441105499641224,1
TSLA,2023-05-26,2023-05-26,184.52768511962893,193.26658316802977,4.336336839804865,800.174198948159,-38.713927148300854,-0.04838187384595866,1
AMD,2023-06-02,2023-06-02,120.689625,117.91893061065673,6.581403304641908,794.3070968109927,17.44986764197073,0.021968666416338174,1
AVGO,2023-06-02,2023-06-02,79.0244709892273,81.24059694671631,10.051406695519335,794.3070968109927,-23.080627975673856,-0.029057562331167172,1
AMD,2023-06-05,2023-06-05,116.53170133972169,117.98896530532836,6.807961503828072,793.3433366964155,-10.719300813951852,-0.01351155334408985,1
NVDA,2023-06-07,2023-06-07,38.89554341506958,37.49373597335814,20.353898449901735,791.6759408240704,27.75483649724459,0.03505833013992323,1
NVDA,2023-06-08,2023-06-08,37.705137023925786,38.52925332069397,21.10534143127854,795.7797906030953,-18.197732240887625,-0.022867798926002082,1
AVGO,2023-06-08,2023-06-08,79.4512518157959,80.46020816802978,10.015950314389942,795.7797906030953,-10.906489312312443,-0.013705411272189726,1
CRM,2023-06-15,2023-06-15,207.84602194976807,212.02595816802977,3.8071202084048728,791.2947904015248,-16.712771196612284,-0.02112079012694089,1
AMD,2023-06-16,2023-06-16,125.75708969497681,120.1400418319702,6.271841448667506,788.7285276127528,34.458119695544575,0.04368818736636682,1
AMD,2023-06-20,2023-06-20,119.03045133972168,118.98946530532837,6.669201721010374,793.8380909275135,-0.5203572877486815,-0.0006554954891881046,1
AMD,2023-06-21,2023-06-21,118.43075286483764,112.16605561065673,6.701810807395307,793.7004994775316,41.212107671533396,0.05192400369996245,1
AMD,2023-06-22,2023-06-22,112.18387786483764,110.75534694671632,7.129569803732852,799.8227880908007,9.390080514894533,0.011740201272970626,1
ADBE,2023-06-22,2023-06-22,473.88293511962894,477.81877656555173,1.687806689829188,799.8227880908007,-7.4460837803875375,-0.00930966695530337,1
AMD,2023-06-23,2023-06-23,109.25534255981448,110.0650071372986,7.322245259949524,799.9944141827631,-6.731521310122163,-0.008414460389700059,1
ADBE,2023-06-23,2023-06-23,472.7135372009278,484.9623612213135,1.692345048800081,799.9944141827631,-21.53959571704819,-0.026924682641755737,1
AMD,2023-06-26,2023-06-26,110.89452194976809,107.5637571372986,7.17468936677466,795.6337474665603,23.11351773722716,0.02905044916813134,1
TSLA,2023-06-26,2023-06-26,249.94497232055664,241.17052805328368,3.183235654150918,795.6337474665603,27.149455651395353,0.034123056918895237,1
AMD,2023-06-27,2023-06-27,108.51571469497681,110.44519438934326,7.400346121941978,803.0538484127337,-15.089010830770066,-0.018789538037323483,1
TSLA,2023-06-27,2023-06-27,243.11838549041752,250.3351117172241,3.303139113863464,803.0538484127337,-24.652823447558713,-0.030698842295925673,1
NVDA,2023-06-27,2023-06-27,40.778600286483766,41.89693745040894,19.69302140757659,803.0538484127337,-22.837503277334747,-0.028438321194119095,1
TSLA,2023-06-28,2023-06-28,249.57514694976808,256.3681102294922,3.179348065547552,793.4862606634912,-22.4014795207212,-0.02823171695750561,1
NVDA,2023-06-28,2023-06-28,40.639669847488406,41.1375590801239,19.52491896812321,793.4862606634912,-10.519593806433708,-0.013257436616025986,1
NVDA,2023-06-29,2023-06-29,41.53721965789795,40.8424095954895,18.981267480559577,788.4290767253184,12.40654075385515,0.01573577271577146,1
AMD,2023-07-10,2023-07-10,112.9435,113.6367918319702,6.9966923785577935,790.2309256576422,-5.6434059773583405,-0.007141464341783147,1
TSLA,2023-07-11,2023-07-11,268.51566889953614,269.9249035491943,2.93958691750289,789.325147441614,-4.933964171138465,-0.006250864028759995,1
TSLA,2023-07-12,2023-07-12,276.1918215789795,272.1259852294922,2.8549934930075374,788.5258534298852,10.825214436150622,0.013728420430431947,1
TSLA,2023-07-21,2023-07-21,267.86600000000004,260.1499990081787,2.9495736530813925,790.0904961563004,21.980202193086065,0.027819853928147755,1
AMD,2023-07-21,2023-07-21,110.91451622009278,111.00547194671631,7.123418314231182,790.0904961563004,-1.4383301428149937,-0.0018204625290549686,1
NFLX,2023-07-21,2023-07-21,43.715131011962896,42.771375,18.073616111091777,790.0904961563004,16.275521908527413,0.020599566742931296,1
TSLA,2023-07-24,2023-07-24,255.72208110046384,269.19452755737296,3.110546150201193,795.435334888485,-42.72305512844903,-0.05371028071620496,1
AMD,2023-07-24,2023-07-24,110.56469274520876,110.66530561065673,7.194297882430959,795.435334888485,-1.5196361791885526,-0.0019104459062050543,1
NFLX,2023-07-24,2023-07-24,42.478750000000005,42.85842030143738,18.725488270923343,795.435334888485,-7.908501867160115,-0.009942356745151176,1
TSLA,2023-07-25,2023-07-25,272.24381488037113,265.4126387786865,2.8923841054311112,787.4336829619153,18.98083068754045,0.02410467204824723,1
AMD,2023-07-25,2023-07-25,111.08442938995361,113.0565,7.088605372384712,787.4336829619153,-14.77365361921928,-0.018761775040722784,1
NFLX,2023-07-25,2023-07-25,42.69663950538636,42.791385457992554,18.442521287010827,787.4336829619153,-2.535661607883707,-0.0032201589324270066,1
NFLX,2023-07-26,2023-07-26,42.39878816986084,42.28813179016113,18.573814764406723,787.5072377023145,1.2688315168895177,0.001611199816514129,1
TSLA,2023-07-28,2023-07-28,259.7300553588867,266.57322244262696,3.0325273611430394,787.6384993870203,-21.55010596341188,-0.027360401986676948,1
NFLX,2023-07-28,2023-07-28,41.535221755981446,42.59928811454773,18.96314660396855,787.6384993870203,-20.9757738764074,-0.02663121964293492,1
AMD,2023-08-03,2023-08-03,108.89552194976808,113.20657652664184,7.173311240442637,781.1414716361393,-31.721139994213573,-0.04060870040323436,1
TSLA,2023-08-03,2023-08-03,251.91397328948975,259.44966732788083,3.1008262917535023,781.1414716361393,-24.15970311158977,-0.030928716485870457,1
NVDA,2023-08-03,2023-08-03,43.77809923744202,44.53725688934326,17.843202086034236,781.1414716361393,-14.333717771368224,-0.018349707820973258,1
META,2023-08-03,2023-08-03,309.7750276794434,313.34659744262694,2.5216411971221517,781.1414716361393,-9.791862033602234,-0.012535324764018349,1
TSLA,2023-08-04,2023-08-04,260.8395162200928,253.98693061065674,2.9478131875894142,768.9061657580324,19.44133613393724,0.02528440660216431,1
NVDA,2023-08-04,2023-08-04,44.962508110046386,44.70234030532837,17.101051477736153,768.9061657580324,3.6824614270850287,0.00478922083223854,1
TSLA,2023-08-07,2023-08-07,251.32427194976808,251.5757219467163,3.0727609135247897,772.259399467322,-1.545291444656918,-0.0020010005002500542,1
META,2023-08-07,2023-08-07,313.07339598083496,316.71827755737297,2.4667040041773354,772.259399467322,-9.767598801055634,-0.012648080175900724,1
TSLA,2023-08-09,2023-08-09,250.74456011962891,242.31109744262693,3.0726354607771715,770.4466270205452,25.15546632971577,0.0326504983570328,1
AMD,2023-08-10,2023-08-10,111.24435305023192,110.28511835861205,6.959114258351669,774.162163472976,5.9045993679942015,0.0076270833768283435,1
TSLA,2023-08-10,2023-08-10,245.27729389953618,245.46266633605958,3.156273257768684,774.162163472976,-1.3595407706312967,-0.001756144687480267,1
NVDA,2023-08-10,2023-08-10,42.1389198474884,42.40919448852539,18.371666057764845,774.162163472976,-5.7420403102112205,-0.007417102748152662,1
AMD,2023-08-11,2023-08-11,108.79557347488404,107.62378469467163,7.112499203912046,773.8084297292672,7.564705510067769,0.009775940942791793,1
TSLA,2023-08-11,2023-08-11,241.6491192703247,242.77131889343264,3.202198427479613,773.8084297292672,-4.369111051097963,-0.005646243803038675,1
NVDA,2023-08-11,2023-08-11,41.73012395095826,40.875427042007445,18.543161545330086,773.8084297292672,15.082898816667438,0.01949177372226935,1
AMD,2023-08-14,2023-08-14,106.69662500000001,112.03599335861206,7.276482239470309,776.3760968239238,-39.64762103776995,-0.051067544711853395,1
NVDA,2023-08-14,2023-08-14,40.465757061004645,43.774874851226805,19.186002022734645,776.3760968239238,-64.29686108380182,-0.08281664176271497,1
TSLA,2023-08-14,2023-08-14,235.5821469497681,239.87987450408937,3.295564230465504,776.3760968239238,-14.946895015731293,-0.01925213189442273,1
TSLA,2023-08-16,2023-08-16,227.9059942703247,225.71280610656734,3.3275461141755884,758.3677056315429,6.543216013711123,0.008628025646559085,1
TSLA,2023-08-17,2023-08-17,225.94696755981442,219.32961122131346,3.360489050399278,759.2923104556772,21.489379984426147,0.028301853829560894,1
AMD,2023-08-18,2023-08-18,102.34880152511597,105.50272194671632,7.449611125568019,762.458770530057,-24.269687172771135,-0.03183081906959898,1
TSLA,2023-08-18,2023-08-18,214.0129351196289,215.59775049591067,3.562676106955208,762.458770530057,-6.411465737481844,-0.008408934338868749,1
AMD,2023-08-21,2023-08-21,106.14689694976809,108.27411122131348,7.13861874960439,757.7422287779395,-15.9507065978995,-0.021050307072926697,1
TSLA,2023-08-21,2023-08-21,221.43922805023195,231.3956387786865,3.421896993815617,757.7422287779395,-34.8445890756406,-0.04598475279889937,1
AMD,2023-08-25,2023-08-25,101.11941316986086,102.301125,7.417065127076269,750.0092730925918,-9.519225295473841,-0.012692143466736382,1
AMD,2023-08-28,2023-08-28,103.41826622009278,102.66130561065673,7.237842655472407,748.5251386027886,4.732976029779583,0.006323068906695969,1
AMD,2023-08-29,2023-08-29,102.0589456100464,105.97295816802979,7.340649476081921,749.1789456218604,-29.494938875877317,-0.039369684703825826,1
TSLA,2023-09-05,2023-09-05,244.87750000000003,256.6182352294922,3.041106334267367,744.6985163695573,-36.46737520387192,-0.04896931362459563,1
TSLA,2023-09-07,2023-09-07,244.94747232055664,251.61575049591065,3.0176778339354007,739.1725577002488,-20.871949155601367,-0.028236910229107036,1
NVDA,2023-09-07,2023-09-07,45.50223902511597,46.264121629714964,16.244751325143497,739.1725577002488,-13.121954305088881,-0.01775222059909065,1
NVDA,2023-09-08,2023-09-08,45.919030342102054,45.5947845954895,15.983843535662327,733.9625962974902,4.451322031302071,0.006064780485759057,1
AMD,2023-09-08,2023-09-08,106.96648664474488,106.14304133605957,6.861612635134154,733.9625962974902,4.919025219486772,0.006702010762266405,1
TSLA,2023-09-11,2023-09-11,264.13785401916505,273.71677656555175,2.78361485416746,735.2580539956639,-27.412621156580812,-0.03728299337574135,1
NVDA,2023-09-11,2023-09-11,46.124924810409546,45.20059040451049,15.94058000132999,735.2580539956639,14.006535704492626,0.019049822886503504,1
AMD,2023-09-11,2023-09-11,107.2663396949768,105.37265969467163,6.8545086565501165,735.2580539956639,12.251478023809444,0.016662827366841323,1
AMD,2023-09-12,2023-09-12,104.14789694976808,105.36265255737305,7.056498031580363,734.919429819273,-9.311125944011915,-0.012669587394500716,1
NVDA,2023-09-12,2023-09-12,44.715629962921135,44.89243393135071,16.435403692817903,734.919429819273,-3.6422169477493753,-0.004955940474515755,1
ORCL,2023-09-13,2023-09-13,108.26583969497682,111.89591633605957,6.769135976183986,732.8661904710359,-25.317634819123146,-0.03454605376576413,1
NVDA,2023-09-13,2023-09-13,44.57769847488403,45.50774311065673,16.440198026014002,732.8661904710359,-16.030629234598898,-0.02187388290391117,1
ORCL,2023-09-14,2023-09-14,113.44325,113.71683366394042,6.4045592922840875,726.5540209344068,-2.479612909439666,-0.0034128403917587364,1
ORCL,2023-09-15,2023-09-15,114.13290744018553,113.96695866394042,6.362122929593884,726.1275874464208,0.3301868202979227,0.0004547228696531054,1
AMD,2023-09-18,2023-09-18,100.76958969497682,102.42118774795533,7.205771682690527,726.122655900407,-12.63311165648046,-0.017398040887204026,1
NVDA,2023-09-18,2023-09-18,42.7266270980835,43.98798260307313,16.994616828365963,726.122655900407,-22.173094274295053,-0.030536293137417618,1
TSLA,2023-09-19,2023-09-19,264.21783110046385,266.63325,2.7280248407547396,720.7928066124056,-7.313410226754803,-0.01014634186088301,1
AMD,2023-09-19,2023-09-19,101.69912500000001,101.66080561065674,7.087502538614816,720.7928066124056,-0.44906824297917264,-0.000623019873200055,1
NVDA,2023-09-19,2023-09-19,43.81108368301392,43.54176045799255,16.45229348416838,720.7928066124056,3.7124074259119193,0.005150450159678418,1
TSLA,2023-09-20,2023-09-20,266.90648854064943,262.72129133605955,2.6976605983285644,720.0231175743445,10.575863598280163,0.014688227836223847,1
AMD,2023-09-20,2023-09-20,102.3088206100464,100.39016633605956,7.037742330338627,720.0231175743445,12.789722780948567,0.01776293353473889,1
TSLA,2023-09-21,2023-09-21,257.7210811004639,255.8278469467163,2.8069878838572455,723.4199520635926,4.593522521476041,0.006349731588647481,1
NVDA,2023-09-21,2023-09-21,41.56220868301392,41.03750679016113,17.405714830531792,723.4199520635926,8.413957971731323,0.011630807178776414,1
TSLA,2023-09-22,2023-09-22,257.27129389953615,245.00244488525388,2.8190574632394774,725.2625611447644,33.8786211131155,0.046712215586643575,1
AMD,2023-09-22,2023-09-22,96.87153816986086,96.24809694671632,7.48684881903126,725.2625611447644,3.9446814291829484,0.0054389701613118,1
NVDA,2023-09-22,2023-09-22,41.551212596893315,41.630805610656736,17.4546665624625,725.2625611447644,-2.1152267118447465,-0.0029164978659673864,1
ORCL,2023-09-22,2023-09-22,109.93500286483764,109.08451377868651,6.597194180605578,725.2625611447644,4.888384509504928,0.006740158352844017,1
TSLA,2023-09-25,2023-09-25,243.2583148803711,247.11350049591067,3.005588737170074,731.1344514274148,-12.324030468426102,-0.016856038508875546,1
AMD,2023-09-25,2023-09-25,95.90202194976808,97.42868725204465,7.6237647190626605,731.1344514274148,-12.375890989275314,-0.016926970087531107,1
ORCL,2023-09-25,2023-09-25,108.39577194976809,108.35415305328367,6.74504584704864,731.1344514274148,-0.45027272585396866,-0.0006158548882150038,1
NVDA,2023-09-25,2023-09-25,41.570204103469855,42.243111122131346,17.587944711736142,731.1344514274148,-12.57210341750509,-0.01719533718177308,1
TSLA,2023-09-26,2023-09-26,242.85850572967527,244.24205511474608,2.9863346324757,725.2567664518275,-4.859064081551428,-0.006699784553991022,1
AMD,2023-09-26,2023-09-26,96.45175,96.00797908401489,7.519373847046087,725.2567664518275,2.6132910929961826,0.003603263304637863,1
ORCL,2023-09-26,2023-09-26,107.08642938995362,104.93243725204466,6.77263002028778,725.2567664518275,13.870229146122568,0.019124577374134498,1
TSLA,2023-09-27,2023-09-27,244.13786450958256,240.62025,2.977159047258243,726.8372521030108,9.750896858798553,0.013415516101555855,1
ORCL,2023-09-27,2023-09-27,104.9475,104.67231274795533,6.925722405040718,726.8372521030108,1.1799862002229078,0.001623453113896912,1
ORCL,2023-09-28,2023-09-28,103.97798377990723,106.20307652664184,7.005020029199669,728.3678589740485,-16.322980526305702,-0.02241035257829421,1
NEE,2023-10-03,2023-10-03,52.04396469497681,52.806388778686525,13.947146197640453,725.8647843056798,-11.364821764487226,-0.015656940535224005,1
NEE,2023-10-04,2023-10-04,53.683144084930426,50.645308931350705,13.488509913588498,724.1056211821838,40.272251898517965,0.055616543664954554,1
AMD,2023-10-04,2023-10-04,100.59967652511597,104.12203469467163,7.197892142341051,724.1056211821838,-26.090336589433246,-0.03603112008278273,1
NEE,2023-10-05,2023-10-05,49.78509637260437,49.47472576332092,14.585173988634462,726.1242926353692,3.8029484493909553,0.00523732436438488,1
NEE,2023-10-06,2023-10-06,49.03547137260437,50.26512167930603,14.818666064395106,726.6402755808301,-18.95752843520921,-0.026089289394337196,1
NEE,2023-10-09,2023-10-09,49.665153627395625,49.34465969467163,14.572433495819476,723.7421482948802,3.948969560399445,0.0054563211078740214,1
NEE,2023-10-10,2023-10-10,49.655160305023195,51.605791831970215,14.586202292343591,724.2802130678178,-29.19081241596507,-0.040303202944509814,1
TSLA,2023-10-16,2023-10-16,249.92497805023194,254.04695816802976,2.880253409664248,719.847270189443,-12.598130732689276,-0.017501116215074084,1
AMD,2023-10-16,2023-10-16,105.36728816986086,106.51322908401488,6.831790802369224,719.847270189443,-8.552590281864179,-0.011881117892707136,1
TSLA,2023-10-17,2023-10-17,249.97495610046386,254.97743110656734,2.8665538985383257,716.5666849467315,-15.063600848148742,-0.021021910681304625,1
AMD,2023-10-18,2023-10-18,103.32830725479126,102.22108316802979,6.912465918529975,714.2534023181381,6.943222185977904,0.009720950804635158,1
NVDA,2023-10-18,2023-10-18,42.56970410346986,42.217097145080565,16.778444139101246,714.2534023181381,5.204900850152239,0.007287190839076893,1
NEE,2023-10-19,2023-10-19,53.25335877990724,52.41619438934326,13.444569491330347,715.9684827632099,10.544973999253703,0.014728265633364773,1
TSLA,2023-10-19,2023-10-19,225.8370219497681,220.22005561065674,3.170288363625604,715.9684827632099,17.10033824251007,0.023884205316570636,1
NVDA,2023-10-19,2023-10-19,42.78959532356262,42.1220522403717,16.732303200094837,715.9684827632099,10.45914955094695,0.01460839380887395,1
AMD,2023-10-19,2023-10-19,103.75809255981447,102.45120152664184,6.900362806404409,715.9684827632099,8.306562805703322,0.011601855396825515,1
TSLA,2023-10-20,2023-10-20,216.90148950958255,212.09600049591066,3.3319980768330035,722.7153459081429,15.297170745964616,0.021166245925970533,1
NEE,2023-10-20,2023-10-20,51.92402576255799,51.98597908401489,13.9187078677803,722.7153459081429,-1.5854566837968815,-0.002193749852930884,1
NVDA,2023-10-20,2023-10-20,41.86905438995362,41.40769453811645,17.261324776457258,722.7153459081429,7.24494873659207,0.010024622802893828,1
AMD,2023-10-20,2023-10-20,102.22885877990723,101.86090255737305,7.069582449943092,722.7153459081429,1.8798821556934064,0.0026011377319395393,1
TSLA,2023-10-23,2023-10-23,209.895,212.18604183197021,3.4585102696469114,725.9240130475386,-8.653477512959196,-0.01192063818998161,1
NEE,2023-10-23,2023-10-23,51.24436545753479,51.54576045799255,14.165928420932397,725.9240130475386,-4.997598785960502,-0.006884465448359847,1
NVDA,2023-10-23,2023-10-23,41.20838559150696,42.99648597335815,17.615929443184772,725.9240130475386,-32.24072370215181,-0.04441335886768698,1
AMD,2023-10-23,2023-10-23,100.75959255981448,100.0600071372986,7.204515169278838,725.9240130475386,4.316769862568831,0.00594658639882483,1
TSLA,2023-10-24,2023-10-24,216.39175,216.62826427459711,3.3248494054087043,719.469981322849,-1.5062375137603627,-0.0020935376775427497,1
NEE,2023-10-24,2023-10-24,54.412778627395625,55.1475589313507,13.222445158509363,719.469981322849,-10.439920050057992,-0.014510570727165988,1
AMD,2023-10-26,2023-10-26,95.94200286483763,93.7168331680298,7.479207393679129,717.5701371910778,15.933256764189137,0.02220445910215792,1
TSLA,2023-10-27,2023-10-27,210.49470610046384,207.40365305328368,3.420068472419556,719.9063079454168,9.856992571828492,0.013692049177843637,1
NVDA,2023-10-27,2023-10-27,41.10943606758118,40.52025,17.51194802969174,719.9063079454168,9.603048385252325,0.01333930301660925,1
AMD,2023-10-27,2023-10-27,95.75210305023192,96.47821530532836,7.518438603565199,719.9063079454168,-6.181866332388882,-0.00858704287510923,1
AVGO,2023-10-27,2023-10-27,82.9585,83.87791653442382,8.67790892971084,719.9063079454168,-8.702508568622756,-0.012088390492728645,1
META,2023-10-27,2023-10-27,294.332770980835,296.87837599182126,2.44589246907981,719.9063079454168,-6.949295571631359,-0.009653055536441076,1
TSLA,2023-10-30,2023-10-30,209.17535877990724,197.45868061065676,3.438647376287875,719.2802986526029,39.59038910917275,0.0550416703798724,1
NVDA,2023-10-30,2023-10-30,41.06645829963684,41.181579797744746,17.515031206354692,719.2802986526029,-2.7366451088507784,-0.0038046991054491814,1
AMD,2023-10-30,2023-10-30,96.09192938995362,96.22809030532837,7.485335170383242,719.2802986526029,-1.7389999923831023,-0.002417694458809308,1
NFLX,2023-10-30,2023-10-30,40.21488311004639,41.028503419876095,17.885922897856542,719.2802986526029,-15.278906603461797,-0.02124193674160563,1
TSLA,2023-10-31,2023-10-31,196.02193511962892,200.9404163360596,3.6834647598649095,722.0398901736788,-18.84815064906996,-0.02610402957728034,1
TSLA,2023-11-01,2023-11-01,203.93797328948975,205.7628336639404,3.5263590344879545,719.1585145845553,-7.157488939141741,-0.009952588746413566,1
TSLA,2023-11-10,2023-11-10,209.92498377990725,214.75731889343263,3.4204168623773685,718.0309543550903,-17.25489576156902,-0.024030852231247814,1
NEE,2023-11-10,2023-11-10,54.972500000000004,55.16756938934326,13.061639080541912,718.0309543550903,-3.2672308765980005,-0.00455026466029241,1
TSLA,2023-11-13,2023-11-13,215.49220610046385,223.8218617172241,3.3172658243748576,714.8449307162119,-28.360342677960208,-0.03967341931003922,1
LLY,2023-11-17,2023-11-17,592.1537872009278,592.0058769836426,1.1999201580781527,710.5372659447141,-0.5329680744127776,-0.0007500916559304675,1
LLY,2023-11-20,2023-11-20,591.1442824401856,597.8987755737304,1.201743891535461,710.4040304386064,-8.831633479526078,-0.012431845965278928,1
TSLA,2023-11-21,2023-11-21,234.92247328948977,241.3205969467163,3.0181276196623275,709.0260051143945,-20.029034905866684,-0.0282486605024243,1
TSLA,2023-12-04,2023-12-04,235.632125,235.6977918319702,2.9960620731495373,705.968472928131,-0.9028087486102678,-0.001278823039881238,1
TSLA,2023-12-05,2023-12-05,233.7530601196289,238.83936122131345,3.0193405965216855,705.7801039803697,-16.0707341441307,-0.022770171691575036,1
TSLA,2023-12-13,2023-12-13,234.07290744018556,239.40963828277586,3.004690154201957,703.3165603509516,-16.746556790017113,-0.023810838154672005,1
AMD,2023-12-21,2023-12-21,138.07092938995362,139.9799586639404,5.0753031879092365,700.7518280904227,-10.394498639347667,-0.014833352155031974,1
TSLA,2023-12-21,2023-12-21,251.77404389953617,254.62724999999998,2.783256833139,700.7518280904227,-8.645927806247931,-0.012338073851064273,1
TSLA,2024-01-03,2024-01-03,244.85750572967527,238.56922194671628,2.8497825674975896,697.7906513493698,17.23141097355702,0.024694241661500273,1
AMD,2024-01-03,2024-01-03,135.64215171051026,135.38766732788085,5.14434961809369,697.7906513493698,0.6120205635593601,0.0008770833521140622,1
TSLA,2024-01-04,2024-01-04,239.13037500000002,238.04895767211912,2.928789358032139,700.3624974822347,2.4684646857876404,0.0035245529203257416,1
TSLA,2024-01-05,2024-01-05,236.74157061004644,237.60875049591067,2.959684005611043,700.6802399977918,-3.2685419673968585,-0.00466481253618221,1
AMD,2024-01-05,2024-01-05,136.71160877990724,138.6492918319702,5.125243176135983,700.6802399977918,-10.6367426285179,-0.015180594544169567,1
TSLA,2024-01-16,2024-01-16,214.99245610046384,220.0199586639404,3.248901649581638,698.4893452724049,-17.04051764771319,-0.02439624564504636,1
BA,2024-01-17,2024-01-17,202.5286898803711,203.161527557373,3.4359619930163614,695.8808809243525,-2.8713742899546157,-0.004126243971727621,1
TSLA,2024-01-17,2024-01-17,214.75257061004643,215.6577780532837,3.240384405865632,695.8808809243525,-3.630567574105436,-0.005217225639656719,1
BA,2024-01-18,2024-01-18,205.53717938995362,211.71580561065676,3.380416183460411,694.801207512605,-21.591572439564334,-0.0310758994171331,1
TSLA,2024-01-18,2024-01-18,216.7715648803711,211.9859448852539,3.205223009281878,694.801207512605,14.651847604177494,0.02108782691473904,1
BA,2024-01-19,2024-01-19,210.78455438995363,215.12751427459713,3.2908294946644867,693.6560286061701,-14.99274248137696,-0.021614088053848995,1
TSLA,2024-01-19,2024-01-19,209.88501049041753,212.29609744262694,3.3049336252520978,693.6560286061701,-8.66612261154055,-0.012493400553231296,1
TSLA,2024-01-22,2024-01-22,212.15386450958255,208.9044030532837,3.2523713486575474,690.0031504379416,9.883736416265016,0.014324190273612312,1
TSLA,2024-01-23,2024-01-23,211.19435305023194,209.24456938934324,3.273922577369495,691.4339606640984,5.695198508079743,0.008236793145956704,1
TSLA,2024-01-26,2024-01-26,185.40725,183.341625,3.733599321996634,692.2363828932605,7.02383582465583,0.010146585759186933,1
BA,2024-01-26,2024-01-26,202.97846183013917,205.57273622131348,3.4103932833649746,692.2363828932605,-9.544156089739317,-0.013787423379639062,1
TSLA,2024-01-29,2024-01-29,185.5371898803711,191.02545767211913,3.728387283660418,691.754499396064,-21.164373537394496,-0.030595209074710816,1
BA,2024-01-29,2024-01-29,205.95696755981444,205.29259744262694,3.3587331741770923,691.754499396064,1.5408031741097867,0.0022273843906400093,1
TSLA,2024-01-30,2024-01-30,195.23233683013916,191.6857913360596,3.527628731227389,688.7072006666621,11.828444028744212,0.01717485168921479,1
BA,2024-01-30,2024-01-30,203.54816889953617,200.54022244262694,3.3835096841700523,688.7072006666621,9.4937974737339,0.013784954570743553,1
AMD,2024-01-31,2024-01-31,165.6571354904175,167.77384744262693,4.176108857393296,691.8022308119338,-9.535841572750128,-0.013784057275384015,1
AMD,2024-02-01,2024-02-01,169.1853692703247,170.56523572540283,4.080258076605405,690.3199694087103,-6.323346323002045,-0.00916002231315758,1
AMD,2024-02-02,2024-02-02,173.70309828948976,177.74883366394042,3.9683788041232826,689.3196934625544,-16.75235770577785,-0.02430274060737811,1
TSLA,2024-02-06,2024-02-06,177.12140171051027,185.19255610656734,3.8773131546921715,686.755140829678,-31.996795450769987,-0.04659127183542337,1
BA,2024-02-06,2024-02-06,205.9169942703247,208.6842918319702,3.3351066688945368,686.755140829678,-9.920602309765526,-0.01444561783371627,1
AMD,2024-02-08,2024-02-08,170.24483683013918,169.43468110656738,3.996388557576657,680.3645178944732,2.558951394174859,0.0037611476302351213,1
AMD,2024-02-09,2024-02-09,170.9145,172.56623572540283,3.982677498192121,680.6973332647573,-7.262317205139908,-0.010668937353270383,1
TSLA,2024-02-14,2024-02-14,185.20735305023194,188.8043617172241,3.6691682170938544,679.5569333839916,-13.884185825861554,-0.02043123268086227,1
META,2024-02-14,2024-02-14,467.69602767944343,473.5166387786865,1.4529884650843272,679.5569333839916,-9.141066360719465,-0.013451509228519929,1
TSLA,2024-02-15,2024-02-15,189.0654236602783,200.5502219467163,3.575488309436567,676.0012120159968,-41.760295102416904,-0.061775473712358815,1
AMD,2024-02-21,2024-02-21,162.65863549041748,164.37213828277586,4.117128276901017,669.6864676597331,-7.7279246220267686,-0.011539615917628662,1
NVDA,2024-02-21,2024-02-21,67.97199370574951,67.50573612213134,9.852388184445541,669.6864676597331,3.9263611154419573,0.005862984105327535,1
AMD,2024-02-22,2024-02-22,173.1133969497681,181.95093061065677,3.8646100876740532,669.0157801635964,-34.83971432706101,-0.052076072583133313,1
NVDA,2024-02-22,2024-02-22,74.98748902511598,78.57727101516723,8.92169865748564,669.0157801635964,-32.71198241805061,-0.04889568136950589,1
TSLA,2024-02-22,2024-02-22,193.90300000000002,197.50870866394038,3.450260079336557,669.0157801635964,-13.115868757405439,-0.019604722558559346,1
META,2024-02-22,2024-02-22,479.99987023925786,486.37306988525387,1.3937832521290534,669.0157801635964,-9.55631613869218,-0.014284141603289753,1
AMD,2024-02-28,2024-02-28,176.161875,176.62826328277586,3.719769065715076,655.281493183366,-2.3910056284183994,-0.0036488221524506406,1
TSLA,2024-03-05,2024-03-05,182.95847805023195,180.83037549591066,3.5793569295395886,654.8736962271145,6.966173547665976,0.010637430679839157,1
TSLA,2024-03-06,2024-03-06,179.9000104904175,176.62826328277586,3.645744683083177,655.8695067320473,11.278049457412962,0.017195569151563804,1
TSLA,2024-03-07,2024-03-07,174.26283110046387,178.7393188934326,3.7731053706948763,657.5120239376544,-17.556217287504758,-0.026700982869279737,1
ADBE,2024-03-07,2024-03-07,549.725,556.3179980163574,1.1960744443815623,657.5120239376544,-8.547171321380617,-0.01299926238640324,1
TSLA,2024-03-08,2024-03-08,181.40925000000001,175.42766633605956,3.602340502718196,653.497888842731,20.904977064718985,0.031989356693621886,1
TSLA,2024-03-11,2024-03-11,175.3622719497681,177.85888927459715,3.744161248371896,656.5846230607756,-10.008996331619473,-0.015244030974957828,1
AVGO,2024-03-11,2024-03-11,127.72910276794434,129.3766524581909,5.140446529665564,656.5846230607756,-9.12996028128414,-0.013905230126656563,1
NVDA,2024-03-12,2024-03-12,88.00497909927368,91.95895851516723,7.427026272434797,653.6152918753809,-30.034607448884366,-0.045951506677127746,1
AMD,2024-03-12,2024-03-12,200.41974427032468,202.86137450408938,3.2612320420576397,653.6152918753809,-8.620319406462105,-0.013188674612750135,1
AVGO,2024-03-12,2024-03-12,130.63464694976807,129.25259754180908,5.0033839194797265,653.6152918753809,6.264765953724949,0.00958479097964464,1
AMD,2024-03-13,2024-03-13,198.6306307296753,194.88738828277587,3.2654062564106026,648.6097042994658,11.580709204720302,0.017854665337189345,1
AVGO,2024-03-13,2024-03-13,128.22385038757324,125.8498960647583,5.058416997609717,648.6097042994658,11.365845419225721,0.017523397112137663,1
TSLA,2024-03-14,2024-03-14,167.68611927032472,162.58124999999998,3.887944922778045,651.9543960374127,19.205419890247832,0.029458225923436707,1
AMD,2024-03-14,2024-03-14,192.82353816986085,187.153527557373,3.3810934195341718,651.9543960374127,18.528466592319486,0.028419881367371315,1
AVGO,2024-03-14,2024-03-14,126.19087080383302,126.29011087417602,5.166414906914246,651.9543960374127,-1.164926132510102,-0.0017868215009984412,1
TSLA,2024-03-15,2024-03-15,163.07842366027833,163.65179232788086,4.030533504052458,657.2930503508129,-2.9694301661091713,-0.004517665544347862,1
AMD,2024-03-15,2024-03-15,184.73758683013918,191.155527557373,3.5579822256483986,657.2930503508129,-23.503629542630108,-0.03575822006650711,1
AVGO,2024-03-15,2024-03-15,125.28332767105103,123.61177805328367,5.24645268105129,657.2930503508129,8.116797776281805,0.012348826405436171,1
AMD,2024-03-18,2024-03-18,193.19334828948976,190.74531889343262,3.3872373242584155,654.3917201246154,7.64181084935251,0.011677731570163028,1
TSLA,2024-03-18,2024-03-18,169.93499427032472,173.88690305328367,3.8508355676502943,654.3917201246154,-15.8801516971033,-0.024267042520157885,1
NVDA,2024-03-18,2024-03-18,90.3428064880371,88.49922933197021,7.243429173425865,654.3917201246154,12.706105745869609,0.019416666432530646,1
AVGO,2024-03-18,2024-03-18,125.33530362319947,123.7858610229492,5.221128454692537,654.3917201246154,7.439492048379346,0.011368560786439426,1
ADBE,2024-03-18,2024-03-18,495.3022127990723,514.1169153442382,1.321196843491754,654.3917201246154,-25.524746296841045,-0.0390053014301287,1
AMD,2024-03-19,2024-03-19,183.0684236602783,181.51070816802977,3.5620763362071215,652.1036998270173,4.899372144401503,0.007513179492312577,1
NVDA,2024-03-19,2024-03-19,86.65664694976807,89.44270162582397,7.525143457316318,652.1036998270173,-21.628047547633212,-0.03316657696217711,1
ADBE,2024-03-19,2024-03-19,509.6350696411133,521.4505974426269,1.279550287397276,652.1036998270173,-15.778224975001278,-0.024195883230208243,1
AMD,2024-03-20,2024-03-20,181.93898377990723,179.81986072540283,3.5565821463562712,647.0809414378213,6.893522697755285,0.010653261835277976,1
ADBE,2024-03-20,2024-03-20,523.0283330383301,519.3995846557617,1.2371814308392353,647.0809414378213,3.8445838847216978,0.005941426548862633,1
AMD,2024-03-21,2024-03-21,185.87701622009277,178.76933267211913,3.4893749021449265,648.5945952839771,24.165178675695977,0.03725775523170313,1
AMD,2024-03-22,2024-03-22,177.12140171051027,179.7398188934326,3.6820549137060374,652.1707274906853,-10.298147159929474,-0.015790569441153826,1
ADBE,2024-03-25,2024-03-25,496.54161354064945,507.48362599182127,1.3102166563102662,650.5770926121342,-14.994152263175316,-0.023047464218225466,1
ADBE,2024-03-26,2024-03-26,507.80596755981446,507.85380610656733,1.2766277237857608,648.2791764907118,-0.7093817275485734,-0.0010942534532554695,1
NVDA,2024-03-28,2024-03-28,89.955,90.401180809021,7.204981916439806,648.1241482933427,-3.8644561710823697,-0.005962524589244755,1
AVGO,2024-03-28,2024-03-28,131.72409828948975,132.60727086639403,4.920315695530227,648.1241482933427,-4.99578478424338,-0.00770806765555397,1
NVDA,2024-04-01,2024-04-01,90.25385409927368,90.40818046188355,7.165321636198184,646.6978935277999,-1.753048817584554,-0.002710769333144882,1
NVDA,2024-04-02,2024-04-02,88.40377404785157,89.4967294807434,7.311751571977785,646.3864338631477,-8.6418007477139,-0.013369403030422408,1
TSLA,2024-04-03,2024-04-03,163.9379942703247,168.4641948852539,3.934668638831903,645.0416847684509,-18.46304584719834,-0.028623027446398257,1
TSLA,2024-04-04,2024-04-04,169.98497232055664,171.19555561065673,3.7781213303603773,642.2238497650134,-5.218241265545259,-0.008125268576454438,1
AMD,2024-04-05,2024-04-05,168.01595610046388,170.50520816802978,3.8174525900559897,641.3929467864493,-10.14874600029444,-0.01582297724217639,1
TSLA,2024-04-05,2024-04-05,168.99546183013916,164.98244389343262,3.7953264533880007,641.3929467864493,14.596935542882992,0.02275817907885884,1
NVDA,2024-04-05,2024-04-05,86.8225643157959,88.0520072364807,7.387399253188825,641.3929467864493,-9.728319853748708,-0.015167488046898861,1
AVGO,2024-04-05,2024-04-05,132.5337061004639,134.00996466064453,4.839470393291932,641.3929467864493,-7.789274696421848,-0.012144309873453088,1
ADBE,2024-04-05,2024-04-05,488.59557633972173,485.36255511474604,1.3127276992382904,641.3929467864493,3.6048056057215687,0.005620276343515487,1
AMD,2024-04-08,2024-04-08,168.11589694976809,169.98494389343261,3.805307803296396,639.7327345211253,-7.7555878034347625,-0.012123168606090232,1
AMD,2024-04-09,2024-04-09,170.12490171051027,170.8653887786865,3.753250758563543,638.5214163955209,-3.4191446835596424,-0.005354784656810498,1
TSLA,2024-04-15,2024-04-15,170.15488549041748,161.56073572540282,3.7492937904664805,637.9606555867573,31.600142688895836,0.04953305883704059,1
AMD,2024-04-15,2024-04-15,164.34777767944337,160.40016732788084,3.881772328136284,637.9606555867573,14.693425831685506,0.023031868349579314,1
TSLA,2024-04-16,2024-04-16,156.6616354904175,157.18855561065672,4.115934285685071,644.8089967665065,-2.814661969770789,-0.004365109643142919,1
AMD,2024-04-16,2024-04-16,162.19885877990723,163.54173671722413,3.9754225252686166,644.8089967665065,-5.985985451062714,-0.009283346667122131,1
TSLA,2024-04-17,2024-04-17,157.56117938995362,155.5277219467163,4.083443528380255,643.3921783038666,7.664268212838659,0.011912280676217538,1
AMD,2024-04-17,2024-04-17,163.8880162200928,154.09701427459717,3.9258036868286053,643.3921783038666,37.81337813283658,0.058771895910394126,1
NVDA,2024-04-17,2024-04-17,88.29582633972169,84.07702116394043,7.286779058257971,643.3921783038666,30.113479778052202,0.0468042366592619,1
AVGO,2024-04-17,2024-04-17,134.24384913635254,128.3271319885254,4.792712533520758,643.3921783038666,27.727910815600318,0.04309643752384063,1
TSLA,2024-04-18,2024-04-18,151.174375,150.00495767211913,4.35720019475043,658.6970161912744,4.43923608530015,0.0067394203650242,1
AMD,2024-04-18,2024-04-18,155.43223950958253,155.1575418319702,4.237840349399748,658.6970161912744,0.5060099483316689,0.0007681983307857162,1
NVDA,2024-04-18,2024-04-18,84.92751622009278,84.71333311843871,7.755990584773925,658.6970161912744,1.0033357047153082,0.0015232127671031632,1
AVGO,2024-04-18,2024-04-18,128.73560305023193,125.96195157623292,5.116665480133374,658.6970161912744,13.540245658115975,0.02055610595658766,1
TSLA,2024-04-19,2024-04-19,148.8955162200928,147.12352805328368,4.442193747581975,661.4227311958866,7.214027781570477,0.010906833771084857,1
AMD,2024-04-19,2024-04-19,151.5142013397217,146.71331938934324,4.365417402114404,661.4227311958866,20.306909807288996,0.03070186259031807,1
AVGO,2024-04-19,2024-04-19,125.83605257415773,120.53123617172241,5.2562259993502005,661.4227311958866,27.235832822012178,0.04117764863141062,1
PLD,2024-04-19,2024-04-19,104.58767938995362,103.5417428627014,6.324097972666376,661.4227311958866,5.956489642873376,0.009005571417395549,1
TSLA,2024-04-22,2024-04-22,140.48971755981447,142.12102805328368,4.7713904264857785,670.3312933845897,-8.457842374184974,-0.012617406434183059,1
NVDA,2024-04-22,2024-04-22,78.06494427871705,79.55775674057007,8.58684137391158,670.3312933845897,-13.495284376220374,-0.02013226073346648,1
AMD,2024-04-22,2024-04-22,148.07591889953613,148.71431938934325,4.52694332992378,670.3312933845897,-3.561779133956542,-0.005313460924631247,1
GE,2024-04-22,2024-04-22,148.75558683013918,150.26509744262694,4.506259614639056,670.3312933845897,-7.475979127662705,-0.011152663170348973,1
AVGO,2024-04-22,2024-04-22,122.38877194976808,122.50722214508055,5.477065278992367,670.3312933845897,-1.3194151251463597,-0.0019683030438344324,1
TSLA,2024-04-23,2024-04-23,143.25833683013917,144.75233267211914,4.641498629970858,664.9333741289947,-7.602780217688034,-0.011433897761030598,1
NVDA,2024-04-23,2024-04-23,80.72861269378663,82.46420801925659,8.236650574575922,664.9333741289947,-14.967573355009796,-0.022509884354377646,1
AMD,2024-04-23,2024-04-23,151.57416889953615,152.34613927459716,4.386851525933253,664.9333741289947,-4.053146051649586,-0.006095567179131078,1
AVGO,2024-04-23,2024-04-23,122.75559284210206,124.98145821762084,5.416725696435555,664.9333741289947,-12.727864001595934,-0.019141562894580733,1
GE,2024-04-23,2024-04-23,157.75108683013917,162.70130511474608,4.215079512225305,664.9333741289947,-21.540929828454896,-0.03239562137585838,1
TSLA,2024-04-24,2024-04-24,162.75857633972169,162.2110698852539,4.0277458481034145,655.5501800955367,1.550769277121336,0.0023655996508083247,1
NVDA,2024-04-24,2024-04-24,83.90802194976807,79.71684045410156,7.812723561615895,655.5501800955367,32.10536451331787,0.048974686436115376,1
NFLX,2024-04-24,2024-04-24,57.40228425598145,55.53975703811645,11.420280370240263,655.5501800955367,20.62566813663895,0.031463141591438606,1
META,2024-04-26,2024-04-26,441.2392614593506,443.5116535491943,1.503821190796745,663.5449515940769,-4.082524965789216,-0.0061525974328966,1
META,2024-04-29,2024-04-29,439.3402175598145,432.8363051147461,1.5088143094652835,662.882806977839,9.155219955733028,0.013811219508728484,1
NFLX,2024-04-29,2024-04-29,55.890040267944336,55.97697581291198,11.860481828245069,662.882806977839,-1.6944958070208307,-0.002556252461496531,1
META,2024-04-30,2024-04-30,430.83446279907236,430.3850984344482,1.5409688418744776,663.9024831790992,0.028900229597719318,4.353083522045357e-05,1
META,2024-05-01,2024-05-01,428.3857061004639,439.409597442627,1.5496712800487664,663.8570255273005,-17.755806536759362,-0.026746431617042776,1
NFLX,2024-05-01,2024-05-01,54.75660839653016,55.19858693504333,12.123779119405212,663.8570255273005,-6.024986427066716,-0.009075728952753163,1
NVDA,2024-05-02,2024-05-02,84.40677299880981,85.85990984344483,7.821532616087651,660.1903280288974,-12.031630432593309,-0.018224487578477017,1
AMD,2024-05-02,2024-05-02,145.43723950958253,146.23308366394042,4.539348589502064,660.1903280288974,-4.274610674596642,-0.006474815660143292,1
AVGO,2024-05-02,2024-05-02,125.56518435287477,123.91893075942993,5.257749840700828,660.1903280288974,7.999727035443218,0.01211730420124098,1
CAT,2024-05-02,2024-05-02,333.35322901916504,335.60772244262694,1.9804527766879436,660.1903280288974,-5.127340547428975,-0.0077664581405448045,1
TSLA,2024-05-03,2024-05-03,182.00895610046385,181.28059744262694,3.6150814049745303,657.9771927376124,1.9764151852808447,0.0030037746096603654,1
NVDA,2024-05-03,2024-05-03,87.74510696411133,88.83339596557617,7.498733724340116,657.9771927376124,-8.822847024569024,-0.013409046881792742,1
AMD,2024-05-03,2024-05-03,148.675625,150.67530610656738,4.425588880071044,657.9771927376124,-9.512168544884823,-0.014456684289174255,1
AVGO,2024-05-03,2024-05-03,125.83705152511597,127.87490250778198,5.228803319555576,657.9771927376124,-11.318826936652727,-0.017202460908347074,1
AMD,2024-05-06,2024-05-06,153.02345610046387,155.85788877868652,4.271424800734754,653.6281854816672,-12.76674775627377,-0.019532125510875555,1
TSLA,2024-05-09,2024-05-09,174.92248950958253,172.05598622131347,3.7254452130845968,651.6641512043149,10.03267630284569,0.015395470633615025,1
TSLA,2024-05-10,2024-05-10,172.96347805023194,168.55423622131346,3.7760583054922305,653.1201778384014,16.00475882828749,0.024505074825980147,1
NVDA,2024-05-10,2024-05-10,90.2598478050232,89.9229373512268,7.235999103934381,653.1201778384014,1.7859825058093053,0.0027345388588671084,1
AMD,2024-05-10,2024-05-10,154.21284828948976,151.99595816802977,4.235186530063684,653.1201778384014,8.74051747479068,0.013382709295123488,1
TSLA,2024-05-13,2024-05-13,169.91500000000002,171.97594438934325,3.8663620905730567,656.952914619721,-8.629294350984509,-0.013135331557178035,1
AMD,2024-05-24,2024-05-24,161.32929866027834,166.44318061065673,4.063795320768339,655.6092489984769,-21.447769674678277,-0.03271425732239495,1
TSLA,2024-05-28,2024-05-28,176.31179389953616,176.83837499999998,3.699939172675598,652.3429128536003,-2.601635113070946,-0.0039881403810924955,1
CRM,2024-05-31,2024-05-31,219.00044561004643,234.55722244262694,2.9767233580380905,651.9037418681756,-46.983278825683065,-0.07207088379496335,1
CRM,2024-06-03,2024-06-03,234.50268511962892,236.73830511474608,2.7496800598881923,644.8073572636831,-6.795120699185712,-0.010538218310693005,1
AMD,2024-06-03,2024-06-03,170.73459732055665,163.63177805328368,3.776664878607164,644.8073572636831,26.193573192573293,0.040622323702584354,1
NVDA,2024-06-03,2024-06-03,113.564191696167,115.05749999999999,5.677910859338653,644.8073572636831,-9.127918227654938,-0.01415603920276336,1
CRM,2024-06-04,2024-06-04,235.6021412200928,234.97743061065677,2.7427715741534557,646.2028557481586,1.0680923651358605,0.0016528747213585863,1
AMD,2024-06-05,2024-06-05,161.98897232055666,166.25308316802978,3.989867922056874,646.3146043887479,-17.668060310359714,-0.02733662552321448,1
TSLA,2024-06-05,2024-06-05,175.26233110046388,175.08749999999998,3.6876983224550823,646.3146043887479,-0.0012678863170828003,-1.9617169540550674e-06,1
AMD,2024-06-11,2024-06-11,160.41975000000002,159.03948671722412,4.011770732522573,643.567257968588,4.896501232967803,0.007608375305517481,1
AMD,2024-06-12,2024-06-12,160.23984732055666,160.32012549591064,4.020557160918715,644.2534656091856,-0.9671778398905182,-0.001501238086435415,1
TSLA,2024-06-12,2024-06-12,171.0344351196289,177.37863828277588,3.766805586012938,644.2534656091856,-24.55358206930902,-0.03811168023146284,1
CRM,2024-06-13,2024-06-13,235.4022442703247,229.1445137786865,2.720147021485663,640.3287136029642,16.390129217965743,0.025596430192459625,1
AMD,2024-06-13,2024-06-13,160.31979389953614,159.97994389343262,3.9940714619694684,640.3287136029642,0.7177351897306106,0.0011208855303272286,1
CRM,2024-06-14,2024-06-14,229.23533110046384,232.05597244262694,2.8041002269208124,642.7988439570782,-8.556114552092662,-0.013310718636986196,1
CRM,2024-06-17,2024-06-17,230.16485877990723,230.5952357254028,2.786990248039402,641.4672168609676,-1.841523295113137,-0.0028707987668094206,1
CRM,2024-06-18,2024-06-18,230.36475572967527,231.925902557373,2.783163927548857,641.1428783254361,-4.988242878549346,-0.007780235961721743,1
AMD,2024-06-20,2024-06-20,155.74209732055664,161.8608887786865,4.111582977207402,640.3465561777792,-25.81084431590675,-0.04030761790923241,1
NVDA,2024-06-24,2024-06-24,123.17837786483764,118.16905561065673,5.166709568435984,636.4269035386798,25.258227175128198,0.03968755411609197,1
AVGO,2024-06-24,2024-06-24,164.12289933013918,159.30060353851317,3.877745921722257,636.4269035386798,18.072560754697122,0.02839691511186836,1
TSLA,2024-06-24,2024-06-24,184.8775162200928,182.6712918319702,3.4424245660084862,636.4269035386798,6.962131508777473,0.010939404776992335,1
NVDA,2024-06-25,2024-06-25,121.13939694976808,126.15304133605956,5.314766802645923,643.8276454011742,-27.30350156530746,-0.0424080912963817,1
AVGO,2024-06-25,2024-06-25,159.9329939880371,158.15803424835204,4.025608658644458,643.8276454011742,6.50503829806878,0.01010369521180694,1
NVDA,2024-06-26,2024-06-26,126.06693225479125,126.46320152664184,5.08151733612072,640.6113017642782,-2.6552673010323007,-0.004144896122999314,1
AVGO,2024-06-26,2024-06-26,159.68211241149902,159.2795969467163,4.011791252569543,640.6113017642782,0.9750041228852788,0.0015219901993612423,1
AVGO,2024-06-27,2024-06-27,159.12039694976806,158.74533336639402,4.023765543988764,640.2631705922915,0.8696593369549334,0.001358284182034761,1
AMD,2024-06-27,2024-06-27,157.10140267944337,159.54973622131348,4.075477110148486,640.2631705922915,-10.623379542146658,-0.016592207751570706,1
NKE,2024-07-01,2024-07-01,75.46225,76.86841683197021,8.463888541435272,638.7040730859238,-12.546294229213158,-0.01964336029453397,1
NKE,2024-07-02,2024-07-02,76.78158969497682,76.0780209159851,8.293319123447626,636.7742261460604,5.201063643531313,0.008167830025108958,1
NKE,2024-07-03,2024-07-03,75.46225,75.27761786270142,8.448020402593738,637.5066276256292,0.9230493232786858,0.001447905454279825,1
NKE,2024-07-09,2024-07-09,73.26335305023194,72.49622908401489,8.702813145746822,637.597272027049,6.041877333852995,0.009476008758074923,1
NKE,2024-07-10,2024-07-10,72.22387213516235,72.5762709159851,8.83995436629174,638.4557338317248,-3.7552024696123123,-0.0058816958962452605,1
NKE,2024-07-11,2024-07-11,72.66364694976807,73.42669438934325,8.778042336936153,637.8445692812456,-7.339256330327825,-0.011506339763303241,1
TSLA,2024-07-12,2024-07-12,235.68210305023194,248.3541107254028,2.7015027201844797,636.6958424890005,-34.887275778763986,-0.05479425724280067,1
AVGO,2024-07-12,2024-07-12,171.0174453277588,170.15203484344482,3.722987682740545,636.6958424890005,2.5868276874132436,0.004062893951530607,1
TSLA,2024-07-15,2024-07-15,255.84201622009277,252.76631938934324,2.469317902636624,631.7552708989246,6.966915412977256,0.011027870654824981,1
TSLA,2024-07-16,2024-07-16,255.18234255981443,256.688277557373,2.4796109331790355,632.7529265655537,-4.368752877611027,-0.006904358232404668,1
NVDA,2024-07-16,2024-07-16,128.37578244018556,126.42318061065673,4.9289119375796115,632.7529265655537,8.996261641572342,0.014217653153185886,1
AMD,2024-07-16,2024-07-16,179.60015744018557,177.6387780532837,3.5231201107175374,632.7529265655537,6.2808773237566715,0.009926271471943903,1
AMD,2024-07-17,2024-07-17,169.71510305023193,159.50970767211913,3.7371265354180703,634.246815070234,37.52367648384402,0.05916257770989169,1
AMD,2024-07-18,2024-07-18,163.32829866027834,155.84788927459715,3.9174338022250357,639.8277980316803,28.67883278820818,0.0448227364869636,1
NVDA,2024-07-18,2024-07-18,121.78907347488403,121.15054133605956,5.253573081526307,639.8277980316803,2.7164247458141006,0.004245555998302531,1
AVGO,2024-07-18,2024-07-18,158.8105543899536,160.60026427459715,4.028874532234212,639.8277980316803,-7.853949630647044,-0.012275099104490868,1
META,2024-07-18,2024-07-18,474.76250000000005,476.08793110656734,1.3476797304582402,639.8277980316803,-2.426977562789477,-0.0037931730541493416,1
AMD,2024-07-19,2024-07-19,154.7825706100464,151.65579183197022,4.152941747316066,642.8029992433585,12.349019787912201,0.01921120436968744,1
NVDA,2024-07-19,2024-07-19,120.28982347488405,117.98896530532836,5.343785373311922,642.8029992433585,11.658636879409803,0.018137184943339015,1
AVGO,2024-07-19,2024-07-19,161.7590763397217,157.42868110656738,3.97382956053336,642.8029992433585,16.57405371335118,0.02578403295078033,1
META,2024-07-19,2024-07-19,475.8219675598145,477.0284035491943,1.350931741423967,642.8029992433585,-2.2734305776288193,-0.003536745441923681,1
TSLA,2024-07-22,2024-07-22,244.08790171051027,251.63574950408938,2.656241443228091,648.3564003140423,-20.70728696985482,-0.031938123784734596,1
AMD,2024-07-22,2024-07-22,154.1528807296753,155.94793011474607,4.205931133074375,648.3564003140423,-8.20198542143624,-0.012650427168550308,1
NVDA,2024-07-22,2024-07-22,120.28982347488405,123.6017709159851,5.38995221361694,648.3564003140423,-18.508520461080405,-0.028546830804963896,1
AVGO,2024-07-22,2024-07-22,160.1498807296753,161.14052755737305,4.048435111908915,648.3564003140423,-4.660931085767207,-0.007188841019398601,1
META,2024-07-22,2024-07-22,486.3366965789795,487.6436938934326,1.3331430773674946,648.3564003140423,-2.3916420294260483,-0.003688776771953846,1
AMD,2024-07-23,2024-07-23,154.87252194976807,154.077,4.132061024849529,639.9427117687898,2.6488461039016933,0.004139192548314726,1
TSLA,2024-07-25,2024-07-25,216.69160305023195,220.36012499999998,2.954853967426529,640.2920429809924,-11.48565865416331,-0.01793815615869565,1
AMD,2024-07-25,2024-07-25,143.99797232055664,138.38916732788084,4.446535132839412,640.2920429809924,24.31192628442364,0.03797005843026752,1
NVDA,2024-07-25,2024-07-25,112.98348091506959,112.33613877868652,5.667129723700972,640.2920429809924,3.030114105450864,0.004732393817270685,1
AVGO,2024-07-25,2024-07-25,151.18436450958254,149.33462450408933,4.235173690467235,640.2920429809924,7.197595147591275,0.01124111290541985,1
META,2024-07-25,2024-07-25,463.0283797607422,453.6367086639404,1.3828354178027846,640.2920429809924,12.353336949743788,0.019293285126940906,1
TSLA,2024-07-26,2024-07-26,221.07940744018555,219.90990305328367,2.9191458309586733,645.3630305398316,2.7702978017003197,0.004292619302012122,1
AMD,2024-07-26,2024-07-26,140.24984732055665,140.06000049591063,4.601523943657368,645.3630305398316,0.228658471050794,0.00035430983838588705,1
NVDA,2024-07-26,2024-07-26,116.13190744018554,113.11652755737306,5.557155176084831,645.3630305398316,16.11994936005544,0.024978110919324687,1
AVGO,2024-07-26,2024-07-26,153.42325,151.7058198852539,4.206422628511856,645.3630305398316,6.582485985464628,0.010199663869742472,1
META,2024-07-26,2024-07-26,463.9679122009278,465.9328622131348,1.3909647921090458,645.3630305398316,-3.3799059039166224,-0.005237216487423222,1
TSLA,2024-07-29,2024-07-29,224.78754389953616,232.21605610656735,2.884809500611615,648.4692422605324,-22.08902675380859,-0.03406333764853258,1
AMD,2024-07-29,2024-07-29,141.11940744018557,139.819875,4.595181159156939,648.4692422605324,5.32610353608588,0.008213347972402425,1
NVDA,2024-07-29,2024-07-29,113.63315744018554,111.64579133605956,5.70669034345785,648.4692422605324,10.698484354548324,0.01649805982663715,1
AVGO,2024-07-29,2024-07-29,151.9439942703247,150.29511122131348,4.267817529574982,648.4692422605324,6.392181304519043,0.009857339235144305,1
META,2024-07-29,2024-07-29,469.64506488037114,465.94284645080563,1.38076451931995,648.4692422605324,4.465978553981101,0.006886955098152251,1
AMD,2024-07-30,2024-07-30,139.8100648803711,138.50922244262694,4.641619507145322,648.9451244439836,5.392089518129187,0.008309006902161614,1
NVDA,2024-07-30,2024-07-30,111.46423664474487,103.78186835861206,5.822003038627358,648.9451244439836,44.10018976702857,0.06795673178809014,1
LLY,2024-07-30,2024-07-30,814.7724026794434,790.6051269836425,0.7964741102053484,648.9451244439836,18.609288586159305,0.02867621295730321,1
NVDA,2024-07-31,2024-07-31,112.84355152511597,117.07850664138793,5.8400709483607685,659.0143469716812,-25.403818908294443,-0.03854820312339282,1
AVGO,2024-07-31,2024-07-31,151.3942662200928,160.76033267211912,4.35296767457246,659.0143469716812,-41.449583942791655,-0.06289633015314734,1
LLY,2024-07-31,2024-07-31,799.7698979187012,804.6721545410156,0.8240049402792999,659.0143469716812,-4.7005177641133455,-0.007132648607292511,1
NVDA,2024-08-02,2024-08-02,103.70812213516237,107.32363164138793,6.2495874701754195,648.1329806513328,-23.254873610512938,-0.03587978748920207,1
AMD,2024-08-02,2024-08-02,133.43325000000002,132.56625,4.8573573727038255,648.1329806513328,3.5653015259040415,0.00550087965330994,1
TSLA,2024-08-02,2024-08-02,214.7725648803711,207.77383316802977,3.017764308082574,648.1329806513328,20.48295004407967,0.0316030053330963,1
AVGO,2024-08-02,2024-08-02,141.85902767944336,143.89191732788086,4.568852552097769,648.1329806513328,-9.940750025577355,-0.015337516099840387,1
BA,2024-08-02,2024-08-02,175.13239122009279,170.0349719467163,3.700817285346202,648.1329806513328,18.225916685596037,0.028120643802572953,1
TSLA,2024-08-05,2024-08-05,185.1273912200928,198.97944488525388,3.5070537547014573,649.251712476512,-49.253438477614175,-0.07586185377893172,1
AMD,2024-08-05,2024-08-05,122.09892366027833,134.88741732788085,5.3174237168785865,649.251712476512,-68.68509216350343,-0.1057911605677717,1
BA,2024-08-05,2024-08-05,162.43874427032472,167.11351377868652,3.9969018191623706,649.251712476512,-19.343188761988664,-0.029793050045576034,1
GE,2024-08-05,2024-08-05,152.4137604904175,158.43918061065673,4.259797215077122,649.251712476512,-26.329153094265184,-0.040553074544593816,1
AMZN,2024-08-05,2024-08-05,154.13290171051025,161.10051427459715,4.212285016835181,649.251712476512,-30.01349650429569,-0.04622782801729074,1
NVDA,2024-08-06,2024-08-06,103.78807633972168,104.30212499999999,5.973370059435342,619.9645877340831,-3.6921027655715637,-0.005955344609384674,1
TSLA,2024-08-06,2024-08-06,200.64962500000001,200.74031938934326,3.089786924516221,619.9645877340831,-0.9003310392229731,-0.0014522297838229841,1
AMD,2024-08-06,2024-08-06,135.08241889953615,130.24508267211914,4.5895283248900425,619.9645877340831,21.592227590829406,0.0348281627983739,1
AVGO,2024-08-06,2024-08-06,141.6591307296753,143.99195816802978,4.376453424079995,619.9645877340831,-10.83457997342352,-0.017476127165622427,1
AMZN,2024-08-06,2024-08-06,161.62915171051026,162.01095767211913,3.835722585765255,619.9645877340831,-2.085198588932232,-0.0033634156372599477,1
NVDA,2024-08-07,2024-08-07,107.75609255981448,98.95945866394042,5.756928342152784,620.3441032972347,50.04656768289731,0.08067549512744825,1
TSLA,2024-08-07,2024-08-07,200.6696192703247,191.85587450408937,3.0913703108269766,620.3441032972347,26.639828068698048,0.042943630683523575,1
AVGO,2024-08-07,2024-08-07,148.17587500000002,136.33813927459715,4.186539160286617,620.3441032972347,48.96357965231753,0.07892970915991263,1
AMZN,2024-08-07,2024-08-07,166.46672805023195,162.85138927459715,3.7265350894026317,620.3441032972347,12.859079047587525,0.020728945401817033,1
BA,2024-08-07,2024-08-07,166.9165,163.32162549591064,3.716493595883179,620.3441032972347,12.746664133190874,0.020547731598382545,1
NVDA,2024-08-08,2024-08-08,101.94900000000001,105.02248622131347,6.305111693554639,642.7998320462019,-20.031163082985746,-0.03116236514751607,1
TSLA,2024-08-08,2024-08-08,195.60214694976807,198.9394163360596,3.2862616390978427,642.7998320462019,-11.61542376573339,-0.01807004791640723,1
AVGO,2024-08-08,2024-08-08,141.12939694976808,145.81287549591065,4.5546841830195905,642.7998320462019,-21.985231370501154,-0.03420229793856098,1
AMD,2024-08-08,2024-08-08,131.90401622009279,136.38816732788086,4.873239272514926,642.7998320462019,-22.506067285051564,-0.03501255937390151,1
AMZN,2024-08-08,2024-08-08,165.08741316986084,165.88290305328368,3.8936937692809797,642.7998320462019,-3.7417425316570947,-0.005821007326256042,1
BA,2024-08-21,2024-08-21,172.9135,173.51670767211914,3.64677620835733,630.5768379037952,-2.8314401069801756,-0.004490238043618339,1
NVDA,2024-08-23,2024-08-23,125.79707061004639,129.4346801147461,5.008899059169221,630.1048286249054,-18.859633863753164,-0.02993094641872694,1
TSLA,2024-08-23,2024-08-23,214.35277671051026,220.43016732788084,2.939569238591579,630.1048286249054,-18.50394779360742,-0.029366459282638858,1
AVGO,2024-08-23,2024-08-23,164.94748377990723,166.44318061065673,3.8200329837444933,630.1048286249054,-6.3465728613836525,-0.010072249208491146,1
AMD,2024-08-23,2024-08-23,153.52320610046388,155.0574857254028,4.104296963499914,630.1048286249054,-6.93039260402445,-0.010998793040752967,1
TSLA,2024-08-27,2024-08-27,213.14337500000002,209.3146117172241,2.9197234730279678,622.3197151079025,10.562199779295275,0.01697230462554753,1
AVGO,2024-08-27,2024-08-27,157.52120610046387,161.47069438934327,3.9507043560280986,622.3197151079025,-16.233381932359162,-0.026085276648425793,1
AMD,2024-08-27,2024-08-27,150.0549398803711,150.57524999999998,4.14727909393744,622.3197151079025,-2.7812699322495718,-0.004469197849159148,1
TSLA,2024-08-29,2024-08-29,209.69510305023195,206.38313877868652,2.9610220569169345,620.9118253592063,9.190790834037536,0.01480208696093126,1
NVDA,2024-08-29,2024-08-29,121.2993206100464,117.64879133605956,5.11884009107781,620.9118253592063,18.07490701377844,0.029110263769452045,1
AVGO,2024-08-29,2024-08-29,158.4107604904175,157.00845767211914,3.9196316174289576,620.9118253592063,4.878346893684657,0.00785674663365038,1
AMD,2024-08-29,2024-08-29,146.5167013397217,145.56275049591065,4.237822853515696,620.9118253592063,3.423784199017331,0.005514123035161431,1
NVDA,2024-08-30,2024-08-30,119.47023377990723,119.42968774795533,5.240307199080483,626.0607261526762,-0.41348082618939486,-0.000660448434020696,1
TSLA,2024-08-30,2024-08-30,208.52568988037112,214.21705561065676,3.002319409718008,626.0607261526762,-17.721902174893078,-0.028307001916250647,1
AMD,2024-08-30,2024-08-30,147.4462442703247,148.63427755737303,4.246026945283667,626.0607261526762,-5.67300428552809,-0.009061428146739594,1
NVDA,2024-09-03,2024-09-03,115.95199713516237,108.05399999999999,5.367295258147593,622.3486043963003,41.789729409310254,0.06714842632265199,1
NVDA,2024-09-04,2024-09-04,105.35729866027833,106.26310408401488,5.966082992400694,628.570387662367,-6.035382775807807,-0.009601761225585571,1
AMD,2024-09-04,2024-09-04,140.43973950958252,140.94043011474608,4.475730230327565,628.570387662367,-2.8706469432726798,-0.004566945881667323,1
AVGO,2024-09-04,2024-09-04,150.22485305023193,154.1970551147461,4.18419705461244,628.570387662367,-17.257356804417316,-0.0274549312903474,1
NVDA,2024-09-05,2024-09-05,104.93750286483764,107.26360408401489,5.951203662154959,624.5044513466182,-14.474528096504416,-0.02317762197738224,1
AMD,2024-09-05,2024-09-05,138.13089694976807,139.50972244262695,4.521106176366335,624.5044513466182,-6.861437811468204,-0.010987011856637521,1
NVDA,2024-09-06,2024-09-06,107.98598091506959,102.8814168319702,5.752694706559169,621.2103807927203,28.758470898735276,0.04629425358609893,1
AVGO,2024-09-06,2024-09-06,143.17837500000002,137.0685,4.338716519116244,621.2103807927203,25.90105971923883,0.04169450562977835,1
AMD,2024-09-06,2024-09-06,138.63064694976808,134.41718110656737,4.481046539570806,621.2103807927203,18.268966523749743,0.02940866265054505,1
NVDA,2024-09-09,2024-09-09,104.82755725479124,106.52323622131347,6.0290433124579375,632.0098830283007,-10.86044347718129,-0.01718397729026489,1
AVGO,2024-09-09,2024-09-09,139.0404456100464,140.89041732788084,4.545511057989839,632.0098830283007,-9.045281316863443,-0.014311930176665301,1
AVGO,2024-09-10,2024-09-10,141.14939122009278,148.2841117172241,4.455769999362285,628.9292228267396,-32.435498104552146,-0.05157257275909348,1
AVGO,2024-09-11,2024-09-11,148.31580438995363,158.34913927459715,4.207351542784159,624.0167284193449,-42.85889061809748,-0.06868227832074386,1
BA,2024-09-16,2024-09-16,156.171875,155.6277780532837,3.9542401189202523,617.5410935719988,1.5350246267032874,0.0024857044214245797,1
BA,2024-09-17,2024-09-17,156.09191316986085,156.46819438934324,3.9574441695244746,617.7250316839863,-2.107581505785215,-0.0034118441016380966,1
ADBE,2024-09-17,2024-09-17,524.0278330383301,515.2875443115234,1.178801950465869,617.7250316839863,9.690495901809909,0.01568739391277791,1
NVDA,2024-09-18,2024-09-18,115.83205438995363,113.42668774795533,5.341956622866431,618.7698100886374,12.237019135687985,0.019776367457124418,1
BA,2024-09-18,2024-09-18,156.9215,155.18755561065672,3.94318057174216,618.7698100886374,6.221904646365429,0.010055281535914227,1
ADBE,2024-09-18,2024-09-18,516.7515047607423,508.3840698852539,1.197422367207484,618.7698100886374,9.40559354281112,0.015200472598144032,1
NVDA,2024-09-19,2024-09-19,117.29132347488404,117.92893774795533,5.3099431912665,622.8102644800971,-4.010198680213322,-0.006438876988581608,1
AVGO,2024-09-19,2024-09-19,167.59615267944338,167.5037081680298,3.716137002687224,622.8102644800971,-0.2791020266859371,-0.0004481333121876578,1
AMD,2024-09-19,2024-09-19,153.73309255981445,156.81837549591063,4.051243971676262,622.8102644800971,-13.128293777203261,-0.02107912236829038,1
ADBE,2024-09-19,2024-09-19,518.5505925598145,526.703222442627,1.2010597874464028,622.8102644800971,-10.419502076617098,-0.016729817523664255,1
NVDA,2024-10-02,2024-10-02,116.38178244018555,118.90942347335815,5.313957596709749,618.4478569166453,-14.056941015534454,-0.02272938754387026,1
AVGO,2024-10-02,2024-10-02,167.46622805023193,170.74533366394041,3.69297060139875,618.4478569166453,-12.734143307538826,-0.02059048821193529,1
TSLA,2024-10-03,2024-10-03,244.3577557296753,240.78033366394038,2.514086059004676,614.3364270896467,8.384107489021515,0.013647420402433778,1
NVDA,2024-10-03,2024-10-03,120.85953816986085,122.91142347335814,5.0830611831912975,614.3364270896467,-11.049409894926683,-0.017985926615603904,1
TSLA,2024-10-04,2024-10-04,246.56665744018557,250.2050418319702,2.4895680853101947,613.8444812646975,-9.676379147974384,-0.015763567879665936,1
TSLA,2024-10-07,2024-10-07,248.87550000000002,240.9504168319702,2.460455071135594,612.3469860564065,18.896713739428897,0.03085948681012732,1
TSLA,2024-10-08,2024-10-08,243.43821755981443,244.62224999999998,2.5268652278980133,615.1355670933666,-3.6085219141023632,-0.00586622219091203,1
TSLA,2024-10-10,2024-10-10,241.68909255981444,238.88938927459714,2.542721920670159,614.5481536387192,6.507878194512927,0.010589696114096181,1
AMD,2024-10-11,2024-10-11,164.10790744018556,167.97394438934325,3.750448432722258,615.4782442563733,-15.122100147179573,-0.024569674538943678,1
TSLA,2024-10-14,2024-10-14,220.0199398803711,219.26958366394038,2.786855449098684,613.1637683659771,1.4790161093143401,0.002412106170682225,1
AMD,2024-10-14,2024-10-14,167.68611927032472,165.35263927459715,3.6566161291949477,613.1637683659771,7.923743141459986,0.01292271910092797,1
TSLA,2024-10-15,2024-10-15,219.89998950958255,219.67979232788085,2.7943712460321026,614.4822076883385,0.0011381216527193705,1.8521637217144922e-06,1
AMD,2024-10-15,2024-10-15,163.12840171051027,156.71831938934326,3.7668621849112847,614.4822076883385,23.543487438432912,0.038314351732009824,1
TSLA,2024-10-16,2024-10-16,221.28929389953618,221.4406668319702,2.7923706488562896,617.921729191198,-1.040822407418027,-0.0016843919840468576,1
AMD,2024-10-16,2024-10-16,157.99097232055664,156.2080698852539,3.9111204907167885,617.921729191198,6.358711091594005,0.010290479831348488,1
NVDA,2024-10-16,2024-10-16,133.9130057296753,135.78786122131348,4.614351875863135,617.921729191198,-9.27349030548157,-0.01500754847643844,1
AVGO,2024-10-16,2024-10-16,178.42073950958252,176.90841732788084,3.463284206139113,617.921729191198,4.622298598053307,0.007480394975110304,1
AMD,2024-10-17,2024-10-17,159.92000000000002,156.328125,3.8634089370869975,617.8363572189527,13.265984059668419,0.021471679198974587,1
AVGO,2024-10-17,2024-10-17,181.27931011962892,181.62076377868652,3.4082011720545125,617.8363572189527,-1.7821609896018895,-0.0028845194504639945,1
AMD,2024-10-18,2024-10-18,157.33129866027832,156.04798622131347,3.937336439098989,619.4662552258798,4.435892989873786,0.007160830719110438,1
TSLA,2024-10-24,2024-10-24,244.55765267944338,260.61025099182126,2.5355378268125683,620.0851792052188,-41.34240640398677,-0.06667214084519249,1
AVGO,2024-10-24,2024-10-24,174.17286450958252,171.4356811065674,3.5601709884670543,620.0851792052188,9.129628182793564,0.014723183989811326,1
AVGO,2024-10-25,2024-10-25,174.10290744018556,173.0865,3.533314053968353,615.160249695159,2.977922086616961,0.004840888350787722,1
NVDA,2024-10-25,2024-10-25,140.85952767944337,141.61076328277588,4.367189496014004,615.160249695159,-3.897588879718563,-0.006335891959290287,1
AVGO,2024-10-28,2024-10-28,172.9135,172.10601427459716,3.5562869622021385,614.9300256387395,2.2581567572544294,0.0036722174281680897,1
TSLA,2024-10-31,2024-10-31,257.8609952392578,249.97493110656734,2.385869289108913,615.2226294004048,18.209303155842186,0.029597908603571605,1
AMD,2024-10-31,2024-10-31,147.72610305023196,144.14204232788086,4.164616927525719,615.2226294004048,14.318480444159821,0.023273656981887342,1
TSLA,2024-11-01,2024-11-01,251.91397328948975,249.10448572540278,2.46119540512151,620.009513545995,6.298145718872606,0.01015814367565407,1
AMD,2024-11-01,2024-11-01,144.36778244018555,141.93093061065673,4.294652886303614,620.009513545995,9.850655946005782,0.01588791096070015,1
NVDA,2024-11-01,2024-11-01,134.6326469497681,135.4676938934326,4.605194413041011,620.009513545995,-4.467485809896557,-0.007205511709563695,1
TSLA,2024-11-04,2024-11-04,244.43771755981444,242.96141633605959,2.543069927952433,621.6222087836945,3.13459220657003,0.005042600090983513,1
AMD,2024-11-04,2024-11-04,141.62914694976809,140.7803617172241,4.389083900958371,621.6222087836945,3.1056300855460366,0.004996008896822894,1
NVDA,2024-11-04,2024-11-04,137.14140171051025,136.1180280532837,4.532710042557882,621.6222087836945,4.019353172643008,0.006465909865909601,1
AVGO,2024-11-04,2024-11-04,169.19535877990722,168.63427805328368,3.673990901797214,621.6222087836945,1.4408139787473704,0.0023178289938619767,1
TSLA,2024-11-05,2024-11-05,247.21632633972172,251.56572244262694,2.520831814648051,623.1907805375855,-11.59276889928266,-0.01860227920779307,1
AMD,2024-11-05,2024-11-05,141.86903244018555,141.73083366394042,4.3927189029102145,623.1907805375855,-0.015818869578144656,-2.5383670734824995e-05,1
BA,2024-11-07,2024-11-07,148.72560305023194,151.05548572540283,4.177868510947059,621.3560137551759,-10.360166448284144,-0.016673479002274873,1
LLY,2024-11-07,2024-11-07,784.2576994018555,797.8487372131348,0.7922855130769862,621.3560137551759,-11.3947223704961,-0.01833847603989844,1
BA,2024-11-08,2024-11-08,151.0444351196289,151.75583267211914,4.09150841300994,617.9995770302957,-3.5301439925742977,-0.005712211017259714,1
AMT,2024-11-08,2024-11-08,199.10039694976808,201.90090305328368,3.1039595425126825,617.9995770302957,-9.315003549724494,-0.01507283159397349,1
BA,2024-11-13,2024-11-13,145.50721183013917,140.03998622131346,4.233330411701334,615.9801049623962,22.54016461873058,0.03659235815758463,1
AMD,2024-11-13,2024-11-13,142.7885706100464,139.36965305328368,4.313931446548543,615.9801049623962,14.14037034429386,0.022955888072321892,1
ABBV,2024-11-13,2024-11-13,171.58416316986086,170.43518110656737,3.589958965808533,615.9801049623962,3.510880753941085,0.005699665826310111,1
AMT,2024-11-13,2024-11-13,196.10189694976808,195.25758366394038,3.141122623205327,615.9801049623962,2.0374375040053962,0.0033076352427482635,1
BA,2024-11-14,2024-11-14,140.72960305023193,138.20906938934326,4.420744643840079,622.1296389140532,10.526077359918675,0.016919427562223643,1
AMD,2024-11-14,2024-11-14,140.26982633972167,138.90941633605956,4.435234969260657,622.1296389140532,5.414625250870545,0.008703371310715791,1
LLY,2024-11-14,2024-11-14,808.7854074401856,786.6230954589844,0.7692147177619093,622.1296389140532,16.433970704934826,0.026415669141918455,1
ABBV,2024-11-14,2024-11-14,169.91500000000002,169.7148198852539,3.6614168196689705,622.1296389140532,0.11117967160024705,0.00017870820588826897,1
AMT,2024-11-14,2024-11-14,194.8125486602783,194.86738927459712,3.193478259960281,622.1296389140532,-0.7973495146588219,-0.0012816452790299791,1
TSLA,2024-11-15,2024-11-15,310.4147223205567,320.8803612213135,2.018749662180122,626.6496158203602,-21.764718363719997,-0.03473187857177148,1
BA,2024-11-15,2024-11-15,138.07092938995362,140.26009744262694,4.53860648718105,626.6496158203602,-10.567389827375711,-0.016863314938032347,1
LLY,2024-11-15,2024-11-15,774.8024074401856,746.5731122131348,0.8087863561120094,626.6496158203602,22.21623494088733,0.03545240335271504,1
AMD,2024-11-15,2024-11-15,136.50172232055664,134.9674438934326,4.590781751081167,626.6496158203602,6.42040955720034,0.010245613170599726,1
ABBV,2024-11-15,2024-11-15,169.5451898803711,165.07250049591065,3.6960624849487975,626.6496158203602,15.912955494633062,0.025393705019352925,1
TSLA,2024-11-18,2024-11-18,340.559645980835,338.90936022949217,1.8447495274294066,628.2472459846714,2.4176387958584638,0.0038482282434349926,1
LLY,2024-11-18,2024-11-18,732.8234074401856,727.5636122131348,0.8572969143810408,628.2472459846714,3.8832135755513684,0.006181027613523538,1
AMD,2024-11-18,2024-11-18,138.12090744018556,138.99945767211912,4.548531121233324,628.2472459846714,-4.626358374036979,-0.007363913496804819,1
BA,2024-11-18,2024-11-18,140.18986450958252,143.9419301147461,4.481402761764765,628.2472459846714,-17.451171669869975,-0.027777553791769057,1
ABBV,2024-11-18,2024-11-18,165.5371851196289,166.3631387786865,3.7952031474417995,628.2472459846714,-3.7644765034444068,-0.005992030251631626,1
LLY,2024-11-19,2024-11-19,715.9518425598145,730.0948454589843,0.8730761525888708,625.0804801410359,-12.979172996680083,-0.020764003050857727,1
ABBV,2024-11-19,2024-11-19,165.18736927032472,166.65329232788085,3.7840694654935048,625.0804801410359,-6.175008738342477,-0.009878741913280063,1
NVDA,2024-11-19,2024-11-19,141.24934732055664,147.08349950408936,4.42536898044884,625.0804801410359,-26.456265718414727,-0.04232457508902764,1
LLY,2024-11-20,2024-11-20,735.4220830383301,753.7866781311035,0.8404673780822179,618.0982699149885,-16.06065877862336,-0.02598398921393567,1
NVDA,2024-11-25,2024-11-25,141.9190104904175,136.08801427459716,4.337986937764904,615.6428137279514,24.69178999736644,0.04010733082036361,1
NVDA,2024-11-26,2024-11-26,137.63114694976807,136.98845816802978,4.499711168159893,619.3004090165267,2.274059436766735,0.003671981164000893,1
NVDA,2024-11-27,2024-11-27,134.94248950958251,135.40766633605955,4.591549130693687,619.5950704013655,-2.7565452647574533,-0.004448946411035516,1
TSLA,2024-11-29,2024-11-29,335.9119465789795,345.3325836639404,1.8431470666250955,619.1351189813719,-17.99143653767109,-0.029058982419332607,1
NVDA,2024-11-29,2024-11-29,136.71160877990724,138.31912499999999,4.52876770675796,619.1351189813719,-7.902842698399853,-0.012764326325733153,1
CRM,2024-11-29,2024-11-29,329.1753263397217,330.1549852294922,1.8808673355499324,619.1351189813719,-2.4626648289346216,-0.003977588661076608,1
NVDA,2024-12-10,2024-12-10,138.94048950958253,135.13754232788085,4.424500547966273,614.7422719698502,16.2198126883007,0.0263847362185241,1
AMD,2024-12-10,2024-12-10,131.49421755981447,127.8038678627014,4.675051750395141,614.7422719698502,16.646459826994352,0.027078762248857958,1
NVDA,2024-12-11,2024-12-11,137.2913206100464,139.37965255737305,4.512885437719439,619.580001506349,-10.04869503713818,-0.016218559367163835,1
AMD,2024-12-11,2024-12-11,128.45574427032471,130.2150688934326,4.823295408280794,619.580001506349,-9.109565249006113,-0.01470280710619864,1
ORCL,2024-12-11,2024-12-11,177.911,178.6692918319702,3.4825277892111735,619.580001506349,-3.261672764863045,-0.00526432866931329,1
NVDA,2024-12-12,2024-12-12,137.01146183013915,137.40866633605955,4.496540638418597,616.0776060483591,-2.4030168317837313,-0.0039005099490584403,1
ORCL,2024-12-12,2024-12-12,177.911,175.40766732788086,3.462841567122658,616.0776060483591,8.056901149518719,0.01307773739934688,1
AMD,2024-12-12,2024-12-12,129.935,130.66530610656739,4.741429222675639,616.0776060483591,-4.080503668583007,-0.006623359830843627,1
UNH,2024-12-12,2024-12-12,531.2642642822266,516.0178897705077,1.1596443568074752,616.0776060483591,17.073134744321866,0.027712636487198832,1
ORCL,2024-12-13,2024-12-13,174.91250000000002,173.47669438934327,3.537138626888104,618.6897600755656,4.462493047824192,0.007212812197310574,1
UNH,2024-12-13,2024-12-13,515.3821946411133,520.7402204589844,1.200448456521457,618.6897600755656,-7.053939600052537,-0.01140141643719945,1
ADBE,2024-12-13,2024-12-13,473.743020980835,465.92284744262696,1.3059606847497902,618.6897600755656,9.599255848339224,0.015515459391419037,1
ORCL,2024-12-16,2024-12-16,173.7530763397217,171.31561072540282,3.5659899630353658,619.6017262739653,8.07672217858895,0.01303534486122093,1
ADBE,2024-12-16,2024-12-16,466.9564074401856,461.7607637786865,1.326894152005683,619.6017262739653,6.277914498669766,0.010132177223621712,1
UNH,2024-12-16,2024-12-16,517.741,498.74924999999996,1.1967406990637506,619.6017262739653,22.119962545255774,0.03570029198962421,1
UNH,2024-12-17,2024-12-17,486.7565,485.7627490081787,1.2838729544832597,624.9335057689308,0.6515544411323524,0.0010425980286185275,1
ADBE,2024-12-17,2024-12-17,460.3597013397217,455.45762599182126,1.3574895976999561,624.9335057689308,6.032910044293281,0.009653683133648382,1
AMD,2024-12-17,2024-12-17,124.3877719497681,125.08250664138794,5.024075083693111,624.9335057689308,-4.117077959340372,-0.006588025640063315,1
ORCL,2024-12-17,2024-12-17,170.664625,169.7948617172241,3.6617635656418592,624.9335057689308,2.56152642758269,0.004098878366956715,1
NVDA,2024-12-17,2024-12-17,129.02545133972168,130.45519438934326,4.8434901740703244,624.9335057689308,-7.553342391262529,-0.012086633732286035,1
UNH,2024-12-18,2024-12-18,488.18577767944345,499.96986122131347,1.278889143916406,624.3354912886284,-15.702407272246537,-0.025150592095664417,1
ADBE,2024-12-18,2024-12-18,453.0133702392578,441.530652557373,1.378183365667303,624.3354912886284,15.20886765578976,0.024360088234610302,1
AMD,2024-12-18,2024-12-18,125.3672853050232,121.47070866394043,4.980051133512202,624.3354912886284,18.79051800241193,0.03009682817106601,1
ORCL,2024-12-18,2024-12-18,169.32529866027832,165.49270866394042,3.687195571060227,624.3354912886284,13.514239123328307,0.021645796710090787,1
NVDA,2024-12-18,2024-12-18,133.79307061004639,128.97445866394042,4.6664262090846105,624.3354912886284,21.87260443396679,0.035033415109593936,1
UNH,2024-12-19,2024-12-19,499.8899446411133,489.494625,1.2645862265237717,632.1539387708826,12.52019698871227,0.019805614140529906,1
ADBE,2024-12-19,2024-12-19,443.18829866027835,437.6087096557617,1.4263777736953611,632.1539387708826,7.33042710449791,0.011595952591469566,1
AMD,2024-12-19,2024-12-19,122.09892366027833,118.93943725204466,5.1773915757828854,632.1539387708826,15.73392332417557,0.024889385890353777,1
NVDA,2024-12-19,2024-12-19,131.69411450958253,130.74533267211913,4.800168489874959,632.1539387708826,3.9244358975265743,0.006208038354007541,1
ORCL,2024-12-19,2024-12-19,167.46622805023193,168.87438828277587,3.7748144574037124,632.1539387708826,-5.950355314720775,-0.009412826449029556,1
AVGO,2024-12-20,2024-12-20,220.2498206100464,220.90038828277588,2.8919463974120423,636.9506752438723,-2.519298216085298,-0.003955248520806925,1
TSLA,2024-12-20,2024-12-20,425.2972547607422,421.27052755737304,1.4976599733807339,636.9506752438723,5.396732815043548,0.008472764100575412,1
AMD,2024-12-20,2024-12-20,117.941,119.26960408401489,5.400587372023913,636.9506752438723,-7.8157807350133295,-0.012270621633332698,1
ADBE,2024-12-20,2024-12-20,432.8034790191651,447.3935984344482,1.471685663635036,636.9506752438723,-22.119756284226362,-0.03472758118320114,1
CRM,2024-12-20,2024-12-20,332.5736202392578,343.8218188934326,1.9152170721948472,636.9506752438723,-22.190464140205428,-0.034838591122788684,1
AVGO,2024-12-23,2024-12-23,226.57665744018556,232.46618110656735,2.777534724302831,629.3245337565828,-16.995860204981817,-0.02700651141554838,1
TSLA,2024-12-23,2024-12-23,430.78450000000004,430.81530610656733,1.460880170378885,629.3245337565828,-0.6743510659824317,-0.001071547396948082,1
AMD,2024-12-23,2024-12-23,120.64964408493043,124.66229847335815,5.216132534245807,629.3245337565828,-21.5703269064707,-0.03427536310671453,1
CRM,2024-12-23,2024-12-23,342.07887500000004,343.0714438934326,1.8397059267590925,629.3245337565828,-2.4562724271591896,-0.003903029828659523,1
TSLA,2024-12-24,2024-12-24,435.68204389953615,462.5111387786865,1.429669235919663,622.881214805767,-38.99879115688489,-0.06261031835587767,1
TSLA,2024-12-31,2024-12-31,423.57811354064944,404.04191633605956,1.456601888336031,616.9846800411237,27.853705289939146,0.045144889639857216,1
AMD,2024-12-31,2024-12-31,123.03844847488404,120.8503959159851,5.014568110122662,616.9846800411237,10.360639974378309,0.016792378011213735,1
TSLA,2025-01-02,2025-01-02,389.9049561004639,379.4696387786865,1.5968616822822286,622.6242841287652,16.049465968660378,0.0257771281618389,1
AVGO,2025-01-02,2025-01-02,236.04192366027831,232.09598572540278,2.637769911691081,622.6242841287652,9.791056312065358,0.015725464877692538,1
NVDA,2025-01-02,2025-01-02,135.93200000000002,138.37915255737303,4.580409941211526,622.6242841287652,-11.837190666532065,-0.01901177157440266,1
AMD,2025-01-02,2025-01-02,122.22885591506959,120.69031225204466,5.093922212291623,622.6242841287652,7.218516066404247,0.01159369502669668,1
TSLA,2025-01-03,2025-01-03,381.289270980835,410.64522244262696,1.6408035095932774,625.6207739956162,-48.817052634046746,-0.07802978203915718,1
AVGO,2025-01-03,2025-01-03,233.47320133972173,232.6662780532837,2.679625629004372,625.6207739956162,1.5377126711436693,0.002457898994182767,1
AMD,2025-01-03,2025-01-03,121.58917652511597,125.43268774795533,5.145365663911584,625.6207739956162,-20.41177958418948,-0.03262644150037848,1
BA,2025-01-03,2025-01-03,171.31429389953615,169.98494389343261,3.651888933228765,625.6207739956162,4.231445120969327,0.0067635943319858125,1
BA,2025-01-06,2025-01-06,173.41325,170.8653887786865,3.5517132433623098,615.9141365994991,8.437882941609908,0.01369977151067841,1
BA,2025-01-07,2025-01-07,171.08441316986085,172.59624950408934,3.6071879024290525,617.1336254804958,-6.073338099629835,-0.009841204317624369,1
TSLA,2025-01-10,2025-01-10,391.20429389953614,394.9373602294922,1.5750756046197139,616.1763397436401,-6.498977977338026,-0.010547269601494148,1
NVDA,2025-01-10,2025-01-10,137.38127194976806,135.97795866394043,4.4851552980885065,616.1763397436401,5.681048718073576,0.009219842359473221,1
AMD,2025-01-10,2025-01-10,118.1209103050232,116.0980209159851,5.216488242026667,616.1763397436401,9.94147856245053,0.016134145245802003,1
TSLA,2025-01-13,2025-01-13,383.0183864593506,403.511652557373,1.611949332693982,617.4062324626759,-33.66802989719579,-0.05453140594791635,1
NVDA,2025-01-13,2025-01-13,129.9250104904175,133.29661072540281,4.752019877714092,617.4062324626759,-16.64732852448661,-0.026963330865781295,1
AVGO,2025-01-13,2025-01-13,219.88001049041753,225.40263828277585,2.8079234264434545,617.4062324626759,-16.132275744130148,-0.026129110617789872,1
AMD,2025-01-13,2025-01-13,115.22235877990724,117.37865969467163,5.358389109547901,617.4062324626759,-12.177482720713636,-0.019723614826725615,1
NVDA,2025-01-14,2025-01-14,135.98197805023193,131.82587450408934,4.452260893250962,605.4272430599583,17.90788207237573,0.029578916835432578,1
AMD,2025-01-14,2025-01-14,117.941,116.14804133605956,5.133306000966232,605.4272430599583,8.602980128764441,0.014209767114679457,1
NVDA,2025-01-15,2025-01-15,133.58316889953613,136.30812549591064,4.561301122912545,609.3130583036703,-13.044875315026141,-0.021409151071442846,1
AVGO,2025-01-15,2025-01-15,228.43572805023194,228.11399999999998,2.6673281955688,609.3130583036703,0.24927031853527815,0.0004091005684815743,1
AMD,2025-01-15,2025-01-15,117.49122805023192,120.01997908401489,5.186030211916468,609.3130583036703,-13.730049407546947,-0.02253365362917291,1
TSLA,2025-01-24,2025-01-24,414.2427872009278,406.7832765655517,1.4609720033855322,605.1971147049462,10.298388150634766,0.017016585010745752,1
TSLA,2025-01-27,2025-01-27,394.60258779907235,397.34856889343257,1.5374873401815152,606.6964831439386,-4.830718607685035,-0.007962331646710646,1
NVDA,2025-01-28,2025-01-28,121.74909255981447,129.05450049591064,4.976845086700442,605.92637311655,-36.981988908015765,-0.061033799730156775,1
TSLA,2025-01-28,2025-01-28,396.71154866027837,398.28904133605954,1.5273726594620305,605.92637311655,-3.0165502661980597,-0.004978410579296283,1
AVGO,2025-01-28,2025-01-28,207.90598950958255,207.46368061065675,2.914424805874207,605.92637311655,0.6837941917851585,0.0011285103638385956,1
ORCL,2025-01-28,2025-01-28,162.90851049041748,164.082,3.7194273724096907,605.92637311655,-4.972817730794948,-0.008206966970619754,1
AMD,2025-01-28,2025-01-28,115.1224103050232,114.2270831680298,5.263322506114271,605.92637311655,4.108825295090912,0.006781063636423989,1
NVDA,2025-01-29,2025-01-29,126.43675,123.76184694671632,4.742864239344268,599.6723401139113,12.09337304603564,0.02016663473879491,1
AVGO,2025-01-29,2025-01-29,208.73557633972172,206.45318110656734,2.8728803715660405,599.6723401139113,5.960654649603932,0.00993985256760662,1
TSLA,2025-01-29,2025-01-29,395.0123864593506,389.29455610656737,1.5181102179833077,599.6723401139113,8.084964491483008,0.013482303502521428,1
ORCL,2025-01-29,2025-01-29,163.94798377990725,162.10101427459716,3.6576987791380486,599.6723401139113,6.15936359361633,0.010271215097975541,1
AMD,2025-01-29,2025-01-29,115.71211164474488,117.40867347335815,5.182450925751001,599.6723401139113,-9.396416933614208,-0.015669251864825554,1
NVDA,2025-01-30,2025-01-30,123.03844847488404,124.71232652664185,4.8999541304887675,602.8827538134374,-8.808909390295435,-0.014611314280556382,1
AVGO,2025-01-30,2025-01-30,218.46072232055664,215.7678336639404,2.7596848871020487,602.8827538134374,6.8323571365631155,0.011332812380759186,1
TSLA,2025-01-30,2025-01-30,410.57460877990724,400.4801387786865,1.468387817758645,602.8827538134374,14.227125321097414,0.02359849445204069,1
ORCL,2025-01-30,2025-01-30,164.69760877990723,170.4651948852539,3.6605434546356803,602.8827538134374,-21.72593857057141,-0.03603675579231202,1
AMD,2025-01-30,2025-01-30,118.47073377990723,118.91943061065673,5.088874986909948,602.8827538134374,-2.887386513559676,-0.004789300233413511,1
UPS,2025-01-31,2025-01-31,114.95249713516237,114.28711835861205,5.226526390912697,600.8022599782423,2.8785562854830395,0.004791187512489191,1
NEE,2025-01-31,2025-01-31,71.47424713516236,71.59577755737304,8.405856431647148,600.8022599782423,-1.62288032479929,-0.002701188781909811,1
NVDA,2025-02-03,2025-02-03,114.692625,116.71833366394043,5.239225198946733,600.9004910333481,-11.21935094081364,-0.01867089660972003,1
UPS,2025-02-03,2025-02-03,112.27383683013915,111.3456459159851,5.352097229405813,600.9004910333481,4.36935141298016,0.007271339395090751,1
NVDA,2025-02-04,2025-02-04,116.90151908493043,118.70932652664185,5.130667768267137,599.7828560305181,-9.879679858138973,-0.01647209445685836,1
UPS,2025-02-04,2025-02-04,111.28432633972169,111.82588164138794,5.389643589156835,599.7828560305181,-3.520032310859818,-0.00586884449174838,1
AMD,2025-02-04,2025-02-04,115.39227194976809,119.55975,5.19777317749331,599.7828560305181,-22.272219286131683,-0.03713380444638523,1
CRM,2025-02-04,2025-02-04,345.4471851196289,344.3120846557617,1.7362505235722572,599.7828560305181,1.372021328053399,0.002287530085694193,1
NVDA,2025-02-05,2025-02-05,121.69912213516237,124.8924168319702,4.884652610677224,594.4579346546473,-16.20039227971744,-0.027252377898074696,1
TSLA,2025-02-05,2025-02-05,387.3162547607422,378.35909843444824,1.5348127721152915,594.4579346546473,13.159973775740312,0.02213777125102326,1
UPS,2025-02-05,2025-02-05,111.66414122009277,111.95595152664184,5.323624291194395,594.4579346546473,-2.148723115238326,-0.003614592370588232,1
TSLA,2025-02-06,2025-02-06,372.8434837799073,374.5071673278809,1.591943633717474,593.5458103764677,-3.243360488309929,-0.005464381066480389,1
AMD,2025-02-06,2025-02-06,110.8745353050232,110.21508366394042,5.353310467039017,593.5458103764677,2.9384686870244043,0.004950702432151993,1
UPS,2025-02-06,2025-02-06,112.29382347488404,113.52673622131347,5.285649664509124,593.5458103764677,-7.113549027332498,-0.01198483571608499,1
TSLA,2025-02-07,2025-02-07,370.0049074401856,361.8008051147461,1.6007882180335413,592.2994964448401,12.547297360831376,0.02118404191822555,1
AMD,2025-02-07,2025-02-07,109.07543225479125,107.61377755737306,5.4301824361445306,592.2994964448401,7.348720695016417,0.01240710272273681,1
CRM,2025-02-07,2025-02-07,331.834,325.99290156555173,1.7849270913915996,592.2994964448401,9.838848310106501,0.016611272454496805,1
MRK,2025-02-07,2025-02-07,87.47623664474487,87.32363877868652,6.77097597202614,592.2994964448401,0.4414536062609941,0.0007453215964401988,1
TSLA,2025-02-10,2025-02-10,356.03188645935063,350.90537599182124,1.6758281414770424,596.6482545917389,7.998797829725166,0.013406220110705601,1
AMD,2025-02-10,2025-02-10,108.38578244018554,110.53524335861205,5.504857197677278,596.6482545917389,-12.435039900221906,-0.020841492126262358,1
CRM,2025-02-10,2025-02-10,327.7560534210205,327.36361221313473,1.8204034627708667,596.6482545917389,0.11811027984440353,0.00019795629826357473,1
NKE,2025-02-10,2025-02-10,69.32532061004639,70.97547244262695,8.606498308862847,596.6482545917389,-14.805778225541507,-0.02481491919501629,1
GOOGL,2025-02-10,2025-02-10,187.25633110046385,186.56323622131347,3.1862647905433676,596.6482545917389,1.6128397472559968,0.002703166790221476,1
TSLA,2025-02-11,2025-02-11,345.6270877990723,328.66425,1.7180304204082706,593.7978509559264,28.563444839979198,0.04810297779622525,1
CRM,2025-02-11,2025-02-11,323.85797901916504,324.5621938934326,1.8335131119952646,593.7978509559264,-1.8856306501904168,-0.0031755430693372016,1
NKE,2025-02-11,2025-02-11,70.53471469497681,71.37566633605957,8.41851921459908,593.7978509559264,-7.676905183734219,-0.012928482599550572,1
TSLA,2025-02-12,2025-02-12,329.77503244018556,336.6782647705078,1.8088524724762631,596.5143827903695,-13.089686716006193,-0.021943622976491158,1
BA,2025-02-12,2025-02-12,178.2508263397217,186.343125,3.3464887374687096,596.5143827903695,-27.690841102808214,-0.04642107868929539,1
TSLA,2025-02-13,2025-02-13,344.82750000000004,356.1179724426269,1.7118931247076545,590.3078264601288,-19.928054016768936,-0.033758749458347115,1
ORCL,2025-02-14,2025-02-14,174.162875,174.24708366394043,3.371983525597111,587.2743452706289,-0.8713665479040145,-0.001483746999883793,1
AVGO,2025-02-19,2025-02-19,227.73608110046385,228.8443607254028,2.577982337605757,587.0995947125481,-3.445653455582591,-0.0058689419761388684,1
AVGO,2025-02-20,2025-02-20,228.53566889953618,226.85337549591065,2.5665084012878903,586.5387142246072,3.7332402496884125,0.006364865880377024,1
AVGO,2025-02-21,2025-02-21,225.53716889953617,218.7693336639404,2.6029177927652034,587.0547098584935,17.037872102753667,0.029022630798517156,1
TSLA,2025-02-24,2025-02-24,337.9709446411133,330.6952637786865,1.7444291319087197,589.5663615706673,12.108689244142813,0.020538297354489463,1
AMD,2025-02-24,2025-02-24,111.43425286483763,108.16405561065673,5.290710409175285,589.5663615706673,16.72075112450703,0.028361100996266434,1
AVGO,2025-02-24,2025-02-24,218.49070610046385,208.03395767211913,2.698358992439613,589.5663615706673,27.64060282230876,0.04688293739939855,1
UNH,2025-02-24,2025-02-24,466.44665267944345,461.7507490081787,1.2639523902336491,589.5663615706673,5.348800007366211,0.00907243078305289,1
NVDA,2025-02-24,2025-02-24,136.49171755981445,130.3451387786865,4.319429575001889,589.5663615706673,25.973422667798573,0.04405512994093256,1
TSLA,2025-02-25,2025-02-25,326.8564790191651,302.9513877868652,1.84335986201965,602.5141140649968,43.4852044043122,0.07217292240828933,1
AVGO,2025-02-25,2025-02-25,206.8965,202.64126328277587,2.9121522793522208,602.5141140649968,11.795579139835155,0.019577266099633138,1
AMD,2025-02-25,2025-02-25,107.83605438995362,104.01197908401488,5.587316018501592,602.5141140649968,20.774486257369283,0.03447966740100003,1
NVDA,2025-02-25,2025-02-25,129.9150057296753,126.69331225204466,4.637756128947081,602.5141140649968,14.346385271741063,0.023810870047425037,1
UNH,2025-02-25,2025-02-25,460.53960401916504,470.61519488525386,1.3082786123208712,602.5141140649968,-13.79078499068282,-0.02288873350640733,1
TSLA,2025-02-26,2025-02-26,303.5581364593506,290.94538778686524,2.0219514091884663,613.7798017846086,24.901336332763115,0.04057047211452821,1
AVGO,2025-02-26,2025-02-26,206.8065486602783,213.04647244262694,2.967893452894794,613.7798017846086,-19.142468456449713,-0.031187843589495157,1
AMD,2025-02-26,2025-02-26,104.89752194976809,104.7923678627014,5.851232616138703,613.7798017846086,0.001808862692303126,2.9470873545263765e-06,1
NVDA,2025-02-26,2025-02-26,129.9250104904175,131.34563877868652,4.7241081564498115,613.7798017846086,-7.328337086521609,-0.011939684338282143,1
UNH,2025-02-26,2025-02-26,464.4176688995362,463.82179133605956,1.3216116502177757,613.7798017846086,0.17413268757447137,0.00028370547070491426,1
TSLA,2025-02-27,2025-02-27,291.01442366027834,282.0909872131347,2.107595209527978,613.3406052099481,18.20305479927156,0.02967854181615875,1
NVDA,2025-02-27,2025-02-27,134.9325,120.21007652664184,4.545536510551187,613.3406052099481,66.34143347344639,0.10816409823500524,1
AVGO,2025-02-27,2025-02-27,217.17135877990725,197.89890305328368,2.8242241916971165,613.3406052099481,53.843609959180256,0.08778745366247104,1
AMD,2025-02-27,2025-02-27,105.02746183013915,99.55975713729859,5.839811745635665,613.3406052099481,31.332990664751037,0.05108579213343567,1
TSLA,2025-02-28,2025-02-28,279.36025,293.1265009918213,2.2859901018948916,638.6147663628824,-32.12386303062078,-0.050302411911920815,1
NVDA,2025-02-28,2025-02-28,117.96098664474488,124.9824581680298,5.413779458170821,638.6147663628824,-38.670319414403586,-0.06055343761410899,1
AVGO,2025-02-28,2025-02-28,195.66211450958255,199.52970767211912,3.2638651992673124,638.6147663628824,-13.268229145854248,-0.020776577437163102,1
AMD,2025-02-28,2025-02-28,99.51021755981448,99.90993061065673,6.417579842783664,638.6147663628824,-3.205087779554669,-0.00501881251166283,1
ORCL,2025-02-28,2025-02-28,163.0284456100464,166.14302755737305,3.917198400396996,638.6147663628824,-12.845150406047205,-0.02011408298496524,1
TSLA,2025-03-03,2025-03-03,300.1898263397217,284.7923188934326,2.0765473499210994,623.3583883590242,31.366281721264546,0.05031821550334074,1
AMD,2025-03-03,2025-03-03,101.46923664474488,98.27911835861205,6.143323917390562,623.3583883590242,18.984370543129028,0.030454985282390958,1
TSLA,2025-03-04,2025-03-04,270.7945276794434,272.1760285491943,2.3295060201038034,630.8174824404293,-3.8506411826003095,-0.0061042080947145295,1
NVDA,2025-03-04,2025-03-04,110.59467652511597,116.04799286270139,5.703868416281059,630.8174824404293,-31.751368803794378,-0.050333685555065115,1
AVGO,2025-03-04,2025-03-04,189.12539122009278,187.5737357254028,3.335445750413924,630.8174824404293,4.547232974792619,0.0072084764632724535,1
AMD,2025-03-04,2025-03-04,95.952,100.80037499999999,6.574302593384498,630.8174824404293,-32.52143916080904,-0.05155443542083533,1
ORCL,2025-03-04,2025-03-04,159.1403912200928,157.54873622131348,3.9639055654199207,630.8174824404293,5.6815072105032955,0.009006578556642686,1
TSLA,2025-03-05,2025-03-05,272.78355342102054,279.23955610656736,2.2798175027083762,621.896719540228,-15.347763893542172,-0.024678959401633227,1
NVDA,2025-03-05,2025-03-05,117.52121183013915,117.35865305328367,5.291782733138378,621.896719540228,0.23875912180791964,0.00038392085744468264,1
AVGO,2025-03-05,2025-03-05,191.76407061004642,191.6757918319702,3.243030446536877,621.896719540228,-0.335462809073446,-0.0005394188432469232,1
ORCL,2025-03-05,2025-03-05,157.98096755981447,161.64077755737304,3.936529375317103,621.896719540228,-15.036049757790481,-0.024177728046076083,1
BA,2025-03-05,2025-03-05,159.88002671051026,163.24158366394042,3.889771176147455,621.896719540228,-13.704121907643103,-0.02203600931964176,1
TSLA,2025-03-06,2025-03-06,271.9239675598144,263.5817372131348,2.261793316354787,615.0358123834642,18.262799229649406,0.02969387938382825,1
NVDA,2025-03-06,2025-03-06,113.47323377990723,110.62528469467162,5.420095928317228,615.0358123834642,14.828839507177323,0.024110530165244747,1
AVGO,2025-03-06,2025-03-06,180.94947328948976,179.5397219467163,3.398936737436681,615.0358123834642,4.179015645034745,0.006794751721594387,1
ORCL,2025-03-06,2025-03-06,157.08142366027832,151.01547244262696,3.9153949464680733,615.0358123834642,23.14743422810209,0.03763591283960886,1
BA,2025-03-06,2025-03-06,161.33928816986085,158.50920767211915,3.8120647448000615,615.0358123834642,10.17880850304909,0.016549944406656403,1
TSLA,2025-03-07,2025-03-07,259.19034732055667,262.80134843444824,2.4128780835626875,625.3947085207722,-9.34265660867392,-0.014938816209001565,1
NVDA,2025-03-07,2025-03-07,111.19437500000001,112.74634744262693,5.624337638668972,625.3947085207722,-9.358576140275998,-0.014964271383765887,1
AVGO,2025-03-07,2025-03-07,187.63613072967527,195.05748671722412,3.3330185721094914,625.3947085207722,-25.373279803925435,-0.040571625340323256,1
ORCL,2025-03-07,2025-03-07,150.54468511962892,155.23758366394043,4.154213136277831,625.3947085207722,-20.130443138908735,-0.03218838097706756,1
META,2025-03-07,2025-03-07,625.0573101196289,625.9728031311034,1.0005397879453304,625.3947085207722,-1.541839885678679,-0.0024653868423759897,1
TSLA,2025-03-10,2025-03-10,252.41372328948975,222.26106889343262,2.4376573434669413,615.2981661684572,72.92329216710775,0.11851699903676083,1
NVDA,2025-03-10,2025-03-10,109.84505152511598,107.03349335861205,5.601510105603344,615.2981661684572,15.14154780173599,0.024608472175407906,1
BA,2025-03-10,2025-03-10,149.95498377990722,148.22406889343262,4.10321918390886,615.2981661684572,6.490576163311527,0.010548668142031366,1
META,2025-03-10,2025-03-10,607.7659723205567,598.2889852294921,1.0123932470571548,615.2981661684572,8.983936786139822,0.014600948418364353,1
NFLX,2025-03-10,2025-03-10,87.4632502822876,86.71133326721191,7.034933691379895,615.2981661684572,4.677033019480563,0.00760124647958089,1
TSLA,2025-03-11,2025-03-11,225.19734255981444,230.6952918319702,2.8033185475052025,631.2998872468105,-16.051509306707693,-0.025426124146339754,1
NVDA,2025-03-11,2025-03-11,106.93650286483764,108.8143821372986,5.903502268488636,631.2998872468105,-11.72290746444033,-0.01856947498528095,1
AVGO,2025-03-11,2025-03-11,187.95597805023195,190.18504133605958,3.3587646096475483,631.2998872468105,-8.1219422137879,-0.012865426365287118,1
ORCL,2025-03-11,2025-03-11,143.34828816986084,144.25208267211914,4.403958326302093,631.2998872468105,-4.613563347395083,-0.007308037654680242,1
MS,2025-03-11,2025-03-11,111.65414408493042,112.09602091598511,5.654065887304714,631.2998872468105,-3.1309498044618427,-0.004959528534238086,1
TSLA,2025-03-12,2025-03-12,247.09639122009278,248.21404133605958,2.527422662406699,624.5170189685741,-3.4507036378203986,-0.005525395678598855,1
ORCL,2025-03-12,2025-03-12,146.1568807296753,150.96544438934325,4.2729224642091985,624.5170189685741,-21.181410010784756,-0.03391646563254125,1
MS,2025-03-12,2025-03-12,114.94250000000001,114.05699999999999,5.433299423351451,624.5170189685741,4.189075213728942,0.006707703851926152,1
GS,2025-03-12,2025-03-12,543.7280000000001,535.9778769836425,1.1485835178040749,624.5170189685741,8.281597370352445,0.013260803338922583,1
BA,2025-03-12,2025-03-12,156.9215,158.87940305328368,3.9798053100981963,624.5170189685741,-8.420486023568465,-0.013483197043173273,1
TSLA,2025-03-13,2025-03-13,248.0059398803711,240.80033267211914,2.50476071792026,621.1955360232471,17.436150508911332,0.02806869898089354,1
ORCL,2025-03-13,2025-03-13,149.71509828948976,147.73383366394043,4.149184304859492,621.1955360232471,7.6035468681233995,0.012240182723783855,1
MS,2025-03-13,2025-03-13,113.94300000000001,111.73584030532837,5.4518095541037805,621.1955360232471,11.417835281975835,0.018380420688580968,1
GS,2025-03-13,2025-03-13,535.4021479187012,525.072402557373,1.1602410233841147,621.1955360232471,11.3697912904661,0.018303079515433942,1
BAC,2025-03-13,2025-03-13,39.95001622009278,39.689833168029786,15.549318743726019,621.1955360232471,3.4264965068237943,0.005515970911123167,1
ADBE,2025-03-14,2025-03-14,379.560125,394.9373602294922,1.6562610752794005,628.6506607656837,-26.110101174866656,-0.041533561967572075,1
AAPL,2025-03-14,2025-03-14,211.14437500000003,213.59675049591067,2.9773497909460462,628.6506607656837,-7.933881120671482,-0.012620492772580842,1
LLY,2025-03-14,2025-03-14,802.7084303588867,813.8867204589843,0.7831619016192682,628.6506607656837,-9.387438797875758,-0.014932679441459663,1
JPM,2025-03-14,2025-03-14,228.00593511962893,232.55622244262693,2.7571679677366583,628.6506607656837,-13.18083006495945,-0.020966859477894235,1
DIS,2025-03-14,2025-03-14,97.39128244018553,98.68931938934325,6.4548966294984345,628.6506607656837,-9.011534336012318,-0.014334724988654991,1
ADBE,2025-03-17,2025-03-17,393.9229351196289,399.53966633605955,1.5702851847300718,618.5713489437386,-9.44285109962359,-0.015265581110001352,1
AAPL,2025-03-17,2025-03-17,213.20334255981444,214.107,2.9013210652182795,618.5713489437386,-3.2416826160787915,-0.005240596127858542,1
COST,2025-03-17,2025-03-17,901.179189880371,917.0682903442381,0.6864021671714947,618.5713489437386,-11.530337498244098,-0.01864027087244357,1
WMT,2025-03-17,2025-03-17,85.08743225479127,87.50372908401489,7.269832130924446,618.5713489437386,-18.193426712047984,-0.029412010018108267,1
TSLA,2025-03-18,2025-03-18,228.0459236602783,225.422652557373,2.683777561233209,612.0245328501562,6.431771728220101,0.010509009660556876,1
META,2025-03-18,2025-03-18,599.7499627990723,582.6511653442383,1.0204661455813981,612.0245328501562,16.84544377192769,0.027524131579300615,1
ADBE,2025-03-18,2025-03-18,395.1623053588867,391.56568011474604,1.5487927986813292,612.0245328501562,4.9611879584692495,0.008106191324333581,1
TSLA,2025-03-19,2025-03-19,231.49419561004643,235.97793061065676,2.6615033963396657,616.1225878490575,-12.555565258226673,-0.020378355713364358,1
TSLA,2025-03-20,2025-03-20,233.23333110046386,236.37812450408939,2.6333845208499587,614.1930438662348,-8.899784039379945,-0.014490206504712923,1
NVDA,2025-03-20,2025-03-20,116.49172805023193,118.58926377868652,5.2724176569978525,614.1930438662348,-11.6788069969595,-0.019014879952797104,1
META,2025-03-20,2025-03-20,582.4686297607423,586.293,1.0544654466945693,614.1930438662348,-4.648875649666904,-0.007569078966448508,1
AVGO,2025-03-21,2025-03-21,188.11590171051026,191.7558336639404,3.2441209109881823,610.2707304284639,-12.424554284807579,-0.020359086001198918,1
META,2025-03-21,2025-03-21,583.1282729187012,596.5481249999999,1.0465462896763829,610.2707304284639,-14.661789382319347,-0.024025057488871335,1
ADBE,2025-03-21,2025-03-21,383.9379398803711,387.4536397705078,1.5895035812783036,610.2707304284639,-6.201282405283458,-0.010161526837326133,1
NKE,2025-03-24,2025-03-24,68.52571755981445,67.42369438934325,8.830849163674113,605.140275603256,9.131526017898478,0.015089932675189047,1
AVGO,2025-03-25,2025-03-25,190.79455438995362,188.35412450408938,3.178626459881835,606.4646189852705,7.1546289972135355,0.01179727353128131,1
NKE,2025-03-25,2025-03-25,67.52621755981446,66.5732709159851,8.981172660057059,606.4646189852705,7.956393014240042,0.01311930286642704,1
NKE,2025-03-26,2025-03-26,66.34680725479126,65.77286786270142,9.173618562484595,608.6403025941407,4.659093308952855,0.007654920794917643,1
AVGO,2025-03-27,2025-03-27,177.57117366027833,172.07600049591065,3.431263678717716,609.2935185677891,18.25552226263493,0.029961786407225417,1
NVDA,2025-03-27,2025-03-27,111.29432347488404,111.48571530532837,5.474614513518197,609.2935185677891,-1.6576139095334992,-0.002720550701786393,1
ORCL,2025-03-27,2025-03-27,145.77708110046387,145.85288877868652,4.179624903779544,609.2935185677891,-0.9262996021947623,-0.0015202846804806501,1
NKE,2025-03-27,2025-03-27,65.46725,65.83290305328369,9.306844545445074,609.2935185677891,-4.01407118110858,-0.006588074645113726,1
AVGO,2025-03-28,2025-03-28,171.84402767944337,169.20455511474609,3.554731400309014,610.8593611476887,8.77644795283891,0.014367378992686027,1
NVDA,2025-03-28,2025-03-28,111.43425286483763,109.72483316802979,5.481791688311677,610.8593611476887,8.764508665992706,0.014347833926168962,1
AMD,2025-03-28,2025-03-28,105.47723377990724,103.27161122131348,5.791385868369764,610.8593611476887,12.16913876130817,0.019921342841410616,1
META,2025-03-28,2025-03-28,600.0098425598145,577.0283602294921,1.0180822343540017,610.8593611476887,22.797878037913726,0.0373209931580337,1
ORCL,2025-03-28,2025-03-28,143.70810877990723,140.94043011474608,4.250695150982996,610.8593611476887,11.15958119947267,0.01826865872777318,1
TSLA,2025-03-31,2025-03-31,249.18534255981444,259.2895836639404,2.488831869920355,620.1804220798872,-25.780511582028435,-0.041569373466464526,1
AVGO,2025-03-31,2025-03-31,164.4077604904175,167.51370767211912,3.7722089287630336,620.1804220798872,-12.34232025400667,-0.019901176842400906,1
NVDA,2025-03-31,2025-03-31,105.07743225479125,108.43418725204465,5.902127685953314,620.1804220798872,-20.44208302463347,-0.032961509742724944,1
AMD,2025-03-31,2025-03-31,100.18987786483764,102.79136786270139,6.190050684726346,620.1804220798872,-16.731587042136436,-0.026978579855881347,1
META,2025-03-31,2025-03-31,563.21825,576.6481653442382,1.1011369430587292,620.1804220798872,-15.415750437735733,-0.024856880173734323,1
TSLA,2025-04-01,2025-04-01,263.6680877990723,268.59422145080566,2.299637478436856,606.3410165705261,-11.940326746670275,-0.01969242789182388,1
NVDA,2025-04-01,2025-04-01,108.46573664474488,110.20507652664185,5.590161790505879,606.3410165705261,-10.334393960728201,-0.017043864225415078,1
AVGO,2025-04-01,2025-04-01,166.2868101196289,168.60426427459717,3.6463566541105483,606.3410165705261,-9.06083052732446,-0.01494345637142058,1
AMD,2025-04-01,2025-04-01,102.10892366027832,102.83138877868652,5.93817851403325,606.3410165705261,-4.898612923262193,-0.008078973365464901,1
META,2025-04-01,2025-04-01,570.554606842041,586.293,1.0627221466610515,606.3410165705261,-17.340242747873194,-0.0285981688092781,1
AVGO,2025-04-02,2025-04-02,165.99696183013916,172.17604133605957,3.6029423132781937,598.0774776534336,-22.8720759201487,-0.03824266382657921,1
AMD,2025-04-02,2025-04-02,101.46923664474488,103.01147908401488,5.894175391772873,598.0774776534336,-9.692870035063272,-0.01620671300496618,1
ADBE,2025-04-02,2025-04-02,378.09085877990725,385.9728887786865,1.5818353281098076,598.0774776534336,-13.072385023698438,-0.021857343759186763,1
META,2025-04-02,2025-04-02,574.622518157959,584.2219576721191,1.0408180305405765,598.0774776534336,-10.5943428419396,-0.017713997329420715,1
BA,2025-04-02,2025-04-02,166.31679389953615,168.64427755737304,3.5960137496078897,598.0774776534336,-8.971925544840351,-0.015001276389878186,1
BA,2025-04-03,2025-04-03,159.92000000000002,150.98545866394042,3.677292763221985,588.07265869446,32.28327900120408,0.05489675216813172,1
AVGO,2025-04-04,2025-04-04,148.09591316986084,146.36313828277588,4.003291059188353,592.8710450952385,6.347399569064606,0.010706206048644125,1
AMD,2025-04-04,2025-04-04,90.05494847488404,85.80288213729858,6.583436614375365,592.8710450952385,27.414334773124654,0.046239962298581856,1
NKE,2025-04-04,2025-04-04,53.19339122009278,57.278625,11.145577138373778,592.8710450952385,-46.14792541145257,-0.07783804892013134,1
NVDA,2025-04-04,2025-04-04,98.86054866027833,94.35715255737306,5.997043847415457,592.8710450952385,26.427696378253263,0.04457579198189369,1
BA,2025-04-04,2025-04-04,143.22835305023193,136.65829133605956,4.139341355739191,592.8710450952385,26.61645498221878,0.04489417252269948,1
TSLA,2025-04-07,2025-04-07,223.66810877990724,233.40663828277587,2.676945836235355,598.7474124970091,-26.681298174258234,-0.04456185967132094,1
AVGO,2025-04-07,2025-04-07,144.4177604904175,154.21706938934327,4.14594029476546,598.7474124970091,-41.24641071221958,-0.06888783124791477,1
BA,2025-04-07,2025-04-07,131.98397805023194,138.92943061065674,4.536515881261975,598.7474124970091,-32.12265733333721,-0.053649763928621017,1
AMD,2025-04-07,2025-04-07,80.6396603050232,83.68181938934326,7.42497438893244,598.7474124970091,-23.197994677275698,-0.03874420864806923,1
NVDA,2025-04-07,2025-04-07,87.41626908493042,97.68881938934325,6.84938191442703,598.7474124970091,-70.99454799271919,-0.11857178254289963,1
TSLA,2025-04-08,2025-04-08,244.87750000000003,221.97093061065675,2.3251889041820966,569.3864458838514,52.719345581582886,0.09258974456223192,1
AMD,2025-04-08,2025-04-08,86.10692652511597,78.24910408401489,6.612551032323407,569.3864458838514,51.416845574780474,0.09030219448755362,1
BA,2025-04-08,2025-04-08,146.7765811004639,139.45969438934324,3.8792731211944806,569.3864458838514,27.82900760436619,0.04887543039625324,1
AVGO,2025-04-08,2025-04-08,167.53618511962893,156.1080137786865,3.3985878661214706,569.3864458838514,38.28967782762581,0.06724725905301315,1
NVDA,2025-04-08,2025-04-08,103.75809255981447,96.34815305328367,5.487634090378169,569.3864458838514,40.11398171611642,0.0704512409912533,1
TSLA,2025-04-09,2025-04-09,224.57765744018556,272.33611221313475,2.6749243961292755,600.7282547123157,-128.41485917620753,-0.21376530597466978,1
AMD,2025-04-09,2025-04-09,79.18039122009277,96.88841633605956,7.586831101181465,600.7282547123157,-135.01569784287685,-0.22475336690719644,1
NVDA,2025-04-09,2025-04-09,98.84055438995362,114.38716683197019,6.077750761517128,600.7282547123157,-95.1364080809944,-0.15836845917386477,1
NKE,2025-04-09,2025-04-09,53.25335877990724,59.34965969467163,11.280570249006969,600.7282547123157,-69.40486385816153,-0.11553454213902259,1
BA,2025-04-09,2025-04-09,138.78058110046388,160.90041732788086,4.328618960583872,600.7282547123157,-96.39694492496899,-0.16046680702763477,1
ABBV,2025-04-10,2025-04-10,177.661125,174.2870969467163,2.937320505734258,521.8476655343172,9.393709423192437,0.018000865086891332,1
PFE,2025-04-10,2025-04-10,22.248870228767398,21.600795152664183,23.455018622005237,521.8476655343172,14.686365619413277,0.028143012969840498,1
AMT,2025-04-10,2025-04-10,207.646125,208.42416732788084,2.5131586998520548,521.8476655343172,-2.478169182623743,-0.004748836387121437,1
NKE,2025-04-11,2025-04-11,54.37280152511597,54.41719438934326,9.655020910520385,524.9705356885694,-0.953798875097151,-0.0018168617289084912,1
COP,2025-04-11,2025-04-11,83.25835305023193,86.43319438934326,6.305319724158379,524.9705356885694,-20.553369447118893,-0.03915147241580023,1
ABBV,2025-04-11,2025-04-11,173.72309255981446,175.1375280532837,3.0218811325144768,524.9705356885694,-4.8013635945274675,-0.009145967760323604,1
CVX,2025-04-11,2025-04-11,134.94248950958251,135.6978198852539,3.8903279285601906,524.9705356885694,-3.464922632880672,-0.006600223055063387,1
MRK,2025-04-11,2025-04-11,77.83106774520874,79.21959030532837,6.744999791177687,524.9705356885694,-9.895237705929977,-0.018849129681061137,1
TSLA,2025-04-15,2025-04-15,249.7850486602783,254.23705561065674,2.0770793555581535,518.8233678993529,-9.770618681195524,-0.018832264091641564,1
AMD,2025-04-15,2025-04-15,94.61267366027833,95.3376459159851,5.48365613006847,518.8233678993529,-4.496309671312439,-0.008666359207214203,1
NVDA,2025-04-15,2025-04-15,110.91451622009278,112.25609694671631,4.677686795025349,518.8233678993529,-6.797455564511461,-0.013101675801599797,1
AVGO,2025-04-15,2025-04-15,179.6401307296753,179.0394719467163,2.8881261987060385,518.8233678993529,1.2168223888311565,0.002345350005644328,1
NKE,2025-04-15,2025-04-15,54.6526603050232,54.85741683197021,9.493103629425102,518.8233678993529,-2.4635701844730993,-0.004748379384775533,1
META,2025-04-16,2025-04-16,508.2557547607422,502.561152557373,1.0138245057787036,515.2821393794915,5.260931788689809,0.010209808154858778,1
TSLA,2025-04-17,2025-04-17,243.3482662200928,241.49068011474608,2.120551919283548,516.0326329873416,3.425044701830543,0.0066372637753600375,1
AMD,2025-04-17,2025-04-17,88.79557633972169,87.54374999999999,5.811467803452954,516.0326329873416,6.762553310054097,0.013104894686417989,1
NVDA,2025-04-17,2025-04-17,104.39777194976809,101.54074286270139,4.9429468019263405,516.0326329873416,13.613171227333961,0.026380446423565417,1
AVGO,2025-04-17,2025-04-17,176.161875,171.07550049591063,2.9293093808597437,516.0326329873416,14.390981698682197,0.02788773573363375,1
META,2025-04-17,2025-04-17,504.99737500000003,501.73075099182125,1.0218521096022362,516.0326329873416,2.823643004364475,0.005471830314331574,1
TSLA,2025-04-21,2025-04-21,230.14486450958256,227.61374999999998,2.2680994031894928,521.9914298413108,5.221698288401497,0.010003417661452662,1
AMD,2025-04-21,2025-04-21,85.97698664474488,85.60277755737305,6.071292449433806,521.9914298413108,1.7510773432321813,0.003354609373116569,1
NVDA,2025-04-21,2025-04-21,98.72061164474488,96.95845866394042,5.287562760649666,521.9914298413108,8.800161797268085,0.016858824291317194,1
AVGO,2025-04-21,2025-04-21,166.9065104904175,166.29311171722412,3.127447984548689,521.9914298413108,1.3973405134854424,0.002676941485246691,1
META,2025-04-21,2025-04-21,491.08432157897954,484.9023336639404,1.0629364589831658,521.9914298413108,6.052354444219066,0.011594739105312564,1
TSLA,2025-04-22,2025-04-22,230.84452671051028,238.08898622131346,2.2754668927967936,525.2790779131112,-17.018049114839126,-0.032398109558161685,1
AMD,2025-04-22,2025-04-22,86.07694274520874,86.30313213729858,6.102436508089729,525.2790779131112,-1.9062756351467638,-0.0036290720786371954,1
NVDA,2025-04-22,2025-04-22,98.73060877990723,98.93944438934325,5.320326537072982,525.2790779131112,-1.636908249498773,-0.003116263941069325,1
AVGO,2025-04-22,2025-04-22,167.34627767944338,169.6647918319702,3.1388751826275962,525.2790779131112,-7.806444375117402,-0.014861517816646604,1
UNH,2025-04-22,2025-04-22,424.4276946411133,427.3935826721192,1.2376173481263413,525.2790779131112,-4.197748874926145,-0.007991464064404472,1
AMD,2025-04-23,2025-04-23,91.83405725479125,90.43519438934325,5.664535575055672,520.1972843214645,7.407673135865998,0.014240122659479907,1
NVDA,2025-04-23,2025-04-23,104.46773664474487,102.76135408401488,4.979501815861657,520.1972843214645,7.980986242918049,0.01534222973372169,1
AVGO,2025-04-23,2025-04-23,177.69110877990724,176.99845866394043,2.9275369369538584,520.1972843214645,1.5085753939561946,0.0029000062849692722,1
UNH,2025-04-23,2025-04-23,426.85647232055675,428.17397145080565,1.218670251134933,520.1972843214645,-2.1265970787499184,-0.0040880587862426295,1
CRM,2025-04-23,2025-04-23,252.48369561004642,250.6052357254028,2.060320303315323,520.1972843214645,3.3519668694928186,0.006443645460135496,1
UNH,2025-04-24,2025-04-24,427.3562223205567,424.46212499999996,1.2231496202067176,522.7206010243665,3.0189633944751275,0.005775481946873564,1
AMT,2025-04-24,2025-04-24,214.22283683013916,211.0154586639404,2.4400787925278027,522.7206010243665,7.307447969655434,0.013979644106880722,1
AMT,2025-04-25,2025-04-25,211.37425572967527,210.92541732788084,2.479919575963953,524.1911546388325,0.5894485259850828,0.0011244915538325187,1
PEP,2025-04-25,2025-04-25,135.40226622009277,133.4466948852539,3.871361752444924,524.1911546388325,7.050318277269007,0.01344989936376678,1
AMT,2025-04-28,2025-04-28,210.34477194976807,211.4056530532837,2.4971311914115955,525.2584909861247,-3.175742364601098,-0.006046056216319193,1
PEP,2025-04-28,2025-04-28,133.83304389953614,133.82687450408935,3.924729466516641,525.2584909861247,-0.5010331762814646,-0.0009538792516058536,1
UNH,2025-04-30,2025-04-30,408.82548377990724,411.645722442627,1.2832570539163846,524.6281858813444,-4.145528889123018,-0.007901841724646903,1
UPS,2025-04-30,2025-04-30,96.42176622009278,95.34765305328368,5.440972577538412,524.6281858813444,5.322514210042794,0.010145307387747923,1
AMZN,2025-05-01,2025-05-01,190.5346898803711,190.29509694671628,2.7539659039571958,524.7260394516002,0.13543464604790784,0.00025810544144036154,1
NKE,2025-05-01,2025-05-01,56.6516603050232,56.788378320693965,9.262324115946054,524.7260394516002,-1.791685776370044,-0.003414516608023807,1
COP,2025-05-01,2025-05-01,88.3857853050232,90.69532652664184,5.936769556787302,524.7260394516002,-14.242795661109765,-0.02714329876976402,1
UPS,2025-05-01,2025-05-01,94.80257347488404,94.64729847335815,5.534934551018442,524.7260394516002,0.33514064988893766,0.0006386964333601563,1
UNH,2025-05-02,2025-05-02,399.7600114593506,400.11997343444824,1.306368873194903,522.2340357185334,-0.9927122770797407,-0.001900895401644751,1
LLY,2025-05-02,2025-05-02,824.7074351196289,824.031805114746,0.6332355129583379,522.2340357185334,-0.09418720655009788,-0.000180354400724777,1
UNH,2025-05-05,2025-05-05,398.9204351196289,405.01240255737304,1.3085132265387585,521.992665690631,-8.497398343606225,-0.016278769611376823,1
LLY,2025-05-05,2025-05-05,816.5915,821.8707519836425,0.6392335282581695,521.992665690631,-3.8983548751944337,-0.007468217719183182,1
AAPL,2025-05-05,2025-05-05,202.99845610046384,198.98944438934325,2.5714119984848414,521.992665690631,9.791982560759125,0.018758850850526185,1
LLY,2025-05-06,2025-05-06,816.4815696411133,775.5075551147461,0.6386973951798622,521.4846517421444,25.66159669448447,0.04920872859585754,1
AAPL,2025-05-06,2025-05-06,198.11090171051026,198.60924950408938,2.6322864983178174,521.4846517421444,-1.833934717331174,-0.0035167568426117163,1
LLY,2025-05-07,2025-05-07,780.1097500000001,777.1083306884765,0.6729573349659532,524.9805783409561,1.4958564762278053,0.002849355838943627,1
AMZN,2025-05-07,2025-05-07,185.46721755981443,188.8043617172241,2.830584214548031,524.9805783409561,-9.97577118576281,-0.019002171884697616,1
AAPL,2025-05-07,2025-05-07,199.07041316986084,196.34812499999998,2.6371602388397406,524.9805783409561,6.657719096940021,0.0126818388557911,1
UNH,2025-05-08,2025-05-08,389.805,385.7427627868653,1.345773215759008,524.5891283689401,4.944994334146033,0.009426414057647513,1
TSLA,2025-05-08,2025-05-08,279.49018988037113,284.96241732788087,1.8769500589393764,524.5891283689401,-10.800822307317082,-0.020589108167184383,1
LLY,2025-05-08,2025-05-08,764.6175000000001,751.8257372131347,0.6860804629359648,524.5891283689401,8.255977495477955,0.015737988168278583,1
GOOGL,2025-05-08,2025-05-08,154.9225,154.3571387786865,3.386139059006536,524.5891283689401,1.3907597814253403,0.00265114106681835,1
LLY,2025-05-09,2025-05-09,751.6340047607422,734.9372923278809,0.6984787605413169,525.0003880259894,11.143129766696388,0.021224993392090146,1
GOOGL,2025-05-09,2025-05-09,154.09291316986085,152.82637499999998,3.4070378528522403,525.0003880259894,3.7923006705155786,0.007223424509788831,1
LLY,2025-05-12,2025-05-12,727.506060119629,755.9477923278808,0.7246152045065886,527.1619525333674,-21.146778208937743,-0.04011438630446159,1
GOOGL,2025-05-12,2025-05-12,157.41126049041748,158.5392367172241,3.3489468980235935,527.1619525333674,-4.306583204584671,-0.008169374105791672,1
MRK,2025-05-12,2025-05-12,75.88203816986085,80.47021530532837,6.947124316209364,527.1619525333674,-32.41773621588803,-0.06149483296375814,1
LLY,2025-05-13,2025-05-13,755.1722127990723,746.433027557373,0.6864165122393823,518.3626764496358,5.483357737498243,0.010578226378208398,1
UNH,2025-05-14,2025-05-14,321.28928720092773,308.1640147705078,1.6158220133398453,519.1463029095269,20.699561873307687,0.03987230913000465,1
LLY,2025-05-15,2025-05-15,725.3371622009278,733.6566230163573,0.7199580118482131,522.2123012178048,-6.514869600777761,-0.012475519220027972,1
UNH,2025-05-15,2025-05-15,274.7625438995361,274.4871811065674,1.9005949421138928,522.2123012178048,0.001402506910710144,2.685702553232627e-06,1
MRK,2025-05-15,2025-05-15,73.73311164474488,74.8374030532837,7.08246660922012,522.2123012178048,-8.347229882556517,-0.015984360887498602,1
ABBV,2025-05-15,2025-05-15,177.9309942703247,181.77083267211913,2.934914759282606,522.2123012178048,-11.797445499103736,-0.022591282265071053,1
UNH,2025-05-16,2025-05-16,279.15036354064944,292.05595866394043,1.8558346461930062,518.0569161561102,-24.48068280097881,-0.047254813202034056,1
LLY,2025-05-16,2025-05-16,739.63,757.7687096557617,0.7004271272881173,518.0569161561102,-13.229253635202932,-0.025536293836904315,1
ABBV,2025-05-16,2025-05-16,181.20935305023195,184.11201427459713,2.8588861857064454,518.0569161561102,-8.820584181317528,-0.017026283997450875,1
MRK,2025-05-16,2025-05-16,74.95250286483765,76.09802755737304,6.9118027598134475,518.0569161561102,-8.439656467822314,-0.016290983103638607,1
UNH,2025-05-19,2025-05-19,304.61760401916507,316.0479596557617,1.6731008510145073,509.65597251846526,-19.64335578437825,-0.03854238318313155,1
ABBV,2025-05-19,2025-05-19,184.12789122009278,185.80286171722412,2.7679455249354943,509.65597251846526,-5.148201177998107,-0.010101326101523481,1
META,2025-05-19,2025-05-19,627.935875,640.7502076721191,0.8116369725148531,509.65597251846526,-10.915442440402796,-0.021417275630979327,1
AMD,2025-05-20,2025-05-20,114.29282347488405,113.5667571372986,4.411346528026118,504.1852500142317,2.700346432518697,0.005355861625151616,1
META,2025-05-20,2025-05-20,635.6920047607422,637.4185255737304,0.7931281913856914,504.1852500142317,-1.8742222559742687,-0.003717328612690206,1
COP,2025-05-20,2025-05-20,90.11492366027832,89.73484744262694,5.594914022398169,504.1852500142317,1.6233717565833834,0.0032197922421125175,1
TSLA,2025-05-22,2025-05-22,331.7340438995362,341.2105285491943,1.520613401004192,504.4392327229476,-14.92171382017994,-0.029580795569038084,1
AMD,2025-05-22,2025-05-22,111.84405152511597,110.76535408401489,4.510201712512798,504.4392327229476,4.3631363849374045,0.008649478672357278,1
LLY,2025-05-22,2025-05-22,716.7414255981446,715.5576122131347,0.7037952805671533,504.4392327229476,0.32913962185596635,0.0006524861678170444,1
NVDA,2025-05-22,2025-05-22,132.1638807296753,132.8964168319702,3.8167707390093595,504.4392327229476,-3.301759554410401,-0.006545405948279644,1
UNH,2025-05-23,2025-05-23,295.95195610046386,295.71779232788083,1.697093771454799,502.2582213479613,-0.10466164245696585,-0.00020838213892462485,1
AMD,2025-05-23,2025-05-23,108.03595133972169,110.36515255737305,4.648991517357014,502.2582213479613,-11.336109142778298,-0.022570280905217305,1
LLY,2025-05-23,2025-05-23,709.6450000000001,714.0668769836425,0.7077598254732453,502.2582213479613,-3.633449916995964,-0.0072342268629162635,1
NEE,2025-05-23,2025-05-23,66.97649713516236,67.79388213729858,7.4990219380147005,502.2582213479613,-6.634911078203079,-0.01321015922924327,1
NVDA,2025-05-23,2025-05-23,129.935,131.35563828277589,3.865457508353879,502.2582213479613,-5.996420846617365,-0.011938920244101058,1
UNH,2025-05-27,2025-05-27,299.35025,295.1475,1.6633159371702482,497.9140416208981,6.496082263848896,0.0130465938311394,1
AMD,2025-05-27,2025-05-27,113.1234103050232,114.61727755737306,4.4015119441531585,497.9140416208981,-7.076476233095158,-0.014212244768310926,1
LLY,2025-05-27,2025-05-27,716.6715142822266,725.5825806884765,0.6947590795757771,497.9140416208981,-6.69205385821294,-0.013440179024531583,1
NEE,2025-05-27,2025-05-27,67.716125,68.0740209159851,7.35296122778582,497.9140416208981,-3.1308246328391167,-0.006287881785070976,1
NVDA,2025-05-27,2025-05-27,134.08291889953614,135.56775,3.7134785378141157,497.9140416208981,-6.014559409684248,-0.012079513544355141,1
UNH,2025-05-28,2025-05-28,293.853,298.25904034423826,1.68541634448106,495.26464907479294,-7.924990065902205,-0.016001525811920818,1
NEE,2025-05-28,2025-05-28,67.85605438995361,67.24360408401489,7.298754009901865,495.26464907479294,3.9770945393242485,0.008030241097873397,1
TSLA,2025-06-02,2025-06-02,343.32825,342.86134744262694,1.4405985381291666,494.5981750484451,0.17835727612279667,0.00036061046142219763,1
AMD,2025-06-02,2025-06-02,111.00446755981447,114.68731225204466,4.455660082166802,494.5981750484451,-16.912307011080383,-0.03419403439857789,1
TSLA,2025-06-03,2025-06-03,346.4267061004639,344.44212400817867,1.4202539359631818,492.01389286194427,2.3280059402120945,0.004731585782406589,1
TSLA,2025-06-04,2025-06-04,344.92745610046387,332.21601278686524,1.4273325709612865,492.3261927110114,17.660202601249097,0.03587093854178786,1
TSLA,2025-06-05,2025-06-05,322.32874523925784,284.8423622131348,1.5355077880794128,494.9382986367454,57.0944751014449,0.11535675307145461,1
TSLA,2025-06-06,2025-06-06,298.6805715789795,295.2875846557617,1.6856313983463571,503.4653495295644,5.218719605070921,0.010365598367290355,1
UNH,2025-06-06,2025-06-06,297.081395980835,303.37161122131346,1.6947050752449118,503.4653495295644,-11.168855071797514,-0.02218395979432078,1
TSLA,2025-06-09,2025-06-09,285.8170114593506,308.73427656555174,1.7581084724153728,502.497309407126,-40.8136807761824,-0.08122169017051381,1
AVGO,2025-06-09,2025-06-09,244.92747805023194,244.40213877868652,2.051616721028211,502.497309407126,0.5758364217250946,0.0011459492636975474,1
TSLA,2025-06-10,2025-06-10,314.78253244018555,326.25304133605954,1.5769180529477722,496.3862581575463,-18.59348283883646,-0.03745769052481534,1
AMD,2025-06-13,2025-06-13,115.99197805023192,116.21808366394042,4.255121906349559,493.560006762359,-1.456148010277019,-0.002950295790432895,1
AMD,2025-06-16,2025-06-16,118.58067938995362,126.45319438934325,4.160075402655385,493.3045675603103,-33.25993570155971,-0.06742271993557697,1
AVGO,2025-06-18,2025-06-18,250.76455438995362,251.38562450408938,1.9471594801361258,488.27857936250933,-1.6982058012114678,-0.0034779445033788397,1
ORCL,2025-06-20,2025-06-20,213.24333110046385,205.27258316802977,2.2884055744232086,487.98722759887545,17.761436925305986,0.03639733976788805,1
TSLA,2025-06-23,2025-06-23,327.3762385406494,348.85433267211914,1.4986269201534708,490.6148440956014,-32.69435872813593,-0.06663956282938127,1
ORCL,2025-06-23,2025-06-23,205.40723950958255,207.14351328277587,2.3884983083700586,490.6148440956014,-4.63977535772021,-0.00945706273170997,1
TSLA,2025-06-27,2025-06-27,324.3477547607422,323.7918198852539,1.495127142513533,484.9411317561087,0.3466677867172008,0.0007148657105282427,1
TSLA,2025-06-30,2025-06-30,319.74004389953615,317.81883366394044,1.5167220077432975,484.95676133923456,2.430442055413377,0.005011667532382844,1
ORCL,2025-06-30,2025-06-30,226.38675,218.7393198852539,2.1421605343035073,484.95676133923456,15.905257230804331,0.032797268743879546,1
TSLA,2025-07-01,2025-07-01,298.3107614593506,300.86034645080565,1.6346523012862006,487.6343727179663,-4.657403188811523,-0.009551014959942603,1
TSLA,2025-07-02,2025-07-02,312.4736898803711,315.8078188934326,1.5582085962120442,486.89918966169074,-5.684765312938613,-0.01167544623947418,1
AMD,2025-07-02,2025-07-02,135.46223377990722,138.58926427459716,3.5943537624869086,486.89918966169074,-11.732172840573751,-0.024095691859182488,1
TSLA,2025-07-03,2025-07-03,317.83099523925785,315.50768110656736,1.5234939993681444,484.2136140602146,3.057111303310844,0.0063135591700457135,1
AMD,2025-07-03,2025-07-03,139.0404456100464,137.97895866394043,3.482537846708596,484.2136140602146,3.2143031837727136,0.00663819250520494,1
AMD,2025-07-07,2025-07-07,136.49171755981445,134.86740305328368,3.5539276877997517,485.08169419116814,5.290500952412538,0.010906412292539696,1
TSLA,2025-07-08,2025-07-08,296.85150000000004,297.958902557373,1.6366394921601055,485.83888820696563,-2.2991638567021906,-0.004732358632688858,1
TSLA,2025-07-09,2025-07-09,297.40121279907225,296.0279448852539,1.6323321991286752,485.45757571184475,1.7572926727610394,0.003619868677884478,1
NKE,2025-07-09,2025-07-09,74.09293225479126,73.59677755737304,6.552009225960312,485.45757571184475,2.7669779843533724,0.0056997318051861656,1
TSLA,2025-07-10,2025-07-10,299.8999627990723,310.0249301147461,1.6207517771508,486.0633976740552,-16.90432719753139,-0.0347780295295288,1
NKE,2025-07-10,2025-07-10,73.08344274520874,74.65731274795532,6.6508005016761595,486.0633976740552,-10.958792549215948,-0.022546014782550455,1
NKE,2025-07-11,2025-07-11,73.65315744018555,72.66631225204468,6.541620711829975,481.8110202023919,5.976983685370768,0.012405244867292673,1
ORCL,2025-07-15,2025-07-15,232.2937986602783,235.0774867172241,2.0778489770817035,482.6714319286824,-6.2696468552589,-0.012989471596042745,1
NKE,2025-07-16,2025-07-16,71.86405152511597,72.13604847335814,6.702861504749006,481.6947845429989,-2.305764237261579,-0.004786774346019006,1
AMD,2025-07-23,2025-07-23,156.24184732055664,158.7293188934326,3.0805626088833558,481.3127927985689,-8.147956116819554,-0.016928609084839973,1
TSLA,2025-07-25,2025-07-25,308.5856202392578,316.218027557373,1.5556606317215367,480.05450092158605,-12.359426808771717,-0.025745882571759394,1
TSLA,2025-07-28,2025-07-28,318.29078720092775,325.75279133605954,1.5022884797191751,478.1645828127012,-11.693852472061954,-0.024455706031750322,1
TSLA,2025-07-29,2025-07-29,325.3872127990723,321.36061221313474,1.4640238579146132,476.374642598181,5.421612201169418,0.011380984033070193,1
UNH,2025-07-30,2025-07-30,264.6675877990723,266.1730285491943,1.8028356259943745,477.1521563301616,-3.192571404582431,-0.006690887512983085,1
TSLA,2025-08-01,2025-08-01,306.0568864593506,302.7813198852539,1.5573493206500837,476.6374842077495,4.62711449539537,0.00970782753917561,1
UNH,2025-08-01,2025-08-01,250.48469561004643,237.88888927459712,1.9028607039121337,476.6374842077495,23.503411458061148,0.049310875113248206,1
TSLA,2025-08-04,2025-08-04,308.9254465789795,309.4146397705078,1.5563158451410368,480.7855674781367,-1.2425053523463565,-0.002584323316657916,1
UNH,2025-08-04,2025-08-04,238.12088549041752,241.1004857254028,2.019081889805439,480.7855674781367,-6.499850469233585,-0.013519229587791566,1
AMD,2025-08-04,2025-08-04,174.52269561004638,176.86838877868652,2.754859852453828,480.7855674781367,-6.946072531908293,-0.014447339940636133,1
TSLA,2025-08-05,2025-08-05,308.79553720092775,308.87436122131345,1.5494852380625448,478.47412647243095,-0.6006718507928039,-0.0012553904538606516,1
UNH,2025-08-05,2025-08-05,241.03942366027832,251.1255,1.9850450984598844,478.47412647243095,-20.50980118552957,-0.04286501620628659,1
AMD,2025-08-07,2025-08-07,166.75657633972168,172.4861938934326,2.8498773171610736,475.2357843980118,-16.812107240277896,-0.0353763495768191,1
AMD,2025-08-08,2025-08-08,173.95297328948976,172.84637450408934,2.7172764954210726,472.6783256281402,2.535760011236649,0.005364663183713551,1
LLY,2025-08-08,2025-08-08,654.6725,625.9628494262695,0.7220073023200764,472.6783256281402,20.26626332434372,0.04287538104780236,1
LLY,2025-08-11,2025-08-11,629.1052729187012,635.5375806884765,0.7566741972629274,476.02772737963306,-5.345622626281585,-0.01122964549923883,1
LLY,2025-08-12,2025-08-12,639.18025,639.7497076721191,0.7434368973480288,475.19018190613735,-0.8987577047598894,-0.0018913642137021631,1
ORCL,2025-08-15,2025-08-15,246.79653816986087,248.4041387786865,1.9247422695201746,475.0197289867804,-3.570783681722004,-0.007517127108254019,1
TSLA,2025-08-18,2025-08-18,329.45518511962894,335.3275836639404,1.4401002211653473,474.4484849548481,-8.935519348610072,-0.01883348694739839,1
ORCL,2025-08-18,2025-08-18,246.07689694976807,249.19454232788084,1.928049690303506,474.4484849548481,-6.4884291783042025,-0.013675729576671928,1
AVGO,2025-08-18,2025-08-18,302.54866220092777,305.9128897705078,1.5681724767956788,474.4484849548481,-5.752775409787585,-0.012125184487279077,1
AMD,2025-08-19,2025-08-19,173.01345610046388,166.63327805328368,2.723286593278825,471.16522545522787,16.912575639831818,0.03589521196835212,1
AMD,2025-08-20,2025-08-20,164.01795610046386,165.2825969467163,2.8878958479348706,473.6667744092935,-4.127643898955048,-0.00871423566515216,1
ORCL,2025-08-20,2025-08-20,232.06390267944337,235.177527557373,2.04110492386049,473.6667744092935,-6.832079461340665,-0.014423809797216414,1
AVGO,2025-08-20,2025-08-20,295.3122614593506,291.31559843444825,1.6039522777299011,473.6667744092935,5.939995216082803,0.012540451509377092,1
AMD,2025-08-21,2025-08-21,165.7770706100464,163.79186171722412,2.8520665639917904,472.80724016341946,5.191971639547021,0.01098115933620747,1
ORCL,2025-08-21,2025-08-21,232.93347805023194,233.2765836639404,2.0297951334477515,472.80724016341946,-1.169589562179908,-0.002473713308145736,1
TSLA,2025-08-21,2025-08-21,321.9189465789795,320.2700403442383,1.4687151694174083,472.80724016341946,1.9501772465479061,0.004124677206452789,1
AVGO,2025-08-21,2025-08-21,289.9149675598144,289.74480610656735,1.630847983265546,472.80724016341946,-0.19516102357453244,-0.0004127708017057388,1
AMD,2025-08-22,2025-08-22,162.08891316986086,167.84387450408934,2.9214336654857096,473.5320077364215,-17.29467616201276,-0.03652271837902742,1
ORCL,2025-08-22,2025-08-22,233.94296755981443,236.4881801147461,2.024134397693955,473.5320077364215,-5.627960215757034,-0.01188506821885139,1
TSLA,2025-08-22,2025-08-22,321.49917366027836,340.1800147705078,1.4728871690251781,473.5320077364215,-28.00206057118035,-0.05913446211384073,1
AVGO,2025-08-22,2025-08-22,291.604125,294.147,1.623886519905785,473.5320077364215,-4.604937112258966,-0.009724658601794405,1
AMD,2025-09-02,2025-09-02,158.34078816986084,162.40116732788084,2.9370859422906452,465.06050302491917,-12.396705889688079,-0.026656114223967606,1
TSLA,2025-09-02,2025-09-02,328.06589598083497,329.52466534423826,1.4175825915537628,465.06050302491917,-2.534020520704716,-0.00544879753112239,1
ORCL,2025-09-02,2025-09-02,221.889,225.4126530532837,2.0959150882870228,465.06050302491917,-7.854030742090956,-0.016888191302003808,1
AMD,2025-09-03,2025-09-03,161.72909255981446,162.2110698852539,2.8537732051403744,461.538150838866,-1.8376798546515474,-0.003981642365450143,1
ORCL,2025-09-03,2025-09-03,225.78704389953617,223.5617219467163,2.0441303578261434,461.538150838866,4.089584432937061,0.008860772236280057,1
TSLA,2025-09-03,2025-09-03,335.03241220092775,334.25704133605956,1.3775925374111846,461.538150838866,0.6071410388881977,0.0013154731364778665,1
TSLA,2025-09-04,2025-09-04,335.98191889953614,338.6992637786865,1.374666717513473,461.8631615975032,-4.199174448753841,-0.009091815061044568,1
AMD,2025-09-04,2025-09-04,159.86003244018556,161.87088828277587,2.8891721998762727,461.8631615975032,-6.27447681436737,-0.013585142388635328,1
ORCL,2025-09-04,2025-09-04,221.889,223.11149999999998,2.0815054446029464,461.8631615975032,-3.0077758878275525,-0.006512266268269126,1
AVGO,2025-09-04,2025-09-04,304.9074675598144,306.2530561065674,1.5147650049171015,461.8631615975032,-2.501132728457015,-0.00541531114931539,1
AMD,2025-09-08,2025-09-08,151.72410305023195,151.48570866394041,3.027384637199283,459.3272186671131,0.26274513973774805,0.0005720217070962795,1
NVDA,2025-09-08,2025-09-08,167.46622805023193,168.39415255737305,2.7428050659225254,459.3272186671131,-3.005715815666913,-0.006543735475526516,1
AMD,2025-09-09,2025-09-09,151.9140104904175,155.89791732788086,3.0204381577554824,458.8468739829236,-12.49800767491465,-0.027237861656173718,1
AMD,2025-09-10,2025-09-10,163.45822328948975,159.61976328277586,2.7954406338241315,456.93775931613766,10.278614408297752,0.02249456123670089,1
ORCL,2025-09-16,2025-09-16,313.9029675598144,306.8033188934326,1.46046813354218,458.4452811454336,9.915549760768673,0.02162864395941539,1
AVGO,2025-09-18,2025-09-18,349.82500000000005,345.52268110656735,1.314652269601838,459.898230213463,5.198983094237602,0.011304638184461983,1
AVGO,2025-09-19,2025-09-19,344.4776688995361,345.11247244262694,1.3372233584310376,460.6435853103327,-1.3099421482090672,-0.0028437216754610127,1
AMD,2025-09-19,2025-09-19,157.3013148803711,157.46869438934326,2.9284153515223683,460.6435853103327,-0.9510453872764449,-0.0020646013916284793,1
AVGO,2025-09-22,2025-09-22,342.25877767944337,338.9594035491943,1.344699889839687,460.2353406422134,3.978651022858377,0.008644818577614137,1
AVGO,2025-09-23,2025-09-23,340.06987023925785,339.10947244262695,1.3550086643103594,460.797620645094,0.8412003886421642,0.0018255311029265408,1
ADBE,2025-09-25,2025-09-25,351.73404866027835,354.3370836639404,1.3103344491024551,460.88924088184194,-3.87344110161853,-0.008404277553121627,1
ORCL,2025-09-26,2025-09-26,292.8535,283.60172145080566,1.5716856995854003,460.273658023533,14.087884827496925,0.030607627835996288,1
TSLA,2025-09-26,2025-09-26,428.08583779907235,440.6201938934326,1.075190107642777,460.273658023533,-13.94382774419079,-0.030294646458950438,1
ORCL,2025-09-29,2025-09-29,284.4577061004639,282.9013897705078,1.6179073924430234,460.22622553732543,2.0590084575260126,0.004473905099871415,1
ORCL,2025-09-30,2025-09-30,283.54815744018555,281.38061022949216,1.624064723242582,460.500559839039,3.0614965194913695,0.006648192828606917,1
AVGO,2025-09-30,2025-09-30,329.95493511962894,330.07495866394044,1.3956468318077413,460.500559839039,-0.6280947944393911,-0.0013639392635243096,1
ORCL,2025-10-01,2025-10-01,278.6605877990723,289.1545147705078,1.6536120111326167,460.796495013821,-17.822356620770023,-0.03867728338566348,1
TSLA,2025-10-06,2025-10-06,440.529625,453.47662499999996,1.0398587422663788,458.08858178357946,-13.927871243474389,-0.030404318722038148,1
TSLA,2025-10-10,2025-10-10,436.32173854064945,413.69673522949216,1.0450202320390347,455.9650444534245,23.199442958761146,0.05087987169404803,1
TSLA,2025-10-13,2025-10-13,423.31823377990725,436.1179438934326,1.0852609853743336,459.4107635189047,-14.357382286834405,-0.031251732495038945,1
AVGO,2025-10-13,2025-10-13,352.59360401916507,356.8783622131347,1.3029469572962917,459.4107635189047,-6.045014821427807,-0.013158191538929966,1
NKE,2025-10-13,2025-10-13,65.66714694976807,67.41368725204467,6.9960518289355536,459.4107635189047,-12.68440668280879,-0.027610164345413357,1
AMD,2025-10-14,2025-10-14,219.0903969497681,218.1990413360596,2.073775856239934,454.3443755284523,1.3950516113796765,0.003070471841446433,1
NKE,2025-10-14,2025-10-14,66.43676622009278,67.67381938934325,6.838749105025567,454.3443755284523,-8.918470577736205,-0.019629318768088735,1
AMD,2025-10-15,2025-10-15,222.59865171051027,238.71930610656733,2.035716333163098,453.1477110271695,-33.28663570608569,-0.07345647985429174,1
NVDA,2025-10-15,2025-10-15,184.70760305023194,179.9199168319702,2.453324625212825,453.1477110271695,11.298473660274947,0.024933312880835716,1
NVDA,2025-10-17,2025-10-17,180.08990267944336,183.31161122131346,2.4975387729774416,449.78151456364384,-8.500146684116114,-0.018898390460449544,1
ORCL,2025-10-20,2025-10-20,288.80553720092774,277.31858267211913,1.5528537412889791,448.4727589474341,17.398006337287438,0.03879389771213879,1
ORCL,2025-10-21,2025-10-21,277.97093035888673,275.2875688934326,1.6226474612246669,451.0488244411062,3.90527791986089,0.00865821549296778,1
ORCL,2025-10-22,2025-10-22,274.6825973205567,272.7963336639404,1.6440822675789346,451.60078746725225,2.6511224286690838,0.005870500012937487,1
AVGO,2025-10-22,2025-10-22,347.1263377990723,340.4701377868652,1.3009695269180441,451.60078746725225,8.21224235017615,0.018184738773892546,1
ORCL,2025-10-23,2025-10-23,272.8235114593506,280.21004232788084,1.6610098947922898,453.16255206595895,-12.728397963313812,-0.02808792982845847,1
AVGO,2025-10-23,2025-10-23,340.22979389953616,344.46215354919434,1.331930830842433,453.16255206595895,-6.093191461811461,-0.013445928914542308,1
AMD,2025-10-24,2025-10-24,243.23832061004643,253.04645816802977,1.8511529685786803,450.27133926938023,-18.615712477436634,-0.04134332091321398,1
TSLA,2025-10-27,2025-10-27,439.760020980835,452.64622343444825,1.0174758747949473,447.4452120473195,-13.56540102637938,-0.030317457112368818,1
CRM,2025-10-27,2025-10-27,256.9514465789795,255.59773622131345,1.741360938047055,447.4452120473195,1.9110317753912245,0.004270984969639419,1
ORCL,2025-10-30,2025-10-30,268.6056202392578,257.0184596557617,1.6590492018779195,445.6299398778642,18.787651412961647,0.04215976022192509,1
ORCL,2025-10-31,2025-10-31,259.3802547607422,262.7412903442383,1.7287926012639037,448.4146653443176,-6.261853381401683,-0.013964425932843845,1
TSLA,2025-10-31,2025-10-31,446.526625,456.788277557373,1.0042282816714851,448.4146653443176,-10.758608901002203,-0.02399254469686255,1
ORCL,2025-11-03,2025-11-03,265.1073702392578,257.97893110656736,1.68156144961126,445.7943338021554,11.547107561851163,0.02590232016492116,1
META,2025-11-03,2025-11-03,655.672,638.0288769836426,0.6799044854777319,445.7943338021554,11.555841962093004,0.025921913056933366,1
ORCL,2025-11-04,2025-11-04,249.85500572967527,248.29408316802977,1.797814319424404,449.1929070806767,2.358459150224641,0.005250437202030559,1
META,2025-11-04,2025-11-04,627.7259580383301,627.6336673278809,0.7155875925291084,449.1929070806767,-0.3831177987338671,-0.0008529026008530845,1
AVGO,2025-11-04,2025-11-04,358.34072901916505,352.1159724426269,1.2535357292769604,449.1929070806767,7.357663345048988,0.016379740706207378,1
ORCL,2025-11-05,2025-11-05,247.7860486602783,250.43515255737302,1.8180676104113573,450.4917893810645,-5.269149906299409,-0.011696439381367529,1
META,2025-11-05,2025-11-05,631.9938425598145,636.2679872131347,0.7128104089691792,450.4917893810645,-3.4986699151067944,-0.007766334476181362,1
AVGO,2025-11-05,2025-11-05,350.7145696411133,359.1595009918213,1.2844969339085437,450.4917893810645,-11.303403960647122,-0.02509125410737672,1
ORCL,2025-11-06,2025-11-06,247.81603244018555,243.92190305328367,1.8052897577122182,447.37974516114576,6.58616716816767,0.014721648083990343,1
AVGO,2025-11-06,2025-11-06,359.92993035888674,355.76779133605953,1.2429634421207,447.37974516114576,4.728593594560244,0.010569529903185512,1
NVDA,2025-11-06,2025-11-06,196.32178816986084,188.17404183197021,2.27880842636817,447.37974516114576,18.129056842039756,0.04052274837679495,1
AMD,2025-11-07,2025-11-07,230.82453244018555,233.65676328277587,1.9568789009731855,451.6956573591997,-5.99679960229898,-0.013276194943645816,1
TSLA,2025-11-07,2025-11-07,437.7010534210205,429.7347490081787,1.03197297294306,451.6956573591997,7.773425696354709,0.017209431991888922,1
ORCL,2025-11-07,2025-11-07,238.8805,239.37962450408938,1.8908854316664594,451.6956573591997,-1.3959548043562129,-0.0030904764781613005,1
NVDA,2025-11-07,2025-11-07,184.80754389953617,188.24406889343263,2.4441407954901853,451.6956573591997,-8.855246265129338,-0.01960445295600313,1
META,2025-11-07,2025-11-07,616.1817452392578,622.0208769836426,0.7330558895148871,451.6956573591997,-4.73424577719122,-0.010481052230764374,1
AMD,2025-11-10,2025-11-10,242.01892938995363,244.10198572540278,1.8574784604987093,449.5449483747969,-4.320711839614532,-0.009611301061739984,1
TSLA,2025-11-10,2025-11-10,439.3802061004639,445.45262599182126,1.0231342744466028,449.5449483747969,-6.665552318513663,-0.014827332267020439,1
ORCL,2025-11-10,2025-11-10,245.82702194976807,240.9504168319702,1.8287043662216118,449.5449483747969,8.47278305741647,0.018847465838616205,1
NVDA,2025-11-10,2025-11-10,195.01244561004643,199.1495280532837,2.305211582617257,449.5449483747969,-9.991163739951029,-0.022225060644260972,1
AMD,2025-11-11,2025-11-11,241.5391736602783,237.63876427459712,1.8528439150563472,447.534388164185,6.782928833222083,0.015156218187045014,1
TSLA,2025-11-11,2025-11-11,439.18029389953614,439.83980511474607,1.0190220152877802,447.534388164185,-1.1199268640161166,-0.0025024375637593553,1
ORCL,2025-11-11,2025-11-11,236.11188072967528,236.26806889343263,1.895433583355204,447.534388164185,-0.743726701217901,-0.0016618314053333779,1
ORCL,2025-11-12,2025-11-12,236.62163549041753,227.10350049591065,1.8940431346785944,448.1715842170462,17.58860053619344,0.03924523810879409,1
ORCL,2025-11-13,2025-11-13,224.87751049041754,217.67879232788084,2.0045413187187844,450.77626142865887,13.986566801186816,0.031027735925709055,1
META,2025-11-13,2025-11-13,612.7634723205567,610.1949596557616,0.735644798998141,450.77626142865887,1.4396814780802158,0.003193782817039632,1
TSLA,2025-11-14,2025-11-14,386.10683779907237,404.5521811065674,1.17330888210554,453.02258223133464,-22.10592876096931,-0.04879652721082452,1
ORCL,2025-11-14,2025-11-14,210.72458683013917,222.96143110656735,2.149832580269843,453.02258223133464,-26.773342670637746,-0.05909935557465437,1
NVDA,2025-11-14,2025-11-14,182.76857061004642,190.26508316802978,2.4786678624187526,453.02258223133464,-19.04367802230211,-0.04203692877406608,1
AVGO,2025-11-14,2025-11-14,331.3042662200928,342.63122145080564,1.3673913330484602,453.02258223133464,-15.949147184742127,-0.03520607539294309,1
META,2025-11-14,2025-11-14,601.4890830383301,609.7647519836426,0.7531684198538738,453.02258223133464,-6.689111571257451,-0.014765514642362079,1
TSLA,2025-11-17,2025-11-17,398.54062023925786,409.1244734344482,1.1021925877161611,439.26851753151146,-12.110545781016908,-0.027569801380423635,1
ORCL,2025-11-17,2025-11-17,218.10090171051027,219.96993061065675,2.0140609877650184,439.26851753151146,-4.205488879418282,-0.009573845407932283,1
AVGO,2025-11-17,2025-11-17,339.65009732055665,342.8213188934326,1.2932971931903687,439.26851753151146,-4.5426511426962985,-0.010341399306792856,1
META,2025-11-17,2025-11-17,608.7354580383301,602.3110147705078,0.7216082318369766,439.26851753151146,4.19898059507223,0.009559029221280378,1
CAT,2025-11-17,2025-11-17,552.3137318420411,552.3260127868652,0.7953242735184068,439.26851753151146,-0.449040734718674,-0.0010222465685500932,1
AMD,2025-11-18,2025-11-18,236.66160877990723,230.40513828277588,1.8445639839793182,436.5374799460205,11.109692895964558,0.025449573991535194,1
TSLA,2025-11-18,2025-11-18,405.1773148803711,401.450625,1.0773986200952748,436.5374799460205,3.580600619956157,0.008202275370258957,1
ORCL,2025-11-18,2025-11-18,216.10190171051028,220.60025049591067,2.020053856494078,436.5374799460205,-9.527987745155444,-0.02182627651200446,1
NVDA,2025-11-18,2025-11-18,183.2883148803711,181.45068061065675,2.381698365391926,436.5374799460205,3.942341401689033,0.00903093453092852,1
AVGO,2025-11-18,2025-11-18,343.02841220092773,340.67024999999995,1.2725986082176777,436.5374799460205,2.565956951873633,0.005877976278671246,1
AMD,2025-11-19,2025-11-19,230.14486450958256,223.66177805328368,1.9036895302586585,438.1243690096898,11.9098303335135,0.027183674718742012,1
NVDA,2025-11-19,2025-11-19,184.69759828948975,186.61326427459713,2.372117304541157,438.1243690096898,-4.984580894220288,-0.011377091179582495,1
AMZN,2025-11-19,2025-11-19,223.62813549041752,222.80134744262693,1.9591647895685447,438.1243690096898,1.1824995696735756,0.0026990043314559908,1
UNH,2025-11-19,2025-11-19,313.7730276794434,309.24454133605957,1.3963098493516344,438.1243690096898,5.888207299953444,0.013439579526842564,1
CRM,2025-11-19,2025-11-19,231.88400000000001,227.99394488525388,1.8894118137072407,438.1243690096898,6.915466678808816,0.01578425480974757,1
AMD,2025-11-20,2025-11-20,232.58364694976808,206.12301427459712,1.896508166435002,441.09678581947054,49.76680057465785,0.11282512630918627,1
AMZN,2025-11-20,2025-11-20,226.93647805023195,217.24856938934326,1.943701557410416,441.09678581947054,18.398721567975855,0.0417113027332418,1
CRM,2025-11-20,2025-11-20,229.135375,225.48268011474607,1.9250488311526341,441.09678581947054,6.594035041605532,0.01494917953064455,1
UNH,2025-11-20,2025-11-20,310.65459255981443,311.6957785491943,1.419894623751749,441.09678581947054,-1.9202103616599155,-0.004353263100959906,1
AMD,2025-11-21,2025-11-21,208.70559255981445,203.88188877868652,2.165204838378258,451.8903588071116,9.997638560377485,0.022124035986890694,1
TSLA,2025-11-21,2025-11-21,402.1188473205567,391.28554133605957,1.1237731377631215,451.8903588071116,11.728374988868518,0.025954027919136792,1
ORCL,2025-11-21,2025-11-21,206.97646183013916,198.85937450408937,2.183293476037713,451.8903588071116,17.27895443648748,0.03823705042546164,1
NVDA,2025-11-21,2025-11-21,181.14938549041753,178.9694448852539,2.494572960232403,451.8903588071116,4.988849540191035,0.011039955694917834,1
AMZN,2025-11-21,2025-11-21,216.24183110046386,220.80034744262693,2.0897453397773336,451.8903588071116,-9.98279171028238,-0.022091181003805197,1
AMD,2025-11-24,2025-11-24,207.0564236602783,215.15752805328367,2.2062708595045732,456.8225537949053,-18.338989721163156,-0.04014466792153309,1
ORCL,2025-11-24,2025-11-24,196.76157061004642,200.3801387786865,2.321706176559563,456.8225537949053,-8.862275247262124,-0.019399819850490406,1
TSLA,2025-11-24,2025-11-24,401.9689284210205,417.9888887786865,1.1364623519269412,456.8225537949053,-18.67200742055727,-0.04087365491358871,1
CRM,2025-11-24,2025-11-24,227.2263263397217,226.93341732788085,2.010429694277232,456.8225537949053,0.13234485781892893,0.0002897073638757914,1
AMD,2025-11-25,2025-11-25,201.37925572967526,206.23306988525388,2.233717501185531,449.82436789909224,-11.29729501953053,-0.025114902227939814,1
ORCL,2025-11-25,2025-11-25,193.98296183013917,197.1285137786865,2.318885966350901,449.82436789909224,-7.747647725948198,-0.01722371725243263,1
NVDA,2025-11-25,2025-11-25,174.82254866027833,177.90891732788086,2.5730340356335133,449.82436789909224,-8.395126661967382,-0.018663121122532506,1
NFLX,2025-11-25,2025-11-25,106.06694274520876,104.45220152664184,4.240947803875601,449.82436789909224,6.401632873422051,0.014231405255613254,1
ORCL,2025-11-26,2025-11-26,209.39525,205.06248671722412,2.1324918072812973,446.53365510861903,8.79766833940188,0.01970213944402881,1
NVDA,2025-12-01,2025-12-01,174.67261450958253,180.00995816802978,2.5637666018380276,447.8198153353962,-14.138365081101487,-0.03157154863840161,1
GOOGL,2025-12-02,2025-12-02,316.5816202392578,315.96790255737295,1.4077427291902396,445.6654740870808,0.41872310866403,0.0009395457647280382,1
MRK,2025-12-02,2025-12-02,101.47923377990723,101.08051377868652,4.391691358782431,445.6654740870808,1.306265237439598,0.002931044277359391,1
AVGO,2025-12-03,2025-12-03,379.81,380.80029034423825,1.1738958229585406,445.8573725178833,-1.6089363199846451,-0.00360863455256672,1
MRK,2025-12-03,2025-12-03,101.84905152511597,102.32113164138794,4.37762910740445,445.8573725178833,-2.5134823263659376,-0.005637413400100549,1
AVGO,2025-12-04,2025-12-04,380.48965267944345,381.2205137786865,1.1699979959510318,445.172131115053,-1.300705705558698,-0.002921803982429744,1
NFLX,2025-12-04,2025-12-04,103.5182146949768,103.27161122131348,4.300423190515619,445.172131115053,0.6158574155369302,0.0013834141279112646,1
NFLX,2025-12-05,2025-12-05,98.73060877990723,100.2901178627014,4.507240799496067,445.0026280518825,-7.477600134689009,-0.016803496571299353,1
NFLX,2025-12-08,2025-12-08,99.82006774520876,96.8383959159851,4.446476774264455,443.8476128345752,12.82071589155559,0.028885400125682217,1
NFLX,2025-12-09,2025-12-09,96.98148377990724,96.75835408401488,4.5961086000593285,445.73743164734594,0.5803036467292332,0.0013018957025542157,1
NFLX,2025-12-10,2025-12-10,96.69162786483764,92.75635408401489,4.610441014708531,445.79104688698175,17.70662827014696,0.03971956905324749,1
TSLA,2025-12-10,2025-12-10,445.84697232055674,451.6757372131348,0.999874563612524,445.79104688698175,-6.2767388171301715,-0.014080001967202964,1
NFLX,2025-12-11,2025-12-11,93.85305152511597,94.13704133605957,4.767438611499621,447.43866164790126,-1.8020196036078562,-0.004027411482438911,1
ORCL,2025-12-12,2025-12-12,196.27181011962892,190.06498622131346,2.278140709739238,447.13480080773644,13.699953409227586,0.030639425480814747,1
NFLX,2025-12-12,2025-12-12,95.45225,95.23759744262694,4.684381990028903,447.13480080773644,0.5588825303512608,0.0012499195529886182,1
NVDA,2025-12-12,2025-12-12,181.01944561004643,175.10751427459715,2.4700926428145067,447.13480080773644,14.163184804758336,0.03167542490357034,1
ORCL,2025-12-15,2025-12-15,188.19584828948976,185.01245816802978,2.398020480744097,451.2974985892053,7.186354128224991,0.015923762375572987,1
AVGO,2025-12-15,2025-12-15,361.7090696411133,339.97990255737295,1.2476809028786073,451.2974985892053,26.673324840654956,0.059103639891730085,1
AMD,2025-12-15,2025-12-15,212.17385877990725,207.6837918319702,2.1270174430741084,451.2974985892053,9.103928445602815,0.02017278729455066,1
NVDA,2025-12-15,2025-12-15,177.85103244018555,176.37813828277586,2.537502832551645,451.2974985892053,3.288044334434873,0.007285757941742601,1
ORCL,2025-12-16,2025-12-16,184.60764694976808,188.74431889343265,2.4814782305665575,458.0998571019663,-10.728293762988637,-0.023419116152661616,1
AVGO,2025-12-16,2025-12-16,335.85197901916507,341.4706377868652,1.363993323605889,458.0998571019663,-8.12574481038803,-0.01773793351910904,1
AMD,2025-12-16,2025-12-16,206.81653816986085,209.27458316802978,2.215005923393435,458.0998571019663,-5.905406380129207,-0.012891089766951731,1
ORCL,2025-12-17,2025-12-17,183.21834255981443,178.54923671722412,2.479461726070275,454.28286789109245,11.128374798398527,0.024496575999133626,1
AVGO,2025-12-17,2025-12-17,346.43668035888675,326.1829990081787,1.311301295868797,454.28286789109245,26.117675072706724,0.057492097806708505,1
AMD,2025-12-17,2025-12-17,209.93497328948976,198.20905561065675,2.1639218124207407,454.28286789109245,24.932373152503587,0.054882926288298314,1
ORCL,2025-12-18,2025-12-18,182.6286412200928,180.1200137786865,2.5379776939848533,463.50741769935826,5.906516491352468,0.012743089464823996,1
AVGO,2025-12-18,2025-12-18,335.832,330.04494488525387,1.380176450425684,463.50741769935826,7.5276433475820905,0.016240610312011655,1
AMD,2025-12-18,2025-12-18,203.71809732055667,201.160527557373,2.2752392830864463,463.50741769935826,5.358485318327431,0.01156073260903684,1
ORCL,2025-12-19,2025-12-19,188.29580438995362,192.06598622131347,2.476008569678147,466.2220253039652,-9.805892050257649,-0.0210326658073789,1
AVGO,2025-12-19,2025-12-19,333.1733263397217,340.53016534423824,1.399337787409127,466.2220253039652,-10.766072191616743,-0.0230921569709143,1
AMD,2025-12-19,2025-12-19,204.49770610046386,213.53670767211912,2.279839877885592,466.2220253039652,-21.08400200275384,-0.04522309298666787,1
CAT,2025-12-19,2025-12-19,572.4036574401856,576.5080806884765,0.8144986833049437,466.2220253039652,-3.810940880428844,-0.008174090183629152,1
