Date,Ticker,Episode_ID,Rebound_Date,Prior_Close,Prior_Prior_Close,Prior_High,Daily_Range,Close_Location,Open,High,Low,Close,SMA50,Prior_Distance_SMA50,Prior_Return_10D,Session,Entry_Date,Entry_Open,Future_Return_1D,Future_Return_3D,Future_Return_5D,Exit_Date_1D,Exit_Date_3D,Exit_Date_5D
2018-11-29,AAPL,AAPL:2018-11-28,2018-11-28,45.23500061035156,43.560001373291016,45.3224983215332,1.2750015258789062,0.36274586068443065,45.665000915527344,45.70000076293945,44.42499923706055,44.88750076293945,52.342999954223636,-0.13898938685378048,-0.058731693997095547,230,2018-11-30,45.0724983215332,-0.0094846720215039,-0.0199677795706227,-0.0654500428886329,2018-11-30,2018-12-04,2018-12-07
2018-12-11,AAPL,AAPL:2018-12-10,2018-12-10,42.400001525878906,42.122501373291016,42.522499084472656,1.1974983215332031,0.3402937719206032,42.915000915527344,42.9474983215332,41.75,42.157501220703125,50.691750106811526,-0.16825721577053088,-0.01561313649916829,237,2018-12-12,42.599998474121094,-0.0076290366169758,-0.0288732297251966,-0.025410720230988,2018-12-12,2018-12-14,2018-12-18
2020-03-03,AAPL,AAPL:2020-03-02,2020-03-02,74.70249938964844,68.33999633789062,75.36000061035156,4.5500030517578125,0.1934075368306678,75.9175033569336,76.0,71.44999694824219,72.33000183105469,76.72559951782226,-0.025759771841702972,-0.08044318715637788,544,2020-03-04,74.11000061035156,0.0212521513327608,-0.024996638783843,-0.0374443597763416,2020-03-04,2020-03-06,2020-03-10
2020-03-25,AAPL,AAPL:2020-03-24,2020-03-24,61.720001220703125,56.092498779296875,61.92250061035156,3.487499237060547,0.087455303770289,62.6875,64.5625,61.07500076293945,61.380001068115234,73.93394989013672,-0.16921461889850398,-0.1347865421906539,560,2020-03-26,61.630001068115234,0.0483530665356106,0.0336280753791098,-0.0227567763797019,2020-03-26,2020-03-30,2020-04-01
2021-03-02,AAPL,AAPL:2021-03-01,2021-03-01,127.79000091552734,121.26000213623048,127.93000030517578,3.709999084472642,0.0296497675193358,128.41000366210938,128.72000122070312,125.01000213623048,125.12000274658205,131.92160034179688,-0.0317134808074897,-0.055994640430460874,795,2021-03-03,124.80999755859376,-0.0220334913371741,-0.0271612807944888,-0.0298053144256871,2021-03-03,2021-03-05,2021-03-09
2021-03-10,AAPL,AAPL:2021-03-09,2021-03-09,121.08999633789062,116.36000061035156,122.05999755859376,2.720001220703125,0.19485520986434868,121.69000244140624,122.16999816894533,119.4499969482422,119.9800033569336,130.77440002441406,-0.07574906876648357,-0.03789928690075517,801,2021-03-11,122.54000091552734,-0.0047331632668626,0.0118328459067154,0.018116543203174,2021-03-11,2021-03-15,2021-03-17
2021-05-21,AAPL,AAPL:2021-05-20,2021-05-20,127.30999755859376,124.69000244140624,127.72000122070312,2.7900009155273438,0.07885345824753685,127.81999969482422,128.0,125.20999908447266,125.43000030517578,127.60280014038086,-0.0017517180375485886,-0.01872982759121533,852,2021-05-24,126.01000213623048,0.0086500779256573,0.006666108433063,-0.0111102412677158,2021-05-24,2021-05-26,2021-05-28
2022-03-01,AAPL,AAPL:2022-02-28,2022-02-28,165.1199951171875,164.85000610351562,165.4199981689453,4.6300048828125,0.2656575443591975,164.6999969482422,166.60000610351562,161.97000122070312,163.1999969482422,170.955400390625,-0.035156741530408486,-0.020872890685488255,1047,2022-03-02,164.38999938964844,0.0132003052314748,-0.0074213834493143,-0.0422774923903298,2022-03-02,2022-03-04,2022-03-08
2022-03-03,AAPL,AAPL:2022-03-02,2022-03-02,166.55999755859375,163.1999969482422,167.36000061035156,3.3600006103515625,0.2023787357913906,168.47000122070312,168.91000366210938,165.5500030517578,166.22999572753906,170.79340026855468,-0.025188499767026862,-0.036055303950515594,1049,2022-03-04,164.49000549316406,-0.0080248481982913,-0.0428597654345072,-0.0362940058443321,2022-03-04,2022-03-08,2022-03-10
2022-04-20,AAPL,AAPL:2022-04-19,2022-04-19,167.39999389648438,165.07000732421875,167.82000732421875,2.779998779296875,0.4064712662604973,168.75999450683594,168.8800048828125,166.10000610351562,167.22999572753906,167.4436004638672,-0.000789142180326774,-0.061869583018791086,1082,2022-04-21,168.91000366210938,-0.014741610556975,-0.035699476931866,-0.0730566341267493,2022-04-21,2022-04-25,2022-04-27
2022-04-29,AAPL,AAPL:2022-04-28,2022-04-28,163.63999938964844,156.57000732421875,164.52000427246094,8.949996948242188,0.04469207071215094,161.83999633789062,166.1999969482422,157.25,157.64999389648438,165.83680053710938,-0.015016729305065146,-0.03967133068644679,1089,2022-05-02,156.7100067138672,0.0079765167918239,0.0594090814863701,0.003637241024885,2022-05-02,2022-05-04,2022-05-06
2022-10-06,AAPL,AAPL:2022-10-05,2022-10-05,146.39999389648438,146.10000610351562,147.3800048828125,2.3199920654296875,0.09051386778740225,145.80999755859375,147.5399932861328,145.22000122070312,145.42999267578125,159.03319946289062,-0.08075080573073756,-0.047619094887392466,1199,2022-10-07,142.5399932861328,-0.0171881371098713,-0.0249754295375015,0.0031570943470433,2022-10-07,2022-10-11,2022-10-13
2022-12-09,AAPL,AAPL:2022-12-08,2022-12-08,142.64999389648438,140.94000244140625,143.52000427246094,4.670013427734375,0.2698085958687029,142.33999633789062,145.57000732421875,140.89999389648438,142.16000366210938,145.15199920654297,-0.017280468562761442,-0.055735837820301226,1244,2022-12-12,142.6999969482422,0.012543858326578,0.003573999835543,-0.0573931507817536,2022-12-12,2022-12-14,2022-12-16
2023-01-03,AAPL,AAPL:2022-12-30,2022-12-30,129.92999267578125,129.61000061035156,129.9499969482422,6.729995727539048,0.13372988071836336,130.27999877929688,130.89999389648438,124.16999816894533,125.06999969482422,142.70959930419923,-0.09188128467951517,-0.04813192178914838,1259,2023-01-04,126.88999938964844,-0.004176836487085,0.0215146642026209,0.0302624033128011,2023-01-04,2023-01-06,2023-01-10
2023-08-09,AAPL,AAPL:2023-08-08,2023-08-08,179.8000030517578,178.85000610351562,180.27000427246097,3.9199981689453125,0.30102257289773104,180.8699951171875,180.92999267578125,177.00999450683594,178.19000244140625,187.41840057373048,-0.04036650372850559,-0.07137688469140391,1409,2023-08-10,179.47999572753906,-0.008413163264881,-0.00011137181941,-0.0162134414563829,2023-08-10,2023-08-14,2023-08-16
2023-09-15,AAPL,AAPL:2023-09-14,2023-09-14,175.74000549316406,174.2100067138672,176.10000610351562,2.67999267578125,0.4440262816279123,176.47999572753906,176.5,173.82000732421875,175.00999450683594,184.71980041503906,-0.0503404646541441,-0.06346916488518717,1435,2023-09-18,176.47999572753906,0.0084429143769044,-0.0056096456161717,-0.0095761700040801,2023-09-18,2023-09-20,2023-09-22
2023-09-20,AAPL,AAPL:2023-09-19,2023-09-19,179.07000732421875,177.97000122070312,179.6300048828125,4.3000030517578125,0.02093291460407019,179.25999450683594,179.6999969482422,175.39999389648438,175.49000549316406,184.02300079345704,-0.028244737618240867,-0.05603579227744393,1438,2023-09-21,174.5500030517578,-0.0035520502156205,0.0087653895877801,-0.0236036110223091,2023-09-21,2023-09-25,2023-09-27
2024-02-23,AAPL,AAPL:2024-02-22,2024-02-22,184.3699951171875,182.32000732421875,184.9600067138672,2.8099975585937784,0.10320597754079983,185.0099945068359,185.0399932861328,182.22999572753903,182.52000427246097,188.96719970703126,-0.02542760439906655,-0.026608988160481628,1545,2024-02-26,182.2400054931641,-0.0059262609663123,-0.0044996010727705,-0.0141571650202318,2024-02-26,2024-02-28,2024-03-01
2024-04-04,AAPL,AAPL:2024-04-03,2024-04-03,169.64999389648438,168.83999633789062,170.67999267578125,3.0999908447265625,0.0,170.2899932861328,171.9199981689453,168.82000732421875,168.82000732421875,179.44079956054688,-0.05733244472953691,-0.036517536731625944,1573,2024-04-05,169.58999633789062,-5.893335132822752e-05,0.0004717367343725,0.0321363114920034,2024-04-05,2024-04-09,2024-04-11
2024-04-26,AAPL,AAPL:2024-04-25,2024-04-25,169.88999938964844,169.02000427246094,170.61000061035156,2.160003662109375,0.05556026505036805,169.8800048828125,171.33999633789062,169.17999267578125,169.3000030517578,173.28599975585936,-0.021275125975442233,-0.02942181269434707,1589,2024-04-29,173.3699951171875,0.0007498695649419,-0.023475758089966,0.0577378441918905,2024-04-29,2024-05-01,2024-05-03
2024-09-13,AAPL,AAPL:2024-09-12,2024-09-12,222.77000427246097,222.66000366210935,223.5500030517578,2.129989624023466,0.2769949352035686,223.5800018310547,224.0399932861328,221.91000366210935,222.5,223.08820068359375,-0.0013412719961751751,-0.016424571197316662,1685,2024-09-16,216.5399932861328,-0.0010159137745209,0.0191650932111633,0.0538468829021436,2024-09-16,2024-09-18,2024-09-20
2025-01-23,AAPL,AAPL:2025-01-22,2025-01-22,223.8300018310547,222.63999938964844,224.1199951171875,4.7299957275390625,0.2875268158136624,224.7400054931641,227.02999877929688,222.3000030517578,223.66000366210935,239.2261993408203,-0.06465703842731063,-0.08640815579161354,1774,2025-01-24,224.77999877929688,-0.0088975888017676,0.059969729516613,0.0569890454140067,2025-01-24,2025-01-28,2025-01-30
2025-05-29,AAPL,AAPL:2025-05-28,2025-05-28,200.4199981689453,200.2100067138672,202.72999572753903,5.300003051757841,0.27169841740537787,203.5800018310547,203.80999755859375,198.5099945068359,199.9499969482422,205.68800079345704,-0.026817168214429032,-0.05875167866033948,1861,2025-05-30,199.3699951171875,0.0074234389455554,0.0195616655002728,0.0063199568464873,2025-05-30,2025-06-03,2025-06-05
2025-06-04,AAPL,AAPL:2025-06-03,2025-06-03,203.27000427246097,201.6999969482422,203.77000427246097,4.139999389648494,0.17391336397377705,202.91000366210935,206.2400054931641,202.1000061035156,202.82000732421875,204.49400085449219,-0.007723599479474652,-0.026391390645904567,1865,2025-06-05,203.5,-0.0141031701090295,-0.0100737250700629,-0.0231941091926443,2025-06-05,2025-06-09,2025-06-11
2025-06-13,AAPL,AAPL:2025-06-12,2025-06-12,199.1999969482422,198.77999877929688,199.67999267578125,4.6699981689453125,0.16059963470379313,199.72999572753903,200.3699951171875,195.6999969482422,196.4499969482422,201.43120056152344,-0.013763757073515404,-0.0037509377916826736,1872,2025-06-16,197.3000030517578,0.0056766097306835,-0.0036492712091558,0.0212873638280703,2025-06-16,2025-06-18,2025-06-23
2025-06-24,AAPL,AAPL:2025-06-23,2025-06-23,201.5,201.0,202.3000030517578,3.2400054931640625,0.030866029001069054,202.58999633789065,203.44000244140625,200.1999969482422,200.3000030517578,202.6056002807617,-0.004485989596676232,-0.011867390107273224,1878,2025-06-25,201.4499969482422,0.0005460442393545,-0.0018366598301937,0.0316208015511323,2025-06-25,2025-06-27,2025-07-01
2018-09-10,ABBV,ABBV:2018-09-07,2018-09-07,94.16999816894533,93.73999786376952,94.3499984741211,1.470001220703125,0.08163445369427504,94.9800033569336,95.16999816894533,93.6999969482422,93.81999969482422,95.09080017089843,-0.009393791616507885,-0.03067424920358608,173,2018-09-11,93.72000122070312,-0.0057618534837156,0.0278489178014971,0.0176056498547549,2018-09-11,2018-09-13,2018-09-17
2018-09-21,ABBV,ABBV:2018-09-20,2018-09-20,92.68000030517578,91.0199966430664,93.12000274658205,1.279998779296875,0.16406194120594453,92.8499984741211,93.33000183105467,92.0500030517578,92.26000213623048,94.79380020141602,-0.02298947364763737,-0.011307847053017905,182,2018-09-24,92.3000030517578,0.0121342912259652,0.0203683335997697,0.0247020444627541,2018-09-24,2018-09-26,2018-09-28
2018-11-02,ABBV,ABBV:2018-11-01,2018-11-01,80.20999908447266,77.8499984741211,80.6500015258789,5.659996032714844,0.14134204648542123,84.18000030517578,84.41999816894531,78.76000213623047,79.55999755859375,91.305,-0.12488763501413691,-0.10778645469340575,212,2018-11-05,79.44999694824219,0.0393959094152205,0.0945248889200445,0.1175582671622972,2018-11-05,2018-11-07,2018-11-09
2019-05-30,ABBV,ABBV:2019-05-29,2019-05-29,78.05999755859375,78.02999877929688,78.27999877929688,1.4599990844726562,0.3287696287199854,78.5199966430664,78.58999633789062,77.12999725341797,77.61000061035156,79.90759963989258,-0.023905952748778048,-0.004844529206846415,353,2019-05-31,77.30999755859375,-0.0077609428672708,-0.0072435335180204,-0.0031043574097597,2019-05-31,2019-06-04,2019-06-06
2020-03-03,ABBV,ABBV:2020-03-02,2020-03-02,88.69000244140625,85.70999908447266,88.77999877929688,5.239997863769531,0.36450320827818766,89.44000244140625,90.9000015258789,85.66000366210938,87.56999969482422,88.92759948730469,-0.003066417537039956,-0.05699096689451266,544,2020-03-04,89.2699966430664,0.027780928085497,-0.0050408531999999,-0.0194914072947338,2020-03-04,2020-03-06,2020-03-10
2020-08-10,ABBV,ABBV:2020-08-07,2020-08-07,92.91999816894533,92.56999969482422,93.0,1.5199966430664205,0.1513133128209139,92.62999725341795,93.66999816894533,92.1500015258789,92.37999725341795,96.17059997558594,-0.03385863709972314,-0.043146971630845576,655,2020-08-11,92.30999755859376,0.0038999092175584,0.0256743885739751,0.0437655836028265,2020-08-11,2020-08-13,2020-08-17
2020-08-27,ABBV,ABBV:2020-08-26,2020-08-26,94.3499984741211,94.05999755859376,94.41000366210938,1.3899993896484375,0.4532411219056824,94.33000183105467,95.05999755859376,93.66999816894533,94.3000030517578,96.50120010375977,-0.022583668557742742,-0.012145363167878731,668,2020-08-28,94.5199966430664,-0.0037029040049882,-0.0241218669093565,-0.028036330835807,2020-08-28,2020-09-01,2020-09-03
2020-09-03,ABBV,ABBV:2020-09-02,2020-09-02,93.9499969482422,92.23999786376952,94.23999786376952,3.220001220703139,0.24223792328907673,93.87999725341795,94.30999755859376,91.08999633789062,91.87000274658205,96.20800003051758,-0.024133384881187325,-0.02237254484928919,673,2020-09-04,92.08000183105467,-0.0022806155549166,-0.0048871043515221,-0.0258471420013571,2020-09-04,2020-09-09,2020-09-11
2021-08-11,ABBV,ABBV:2021-08-10,2021-08-10,114.81999969482422,114.05999755859376,115.02999877929688,1.7899932861328267,0.0949714003188233,115.16000366210938,115.33999633789062,113.5500030517578,113.72000122070312,115.31760040283203,-0.00405422156994828,-0.026619187979137315,908,2021-08-12,113.95999908447266,0.0147420175383687,0.0390488295313002,0.029220795523053,2021-08-12,2021-08-16,2021-08-18
2021-09-22,ABBV,ABBV:2021-09-21,2021-09-21,107.1500015258789,106.4000015258789,107.41000366210938,1.650001525878892,0.290910856387187,107.01000213623048,107.58000183105467,105.93000030517578,106.41000366210938,114.72800064086914,-0.06792044982917345,-0.017242935655016778,937,2021-09-23,106.98999786376952,0.0034582928682096,0.0068230990887867,0.0172913217222108,2021-09-23,2021-09-27,2021-09-29
2022-05-09,ABBV,ABBV:2022-05-06,2022-05-06,152.8300018310547,152.17999267578125,153.52000427246094,4.6100006103515625,0.4403500584203018,151.6199951171875,153.5399932861328,148.92999267578125,150.9600067138672,156.98759979248047,-0.026307458915408533,-0.01393640612655278,1095,2022-05-10,151.27000427246094,0.0054207182010304,0.0199642290498809,0.0277649026880262,2022-05-10,2022-05-12,2022-05-16
2022-08-09,ABBV,ABBV:2022-08-08,2022-08-08,140.33999633789062,138.0399932861328,140.8000030517578,2.3600006103515625,0.1567775514822358,140.67999267578125,142.24000549316406,139.8800048828125,140.25,147.2851989746094,-0.048488204249053535,-0.06577023567119267,1158,2022-08-10,140.91000366210938,0.0002128931837146,0.0119934880241627,0.0116386299554787,2022-08-10,2022-08-12,2022-08-16
2022-08-26,ABBV,ABBV:2022-08-25,2022-08-25,139.3300018310547,137.91000366210938,139.55999755859375,3.600006103515625,0.02777942610096215,138.88999938964844,139.85000610351562,136.25,136.35000610351562,146.1251998901367,-0.0467295968666549,-0.019355292543351665,1171,2022-08-29,136.1999969482422,-0.0035975788939349,-0.0127752589820998,0.0005873849695099,2022-08-29,2022-08-31,2022-09-02
2022-09-02,ABBV,ABBV:2022-09-01,2022-09-01,138.4499969482422,134.4600067138672,138.58999633789062,3.589996337890625,0.13091969363380568,138.66000366210938,139.39999389648438,135.80999755859375,136.27999877929688,145.37600036621095,-0.04936441213763343,-0.02010047754860611,1176,2022-09-06,137.3000030517578,0.0021121142001978,0.0234523026156765,0.0359796236824847,2022-09-06,2022-09-08,2022-09-12
2023-01-17,ABBV,ABBV:2023-01-13,2023-01-13,153.60000610351562,152.22000122070312,153.80999755859375,2.5200042724609375,0.0992061810101059,153.8000030517578,155.10000610351562,152.5800018310547,152.8300018310547,158.61120056152345,-0.0305783993699541,-0.05511805849928453,1268,2023-01-18,152.1199951171875,-0.0191953606539091,-0.0166315991355894,-0.0291216987771302,2023-01-18,2023-01-20,2023-01-24
2023-01-23,ABBV,ABBV:2023-01-20,2023-01-20,149.58999633789062,148.7100067138672,149.7100067138672,2.3799896240234375,0.2100849495111396,149.86000061035156,150.42999267578125,148.0500030517578,148.5500030517578,158.8056005859375,-0.05802835255744232,-0.08502054369222367,1272,2023-01-24,148.0800018310547,-0.0026337073529576,-0.0045921658979052,-0.016410102002448,2023-01-24,2023-01-26,2023-01-30
2023-01-26,ABBV,ABBV:2023-01-25,2023-01-25,147.7899932861328,147.69000244140625,147.97999572753906,1.589996337890625,0.18238613462313583,147.9199981689453,148.6999969482422,147.11000061035156,147.39999389648438,158.71320037841798,-0.06914730669280378,-0.07422955492872552,1275,2023-01-27,147.30999755859375,-0.0069920493949311,0.0029869150003294,-0.0167673699113372,2023-01-27,2023-01-31,2023-02-02
2023-02-08,ABBV,ABBV:2023-02-07,2023-02-07,145.13999938964844,145.02000427246094,145.4600067138672,1.8800048828125,0.07446756704110123,145.41000366210938,146.35000610351562,144.47000122070312,144.61000061035156,156.94100067138672,-0.07695948090360827,-0.017265915157456124,1284,2023-02-09,148.5,0.0013467807962437,0.0352188264480743,0.0172390407986111,2023-02-09,2023-02-13,2023-02-15
2023-05-02,ABBV,ABBV:2023-05-01,2023-05-01,153.7100067138672,151.1199951171875,154.7100067138672,3.82000732421875,0.10994695384025437,153.5500030517578,155.02000427246094,151.1999969482422,151.6199951171875,156.61260040283204,-0.01849473411967606,-0.04634561546940985,1341,2023-05-03,151.07000732421875,-0.0120474431454334,-0.0201231773186955,-0.0280664942582836,2023-05-03,2023-05-05,2023-05-09
2023-05-15,ABBV,ABBV:2023-05-12,2023-05-12,147.14999389648438,146.58999633789062,147.60000610351562,3.239990234375,0.287035641624595,147.6699981689453,148.89999389648438,145.66000366210938,146.58999633789062,155.49919982910157,-0.05484413094513707,-0.026270522425735576,1350,2023-05-16,145.86000061035156,-0.0176196854069967,-0.0165912392624353,-0.0065816996424655,2023-05-16,2023-05-18,2023-05-22
2023-05-22,ABBV,ABBV:2023-05-19,2023-05-19,145.11000061035156,143.44000244140625,145.8000030517578,2.8800048828125,0.38888653414148266,145.47000122070312,146.66000366210938,143.77999877929688,144.89999389648438,154.80359954833983,-0.06320085117398377,-0.019725719063869218,1355,2023-05-23,144.4499969482422,-0.013360974154072,-0.0403599996830988,-0.0554516765390171,2023-05-23,2023-05-25,2023-05-30
2023-06-05,ABBV,ABBV:2023-06-02,2023-06-02,136.8699951171875,133.44000244140625,136.97000122070312,2.0200042724609375,0.2821812468368295,137.0,138.30999755859375,136.2899932861328,136.86000061035156,151.80719940185546,-0.10058093515894007,-0.04580317353872421,1364,2023-06-06,137.47000122070312,-0.0148396633942463,0.0012366201166491,0.001891281767129,2023-06-06,2023-06-08,2023-06-12
2023-06-12,ABBV,ABBV:2023-06-09,2023-06-09,138.17999267578125,137.63999938964844,139.19000244140625,2.7599945068359375,0.2970991657406332,139.5800018310547,139.6699981689453,136.91000366210938,137.72999572753906,149.72219909667967,-0.07957320209504848,-0.0031741628690311607,1369,2023-06-13,137.50999450683594,0.0058177811338508,-0.0117809263464625,0.0022544748001382,2023-06-13,2023-06-15,2023-06-20
2023-07-06,ABBV,ABBV:2023-07-05,2023-07-05,137.6199951171875,135.00999450683594,137.8800048828125,1.839996337890625,0.4402169406067039,137.47999572753906,138.27999877929688,136.44000244140625,137.25,141.59319854736327,-0.031730175598131516,-0.0014512566855457987,1385,2023-07-07,137.14999389648438,-0.012030579437938,-0.0115201359283919,-0.0259569647613743,2023-07-07,2023-07-11,2023-07-13
2023-10-05,ABBV,ABBV:2023-10-04,2023-10-04,147.69000244140625,147.42999267578125,148.0800018310547,2.44000244140625,0.1475410861245216,147.92999267578125,149.52999877929688,147.08999633789062,147.4499969482422,149.95240081787108,-0.01435783638275634,-0.038539145533642905,1449,2023-10-06,146.49000549316406,0.0119462074843164,0.0163833285991403,0.0123557750748954,2023-10-06,2023-10-10,2023-10-12
2023-11-03,ABBV,ABBV:2023-11-02,2023-11-02,143.25999450683594,142.47000122070312,143.77000427246094,3.05999755859375,0.17320235364515807,143.9499969482422,143.9499969482422,140.88999938964844,141.4199981689453,148.22039947509765,-0.03414541563487872,-0.015530577922424516,1470,2023-11-06,141.88999938964844,-0.0048629392090658,0.0009866755250591,-0.0232574745644728,2023-11-06,2023-11-08,2023-11-10
2023-11-08,ABBV,ABBV:2023-11-07,2023-11-07,142.16000366210938,141.1999969482422,142.17999267578125,1.970001220703125,0.05583783867519713,143.44000244140625,143.88999938964844,141.9199981689453,142.02999877929688,147.89399963378906,-0.039493179558845015,-0.028364390443123333,1473,2023-11-09,141.0,-0.0209929554174977,-0.0167375929812167,-0.02411343188996,2023-11-09,2023-11-13,2023-11-15
2023-11-14,ABBV,ABBV:2023-11-13,2023-11-13,138.63999938964844,138.58999633789062,139.16000366210938,2.1399993896484375,0.046724707123860044,138.92999267578125,140.10000610351562,137.9600067138672,138.05999755859375,147.1689990234375,-0.058981956482715314,-0.022905067404187407,1477,2023-11-15,138.25,-0.0047015833380424,0.0003616857270003,0.0034719401630312,2023-11-15,2023-11-17,2023-11-21
2023-11-22,ABBV,ABBV:2023-11-21,2023-11-21,138.72999572753906,138.30999755859375,139.36000061035156,1.5099945068359375,0.09271516486625775,139.05999755859375,139.83999633789062,138.3300018310547,138.47000122070312,145.90259887695314,-0.050811344921089185,-0.024127798580554805,1483,2023-11-24,140.0,-0.009500013078962,-0.0137142726353236,0.0170714242117746,2023-11-24,2023-11-28,2023-11-30
2024-05-06,ABBV,ABBV:2024-05-03,2024-05-03,163.7899932861328,160.80999755859375,164.25,3.6300048828125,0.4765822039882974,164.41000366210938,164.6300048828125,161.0,162.72999572753906,172.75620056152343,-0.05358387305955481,-0.015744308144457597,1595,2024-05-07,163.36000061035156,-0.0049583591795262,-0.0181195317262971,-0.0127326262443885,2024-05-07,2024-05-09,2024-05-13
2024-10-23,ABBV,ABBV:2024-10-22,2024-10-22,188.7599945068359,186.5399932861328,189.1000061035156,1.770004272460966,0.21469150596125483,188.6999969482422,189.27000427246097,187.5,187.8800048828125,194.15119873046876,-0.028103463431086717,-0.02201958510417701,1713,2024-10-24,188.42999267578125,0.0064745596143087,0.0066337634590412,0.0693626695974425,2024-10-24,2024-10-28,2024-10-30
2024-10-29,ABBV,ABBV:2024-10-28,2024-10-28,189.67999267578125,187.8500061035156,190.13999938964844,2.6399993896483807,0.3522700343900786,190.4900054931641,191.16000366210935,188.52000427246097,189.4499969482422,193.74039886474608,-0.021707319751228638,-0.03051367956526385,1717,2024-10-30,191.6199951171875,0.0515604067141859,0.0622586798798026,0.0524997276638141,2024-10-30,2024-11-01,2024-11-05
2025-01-17,ABBV,ABBV:2025-01-16,2025-01-16,173.6999969482422,171.35000610351562,173.9600067138672,2.720001220703125,0.10661513087771657,172.8800048828125,173.99000549316406,171.27000427246094,171.55999755859375,177.43260009765626,-0.024216526292324403,-0.022509848445101843,1771,2025-01-21,172.16000366210938,0.0026138298017546,-0.0086547715001704,0.0275324705712598,2025-01-21,2025-01-23,2025-01-27
2025-04-15,ABBV,ABBV:2025-04-14,2025-04-14,179.10000610351562,175.0500030517578,180.19000244140625,4.19000244140625,0.1169463502745852,177.6999969482422,180.5,176.30999755859375,176.8000030517578,200.18400024414063,-0.10651388794247652,-0.1451889917364979,1831,2025-04-16,176.52999877929688,-0.0274741184900774,-0.0360844908017671,0.0029456991789313,2025-04-16,2025-04-21,2025-04-23
2025-05-28,ABBV,ABBV:2025-05-27,2025-05-27,185.72000122070312,183.2599945068359,185.9900054931641,3.7300109863280966,0.19302924933525148,185.3500061035156,186.1000061035156,182.3699951171875,183.08999633789065,189.5840005493164,-0.023613698696568042,-0.022886336275535824,1860,2025-05-29,183.4600067138672,0.0117736199949514,0.0192412441410319,0.0211489669793529,2025-05-29,2025-06-02,2025-06-04
2018-12-19,ADBE,ADBE:2018-12-18,2018-12-18,226.17999267578125,221.3800048828125,228.1300048828125,9.910003662109403,0.3572141249218602,225.9199981689453,231.02000427246097,221.11000061035156,224.6499938964844,241.57619995117187,-0.06605502354982395,-0.11392306846686817,243,2018-12-20,223.0,-0.0195067538274242,-0.0799999835779848,0.0095964098190513,2018-12-20,2018-12-24,2018-12-27
2018-12-28,ADBE,ADBE:2018-12-27,2018-12-27,225.13999938964844,222.9499969482422,225.1699981689453,7.2400054931640625,0.3121558081356261,227.5800018310547,228.11000061035156,220.8699951171875,223.1300048828125,238.08859985351563,-0.057358210719693936,-0.08311954147199618,249,2018-12-31,225.55999755859375,0.0030147541316303,-0.0437134275451046,0.0164036043105606,2018-12-31,2019-01-03,2019-01-07
2019-09-06,ADBE,ADBE:2019-09-05,2019-09-05,287.75,284.6000061035156,288.010009765625,5.6300048828125,0.17406929598230741,288.20001220703125,289.5899963378906,283.9599914550781,284.94000244140625,296.21580200195314,-0.02882770785966504,-0.012966071399597268,422,2019-09-09,286.5199890136719,-0.0251989442187177,-0.0305039458659128,-0.0285145303065273,2019-09-09,2019-09-11,2019-09-13
2019-10-22,ADBE,ADBE:2019-10-21,2019-10-21,266.8399963378906,265.5199890136719,267.42999267578125,8.639984130859375,0.052081309715133424,268.489990234375,269.2799987792969,260.6400146484375,261.0899963378906,279.4226007080078,-0.04691083340786317,-0.03633079732878053,454,2019-10-23,261.0,0.0012260817019875,0.0382375899859315,0.0400383609464798,2019-10-23,2019-10-25,2019-10-29
2020-03-20,ADBE,ADBE:2020-03-19,2020-03-19,307.510009765625,294.6099853515625,318.7099914550781,31.029998779296875,0.05059643525562284,312.9200134277344,324.79998779296875,293.7699890136719,295.3399963378906,346.9491998291016,-0.11584190117903426,-0.12397797671142685,557,2020-03-23,296.6700134277344,0.0357298517078454,0.0311456831366805,0.0308759656518589,2020-03-23,2020-03-25,2020-03-27
2020-10-26,ADBE,ADBE:2020-10-23,2020-10-23,488.5,483.6000061035156,488.510009765625,18.649993896484375,0.2718503476386944,480.8800048828125,488.7799987792969,470.1300048828125,475.2000122070313,489.14880126953125,-0.0001981207147357944,-0.02720249235799521,709,2020-10-27,479.7799987792969,-0.0025428346821608,-0.0389136968511326,-0.0726166085008419,2020-10-27,2020-10-29,2020-11-02
2021-03-02,ADBE,ADBE:2021-03-01,2021-03-01,469.5700073242187,459.6700134277344,470.5,10.339996337890568,0.30270850980311304,473.0299987792969,473.7999877929687,463.4599914550781,466.5899963378906,481.279599609375,-0.025274309080504764,-0.05867610702539938,795,2021-03-03,463.2200012207031,-0.0318854733706428,-0.0483355955905058,-0.0518976047700235,2021-03-03,2021-03-05,2021-03-09
2021-03-10,ADBE,ADBE:2021-03-09,2021-03-09,439.1799926757813,421.2000122070313,442.75,11.639984130859432,0.016323256051748423,445.7300109863281,448.4599914550781,436.8200073242187,437.010009765625,473.8413995361328,-0.07560203621829631,-0.06117998260798063,801,2021-03-11,448.1400146484375,0.0065157826007724,-0.0012273358605978,0.0064042375672233,2021-03-11,2021-03-15,2021-03-17
2021-12-28,ADBE,ADBE:2021-12-27,2021-12-27,577.6799926757812,569.6199951171875,580.8800048828125,14.530029296875,0.0695118877593884,582.8400268554688,582.8800048828125,568.3499755859375,569.3599853515625,638.1365991210937,-0.09589340669533597,-0.11730463457759743,1004,2021-12-29,573.3300170898438,-0.0070466205188536,-0.01093614383401,-0.0337153411013794,2021-12-29,2021-12-31,2022-01-04
2022-01-20,ADBE,ADBE:2022-01-19,2022-01-19,516.5800170898438,513.3400268554688,528.9199829101562,22.3900146484375,0.05404156603187238,522.3800048828125,532.030029296875,509.6400146484375,510.8500061035156,602.1277996826171,-0.14647490557076415,-0.0675450955056972,1020,2022-01-21,508.5,-0.016892814823777,-0.0113667625944874,-0.0303835048319198,2022-01-21,2022-01-25,2022-01-27
2022-03-01,ADBE,ADBE:2022-02-28,2022-02-28,467.6799926757813,465.5400085449219,468.4800109863281,16.28997802734375,0.23081548923734402,468.0,479.2099914550781,462.9200134277344,466.6799926757813,514.1935998535156,-0.09396264612750738,-0.013270900117564377,1047,2022-03-02,471.94000244140625,-0.0016103948842932,-0.0419756694836506,-0.0856252986673374,2022-03-02,2022-03-04,2022-03-08
2022-03-25,ADBE,ADBE:2022-03-24,2022-03-24,432.1400146484375,422.8999938964844,432.2099914550781,12.6199951171875,0.44532466653124786,435.44000244140625,438.6199951171875,426.0,431.6199951171875,475.0103985595703,-0.09409432715043908,-0.015514289484475197,1065,2022-03-28,433.4200134277344,0.0382769503574313,0.0614645916328946,0.0571500813212952,2022-03-28,2022-03-30,2022-04-01
2022-04-14,ADBE,ADBE:2022-04-13,2022-04-13,431.6700134277344,426.7699890136719,433.5199890136719,15.920013427734432,0.025753977154008116,435.8599853515625,435.9500122070313,420.0299987792969,420.44000244140625,456.15759826660155,-0.05833326149041973,-0.061709308093546245,1079,2022-04-18,419.3999938964844,0.014473074421925,0.0207677433997004,-0.0255841216616669,2022-04-18,2022-04-20,2022-04-22
2022-04-20,ADBE,ADBE:2022-04-19,2022-04-19,436.3999938964844,425.4700012207031,437.489990234375,15.239990234374943,0.059709562180603,440.5899963378906,442.44000244140625,427.2000122070313,428.1099853515625,451.3277984619141,-0.03644806362578501,-0.06913249254685239,1082,2022-04-21,432.69000244140625,-0.0351521675316217,-0.0433104303973668,-0.0804040036715039,2022-04-21,2022-04-25,2022-04-27
2022-05-11,ADBE,ADBE:2022-05-10,2022-05-10,393.0299987792969,376.9100036621094,400.8299865722656,32.17999267578125,0.04723397637115756,389.989990234375,409.989990234375,377.80999755859375,379.3299865722656,430.4779992675781,-0.09068193803157942,-0.015258559862686205,1097,2022-05-12,373.3999938964844,0.0404124172055395,0.0788966040081007,0.0655597519723436,2022-05-12,2022-05-16,2022-05-18
2022-06-27,ADBE,ADBE:2022-06-24,2022-06-24,387.7200012207031,376.6400146484375,388.05999755859375,10.010009765625,0.16883124801833535,388.7999877929687,389.3900146484375,379.3800048828125,381.0700073242187,402.2398016357422,-0.038516382244058844,-0.090755618846182,1128,2022-06-28,381.0,-0.0403411945333005,-0.0392126048330873,-0.011837295972769,2022-06-28,2022-06-30,2022-07-05
2023-02-23,ADBE,ADBE:2023-02-22,2023-02-22,348.7200012207031,346.70001220703125,353.1700134277344,9.8699951171875,0.3130696926596995,350.44000244140625,353.79998779296875,343.92999267578125,347.0199890136719,352.66100219726565,-0.010255631346518523,-0.09144913093044171,1294,2023-02-24,328.1199951171875,-0.0231012638213603,-0.0127087131909378,0.0163964554518873,2023-02-24,2023-02-28,2023-03-02
2023-03-07,ADBE,ADBE:2023-03-06,2023-03-06,347.0199890136719,344.0400085449219,351.7799987792969,8.110015869140625,0.09124399339226112,347.8599853515625,352.1700134277344,344.05999755859375,344.79998779296875,351.9288018798828,-0.01375662955378043,-0.027546635622004878,1302,2023-03-08,346.739990234375,-0.0025955872464437,-0.0502970610041774,-0.0386745228118771,2023-03-08,2023-03-10,2023-03-14
2023-03-09,ADBE,ADBE:2023-03-08,2023-03-08,345.8399963378906,344.79998779296875,348.69000244140625,13.1400146484375,0.10502308556989308,344.7200012207031,350.1300048828125,336.989990234375,338.3699951171875,352.1136016845703,-0.017821456308514172,-0.008258788921573057,1304,2023-03-10,338.3399963378906,-0.0267187108907274,-0.0148076190218482,0.0441863580092407,2023-03-10,2023-03-14,2023-03-16
2023-05-08,ADBE,ADBE:2023-05-05,2023-05-05,348.3999938964844,335.8299865722656,349.54998779296875,9.720001220703125,0.3395048743347828,348.0,350.4800109863281,340.760009765625,344.05999755859375,361.26039794921877,-0.03434131859348033,-0.07750157145280134,1345,2023-05-09,342.5,0.0004379383838959,-0.0026861705919252,0.0092555136576186,2023-05-09,2023-05-11,2023-05-15
2024-03-04,ADBE,ADBE:2024-03-01,2024-03-01,570.9299926757812,560.280029296875,572.8900146484375,12.1500244140625,0.31605095797373733,572.8499755859375,576.25,564.0999755859375,567.9400024414062,591.7117993164062,-0.0363169203000937,-0.03304317066078377,1551,2024-03-05,562.5999755859375,-0.031567631534239,-0.0116601454732763,-0.0038748538399967,2024-03-05,2024-03-07,2024-03-11
2024-03-27,ADBE,ADBE:2024-03-26,2024-03-26,507.6000061035156,507.2300109863281,512.7899780273438,17.159973144531193,0.27389213548687463,515.469970703125,516.8599853515625,499.7000122070313,504.3999938964844,572.5410003662109,-0.116305408396297,-0.12352800140800091,1568,2024-03-28,508.1199951171875,-0.0069274758865965,-0.0175352352746017,-0.0413485199707196,2024-03-28,2024-04-02,2024-04-04
2024-04-17,ADBE,ADBE:2024-04-16,2024-04-16,476.2200012207031,470.1000061035156,478.9800109863281,8.329986572265625,0.21128602673681884,477.30999755859375,481.0199890136719,472.69000244140625,474.4500122070313,536.6226000976562,-0.1176921757850442,-0.04605274459223996,1582,2024-04-18,476.760009765625,-0.0075090549050111,-0.020702229455108,0.0007550661636648,2024-04-18,2024-04-22,2024-04-24
2024-05-23,ADBE,ADBE:2024-05-22,2024-05-22,483.9299926757813,481.8500061035156,485.6700134277344,12.989990234375057,0.35565809010092503,488.3800048828125,491.6799926757813,478.69000244140625,483.30999755859375,488.459599609375,-0.012920388969404506,-0.008543358687952862,1608,2024-05-24,481.25,-0.0120935217126623,-0.0075844029017857,-0.0758233563311688,2024-05-24,2024-05-29,2024-05-31
2024-06-12,ADBE,ADBE:2024-06-11,2024-06-11,462.69000244140625,459.94000244140625,462.739990234375,11.959991455078125,0.059363876449649786,470.0,471.1199951171875,459.1600036621094,459.8699951171875,474.82639892578123,-0.027171652179357575,-0.03289925480286848,1621,2024-06-13,457.8699951171875,0.0019000920052969,0.1329416554181681,0.1421364531064917,2024-06-13,2024-06-17,2024-06-20
2024-08-07,ADBE,ADBE:2024-08-06,2024-08-06,514.2000122070312,509.3200073242187,519.1599731445312,18.1500244140625,0.041873759962336485,520.9500122070312,531.010009765625,512.8599853515625,513.6199951171875,522.0910009765626,-0.013671238922541962,-0.05825900073196133,1659,2024-08-08,520.5900268554688,0.0185365890261002,0.019862012883284,0.0368811352146887,2024-08-08,2024-08-12,2024-08-14
2024-10-01,ADBE,ADBE:2024-09-30,2024-09-30,517.780029296875,515.47998046875,518.469970703125,16.5,0.01818107836173898,517.4500122070312,519.0,502.5,502.7999877929687,542.9527966308593,-0.048186572677992645,-0.007133213237056513,1697,2024-10-02,503.8699951171875,0.0038502043388295,0.0066485524757957,-0.0151428046058545,2024-10-02,2024-10-04,2024-10-08
2024-10-11,ADBE,ADBE:2024-10-10,2024-10-10,503.5700073242187,494.0799865722656,506.4500122070313,13.08001708984375,0.0397567929520352,504.7799987792969,507.9800109863281,494.8999938964844,495.4200134277344,536.321195678711,-0.06284833629119801,-0.022915125629057287,1705,2024-10-14,501.7999877929687,0.015643695285928,0.0014747325029,-0.0137504863777142,2024-10-14,2024-10-16,2024-10-18
2024-10-15,ADBE,ADBE:2024-10-14,2024-10-14,509.6499938964844,495.4200134277344,514.260009765625,10.970031738281307,0.1121246515664949,513.8200073242188,517.77001953125,506.7999877929687,508.0299987792969,535.9649957275391,-0.04914413121180594,-0.015701716830274215,1707,2024-10-16,506.3900146484375,-0.0076028475920649,-0.0226900618487315,-0.0262249035579713,2024-10-16,2024-10-18,2024-10-22
2024-10-28,ADBE,ADBE:2024-10-25,2024-10-25,483.7200012207031,482.8699951171875,488.3399963378906,8.009979248046875,0.06991248556983438,487.6499938964844,488.489990234375,480.4800109863281,481.0400085449219,528.1615966796875,-0.08664865843161906,-0.023616349541635717,1716,2024-10-29,481.9200134277344,0.007200367538219,-0.0079681829940116,-0.0011827840893439,2024-10-29,2024-10-31,2024-11-04
2024-12-23,ADBE,ADBE:2024-12-20,2024-12-20,447.1700134277344,437.3900146484375,451.4200134277344,8.009979248046932,0.41448007589409586,447.0,451.4299926757813,443.4200134277344,446.739990234375,499.13599853515626,-0.10585596772637118,-0.19131583539714403,1755,2024-12-24,446.5,0.0032250894544372,-4.476822770860256e-05,-0.0040761642199748,2024-12-24,2024-12-27,2024-12-31
2025-03-26,ADBE,ADBE:2025-03-25,2025-03-25,403.6400146484375,394.4700012207031,404.3200073242187,7.489990234375,0.1068075882525506,403.0,404.5,397.010009765625,397.80999755859375,432.1096002197266,-0.0663470577866,-0.06922471235567818,1817,2025-03-27,397.44000244140625,-0.0032457944268255,-0.0349990025580279,-0.0293377707087458,2025-03-27,2025-03-31,2025-04-02
2025-04-14,ADBE,ADBE:2025-04-11,2025-04-11,352.4700012207031,350.04998779296875,353.1000061035156,13.549987792968693,0.17786020909627423,359.510009765625,362.0499877929687,348.5,350.9100036621094,414.3024011230469,-0.15278396021170448,-0.08617871190989435,1830,2025-04-15,351.04998779296875,-0.0019085114184689,-0.0064093436212478,-0.0032473555633099,2025-04-15,2025-04-17,2025-04-22
2025-06-26,ADBE,ADBE:2025-06-25,2025-06-25,387.5499877929687,382.3399963378906,388.0499877929687,7.1199951171875,0.2921374320640607,387.2000122070313,389.989990234375,382.8699951171875,384.9500122070313,390.6594000244141,-0.006227552130960934,-0.0685237944837751,1880,2025-06-27,385.44000244140625,0.0010117894572156,0.0172789633144572,-0.0159039146014543,2025-06-27,2025-07-01,2025-07-03
2025-07-15,ADBE,ADBE:2025-07-14,2025-07-14,366.989990234375,363.3500061035156,367.6799926757813,4.440002441406193,0.0675647810846243,367.0,368.3200073242187,363.8800048828125,364.1799926757813,394.9551989746094,-0.07129747340491921,-0.04882978771366675,1892,2025-07-16,364.5899963378906,-0.0077347358746652,0.0032914019009975,0.0227104387461669,2025-07-16,2025-07-18,2025-07-22
2025-07-18,ADBE,ADBE:2025-07-17,2025-07-17,366.4500122070313,361.7699890136719,366.9599914550781,3.790008544921875,0.47229670427003567,367.0700073242187,367.7900085449219,364.0,365.7900085449219,393.9371990966797,-0.07058668056232043,-0.031759423401862774,1895,2025-07-21,366.489990234375,0.0032470257663659,0.0162896706043327,0.0115964968027695,2025-07-21,2025-07-23,2025-07-25
2025-08-07,ADBE,ADBE:2025-08-06,2025-08-06,345.6199951171875,338.739990234375,345.6600036621094,14.730010986328125,0.38153366772121083,344.0400085449219,347.3800048828125,332.6499938964844,338.2699890136719,381.3825988769531,-0.09731321047888852,-0.07206142123623971,1909,2025-08-08,338.67999267578125,0.0069977417280042,-0.0007381599309272,0.0292311152432369,2025-08-08,2025-08-12,2025-08-14
2025-08-11,ADBE,ADBE:2025-08-08,2025-08-08,341.04998779296875,338.2699890136719,341.57000732421875,10.92999267578125,0.1079591460656589,334.5299987792969,343.3999938964844,332.4700012207031,333.6499938964844,378.3647985839844,-0.10240318240289681,-0.08008308578375045,1911,2025-08-12,333.5199890136719,0.0147217672818646,0.0451547075278189,0.0711201787060828,2025-08-12,2025-08-14,2025-08-18
2025-09-09,ADBE,ADBE:2025-09-08,2025-09-08,358.6600036621094,348.9700012207031,358.82000732421875,9.720001220703125,0.10596693929451657,362.75,362.75,353.0299987792969,354.05999755859375,359.91919799804685,-0.005254666360892779,-0.009472762877935192,1931,2025-09-10,356.2900085449219,-0.0172050990367292,-0.0194505122994085,-0.0099918534710885,2025-09-10,2025-09-12,2025-09-16
2025-09-12,ADBE,ADBE:2025-09-11,2025-09-11,350.54998779296875,350.1600036621094,355.25,24.8900146484375,0.3113698448741779,361.1000061035156,366.5,341.6099853515625,349.3599853515625,357.77159729003904,-0.02177683023468957,-0.01627618412012044,1934,2025-09-15,350.5,-0.0097004105463177,0.0330100066311518,0.0439372151112249,2025-09-15,2025-09-17,2025-09-19
2025-10-03,ADBE,ADBE:2025-10-02,2025-10-02,351.4800109863281,343.7200012207031,351.7300109863281,6.279998779296875,0.0684701846119456,352.0,352.5899963378906,346.30999755859375,346.739990234375,353.5017980957031,-0.007120852171343506,-0.04348767441449075,1949,2025-10-06,346.92999267578125,0.0092526505070897,0.0053036531194643,-0.0271524028162061,2025-10-06,2025-10-08,2025-10-10
2025-11-13,ADBE,ADBE:2025-11-12,2025-11-12,337.04998779296875,333.2200012207031,338.3999938964844,7.20001220703125,0.11111346585851736,335.010009765625,340.0,332.79998779296875,333.6000061035156,346.9707995605469,-0.029191962828166718,-0.0023974356056131185,1978,2025-11-14,332.9100036621094,-0.0054069216627501,-0.0253522043452095,-0.0616082711243543,2025-11-14,2025-11-18,2025-11-20
2025-11-26,ADBE,ADBE:2025-11-25,2025-11-25,319.54998779296875,318.7300109863281,321.5199890136719,5.57000732421875,0.25493375995792195,319.20001220703125,321.6700134277344,316.1000061035156,317.5199890136719,341.32059875488284,-0.06622104974327903,-0.04102398828898701,1987,2025-11-28,317.79998779296875,0.0073317091860987,0.015764663178303,0.0343927741132568,2025-11-28,2025-12-02,2025-12-04
2018-04-02,AMD,AMD:2018-03-29,2018-03-29,10.050000190734863,9.8100004196167,10.079999923706056,0.630000114440918,0.03174523881968444,9.989999771118164,10.140000343322754,9.510000228881836,9.529999732971191,11.7903999710083,-0.15184145712241248,-0.12303663549028221,61,2018-04-03,9.630000114440918,-0.008307364772103,0.0404984775377019,-0.0103842554809286,2018-04-03,2018-04-05,2018-04-09
2018-11-21,AMD,AMD:2018-11-20,2018-11-20,19.209999084472656,19.11000061035156,19.579999923706055,1.8099994659423828,0.1270716077899935,20.049999237060547,20.309999465942383,18.5,18.729999542236328,25.080000038146974,-0.24219715251906682,-0.07108323012622075,225,2018-11-23,18.61000061035156,0.0413755252639131,0.1311122271189915,0.1515314133442655,2018-11-23,2018-11-27,2018-11-29
2019-08-27,AMD,AMD:2019-08-26,2019-08-26,30.280000686645508,29.540000915527344,30.719999313354492,1.2899990081787145,0.46511693238961266,30.600000381469727,30.88999938964844,29.600000381469727,30.200000762939453,31.555600051879882,-0.03981529963497643,-0.06629662652784918,415,2019-08-28,29.920000076293945,0.0287433358341784,0.0511363864553513,0.0344251565514397,2019-08-28,2019-08-30,2019-09-04
2019-10-01,AMD,AMD:2019-09-30,2019-09-30,28.989999771118164,28.719999313354492,29.049999237060547,0.9000015258789027,0.1333340397575518,29.049999237060547,29.540000915527344,28.63999938964844,28.760000228881836,30.903800048828124,-0.06440411809777091,-0.05968213289462454,439,2019-10-02,28.5,-0.0066666854055303,0.0178947448730468,-0.0094737002724095,2019-10-02,2019-10-04,2019-10-08
2020-03-03,AMD,AMD:2020-03-02,2020-03-02,47.459999084472656,45.47999954223633,47.68000030517578,4.530002593994141,0.23841086371264988,49.029998779296875,50.20000076293945,45.66999816894531,46.75,49.33359977722168,-0.036239520396481706,-0.1419273566065955,544,2020-03-04,48.25,0.0385492354477008,0.0070466352867957,-0.0594818431478707,2020-03-04,2020-03-06,2020-03-10
2020-03-20,AMD,AMD:2020-03-19,2020-03-19,39.81999969482422,39.119998931884766,41.70000076293945,2.8999977111816406,0.010344414818400536,41.5099983215332,42.47999954223633,39.58000183105469,39.61000061035156,48.49099975585938,-0.18159135728715947,-0.17231346519134383,557,2020-03-23,40.619998931884766,0.0251107947952953,0.0987198976286236,0.1467258260928117,2020-03-23,2020-03-25,2020-03-27
2020-07-07,AMD,AMD:2020-07-06,2020-07-06,53.400001525878906,52.34000015258789,53.52000045776367,1.30999755859375,0.05343498113031729,53.279998779296875,54.16999816894531,52.86000061035156,52.93000030517578,53.522800064086915,-0.0035045017332940853,-0.015305145184649871,631,2020-07-08,53.0099983215332,0.0079230710609543,0.0541407816912946,0.0322581202285248,2020-07-08,2020-07-10,2020-07-14
2021-01-20,AMD,AMD:2021-01-19,2021-01-19,89.44999694824219,88.20999908447266,89.58000183105469,2.1800003051757812,0.06880802976163396,90.5500030517578,90.77999877929688,88.5999984741211,88.75,90.10700012207032,-0.00602279283817353,-0.030877638237102212,767,2021-01-21,89.33999633789062,0.0245131243695544,0.0536154142810931,-0.005596597498269,2021-01-21,2021-01-25,2021-01-27
2021-02-03,AMD,AMD:2021-02-02,2021-02-02,88.86000061035156,87.66000366210938,89.27999877929688,2.1400070190429688,0.25700992887573754,88.5999984741211,89.4800033569336,87.33999633789062,87.88999938964844,91.56419998168946,-0.029034972677278503,-0.006595822895690051,777,2021-02-04,88.22000122070312,-0.0043074685735021,0.0368397183748543,0.0468147494476429,2021-02-04,2021-02-08,2021-02-10
2021-02-09,AMD,AMD:2021-02-08,2021-02-08,91.47000122070312,87.9000015258789,91.98999786376952,2.75,0.1309093128551188,91.38999938964844,93.3000030517578,90.5500030517578,90.91000366210938,91.89200012207031,-0.0036815834099653832,-0.028258749711354558,781,2021-02-10,91.5,0.0092896008100666,0.0248087064816,-0.0170491536458333,2021-02-10,2021-02-12,2021-02-17
2021-03-02,AMD,AMD:2021-03-01,2021-03-01,86.38999938964844,84.51000213623047,86.5,2.9099960327148438,0.03092661875784898,86.91999816894531,86.94999694824219,84.04000091552734,84.12999725341797,90.52100006103515,-0.04831045296052339,-0.07870318350879102,795,2021-03-03,84.27999877929688,-0.0405790011684886,-0.0683436428530821,-0.0682249653925299,2021-03-03,2021-03-05,2021-03-09
2021-03-10,AMD,AMD:2021-03-09,2021-03-09,78.52999877929688,73.95999908447266,79.22000122070312,2.6299972534179688,0.04182246989577018,79.75,80.04000091552734,77.41000366210938,77.5199966430664,88.61359985351562,-0.11664196954624828,-0.07328297428631081,801,2021-03-11,79.4000015258789,0.0230478815602821,0.0390428011907619,0.0406800461645622,2021-03-11,2021-03-15,2021-03-17
2021-04-22,AMD,AMD:2021-04-21,2021-04-21,81.61000061035156,79.2699966430664,81.66000366210938,3.2000045776367188,0.1468751713631086,81.61000061035156,81.79000091552734,78.58999633789062,79.05999755859375,82.07220016479492,-0.008494793705646653,-0.007177571287041773,831,2021-04-23,80.20999908447266,0.0317915855986021,0.0623363677480444,0.0461289692042021,2021-04-23,2021-04-27,2021-04-29
2021-05-05,AMD,AMD:2021-05-04,2021-05-04,78.61000061035156,78.55000305175781,78.66999816894531,1.94000244140625,0.242268365581249,79.05000305175781,79.30000305175781,77.36000061035156,77.83000183105469,80.660400390625,-0.027087099188551345,-0.008325924822308872,840,2021-05-06,77.62999725341797,0.0033492482987176,-0.0211258462923136,-0.0385160114589323,2021-05-06,2021-05-10,2021-05-12
2021-05-18,AMD,AMD:2021-05-17,2021-05-17,74.6500015258789,74.58999633789062,75.5199966430664,1.529998779296875,0.13072205046374788,74.73999786376953,75.7699966430664,74.23999786376953,74.44000244140625,79.56940032958984,-0.06171205458505258,-0.04964992201603269,849,2021-05-19,73.16000366210938,0.0419628149419326,0.0548112945067109,0.0642427106749365,2021-05-19,2021-05-21,2021-05-25
2022-01-13,AMD,AMD:2022-01-12,2022-01-12,137.47000122070312,137.30999755859375,140.57000732421875,9.44000244140625,0.09851776420004527,139.44000244140625,141.25,131.80999755859375,132.74000549316406,144.57199981689453,-0.04845163797729912,-0.07277751035958191,1016,2022-01-14,131.67999267578125,0.0394897668306724,-0.0258960251593899,-0.097736906386953,2022-01-14,2022-01-19,2022-01-21
2022-04-14,AMD,AMD:2022-04-13,2022-04-13,97.73999786376952,95.0999984741211,98.33000183105467,5.470001220703111,0.025594032615305715,98.37000274658205,98.38999938964844,92.91999816894533,93.05999755859376,112.84720001220703,-0.13840828751484502,-0.18017113854217526,1079,2022-04-18,92.02999877929688,0.020210807725991,0.0216233607537241,-0.0422688193115953,2022-04-18,2022-04-20,2022-04-22
2022-04-20,AMD,AMD:2022-04-19,2022-04-19,96.93000030517578,93.88999938964844,97.06999969482422,4.710006713867173,0.17409735158337808,97.83999633789062,97.91000366210938,93.1999969482422,94.0199966430664,111.19699996948242,-0.13292780834443352,-0.12304350515082496,1082,2022-04-21,95.16000366210938,-0.055800808991589,-0.0469735293051799,-0.1077133207812319,2022-04-21,2022-04-25,2022-04-27
2022-04-29,AMD,AMD:2022-04-28,2022-04-28,89.63999938964844,84.91000366210938,90.58000183105467,6.410003662109375,0.02184076593840309,88.05000305175781,91.79000091552734,85.37999725341797,85.5199966430664,106.40600006103516,-0.1626295967895921,-0.08287291437647559,1089,2022-05-02,85.66000366210938,0.0487974842059248,0.1606349978820103,0.113004812770783,2022-05-02,2022-05-04,2022-05-06
2022-06-22,AMD,AMD:2022-06-21,2022-06-21,83.79000091552734,81.56999969482422,85.80999755859375,3.0799942016601562,0.1461031803240517,84.4000015258789,86.37999725341797,83.30000305175781,83.75,93.57440002441406,-0.10785204234964885,-0.20690960998232422,1125,2022-06-23,84.31999969482422,-0.022414603848302,0.021821679007882,-0.0750711794825023,2022-06-23,2022-06-27,2022-06-29
2022-06-27,AMD,AMD:2022-06-24,2022-06-24,87.08000183105469,82.43000030517578,87.52999877929688,2.970001220703125,0.3063984134976007,87.36000061035156,88.22000122070312,85.25,86.16000366210938,92.88360015869141,-0.06481431827350159,-0.11862349047260068,1128,2022-06-28,85.70999908447266,-0.0575195468187668,-0.1078053664971215,-0.1226228240403105,2022-06-28,2022-06-30,2022-07-05
2022-10-18,AMD,AMD:2022-10-17,2022-10-17,57.959999084472656,55.939998626708984,58.5099983215332,4.090000152587891,0.37163730717825266,59.90999984741211,60.4900016784668,56.400001525878906,57.91999816894531,78.4626000213623,-0.26915628850224227,-0.12327940478951938,1207,2022-10-19,57.33000183105469,-0.0017443273264329,0.0259898450406541,0.0722134878322273,2022-10-19,2022-10-21,2022-10-25
2023-08-15,AMD,AMD:2023-08-14,2023-08-14,111.9800033569336,107.56999969482422,111.98999786376952,3.0100021362304545,0.3920264012348936,111.98999786376952,113.18000030517578,110.16999816894533,111.3499984741211,114.95320022583007,-0.026966503460786773,-0.021153829865971363,1413,2023-08-16,110.08999633789062,-0.026342029184774,-0.0421473298573582,-0.0402397386060821,2023-08-16,2023-08-18,2023-08-22
2023-08-22,AMD,AMD:2023-08-21,2023-08-21,108.22000122070312,105.4499969482422,108.54000091552734,4.870002746582031,0.16632540680942662,109.4000015258789,109.72000122070312,104.8499984741211,105.66000366210938,113.45320022583007,-0.049354162475405694,-0.0735381946530883,1418,2023-08-23,105.6500015258789,0.0357785018902339,-0.0321817461123848,0.0025555763290763,2023-08-23,2023-08-25,2023-08-29
2023-08-24,AMD,AMD:2023-08-23,2023-08-23,109.43000030517578,105.66000366210938,110.08000183105467,10.769996643066392,0.08635103018109824,111.05999755859376,111.63999938964844,100.87000274658205,101.8000030517578,112.6034002685547,-0.03208972272686483,-0.009414328813571515,1420,2023-08-25,101.16999816894533,0.0106751196066168,0.0469506779279358,0.0449738374429906,2023-08-25,2023-08-29,2023-08-31
2023-08-31,AMD,AMD:2023-08-30,2023-08-30,106.58999633789062,105.91999816894533,107.66999816894533,3.1999969482422017,0.26875044703526096,106.19000244140624,108.05999755859376,104.86000061035156,105.72000122070312,111.01140014648438,-0.040932486385455435,-0.005597593897281539,1425,2023-09-01,107.0,0.0228971677405811,0.0213083998065128,-0.0085047071225174,2023-09-01,2023-09-06,2023-09-08
2023-09-26,AMD,AMD:2023-09-25,2023-09-25,97.37999725341795,96.1999969482422,97.4499969482422,2.560005187988267,0.26953165745280216,96.5,97.83000183105467,95.2699966430664,95.95999908447266,107.78359954833985,-0.1002561410539956,-0.07538931318280717,1442,2023-09-27,96.81999969482422,0.01291055571101,0.0619706674128479,0.0336707513582521,2023-09-27,2023-09-29,2023-10-03
2024-04-04,AMD,AMD:2024-04-03,2024-04-03,180.77000427246097,178.6999969482422,182.0500030517578,17.37001037597659,0.01036314490745904,182.9199981689453,183.02000427246097,165.64999389648438,165.8300018310547,181.85259887695312,-0.0062362127508200915,-0.003582812826836479,1573,2024-04-05,168.10000610351562,0.013801261042198,0.0159428469867568,0.0142771791156655,2024-04-05,2024-04-09,2024-04-11
2024-04-24,AMD,AMD:2024-04-23,2024-04-23,152.27000427246094,148.63999938964844,153.5,7.029998779296875,0.15789485108027035,156.55999755859375,157.66000366210938,150.6300048828125,151.74000549316406,178.16879913330078,-0.14729165546076206,-0.10838502540778705,1587,2024-04-25,149.14999389648438,0.0309084867516056,0.0740865136033925,-0.0327186712954902,2024-04-25,2024-04-29,2024-05-01
2024-04-30,AMD,AMD:2024-04-29,2024-04-29,160.1999969482422,157.39999389648438,160.77000427246094,3.9399871826171875,0.007613928144037241,160.6300048828125,162.2899932861328,158.35000610351562,158.3800048828125,176.7461993408203,-0.09520153103320195,-0.000748567680226353,1591,2024-05-01,148.11000061035156,-0.0259266512866535,0.0168118660651064,0.0426709340313646,2024-05-01,2024-05-03,2024-05-07
2024-06-13,AMD,AMD:2024-06-12,2024-06-12,160.24000549316406,158.9600067138672,162.24000549316406,5.350006103515625,0.4841109127312346,160.39999389648438,162.66000366210938,157.30999755859375,159.89999389648438,159.9382000732422,-0.0007208652980953412,-0.029671756779669267,1622,2024-06-14,158.5,0.0071293683458202,-0.0244163729791009,0.0172239478078173,2024-06-14,2024-06-18,2024-06-21
2024-07-23,AMD,AMD:2024-07-22,2024-07-22,155.8699951171875,151.5800018310547,156.6999969482422,3.25,0.061537522536057696,154.9499969482422,157.0500030517578,153.8000030517578,154.0,163.80839996337892,-0.04827444302860562,-0.12770724166116454,1648,2024-07-24,152.72000122070312,-0.0529727362049937,-0.0833551311274698,-0.0935044438525124,2024-07-24,2024-07-26,2024-07-30
2024-07-29,AMD,AMD:2024-07-26,2024-07-26,139.99000549316406,138.32000732421875,141.2899932861328,5.839996337890625,0.17123298408799936,141.19000244140625,144.58999633789062,138.75,139.75,162.75600036621094,-0.14197836398914865,-0.22917237474429708,1652,2024-07-30,139.8800048828125,-0.0102945552698017,-0.0524736298288589,-0.0361738445951076,2024-07-30,2024-08-01,2024-08-05
2024-11-08,AMD,AMD:2024-11-07,2024-11-07,149.82000732421875,145.10000610351562,150.1199951171875,3.1800079345703125,0.1320745663491759,149.38999938964844,150.7100067138672,147.52999877929688,147.9499969482422,154.4378012084961,-0.02959152433766099,-0.023592251431108102,1725,2024-11-11,147.3800048828125,-0.0002035471454946,-0.0548242744155111,-0.0846791326696688,2024-11-11,2024-11-13,2024-11-15
2024-11-20,AMD,AMD:2024-11-19,2024-11-19,139.38999938964844,138.92999267578125,139.75,5.290008544921875,0.40075745775716354,138.9600067138672,140.77000427246094,135.47999572753906,137.60000610351562,154.2164013671875,-0.0975750720243237,-0.01602431324141007,1733,2024-11-21,138.8699951171875,-0.0099372771120134,0.0162742841872922,-0.0189385015949923,2024-11-21,2024-11-25,2024-11-27
2024-11-26,AMD,AMD:2024-11-25,2024-11-25,141.1300048828125,138.35000610351562,142.35000610351562,6.1800079345703125,0.17799428660314606,142.5500030517578,142.8000030517578,136.6199951171875,137.72000122070312,153.19060150146484,-0.08030229927905452,-0.04221242594542873,1737,2024-11-27,137.1999969482422,-0.0069970224229689,0.0354227457613207,0.0494898592999486,2024-11-27,2024-12-02,2024-12-04
2025-01-14,AMD,AMD:2025-01-13,2025-01-13,117.31999969482422,116.04000091552734,117.4800033569336,4.160003662109375,0.3822103216813997,118.0,118.66000366210938,114.5,116.08999633789062,132.8644007873535,-0.12129460874428499,-0.06189027678609349,1768,2025-01-15,117.5500030517578,0.0205018797970912,0.0332624069009446,0.0527434860679016,2025-01-15,2025-01-17,2025-01-22
2025-01-16,AMD,AMD:2025-01-15,2025-01-15,119.95999908447266,116.08999633789062,120.41999816894533,2.839996337890625,0.06690235436970948,120.23999786376952,121.08999633789062,118.25,118.44000244140624,131.91380065917969,-0.09383588941464638,-0.020254845699798074,1770,2025-01-17,120.77999877929688,0.0056300737874517,0.0245901742897867,0.0170557838997664,2025-01-17,2025-01-22,2025-01-24
2025-02-20,AMD,AMD:2025-02-19,2025-02-19,114.69000244140624,114.27999877929688,116.11000061035156,3.440002441406236,0.3081386064832119,115.01000213623048,116.5500030517578,113.11000061035156,114.16999816894533,120.25139968872071,-0.05054172110652844,-0.04025102559492688,1793,2025-02-21,114.8499984741211,-0.034915125724917,-0.0948193255057139,-0.1335654901323063,2025-02-21,2025-02-25,2025-02-27
2025-03-03,AMD,AMD:2025-02-28,2025-02-28,99.86000061035156,99.51000213623048,101.8000030517578,5.25,0.21714419410342262,101.5199966430664,102.33999633789062,97.08999633789062,98.2300033569336,116.52539978027343,-0.14718526035057877,-0.10687771406112256,1800,2025-03-04,96.0,0.0494791666666667,0.0296874841054279,0.0065624713897705,2025-03-04,2025-03-06,2025-03-10
2025-03-10,AMD,AMD:2025-03-07,2025-03-07,100.30999755859376,98.8499984741211,100.6500015258789,5.4599990844726705,0.14651933269335798,98.56999969482422,101.29000091552734,95.83000183105467,96.62999725341795,114.30719970703124,-0.1267261519613574,-0.09500179652836371,1805,2025-03-11,96.79000091552734,-0.0003099367601313,0.0136377692151923,0.0805867894264269,2025-03-11,2025-03-13,2025-03-17
2025-12-02,AMD,AMD:2025-12-01,2025-12-01,219.7599945068359,217.52999877929688,220.97999572753903,11.589996337890597,0.0733396352108215,221.7899932861328,225.97999572753903,214.38999938964844,215.2400054931641,221.15259979248046,-0.001288858399362991,-0.10959849000985489,1990,2025-12-03,216.2599945068359,0.00619629904151,0.0079071800485648,0.0247849844932004,2025-12-03,2025-12-05,2025-12-09
2025-12-04,AMD,AMD:2025-12-03,2025-12-03,217.6000061035156,215.2400054931641,218.1999969482422,4.9799957275390625,0.36947749326681806,216.8800048828125,219.1199951171875,214.13999938964844,215.97999572753903,223.38859985351561,-0.021083564786781528,-0.05510437948925573,1992,2025-12-05,217.1699981689453,0.0036837641410092,0.0204908458155457,0.0196159439275858,2025-12-05,2025-12-09,2025-12-11
2018-04-24,AMT,AMT:2018-04-23,2018-04-23,138.1999969482422,136.6199951171875,138.39999389648438,3.0,0.2666676839192708,138.72000122070312,139.16000366210938,136.16000366210938,136.9600067138672,140.92320037841796,-0.019197355317944864,-0.03484884005924915,77,2018-04-25,136.14999389648438,-0.0030848195943705,-0.0066837197511163,-0.0077119929492399,2018-04-25,2018-04-27,2018-05-01
2018-05-01,AMT,AMT:2018-04-30,2018-04-30,136.36000061035156,135.24000549316406,137.74000549316406,4.80999755859375,0.25987539177991803,137.07000732421875,138.66000366210938,133.85000610351562,135.10000610351562,140.82340057373048,-0.03237114420459397,-0.015593442069643415,82,2018-05-02,134.38999938964844,0.0154773557593668,0.033187043188652,0.0194954619323355,2018-05-02,2018-05-04,2018-05-08
2018-10-01,AMT,AMT:2018-09-28,2018-09-28,145.3000030517578,143.38999938964844,145.42999267578125,2.1299896240234375,0.032860284688840974,146.08999633789062,146.08999633789062,143.9600067138672,144.02999877929688,147.60760040283202,-0.015146260370070608,-0.012840541873085476,188,2018-10-02,144.0399932861328,0.0006249069763624,0.0027770700771891,0.0121494035099241,2018-10-02,2018-10-04,2018-10-08
2018-10-03,AMT,AMT:2018-10-02,2018-10-02,144.1300048828125,144.02999877929688,144.60000610351562,3.0,0.3866678873697917,144.14999389648438,145.75,142.75,143.91000366210938,147.7202005004883,-0.023994813400053272,-0.022250856100751726,190,2018-10-04,143.72999572753906,0.0049398645722713,0.0143324122996482,0.0123147869274011,2018-10-04,2018-10-08,2018-10-10
2019-11-01,AMT,AMT:2019-10-31,2019-10-31,218.0800018310547,217.2400054931641,219.5,7.4099884033203125,0.4278006923094424,219.1499938964844,219.7599945068359,212.3500061035156,215.52000427246097,224.116201171875,-0.028060038141804022,-0.03465982782580046,462,2019-11-04,214.7599945068359,-0.0171819113289264,-0.0315701199139352,-0.0413950438491255,2019-11-04,2019-11-06,2019-11-08
2019-11-12,AMT,AMT:2019-11-11,2019-11-11,207.3500061035156,205.8699951171875,208.58999633789065,2.4199981689453693,0.16528685914614555,207.44000244140625,208.77000427246097,206.3500061035156,206.75,220.83040100097656,-0.06368053586796674,-0.016132829876557064,469,2019-11-13,207.77999877929688,0.0122245093841772,0.0269034381111354,0.0374916189753009,2019-11-13,2019-11-15,2019-11-19
2020-08-13,AMT,AMT:2020-08-12,2020-08-12,251.3000030517578,246.1999969482422,252.9499969482422,2.82000732421875,0.19503603662098856,250.8999938964844,253.0,250.17999267578125,250.72999572753903,259.801799621582,-0.03396312279486491,-0.07368500447318904,658,2020-08-14,250.8300018310547,-0.0028306291459719,0.0068572387997734,-0.012558342830915,2020-08-14,2020-08-18,2020-08-20
2020-10-19,AMT,AMT:2020-10-16,2020-10-16,242.72000122070312,239.6000061035156,244.0800018310547,6.539993286132841,0.06727872983282947,243.66000366210935,245.6999969482422,239.16000366210935,239.6000061035156,246.59739959716796,-0.017159212656179923,-0.0023838956998750715,704,2020-10-20,241.67999267578125,0.0087719730231066,-0.0244537759948076,-0.0188679149982889,2020-10-20,2020-10-22,2020-10-26
2020-11-30,AMT,AMT:2020-11-27,2020-11-27,234.08999633789065,233.0,234.08999633789065,5.3899993896484375,0.45454493982827493,234.0,234.13999938964844,228.75,231.1999969482422,238.1659994506836,-0.018293003131700458,-0.016469888909781294,733,2020-12-01,232.0,0.0165086285821323,-0.0249137878417968,-0.0333189471014614,2020-12-01,2020-12-03,2020-12-07
2020-12-14,AMT,AMT:2020-12-11,2020-12-11,219.82000732421875,219.41000366210935,220.1699981689453,6.029998779296847,0.053069218739715464,220.97000122070312,222.42999267578125,216.3999938964844,216.72000122070312,234.98559997558593,-0.06664987817099854,-0.06095941405831917,743,2020-12-15,217.0800018310547,0.0007831129883517,0.0259351613936051,0.0124377967821442,2020-12-15,2020-12-17,2020-12-21
2020-12-23,AMT,AMT:2020-12-22,2020-12-22,220.4900054931641,219.77999877929688,220.8500061035156,6.220001220703097,0.003213667162213821,221.27000427246097,223.6000061035156,217.3800048828125,217.3999938964844,231.6982000732422,-0.050424097503897314,-0.013952842487685357,750,2020-12-24,216.44000244140625,0.0102106423496108,0.0186656497900683,0.0370541682775673,2020-12-24,2020-12-29,2020-12-31
2021-01-14,AMT,AMT:2021-01-13,2021-01-13,216.4600067138672,214.91000366210935,217.1699981689453,2.8300018310547443,0.20494751087796192,217.0,217.2400054931641,214.41000366210935,214.9900054931641,226.56880004882814,-0.046174533983198596,-0.01823289682316398,764,2021-01-15,214.9900054931641,0.0227917287840628,0.0362342112986293,0.0415367805368291,2021-01-15,2021-01-20,2021-01-22
2021-01-19,AMT,AMT:2021-01-15,2021-01-15,219.88999938964844,214.9900054931641,220.4600067138672,5.559997558593778,0.16546736922992397,220.86000061035156,221.52000427246097,215.9600067138672,216.8800048828125,225.8782000732422,-0.028247941634657825,-0.020360007072638187,766,2021-01-20,217.75,0.0230998795834529,0.0283352384337327,0.0667737923588189,2021-01-20,2021-01-22,2021-01-26
2021-09-30,AMT,AMT:2021-09-29,2021-09-29,270.010009765625,268.75,271.3900146484375,7.100006103515625,0.01972035606676037,271.3699951171875,272.3699951171875,265.2699890136719,265.4100036621094,286.85260131835935,-0.05968871831556544,-0.0916705883898924,943,2021-10-01,267.010009765625,-0.0014981626135051,-0.0092132200392621,-0.003370751586626,2021-10-01,2021-10-05,2021-10-07
2021-10-07,AMT,AMT:2021-10-06,2021-10-06,267.9599914550781,264.54998779296875,268.45001220703125,6.170013427734375,0.08103710078692644,269.20001220703125,271.7799987792969,265.6099853515625,266.1099853515625,284.9952001953125,-0.06101710258703574,-0.08717423744516872,948,2021-10-08,266.0799865722656,-0.0150330735187166,-0.0057501460331791,0.0067273325137353,2021-10-08,2021-10-12,2021-10-14
2021-11-26,AMT,AMT:2021-11-24,2021-11-24,265.4800109863281,262.0,266.010009765625,5.230010986328125,0.11472367937354487,266.5799865722656,267.5,262.2699890136719,262.8699951171875,273.40980041503906,-0.03143137783519301,-0.03769752686825578,983,2021-11-29,264.1300048828125,0.010638691199966,-0.0196115268239951,0.0107143698934213,2021-11-29,2021-12-01,2021-12-03
2022-01-26,AMT,AMT:2022-01-25,2022-01-25,250.52999877929688,248.3999938964844,252.3999938964844,13.970001220703097,0.15748117500310918,250.6300048828125,254.3699951171875,240.3999938964844,242.6000061035156,267.29200073242185,-0.06477479601347802,-0.05249425018181164,1024,2022-01-27,241.5500030517578,-0.0211964823485407,0.041192286576416,0.0446698122534108,2022-01-27,2022-01-31,2022-02-02
2022-05-05,AMT,AMT:2022-05-04,2022-05-04,245.63999938964844,241.0099945068359,246.0399932861328,6.7700042724609375,0.26292432141254857,244.97999572753903,246.47000122070312,239.6999969482422,241.47999572753903,246.39459991455078,-0.0019259389934499493,-0.0820284661184626,1093,2022-05-06,239.25,0.0201463211043626,-0.0606060606060605,-0.0574712643678161,2022-05-06,2022-05-10,2022-05-12
2022-05-16,AMT,AMT:2022-05-13,2022-05-13,232.66000366210935,225.5,232.88999938964844,4.8600006103515625,0.039095147642894144,232.61000061035156,234.88999938964844,230.02999877929688,230.22000122070312,246.14779998779298,-0.05541411917647221,-0.03468592009857019,1100,2022-05-17,233.1999969482422,-0.0008576198578877,0.0002144213225221,0.0695540370195764,2022-05-17,2022-05-19,2022-05-23
2022-09-02,AMT,AMT:2022-09-01,2022-09-01,257.6400146484375,254.0500030517578,257.75,10.500015258789091,0.03523903221634306,259.5400085449219,260.9800109863281,250.47999572753903,250.8500061035156,263.0813998413086,-0.021238355377272145,-0.06479355409883136,1176,2022-09-06,252.11000061035156,0.008210670185309,0.037920006323582,0.0514854456233979,2022-09-06,2022-09-08,2022-09-12
2022-10-14,AMT,AMT:2022-10-13,2022-10-13,189.8500061035156,183.7899932861328,191.44000244140625,7.6100006103515625,0.09461250498767868,191.61000061035156,192.6699981689453,185.05999755859375,185.77999877929688,244.04180084228517,-0.2274719448267638,-0.11168816667064119,1205,2022-10-17,189.7599945068359,0.014386651904281,0.0064819299216611,-0.0115935761589777,2022-10-17,2022-10-19,2022-10-21
2023-03-06,AMT,AMT:2023-03-03,2023-03-03,202.5,197.52999877929688,202.5800018310547,6.020004272460909,0.07142983876895657,203.8800048828125,204.16000366210935,198.13999938964844,198.57000732421875,214.8238003540039,-0.05825429757589684,-0.04481132075471694,1301,2023-03-07,198.1199951171875,-0.0290228151711738,-0.0349283178855932,-0.0090348946610564,2023-03-07,2023-03-09,2023-03-13
2023-03-09,AMT,AMT:2023-03-08,2023-03-08,195.77000427246097,192.3699951171875,197.22999572753903,7.020004272460966,0.0641020903658844,195.58999633789065,197.77000427246097,190.75,191.1999969482422,213.73760009765624,-0.08588145557071325,-0.017613380812608437,1304,2023-03-10,191.16000366210935,0.0005754373731128,0.0453546662630861,0.072661640110659,2023-03-10,2023-03-14,2023-03-16
2023-05-15,AMT,AMT:2023-05-12,2023-05-12,200.2899932861328,195.69000244140625,200.41000366210935,8.099990844726591,0.14321049052352725,200.77000427246097,202.3999938964844,194.3000030517578,195.4600067138672,200.30800018310546,-0.0007922559908397631,-0.020059719730706527,1350,2023-05-16,195.22999572753903,-0.021461878466943,-0.0215130719671974,-0.0090149799997545,2023-05-16,2023-05-18,2023-05-22
2023-08-10,AMT,AMT:2023-08-09,2023-08-09,187.1000061035156,184.61000061035156,187.1999969482422,2.8300018310546875,0.15547779389325325,187.1699981689453,189.3300018310547,186.5,186.94000244140625,189.98099945068358,-0.01465220703733161,-0.015159436197449971,1410,2023-08-11,185.8300018310547,0.0068880092917427,-0.000968669928411,-0.0512296409549408,2023-08-11,2023-08-15,2023-08-17
2023-08-24,AMT,AMT:2023-08-23,2023-08-23,177.83999633789062,175.72999572753906,178.49000549316406,3.25,0.26769080528846156,178.39999389648438,179.52999877929688,176.27999877929688,177.14999389648438,188.1453991699219,-0.05616519377971729,-0.049492300713778414,1420,2023-08-25,177.08999633789062,0.002484626181632,0.0249026130967613,0.0238862221119322,2023-08-25,2023-08-29,2023-08-31
2023-09-15,AMT,AMT:2023-09-14,2023-09-14,181.0800018310547,176.9499969482422,182.22000122070312,3.1899871826171875,0.2821308817128179,180.97000122070312,182.42999267578125,179.24000549316406,180.13999938964844,184.65599914550782,-0.021048416890418253,-0.00658326177462365,1435,2023-09-18,179.91000366210938,-0.0021121942920204,-0.0138958365244395,-0.0761491671912378,2023-09-18,2023-09-20,2023-09-22
2024-02-12,AMT,AMT:2024-02-09,2024-02-09,194.44000244140625,193.63999938964844,194.5099945068359,3.9700012207030966,0.08312386135646371,194.9900054931641,195.41000366210935,191.44000244140625,191.77000427246097,206.319599609375,-0.05889321203119935,-0.014445693860373199,1537,2024-02-13,188.1699981689453,0.001328585866146,0.0068555484799637,0.0012222762915294,2024-02-13,2024-02-15,2024-02-20
2024-02-26,AMT,AMT:2024-02-23,2024-02-23,189.92999267578125,188.0099945068359,191.27000427246097,4.660003662109375,0.2145921060386774,189.1999969482422,191.3800048828125,186.72000122070312,187.72000122070312,202.69579956054687,-0.06457964911467484,-0.019159299347041414,1546,2024-02-27,189.19000244140625,-0.0132671374450791,0.0511126277507194,0.0896452837687911,2024-02-27,2024-02-29,2024-03-04
2024-04-04,AMT,AMT:2024-04-03,2024-04-03,192.30999755859375,192.17999267578125,193.25,4.710006713867159,0.0445873491536348,194.08999633789065,194.8000030517578,190.08999633789065,190.3000030517578,195.473798828125,-0.017387711199463363,-0.0219702345366537,1573,2024-04-05,189.25,0.0048612849085618,0.0188110835328598,-0.0560634114153318,2024-04-05,2024-04-09,2024-04-11
2024-04-15,AMT,AMT:2024-04-12,2024-04-12,179.1999969482422,178.63999938964844,179.67999267578125,4.2599945068359375,0.4929562330084568,179.1999969482422,180.27999877929688,176.02000427246094,178.1199951171875,193.59659912109376,-0.07629819444562491,-0.09307151035217631,1580,2024-04-16,177.9499969482422,-0.0322561974308126,-0.0390558981030139,-0.0317504579566119,2024-04-16,2024-04-18,2024-04-22
2024-04-30,AMT,AMT:2024-04-29,2024-04-29,174.99000549316406,171.69000244140625,175.55999755859375,6.459991455078125,0.17027744577926218,175.52999877929688,176.9199981689453,170.4600067138672,171.55999755859375,189.51419921875,-0.07815381024308454,-0.01757236531454076,1591,2024-05-01,173.27999877929688,0.0205447690655171,0.0488227537711523,0.0461680520334573,2024-05-01,2024-05-03,2024-05-07
2024-11-01,AMT,AMT:2024-10-31,2024-10-31,213.5399932861328,213.47999572753903,216.2899932861328,8.0,0.04249954223632457,217.7599945068359,218.9199981689453,210.9199981689453,211.2599945068359,228.18020050048827,-0.06488527787090248,-0.047376919175932675,1720,2024-11-04,213.0500030517578,-0.0044121212294837,-0.0731283811681979,-0.0528045052281316,2024-11-04,2024-11-06,2024-11-08
2025-01-02,AMT,AMT:2024-12-31,2024-12-31,183.41000366210935,181.9199981689453,184.0500030517578,4.1199951171875,0.11164854374685194,184.08999633789065,184.69000244140625,180.57000732421875,181.02999877929688,201.38619995117188,-0.09290534552234553,-0.05326997518723775,1761,2025-01-03,181.25,0.0072275727370689,-0.0225103549299569,-0.0429792733028017,2025-01-03,2025-01-07,2025-01-10
2025-09-02,AMT,AMT:2025-08-29,2025-08-29,203.8500061035156,202.55999755859375,203.86000061035156,6.470001220703125,0.2689343376932155,202.6000061035156,205.22000122070312,198.75,200.4900054931641,215.3320004272461,-0.05481381485991599,-0.011012949094925673,1926,2025-09-03,201.4900054931641,-0.0259566769752536,-0.015732781192727,-0.0341952414601636,2025-09-03,2025-09-05,2025-09-09
2025-09-10,AMT,AMT:2025-09-09,2025-09-09,194.6000061035156,193.63999938964844,194.77999877929688,2.42999267578125,0.18106522995000462,194.0099945068359,195.75,193.32000732421875,193.7599945068359,212.32380004882813,-0.08582270842476936,-0.07824928664147646,1932,2025-09-11,194.32000732421875,0.0114758935955492,-0.0093660315748244,0.0149238049978344,2025-09-11,2025-09-15,2025-09-17
2025-09-22,AMT,AMT:2025-09-19,2025-09-19,193.30999755859375,193.02999877929688,194.63999938964844,4.589996337890625,0.2745121505269107,194.2899932861328,196.5399932861328,191.9499969482422,193.2100067138672,207.99940002441406,-0.0729426550997806,-0.02526225080979605,1940,2025-09-23,193.4199981689453,0.0044462858985263,0.0014993720797606,0.0058422339649981,2025-09-23,2025-09-25,2025-09-29
2025-09-24,AMT,AMT:2025-09-23,2025-09-23,194.27999877929688,193.2100067138672,194.75,3.0099945068359375,0.12624263039698272,193.7400054931641,195.55999755859375,192.5500030517578,192.92999267578125,206.92959991455078,-0.06348247449048938,-0.0016444363524248384,1942,2025-09-25,194.42999267578125,-0.0037030601709411,0.0006172420948278,-0.0057089204000199,2025-09-25,2025-09-29,2025-10-01
2025-10-08,AMT,AMT:2025-10-07,2025-10-07,186.97000122070312,185.57000732421875,186.9900054931641,5.119995117187472,0.35546753927950037,186.7100067138672,188.88999938964844,183.77000427246097,185.58999633789065,199.8786004638672,-0.06729987082524458,-0.03762609432017727,1952,2025-10-09,186.3000030517578,-0.0052603097771651,-0.0166398607232142,0.0200214474849085,2025-10-09,2025-10-13,2025-10-15
2025-11-05,AMT,AMT:2025-11-04,2025-11-04,180.3500061035156,176.63999938964844,180.77000427246097,3.30999755859375,0.21449908723792666,180.6000061035156,182.02999877929688,178.72000122070312,179.42999267578125,191.0340005493164,-0.05868853418469733,-0.062483699738878684,1972,2025-11-06,178.8800048828125,-0.0044164161636702,0.0046958649092219,0.0249888254622505,2025-11-06,2025-11-10,2025-11-12
2018-04-11,AMZN,AMZN:2018-04-10,2018-04-10,71.81099700927734,70.30400085449219,71.91899871826172,1.1945037841796875,0.09041554360461403,71.97200012207031,72.43900299072266,71.24449920654297,71.35250091552734,73.94227020263672,-0.028700392138385045,-0.07689640860516234,68,2018-04-12,71.9749984741211,0.0062522346255904,0.0013893501388131,0.0613685294968457,2018-04-12,2018-04-16,2018-04-18
2018-12-19,AMZN,AMZN:2018-12-18,2018-12-18,77.5739974975586,76.04550170898438,78.37750244140625,5.0675048828125,0.1174150266181678,77.15249633789062,79.22650146484375,74.15899658203125,74.75399780273438,83.0652294921875,-0.07024153278001566,-0.12462478491801099,243,2018-12-20,74.19999694824219,-0.0156132172376614,-0.0943665658942195,-0.0150673350647192,2018-12-20,2018-12-24,2018-12-27
2019-08-27,AMZN,AMZN:2019-08-26,2019-08-26,88.44349670410156,87.48100280761719,88.5,1.6360015869140625,0.4630189242377608,88.7864990234375,88.97000122070312,87.33399963378906,88.09149932861328,94.50928985595704,-0.06541017502540047,-0.008992060970868354,415,2019-08-28,87.75,0.0052706726595885,0.012131041611022,0.0259942818231393,2019-08-28,2019-08-30,2019-09-04
2019-10-01,AMZN,AMZN:2019-09-30,2019-09-30,86.79550170898438,86.27249908447266,86.87300109863281,1.3594970703125,0.2662745802280686,87.30000305175781,87.77999877929688,86.42050170898438,86.78250122070312,90.76725967407226,-0.04638393770984972,-0.039787776020310806,439,2019-10-02,86.38700103759766,-0.0083982775816514,0.0068933650224585,-0.0128665607987764,2019-10-02,2019-10-04,2019-10-08
2019-10-10,AMZN,AMZN:2019-10-09,2019-10-09,86.09950256347656,85.27549743652344,86.49749755859375,1.2269973754882812,0.2652821389709311,86.26200103759766,86.91449737548828,85.6875,86.01300048828125,89.23504989624024,-0.03671973167619258,-0.02620544593990448,446,2019-10-11,87.14600372314453,-0.0063112825403345,0.0140339145859089,0.0255662535398644,2019-10-11,2019-10-15,2019-10-17
2019-11-20,AMZN,AMZN:2019-11-19,2019-11-19,87.6395034790039,87.62650299072266,88.03399658203125,1.4199981689453125,0.4017579866968977,87.45700073242188,88.1259994506836,86.70600128173828,87.27649688720703,88.36182998657226,-0.009043339554893892,-0.027151973117173545,475,2019-11-21,87.1500015258789,-0.0047562248723509,0.0176936292587055,0.0433218286909875,2019-11-21,2019-11-25,2019-11-27
2020-03-20,AMZN,AMZN:2020-03-19,2020-03-19,94.04650115966795,91.5,97.25,6.813499450683594,0.186100806329705,96.31549835205078,97.8499984741211,91.0364990234375,92.30449676513672,97.04442947387696,-0.031350280513845474,-0.022400885440082896,557,2020-03-23,91.3874969482422,0.041077888742866,0.0317822783821,0.0395841928707663,2020-03-23,2020-03-25,2020-03-27
2020-09-16,AMZN,AMZN:2020-09-15,2020-09-15,157.80650329589844,155.14849853515625,158.75100708007812,5.6544952392578125,0.034926991442981545,158.99949645996094,159.36199951171875,153.70750427246094,153.90499877929688,159.33312805175783,-0.00909637605097835,-0.08543420091746579,681,2020-09-17,150.46249389648438,-0.0001728070291084,-0.0162099889358879,-0.0031203635438016,2020-09-17,2020-09-21,2020-09-23
2020-11-12,AMZN,AMZN:2020-11-11,2020-11-11,156.8695068359375,151.75100708007812,156.95750427246094,4.4915008544921875,0.2697321261741774,157.99749755859375,158.79400634765625,154.30250549316406,155.51400756835938,158.7722003173828,-0.014597738708560182,-0.008027751988219034,722,2020-11-13,156.10000610351562,0.0021812931749911,0.0043753916112831,-0.0015951836577495,2020-11-13,2020-11-17,2020-11-19
2020-11-20,AMZN,AMZN:2020-11-19,2020-11-19,155.8509979248047,155.2729949951172,156.25,1.74200439453125,0.03875127010265933,155.8509979248047,156.64450073242188,154.90249633789062,154.97000122070312,158.1172103881836,-0.014437325888343122,-0.0617038398681552,728,2020-11-23,155.8350067138672,-0.0058748807746511,0.0219365829341855,0.0164724610863442,2020-11-23,2020-11-25,2020-11-30
2021-03-02,AMZN,AMZN:2021-03-01,2021-03-01,157.3070068359375,154.64649963378906,157.47799682617188,3.8199920654296875,0.09698937874230568,157.17349243164062,158.17599487304688,154.3560028076172,154.72650146484375,161.41222045898436,-0.026316409943172525,-0.04014077687981821,795,2021-03-03,154.0590057373047,-0.0247243302595348,-0.026197824157515,-0.0059490446654756,2021-03-03,2021-03-05,2021-03-09
2021-03-08,AMZN,AMZN:2021-03-05,2021-03-05,150.0229949951172,148.8784942626953,150.4499969482422,5.66400146484375,0.005649306565803511,150.75,153.22950744628906,147.5655059814453,147.59750366210938,160.49677001953125,-0.06673875956459208,-0.0767531339231452,799,2021-03-09,150.89950561523438,0.0148641720638869,0.0316767027155475,0.021103409223053,2021-03-09,2021-03-11,2021-03-15
2021-03-10,AMZN,AMZN:2021-03-09,2021-03-09,153.1425018310547,147.59750366210938,154.54800415039062,4.32049560546875,0.319292384194838,154.92250061035156,155.822998046875,151.50250244140625,152.8820037841797,160.25929992675782,-0.04509354610405081,-0.04121148236610428,801,2021-03-11,155.20050048828125,0.0030863554224567,-0.0071939256057779,0.0102190297722397,2021-03-11,2021-03-15,2021-03-17
2021-08-25,AMZN,AMZN:2021-08-24,2021-08-24,165.28900146484375,163.2935028076172,165.77450561523438,1.7425079345703125,0.373888981321751,165.49349975585938,166.0500030517578,164.3074951171875,164.95899963378906,173.2996697998047,-0.046686176234947196,-0.00448700346027886,918,2021-08-26,164.9499969482422,0.0051531137874609,0.0371537413450657,0.0545619894908153,2021-08-26,2021-08-30,2021-09-01
2021-12-27,AMZN,AMZN:2021-12-23,2021-12-23,171.06849670410156,171.03700256347656,171.97500610351562,3.7274932861328125,0.12179626256217123,171.03700256347656,172.9429931640625,169.2154998779297,169.66949462890625,172.93847076416014,-0.010277674796941527,-0.017813002459772354,1003,2021-12-28,170.1824951171875,0.002811689685719,-0.0090373242189601,0.0013044827079156,2021-12-28,2021-12-30,2022-01-03
2022-01-12,AMZN,AMZN:2022-01-11,2022-01-11,165.36199951171875,161.48599243164062,166.35000610351562,2.46099853515625,0.3210051834031894,166.5749969482422,166.8780059814453,164.41700744628906,165.20700073242188,172.13429992675782,-0.039421078401853604,-0.031049836294873567,1015,2022-01-13,165.25050354003906,-0.0244265459830171,-0.038323682390266,-0.0821964685221605,2022-01-13,2022-01-18,2022-01-20
2022-02-02,AMZN,AMZN:2022-02-01,2022-02-01,151.19349670410156,149.57350158691406,151.70799255371094,6.2115020751953125,0.28157572154653787,155.05050659179688,155.0749969482422,148.86349487304688,150.6125030517578,164.714169921875,-0.08577290364043377,-0.04860383048497152,1029,2022-02-03,141.7375030517578,-0.0204039031925062,0.1142816664475883,0.1372395832492277,2022-02-03,2022-02-07,2022-02-09
2022-03-03,AMZN,AMZN:2022-03-02,2022-03-02,152.05250549316406,151.14199829101562,152.99949645996094,7.072998046875,0.14739092540816678,153.531494140625,153.9290008544922,146.8560028076172,147.89849853515625,156.80035919189453,-0.032646227550425455,-0.028483664733951364,1049,2022-03-04,147.15899658203125,-0.0103153062168273,-0.0757310187706367,-0.002320562841215,2022-03-04,2022-03-08,2022-03-10
2022-03-11,AMZN,AMZN:2022-03-10,2022-03-10,146.8175048828125,139.2790069580078,148.67449951171875,4.305999755859375,0.036112941976909826,149.57449340820312,149.6750030517578,145.36900329589844,145.52450561523438,153.37386962890625,-0.04569394564199625,-0.029998393047642624,1055,2022-03-14,145.9810028076172,-0.0282776930015027,0.0487940277271552,0.1045992316722537,2022-03-14,2022-03-16,2022-03-18
2022-05-16,AMZN,AMZN:2022-05-13,2022-05-13,113.05500030517578,106.93049621582033,113.18399810791016,3.6385040283202983,0.12546497632656436,113.0999984741211,113.99250030517578,110.35399627685548,110.8105010986328,144.7513705444336,-0.22271179153882903,-0.09033123437483204,1100,2022-05-17,113.2750015258789,0.0184815555222233,-0.0525800150210332,-0.0504789427703481,2022-05-17,2022-05-19,2022-05-23
2022-09-15,AMZN,AMZN:2022-09-14,2022-09-14,128.5500030517578,126.81999969482422,128.83999633789062,4.8699951171875,0.16016418097505952,127.37999725341795,130.3699951171875,125.5,126.27999877929688,129.131600189209,-0.0026580051750152434,-0.0013982186106974437,1184,2022-09-16,122.77999877929688,0.0061084867849539,-0.0048053131109014,-0.0445512402271295,2022-09-16,2022-09-20,2022-09-22
2022-09-27,AMZN,AMZN:2022-09-26,2022-09-26,115.1500015258789,113.77999877929688,117.33999633789062,5.2699966430664205,0.25806479632978313,117.1999969482422,118.31999969482422,113.0500030517578,114.41000366210938,130.09940017700194,-0.11481906335932335,-0.15610110589040715,1192,2022-09-28,114.37999725341795,0.0317363609895,-0.0120650226137046,0.0586640955201818,2022-09-28,2022-09-30,2022-10-04
2022-12-01,AMZN,AMZN:2022-11-30,2022-11-30,96.54000091552734,92.41999816894533,96.54000091552734,2.310005187988267,0.25108247984489773,96.98999786376952,97.2300033569336,94.91999816894533,95.5,105.57080017089844,-0.08951670310307758,-0.024257140354329465,1238,2022-12-02,94.4800033569336,-0.0037045521917833,-0.0659399146441329,-0.0437130052505381,2022-12-02,2022-12-06,2022-12-08
2023-01-04,AMZN,AMZN:2023-01-03,2023-01-03,85.81999969482422,84.0,86.95999908447266,3.6200027465820312,0.49171199689766293,86.55000305175781,86.9800033569336,83.36000061035156,85.13999938964844,93.26880004882813,-0.08655872926452768,-0.023218767372589766,1260,2023-01-05,85.33000183105469,-0.0258994379122157,0.0237899769803835,0.1143794011180241,2023-01-05,2023-01-09,2023-01-11
2023-03-09,AMZN,AMZN:2023-03-08,2023-03-08,93.91999816894533,93.5500030517578,94.16999816894533,4.029998779296875,0.01736965658248457,93.68000030517578,96.20999908447266,92.18000030517578,92.25,95.10500030517578,-0.011004076584765654,-0.019521899245319774,1304,2023-03-10,92.66999816894533,-0.0209344431892072,0.0238480536110903,0.0795295445365811,2023-03-10,2023-03-14,2023-03-16
2024-07-30,AMZN,AMZN:2024-07-29,2024-07-29,183.1999969482422,182.5,184.75,6.4799957275390625,0.35956842087912344,184.72000122070312,185.86000061035156,179.3800048828125,181.7100067138672,187.04400024414062,-0.02075237037247124,-0.049398112350355516,1653,2024-07-31,185.0500030517578,0.0104295738662669,-0.092677702634118,-0.1249392596308683,2024-07-31,2024-08-02,2024-08-06
2024-08-01,AMZN,AMZN:2024-07-31,2024-07-31,186.97999572753903,181.7100067138672,187.94000244140625,8.730010986328097,0.25200566304860866,189.2899932861328,190.6000061035156,181.8699951171875,184.07000732421875,187.10020050048828,-0.000585839576645597,-0.005055057655864226,1655,2024-08-02,166.75,0.0068965151213455,-0.0289055911497376,-0.0056971331228916,2024-08-02,2024-08-06,2024-08-08
2024-08-14,AMZN,AMZN:2024-08-13,2024-08-13,170.22999572753906,166.8000030517578,171.0399932861328,3.4199981689453125,0.362574899724717,172.11000061035156,172.27999877929688,168.86000061035156,170.10000610351562,184.44300048828126,-0.07788297429801139,-0.06317764879292154,1664,2024-08-15,174.86000061035156,0.0156124655038887,0.0192153757212822,0.0300240191105729,2024-08-15,2024-08-19,2024-08-21
2025-02-27,AMZN,AMZN:2025-02-26,2025-02-26,214.3500061035156,212.8000030517578,218.16000366210935,11.600006103515625,0.03189742942156311,218.3500061035156,219.97000122070312,208.3699951171875,208.7400054931641,226.90080017089844,-0.05699553982027439,-0.07909429815173685,1798,2025-02-28,208.6499938964844,0.0173975796261629,-0.0232446249058254,-0.0381020713194285,2025-02-28,2025-03-04,2025-03-06
2025-03-03,AMZN,AMZN:2025-02-28,2025-02-28,212.27999877929688,208.7400054931641,212.6199951171875,11.459991455078097,0.21553255343909164,213.3500061035156,214.0099945068359,202.5500030517578,205.02000427246097,226.03900024414062,-0.06318348696338205,-0.07852583548776992,1800,2025-03-04,200.11000061035156,0.0184398702221351,0.00294836008241,-0.027834727436059,2025-03-04,2025-03-06,2025-03-10
2025-03-17,AMZN,AMZN:2025-03-14,2025-03-14,197.9499969482422,193.88999938964844,198.6499938964844,4.67999267578125,0.3034188870195817,198.77000427246097,199.0,194.32000732421875,195.7400054931641,220.9236001586914,-0.10590317594985932,-0.0675051908491543,1810,2025-03-18,192.52000427246097,0.0015582954763144,0.0126220269159262,0.0557863598380945,2025-03-18,2025-03-20,2025-03-24
2025-04-08,AMZN,AMZN:2025-04-07,2025-04-07,175.25999450683594,171.0,183.41000366210935,17.329986572265653,0.12059999753464247,185.22999572753903,185.8999938964844,168.57000732421875,170.66000366210938,209.81739959716796,-0.169826931540506,-0.13775460374253967,1826,2025-04-09,172.1199951171875,0.1102719702809986,0.0740762279903575,0.0433999618441609,2025-04-09,2025-04-11,2025-04-15
2025-04-14,AMZN,AMZN:2025-04-11,2025-04-11,184.8699951171875,181.22000122070312,185.86000061035156,8.210006713867188,0.35200938201025556,186.83999633789065,187.44000244140625,179.22999572753906,182.1199951171875,205.6527996826172,-0.10588886148158883,-0.04073270056970257,1830,2025-04-15,181.41000366210935,-0.0100325631854826,-0.0485089183292698,-0.0453669082199963,2025-04-15,2025-04-17,2025-04-22
2025-10-03,AMZN,AMZN:2025-10-02,2025-10-02,222.41000366210935,220.6300048828125,222.80999755859375,4.860000610351534,0.03497904271517351,223.44000244140625,224.1999969482422,219.33999633789065,219.5099945068359,226.6011996459961,-0.01959658926100849,-0.0381438058573611,1949,2025-10-06,221.0,-0.0004525163055005,0.019095028147978,-0.0209502483385181,2025-10-06,2025-10-08,2025-10-10
2025-11-20,AMZN,AMZN:2025-11-19,2025-11-19,222.69000244140625,222.5500030517578,223.7400054931641,10.669998168945256,0.03748771931831424,227.0500030517578,227.41000366210935,216.7400054931641,217.13999938964844,227.9166000366211,-0.02402914609751916,-0.10995201775532726,1983,2025-11-21,216.3500061035156,0.0200600703279578,0.061566867065659,0.0779754778888974,2025-11-21,2025-11-25,2025-11-28
2018-03-27,AVGO,AVGO:2018-03-26,2018-03-26,24.77300071716309,24.24799919128418,24.882999420166016,1.2649993896484375,0.21897277541222876,24.808000564575195,25.424999237060547,24.15999984741211,24.437000274658203,24.94936008453369,-0.008651712665294964,-0.057487431774407294,58,2018-03-28,24.40800094604492,-0.030317996139979,-0.067191135424092,-0.0290479151776902,2018-03-28,2018-04-02,2018-04-04
2018-04-05,AVGO,AVGO:2018-04-04,2018-04-04,23.698999404907227,23.67799949645996,23.79199981689453,0.667999267578125,0.19610877609758326,24.076000213623047,24.167999267578125,23.5,23.631000518798828,24.589020042419435,-0.038275829411312134,-0.022157148653885295,64,2018-04-06,23.37299919128418,-0.0207932262803648,0.0257562662480232,0.0243871827277264,2018-04-06,2018-04-10,2018-04-12
2018-04-12,AVGO,AVGO:2018-04-11,2018-04-11,24.031999588012695,23.975000381469727,24.07200050354004,0.5540008544921875,0.42058005343322225,24.14299964904785,24.263999938964844,23.709999084472656,23.94300079345703,24.472460021972655,-0.018122584716760093,-0.016573257032104105,69,2018-04-13,25.0,-0.012239990234375,0.0069599914550781,-0.0285600280761718,2018-04-13,2018-04-17,2018-04-19
2018-05-02,AVGO,AVGO:2018-05-01,2018-05-01,23.038000106811523,22.941999435424805,23.084999084472656,0.6639995574951172,0.2921692370887636,23.329999923706055,23.3439998626709,22.68000030517578,22.874000549316406,24.34987995147705,-0.05549605663924406,-0.08484943583424265,83,2018-05-03,22.64900016784668,-0.0054748796148821,0.0418561502582108,0.0510397866909022,2018-05-03,2018-05-07,2018-05-09
2018-07-26,AVGO,AVGO:2018-07-25,2018-07-25,22.597000122070312,21.733999252319336,22.864999771118164,0.8199996948242152,0.19634300654081346,22.649999618530273,22.97699928283691,22.156999588012695,22.31800079345703,24.321240234375,-0.07229810354983157,-0.07176305251625625,142,2018-07-27,22.400999069213867,-0.0132136752500622,-0.0099995104122542,-0.0341948516655562,2018-07-27,2018-07-31,2018-08-02
2018-08-22,AVGO,AVGO:2018-08-21,2018-08-21,21.051000595092773,20.67200088500977,21.143999099731445,0.4279994964599645,0.025700216136731277,21.045000076293945,21.17099952697754,20.743000030517575,20.753999710083008,22.94328010559082,-0.08676648710391255,-0.044482753217173654,161,2018-08-23,20.77300071716309,-0.0103018675451873,0.0252250589590428,0.034949203633998,2018-08-23,2018-08-27,2018-08-29
2019-06-25,AVGO,AVGO:2019-06-24,2019-06-24,27.920000076293945,27.39900016784668,27.94499969482422,0.6860008239746129,0.07142817423025433,27.916000366210938,28.288000106811523,27.60199928283691,27.650999069213867,28.887020072937013,-0.03617984755922965,-0.0036044335492422253,371,2019-06-26,27.857999801635746,0.0102663256562629,0.0333117776964544,0.0601263965947342,2019-06-26,2019-06-28,2019-07-02
2019-07-10,AVGO,AVGO:2019-07-09,2019-07-09,27.55299949645996,27.496000289916992,27.597999572753903,0.4799995422363281,0.10416915019590078,27.785999298095703,27.8799991607666,27.399999618530273,27.450000762939453,28.265540084838868,-0.027837877195685645,-0.013144719872174804,381,2019-07-11,27.52400016784668,0.0029792447290299,0.0475948066397962,0.03575059026009,2019-07-11,2019-07-15,2019-07-17
2019-09-27,AVGO,AVGO:2019-09-26,2019-09-26,27.69099998474121,27.57699966430664,27.86599922180176,0.8320007324218786,0.14182683490444864,27.663000106811523,28.128000259399418,27.29599952697754,27.413999557495117,28.446579933166504,-0.02763058640434135,-0.07874777215300233,437,2019-09-30,27.57900047302246,0.0010152607944249,-0.0207404363366817,0.0204503124243784,2019-09-30,2019-10-02,2019-10-04
2019-10-01,AVGO,AVGO:2019-09-30,2019-09-30,27.60700035095215,27.413999557495117,27.67200088500977,0.6270008087158203,0.23445147826932866,27.82699966430664,27.96500015258789,27.33799934387207,27.48500061035156,28.376119956970214,-0.028562848395067397,-0.04361528804790937,439,2019-10-02,27.34600067138672,-0.0123967195780481,0.0291449922509168,-0.0114459049827092,2019-10-02,2019-10-04,2019-10-08
2020-03-03,AVGO,AVGO:2020-03-02,2020-03-02,28.496999740600582,27.261999130249023,28.540000915527344,1.6909999847412074,0.15848589678660852,28.46500015258789,28.847999572753903,27.156999588012695,27.424999237060547,30.917159996032716,-0.08143945727149082,-0.10321932978397774,544,2020-03-04,27.753999710083008,0.0285004098318688,-0.0291489523567617,-0.0527491103930434,2020-03-04,2020-03-06,2020-03-10
2020-03-20,AVGO,AVGO:2020-03-19,2020-03-19,19.44499969482422,16.78700065612793,20.746999740600582,2.076999664306637,0.20751074892602608,20.200000762939453,20.868000030517575,18.791000366210938,19.222000122070312,28.639880065917968,-0.32653158583628483,-0.2904320474668399,557,2020-03-23,19.288000106811523,0.0030588974975147,0.1279033098451643,0.1960286248647338,2020-03-23,2020-03-25,2020-03-27
2021-03-10,AVGO,AVGO:2021-03-09,2021-03-09,44.36000061035156,42.125,44.689998626708984,1.8930015563964844,0.13153742450714273,44.73500061035156,45.40299987792969,43.5099983215332,43.75899887084961,45.86428001403809,-0.03253988424733334,-0.05997029240758822,801,2021-03-11,44.902000427246094,0.0104004064298148,0.0484388048720603,0.0769899046707995,2021-03-11,2021-03-15,2021-03-17
2022-02-22,AVGO,AVGO:2022-02-18,2022-02-18,57.999000549316406,57.900001525878906,58.77399826049805,2.0400009155273438,0.3749995325127998,57.999000549316406,59.020999908447266,56.98099899291992,57.74599838256836,60.80714042663574,-0.04636802789030592,-0.017232586264736782,1042,2022-02-23,58.02299880981445,-0.0259207182252699,0.013408474120405,-0.0174240868785601,2022-02-23,2022-02-25,2022-03-01
2022-03-03,AVGO,AVGO:2022-03-02,2022-03-02,58.577999114990234,57.012001037597656,59.053001403808594,1.9370002746582031,0.22044496261124558,59.36800003051758,59.369998931884766,57.43299865722656,57.86000061035156,60.099860458374025,-0.027472132868415544,-0.028186560383118953,1049,2022-03-04,59.27899932861328,0.0053981966370637,-0.028408004976179,-0.0085359153246465,2022-03-04,2022-03-08,2022-03-10
2022-04-14,AVGO,AVGO:2022-04-13,2022-04-13,59.25400161743164,58.50699996948242,59.67100143432617,2.420001983642578,0.040908653838575386,59.499000549316406,59.70600128173828,57.2859992980957,57.3849983215332,59.58726013183594,-0.00657907913291278,-0.061084781432097834,1079,2022-04-18,57.28499984741211,0.0238282566483845,0.0434144980072144,0.0246137706409683,2022-04-18,2022-04-20,2022-04-22
2022-05-31,AVGO,AVGO:2022-05-27,2022-05-27,58.327999114990234,55.06600189208984,58.54600143432617,1.1030006408691406,0.37443497207283544,58.45000076293945,58.702999114990234,57.599998474121094,58.01300048828125,58.688779983520504,-0.007171839993854734,-0.008431969709654652,1110,2022-06-01,58.757999420166016,-0.0237584656084828,-0.0412879729004443,-0.0248306553692555,2022-06-01,2022-06-03,2022-06-07
2022-06-27,AVGO,AVGO:2022-06-24,2022-06-24,50.90900039672851,49.65800094604492,51.18000030517578,1.1219978332519531,0.2575741606459839,51.380001068115234,51.40399932861328,50.28200149536133,50.57099914550781,55.796139831542966,-0.09042018186619605,-0.08473267972359066,1128,2022-06-28,51.26100158691406,-0.0276233456697111,-0.0522814658748286,-0.0708335851113325,2022-06-28,2022-06-30,2022-07-05
2022-10-14,AVGO,AVGO:2022-10-13,2022-10-13,43.797000885009766,43.05699920654297,44.37699890136719,1.7550010681152344,0.0393163544992751,44.327999114990234,44.395999908447266,42.64099884033203,42.709999084472656,50.06382019042969,-0.12954766520820904,-0.027014408950322255,1205,2022-10-17,43.95500183105469,-0.0095097955832654,-0.0096690486646173,0.0231599977088385,2022-10-17,2022-10-19,2022-10-21
2022-10-18,AVGO,AVGO:2022-10-17,2022-10-17,43.5369987487793,42.709999084472656,44.124000549316406,1.8390007019042969,0.2539438229516494,44.82099914550781,44.85499954223633,43.01599884033203,43.483001708984375,49.610280151367185,-0.126318867397905,-0.04687163600049238,1207,2022-10-19,43.323001861572266,0.0047779911093421,0.0380859506562769,0.0619531886660622,2022-10-19,2022-10-21,2022-10-25
2022-10-20,AVGO,AVGO:2022-10-19,2022-10-19,43.529998779296875,43.483001708984375,43.83000183105469,1.4050025939941406,0.15373608859855611,43.51300048828125,44.21900177001953,42.81399917602539,43.029998779296875,49.17506011962891,-0.11909841154482415,-0.10210397709733798,1209,2022-10-21,43.20899963378906,0.0408248270942475,0.0647550362055906,0.0539471244762506,2022-10-21,2022-10-25,2022-10-27
2023-08-15,AVGO,AVGO:2023-08-14,2023-08-14,85.41000366210938,82.97599792480469,85.41799926757812,1.8159942626953125,0.33369883962256225,84.9209976196289,85.46199798583984,83.64600372314453,84.25199890136719,86.62390014648437,-0.013318141797554195,-0.049574298197988975,1413,2023-08-16,84.77899932861328,-0.0174571030474471,-0.0258908422157254,0.0094363351548525,2023-08-16,2023-08-18,2023-08-22
2023-08-22,AVGO,AVGO:2023-08-21,2023-08-21,86.51399993896484,82.58399963378906,86.73400115966797,2.3870010375976562,0.20569951001857006,87.34100341796875,87.4749984741211,85.08799743652344,85.5790023803711,87.05012023925781,-0.004988973975496247,-0.0355829186137544,1418,2023-08-23,85.0770034790039,0.0303371480752812,0.0012341258300778,0.0460288042206709,2023-08-23,2023-08-25,2023-08-29
2023-09-29,AVGO,AVGO:2023-09-28,2023-09-28,83.19999694824219,81.68099975585938,83.88600158691406,2.1129989624023438,0.3629903774981495,83.6449966430664,84.40399932861328,82.29100036621094,83.05799865722656,86.28915985107422,-0.037089228583016776,-0.04547754176017704,1445,2023-10-02,82.90599822998047,0.0071044861551232,-0.0063324914612638,0.019540235702707,2023-10-02,2023-10-04,2023-10-06
2024-07-29,AVGO,AVGO:2024-07-26,2024-07-26,151.6300048828125,149.25999450683594,153.5800018310547,5.850006103515625,0.1829070440756835,152.02000427246094,155.0,149.14999389648438,150.22000122070312,155.5137789916992,-0.024145145227998488,-0.10841019312618327,1652,2024-07-30,153.27999877929688,-0.0636742861727774,-0.0408402567633726,-0.0730688742004018,2024-07-30,2024-08-01,2024-08-05
2024-08-07,AVGO,AVGO:2024-08-06,2024-08-06,143.9199981689453,142.0800018310547,148.91000366210938,14.270004272460938,0.030834079163899877,148.25,150.10000610351562,135.8300018310547,136.27000427246094,156.23193939208986,-0.07933754478262167,-0.12120660429666696,1659,2024-08-08,141.1999969482422,0.0321530357156172,0.0525495632387666,0.1167847439770737,2024-08-08,2024-08-12,2024-08-14
2024-11-19,AVGO,AVGO:2024-11-18,2024-11-18,165.6699981689453,164.83999633789062,166.35000610351562,2.4900054931640625,0.4176731930018078,166.66000366210938,166.8000030517578,164.30999755859375,165.35000610351562,173.6824008178711,-0.044246107781517274,-0.017086946488681587,1732,2024-11-20,165.5399932861328,-0.0138334745620932,-0.0079134808005546,-0.0048325952966905,2024-11-20,2024-11-22,2024-11-26
2025-02-27,AVGO,AVGO:2025-02-26,2025-02-26,212.94000244140625,202.5399932861328,213.5399932861328,21.850006103515597,0.018307050047416184,217.27999877929688,219.25,197.3999938964844,197.8000030517578,227.57719940185547,-0.06290595530216903,-0.09402651240643334,1798,2025-02-28,195.7599945068359,0.018747437024561,-0.0422966847754368,-0.0833162955469137,2025-02-28,2025-03-04,2025-03-06
2025-03-03,AVGO,AVGO:2025-02-28,2025-02-28,199.42999267578125,197.8000030517578,201.19000244140625,19.529998779296875,0.14541712828478073,204.0,204.05999755859375,184.52999877929688,187.3699951171875,225.8171990966797,-0.12172383388994568,-0.15424092411056245,1800,2025-03-04,189.22000122070312,-0.0091956742518701,-0.0516330420115861,-0.0252087741342802,2025-03-04,2025-03-06,2025-03-10
2025-03-24,AVGO,AVGO:2025-03-21,2025-03-21,191.66000366210935,190.5399932861328,192.07000732421875,6.0200042724609375,0.09634575073442375,194.3000030517578,196.69000244140625,190.6699981689453,191.25,213.2755990600586,-0.10454648664385524,-0.016926564106048092,1815,2025-03-25,190.88999938964844,-0.013777593856261,-0.0990098693326795,-0.1228980396504698,2025-03-25,2025-03-27,2025-03-31
2018-03-27,BA,BA:2018-03-26,2018-03-26,328.9700012207031,321.0,331.94000244140625,15.8800048828125,0.13350091091483524,331.510009765625,334.8800048828125,319.0,321.1199951171875,342.9368023681641,-0.041570502206971116,-0.04421976557350504,58,2018-03-28,321.8500061035156,-0.0056859315057933,0.0018331406764082,0.0173683275808071,2018-03-28,2018-04-02,2018-04-04
2018-06-27,BA,BA:2018-06-26,2018-06-26,331.29998779296875,331.20001220703125,334.3999938964844,11.660003662109375,0.005145586599489629,334.8500061035156,341.4200134277344,329.760009765625,329.82000732421875,347.60780151367186,-0.047292630228230825,-0.10609251481908322,122,2018-06-28,330.0,0.0140908905954071,0.0184242017341382,0.0096363414417612,2018-06-28,2018-07-02,2018-07-05
2018-07-03,BA,BA:2018-07-02,2018-07-02,336.0799865722656,335.510009765625,336.3299865722656,7.69000244140625,0.12093529005579676,338.17999267578125,339.69000244140625,332.0,332.92999267578125,347.20820068359376,-0.03237995775749847,-0.05260191739245634,126,2018-07-05,336.1499938964844,-0.0088353451573101,0.0171650145352282,0.0132381742907352,2018-07-05,2018-07-09,2018-07-11
2018-12-19,BA,BA:2018-12-18,2018-12-18,328.05999755859375,316.1300048828125,332.0899963378906,17.3800048828125,0.19850291830843464,329.3299865722656,333.4800109863281,316.1000061035156,319.54998779296875,345.194599609375,-0.05326981231823735,-0.08862094303184631,243,2018-12-20,317.0,-0.0124606063313288,-0.0720504616337244,0.0004416865881309,2018-12-20,2018-12-24,2018-12-27
2018-12-28,BA,BA:2018-12-27,2018-12-27,317.1400146484375,313.92999267578125,317.1400146484375,6.3800048828125,0.19279154309767532,319.739990234375,321.5299987792969,315.1499938964844,316.3800048828125,338.4135998535156,-0.06572667372748475,-0.029232568250023516,249,2018-12-31,320.5,0.0062402496099844,-0.0299532171716556,0.0237441040610375,2018-12-31,2019-01-03,2019-01-07
2019-03-26,BA,BA:2019-03-25,2019-03-25,370.4599914550781,362.1700134277344,371.2099914550781,8.0,0.3474998474121094,375.5799865722656,375.6000061035156,367.6000061035156,370.3800048828125,393.4283984375,-0.057542678122680324,-0.07387319714289375,308,2019-03-27,371.8900146484375,0.0062383412171842,0.025625852816473,0.0507138793962822,2019-03-27,2019-03-29,2019-04-02
2019-06-14,BA,BA:2019-06-13,2019-06-13,348.8599853515625,347.0299987792969,349.05999755859375,3.279998779296875,0.3871919165604444,348.0,349.1700134277344,345.8900146484375,347.1600036621094,362.29739868164063,-0.03908291476782655,-0.002886814473149424,364,2019-06-17,348.6199951171875,0.0180138800621172,0.0571969557704328,0.0666054774422728,2019-06-17,2019-06-19,2019-06-21
2019-07-10,BA,BA:2019-07-09,2019-07-09,353.0899963378906,351.1199951171875,353.8500061035156,5.269989013671875,0.1992390857447289,354.489990234375,356.5199890136719,351.25,352.29998779296875,357.0919982910156,-0.012686407834995417,-0.0558838323009303,381,2019-07-11,352.6199951171875,0.0180931455140318,0.0254948396541929,0.0479269302095815,2019-07-11,2019-07-15,2019-07-17
2019-07-31,BA,BA:2019-07-30,2019-07-30,347.4599914550781,340.2099914550781,347.489990234375,10.240020751953125,0.012695763608457882,348.489990234375,351.2900085449219,341.04998779296875,341.17999267578125,356.98679626464843,-0.027319390122949594,-0.04215026476890937,396,2019-08-01,341.9100036621094,-0.0222865521206507,-0.03173351463047,-0.0307975744099698,2019-08-01,2019-08-05,2019-08-07
2019-10-30,BA,BA:2019-10-29,2019-10-29,348.92999267578125,340.8800048828125,349.7200012207031,6.730010986328125,0.41456225711811145,346.6300048828125,350.0,343.2699890136719,346.05999755859375,365.60500061035157,-0.04486166042871753,-0.05938645483812133,460,2019-10-31,344.70001220703125,-0.0138961658697155,0.0185378123138024,0.0275311572332501,2019-10-31,2019-11-04,2019-11-06
2019-12-20,BA,BA:2019-12-19,2019-12-19,333.5,330.67999267578125,334.80999755859375,7.5,0.0,334.6199951171875,335.5,328.0,328.0,353.73779846191405,-0.05949782698433781,-0.03523487888755272,496,2019-12-23,336.75,0.0023756133421493,-0.0202820685145229,-0.0307349847171956,2019-12-23,2019-12-26,2019-12-30
2020-03-03,BA,BA:2020-03-02,2020-03-02,289.2699890136719,275.1099853515625,291.7099914550781,19.360015869140625,0.13119868093551432,292.0,297.44000244140625,278.0799865722656,280.6199951171875,325.064599609375,-0.11284780739490707,-0.15043027016872368,544,2020-03-04,284.54998779296875,-0.0050254533021512,-0.0780882170934051,-0.1881567231873758,2020-03-04,2020-03-06,2020-03-10
2020-08-06,BA,BA:2020-08-05,2020-08-05,174.27999877929688,165.07000732421875,174.97999572753906,4.970001220703125,0.3219296683593582,172.8000030517578,175.57000732421875,170.60000610351562,172.1999969482422,179.02520080566407,-0.0240329489681933,-0.03064683637907961,653,2020-08-07,171.5,-0.0086297126970207,0.0503207281796647,0.0188337943296739,2020-08-07,2020-08-11,2020-08-13
2020-09-15,BA,BA:2020-09-14,2020-09-14,165.35000610351562,160.22999572753906,165.94000244140625,5.5099945068359375,0.029038806102413994,166.64999389648438,168.83999633789062,163.3300018310547,163.49000549316406,172.01820068359376,-0.041485917156890095,-0.05944252995926047,680,2020-09-16,161.9499969482422,0.0340229074989482,-0.0050015287055091,-0.0317999011641245,2020-09-16,2020-09-18,2020-09-22
2020-09-18,BA,BA:2020-09-17,2020-09-17,167.52999877929688,167.4600067138672,168.4600067138672,8.699996948242188,0.013792547043564736,165.66000366210938,169.72000122070312,161.02000427246094,161.13999938964844,171.2960006713867,-0.02336965085728715,-0.04148071890740157,683,2020-09-21,157.8300018310547,-0.0093771507974972,-0.042133999101082,-0.0114046951205423,2020-09-21,2020-09-23,2020-09-25
2020-09-23,BA,BA:2020-09-22,2020-09-22,156.8000030517578,156.35000610351562,160.07000732421875,9.529998779296875,0.030429519756371707,157.3300018310547,160.4199981689453,150.88999938964844,151.17999267578125,169.90160064697267,-0.08022889748039885,-0.026570640244875765,686,2020-09-24,150.2899932861328,-0.0282120595101937,0.105063605364994,0.0996074382158109,2020-09-24,2020-09-28,2020-09-30
2020-11-04,BA,BA:2020-11-03,2020-11-03,153.64999389648438,148.60000610351562,154.82000732421875,4.2299957275390625,0.10874874196026939,153.1699981689453,155.39999389648438,151.1699981689453,151.6300048828125,162.85740142822266,-0.05920550329547514,-0.08126053067628713,716,2020-11-05,152.47999572753906,0.0302334780923592,0.1762854514427152,0.1945828895612087,2020-11-05,2020-11-09,2020-11-11
2021-01-29,BA,BA:2021-01-28,2021-01-28,197.22999572753903,194.02999877929688,200.4199981689453,8.45001220703125,0.12662790277727617,198.3000030517578,201.57000732421875,193.1199951171875,194.19000244140625,214.91400024414062,-0.08298472062545237,-0.04816375012288565,774,2021-02-01,196.0,-0.0008163452148437,0.0581122417839206,0.0608673095703125,2021-02-01,2021-02-03,2021-02-05
2021-04-22,BA,BA:2021-04-21,2021-04-21,235.9199981689453,234.05999755859375,236.7599945068359,6.269989013671903,0.15151493027670224,235.9600067138672,239.6499938964844,233.3800048828125,234.3300018310547,238.5577993774414,-0.00946201040493122,-0.06595931404439881,831,2021-04-23,233.88999938964844,0.0191970819824747,0.0366839191647558,0.0087648170383831,2021-04-23,2021-04-27,2021-04-29
2021-05-10,BA,BA:2021-05-07,2021-05-07,235.47000122070312,229.80999755859375,235.91000366210935,8.600006103515597,0.049999112861730796,236.83999633789065,241.1000061035156,232.5,232.92999267578125,243.5217999267578,-0.031399802486619555,-0.01220741506209777,843,2021-05-11,226.55999755859375,0.0102401454326408,-0.0173022519914686,0.006267647352786,2021-05-11,2021-05-13,2021-05-17
2021-09-01,BA,BA:2021-08-31,2021-08-31,219.5,217.66000366210935,221.3300018310547,4.139999389648409,0.12077296466521041,220.0,221.7599945068359,217.6199951171875,218.1199951171875,228.19619995117188,-0.0402668190438652,-0.012240127827205294,923,2021-09-02,218.9499969482422,0.0085864576799099,-0.0215117219489686,-0.0228819117454487,2021-09-02,2021-09-07,2021-09-09
2021-09-14,BA,BA:2021-09-13,2021-09-13,214.47999572753903,210.3000030517578,215.63999938964844,5.399993896484375,0.15925955229532007,215.83999633789065,216.11000061035156,210.7100067138672,211.57000732421875,223.8102001953125,-0.043833529395099546,-0.03278468668528056,931,2021-09-15,211.7899932861328,0.0114736673667452,0.007413038264266,-0.0154870337753187,2021-09-15,2021-09-17,2021-09-21
2021-09-16,BA,BA:2021-09-15,2021-09-15,214.22000122070312,211.57000732421875,214.3500061035156,3.0,0.016667683919270832,213.9600067138672,216.30999755859375,213.30999755859375,213.36000061035156,223.00340026855469,-0.04097114766379595,-0.024054664142582616,933,2021-09-17,213.1199951171875,0.001126151926909,-0.0216310093654829,0.037443746101534,2021-09-17,2021-09-21,2021-09-23
2021-11-02,BA,BA:2021-11-01,2021-11-01,214.5800018310547,207.02999877929688,214.69000244140625,5.0200042724609375,0.41235170566976564,213.8300018310547,215.72000122070312,210.6999969482422,212.77000427246097,217.26980010986327,-0.012982368513672626,-0.011060899362805854,966,2021-11-03,211.47000122070312,0.0090320312625145,0.0614271784091347,0.0440724074886762,2021-11-03,2021-11-05,2021-11-09
2021-11-04,BA,BA:2021-11-03,2021-11-03,213.3800048828125,212.77000427246097,213.7599945068359,2.95001220703125,0.39321995324105685,213.8000030517578,214.82000732421875,211.8699951171875,213.02999877929688,216.9488003540039,-0.017174778107158506,-0.012906477817297812,968,2021-11-05,217.6999969482422,0.0310519515865321,0.0141938281176239,0.0077170783560907,2021-11-05,2021-11-09,2021-11-11
2022-04-14,BA,BA:2022-04-13,2022-04-13,182.8699951171875,176.27999877929688,183.4600067138672,3.899993896484375,0.07692397981141673,182.75,185.5399932861328,181.63999938964844,181.94000244140625,192.85179901123047,-0.05426778791816378,-0.06177214262329023,1079,2022-04-18,181.4499969482422,-0.008817805850848,0.0115734700404246,-0.0249655489417783,2022-04-18,2022-04-20,2022-04-22
2022-05-05,BA,BA:2022-05-04,2022-05-04,156.97000122070312,153.5800018310547,157.13999938964844,8.94000244140625,0.15883644084575313,155.69000244140625,157.99000549316406,149.0500030517578,150.47000122070312,180.21199951171874,-0.133389636800181,-0.14481068585740964,1093,2022-05-06,149.9600067138672,-0.0070686367693046,-0.113430308109289,-0.178847733552006,2022-05-06,2022-05-10,2022-05-12
2022-05-16,BA,BA:2022-05-13,2022-05-13,127.1999969482422,123.13999938964844,130.8000030517578,8.769996643066406,0.19384324154567775,127.0500030517578,131.1199951171875,122.3499984741211,124.0500030517578,171.2375994873047,-0.2620671320188347,-0.14539102339482834,1100,2022-05-17,126.91000366210938,0.0405011365639338,0.0018122742171799,-0.0223780938092674,2022-05-17,2022-05-19,2022-05-23
2022-05-20,BA,BA:2022-05-19,2022-05-19,127.13999938964844,125.5199966430664,128.39999389648438,11.770004272460952,0.3075610707854599,128.77000427246094,128.85000610351562,117.08000183105467,120.6999969482422,167.34739944458008,-0.24546531554736983,-0.15504752868869331,1104,2022-05-23,121.6999969482422,0.01947413973716,0.0029580987623578,0.086524232073524,2022-05-23,2022-05-25,2022-05-27
2022-06-21,BA,BA:2022-06-17,2022-06-17,136.8000030517578,133.36000061035156,138.97999572753906,5.100006103515625,0.17843187706816183,139.1699981689453,140.94000244140625,135.83999633789062,136.75,145.18899993896486,-0.06309966697530411,-0.01759423302148788,1124,2022-06-22,134.02999877929688,0.0233530173194032,0.0559576219376829,0.0348429322650016,2022-06-22,2022-06-24,2022-06-28
2022-09-21,BA,BA:2022-09-20,2022-09-20,145.94000244140625,144.8800048828125,147.6699981689453,6.6599884033203125,0.012010016748039379,146.77000427246094,149.8699951171875,143.2100067138672,143.2899932861328,158.68500061035155,-0.08076354529524221,-0.04232559206034303,1188,2022-09-22,143.1300048828125,-0.0308810034105998,-0.1103193460927352,-0.0677007064265799,2022-09-22,2022-09-26,2022-09-28
2023-03-21,BA,BA:2023-03-20,2023-03-20,204.77000427246097,201.0500030517578,205.8699951171875,3.970001220703125,0.2040295490010685,207.3000030517578,207.86000061035156,203.88999938964844,204.6999969482422,208.7256002807617,-0.019730788900041873,-0.033739118338347085,1312,2023-03-22,203.67999267578125,-0.036920607247086,-0.0301943937432969,0.0062844367837515,2023-03-22,2023-03-24,2023-03-28
2023-05-08,BA,BA:2023-05-05,2023-05-05,198.33999633789065,197.0500030517578,199.0399932861328,3.260009765624943,0.26380307795999614,199.16000366210935,199.66000366210935,196.3999938964844,197.2599945068359,205.49219970703126,-0.03488882958289519,-0.03319521209457099,1345,2023-05-09,201.2100067138672,0.0033298451696692,0.0031310054321469,0.0077530813902917,2023-05-09,2023-05-11,2023-05-15
2023-05-12,BA,BA:2023-05-11,2023-05-11,201.83999633789065,200.83999633789065,202.5500030517578,4.2899932861328125,0.4382267054124325,201.83999633789065,203.11000061035156,198.82000732421875,200.6999969482422,205.26499938964844,-0.017581720100739884,-0.0203843772330623,1349,2023-05-15,200.0099945068359,0.0137993592391738,0.0342982890793344,0.0273986857498804,2023-05-15,2023-05-17,2023-05-19
2023-09-26,BA,BA:2023-09-25,2023-09-25,198.77999877929688,197.7100067138672,198.97999572753903,3.970001220703125,0.055415907570970646,197.7899932861328,199.38999938964844,195.4199981689453,195.63999938964844,221.32599975585939,-0.1031831221080447,-0.0579593196811482,1442,2023-09-27,196.0099945068359,-0.0028059170878124,-0.0220907196184002,-0.0361716062271679,2023-09-27,2023-09-29,2023-10-03
2023-10-25,BA,BA:2023-10-24,2023-10-24,182.36000061035156,181.02999877929688,184.3500061035156,10.75,0.1376740211664244,186.0,187.0,176.25,177.72999572753906,203.73239929199218,-0.10967029453504484,-0.0577171406986039,1463,2023-10-26,177.11000061035156,0.0111794688087383,0.0295861638253407,0.0692790030499486,2023-10-26,2023-10-30,2023-11-01
2024-01-29,BA,BA:2024-01-26,2024-01-26,205.47000122070312,201.8800048828125,206.75,3.189987182617216,0.4200632357372851,206.05999755859375,207.0399932861328,203.8500061035156,205.19000244140625,232.70660064697265,-0.11721564534677598,-0.07720291996173845,1527,2024-01-30,203.6499938964844,-0.0157622958570269,0.0302479933549151,0.0146330030721379,2024-01-30,2024-02-01,2024-02-05
2024-03-21,BA,BA:2024-03-20,2024-03-20,187.77999877929688,181.13999938964844,188.3000030517578,2.8300018310546875,0.05300134255689692,189.7899932861328,190.3800048828125,187.5500030517578,187.6999969482422,202.74940032958983,-0.07729622673100567,-0.06577115035175685,1564,2024-03-22,188.75,0.00052983366101,-0.0066225165562914,0.0224636052617963,2024-03-22,2024-03-26,2024-03-28
2024-08-09,BA,BA:2024-08-08,2024-08-08,168.8699951171875,163.24000549316406,169.35000610351562,2.95001220703125,0.34237477499844826,168.38999938964844,169.85000610351562,166.89999389648438,167.91000366210938,180.8979998779297,-0.06687637361335574,-0.08397076470741105,1661,2024-08-12,167.72999572753906,-0.0214630116045217,0.0045907368513364,0.0730937225178267,2024-08-12,2024-08-14,2024-08-16
2024-11-05,BA,BA:2024-11-04,2024-11-04,155.07000732421875,154.58999633789062,156.72000122070312,7.010009765625,0.04992947445408003,157.47000122070312,157.66000366210938,150.64999389648438,151.0,156.62940032958986,-0.012789697647676568,-0.029720934691011003,1722,2024-11-06,152.3000030517578,-0.0337491745676568,-0.0040709807193231,-0.0468155268545164,2024-11-06,2024-11-08,2024-11-12
2025-03-03,BA,BA:2025-02-28,2025-02-28,174.6300048828125,173.8300018310547,176.3000030517578,8.939987182617188,0.06711316610086177,177.02000427246094,178.39999389648438,169.4600067138672,170.05999755859375,176.5627996826172,-0.011295087419440741,-0.058293773815115246,1800,2025-03-04,167.3699951171875,-0.0506064495895616,-0.0534146065735781,-0.1148354052782629,2025-03-04,2025-03-06,2025-03-10
2025-09-19,BA,BA:2025-09-18,2025-09-18,215.66000366210935,214.6300048828125,217.3999938964844,4.110000610351534,0.4939169045824727,217.72999572753903,217.72999572753903,213.6199951171875,215.6499938964844,227.82539978027344,-0.05426465054919816,-0.06539543375033874,1939,2025-09-22,215.1699981689453,-0.0143142717723888,-0.0003252872892378,0.0283031853404995,2025-09-22,2025-09-24,2025-09-26
2025-12-01,BA,BA:2025-11-28,2025-11-28,189.0,186.9199981689453,189.75,3.539993286132841,0.01412518265323188,188.9600067138672,189.9499969482422,186.41000366210935,186.4600067138672,205.7872006225586,-0.08417365005444388,-0.028677159926740914,1989,2025-12-02,198.3000030517578,0.0357034882606974,0.0180029854285876,0.040191634382491,2025-12-02,2025-12-04,2025-12-08
2018-03-27,BAC,BAC:2018-03-26,2018-03-26,30.440000534057617,29.170000076293945,30.559999465942383,1.460000991821289,0.2123295634918043,30.649999618530273,30.670000076293945,29.209999084472656,29.520000457763672,31.673399963378905,-0.03995355672125056,-0.07308159583979623,58,2018-03-28,29.790000915527344,-0.0134273754140912,-0.0161128376916152,0.0030210890390522,2018-03-28,2018-04-02,2018-04-04
2018-05-02,BAC,BAC:2018-05-01,2018-05-01,29.950000762939453,29.920000076293945,29.959999084472656,0.5100002288818359,0.039216566250416064,29.950000762939453,30.06999969482422,29.559999465942383,29.579999923706055,30.861599922180176,-0.03101399510320757,-0.002996010314412878,83,2018-05-03,29.510000228881836,-0.0105048954096239,0.0044052578704953,0.0410030184712915,2018-05-03,2018-05-07,2018-05-09
2018-06-22,BAC,BAC:2018-06-21,2018-06-21,29.290000915527344,29.239999771118164,29.450000762939453,0.5300006866455078,0.0,29.459999084472656,29.520000457763672,28.989999771118164,28.989999771118164,29.95379997253418,-0.02324337395085907,-0.026586880458747464,119,2018-06-25,28.86000061035156,-0.013167049898777,-0.0214830501081492,-0.0232155253681328,2018-06-25,2018-06-27,2018-06-29
2018-06-27,BAC,BAC:2018-06-26,2018-06-26,28.540000915527344,28.479999542236328,28.670000076293945,0.6100006103515625,0.0,28.510000228881836,28.850000381469727,28.239999771118164,28.239999771118164,29.863599967956542,-0.04547214931750565,-0.04548490703525232,122,2018-06-28,28.399999618530273,0.0095070584996594,-0.0042253145597392,-0.0169013925592851,2018-06-28,2018-07-02,2018-07-05
2018-06-29,BAC,BAC:2018-06-28,2018-06-28,28.670000076293945,28.239999771118164,28.84000015258789,0.9899997711181641,0.010101243630128409,29.09000015258789,29.170000076293945,28.18000030517578,28.190000534057617,29.806599960327148,-0.03941513486382631,-0.028135590634103536,124,2018-07-02,28.079999923706055,0.0071225343120675,-0.0056980002794455,0.034544135184829,2018-07-02,2018-07-05,2018-07-09
2018-07-03,BAC,BAC:2018-07-02,2018-07-02,28.280000686645508,28.190000534057617,28.280000686645508,0.6900005340576172,0.05797229647361918,28.329999923706055,28.43000030517578,27.739999771118164,27.780000686645508,29.71619998931885,-0.049954623722962,-0.038095202259079364,126,2018-07-05,27.950000762939453,-0.0010733697970157,0.0393559371769194,0.0261180508876506,2018-07-05,2018-07-09,2018-07-11
2018-09-17,BAC,BAC:2018-09-14,2018-09-14,30.3700008392334,30.13999938964844,30.38999938964844,0.3400001525878906,0.3823559110951542,30.34000015258789,30.489999771118164,30.149999618530273,30.280000686645508,30.64740001678467,-0.007594148740745932,-0.020638483873739566,178,2018-09-18,30.329999923706055,-0.003956506413955,0.0283547844548255,0.0135179640106644,2018-09-18,2018-09-20,2018-09-24
2019-03-27,BAC,BAC:2019-03-26,2019-03-26,27.209999084472656,26.84000015258789,27.350000381469727,0.4200000762939453,0.1904759742235503,27.09000015258789,27.3700008392334,26.950000762939453,27.030000686645508,28.779399948120115,-0.05409824270639618,-0.05977890178505818,309,2019-03-28,27.200000762939453,0.0047793807764788,0.049264710110364,0.0602940935164593,2019-03-28,2019-04-01,2019-04-03
2019-08-27,BAC,BAC:2019-08-26,2019-08-26,26.780000686645508,26.469999313354492,26.799999237060547,0.6199989318847656,0.3064499258593851,26.86000061035156,26.899999618530273,26.280000686645508,26.469999313354492,28.60559997558594,-0.06477430640595949,-0.03111428082465928,415,2019-08-28,26.219999313354492,0.0240275013201223,0.049199120873749,0.0484363268887206,2019-08-28,2019-08-30,2019-09-04
2019-10-07,BAC,BAC:2019-10-04,2019-10-04,28.3700008392334,27.809999465942383,28.399999618530273,0.4400005340576172,0.2954522794955936,28.329999923706055,28.6200008392334,28.18000030517578,28.309999465942383,28.398399925231935,-0.002727790955469045,-0.04123012190142872,443,2019-10-08,27.8700008392334,-0.0086114700839527,0.0208109044219895,0.0455686584920091,2019-10-08,2019-10-10,2019-10-14
2020-03-03,BAC,BAC:2020-03-02,2020-03-02,29.3700008392334,28.5,29.3799991607666,2.1299991607666016,0.06103249389066142,29.3700008392334,29.75,27.6200008392334,27.75,33.89139984130859,-0.13715602387799275,-0.15724527617862105,544,2020-03-04,28.25,0.0049557306070242,-0.0899115368328263,-0.1642477660052543,2020-03-04,2020-03-06,2020-03-10
2020-03-11,BAC,BAC:2020-03-10,2020-03-10,23.61000061035156,21.93000030517578,23.68000030517578,1.6999988555908203,0.241176543186329,22.84000015258789,23.959999084472656,22.260000228881836,22.670000076293945,32.64979988098145,-0.28244495344715537,-0.24034746884464453,550,2020-03-12,20.59000015258789,-0.0038853775188534,-0.0072850712685118,0.0097134901144873,2020-03-12,2020-03-16,2020-03-18
2020-03-20,BAC,BAC:2020-03-19,2020-03-19,21.200000762939453,20.790000915527344,21.75,2.280000686645508,0.0482458672034011,21.760000228881836,21.84000015258789,19.559999465942383,19.670000076293945,30.71779987335205,-0.3166536390176796,-0.20836444289146927,557,2020-03-23,19.260000228881836,-0.0612668894679596,0.0955347939107846,0.1214953335815065,2020-03-23,2020-03-25,2020-03-27
2020-07-01,BAC,BAC:2020-06-30,2020-06-30,23.75,23.38999938964844,23.90999984741211,0.8400001525878906,0.03571509666168637,24.030000686645508,24.06999969482422,23.229999542236328,23.260000228881836,24.018400077819823,-0.009839075312041423,-0.07945733711944514,628,2020-07-02,23.84000015258789,-0.0230704376485015,-0.0348154328185251,-0.0448825372473022,2020-07-02,2020-07-07,2020-07-09
2020-11-06,BAC,BAC:2020-11-05,2020-11-05,24.61000061035156,23.68000030517578,24.790000915527344,0.7299995422363281,0.1095890053040002,24.93000030517578,24.959999084472656,24.229999542236328,24.309999465942383,24.656200065612794,-0.003280525312193472,-0.01045437153631612,718,2020-11-09,26.600000381469727,0.0436090161946085,0.0278195398686409,0.0150375794283417,2020-11-09,2020-11-11,2020-11-13
2022-04-29,BAC,BAC:2022-04-28,2022-04-28,36.810001373291016,36.25,36.95000076293945,1.5900001525878906,0.08804992214659473,36.75,37.130001068115234,35.540000915527344,35.68000030517578,41.111800079345706,-0.10983315592888088,-0.0517773914820816,1089,2022-05-02,36.029998779296875,0.0030530284229366,0.0718845473310458,0.0394116578338192,2022-05-02,2022-05-04,2022-05-06
2022-06-28,BAC,BAC:2022-06-27,2022-06-27,32.349998474121094,32.310001373291016,32.599998474121094,1.3100013732910156,0.053434825528742694,32.83000183105469,33.5,32.189998626708984,32.2599983215332,35.46939987182617,-0.09066892573286145,-0.024721125718720316,1129,2022-06-29,32.22999954223633,-0.0114799546118483,-0.0207880882969275,-0.0387837424062609,2022-06-29,2022-07-01,2022-07-06
2022-07-08,BAC,BAC:2022-07-07,2022-07-07,31.86000061035156,30.979999542236328,32.0099983215332,0.6900005340576172,0.3333351761808276,32.0099983215332,32.25,31.559999465942383,31.790000915527344,34.5119998550415,-0.07932909659183318,-0.02269932203699243,1136,2022-07-11,31.549999237060547,-0.0028526198023539,-0.0225039334910236,0.022187029472799,2022-07-11,2022-07-13,2022-07-15
2023-03-06,BAC,BAC:2023-03-03,2023-03-03,34.15999984741211,33.4900016784668,34.290000915527344,0.5699996948242188,0.1754360134384495,34.2400016784668,34.560001373291016,33.9900016784668,34.09000015258789,34.530399856567385,-0.009636904950482972,-0.03174600256908189,1301,2023-03-07,33.849998474121094,-0.0251107389198534,-0.097784274971956,-0.1577547558627448,2023-03-07,2023-03-09,2023-03-13
2023-05-01,BAC,BAC:2023-04-28,2023-04-28,29.280000686645508,28.88999938964844,29.43000030517578,0.5400009155273438,0.07407564390567824,29.5,29.540000915527344,29.0,29.040000915527344,30.129599952697752,-0.03220686003447826,-0.008130073421291018,1340,2023-05-02,28.850000381469727,-0.0239168292871427,-0.0644714241163836,-0.0402079664497049,2023-05-02,2023-05-04,2023-05-08
2023-05-08,BAC,BAC:2023-05-05,2023-05-05,27.709999084472656,26.989999771118164,27.88999938964844,0.48999977111816406,0.061225919712262704,28.079999923706055,28.149999618530273,27.65999984741211,27.690000534057617,29.445200004577636,-0.06307905478344644,-0.07231341459902607,1345,2023-05-09,27.420000076293945,0.0087527268581466,-0.0010941169424519,0.0083880212106628,2023-05-09,2023-05-11,2023-05-15
2023-05-12,BAC,BAC:2023-05-11,2023-05-11,27.38999938964844,27.31999969482422,27.489999771118164,0.6700000762939453,0.31343428045992716,27.520000457763672,27.549999237060547,26.8799991607666,27.09000015258789,28.91159999847412,-0.056805212113678505,-0.0519210810553864,1349,2023-05-15,27.100000381469727,0.0202951745135997,0.0542435163343997,0.0372693806149333,2023-05-15,2023-05-17,2023-05-19
2023-05-16,BAC,BAC:2023-05-15,2023-05-15,27.649999618530273,27.09000015258789,27.81999969482422,0.5699996948242188,0.05263281176800651,27.780000686645508,27.899999618530273,27.329999923706055,27.36000061035156,28.64680000305176,-0.03931012305190651,-0.047865056927524186,1351,2023-05-17,27.739999771118164,0.0299206896378643,0.0133381702338235,0.0302811881585689,2023-05-17,2023-05-19,2023-05-23
2023-08-30,BAC,BAC:2023-08-29,2023-08-29,29.170000076293945,28.760000228881836,29.260000228881836,0.3400001525878906,0.3235310617195301,29.219999313354492,29.270000457763672,28.93000030517578,29.040000915527344,29.914800300598145,-0.024786543437129382,-0.025718117703029897,1424,2023-08-31,28.93000030517578,-0.008987218324893,-0.0096785580259884,-0.0276529946757744,2023-08-31,2023-09-05,2023-09-07
2023-09-29,BAC,BAC:2023-09-28,2023-09-28,27.559999465942383,27.270000457763672,27.63999938964844,0.7199993133544922,0.1527761220916217,27.88999938964844,27.989999771118164,27.270000457763672,27.3799991607666,29.59320011138916,-0.07140982172810062,-0.056164426511884025,1445,2023-10-02,27.270000457763672,-0.0209020786672535,-0.0487715402046283,-0.0440044276786147,2023-10-02,2023-10-04,2023-10-06
2024-08-12,BAC,BAC:2024-08-09,2024-08-09,38.279998779296875,38.209999084472656,38.45000076293945,0.720001220703125,0.22222163353537067,38.5,38.72999954223633,38.0099983215332,38.16999816894531,40.25419998168945,-0.04926065007976643,-0.0813534806482148,1662,2024-08-13,38.369998931884766,0.0023455865283619,0.0172009347350714,0.033880616972868,2024-08-13,2024-08-15,2024-08-19
2025-04-08,BAC,BAC:2025-04-07,2025-04-07,35.58000183105469,34.38999938964844,36.630001068115234,3.0,0.23333231608072916,36.86000061035156,37.33000183105469,34.33000183105469,35.029998779296875,43.27519989013672,-0.18237717507825257,-0.17390290032134859,1826,2025-04-09,34.04999923706055,0.0910426536939321,0.0558003397489335,0.1157122622522084,2025-04-09,2025-04-11,2025-04-15
2018-03-27,BLK,BLK:2018-03-26,2018-03-26,540.719970703125,521.1300048828125,541.5700073242188,17.739990234375,0.25704622710320246,541.7999877929688,545.2899780273438,527.5499877929688,532.1099853515625,553.1515966796875,-0.02330122992730843,-0.05433814602943765,58,2018-03-28,534.3699951171875,-0.0118643746434942,-0.0287628333507327,0.0036304479277149,2018-03-28,2018-04-02,2018-04-04
2018-04-30,BLK,BLK:2018-04-27,2018-04-27,524.6500244140625,522.719970703125,525.9600219726562,8.11004638671875,0.10234430856067733,525.4000244140625,528.780029296875,520.6699829101562,521.5,538.8481970214843,-0.027040670426786706,-0.00022866229533213822,81,2018-05-01,517.969970703125,0.0,-0.0121627847785049,0.010869365409678,2018-05-01,2018-05-03,2018-05-07
2018-07-03,BLK,BLK:2018-07-02,2018-07-02,499.5199890136719,499.0400085449219,499.5199890136719,12.399993896484375,0.03064557014985615,502.55999755859375,503.30999755859375,490.9100036621094,491.2900085449219,527.7739959716797,-0.0545575251834719,-0.05311443716256048,126,2018-07-05,498.94000244140625,-0.0139495559005523,0.0103419321699211,0.0079368089062836,2018-07-05,2018-07-09,2018-07-11
2018-08-01,BLK,BLK:2018-07-31,2018-07-31,502.760009765625,500.1799926757813,505.2799987792969,33.29998779296881,0.08648666482156243,505.19000244140625,509.8699951171875,476.5700073242187,479.4500122070313,518.202398071289,-0.03219159771045599,-0.0041990078764945205,146,2018-08-02,474.2799987792969,0.0021717103439906,0.0193556394944098,0.0269250000981262,2018-08-02,2018-08-06,2018-08-08
2018-12-11,BLK,BLK:2018-12-10,2018-12-10,393.260009765625,393.1000061035156,394.4500122070313,19.040008544921932,0.18960158870850358,400.2300109863281,401.0899963378906,382.0499877929687,385.6600036621094,417.1897998046875,-0.0612150724323538,-0.03283238500499408,237,2018-12-12,392.5400085449219,-0.0062923553445137,-0.0260865657743044,-0.0234116325504551,2018-12-12,2018-12-14,2018-12-18
2019-03-27,BLK,BLK:2019-03-26,2019-03-26,422.6700134277344,415.4100036621094,423.30999755859375,7.82000732421875,0.24680580379791295,423.6000061035156,425.5299987792969,417.7099914550781,419.6400146484375,423.90540100097655,-0.0018207673490523435,-0.012083916778255599,309,2019-03-28,421.3999938964844,0.008471778300727,0.0403180374894041,0.0419316888553988,2019-03-28,2019-04-01,2019-04-03
2020-03-03,BLK,BLK:2020-03-02,2020-03-02,487.94000244140625,463.010009765625,488.1799926757813,27.800018310546818,0.21187089096998266,488.3399963378906,503.9800109863281,476.1799926757813,482.0700073242187,525.6203979492187,-0.0723023786563094,-0.1378237969811572,544,2020-03-04,488.0899963378906,0.0147923564811291,-0.0771988628295845,-0.0595996569406279,2020-03-04,2020-03-06,2020-03-10
2021-02-25,BLK,BLK:2021-02-24,2021-02-24,712.0999755859375,703.1599731445312,713.22998046875,22.3499755859375,0.11811885892807401,714.22998046875,714.5,692.1500244140625,694.7899780273438,720.8233984375,-0.012113264104685051,-0.02291439693571351,792,2021-02-26,697.7899780273438,-0.0047148542268327,0.0265409652107733,-0.0208944761515565,2021-02-26,2021-03-02,2021-03-04
2021-03-02,BLK,BLK:2021-03-01,2021-03-01,719.2000122070312,694.5,721.969970703125,9.989990234375,0.2702717563967839,719.72998046875,723.5999755859375,713.6099853515625,716.3099975585938,721.81419921875,-0.0031261627059491204,-0.0052283166392352864,795,2021-03-03,718.5399780273438,-0.023728655766346,-0.0226291497031358,0.0048153506811901,2021-03-03,2021-03-05,2021-03-09
2021-03-08,BLK,BLK:2021-03-05,2021-03-05,702.280029296875,683.2100219726562,704.030029296875,15.3299560546875,0.13829101072597405,699.5599975585938,712.1699829101562,696.8400268554688,698.9600219726562,721.5897998046875,-0.026613272512348463,-0.011026399031427547,799,2021-03-09,707.97998046875,0.019802847422278,0.0199723368435862,0.0155795779558229,2021-03-09,2021-03-11,2021-03-15
2021-07-30,BLK,BLK:2021-07-29,2021-07-29,869.3900146484375,860.7100219726562,872.3599853515625,11.22003173828125,0.28342100539087955,868.25,875.2100219726562,863.989990234375,867.1699829101562,875.5346008300781,-0.00636780734618847,-0.012056801535866524,900,2021-08-02,873.2999877929688,-4.577811508366114e-05,0.009973688416816,0.0260964609882747,2021-08-02,2021-08-04,2021-08-06
2021-10-11,BLK,BLK:2021-10-08,2021-10-08,844.4000244140625,842.3499755859375,846.6599731445312,21.97998046875,0.050044429634566255,841.0800170898438,860.6099853515625,838.6300048828125,839.72998046875,894.8902026367188,-0.056998833106902125,-0.03455211505778111,950,2021-10-12,843.3900146484375,-0.0085369901018244,0.0582411390507899,0.0627467506029408,2021-10-12,2021-10-14,2021-10-18
2021-12-28,BLK,BLK:2021-12-27,2021-12-27,922.5700073242188,913.9199829101562,923.1300048828124,7.929992675781364,0.08701173754090206,923.780029296875,929.0599975585938,921.1300048828124,921.8200073242188,925.7937951660156,-0.003168643616762834,-0.002799478896076124,1004,2021-12-29,921.27001953125,-0.0125370939933568,-0.0061979895704861,-0.0043961582839585,2021-12-29,2021-12-31,2022-01-04
2022-01-03,BLK,BLK:2021-12-31,2021-12-31,915.5599975585938,913.760009765625,919.8200073242188,16.6400146484375,0.378604702343836,918.3400268554688,922.0700073242188,905.4299926757812,911.72998046875,926.7169946289063,-0.011868454196293898,-0.006499908104519059,1008,2022-01-04,917.719970703125,-0.0005448285053848,-0.0242230540670463,-0.0483589169511631,2022-01-04,2022-01-06,2022-01-10
2022-01-12,BLK,BLK:2022-01-11,2022-01-11,888.1900024414062,873.3400268554688,888.9099731445312,19.1099853515625,0.22239682144248765,895.5499877929688,899.969970703125,880.8599853515625,885.1099853515625,921.5101953125,-0.037226427501393156,-0.0364821815708154,1015,2022-01-13,890.72998046875,-0.0259898778378645,-0.0659346623068004,-0.0720532530430897,2022-01-13,2022-01-18,2022-01-20
2022-01-26,BLK,BLK:2022-01-25,2022-01-25,798.5499877929688,786.8200073242188,805.7000122070312,35.87994384765625,0.3171672702715116,811.0,819.969970703125,784.0900268554688,795.469970703125,896.3975952148437,-0.1126413832232559,-0.08563679295885196,1024,2022-01-27,807.6599731445312,-0.0243913922033,0.0189188888950184,0.0183864956972881,2022-01-27,2022-01-31,2022-02-02
2022-03-03,BLK,BLK:2022-03-02,2022-03-02,738.0399780273438,714.8099975585938,745.7999877929688,22.92999267578125,0.354994210575349,746.969970703125,752.5,729.5700073242188,737.7100219726562,825.3293981933593,-0.10920787714541003,-0.05523627322317015,1049,2022-03-04,722.0,-0.0351938686212344,-0.0818975136881059,-0.0343490135636685,2022-03-04,2022-03-08,2022-03-10
2022-04-20,BLK,BLK:2022-04-19,2022-04-19,701.5700073242188,680.0,704.6599731445312,13.25994873046875,0.11085794771945814,707.7100219726562,710.7899780273438,697.530029296875,699.0,737.5379992675781,-0.051799673112623124,-0.10311542021976183,1082,2022-04-21,708.969970703125,-0.0388026995038811,-0.0573930393213911,-0.0930222067183872,2022-04-21,2022-04-25,2022-04-27
2022-07-18,BLK,BLK:2022-07-15,2022-07-15,600.3699951171875,588.6300048828125,603.7999877929688,18.82000732421875,0.1583443328457874,605.4600219726562,613.3699951171875,594.5499877929688,597.530029296875,621.6395983886719,-0.036314341574133935,-0.014235490645848836,1142,2022-07-19,608.3200073242188,0.0329103420735918,0.0509435656582937,0.0457489754648348,2022-07-19,2022-07-21,2022-07-25
2023-03-22,BLK,BLK:2023-03-21,2023-03-21,662.1500244140625,643.5599975585938,665.1799926757812,19.55999755859375,0.021983268376857813,660.0800170898438,667.4500122070312,647.8900146484375,648.3200073242188,709.3638000488281,-0.06930448565742642,-0.018542598091540796,1313,2023-03-23,653.280029296875,-0.0022961057015847,-0.0075924898209344,0.006031014617867,2023-03-23,2023-03-27,2023-03-29
2023-05-08,BLK,BLK:2023-05-05,2023-05-05,644.47998046875,631.6599731445312,644.6599731445312,6.219970703125,0.3794206539231464,646.25,647.0,640.780029296875,643.1400146484375,662.2917980957031,-0.028076737501847138,-0.05354366293936974,1345,2023-05-09,639.0,-0.0053677506663243,0.004726165150626,0.0089984350547731,2023-05-09,2023-05-11,2023-05-15
2023-08-24,BLK,BLK:2023-08-23,2023-08-23,678.77001953125,665.8400268554688,680.3300170898438,15.61004638671875,0.012171805047799652,678.780029296875,688.5800170898438,672.969970703125,673.1599731445312,704.623203125,-0.03712616348196096,-0.01924606165001186,1420,2023-08-25,676.0,-5.913909370380832e-05,0.0222337711492233,0.0363017426439995,2023-08-25,2023-08-29,2023-08-31
2024-04-12,BLK,BLK:2024-04-11,2024-04-11,785.9600219726562,783.6500244140625,789.3200073242188,40.94000244140625,0.0327314796179265,785.5599975585938,803.0,762.0599975585938,763.4000244140625,807.8350061035156,-0.02734124862268661,-0.058865759929066175,1579,2024-04-15,770.7899780273438,-0.0101194722496664,-0.0220552945479487,-0.0269982720998164,2024-04-15,2024-04-17,2024-04-19
2024-04-18,BLK,BLK:2024-04-17,2024-04-17,753.7899780273438,749.6699829101562,758.9000244140625,14.63995361328125,0.03551640325021575,754.739990234375,761.4199829101562,746.780029296875,747.2999877929688,805.2284057617187,-0.06482543989504341,-0.07487728360291401,1583,2024-04-19,751.3900146484375,-0.0018765676309223,0.0202690748770142,0.0083312389619043,2024-04-19,2024-04-23,2024-04-25
2024-04-29,BLK,BLK:2024-04-26,2024-04-26,762.8800048828125,757.6500244140625,767.47998046875,13.550048828125,0.40074052719770814,763.3599853515625,769.4000244140625,755.8499755859375,761.280029296875,800.6870043945313,-0.04809248969110069,-0.0006811887799572647,1590,2024-04-30,758.0399780273438,-0.0044852032576883,-0.0013719303169867,0.0218986294948351,2024-04-30,2024-05-02,2024-05-06
2025-02-21,BLK,BLK:2025-02-20,2025-02-20,989.3800048828124,986.3400268554688,991.3200073242188,22.20001220703125,0.14459275551584302,992.489990234375,993.2100219726562,971.010009765625,974.219970703125,1016.4745959472656,-0.02796842243615505,-0.024760961180076535,1794,2025-02-24,975.3499755859376,-0.0231198937380625,-0.022125346383203,0.0024914684695385,2025-02-24,2025-02-26,2025-02-28
2025-02-26,BLK,BLK:2025-02-25,2025-02-25,958.010009765625,952.7999877929688,966.1199951171876,14.829956054687386,0.10047165540345958,956.5,967.1099853515624,952.280029296875,953.77001953125,1010.3919970703125,-0.05393107997271007,-0.02794376578403346,1797,2025-02-27,959.0999755859376,-0.0148159329571652,0.0076842824572953,0.009425544044016,2025-02-27,2025-03-03,2025-03-05
2025-03-03,BLK,BLK:2025-02-28,2025-02-28,977.780029296875,944.8900146484376,980.47998046875,31.949951171875,0.23880924908494885,979.8400268554688,990.7899780273438,958.8400268554688,966.469970703125,1004.5745971679687,-0.028571363705357178,-0.002570599334359991,1800,2025-03-04,952.3599853515624,-0.0005985208670945,0.0076441990516722,-0.0389558319927123,2025-03-04,2025-03-06,2025-03-10
2025-04-15,BLK,BLK:2025-04-14,2025-04-14,889.9500122070312,878.780029296875,900.0,14.52001953125,0.15220516528230824,888.9000244140625,900.75,886.22998046875,888.4400024414062,944.2378002929687,-0.05998874883016281,-0.05972653350123891,1831,2025-04-16,881.239990234375,-0.0175434173537543,-0.0309109783217285,0.0128228268328625,2025-04-16,2025-04-21,2025-04-23
2025-09-10,BLK,BLK:2025-09-09,2025-09-09,1105.6700439453125,1104.9200439453125,1113.7099609375,19.7099609375,0.20699970272011098,1107.280029296875,1118.52001953125,1098.81005859375,1102.8900146484375,1112.0608081054688,-0.004786697812929952,-0.027640429439310665,1932,2025-09-11,1105.0,0.0264072884261878,0.0091493080104638,0.024235320630656,2025-09-11,2025-09-15,2025-09-17
2018-03-27,CAT,CAT:2018-03-26,2018-03-26,149.19000244140625,144.2899932861328,149.55999755859375,5.3300018310546875,0.2251429258503265,149.89999389648438,151.1199951171875,145.7899932861328,146.99000549316406,157.3243994140625,-0.0545063961885367,-0.03436891623685279,58,2018-03-28,146.99000549316406,-0.0124498385105495,-0.0210899107943757,-0.0123138495798409,2018-03-28,2018-04-02,2018-04-04
2018-05-02,CAT,CAT:2018-05-01,2018-05-01,144.4199981689453,144.36000061035156,144.42999267578125,3.1699981689453125,0.11987542659651791,143.99000549316406,146.64999389648438,143.47999572753906,143.86000061035156,150.71619964599608,-0.04326063452695306,-0.05798708193345814,83,2018-05-03,141.69000244140625,0.0147504855803421,0.0573788181433234,0.0770696448640482,2018-05-03,2018-05-07,2018-05-09
2018-06-29,CAT,CAT:2018-06-28,2018-06-28,136.02999877929688,134.61000061035156,136.72000122070312,2.2700042724609375,0.03964588920930045,136.61000061035156,137.85000610351562,135.5800018310547,135.6699981689453,149.64340057373047,-0.09339928100233108,-0.11172783517398999,124,2018-07-02,133.8000030517578,0.0186097920596592,0.0150223801269899,0.0535874290389346,2018-07-02,2018-07-05,2018-07-09
2018-07-03,CAT,CAT:2018-07-02,2018-07-02,136.2899932861328,135.6699981689453,136.42999267578125,4.0200042724609375,0.12437797726366932,137.0,137.35000610351562,133.3300018310547,133.8300018310547,148.90100036621095,-0.0871657134562529,-0.08333333333333337,126,2018-07-05,135.00999450683594,0.0059255098459936,0.0441449296819682,0.0129620033419926,2018-07-05,2018-07-09,2018-07-11
2019-05-22,CAT,CAT:2019-05-21,2019-05-21,124.9499969482422,122.43000030517578,125.06999969482422,1.9200057983398295,0.020833747253235137,124.25,125.44000244140624,123.5199966430664,123.55999755859376,134.8597998046875,-0.07470628931036638,-0.06523529094151637,348,2019-05-23,122.0999984741211,0.0013104313194833,-0.004176921724848,-0.0021294196517583,2019-05-23,2019-05-28,2019-05-30
2019-10-07,CAT,CAT:2019-10-04,2019-10-04,121.04000091552734,120.04000091552734,121.1500015258789,1.9499969482422017,0.2564106576939611,120.8499984741211,121.6999969482422,119.75,120.25,123.17299926757812,-0.019334585877079924,-0.055555575398965606,443,2019-10-08,118.79000091552734,-0.0069029353355029,0.032831058976523,0.0807307340127447,2019-10-08,2019-10-10,2019-10-14
2020-01-29,CAT,CAT:2020-01-28,2020-01-28,136.74000549316406,135.72999572753906,137.60000610351562,2.089996337890625,0.05263196320362123,137.58999633789062,137.75999450683594,135.6699981689453,135.77999877929688,144.82399993896485,-0.05681717206808645,-0.06865550557285616,521,2020-01-30,134.75999450683594,0.0045265704602015,-0.0370287209689806,0.0198872665762417,2020-01-30,2020-02-03,2020-02-05
2020-03-03,CAT,CAT:2020-03-02,2020-03-02,127.5999984741211,124.23999786376952,127.87999725341795,5.779998779296875,0.1038059863040435,127.0,129.55999755859375,123.77999877929688,124.37999725341795,139.840400390625,-0.09048921019605849,-0.07529535912336549,544,2020-03-04,126.06999969482422,0.0105497091637518,-0.0369635602759992,-0.1553105566625819,2020-03-04,2020-03-06,2020-03-10
2021-07-22,CAT,CAT:2021-07-21,2021-07-21,210.72999572753903,207.9600067138672,210.9600067138672,2.8400115966796875,0.21831262122358944,211.0,211.3800048828125,208.5399932861328,209.16000366210935,224.61960083007813,-0.06434708553724866,-0.018445231118519367,894,2021-07-23,209.5,0.0001431922639469,0.0019092787421688,0.0146061935971062,2021-07-23,2021-07-27,2021-07-29
2021-10-04,CAT,CAT:2021-10-01,2021-10-01,194.3300018310547,191.97000122070312,195.8699951171875,3.5,0.20571463448661526,194.7400054931641,195.91000366210935,192.41000366210935,193.1300048828125,206.37020080566407,-0.05983699331505965,-0.027133908230014048,945,2021-10-05,192.7599945068359,-0.0013487990985946,0.0155115458516887,0.0006744391290585,2021-10-05,2021-10-07,2021-10-11
2021-10-08,CAT,CAT:2021-10-07,2021-10-07,195.75,191.86000061035156,196.38999938964844,1.8399963378905966,0.22826032872801735,195.8000030517578,196.5800018310547,194.7400054931641,195.16000366210935,204.97700103759766,-0.0466333903461984,-0.0044247540371922245,949,2021-10-11,196.33999633789065,-0.0175715443240862,-0.0376896915274939,0.0136498318455611,2021-10-11,2021-10-13,2021-10-15
2022-05-18,CAT,CAT:2022-05-17,2022-05-17,213.08999633789065,207.19000244140625,213.77000427246097,10.379989624023438,0.04046229179008433,213.83999633789065,217.8999938964844,207.52000427246097,207.94000244140625,217.06820098876952,-0.01851326835525935,-0.002481035443363311,1102,2022-05-19,205.86000061035156,0.0043718735733799,-0.0083066487360206,0.0167589475275107,2022-05-19,2022-05-23,2022-05-25
2022-06-28,CAT,CAT:2022-06-27,2022-06-27,187.58999633789065,185.4900054931641,190.0800018310547,5.670013427734347,0.0017653865819855306,189.97000122070312,193.1000061035156,187.42999267578125,187.44000244140625,210.37620025634766,-0.11172081450960969,-0.128218223240956,1129,2022-06-29,187.32000732421875,-0.0204997407993545,-0.0482063510837714,-0.0801303073816629,2022-06-29,2022-07-01,2022-07-06
2022-09-15,CAT,CAT:2022-09-14,2022-09-14,184.6499938964844,184.30999755859375,185.13999938964844,4.8600006103515625,0.16666928305678674,184.6699981689453,186.5399932861328,181.67999267578125,182.4900054931641,185.9536004638672,-0.005921972580802848,-0.012249965309803712,1184,2022-09-16,180.0,-0.0029444376627604,-0.0111666361490885,-0.0524999830457899,2022-09-16,2022-09-20,2022-09-22
2023-03-22,CAT,CAT:2023-03-21,2023-03-21,224.9199981689453,220.30999755859375,226.0,6.729995727539091,0.013372421251674897,225.1699981689453,226.58999633789065,219.86000061035156,219.9499969482422,244.43759857177736,-0.08185050673797767,-0.08621110454750225,1313,2023-03-23,220.5099945068359,-0.0048523517848825,-0.011382679104634,0.0112920300902137,2023-03-23,2023-03-27,2023-03-29
2023-04-18,CAT,CAT:2023-04-17,2023-04-17,225.2400054931641,223.67999267578125,226.9199981689453,3.44000244140625,0.3313949362147584,225.55999755859375,227.5,224.05999755859375,225.1999969482422,232.4919985961914,-0.03306897605182901,-0.015731475713760434,1331,2023-04-19,224.8000030517578,-0.0006673005037233,-0.0201512398478654,-0.027446610699221,2023-04-19,2023-04-21,2023-04-25
2023-05-01,CAT,CAT:2023-04-28,2023-04-28,218.8000030517578,214.3300018310547,220.55999755859375,5.4300079345703125,0.13628073882780598,219.33999633789065,221.9600067138672,216.52999877929688,217.27000427246097,227.37619903564453,-0.0401875232392257,-0.021816835585723893,1340,2023-05-02,217.11000061035156,-0.0090277127187007,-0.0309980917904256,-0.0106858611657528,2023-05-02,2023-05-04,2023-05-08
2023-05-08,CAT,CAT:2023-05-05,2023-05-05,215.08999633789065,210.3800048828125,215.67999267578125,4.4799957275390625,0.25892622981529356,216.44000244140625,218.11000061035156,213.6300048828125,214.7899932861328,224.78699890136718,-0.04495535682914009,-0.023516628837773834,1345,2023-05-09,213.7400054931641,-0.0011696453334656,-0.0173575681600037,-0.0114625813795518,2023-05-09,2023-05-11,2023-05-15
2024-08-07,CAT,CAT:2024-08-06,2024-08-06,326.44000244140625,316.79998779296875,332.1700134277344,10.72998046875,0.12581342434584755,333.510009765625,335.17999267578125,324.45001220703125,325.79998779296875,334.02619873046876,-0.0240612267898902,-0.05151526947321028,1659,2024-08-08,330.0,0.0186666777639679,0.0182727235736268,0.0229999889026988,2024-08-08,2024-08-12,2024-08-14
2025-02-07,CAT,CAT:2025-02-06,2025-02-06,365.4500122070313,358.8500061035156,367.5400085449219,6.95001220703125,0.18705266578260984,369.25,369.5299987792969,362.5799865722656,363.8800048828125,379.46160278320315,-0.03862795201850089,-0.10076275173341565,1785,2025-02-10,365.3299865722656,-0.0057755602581643,-0.0363780103353625,-0.0328743319450214,2025-02-10,2025-02-12,2025-02-14
2025-02-14,CAT,CAT:2025-02-13,2025-02-13,353.70001220703125,352.0400085449219,357.5899963378906,6.08001708984375,0.08552928775786779,356.6000061035156,358.8800048828125,352.79998779296875,353.32000732421875,374.6358038330078,-0.0583558244784802,-0.0567496883989177,1790,2025-02-18,355.4700012207031,-0.0041353734932766,-0.0177792986820701,-0.0465580435371063,2025-02-18,2025-02-20,2025-02-24
2025-03-03,CAT,CAT:2025-02-28,2025-02-28,343.95001220703125,340.0,344.8999938964844,18.1199951171875,0.11092772115144942,347.6300048828125,348.1499938964844,330.0299987792969,332.0400085449219,365.2464025878906,-0.06071808248163324,-0.02756573272124463,1800,2025-03-04,327.3900146484375,-0.001954899721437,0.0416017425938084,0.0544304224604295,2025-03-04,2025-03-06,2025-03-10
2018-10-19,COP,COP:2018-10-18,2018-10-18,72.58999633789062,72.4800033569336,73.18000030517578,1.6399993896484375,0.1402413494729203,72.66999816894531,73.9000015258789,72.26000213623047,72.48999786376953,73.8881999206543,-0.017373014185410374,-0.07268781975136052,202,2018-10-22,72.61000061035156,-0.0077124026151559,-0.0953036511606745,-0.0568791794339853,2018-10-22,2018-10-24,2018-10-26
2018-10-29,COP,COP:2018-10-26,2018-10-26,68.4800033569336,68.0199966430664,69.06999969482422,3.4899978637695312,0.32378164615764654,69.18000030517578,69.70999908447266,66.22000122070312,67.3499984741211,73.66119995117188,-0.07094864934390765,-0.0724637456513072,208,2018-10-30,67.18000030517578,0.0348317405070084,0.035724940681401,0.0275379348871269,2018-10-30,2018-11-01,2018-11-05
2018-12-28,COP,COP:2018-12-27,2018-12-27,62.22999954223633,61.5,62.2400016784668,1.7199974060058594,0.30232408563564706,62.75,62.869998931884766,61.150001525878906,61.66999816894531,66.089400100708,-0.061840448710441254,-0.046575720195827786,249,2018-12-31,62.130001068115234,0.0035409206860412,0.0008047519105258,0.0215676827547259,2018-12-31,2019-01-03,2019-01-07
2019-03-12,COP,COP:2019-03-11,2019-03-11,65.87000274658203,65.43000030517578,66.33999633789062,1.2699966430664062,0.37795039078222525,66.16999816894531,66.41999816894531,65.1500015258789,65.62999725341797,67.02960014343262,-0.016301842243054088,-0.04880862459809343,298,2019-03-13,66.08999633789062,0.0190649448637976,0.0226963244532671,0.0190649448637976,2019-03-13,2019-03-15,2019-03-19
2019-04-11,COP,COP:2019-04-10,2019-04-10,66.97000122070312,65.69999694824219,67.18000030517578,1.8799972534179688,0.3457459976056652,66.63999938964844,67.5999984741211,65.72000122070312,66.37000274658203,67.78020004272462,-0.011755035895079424,-0.013841884710878438,320,2019-04-12,67.55999755859375,-0.002812238290076,-0.0254588703797893,-0.024570694089726,2019-04-12,2019-04-16,2019-04-18
2019-05-01,COP,COP:2019-04-30,2019-04-30,63.119998931884766,62.650001525878906,63.970001220703125,1.8600006103515625,0.0,63.72999954223633,64.52999877929688,62.66999816894531,62.66999816894531,66.88779975891113,-0.05825061448434987,-0.04853779897130828,333,2019-05-02,62.20000076293945,-0.0146302224477513,-0.0051446895642947,-0.0123794284295646,2019-05-02,2019-05-06,2019-05-08
2019-06-11,COP,COP:2019-06-10,2019-06-10,59.2599983215332,58.959999084472656,59.689998626708984,1.2099990844726562,0.05785103123009893,59.689998626708984,59.869998931884766,58.65999984741211,58.72999954223633,62.79179985046387,-0.05864788261056164,-0.01035408709957708,361,2019-06-12,58.16999816894531,0.0065325954972799,0.0111741713312605,0.0285371104411618,2019-06-12,2019-06-14,2019-06-18
2019-08-09,COP,COP:2019-08-08,2019-08-08,55.06999969482422,53.31999969482422,55.09000015258789,1.4900016784667969,0.020133386244063543,54.959999084472656,55.470001220703125,53.97999954223633,54.0099983215332,59.21419990539551,-0.07153575544440616,-0.06724256705861642,403,2019-08-12,53.790000915527344,-0.0124558834772053,-0.0373675795132818,-0.0431306870298735,2019-08-12,2019-08-14,2019-08-16
2019-08-27,COP,COP:2019-08-26,2019-08-26,51.369998931884766,50.41999816894531,51.709999084472656,1.3299980163574219,0.3458644891309648,51.72999954223633,51.849998474121094,50.52000045776367,50.97999954223633,57.62039985656738,-0.11095344350031533,-0.03294427777086384,415,2019-08-28,51.40999984741211,0.0105038108759014,0.0149776397597565,0.036763263864191,2019-08-28,2019-08-30,2019-09-04
2020-02-06,COP,COP:2020-02-05,2020-02-05,58.779998779296875,56.4900016784668,58.95000076293945,1.1399993896484375,0.42105245546171244,59.06999969482422,59.06999969482422,57.93000030517578,58.40999984741211,62.67379997253418,-0.06257377927941488,-0.06713219576123619,527,2020-02-07,57.810001373291016,0.0031136533627369,0.0155682008268807,0.0174709963248649,2020-02-07,2020-02-11,2020-02-13
2020-03-03,COP,COP:2020-03-02,2020-03-02,49.22999954223633,48.41999816894531,49.380001068115234,4.040000915527344,0.16584109334486555,49.529998779296875,51.4900016784668,47.45000076293945,48.119998931884766,60.62759979248047,-0.19201303020029747,-0.1601842299683326,544,2020-03-04,48.75,0.0139487242087339,-0.0701538085937499,-0.2845127986027644,2020-03-04,2020-03-06,2020-03-10
2020-07-01,COP,COP:2020-06-30,2020-06-30,42.02000045776367,41.29999923706055,42.34000015258789,2.1500015258789062,0.02790759567786235,42.349998474121094,42.83000183105469,40.68000030517578,40.7400016784668,42.42519996643066,-0.006013110790995424,-0.06849922657457952,628,2020-07-02,41.81999969482422,-0.00095650205211,-0.0282161720178544,-0.0829746830708988,2020-07-02,2020-07-07,2020-07-09
2020-07-06,COP,COP:2020-07-02,2020-07-02,41.779998779296875,40.7400016784668,42.5099983215332,1.5099983215332031,0.17880844893226253,42.630001068115234,42.869998931884766,41.36000061035156,41.630001068115234,42.670199966430665,-0.018354773191809115,-0.06006753515893559,630,2020-07-07,41.150001525878906,-0.0123937331061757,-0.0680438140445004,-0.0362090309408553,2020-07-07,2020-07-09,2020-07-13
2020-07-13,COP,COP:2020-07-10,2020-07-10,39.689998626708984,38.349998474121094,39.81999969482422,1.5099983215332031,0.4370864775147346,40.130001068115234,40.5099983215332,39.0,39.65999984741211,42.73719993591308,-0.0723601479073307,-0.056348137641455964,635,2020-07-14,39.439998626708984,0.047413864393891,0.0545132251709288,-0.0027889655041672,2020-07-14,2020-07-16,2020-07-20
2020-10-06,COP,COP:2020-10-05,2020-10-05,34.279998779296875,33.06999969482422,34.310001373291016,1.9600028991699219,0.09183675455378812,34.880001068115234,35.08000183105469,33.119998931884766,33.29999923706055,36.553799896240236,-0.06551230935565988,-0.00232834195673981,695,2020-10-07,33.470001220703125,0.0256946692257544,0.0495966473519369,0.0421272720641534,2020-10-07,2020-10-09,2020-10-13
2020-11-03,COP,COP:2020-11-02,2020-11-02,30.229999542236328,28.6200008392334,30.549999237060547,1.600000381469723,0.10625002235173447,30.719999313354492,30.739999771118164,29.13999938964844,29.309999465942383,33.846400108337406,-0.11186454228546228,-0.07553520376374123,715,2020-11-04,29.59000015258789,0.0266981751978672,-0.0135180674710233,0.2007434469779643,2020-11-04,2020-11-06,2020-11-10
2021-12-03,COP,COP:2021-12-02,2021-12-02,71.26000213623047,69.19999694824219,71.6500015258789,2.7600021362304688,0.33695637150699775,72.16999816894531,72.94000244140625,70.18000030517578,71.11000061035156,72.66119964599609,-0.01728233598701301,-0.009865208731835051,988,2021-12-06,72.5,0.0042758283943964,0.0222069049703663,0.0136551429485451,2021-12-06,2021-12-08,2021-12-10
2022-04-29,COP,COP:2022-04-28,2022-04-28,97.5500030517578,93.05999755859376,98.45999908447266,3.8899993896484375,0.15424127718829925,97.75,98.80999755859376,94.91999816894533,95.5199966430664,97.99360076904297,-0.0034467946160002816,-0.02673850359589358,1089,2022-05-02,94.2699966430664,0.0175029339623962,0.1017291217649629,0.1423571260870189,2022-05-02,2022-05-04,2022-05-06
2022-06-29,COP,COP:2022-06-28,2022-06-28,95.22000122070312,92.2300033569336,97.06999969482422,6.169998168945327,0.02917347789206066,96.88999938964844,97.4499969482422,91.27999877929688,91.45999908447266,103.90859985351562,-0.08573117198117075,-0.14799571044536874,1130,2022-06-30,88.55999755859375,0.0141147248696904,-0.0442637565154824,-0.0249548232316793,2022-06-30,2022-07-05,2022-07-07
2022-12-14,COP,COP:2022-12-13,2022-12-13,113.41000366210938,111.77999877929688,115.58999633789062,3.6100006103515625,0.2299173658516006,114.75,115.6500015258789,112.04000091552734,112.87000274658205,123.43420043945312,-0.08162006670604038,-0.0872434312908702,1247,2022-12-15,111.63999938964844,0.0081512331340423,-0.010748808265879,0.0415621588589749,2022-12-15,2022-12-19,2022-12-21
2023-02-08,COP,COP:2023-02-07,2023-02-07,112.0199966430664,107.48999786376952,112.1500015258789,3.160003662109375,0.3006340116082552,112.2300033569336,113.0,109.83999633789062,110.79000091552734,116.84480026245117,-0.04391409346520225,-0.0571500804229772,1284,2023-02-09,110.61000061035156,-0.0061477289704683,0.0153692879383555,0.0094024130710475,2023-02-09,2023-02-13,2023-02-15
2023-02-28,COP,COP:2023-02-27,2023-02-27,105.86000061035156,105.25,106.18000030517578,4.0,0.010000228881832385,106.66000366210938,107.30999755859376,103.30999755859376,103.3499984741211,114.38240036010743,-0.07604597078296327,-0.07995825780855892,1297,2023-03-01,103.7300033569336,0.0242938066279159,0.0473343861353172,0.0377903985547618,2023-03-01,2023-03-03,2023-03-07
2023-03-17,COP,COP:2023-03-16,2023-03-16,96.4000015258789,95.23999786376952,96.5,3.4499969482422017,0.25797106577207224,96.3499984741211,96.9499969482422,93.5,94.38999938964844,111.55880020141602,-0.13880743229736558,-0.1101264663853797,1310,2023-03-20,94.83999633789062,0.0139182557485124,0.037220651043837,0.0062210458674325,2023-03-20,2023-03-22,2023-03-24
2023-03-22,COP,COP:2023-03-21,2023-03-21,99.70999908447266,96.16000366210938,100.08999633789062,2.7999954223632812,0.028572129231260575,100.0,101.08999633789062,98.29000091552734,98.37000274658205,110.39640029907227,-0.09989691961149283,-0.07375756924162691,1313,2023-03-23,98.51000213623048,-0.0212161600036803,-0.0104557786718193,0.0125875326046052,2023-03-23,2023-03-27,2023-03-29
2023-05-16,COP,COP:2023-05-15,2023-05-15,100.29000091552734,99.43000030517578,100.4499969482422,3.1399993896484375,0.20700689561333574,99.87000274658205,100.55999755859376,97.41999816894533,98.06999969482422,101.73900024414063,-0.016463852497750175,-0.021847243640286007,1351,2023-05-17,99.54000091552734,0.0117540502128206,0.0307413856786133,0.048724115225164,2023-05-17,2023-05-19,2023-05-23
2023-11-01,COP,COP:2023-10-31,2023-10-31,118.8000030517578,118.13999938964844,118.98999786376952,3.279998779296889,0.05487816224565641,119.4800033569336,119.7699966430664,116.48999786376952,116.66999816894533,120.4897998046875,-0.013939286067618406,-0.05308461725900904,1468,2023-11-02,117.87000274658205,0.0352082277066436,0.0050903407155344,-0.0290150650602153,2023-11-02,2023-11-06,2023-11-08
2024-02-16,COP,COP:2024-02-15,2024-02-15,111.0,110.12000274658205,111.6999969482422,1.400001525878892,0.12142713118729721,111.4800033569336,111.8000030517578,110.4000015258789,110.56999969482422,112.68579986572266,-0.01540928692376875,-0.0034117190051042856,1541,2024-02-20,110.5500030517578,-0.0091361565657994,0.0151062697679298,0.0169153782502564,2024-02-20,2024-02-22,2024-02-26
2024-05-20,COP,COP:2024-05-17,2024-05-17,121.70999908447266,119.83000183105467,121.98999786376952,1.6200027465820455,0.24691410352412158,121.75,122.11000061035156,120.48999786376952,120.88999938964844,125.65080017089844,-0.030145116405800088,-0.004254309565405401,1605,2024-05-21,120.69000244140624,-0.0023199832101487,-0.0251885065376747,-0.0143342722838496,2024-05-21,2024-05-23,2024-05-28
2024-06-12,COP,COP:2024-06-11,2024-06-11,113.62999725341795,113.3000030517578,113.6500015258789,3.410003662109361,0.18475196663652937,114.5,114.97000122070312,111.55999755859376,112.19000244140624,123.15880065917969,-0.08013058757612945,-0.04480499219968814,1621,2024-06-13,112.0,-0.0099107197352817,-0.0219642775399344,-0.0059821265084403,2024-06-13,2024-06-17,2024-06-20
2024-06-18,COP,COP:2024-06-17,2024-06-17,109.54000091552734,109.38999938964844,109.9000015258789,2.1899948120117188,0.18264953126142455,110.06999969482422,111.1999969482422,109.01000213623048,109.41000366210938,121.35700057983398,-0.10078379331554099,-0.0380258340793328,1625,2024-06-20,109.5999984741211,0.0157847023815613,0.0508211658063062,0.0365876112414118,2024-06-20,2024-06-24,2024-06-26
2024-08-01,COP,COP:2024-07-31,2024-07-31,111.1999969482422,109.91000366210938,112.4000015258789,4.7600021362304545,0.09873970793536546,112.4499969482422,112.68000030517578,107.91999816894533,108.38999938964844,113.27840042114258,-0.02050943609055511,-0.0420400138338638,1655,2024-08-02,107.72000122070312,-0.0181025302222326,-0.0178239709170769,0.0051057873758877,2024-08-02,2024-08-06,2024-08-08
2024-12-02,COP,COP:2024-11-29,2024-11-29,108.33999633789062,107.38999938964844,108.5199966430664,3.1999969482421733,0.18749970197649274,108.33999633789062,108.73999786376952,105.54000091552734,106.13999938964844,108.74640014648438,-0.004420138344512381,-0.040559705148084824,1740,2024-12-03,107.02999877929688,-0.0091562715006647,-0.0241987888202388,-0.0361580413092191,2024-12-03,2024-12-05,2024-12-09
2025-01-30,COP,COP:2025-01-29,2025-01-29,101.55999755859376,101.37999725341795,101.9000015258789,1.3299942016601705,0.39097662412161843,102.0,102.2699966430664,100.94000244140624,101.45999908447266,103.1613998413086,-0.01770569343381523,-0.03165522293829004,1779,2025-01-31,101.33000183105467,-0.0246718637602335,-0.00740155912807,-0.0137175502272856,2025-01-31,2025-02-04,2025-02-06
2025-05-28,COP,COP:2025-05-27,2025-05-27,85.55000305175781,85.19000244140625,85.79000091552734,2.3300018310546875,0.12875657338947866,86.5199966430664,86.61000061035156,84.27999877929688,84.58000183105469,92.2902003479004,-0.07599218505587335,-0.0728296720038254,1860,2025-05-29,84.80000305175781,0.0094339079430811,0.022641487026521,0.0135612482912585,2025-05-29,2025-06-02,2025-06-04
2025-06-04,COP,COP:2025-06-03,2025-06-03,87.91000366210938,86.72000122070312,88.5999984741211,3.0699996948242188,0.048857951594344806,87.94999694824219,88.87000274658203,85.80000305175781,85.94999694824219,90.75520034790038,-0.034804532056675996,-0.0276518073082187,1865,2025-06-05,86.83999633789062,-0.0171579678328407,0.0138185701087267,0.0749654814689344,2025-06-05,2025-06-09,2025-06-11
2025-09-17,COP,COP:2025-09-16,2025-09-16,94.54000091552734,92.33000183105467,95.0999984741211,2.059997558593764,0.3300976267369833,94.0199966430664,95.1999969482422,93.13999938964844,93.81999969482422,94.6031997680664,-0.0010840665533078386,-0.044954005902356764,1937,2025-09-18,93.5999984741211,-0.0012819991361503,-0.0169871406390058,0.0216880214998949,2025-09-18,2025-09-22,2025-09-24
2025-10-21,COP,COP:2025-10-20,2025-10-20,87.05999755859375,86.4800033569336,87.25,1.44000244140625,0.11805938202009071,87.25,87.68000030517578,86.23999786376953,86.41000366210938,93.67339996337891,-0.07201134901368844,-0.08270999684567037,1961,2025-10-22,87.2699966430664,0.0016042972892,0.0087086302906469,-0.0055001231351279,2025-10-22,2025-10-24,2025-10-28
2018-03-21,COST,COST:2018-03-20,2018-03-20,187.3500061035156,184.1499938964844,187.5800018310547,1.8300018310546875,0.005469811808456529,186.8300018310547,187.88999938964844,186.05999755859375,186.07000732421875,189.1665997314453,-0.009855430975423962,-0.021466627317598963,54,2018-03-22,184.8999938964844,-0.012222793842282,0.0125473629032004,-0.0069767081055449,2018-03-22,2018-03-26,2018-03-28
2018-03-27,COST,COST:2018-03-26,2018-03-26,187.22000122070312,180.83999633789065,187.55999755859375,5.600006103515597,0.19464199105182595,187.44000244140625,187.66000366210935,182.05999755859375,183.1499938964844,188.78499969482422,-0.009201998135615508,-0.011353403136298845,58,2018-03-28,183.61000061035156,0.0,-0.0046838440580184,0.0104025034353258,2018-03-28,2018-04-02,2018-04-04
2018-11-26,COST,COST:2018-11-23,2018-11-23,220.05999755859375,218.57000732421875,221.17999267578125,4.580001831054631,0.1200879545568076,222.8500061035156,223.47999572753903,218.8999938964844,219.4499969482422,229.42539978027344,-0.04215127438776989,-0.07808965072458796,227,2018-11-27,219.3699951171875,0.016592968367,0.0530154767820445,0.057938674371021,2018-11-27,2018-11-29,2018-12-03
2018-12-19,COST,COST:2018-12-18,2018-12-18,202.9900054931641,202.22999572753903,204.6699981689453,7.1399993896484375,0.21708728070831163,203.5,207.0,199.86000061035156,201.41000366210935,226.0816000366211,-0.10392348252237837,-0.1253446919526784,243,2018-12-20,200.3300018310547,-0.0159736281085888,-0.051614816769236,0.0037438226583379,2018-12-20,2018-12-24,2018-12-27
2019-12-18,COST,COST:2019-12-17,2019-12-17,295.54998779296875,293.5,296.29998779296875,4.53997802734375,0.011010580374547947,295.989990234375,296.3599853515625,291.82000732421875,291.8699951171875,298.62059814453124,-0.010283974527082629,-0.00040594456425979697,494,2019-12-19,292.05999755859375,0.0056495032194654,0.0042799425133501,0.0125659571951413,2019-12-19,2019-12-23,2019-12-26
2019-12-23,COST,COST:2019-12-20,2019-12-20,294.8299865722656,293.7099914550781,295.0199890136719,2.279998779296875,0.12280654789789991,294.9100036621094,295.30999755859375,293.0299987792969,293.30999755859375,298.42479736328124,-0.012329917236833188,-0.00040693551380965864,497,2019-12-24,293.9100036621094,0.0010887935770524,0.0006804181108548,3.405724711735836e-05,2019-12-24,2019-12-27,2019-12-31
2020-06-26,COST,COST:2020-06-25,2020-06-25,300.5299987792969,298.0199890136719,301.1499938964844,6.16998291015625,0.09886337781558824,300.4100036621094,302.1199951171875,295.95001220703125,296.55999755859375,304.70719970703124,-0.015324674294131979,-0.000997200433330736,625,2020-06-29,297.44000244140625,0.0139523731254067,0.0245763767435207,0.047236376000691,2020-06-29,2020-07-01,2020-07-06
2020-12-18,COST,COST:2020-12-17,2020-12-17,370.2900085449219,369.44000244140625,370.9700012207031,5.429992675781193,0.1970550216377143,371.1000061035156,371.3599853515625,365.9299926757813,367.0,376.11140075683596,-0.015377836357814645,-0.010052076916863606,747,2020-12-21,365.0899963378906,-0.0003286727064316,-0.0087649119985515,0.0163521358585183,2020-12-21,2020-12-23,2020-12-28
2021-02-09,COST,COST:2021-02-08,2021-02-08,359.8299865722656,355.1700134277344,360.0400085449219,3.370025634765625,0.3738872940984705,360.0400085449219,361.6700134277344,358.29998779296875,359.55999755859375,367.64100036621096,-0.022744988205839256,-0.005664911801940398,781,2021-02-10,361.0,-0.0135180190659626,-0.0228531855955678,-0.0081994223132357,2021-02-10,2021-02-12,2021-02-17
2022-01-20,COST,COST:2022-01-19,2022-01-19,490.1600036621094,488.0700073242187,496.239990234375,18.040008544921875,0.05432430832212293,490.75,499.8800048828125,481.8399963378906,482.8200073242187,536.6321984863281,-0.08731369546733647,-0.13127621603003958,1020,2022-01-21,481.9200134277344,-0.0006433185332286,-0.0095451651214842,0.0012449692256399,2022-01-21,2022-01-25,2022-01-27
2022-01-27,COST,COST:2022-01-26,2022-01-26,483.4700012207031,477.3200073242187,493.8699951171875,15.480010986328125,0.1427642045622564,486.9200134277344,495.7900085449219,480.30999755859375,482.5199890136719,533.6393981933594,-0.09528079213154161,-0.07386553629512194,1025,2022-01-28,483.739990234375,0.017964201051883,0.0509984990403244,0.0786166743800718,2022-01-28,2022-02-01,2022-02-03
2022-09-27,COST,COST:2022-09-26,2022-09-26,480.2999877929687,466.3999938964844,484.1099853515625,12.970001220703068,0.22127947934239375,485.489990234375,488.3999938964844,475.4299926757813,478.2999877929687,527.0638031005859,-0.09003727196168287,-0.10976428972873575,1192,2022-09-28,481.5299987792969,0.0140386056585508,-0.0192303901918875,0.0095528962165947,2022-09-28,2022-09-30,2022-10-04
2022-10-12,COST,COST:2022-10-11,2022-10-11,472.0199890136719,466.30999755859375,477.25,13.440002441406307,0.005953651436646181,474.3200073242187,479.739990234375,466.2999877929687,466.3800048828125,515.1504034423829,-0.08645772422126952,-0.013129832614620751,1203,2022-10-13,458.19000244140625,0.0213884801954447,0.0130513781498164,0.028896287923847,2022-10-13,2022-10-17,2022-10-19
2022-10-14,COST,COST:2022-10-13,2022-10-13,467.989990234375,466.3800048828125,471.739990234375,19.600006103515625,0.04387678998774626,472.0299987792969,473.3900146484375,453.7900085449219,454.6499938964844,511.79740234375,-0.0887513144197194,-0.022944633387356195,1205,2022-10-17,461.6499938964844,0.0054587231984564,0.0211848779564585,0.0358063446287044,2022-10-17,2022-10-19,2022-10-21
2022-12-27,COST,COST:2022-12-23,2022-12-23,462.6499938964844,458.7099914550781,463.1799926757813,7.590026855468807,0.18313698685215576,464.3999938964844,464.7000122070313,457.1099853515625,458.5,493.9541979980469,-0.06322868136814452,-0.04217215763426907,1255,2022-12-28,457.5400085449219,-0.0099445255618562,-0.0022730439426036,-0.0021419132054588,2022-12-28,2022-12-30,2023-01-04
2023-03-09,COST,COST:2023-03-08,2023-03-08,486.0400085449219,485.1499938964844,486.8800048828125,11.3800048828125,0.07908554572271387,487.4800109863281,490.0,478.6199951171875,479.5199890136719,488.7545989990234,-0.004867131125100399,-0.022819127383443716,1304,2023-03-10,478.9800109863281,-0.016368107557863,0.0061380482984083,0.0172867313653579,2023-03-10,2023-03-14,2023-03-16
2024-07-29,COST,COST:2024-07-26,2024-07-26,817.5999755859375,815.9500122070312,822.280029296875,9.64996337890625,0.15232914835077954,822.5599975585938,823.739990234375,814.0900268554688,815.5599975585938,839.1234008789063,-0.02498712053995744,-0.03001548000394494,1652,2024-07-30,818.0,-0.0097432404683679,-0.0013569503075335,-0.0197677052691396,2024-07-30,2024-08-01,2024-08-05
2024-08-07,COST,COST:2024-08-06,2024-08-06,816.8800048828125,801.8300170898438,833.0900268554688,24.57000732421875,0.04232713542248885,824.1099853515625,833.8300170898438,809.260009765625,810.2999877929688,841.3088024902344,-0.029023502738643514,-0.04134440515236404,1659,2024-08-08,821.5,0.0218259192644934,0.0512112079418365,0.0501643602832091,2024-08-08,2024-08-12,2024-08-14
2025-01-07,COST,COST:2025-01-06,2025-01-06,922.7100219726562,916.5800170898438,927.4099731445312,14.8800048828125,0.3319893024438742,923.8400268554688,931.3099975585938,916.4299926757812,921.3699951171876,941.2970031738281,-0.01916365757616645,-0.03360909743462481,1764,2025-01-08,922.97998046875,0.0047563487197284,0.0018635634300623,0.0005634136625431,2025-01-08,2025-01-13,2025-01-15
2025-03-26,COST,COST:2025-03-25,2025-03-25,930.260009765625,926.0399780273438,932.2899780273438,15.969970703125,0.39448962744408606,934.3300170898438,939.4199829101562,923.4500122070312,929.75,984.4909985351562,-0.054988357338855876,-0.0002471606048035646,1817,2025-03-27,929.5599975585938,0.0098864005180332,0.0174491498998254,0.0382116481179699,2025-03-27,2025-03-31,2025-04-02
2025-07-18,COST,COST:2025-07-17,2025-07-17,953.9099731445312,951.3699951171876,954.75,10.609985351562614,0.12252493758414139,959.9500122070312,960.260009765625,949.6500244140624,950.9500122070312,999.8181982421875,-0.0470517403313685,-0.028960882600332694,1895,2025-07-21,951.510009765625,-0.0041513091470306,-0.010845926178707,-0.0168469371129615,2025-07-21,2025-07-23,2025-07-25
2025-10-10,COST,COST:2025-10-09,2025-10-09,942.8900146484376,914.7999877929688,943.77001953125,16.45001220703125,0.06139872438473269,944.4199829101562,945.4500122070312,929.0,930.010009765625,952.2324011230469,-0.010011272866676912,-0.000445222579261384,1954,2025-10-13,929.0,0.0070613536690997,0.0279763081101991,0.007890222916947,2025-10-13,2025-10-15,2025-10-17
2025-12-01,COST,COST:2025-11-28,2025-11-28,913.5900268554688,908.260009765625,914.2000122070312,12.3699951171875,0.46483445995954015,913.2000122070312,918.5800170898438,906.2100219726562,911.9600219726562,922.656201171875,-0.010666823187641561,-0.0124205366261404,1989,2025-12-02,911.9600219726562,0.0110421587367792,-0.0176543228136994,-0.0267994230586339,2025-12-02,2025-12-04,2025-12-08
2018-04-02,CRM,CRM:2018-03-29,2018-03-29,116.3000030517578,112.87999725341795,117.26000213623048,4.069999694824219,0.41523404622250865,115.91000366210938,117.68000030517578,113.61000061035156,115.3000030517578,116.37720062255859,-5.672457624006366e-05,-0.08583554523003933,61,2018-04-03,116.76000213623048,-0.0023124723151847,0.0195272245424993,0.003682770617579,2018-04-03,2018-04-05,2018-04-09
2018-11-02,CRM,CRM:2018-11-01,2018-11-01,139.58999633789062,137.24000549316406,139.8000030517578,4.4499969482421875,0.1550534057983438,140.13999938964844,140.5500030517578,136.10000610351562,136.7899932861328,149.20039947509767,-0.06579523743215321,-0.022752730910970187,212,2018-11-05,137.33999633789062,-0.0138342358172918,0.032401318384297,-0.0030580907248024,2018-11-05,2018-11-07,2018-11-09
2018-11-14,CRM,CRM:2018-11-13,2018-11-13,132.16000366210938,130.5,133.77000427246094,6.3600006103515625,0.12106984254178772,134.2100067138672,134.94000244140625,128.5800018310547,129.35000610351562,146.4709994506836,-0.10007691580136002,-7.56185743693294e-05,220,2018-11-15,129.1999969482422,0.0254644630234772,-0.0633900542218484,-0.0434210583812857,2018-11-15,2018-11-19,2018-11-21
2018-12-19,CRM,CRM:2018-12-18,2018-12-18,132.32000732421875,130.8300018310547,133.67999267578125,7.0,0.23714338030133927,131.97999572753906,136.5,129.5,131.16000366210938,136.4283999633789,-0.03259432023090936,-0.08206720134002132,243,2018-12-20,129.25,-0.0117601287664712,-0.0612765815779134,0.0460347926363031,2018-12-20,2018-12-24,2018-12-27
2019-05-21,CRM,CRM:2019-05-20,2019-05-20,155.97999572753906,154.57000732421875,156.08999633789062,2.660003662109375,0.22556589378520703,157.36000061035156,157.83999633789062,155.17999267578125,155.77999877929688,159.71819854736327,-0.023633617593417755,-0.04012310321514423,347,2019-05-22,155.8699951171875,0.0113556446263451,-0.0087252239234951,-0.0191184693712129,2019-05-22,2019-05-24,2019-05-29
2019-08-19,CRM,CRM:2019-08-16,2019-08-16,143.88999938964844,142.1300048828125,145.33999633789062,3.2599945068359375,0.2423296372052966,145.60000610351562,146.13999938964844,142.8800048828125,143.6699981689453,151.83519927978514,-0.05451969708896476,-0.012422770051510157,409,2019-08-20,144.16000366210938,0.0095726247847351,0.0283018987750418,0.0761653402373283,2019-08-20,2019-08-22,2019-08-26
2019-10-01,CRM,CRM:2019-09-30,2019-09-30,148.44000244140625,148.25999450683594,148.97000122070312,2.910003662109375,0.1512033978291647,149.49000549316406,150.16000366210938,147.25,147.69000244140625,150.56180114746093,-0.015401749646532847,-0.02986727814845791,439,2019-10-02,146.05999755859375,-0.01259753778342,0.01348761641539,-0.0010269334451016,2019-10-02,2019-10-04,2019-10-08
2019-10-22,CRM,CRM:2019-10-21,2019-10-21,144.5500030517578,144.08999633789062,145.19000244140625,3.82000732421875,0.049738763641011714,145.0500030517578,145.9600067138672,142.13999938964844,142.3300018310547,149.52860076904298,-0.033087068852739154,-0.028561827371211157,454,2019-10-23,142.11000061035156,0.021251173453594,0.0589684388630007,0.0913376656941171,2019-10-23,2019-10-25,2019-10-29
2020-03-03,CRM,CRM:2020-03-02,2020-03-02,176.75999450683594,170.39999389648438,176.7899932861328,11.330001831054688,0.2012355172836397,178.41000366210938,178.4199981689453,167.08999633789062,169.3699951171875,179.36219970703124,-0.013640319189886063,-0.06943934010696662,544,2020-03-04,172.25,0.0199709865974238,-0.0474310488763153,-0.0633381925231313,2020-03-04,2020-03-06,2020-03-10
2020-03-20,CRM,CRM:2020-03-19,2020-03-19,139.4600067138672,132.24000549316406,144.0,11.599990844726562,0.4094830818042743,140.4199981689453,146.1999969482422,134.60000610351562,139.35000610351562,174.6872003173828,-0.20511513159825834,-0.17771225415671532,557,2020-03-23,138.75999450683594,0.0126838414189927,0.0598155331531735,0.0521764613705528,2020-03-23,2020-03-25,2020-03-27
2020-03-25,CRM,CRM:2020-03-24,2020-03-24,153.63999938964844,140.52000427246094,154.13999938964844,11.05999755859375,0.009040765533340324,152.6699981689453,158.02000427246094,146.9600067138672,147.05999755859375,172.63860015869142,-0.11382534504762942,-0.04772528277561294,560,2020-03-26,148.3000030517578,0.0433580077104727,0.0104518072816008,-0.0960216129476018,2020-03-26,2020-03-30,2020-04-01
2021-01-14,CRM,CRM:2021-01-13,2021-01-13,218.17999267578125,215.52000427246097,218.8999938964844,3.9499969482421875,0.01265901022532087,218.22999572753903,219.5,215.5500030517578,215.6000061035156,234.6036001586914,-0.07133976546219079,-0.019239476350421003,764,2021-01-15,216.1699981689453,-0.0140167405512434,0.0336309586623539,0.044409521139991,2021-01-15,2021-01-20,2021-01-22
2021-03-08,CRM,CRM:2021-03-05,2021-03-05,210.7599945068359,205.3300018310547,212.3500061035156,7.329986572265653,0.02046305201320619,213.6199951171875,214.8999938964844,207.57000732421875,207.72000122070312,226.49359893798828,-0.07138887398315974,-0.14519793724142194,799,2021-03-09,212.17999267578125,-0.0030634080446858,0.0177679536365222,0.0029220963209475,2021-03-09,2021-03-11,2021-03-15
2021-05-07,CRM,CRM:2021-05-06,2021-05-06,218.0500030517578,215.3999938964844,218.27999877929688,6.160003662109347,0.22889656231576402,220.5099945068359,221.25,215.08999633789065,216.5,219.684599609375,-0.008756386360606716,-0.0574886652296297,842,2021-05-10,215.5,-0.0074710005120721,-0.02301627245414,0.0100232188496953,2021-05-10,2021-05-12,2021-05-14
2021-12-28,CRM,CRM:2021-12-27,2021-12-27,258.29998779296875,253.13999938964844,258.42999267578125,5.839996337890625,0.08732788127400518,259.7300109863281,260.7799987792969,254.94000244140625,255.4499969482422,283.2004006958008,-0.09025147156038471,-0.029056914715625992,1004,2021-12-29,256.0,-0.0057031512260437,-0.0073046684265136,-0.0303515791893005,2021-12-29,2021-12-31,2022-01-04
2022-01-25,CRM,CRM:2022-01-24,2022-01-24,223.02999877929688,218.6300048828125,223.3800048828125,9.229995727539091,0.07800666890396192,221.0,223.8999938964844,214.6699981689453,215.38999938964844,258.44719970703125,-0.1428483628622198,-0.02312644577880041,1023,2022-01-26,219.61000061035156,-0.039205867612687,0.0114749067230872,0.0569645939259026,2022-01-26,2022-01-28,2022-02-01
2022-04-20,CRM,CRM:2022-04-19,2022-04-19,191.38999938964844,187.0099945068359,192.1999969482422,7.220001220703125,0.020774774393977086,192.88999938964844,193.3000030517578,186.0800018310547,186.22999572753903,205.09539916992188,-0.06961346564377147,-0.12547409617561822,1082,2022-04-21,188.77999877929688,-0.0611823451978138,-0.0752727595453109,-0.0746901482926694,2022-04-21,2022-04-25,2022-04-27
2022-05-31,CRM,CRM:2022-05-27,2022-05-27,165.10000610351562,162.4600067138672,165.22999572753906,7.92999267578125,0.11223205695593612,166.9600067138672,167.27999877929688,159.35000610351562,160.24000549316406,184.1770004272461,-0.10924408347943182,-0.010844152650418049,1110,2022-06-01,178.00999450683594,-0.0108981924750449,0.0387619199382003,0.051345428187727,2022-06-01,2022-06-03,2022-06-07
2022-10-14,CRM,CRM:2022-10-13,2022-10-13,145.44000244140625,142.2899932861328,146.33999633789062,5.6999969482421875,0.038596726051050044,147.3300018310547,147.6999969482422,142.0,142.22000122070312,162.1011993408203,-0.10817978311033549,-0.009331756283428305,1205,2022-10-17,146.07000732421875,0.0075989956589703,0.0520297834165062,0.0965289938914704,2022-10-17,2022-10-19,2022-10-21
2023-08-15,CRM,CRM:2023-08-14,2023-08-14,212.05999755859375,208.6999969482422,212.1000061035156,4.529998779296847,0.2075061136224258,210.3300018310547,212.3699951171875,207.83999633789065,208.77999877929688,216.41259887695313,-0.020497231107313607,-0.05755298548682353,1413,2023-08-16,208.0,-0.0048557428213266,-0.015240375812237,-0.005961564870981,2023-08-16,2023-08-18,2023-08-22
2023-08-22,CRM,CRM:2023-08-21,2023-08-21,209.02999877929688,204.8300018310547,209.4199981689453,4.1100006103515625,0.18491347785247664,209.8500061035156,210.11000061035156,206.0,206.7599945068359,215.97599884033204,-0.03292666638095665,-0.032537252886853274,1418,2023-08-23,208.0,0.0054327157827525,0.0070673135610728,0.0190384938166692,2023-08-23,2023-08-25,2023-08-29
2023-09-20,CRM,CRM:2023-09-19,2023-09-19,215.6999969482422,215.0,216.05999755859375,4.2599945068359375,0.025821772815680037,215.1999969482422,217.17999267578125,212.9199981689453,213.02999877929688,218.00399963378905,-0.01130695723464159,-0.013672346516915734,1438,2023-09-21,209.8000030517578,-0.0056720801911174,-0.0164919288061859,-0.0336987951447959,2023-09-21,2023-09-25,2023-09-27
2023-09-29,CRM,CRM:2023-09-28,2023-09-28,203.1999969482422,202.72999572753903,205.1499938964844,5.689987182617216,0.11950689060577165,205.0800018310547,207.7899932861328,202.1000061035156,202.77999877929688,214.5527993774414,-0.0551491699811002,-0.07121309954285004,1445,2023-10-02,200.8000030517578,0.0144920498898564,0.0053286456631869,0.0326693100542576,2023-10-02,2023-10-04,2023-10-06
2023-11-03,CRM,CRM:2023-11-02,2023-11-02,208.11000061035156,203.91000366210935,208.2599945068359,2.9799957275390625,0.09060559045965888,209.38999938964844,210.17999267578125,207.1999969482422,207.47000122070312,209.02380004882812,-0.004184994035717593,-0.0010080967093110127,1470,2023-11-06,208.2100067138672,-0.003794287111318,0.0156572422156251,0.0260314009614039,2023-11-06,2023-11-08,2023-11-10
2024-04-24,CRM,CRM:2024-04-23,2024-04-23,276.67999267578125,273.80999755859375,276.70001220703125,4.83001708984375,0.4306438364819612,278.0,278.94000244140625,274.1099853515625,276.19000244140625,296.2402001953125,-0.06672947701242049,-0.08496214193293139,1587,2024-04-25,271.6000061035156,0.0056701344267824,0.015242945647363,-0.0107142989569752,2024-04-25,2024-04-29,2024-05-01
2025-01-15,CRM,CRM:2025-01-14,2025-01-14,323.5400085449219,319.07000732421875,329.94000244140625,10.75,0.0353492914244186,329.8800048828125,331.5299987792969,320.7799987792969,321.1600036621094,334.2902001953125,-0.030430212430143433,-0.044053783791825896,1769,2025-01-16,322.94000244140625,-0.0091038657929647,0.0120765277358043,0.0362915746953014,2025-01-16,2025-01-21,2025-01-23
2025-02-19,CRM,CRM:2025-02-18,2025-02-18,328.9599914550781,326.5400085449219,329.1600036621094,6.8699951171875,0.2416309813607207,329.739990234375,329.739990234375,322.8699951171875,324.5299987792969,337.5160009765625,-0.02784659688107005,-0.030303027577009978,1792,2025-02-20,322.239990234375,-0.0118234783827501,-0.0431975649578185,-0.0462698737399566,2025-02-20,2025-02-24,2025-02-26
2025-03-03,CRM,CRM:2025-02-28,2025-02-28,297.8500061035156,294.8999938964844,301.9800109863281,12.010009765625,0.16652775801435163,301.0,303.07000732421875,291.05999755859375,293.05999755859375,329.2638000488281,-0.0989183819511168,-0.09701379235372076,1800,2025-03-04,290.0,-0.0091724264210668,-0.0136207317483836,-0.0589655382879849,2025-03-04,2025-03-06,2025-03-10
2025-03-06,CRM,CRM:2025-03-05,2025-03-05,291.9700012207031,287.3399963378906,292.67999267578125,13.25,0.09207556382665094,288.2300109863281,298.0799865722656,284.8299865722656,286.04998779296875,326.0823992919922,-0.10736013941705602,-0.10032970043159806,1803,2025-03-07,283.17999267578125,-0.0010240060556669,-0.0216470267722298,-0.0403983428818862,2025-03-07,2025-03-11,2025-03-13
2025-04-08,CRM,CRM:2025-04-07,2025-04-07,244.2100067138672,240.7599945068359,252.9499969482422,17.120010375976534,0.21728965923543922,253.9499969482422,257.3900146484375,240.27000427246097,243.9900054931641,298.8081988525391,-0.18832159084001532,-0.14599939148399887,1826,2025-04-09,240.8999938964844,0.1007472816362085,0.0585305374045566,0.058239929990723,2025-04-09,2025-04-11,2025-04-15
2025-06-04,CRM,CRM:2025-06-03,2025-06-03,264.4700012207031,261.6199951171875,264.75,3.8800048828125,0.3994887525562372,264.19000244140625,265.5,261.6199951171875,263.1700134277344,268.44100067138675,-0.01646281773309377,-0.08052012400982067,1865,2025-06-05,263.7099914550781,0.0130068002900969,0.0323840916978552,0.0083425440002944,2025-06-05,2025-06-09,2025-06-11
2025-07-21,CRM,CRM:2025-07-18,2025-07-18,262.3800048828125,259.8800048828125,262.9800109863281,2.66998291015625,0.2396959652531718,263.6199951171875,264.30999755859375,261.6400146484375,262.2799987792969,270.87640258789065,-0.03250570569103162,-0.03589928066427961,1896,2025-07-22,263.0,0.0022433320832342,0.0178707688480275,0.0275665399239544,2025-07-22,2025-07-24,2025-07-28
2025-08-07,CRM,CRM:2025-08-06,2025-08-06,249.1699981689453,247.4900054931641,250.2599945068359,16.039993286132784,0.24376591637913775,250.69000244140625,253.0099945068359,236.97000122070312,240.8800048828125,264.30620208740237,-0.05985080974106782,-0.06754735038284021,1909,2025-08-08,241.2899932861328,-0.003232619673423,-0.0399104392721489,-0.0328235666182534,2025-08-08,2025-08-12,2025-08-14
2025-09-12,CRM,CRM:2025-09-11,2025-09-11,246.27999877929688,242.57000732421875,247.1699981689453,6.339996337890653,0.23816961814496748,246.1000061035156,247.58999633789065,241.25,242.7599945068359,253.56220001220703,-0.030741722552280693,-0.015510092844630674,1934,2025-09-15,243.25,-0.0030010101851554,-0.004275409192735,0.0157862131054085,2025-09-15,2025-09-17,2025-09-19
2025-09-23,CRM,CRM:2025-09-22,2025-09-22,249.69000244140625,247.08999633789065,250.47999572753903,7.2299957275390625,0.05947343428480979,249.7400054931641,251.36000061035156,244.1300048828125,244.55999755859375,250.39060028076173,-0.004000900467769908,-0.010227144675782451,1941,2025-09-24,245.6699981689453,0.0008955152128582,-0.0091179448441385,-0.0352912371619061,2025-09-24,2025-09-26,2025-09-30
2025-11-24,CRM,CRM:2025-11-21,2025-11-21,227.11000061035156,225.3699951171875,228.67999267578125,3.800003051757841,0.46842437067583986,227.33999633789065,228.83999633789065,225.0399932861328,226.82000732421875,244.51360076904297,-0.07236765808438017,-0.05323496753595369,1985,2025-11-25,226.8000030517578,0.0322750968559695,0.0164902565434335,0.034876558887454,2025-11-25,2025-11-28,2025-12-02
2018-03-27,CVX,CVX:2018-03-26,2018-03-26,115.3499984741211,112.9800033569336,115.58999633789062,2.8799972534179688,0.23611144224834232,115.75,116.86000061035156,113.9800033569336,114.66000366210938,118.05519989013672,-0.026039832028244447,-0.012329843566383558,58,2018-03-28,114.93000030517578,-0.0246236998480825,-0.0234055723854819,-0.0039154002179352,2018-03-28,2018-04-02,2018-04-04
2018-07-23,CVX,CVX:2018-07-20,2018-07-20,122.2699966430664,121.66999816894533,122.3499984741211,1.9099960327148438,0.08900446180700443,122.3499984741211,123.06999969482422,121.16000366210938,121.33000183105467,125.28440032958984,-0.025226005230639448,-0.01506366002719639,139,2018-07-24,121.87000274658205,0.0162467849586931,0.0170673189036134,0.048904561829427,2018-07-24,2018-07-26,2018-07-30
2018-08-13,CVX,CVX:2018-08-10,2018-08-10,123.33999633789062,122.52999877929688,123.5199966430664,1.4199981689452983,0.12676094174786706,123.30999755859376,123.68000030517578,122.26000213623048,122.44000244140624,124.50420028686523,-0.009575049285502346,-0.0208780253816514,154,2018-08-14,122.91999816894533,-0.002765996932601,-0.0427920158248491,-0.0420598620725611,2018-08-14,2018-08-16,2018-08-20
2018-08-28,CVX,CVX:2018-08-27,2018-08-27,120.3499984741211,119.01000213623048,120.4800033569336,1.589996337890625,0.06918293314907584,120.5999984741211,121.33999633789062,119.75,119.86000061035156,123.06240036010742,-0.023011008597065064,-0.01706961716441746,165,2018-08-29,120.0,0.0018333435058592,-0.0128333409627278,-0.009000015258789,2018-08-29,2018-08-31,2018-09-05
2018-12-28,CVX,CVX:2018-12-27,2018-12-27,109.31999969482422,107.38999938964844,109.33000183105467,2.239997863769517,0.2366068235462365,109.6500015258789,110.36000061035156,108.12000274658205,108.6500015258789,114.39380020141601,-0.04583184670647977,-0.05448886786109397,249,2018-12-31,109.1500015258789,-0.0032982190134573,-0.0053138050659319,0.0284929048728799,2018-12-31,2019-01-03,2019-01-07
2019-04-17,CVX,CVX:2019-04-16,2019-04-16,121.16999816894533,120.13999938964844,121.31999969482422,2.4899978637695455,0.08835091568133523,122.1999969482422,122.54000091552734,120.0500030517578,120.2699966430664,122.24479995727539,-0.00866408071582181,-0.030096871264272962,324,2019-04-18,120.5199966430664,-0.0054762367333074,0.0124460673894841,-0.0217390905257566,2019-04-18,2019-04-23,2019-04-25
2019-05-28,CVX,CVX:2019-05-24,2019-05-24,118.70999908447266,117.87000274658205,118.93000030517578,1.150001525878892,0.12173843816549944,118.87999725341795,119.31999969482422,118.16999816894533,118.30999755859376,121.55319931030273,-0.02451410795950293,-0.026887440255222828,351,2019-05-29,117.04000091552734,-0.0023069401089275,-0.0272556597441298,0.0022214809825413,2019-05-29,2019-05-31,2019-06-04
2019-08-22,CVX,CVX:2019-08-21,2019-08-21,117.87999725341795,116.12999725341795,118.22000122070312,1.2900009155273153,0.21705907749447872,118.66000366210938,118.73999786376952,117.4499969482422,117.7300033569336,122.54999984741211,-0.03849293129369513,-0.010243503243773988,412,2019-08-23,116.4800033569336,-0.0111607401639075,-0.0055803700819537,0.0089285135315966,2019-08-23,2019-08-27,2019-08-29
2019-10-07,CVX,CVX:2019-10-04,2019-10-04,113.8499984741211,113.1500015258789,114.0,1.5199966430664062,0.019736082598426248,113.95999908447266,114.75,113.2300033569336,113.26000213623048,119.42859985351562,-0.04837769809421755,-0.08421815674392263,443,2019-10-08,112.11000061035156,-0.0035679379511301,0.0221210928020463,0.036303627443281,2019-10-08,2019-10-10,2019-10-14
2020-01-17,CVX,CVX:2020-01-16,2020-01-16,116.88999938964844,116.12999725341795,117.27999877929688,1.7700042724609375,0.033901154320287834,117.01000213623048,117.29000091552734,115.5199966430664,115.58000183105467,118.68399993896485,-0.016170197441933043,-0.03738780288328658,514,2020-01-21,115.0999984741211,-0.0155517023393341,-0.0173761948437356,-0.0409209309028065,2020-01-21,2020-01-23,2020-01-27
2020-01-29,CVX,CVX:2020-01-28,2020-01-28,111.12000274658205,110.38999938964844,111.62000274658205,1.6599960327148438,0.11445957560243343,111.4499969482422,111.83999633789062,110.18000030517578,110.37000274658205,117.3702000427246,-0.05511808663613238,-0.04748843426726801,521,2020-01-30,109.80999755859376,0.0144795920465869,-0.0321464243491427,0.0042801314192939,2020-01-30,2020-02-03,2020-02-05
2020-02-06,CVX,CVX:2020-02-05,2020-02-05,110.27999877929688,106.8499984741211,110.6500015258789,1.5599975585937642,0.2435883641769909,110.62999725341795,110.66999816894533,109.11000061035156,109.48999786376952,116.19140014648437,-0.05236728886599207,-0.023206401338989102,527,2020-02-07,108.93000030517578,9.182168550858628e-05,0.0209308617727832,0.0250619971475742,2020-02-07,2020-02-11,2020-02-13
2020-03-03,CVX,CVX:2020-03-02,2020-03-02,96.58999633789062,93.33999633789062,96.68000030517578,5.110000610351548,0.1996079297916601,96.79000091552734,98.4800033569336,93.37000274658205,94.38999938964844,111.89919982910156,-0.1405238149227651,-0.12254728623522226,544,2020-03-04,96.37000274658205,0.0224135723892717,-0.0108955382570542,-0.1181902984853074,2020-03-04,2020-03-06,2020-03-10
2020-07-01,CVX,CVX:2020-06-30,2020-06-30,89.2300033569336,87.66999816894531,89.98999786376953,3.2199935913085938,0.02173907892648045,89.27999877929688,90.7699966430664,87.55000305175781,87.62000274658203,91.84300079345704,-0.027183874012963072,-0.05104748999975661,628,2020-07-02,89.37000274658203,-0.0118608610877414,-0.0342397347425986,-0.0741860208017736,2020-07-02,2020-07-07,2020-07-09
2020-08-11,CVX,CVX:2020-08-10,2020-08-10,89.7300033569336,86.80000305175781,89.76000213623047,3.8400039672851705,0.11718857101985385,91.9499969482422,93.01000213623048,89.16999816894531,89.62000274658203,90.00779998779296,-0.003788076481974767,-0.014389252476054382,656,2020-08-12,90.8000030517578,-0.0008810774049102,-0.0049559973844958,-0.0349119569581167,2020-08-12,2020-08-14,2020-08-18
2020-08-25,CVX,CVX:2020-08-24,2020-08-24,87.19999694824219,85.08000183105469,87.33999633789062,2.279998779296875,0.1622786470533121,88.01000213623047,88.04000091552734,85.76000213623047,86.12999725341797,88.29979965209961,-0.013594777809929681,-0.02819576857283057,666,2020-08-26,85.70999908447266,-0.0108505462035906,-0.0009334013756766,-0.0306848358594187,2020-08-26,2020-08-28,2020-09-01
2020-08-31,CVX,CVX:2020-08-28,2020-08-28,85.62999725341797,84.91000366210938,85.7300033569336,2.029998779296875,0.029555465355763016,85.83000183105469,85.9000015258789,83.87000274658203,83.93000030517578,87.72199966430664,-0.02533694181280055,-0.052241298289064986,670,2020-09-01,83.26000213623047,-0.0021619060840434,-0.0117703979316515,-0.051525351975226,2020-09-01,2020-09-03,2020-09-08
2020-09-03,CVX,CVX:2020-09-02,2020-09-02,83.19000244140625,83.08000183105469,83.95999908447266,2.779998779296875,0.205035951479225,83.05000305175781,84.48999786376953,81.70999908447266,82.27999877929688,87.27959976196288,-0.04802552952630457,-0.03704128916368099,673,2020-09-04,82.45999908447266,-0.0064273439871608,-0.0294688374018349,-0.0578461884068175,2020-09-04,2020-09-09,2020-09-11
2020-10-06,CVX,CVX:2020-10-05,2020-10-05,72.69999694824219,71.19000244140625,72.7300033569336,2.0699996948242188,0.02415606721239574,73.83999633789062,74.31999969482422,72.25,72.30000305175781,81.72059997558594,-0.11444493835589842,-0.047182253729053936,695,2020-10-07,72.16999816894531,0.0223084474324448,0.0253568224675684,0.0170431396444576,2020-10-07,2020-10-09,2020-10-13
2020-10-23,CVX,CVX:2020-10-22,2020-10-22,73.4000015258789,70.87000274658203,73.48999786376953,2.529998779296875,0.29248941534082,73.93000030517578,74.36000061035156,71.83000183105469,72.56999969482422,77.88080001831055,-0.06169062497669642,-0.024195688185169706,708,2020-10-26,71.7300033569336,-0.0110135351813137,-0.0676147480348167,-0.0310888505865103,2020-10-26,2020-10-28,2020-10-30
2020-11-06,CVX,CVX:2020-11-05,2020-11-05,72.13999938964844,71.7699966430664,72.97000122070312,2.4399948120117188,0.13114769476103372,72.5,73.2699966430664,70.83000183105469,71.1500015258789,74.61140029907227,-0.036676801184890584,-0.01716624128115618,718,2020-11-09,80.0,-0.0074999809265137,0.0307499885559081,0.0378749847412109,2020-11-09,2020-11-11,2020-11-13
2021-08-26,CVX,CVX:2021-08-25,2021-08-25,98.51000213623048,97.83999633789062,98.72000122070312,1.530006408691392,0.013074633117408219,98.11000061035156,98.7300033569336,97.1999969482422,97.22000122070312,101.67119995117187,-0.033459488478066235,-0.04219733983741991,919,2021-08-27,98.13999938964844,0.0050947626157489,-0.0139596775535189,-0.0043814989591404,2021-08-27,2021-08-31,2021-09-02
2021-09-14,CVX,CVX:2021-09-13,2021-09-13,97.97000122070312,96.06999969482422,98.70999908447266,2.7599945068359233,0.07970798157885109,98.37999725341795,98.73999786376952,95.9800033569336,96.1999969482422,99.59859970092774,-0.01829731191253514,-0.006792357796948867,931,2021-09-15,96.98999786376952,0.0128879268742301,-0.002371334494327,-0.022064124515749,2021-09-15,2021-09-17,2021-09-21
2022-07-08,CVX,CVX:2022-07-07,2022-07-07,143.52000427246094,140.77999877929688,145.3000030517578,4.3600006103515625,0.38532286683208683,144.8800048828125,145.4499969482422,141.08999633789062,142.77000427246094,162.71000030517578,-0.11942922363211839,-0.02941767084849889,1136,2022-07-11,141.91000366210938,-0.002818752342688,-0.0276231278118976,-0.0300190941842843,2022-07-11,2022-07-13,2022-07-15
2022-12-14,CVX,CVX:2022-12-13,2022-12-13,173.52999877929688,169.75,174.4600067138672,3.649993896484375,0.29041077564944023,174.49000549316406,174.9199981689453,171.27000427246094,172.3300018310547,175.2713998413086,-0.008271931825793999,-0.041429597583678035,1247,2022-12-15,170.60000610351562,0.0025790572501516,-0.0042204055975604,0.0240327707974334,2022-12-15,2022-12-19,2022-12-21
2023-01-11,CVX,CVX:2023-01-10,2023-01-10,176.0399932861328,175.17999267578125,176.7100067138672,3.839996337890625,0.23437363405892123,177.88999938964844,178.13999938964844,174.3000030517578,175.1999969482422,178.28540008544923,-0.013123632977174449,-0.007666294572395205,1265,2023-01-12,175.99000549316406,0.0061935127215673,0.0255696338402284,0.0171032127557542,2023-01-12,2023-01-17,2023-01-19
2023-02-28,CVX,CVX:2023-02-27,2023-02-27,162.82000732421875,162.41000366210938,163.3699951171875,4.040008544921875,0.12128823187267247,164.32000732421875,164.32000732421875,160.27999877929688,160.77000427246094,172.97100006103517,-0.05994261439667958,-0.053206918831973704,1297,2023-03-01,160.9199981689453,0.0070221532169427,0.0251056959414104,0.0193263773660155,2023-03-01,2023-03-03,2023-03-07
2023-03-22,CVX,CVX:2023-03-21,2023-03-21,159.30999755859375,154.5800018310547,159.57000732421875,4.1300048828125,0.03390181184051074,159.8699951171875,160.05999755859375,155.92999267578125,156.07000732421875,168.1466000366211,-0.05470164268113953,-0.028775231700476356,1313,2023-03-23,157.02000427246094,-0.0159215382242762,0.0040121615519146,0.0244554593899224,2023-03-23,2023-03-27,2023-03-29
2023-05-08,CVX,CVX:2023-05-05,2023-05-05,160.2100067138672,156.22000122070312,161.1199951171875,2.779998779296875,0.021581865085899335,161.57000732421875,162.3000030517578,159.52000427246094,159.5800018310547,163.4418002319336,-0.020112695593878294,-0.05268441734016349,1345,2023-05-09,158.11000061035156,0.0063879229836003,-0.0119536992116404,-0.0057555098260482,2023-05-09,2023-05-11,2023-05-15
2023-11-20,CVX,CVX:2023-11-17,2023-11-17,144.4600067138672,141.77000427246094,145.19000244140625,1.4199981689453125,0.07746531844704012,144.6300048828125,145.69000244140625,144.27000427246094,144.3800048828125,158.2919985961914,-0.08961197166616863,-0.021339976176813824,1481,2023-11-21,143.8300018310547,0.0014599975832914,0.0074392828464711,0.0116804050225529,2023-11-21,2023-11-24,2023-11-28
2024-03-06,CVX,CVX:2024-03-05,2024-03-05,149.58999633789062,148.8800048828125,150.6199951171875,4.2700042724609375,0.044497014354682514,150.8300018310547,152.41000366210938,148.13999938964844,148.3300018310547,149.78100067138672,-0.0015925159143690415,-0.028636387416294595,1553,2024-03-07,148.5,0.0058585529776935,0.0235690235690235,0.0362962921861846,2024-03-07,2024-03-11,2024-03-13
2025-04-14,CVX,CVX:2025-04-11,2025-04-11,135.6300048828125,134.97999572753906,137.1199951171875,4.4399871826171875,0.2747758429302458,138.47999572753906,138.5399932861328,134.10000610351562,135.32000732421875,155.37719909667967,-0.128647622652875,-0.18339449772225203,1830,2025-04-15,134.32000732421875,0.001637775088733,0.0264293299538009,0.0221857918779442,2025-04-15,2025-04-17,2025-04-22
2025-04-23,CVX,CVX:2025-04-22,2025-04-22,137.3000030517578,133.72999572753906,138.24000549316406,3.4000091552734375,0.449998429246532,137.2100067138672,138.5500030517578,135.14999389648438,136.67999267578125,153.36999877929688,-0.10700229893421265,-0.020335290537590645,1836,2025-04-24,137.9199981689453,0.0083382335451072,0.0158063222412452,-0.0134860834907578,2025-04-24,2025-04-28,2025-04-30
2025-05-28,CVX,CVX:2025-05-27,2025-05-27,137.8300018310547,136.5399932861328,137.97000122070312,3.1299896240234375,0.11501655072223549,138.77999877929688,138.7899932861328,135.66000366210938,136.02000427246094,144.99359924316406,-0.052373482916933445,-0.026761710329086474,1860,2025-05-29,136.5,0.0103296971583104,0.0098168229882096,0.0063735906021062,2025-05-29,2025-06-02,2025-06-04
2025-10-15,CVX,CVX:2025-10-14,2025-10-14,152.38999938964844,151.94000244140625,153.4600067138672,3.170013427734375,0.33754031287605296,152.89999389648438,154.2100067138672,151.0399932861328,152.11000061035156,155.93420043945312,-0.022845379477812178,-0.018674699091144498,1957,2025-10-16,152.13999938964844,-0.0028262960267272,0.0153805465181948,0.022545076563236,2025-10-16,2025-10-20,2025-10-22
2018-03-27,DIS,DIS:2018-03-26,2018-03-26,100.6500015258789,98.54000091552734,100.77999877929688,2.2900009155273438,0.20524062567673368,100.87999725341795,101.18000030517578,98.88999938964844,99.36000061035156,105.64300018310547,-0.04962172452100422,-0.04297800439061994,58,2018-03-28,99.5,-0.0096482320047502,-0.008442174250157,0.0145728336506751,2018-03-28,2018-04-02,2018-04-04
2018-06-05,DIS,DIS:2018-06-04,2018-06-04,100.23999786376952,99.36000061035156,100.5,0.730003356933608,0.21918209086251192,100.36000061035156,100.51000213623048,99.77999877929688,99.94000244140624,100.9652001953125,-0.006907287896703251,-0.035504689989137805,106,2018-06-06,100.05999755859376,0.0184889681056836,0.0391765530080523,0.042674439103004,2018-06-06,2018-06-08,2018-06-12
2018-09-14,DIS,DIS:2018-09-13,2018-09-13,110.66999816894533,109.45999908447266,110.72000122070312,2.3700027465820455,0.1603394271844458,110.91999816894533,111.25,108.87999725341795,109.26000213623048,111.44380004882812,-0.0062443251165553715,-0.0158292470218222,177,2018-09-17,109.58000183105467,-0.0020076767387019,0.0019163997167697,0.0074831144471823,2018-09-17,2018-09-19,2018-09-21
2018-12-14,DIS,DIS:2018-12-13,2018-12-13,113.38999938964844,112.20999908447266,113.5999984741211,1.8699951171875284,0.08021084927215968,112.37000274658205,113.91999816894533,112.0500030517578,112.1999969482422,114.84100021362305,-0.01344410549226649,-0.023341939018859836,240,2018-12-17,112.29000091552734,-0.0148721894677122,-0.0273399204719366,-0.0718674826701182,2018-12-17,2018-12-19,2018-12-21
2019-08-27,DIS,DIS:2019-08-26,2019-08-26,134.61000061035156,131.6699981689453,134.63999938964844,1.8000030517578125,0.16666807951511042,135.77000427246094,135.99000549316406,134.19000244140625,134.49000549316406,139.92739990234375,-0.03889130292426768,-0.008397785559104531,415,2019-08-28,134.05999755859375,0.0185738142511584,0.0238698866665543,0.0285693115083096,2019-08-28,2019-08-30,2019-09-04
2019-09-19,DIS,DIS:2019-09-18,2019-09-18,136.8000030517578,136.30999755859375,137.07000732421875,4.3600006103515625,0.06880802976163396,137.0,137.36000061035156,133.0,133.3000030517578,138.64920013427735,-0.014792493468750556,-0.007904825170174434,431,2019-09-20,133.02999877929688,-0.005712955828082,-0.0079681092108579,-0.013230057302758,2019-09-20,2019-09-24,2019-09-26
2019-09-24,DIS,DIS:2019-09-23,2019-09-23,132.4600067138672,132.27000427246094,132.88999938964844,2.649993896484375,0.177359359705188,134.00999450683594,134.14999389648438,131.5,131.97000122070312,137.91320037841797,-0.04136054697800873,-0.0458834188084164,434,2019-09-25,131.7899932861328,0.0098642015174501,-0.0138856261134522,-0.0169966639994563,2019-09-25,2019-09-27,2019-10-01
2019-10-01,DIS,DIS:2019-09-30,2019-09-30,130.32000732421875,129.9600067138672,130.86000061035156,2.2700042724609375,0.017624876484704267,130.8000030517578,131.77999877929688,129.50999450683594,129.5500030517578,136.81320037841797,-0.04902978646919276,-0.04035342860375679,439,2019-10-02,128.50999450683594,0.0049023804353129,0.0136955088386636,-0.0003112075935127,2019-10-02,2019-10-04,2019-10-08
2020-01-17,DIS,DIS:2020-01-16,2020-01-16,145.1199951171875,144.32000732421875,145.42999267578125,1.6300048828125,0.19632292368756085,145.5399932861328,145.63999938964844,144.00999450683594,144.3300018310547,145.72519958496093,-0.00238956558946668,-0.020782738829140168,514,2020-01-21,144.24000549316406,-0.0047144197772686,-0.0141431535443096,-0.0578203776973299,2020-01-21,2020-01-23,2020-01-27
2020-03-03,DIS,DIS:2020-03-02,2020-03-02,119.9800033569336,117.6500015258789,119.9800033569336,6.629997253417969,0.19607782215793643,121.1500015258789,121.77999877929688,115.1500015258789,116.4499969482422,139.92779861450197,-0.1461956350405088,-0.1401747948281079,544,2020-03-04,118.95999908447266,0.0018493714054832,-0.0310188506204174,-0.0630464026371948,2020-03-04,2020-03-06,2020-03-10
2020-10-06,DIS,DIS:2020-10-05,2020-10-05,123.37000274658205,122.5500030517578,123.5999984741211,3.5800018310546733,0.08938534389797963,123.12999725341795,124.19000244140624,120.61000061035156,120.93000030517578,127.65039978027343,-0.03283209981167279,-0.016266652228347556,695,2020-10-07,121.9499969482422,0.0078721339720462,0.02484630163605,0.0574826563431583,2020-10-07,2020-10-09,2020-10-13
2021-03-31,DIS,DIS:2021-03-30,2021-03-30,185.52999877929688,184.8500061035156,186.32000732421875,2.479995727539091,0.04032511121093336,185.8300018310547,186.8999938964844,184.4199981689453,184.52000427246097,186.17019989013673,-0.0021245174999364735,-0.04484146657509103,816,2021-04-01,186.42999267578125,0.0136244630408755,0.0177010308502068,0.0047739885394155,2021-04-01,2021-04-06,2021-04-08
2021-04-22,DIS,DIS:2021-04-21,2021-04-21,183.11000061035156,182.7899932861328,183.3800048828125,3.620010375976591,0.41436345319737833,184.22000122070312,184.8800048828125,181.2599945068359,182.7599945068359,189.62019958496094,-0.03488761468826218,-0.023725725134177478,831,2021-04-23,182.3500061035156,0.0036742426461173,0.0125582298299065,0.0163421750907284,2021-04-23,2021-04-27,2021-04-29
2021-05-03,DIS,DIS:2021-04-30,2021-04-30,186.02000427246097,185.3300018310547,186.32000732421875,3.970001220703125,0.06548978007363473,187.69000244140625,189.22000122070312,185.25,185.5099945068359,189.31079956054688,-0.017189905426022722,-0.00662175729333192,838,2021-05-04,184.8699951171875,-0.0033536816874717,-0.0166603662703744,-0.0030832048492691,2021-05-04,2021-05-06,2021-05-10
2021-06-22,DIS,DIS:2021-06-21,2021-06-21,173.97000122070312,172.4199981689453,174.25999450683594,2.3499908447265625,0.4893610113694654,174.3699951171875,174.6999969482422,172.35000610351562,173.5,179.11799896240234,-0.030147531520240523,-0.017063134520200807,873,2021-06-23,173.6199951171875,0.0098491346731866,0.0272434691818503,0.001785494570395,2021-06-23,2021-06-25,2021-06-29
2021-12-03,DIS,DIS:2021-12-02,2021-12-02,147.1999969482422,142.14999389648438,147.64999389648438,4.0,0.47499847412109375,147.80999755859375,148.32000732421875,144.32000732421875,146.22000122070312,166.44739990234376,-0.11881616627670755,-0.06438698763691864,988,2021-12-06,147.27999877929688,0.0209804207190487,0.0411461000055739,0.0368686038808794,2021-12-06,2021-12-08,2021-12-10
2022-03-03,DIS,DIS:2022-03-02,2022-03-02,147.33999633789062,145.6999969482422,148.47000122070312,4.1999969482421875,0.26666933090161343,147.30999755859375,148.64999389648438,144.4499969482422,145.57000732421875,149.07000030517577,-0.01172464479413493,-0.047699100469144606,1049,2022-03-04,144.00999450683594,-0.0228455899703311,-0.0851329419796205,-0.0720088571123114,2022-03-04,2022-03-08,2022-03-10
2022-04-14,DIS,DIS:2022-04-13,2022-04-13,132.35000610351562,130.83999633789062,132.88999938964844,3.239990234375,0.03703564162459498,132.80999755859375,133.58999633789062,130.35000610351562,130.47000122070312,140.675,-0.06080127295190163,-0.06108115919594759,1079,2022-04-18,130.07000732421875,-0.0176828673148239,-0.0422849797777357,-0.090720458343168,2022-04-18,2022-04-20,2022-04-22
2022-10-14,DIS,DIS:2022-10-13,2022-10-13,96.63999938964844,93.41000366210938,96.97000122070312,3.7599945068359517,0.03191364162085032,97.47000122070312,98.08999633789062,94.33000183105467,94.4499969482422,108.36480010986328,-0.11044182259316293,-0.008311930056026262,1205,2022-10-17,96.37999725341795,0.0098568645435712,0.02708031422214,0.0587259164080196,2022-10-17,2022-10-19,2022-10-21
2022-11-08,DIS,DIS:2022-11-07,2022-11-07,100.43000030517578,99.58000183105467,101.55999755859376,3.9199981689453267,0.4719386067006376,100.73999786376952,101.97000122070312,98.0500030517578,99.9000015258789,103.31240020751953,-0.0304580763890967,-0.012681880653229727,1222,2022-11-09,90.5500030517578,-0.0419657970589548,0.0492545437234646,0.0547763546914243,2022-11-09,2022-11-11,2022-11-15
2022-11-14,DIS,DIS:2022-11-11,2022-11-11,95.01000213623048,90.45999908447266,95.58000183105467,2.410003662109389,0.029045472388598174,95.8499984741211,96.62000274658205,94.20999908447266,94.27999877929688,101.67760025024414,-0.06867548289211389,-0.10325620695728788,1226,2022-11-15,96.0,-0.0051041444142659,-0.0473958651224771,0.0164583524068195,2022-11-15,2022-11-17,2022-11-21
2022-12-21,DIS,DIS:2022-12-20,2022-12-20,87.0199966430664,85.77999877929688,87.83999633789062,1.6199951171875,0.2716025544420164,87.19000244140625,88.0999984741211,86.4800033569336,86.91999816894531,96.43340011596679,-0.09877071022242745,-0.057102657061240625,1252,2022-12-22,86.02999877929688,0.0074392583834657,0.0039521559003785,0.013367447892556,2022-12-22,2022-12-27,2022-12-29
2023-03-09,DIS,DIS:2023-03-08,2023-03-08,99.3000030517578,99.05999755859376,99.62000274658205,4.130004882812472,0.053268997724112435,99.4499969482422,100.0500030517578,95.91999816894533,96.13999938964844,101.48280014038086,-0.019938740149154976,-0.02340673924345804,1304,2023-03-10,95.5999984741211,-0.021234297193492,-0.0234309403715722,-0.0137029035512836,2023-03-10,2023-03-14,2023-03-16
2023-03-22,DIS,DIS:2023-03-21,2023-03-21,96.54000091552734,94.22000122070312,96.8499984741211,3.1100006103515625,0.02572405638391302,97.4499969482422,97.93000030517578,94.81999969482422,94.9000015258789,102.2752001953125,-0.056052150592192485,-0.025439094540415708,1313,2023-03-23,95.27999877929688,0.0057724922208681,0.0035684715747397,0.0166876992827023,2023-03-23,2023-03-27,2023-03-29
2023-05-23,DIS,DIS:2023-05-22,2023-05-22,91.81999969482422,91.3499984741211,91.94000244140624,2.220001220703125,0.004505464293078562,91.0999984741211,92.02999877929688,89.80999755859375,89.81999969482422,97.28240005493164,-0.05668906628411663,-0.10828397973872306,1356,2023-05-24,89.44000244140625,-0.0041368821163039,-0.0128577984625201,-0.0165474431634007,2023-05-24,2023-05-26,2023-05-31
2023-07-24,DIS,DIS:2023-07-21,2023-07-21,87.18000030517578,86.20999908447266,87.9000015258789,1.4099960327148438,0.03545784612387791,87.48999786376953,87.95999908447266,86.55000305175781,86.5999984741211,89.89959930419921,-0.033378264648426303,-0.01647110891838699,1397,2023-07-25,85.7300033569336,-0.0011665239659358,-0.0043159072914243,0.0368598612968475,2023-07-25,2023-07-27,2023-07-31
2023-07-27,DIS,DIS:2023-07-26,2023-07-26,85.86000061035156,85.62999725341797,86.2699966430664,1.6899948120117188,0.10059094130765515,86.5999984741211,86.87999725341797,85.19000244140625,85.36000061035156,89.49339935302734,-0.04220498965881769,-0.04758736375945416,1400,2023-07-28,85.86000061035156,0.0031446149679372,0.0369205467786024,-0.0043093727457698,2023-07-28,2023-08-01,2023-08-03
2023-10-03,DIS,DIS:2023-10-02,2023-10-02,81.66999816894531,81.05000305175781,81.7699966430664,2.4300003051757812,0.032922560085398976,81.25,81.88999938964844,79.45999908447266,79.54000091552734,84.37440017700196,-0.03366954686369095,-0.039402477139409475,1447,2023-10-04,79.61000061035156,-0.0036427699196579,0.0418289386449481,0.0675794147992809,2023-10-04,2023-10-06,2023-10-10
2023-10-24,DIS,DIS:2023-10-23,2023-10-23,83.0999984741211,82.6500015258789,84.02999877929688,2.4599990844726562,0.3333333333333333,83.41000366210938,84.19999694824219,81.73999786376953,82.55999755859375,83.24300003051758,-0.0032146813681314113,-0.01889018337390036,1462,2023-10-25,82.12999725341797,-0.0187507727630327,-0.0340922381103179,-0.0065749535320345,2023-10-25,2023-10-27,2023-10-31
2024-04-22,DIS,DIS:2024-04-19,2024-04-19,112.61000061035156,112.43000030517578,112.72000122070312,1.8899993896484375,0.1269830377110119,113.0999984741211,113.63999938964844,111.75,111.98999786376952,113.70719970703125,-0.009396693120530153,-0.04874131421640826,1585,2024-04-23,112.83000183105467,0.0077993196768322,-0.0005318194364485,-0.0066471681984283,2024-04-23,2024-04-25,2024-04-29
2024-05-10,DIS,DIS:2024-05-09,2024-05-09,105.8000030517578,105.44000244140624,106.12999725341795,1.5999984741210795,0.2312519371527958,106.91999816894533,107.0199966430664,105.41999816894533,105.79000091552734,114.03200012207031,-0.07313147584409696,-0.061807163241918484,1599,2024-05-13,105.58999633789062,0.0022729946158539,-0.0267070725696414,-0.0221611555928327,2024-05-13,2024-05-15,2024-05-17
2024-07-31,DIS,DIS:2024-07-30,2024-07-30,93.79000091552734,92.13999938964844,94.04000091552734,1.1999969482421875,0.04166931576871519,93.79000091552734,94.83999633789062,93.63999938964844,93.69000244140624,98.93220001220703,-0.05380565083342559,-0.04752716814419844,1654,2024-08-01,93.86000061035156,-0.0086298482135788,-0.0647773470223496,-0.0841679253623149,2024-08-01,2024-08-05,2024-08-07
2025-09-09,DIS,DIS:2025-09-08,2025-09-08,118.83999633789062,117.91000366210938,118.87999725341795,1.8300018310546733,0.0819679649131668,118.52999877929688,119.0500030517578,117.22000122070312,117.37000274658205,118.86839981079102,-0.0010742683740265768,-0.00016830113039045802,1931,2025-09-10,116.8499984741211,-0.0090714383605962,-0.0076165973578985,-0.0138638865069927,2025-09-10,2025-09-12,2025-09-16
2025-11-19,DIS,DIS:2025-11-18,2025-11-18,106.27999877929688,105.69000244140624,107.08000183105467,3.5099945068359517,0.1680903878173016,106.08000183105467,107.58999633789062,104.08000183105467,104.66999816894533,112.07819976806641,-0.053611477171008115,-0.046559633843821335,1982,2025-11-20,105.37000274658205,-0.0253393349980382,-0.0325519618085712,-0.0184113352077252,2025-11-20,2025-11-24,2025-11-26
2018-06-13,DUK,DUK:2018-06-12,2018-06-12,72.4800033569336,72.12000274658203,72.8499984741211,0.8699951171875,0.2758611617791497,72.54000091552734,72.87999725341797,72.01000213623047,72.25,76.87740051269532,-0.058427349852874344,-0.05378583811042004,112,2018-06-14,72.5,0.0132413666823814,0.0263448780980604,0.0508965853987068,2018-06-14,2018-06-18,2018-06-20
2019-05-20,DUK,DUK:2019-05-17,2019-05-17,87.19999694824219,86.23999786376953,87.44000244140625,0.9399948120117188,0.31914582775329325,87.30999755859375,87.5999984741211,86.66000366210938,86.95999908447266,89.45060012817383,-0.02586597540754776,-0.03283059664638366,346,2019-05-21,87.19000244140625,-0.0012616195351695,0.0196123298152424,-0.0008028408402817,2019-05-21,2019-05-23,2019-05-28
2019-06-07,DUK,DUK:2019-06-06,2019-06-06,87.70999908447266,87.22000122070312,88.0,1.6500015258789062,0.05454780851624597,87.95999908447266,88.5999984741211,86.94999694824219,87.04000091552734,88.57400009155273,-0.010523145189806238,-0.001138805112189778,359,2019-06-10,86.93000030517578,-0.0073622384378426,-0.0032209683459555,0.0108133261026834,2019-06-10,2019-06-12,2019-06-14
2020-07-02,DUK,DUK:2020-07-01,2020-07-01,81.93000030517578,79.88999938964844,82.37999725341797,1.4799957275390625,0.27026692647923045,82.63999938964844,82.91999816894531,81.44000244140625,81.83999633789062,84.29399978637696,-0.029267698277686383,-0.04964619910392443,629,2020-07-06,80.5,-0.0085714588994565,0.0116770489615682,0.0101863316127233,2020-07-06,2020-07-08,2020-07-10
2020-09-03,DUK,DUK:2020-09-02,2020-09-02,81.47000122070312,79.20999908447266,81.9000015258789,2.3600006103515625,0.33898425629586526,81.81999969482422,82.69999694824219,80.33999633789062,81.13999938964844,81.97360000610351,-0.005980937354544635,-0.00232675034148222,673,2020-09-04,81.22000122070312,-0.0030780595449717,0.0168677061880946,0.0222851210464201,2020-09-04,2020-09-09,2020-09-11
2020-12-16,DUK,DUK:2020-12-15,2020-12-15,92.11000061035156,91.12999725341795,92.83999633789062,2.3800048828125,0.004202569626096322,92.38999938964844,92.9800033569336,90.5999984741211,90.61000061035156,93.09160049438476,-0.010578461958100971,-0.012331133385554138,745,2020-12-17,91.30999755859376,0.0022998476627698,-0.0242032542280432,-0.0248603296874446,2020-12-17,2020-12-21,2020-12-23
2020-12-23,DUK,DUK:2020-12-22,2020-12-22,89.52999877929688,89.0999984741211,89.56999969482422,1.7300033569335938,0.011563140834821723,89.9800033569336,90.75,89.0199966430664,89.04000091552734,92.80620025634765,-0.036107495761871444,-0.021637015743765198,750,2020-12-24,89.22000122070312,0.0050436778982891,0.00717327259462,0.0262272618905505,2020-12-24,2020-12-29,2020-12-31
2020-12-29,DUK,DUK:2020-12-28,2020-12-28,90.25,89.66999816894531,90.66000366210938,1.3600006103515625,0.132353106171953,90.52999877929688,91.04000091552734,89.68000030517578,89.86000061035156,92.6618002319336,-0.026555357099022348,-0.014092209991539706,753,2020-12-30,89.91999816894531,0.0071174310796358,-0.0023353991186487,0.0110098477905216,2020-12-30,2021-01-04,2021-01-06
2021-03-04,DUK,DUK:2021-03-03,2021-03-03,87.2699966430664,87.23999786376953,87.45999908447266,2.7599945068359375,0.16304269705162014,87.30000305175781,88.7699966430664,86.01000213623047,86.45999908447266,90.37339950561524,-0.03516397781453251,-0.02163677546195042,797,2021-03-05,86.75,0.0205187179169668,0.0484149504120137,0.0454178955781701,2021-03-05,2021-03-09,2021-03-11
2021-09-16,DUK,DUK:2021-09-15,2021-09-15,102.02999877929688,101.61000061035156,102.41999816894533,1.5299987792968892,0.0849705794355233,102.48999786376952,102.80999755859376,101.27999877929688,101.41000366210938,104.8422004699707,-0.026630074205606258,-0.025129034882354517,933,2021-09-17,101.0,-0.0131683349609375,-0.0205940775351949,-0.0257425591497137,2021-09-17,2021-09-21,2021-09-23
2021-09-27,DUK,DUK:2021-09-24,2021-09-24,98.45999908447266,98.4000015258789,99.08000183105467,2.059997558593764,0.063105537613693,98.4499969482422,99.55999755859376,97.5,97.62999725341795,104.35380035400391,-0.057766596180314544,-0.04593021321644797,940,2021-09-28,97.4499969482422,-0.004104606557318,0.0014366279531317,0.0339661907813737,2021-09-28,2021-09-30,2021-10-04
2022-02-15,DUK,DUK:2022-02-14,2022-02-14,99.9499969482422,99.75,101.01000213623048,2.3400039672851562,0.22649808124312668,100.12999725341795,101.11000061035156,98.7699966430664,99.3000030517578,103.1014001464844,-0.030675114499037592,-0.0486388799647709,1038,2022-02-16,99.36000061035156,0.0015096771835494,0.0045289547652771,-0.0170088811496059,2022-02-16,2022-02-18,2022-02-23
2022-09-02,DUK,DUK:2022-09-01,2022-09-01,108.19000244140624,106.91000366210938,108.5500030517578,2.589996337890625,0.12355218041923435,108.2699966430664,109.2699966430664,106.68000030517578,107.0,108.26540008544924,-3.325258869202319e-05,-0.03899448674939954,1176,2022-09-06,107.2300033569336,-0.0043831129906677,0.018371663989892,0.0340389236428049,2022-09-06,2022-09-08,2022-09-12
2022-10-14,DUK,DUK:2022-10-13,2022-10-13,87.98999786376953,85.97000122070312,88.5199966430664,3.05999755859375,0.1372544130846714,88.88999938964844,89.45999908447266,86.4000015258789,86.81999969482422,104.09599975585938,-0.15842694021289383,-0.07476341455763913,1205,2022-10-17,88.0,0.012499982660467,0.0146591013128107,0.0052272623235529,2022-10-17,2022-10-19,2022-10-21
2023-02-14,DUK,DUK:2023-02-13,2023-02-13,100.04000091552734,99.11000061035156,100.4000015258789,1.370002746582017,0.29197133135452413,99.98999786376952,100.44000244140624,99.06999969482422,99.47000122070312,101.98579986572265,-0.01924067505089022,-0.015741819005599567,1288,2023-02-15,99.0,0.002626284204348,0.0049494733714094,-0.0154545331242108,2023-02-15,2023-02-17,2023-02-22
2023-02-27,DUK,DUK:2023-02-24,2023-02-24,96.91999816894533,96.83999633789062,97.04000091552734,2.220001220703139,0.05405182486770096,97.0199966430664,97.91000366210938,95.69000244140624,95.80999755859376,101.52179992675781,-0.0466972937168596,-0.006458276402904972,1296,2023-02-28,95.48999786376952,-0.0128808854859734,-0.0180123705014315,0.0051314850154582,2023-02-28,2023-03-02,2023-03-06
2023-03-07,DUK,DUK:2023-03-06,2023-03-06,95.9800033569336,95.38999938964844,96.04000091552734,3.189994812011733,0.169277167504944,96.12000274658205,96.16999816894533,92.9800033569336,93.5199966430664,100.64819992065429,-0.0479704313054905,-0.035279873175212195,1302,2023-03-08,93.6500015258789,0.0108915817025858,-0.0087560030054844,0.0153763458467621,2023-03-08,2023-03-10,2023-03-14
2023-03-09,DUK,DUK:2023-03-08,2023-03-08,94.66999816894533,93.5199966430664,94.83000183105467,2.3300018310547017,0.20600986254003456,95.01000213623048,96.06999969482422,93.73999786376952,94.22000122070312,100.32720001220703,-0.05803433721427054,-0.02872681867950011,1304,2023-03-10,94.41999816894533,-0.0168396141572217,0.0070959349919335,0.0294429022792674,2023-03-10,2023-03-14,2023-03-16
2023-03-30,DUK,DUK:2023-03-29,2023-03-29,96.2699966430664,94.75,96.38999938964844,1.4100036621093608,0.32624504902278395,96.4499969482422,97.11000061035156,95.6999969482422,96.16000366210938,97.57059982299805,-0.014560018080557069,-0.005783385081055137,1319,2023-03-31,96.4000015258789,0.0007261379016205,-0.0017634664549219,0.0346472643674595,2023-03-31,2023-04-04,2023-04-06
2023-06-27,DUK,DUK:2023-06-26,2023-06-26,90.83999633789062,89.72000122070312,91.05999755859376,0.6500015258789205,0.07691585384461726,90.93000030517578,91.12000274658205,90.47000122070312,90.5199966430664,93.98400024414063,-0.03491479490068239,-0.0074300735371289894,1379,2023-06-28,90.44000244140624,-0.0148164963634682,-0.0077399884867344,0.0129367330535326,2023-06-28,2023-06-30,2023-07-05
2023-08-24,DUK,DUK:2023-08-23,2023-08-23,90.33999633789062,89.58999633789062,90.41000366210938,1.5,0.08666483561197917,90.13999938964844,91.36000061035156,89.86000061035156,89.98999786376953,91.62059936523437,-0.014142947319415122,-0.02671841591346058,1420,2023-08-25,90.1999969482422,0.004212914586134,0.0009978267220651,-0.0155209971602072,2023-08-25,2023-08-29,2023-08-31
2024-02-13,DUK,DUK:2024-02-12,2024-02-12,92.6500015258789,91.69000244140624,92.8499984741211,2.629997253417983,0.4980984512022863,92.61000061035156,92.93000030517578,90.3000030517578,91.61000061035156,95.9968000793457,-0.034998349293621,-0.032578001739059115,1538,2024-02-14,91.3000030517578,0.000438042549792,0.006352619740126,0.0185103478151436,2024-02-14,2024-02-16,2024-02-21
2024-06-21,DUK,DUK:2024-06-20,2024-06-20,100.0999984741211,100.02999877929688,100.7300033569336,1.5,0.19332885742188446,100.29000091552734,101.0500030517578,99.5500030517578,99.83999633789062,100.58879974365234,-0.003982095721730916,-0.03003874579255894,1627,2024-06-24,99.98999786376952,0.0152015632056703,-0.0004000491687362,0.0024002950124177,2024-06-24,2024-06-26,2024-06-28
2024-11-11,DUK,DUK:2024-11-08,2024-11-08,113.2300033569336,111.08000183105467,114.0500030517578,1.7700042724609375,0.039547754722023466,112.63999938964844,114.16000366210938,112.38999938964844,112.45999908447266,115.80339996337891,-0.022473665283389344,-0.03395611090032258,1726,2024-11-12,112.66000366210938,-0.0069235432570267,-0.0175750336638726,0.0078110884503186,2024-11-12,2024-11-14,2024-11-18
2025-01-10,DUK,DUK:2025-01-08,2025-01-08,108.2300033569336,106.80999755859376,108.4499969482422,3.149993896484389,0.13650829789090058,107.47000122070312,108.58999633789062,105.44000244140624,105.87000274658205,111.28079986572266,-0.02936736611780877,-0.003039740319467632,1766,2025-01-13,106.47000122070312,-0.0030994818002361,-0.0001878864678461,0.0262045729645847,2025-01-13,2025-01-15,2025-01-17
2025-01-15,DUK,DUK:2025-01-14,2025-01-14,106.8499984741211,106.13999938964844,106.87999725341795,1.75,0.057141985212061694,108.0999984741211,108.0999984741211,106.3499984741211,106.4499969482422,110.79599975585937,-0.03714798711148748,-0.013752980562437234,1769,2025-01-16,106.0999984741211,0.0278982010088777,0.0440150634882843,0.0305372093342659,2025-01-16,2025-01-21,2025-01-23
2025-11-13,DUK,DUK:2025-11-12,2025-11-12,123.9000015258789,123.66999816894533,124.29000091552734,1.4899978637695312,0.32885809817867145,123.76000213623048,124.58999633789062,123.0999984741211,123.58999633789062,124.11539978027344,-0.0012977356517130945,-0.0031378178998767714,1978,2025-11-14,123.33000183105467,-0.0050271850918428,0.0038109236497616,-0.0064055858574423,2025-11-14,2025-11-18,2025-11-20
2025-11-24,DUK,DUK:2025-11-21,2025-11-21,122.8000030517578,122.54000091552734,123.38999938964844,2.0100021362304688,0.34328063616177334,123.06999969482422,123.41000366210938,121.4000015258789,122.08999633789062,124.36360000610351,-0.012617248328568031,-0.00695455753585017,1985,2025-11-25,122.26000213623048,-0.0026991806419811,0.0137412095192326,-0.0210207725332816,2025-11-25,2025-11-28,2025-12-02
2019-08-19,GE,GE:2019-08-16,2019-08-16,43.810546875,39.92292022705078,43.86038589477539,1.3955574035644531,0.21428395706284492,44.25911712646485,44.3089599609375,42.91340255737305,43.21244812011719,50.13441619873047,-0.12840850672396453,-0.12100000528103894,409,2019-08-20,42.763877868652344,-0.0233100041800866,-0.0454545616734047,-0.0617715289179748,2019-08-20,2019-08-22,2019-08-26
2019-08-27,GE,GE:2019-08-26,2019-08-26,40.12228775024414,39.72355651855469,40.371490478515625,0.996826171875,0.09999923463139848,40.321651458740234,40.42133331298828,39.42450714111328,39.52418899536133,48.90233795166016,-0.1830728272069052,-0.1104972286914373,415,2019-08-28,39.47434616088867,0.0025253279316905,0.0416667512243713,0.11111114332357,2019-08-28,2019-08-30,2019-09-04
2019-09-26,GE,GE:2019-09-25,2019-09-25,45.6546745300293,44.70769119262695,45.854042053222656,1.24603271484375,0.24000122458976242,45.754356384277344,45.90388107299805,44.6578483581543,44.9568977355957,45.986619033813476,-0.009279912534444379,-0.021367504943615057,436,2019-09-27,45.05657958984375,0.0,-0.0475663499533328,-0.0365044120416089,2019-09-27,2019-10-01,2019-10-03
2020-03-03,GE,GE:2020-03-02,2020-03-02,55.87215042114258,54.227386474609375,56.52008819580078,3.538738250732422,0.2957746327044744,56.07151794433594,56.71945571899414,53.18071746826172,54.227386474609375,59.40590362548828,-0.059611120049585575,-0.12626657069441116,544,2020-03-04,55.12453079223633,-0.0099457010850441,-0.1500903943894235,-0.1998191766204297,2020-03-04,2020-03-06,2020-03-10
2020-04-09,GE,GE:2020-04-08,2020-04-08,36.384185791015625,35.03846740722656,36.78291320800781,2.24285888671875,0.1111111111111111,37.131805419921875,37.58037567138672,35.33751678466797,35.58672332763672,48.517562789916994,-0.2589133229510553,-0.034391545640328536,571,2020-04-13,35.53688049316406,-0.0154276936552817,-0.0883589994611293,-0.0406731374077103,2020-04-13,2020-04-15,2020-04-17
2020-08-25,GE,GE:2020-08-24,2020-08-24,33.04481506347656,31.44989013671875,33.09465789794922,1.0965080261230469,0.4999982605246953,33.14449691772461,33.39370346069336,32.29719543457031,32.8454475402832,33.496376762390135,-0.015385502593426859,-0.005996950920748034,666,2020-08-26,32.994972229003906,-0.021147973381842,-0.001510503461845,-0.0649546548363743,2020-08-26,2020-08-28,2020-09-01
2020-08-31,GE,GE:2020-08-28,2020-08-28,32.945133209228516,32.29719543457031,32.994972229003906,2.143177032470703,0.18604680138335875,32.44671630859375,33.3438606262207,31.20068359375,31.599414825439453,33.17440181732178,-0.009322213470958962,-0.007507501123056759,670,2020-09-01,31.250526428222656,-0.0127591844766287,0.0079744140052329,-0.0207336595159896,2020-09-01,2020-09-03,2020-09-08
2020-09-15,GE,GE:2020-09-14,2020-09-14,30.652429580688477,29.655603408813477,30.7022705078125,0.9968280792236293,0.4000000000000014,30.752111434936523,31.001319885253903,30.004491806030273,30.403223037719727,32.5713215637207,-0.06149855072789778,-0.06959157256944437,680,2020-09-16,30.403223037719727,0.1065573528807477,0.1278688360039135,0.0245901438797695,2020-09-16,2020-09-18,2020-09-22
2021-05-24,GE,GE:2021-05-21,2021-05-21,65.94010162353516,65.09280395507812,66.1893081665039,0.9469833374023438,0.31578353729768055,66.23915100097656,66.33883666992188,65.39185333251953,65.6908950805664,66.00988227844238,-0.0001511914117040547,-0.005263199691643017,853,2021-05-25,65.79058074951172,-0.0060605547549471,0.0871211414002268,0.0719696385480135,2021-05-25,2021-05-27,2021-06-01
2021-06-22,GE,GE:2021-06-21,2021-06-21,65.74073791503906,63.697242736816406,65.74073791503906,1.2958755493164062,0.34615226107281,65.39185333251953,65.79058074951172,64.49470520019531,64.94327545166016,66.83425819396973,-0.017182556317048348,-0.05176132579564152,873,2021-06-23,64.8934326171875,-0.0053762694998372,0.0107527741357806,0.0053763870678904,2021-06-23,2021-06-25,2021-06-29
2021-09-16,GE,GE:2021-09-15,2021-09-15,63.647403717041016,62.53843307495117,63.840538024902344,1.1712684631347656,0.2765949824290567,63.79069519042969,63.983829498291016,62.81256103515625,63.13652801513672,64.29646087646485,-0.010574121429022698,-0.030832020955906425,933,2021-09-17,63.01815414428711,-0.0067226474653403,-0.0428077018463445,0.0178941903219227,2021-09-17,2021-09-21,2021-09-23
2022-03-03,GE,GE:2022-03-02,2022-03-02,58.66326522827149,57.52314758300781,59.15545272827149,2.0684165954589773,0.14156537070540792,59.14921951293945,59.37350845336914,57.30509185791016,57.59790802001953,60.29469924926758,-0.0265607831161766,-0.06698380344258437,1049,2022-03-04,56.20858001708984,-0.0119706880514093,-0.0229438696653121,0.0123033033086021,2022-03-04,2022-03-08,2022-03-10
2022-04-20,GE,GE:2022-04-19,2022-04-19,57.2552490234375,56.32072448730469,57.47953414916992,1.1588134765625,0.08064494890972296,57.629058837890625,58.00910186767578,56.85028839111328,56.94374084472656,58.13407699584961,-0.01690832762771599,-0.0013040367115810803,1082,2022-04-21,57.90941619873047,-0.0132329368142484,-0.0330285233672489,-0.1585798353504465,2022-04-21,2022-04-25,2022-04-27
2022-06-21,GE,GE:2022-06-17,2022-06-17,41.11911392211914,40.6767692565918,41.57391357421875,1.4640884399414062,0.017021797697771245,42.028717041015625,42.40252685546875,40.938438415527344,40.96335983276367,48.74870170593262,-0.1615895998144944,-0.14252306803308723,1124,2022-06-22,39.98522186279297,0.005609200481669,0.0451853798066492,0.0264879812659668,2022-06-22,2022-06-24,2022-06-28
2024-08-07,GE,GE:2024-08-06,2024-08-06,162.27000427246094,158.36000061035156,165.4499969482422,4.6999969482421875,0.11914849408640377,164.4199981689453,166.27000427246094,161.57000732421875,162.1300048828125,162.5829998779297,-0.0025631768051714854,-0.05656974260197134,1659,2024-08-08,164.47999572753906,0.0068701660515868,0.0145306386899928,0.0210967978528597,2024-08-08,2024-08-12,2024-08-14
2024-11-25,GE,GE:2024-11-22,2024-11-22,181.1499938964844,178.6999969482422,181.7400054931641,4.149993896484375,0.15903726091464626,182.2400054931641,183.6999969482422,179.5500030517578,180.2100067138672,183.19179992675782,-0.011278498794944136,-0.019804143230665594,1736,2024-11-26,180.8699951171875,0.0206226078787219,0.0071322418297521,-0.0008292912065773,2024-11-26,2024-11-29,2024-12-03
2024-12-09,GE,GE:2024-12-06,2024-12-06,175.5800018310547,172.91000366210938,175.8300018310547,5.5999908447265625,0.09821499123980588,175.0,176.3699951171875,170.77000427246094,171.32000732421875,181.90940032958986,-0.03628397095964264,-0.01745940218505526,1745,2024-12-10,171.00999450683594,0.001520436079627,-0.0361381958616121,-0.0305245388479002,2024-12-10,2024-12-12,2024-12-16
2024-12-16,GE,GE:2024-12-13,2024-12-13,166.00999450683594,164.8300018310547,167.8699951171875,3.75,0.09066569010416667,166.32000732421875,169.1999969482422,165.4499969482422,165.7899932861328,179.99440002441406,-0.07987024553169164,-0.08865837083111971,1750,2024-12-17,165.8000030517578,0.0,-0.006031362977043,0.0194209961485822,2024-12-17,2024-12-19,2024-12-23
2024-12-18,GE,GE:2024-12-17,2024-12-17,165.8000030517578,165.7899932861328,166.50999450683594,7.029998779296875,0.049785335063965375,166.0,166.6300048828125,159.60000610351562,159.9499969482422,179.04079986572265,-0.07679216411028877,-0.0825586435821476,1752,2024-12-19,163.02999877929688,0.0108569237914126,0.0367417379501613,0.0559405948934206,2024-12-19,2024-12-23,2024-12-26
2025-11-20,GE,GE:2025-11-19,2025-11-19,300.82000732421875,296.010009765625,301.6700134277344,16.5999755859375,0.008432791369763286,305.3999938964844,307.0799865722656,290.4800109863281,290.6199951171875,301.27840087890627,-0.000920611691711315,-0.01406043142901614,1983,2025-11-21,290.6199951171875,-0.0109420987172578,0.0097034181116191,0.0269424582664603,2025-11-21,2025-11-25,2025-11-28
2018-03-27,GOOGL,GOOGL:2018-03-26,2018-03-26,52.704498291015625,51.32749938964844,52.9635009765625,3.3460006713867188,0.1392706245567952,53.19499969482422,53.22700119018555,49.88100051879883,50.34700012207031,55.649209899902345,-0.055016334722254534,-0.0959234732344646,58,2018-03-28,50.09550094604492,0.0032637247201257,0.0106995496196953,0.0277469905160849,2018-03-28,2018-04-02,2018-04-04
2018-05-02,GOOGL,GOOGL:2018-05-01,2018-05-01,52.037498474121094,50.92900085449219,52.08649826049805,1.0410003662109375,0.13880949239992377,51.70000076293945,52.19900131225586,51.15800094604492,51.3025016784668,53.591809844970705,-0.030405647809388592,-0.0357711993034473,83,2018-05-03,51.26850128173828,0.0009069378625909,0.0332465012317955,0.0620068260299873,2018-05-03,2018-05-07,2018-05-09
2018-09-14,GOOGL,GOOGL:2018-09-13,2018-09-13,59.10699844360352,58.58000183105469,59.39300155639648,0.7240028381347656,0.30800925218527553,59.400001525878906,59.400001525878906,58.67599868774414,58.89899826049805,61.03066009521484,-0.030937019857643522,-0.06524334550754629,177,2018-09-17,58.88850021362305,-0.0152321651235286,-0.0029717047713173,-0.0047972222026088,2018-09-17,2018-09-19,2018-09-21
2018-10-17,GOOGL,GOOGL:2018-10-16,2018-10-16,56.65399932861328,55.12200164794922,56.81850051879883,1.6499977111816406,0.41181910449279485,57.0,57.349998474121094,55.70000076293945,56.37950134277344,59.78509994506836,-0.05440107406089001,-0.061740264362778685,200,2018-10-18,56.5,-0.0283982268476907,-0.0164867164814366,-0.0644955930456651,2018-10-18,2018-10-22,2018-10-24
2018-12-19,GOOGL,GOOGL:2018-12-18,2018-12-18,52.170501708984375,51.282501220703125,52.984500885009766,2.8139991760253977,0.2848253901118806,52.364498138427734,53.785499572753906,50.97150039672851,51.77299880981445,53.77171989440918,-0.03194671730873433,-0.0653462867287109,243,2018-12-20,51.29999923706055,-0.0023586429701337,-0.0402826088395237,0.0262183477720494,2018-12-20,2018-12-24,2018-12-27
2018-12-28,GOOGL,GOOGL:2018-12-27,2018-12-27,52.64500045776367,52.39250183105469,52.66699981689453,1.1114997863769531,0.21052739958747035,52.974998474121094,53.21149826049805,52.099998474121094,52.33399963378906,53.234519958496094,-0.012676440977244963,-0.01939966436434082,249,2018-12-31,52.89149856567383,-0.0121663685940379,-0.030590928115008,0.0171011011822486,2018-12-31,2019-01-03,2019-01-07
2019-06-11,GOOGL,GOOGL:2019-06-10,2019-06-10,54.13800048828125,53.41849899291992,54.742000579833984,1.2220001220703125,0.060145470437659984,54.8494987487793,55.20050048828125,53.97850036621094,54.051998138427734,58.698069915771484,-0.07919049275813306,-0.04905102784516924,361,2019-06-12,53.997501373291016,-0.0007870649781093,0.0058798508327833,0.0234177440093941,2019-06-12,2019-06-14,2019-06-18
2020-03-03,GOOGL,GOOGL:2020-03-02,2020-03-02,69.31600189208984,66.9625015258789,69.37349700927734,3.9475021362304688,0.10741060712359903,69.88400268554688,70.40950012207031,66.46199798583984,66.88600158691406,71.4765397644043,-0.0304197172567775,-0.08718466889222698,544,2020-03-04,67.947998046875,0.0166598548407379,-0.0465208037655174,-0.0616574295312865,2020-03-04,2020-03-06,2020-03-10
2020-03-25,GOOGL,GOOGL:2020-03-24,2020-03-24,56.5004997253418,52.70650100708008,56.666500091552734,3.1579971313476562,0.29464878903182945,56.229000091552734,57.30849838256836,54.1505012512207,55.08100128173828,68.22834014892578,-0.1759781588822732,-0.11383579471659167,560,2020-03-26,55.73600006103515,0.0432395551308486,0.0283389243807585,-0.0113212379450953,2020-03-26,2020-03-30,2020-04-01
2020-09-16,GOOGL,GOOGL:2020-09-15,2020-09-15,76.75599670410156,75.44149780273438,77.54949951171875,2.1389999389648438,0.011688418229224255,77.1240005493164,77.71849822998047,75.57949829101562,75.60449981689453,77.1327700805664,-0.0045986339554203726,-0.057937008534651335,681,2020-09-17,74.29049682617188,0.0008278387134805,-0.0374676864593478,-0.0514332156702135,2020-09-17,2020-09-21,2020-09-23
2021-01-14,GOOGL,GOOGL:2021-01-13,2021-01-13,87.36250305175781,86.87149810791016,87.81950378417969,2.074005126953125,0.11692367681464369,87.44349670410156,88.37750244140625,86.30349731445312,86.5459976196289,87.86623977661132,-0.004525278833258928,-0.005979171600263067,764,2021-01-15,86.45099639892578,-0.0008097037366834,0.0873616939972934,0.0945853985926599,2021-01-15,2021-01-20,2021-01-22
2022-01-13,GOOGL,GOOGL:2022-01-12,2022-01-12,141.4304962158203,139.73599243164062,142.60800170898438,4.441009521484375,0.04008301093297967,141.5399932861328,142.85000610351562,138.40899658203125,138.58700561523438,144.9327996826172,-0.02508596225955695,-0.03562444244630891,1016,2022-01-14,137.07899475097656,0.017519128448266,-0.0143165180051803,-0.0490774921303899,2022-01-14,2022-01-19,2022-01-21
2022-03-03,GOOGL,GOOGL:2022-03-02,2022-03-02,134.57150268554688,134.06149291992188,135.2624969482422,3.41400146484375,0.2560069723786538,136.00999450683594,136.4394989013672,133.02549743652344,133.89950561523438,137.76842987060547,-0.02429679733234802,-0.014911242603550257,1049,2022-03-04,132.92750549316406,-0.0076809637610446,-0.0438058748989989,-0.0037464112245634,2022-03-04,2022-03-08,2022-03-10
2022-04-14,GOOGL,GOOGL:2022-04-13,2022-04-13,129.8939971923828,127.7145004272461,130.33399963378906,3.878509521484389,0.03326159995594063,130.47950744628906,130.47950744628906,126.60099792480467,126.7300033569336,135.17986099243163,-0.04211683008417044,-0.084857239486816,1079,2022-04-18,127.0,0.0053267591581569,0.0081889235128567,-0.0579882043553149,2022-04-18,2022-04-20,2022-04-22
2022-04-20,GOOGL,GOOGL:2022-04-19,2022-04-19,130.00900268554688,127.67649841308594,130.33299255371094,3.8990020751953125,0.1384952548674298,130.89199829101562,131.3990020751953,127.5,128.0399932861328,134.38269088745116,-0.03415086588028504,-0.09066488220641256,1082,2022-04-21,129.25,-0.0343172232002538,-0.0477833849318484,-0.1157098471311351,2022-04-21,2022-04-25,2022-04-27
2022-09-02,GOOGL,GOOGL:2022-09-01,2022-09-01,109.73999786376952,108.22000122070312,110.4499969482422,3.479995727539034,0.16953938570144206,110.58999633789062,110.73999786376952,107.26000213623048,107.8499984741211,114.22069961547851,-0.03996675781410075,-0.08679371277440162,1176,2022-09-06,107.3000030517578,-0.0045666866656816,0.010065183326595,0.0331779818950845,2022-09-06,2022-09-08,2022-09-12
2024-03-01,GOOGL,GOOGL:2024-02-29,2024-02-29,138.4600067138672,136.3800048828125,138.86000061035156,1.9499969482421875,0.11282131538792597,138.42999267578125,138.8699951171875,136.9199981689453,137.13999938964844,142.66440032958985,-0.02928816579335758,-0.05125390984245204,1550,2024-03-04,135.66000366210938,-0.0170278453209193,-0.0314021056363486,-0.0018428423503707,2024-03-04,2024-03-06,2024-03-08
2024-08-12,GOOGL,GOOGL:2024-08-09,2024-08-09,163.6699981689453,162.02999877929688,163.7899932861328,3.05999755859375,0.1470579435524085,164.35000610351562,164.89999389648438,161.83999633789062,162.2899932861328,176.50599975585936,-0.0737533940716194,-0.019940130724878324,1662,2024-08-13,163.41000366210938,0.0045896822911208,-0.0129123099141134,0.0199497854095689,2024-08-13,2024-08-15,2024-08-19
2025-03-03,GOOGL,GOOGL:2025-02-28,2025-02-28,170.27999877929688,168.5,170.61000061035156,7.44000244140625,0.14516148879791954,171.92999267578125,173.3699951171875,165.92999267578125,167.00999450683594,189.98399993896484,-0.10650289032660076,-0.0852046882043428,1800,2025-03-04,166.24000549316406,0.0281520243090565,0.0367540929286291,-0.0022257601284293,2025-03-04,2025-03-06,2025-03-10
2018-03-27,GS,GS:2018-03-26,2018-03-26,254.8800048828125,245.2599945068359,255.36000061035156,11.449996948242188,0.14410430884330103,255.88999938964844,257.05999755859375,245.61000061035156,247.2599945068359,261.7301995849609,-0.02689922175023518,-0.06767137197151718,58,2018-03-28,248.77999877929688,0.0023715585689589,-0.0057480210740328,0.0154353097384538,2018-03-28,2018-04-02,2018-04-04
2018-04-27,GS,GS:2018-04-26,2018-04-26,240.08999633789065,239.22999572753903,241.66000366210935,2.909988403320284,0.2680418858050676,240.0,241.92999267578125,239.02000427246097,239.8000030517578,257.6825991821289,-0.06991682205452443,-0.07511845708652864,80,2018-04-30,240.97000122070312,-0.0109557180407302,-0.0287172599655146,-0.0250238566989674,2018-04-30,2018-05-02,2018-05-04
2018-05-08,GS,GS:2018-05-07,2018-05-07,237.1999969482422,234.94000244140625,238.1699981689453,4.660003662109347,0.2145921060386787,238.2400054931641,240.66000366210935,236.0,237.0,253.45359954833984,-0.06665177773915743,-0.038391378323265224,87,2018-05-09,237.97999572753903,0.0157576269742156,0.0207580575262384,0.0150432889122049,2018-05-09,2018-05-11,2018-05-15
2018-06-12,GS,GS:2018-06-11,2018-06-11,234.08999633789065,233.38999938964844,235.16000366210935,3.3699951171874716,0.22848824573477933,234.1199951171875,235.22999572753903,231.86000061035156,232.6300048828125,241.34780059814454,-0.03125366457187817,-0.003914719333004801,111,2018-06-13,233.6499938964844,0.0007704170309119,-0.0074042190144696,-0.0228118412647038,2018-06-13,2018-06-15,2018-06-19
2018-06-27,GS,GS:2018-06-26,2018-06-26,221.5800018310547,221.5399932861328,222.8000030517578,5.3300018310546875,0.00750342821643998,221.47999572753903,225.47000122070312,220.13999938964844,220.17999267578125,235.4584002685547,-0.06160826168438882,-0.04750033452186986,122,2018-06-28,220.25,0.0143927272142807,0.0136662633681541,0.0022247695489854,2018-06-28,2018-07-02,2018-07-05
2018-06-29,GS,GS:2018-06-28,2018-06-28,223.4199981689453,220.17999267578125,224.66000366210935,4.720001220703125,0.02542592053793683,224.3999938964844,225.1699981689453,220.4499969482422,220.57000732421875,234.17480041503907,-0.04865640941968652,-0.04378341962239196,124,2018-07-02,219.75,0.0159726712484,0.0045051444512584,0.0374971808562643,2018-07-02,2018-07-05,2018-07-09
2018-07-03,GS,GS:2018-07-02,2018-07-02,223.2599945068359,220.57000732421875,223.33999633789065,4.649993896484347,0.08387094657119233,224.4600067138672,224.63999938964844,219.9900054931641,220.3800048828125,233.0750003051758,-0.04426699590282801,-0.03513550673865573,126,2018-07-05,221.5,-0.0034311264416971,0.029300250533472,0.018781054907943,2018-07-05,2018-07-09,2018-07-11
2018-08-15,GS,GS:2018-08-14,2018-08-14,229.55999755859375,226.86000061035156,230.3699951171875,3.2299957275390625,0.2910228126284362,229.3500061035156,231.5399932861328,228.30999755859375,229.25,230.18200012207032,-0.0026233599293472576,-0.033146592090133487,156,2018-08-16,230.6699981689453,0.0101010181191754,0.0221528618845738,0.0375861544100559,2018-08-16,2018-08-20,2018-08-22
2018-10-04,GS,GS:2018-10-03,2018-10-03,227.77999877929688,226.07000732421875,229.77000427246097,6.009994506835966,0.34775345227243815,229.2599945068359,231.3999938964844,225.38999938964844,227.47999572753903,233.5825994873047,-0.02561014161111197,-0.03310978432435685,191,2018-10-05,228.0,-0.0100438302023369,-0.0223245453416255,-0.0659210472776178,2018-10-05,2018-10-09,2018-10-11
2018-11-16,GS,GS:2018-11-15,2018-11-15,203.7400054931641,202.4900054931641,204.5,4.389999389648494,0.4031866195347298,202.92999267578125,204.7400054931641,200.3500061035156,202.1199951171875,223.04260040283202,-0.08913866975722651,-0.10234830859850264,222,2018-11-19,201.8300018310547,-0.0178863428509175,-0.0457315346767186,-0.03711046635888,2018-11-19,2018-11-21,2018-11-26
2018-12-19,GS,GS:2018-12-18,2018-12-18,171.5,168.00999450683594,173.02000427246094,7.25,0.2275853650323276,171.58999633789062,174.85000610351562,167.60000610351562,169.25,204.1566000366211,-0.16455003167684668,-0.10504620555180078,243,2018-12-20,168.38999938964844,0.0001187972714142,-0.0715006433266425,-0.0176969875784811,2018-12-20,2018-12-24,2018-12-27
2018-12-28,GS,GS:2018-12-27,2018-12-27,165.41000366210938,162.92999267578125,165.41000366210938,3.92999267578125,0.2569965366755191,165.63999938964844,165.9499969482422,162.02000427246094,163.02999877929688,197.64900024414064,-0.16805146960571948,-0.0638935680878353,249,2018-12-31,163.77999877929688,0.019965834026336,0.0349859309454543,0.0747344339015301,2018-12-31,2019-01-03,2019-01-07
2019-06-05,GS,GS:2019-06-04,2019-06-04,189.8800048828125,183.19000244140625,189.9900054931641,3.1500091552734375,0.4539694534463055,190.1000061035156,190.16000366210935,187.0099945068359,188.44000244140625,198.4683999633789,-0.043280110779212566,-0.03731494831359994,357,2019-06-06,188.05999755859375,0.009305540905661,0.032223745811257,0.0114857156766492,2019-06-06,2019-06-10,2019-06-12
2019-08-27,GS,GS:2019-08-26,2019-08-26,199.6499938964844,196.1999969482422,199.7100067138672,4.3600006103515625,0.3600933725768801,200.3300018310547,200.86000061035156,196.5,198.07000732421875,206.4091995239258,-0.032067606122858305,-0.00927952727436554,415,2019-08-28,196.57000732421875,0.0195858508484281,0.0373403676268078,0.026250130798487,2019-08-28,2019-08-30,2019-09-04
2019-10-07,GS,GS:2019-10-04,2019-10-04,200.8000030517578,197.2400054931641,201.22999572753903,3.05999755859375,0.3039194175725634,200.7899932861328,202.52999877929688,199.47000122070312,200.3999938964844,206.92279998779296,-0.03162458015915548,-0.06054085388249941,443,2019-10-08,197.6000061035156,-0.0011640231742079,0.0114877982973478,0.0415991951761223,2019-10-08,2019-10-10,2019-10-14
2020-03-03,GS,GS:2020-03-02,2020-03-02,209.47000122070312,200.77000427246097,209.6199951171875,9.669998168945312,0.1354703005839999,209.0,211.7899932861328,202.1199951171875,203.42999267578125,234.39320098876954,-0.1083863684763906,-0.11645858105748919,544,2020-03-04,205.83999633789065,0.0140886572428471,-0.0631072214607488,-0.1044014312898584,2020-03-04,2020-03-06,2020-03-10
2020-08-06,GS,GS:2020-08-05,2020-08-05,204.52000427246097,201.63999938964844,204.80999755859375,2.459991455078125,0.17073155602972373,205.0,206.2899932861328,203.8300018310547,204.25,204.71040100097656,-0.0014578597851548913,-0.007184445279315721,653,2020-08-07,203.47999572753903,0.0235404395788159,0.037251828141398,0.0241301541439185,2020-08-07,2020-08-11,2020-08-13
2021-10-04,GS,GS:2021-10-01,2021-10-01,380.0,378.0299987792969,382.7200012207031,14.049987792968807,0.09466104824171177,380.2099914550781,386.8699951171875,372.8200073242187,374.1499938964844,396.4368005371094,-0.04145650280407509,-0.029275000524270012,945,2021-10-05,378.1000061035156,0.0203914079095974,0.0331129034952837,0.0188838508743758,2021-10-05,2021-10-07,2021-10-11
2021-12-03,GS,GS:2021-12-02,2021-12-02,387.5400085449219,376.4800109863281,389.0899963378906,10.850006103515625,0.34101475812371845,389.8800048828125,389.8800048828125,379.0299987792969,382.7300109863281,398.28540100097655,-0.02742501764249139,-0.010241295806570405,988,2021-12-06,388.6700134277344,0.0016208463310007,0.022255367272095,0.0061491343512245,2021-12-06,2021-12-08,2021-12-10
2021-12-28,GS,GS:2021-12-27,2021-12-27,388.0400085449219,385.0400085449219,389.1099853515625,5.089996337890625,0.2691544406405698,388.9299926757813,391.3299865722656,386.239990234375,387.6099853515625,398.3234002685547,-0.02671881079350058,-0.007722572067012212,1004,2021-12-29,387.9700012207031,-0.0045621800863541,-0.013970186897649,0.0502874183680155,2021-12-29,2021-12-31,2022-01-04
2022-03-03,GS,GS:2022-03-02,2022-03-02,336.3800048828125,328.20001220703125,338.0,11.3699951171875,0.2893588353392096,338.8699951171875,341.5,330.1300048828125,333.4200134277344,365.9246002197266,-0.08265435940608334,-0.07572676093233488,1049,2022-03-04,327.0,0.0081651786780867,-0.0172171403144113,0.0088684828638665,2022-03-04,2022-03-08,2022-03-10
2022-04-14,GS,GS:2022-04-13,2022-04-13,321.9700012207031,319.7799987792969,322.6300048828125,14.0,0.18642970493861608,328.4700012207031,333.0299987792969,319.0299987792969,321.6400146484375,339.2916015625,-0.05336351856656174,-0.040585223832101724,1079,2022-04-18,320.6499938964844,0.0287853147108054,0.0636519695949171,-0.0027444406660321,2022-04-18,2022-04-20,2022-04-22
2022-06-27,GS,GS:2022-06-24,2022-06-24,302.75,286.1700134277344,303.1300048828125,5.44000244140625,0.34926342716736414,303.05999755859375,304.32000732421875,298.8800048828125,300.7799987792969,310.1304016113281,-0.025129918121978956,-0.004832033445548167,1128,2022-06-28,305.8999938964844,-0.0209545727035173,-0.0290291110166464,-0.0284406075941183,2022-06-28,2022-06-30,2022-07-05
2023-03-09,GS,GS:2023-03-08,2023-03-08,349.2900085449219,346.0799865722656,349.69000244140625,13.240020751953125,0.07855037121210375,349.20001220703125,354.2900085449219,341.04998779296875,342.0899963378906,357.6376000976563,-0.023527678631817706,-0.03214277378889474,1304,2023-03-10,338.8699951171875,-0.0330509689581102,-0.0493404593549837,-0.0701744005723296,2023-03-10,2023-03-14,2023-03-16
2023-03-22,GS,GS:2023-03-21,2023-03-21,317.2799987792969,309.5299987792969,320.32000732421875,8.730010986328125,0.020621187492353137,317.2799987792969,322.2200012207031,313.489990234375,313.6700134277344,352.2020007324219,-0.10116077867003404,-0.08321772107719083,1313,2023-03-23,315.2099914550781,-0.0011420493046578,0.0105326842873629,0.0174804413406743,2023-03-23,2023-03-27,2023-03-29
2023-05-08,GS,GS:2023-05-05,2023-05-05,327.0199890136719,321.260009765625,327.8699951171875,4.629974365234375,0.1814256995023564,329.6400146484375,330.29998779296875,325.6700134277344,326.510009765625,331.0418005371094,-0.014372439087805833,-0.04284965899290927,1345,2023-05-09,325.0400085449219,-0.0008307270617509,-0.0132906941011899,-0.0091373404584828,2023-05-09,2023-05-11,2023-05-15
2023-06-30,GS,GS:2023-06-29,2023-06-29,323.0899963378906,313.6600036621094,325.5,3.579986572265625,0.02513873615835102,325.82000732421875,326.0299987792969,322.45001220703125,322.5400085449219,328.55159851074217,-0.017481531422474106,-0.045298789910713455,1382,2023-07-03,322.4100036621094,0.0130268342847537,-0.0291864506535944,-0.0184237535248176,2023-07-03,2023-07-06,2023-07-10
2023-08-24,GS,GS:2023-08-23,2023-08-23,322.3299865722656,318.7900085449219,322.45001220703125,7.97998046875,0.056388820901915195,322.1499938964844,327.489990234375,319.510009765625,319.9599914550781,334.1045983886719,-0.03654226486836343,-0.05941234271233753,1420,2023-08-25,320.79998779296875,-0.0020261655898311,0.0366271834386195,0.0215399124845627,2023-08-25,2023-08-29,2023-08-31
2023-09-29,GS,GS:2023-09-28,2023-09-28,325.20001220703125,321.95001220703125,326.8399963378906,5.69000244140625,0.22847412174845802,327.20001220703125,327.9599914550781,322.2699890136719,323.57000732421875,336.00059997558594,-0.033714184269213576,-0.056214977233818075,1445,2023-10-02,322.0299987792969,-0.0109617078926741,-0.0417041664648935,-0.0296555843529155,2023-10-02,2023-10-04,2023-10-06
2023-10-17,GS,GS:2023-10-16,2023-10-16,314.3900146484375,309.29998779296875,315.8999938964844,10.269989013671875,0.3359284693352985,313.3800048828125,316.17999267578125,305.9100036621094,309.3599853515625,325.64019897460935,-0.0372796056623389,-0.012904192626569833,1457,2023-10-18,307.0,-0.0164169659443709,-0.0226384762444015,-0.0254723365609731,2023-10-18,2023-10-20,2023-10-24
2024-09-18,GS,GS:2024-09-17,2024-09-17,485.3900146484375,485.1600036621094,489.7300109863281,11.220001220703125,0.2504453879567097,485.3999938964844,492.989990234375,481.7699890136719,484.5799865722656,490.48360107421877,-0.009910454441145244,-0.004246454771522301,1688,2024-09-19,494.739990234375,0.018373279939599,0.0053968013106631,-0.0072765000949934,2024-09-19,2024-09-23,2024-09-25
2025-11-20,GS,GS:2025-11-19,2025-11-19,785.989990234375,776.2999877929688,787.8699951171875,43.80999755859375,0.03446724149220586,795.25,816.0,772.1900024414062,773.7000122070312,785.9684033203125,-0.0002531356334062318,-0.008952371585410956,1983,2025-11-21,776.8300170898438,-0.0036043764161663,0.0328128286415416,0.0633471414014743,2025-11-21,2025-11-25,2025-11-28
2018-03-21,HD,HD:2018-03-20,2018-03-20,178.16000366210938,177.10000610351562,178.88999938964844,2.4600067138671875,0.1382157189909378,178.35000610351562,180.13999938964844,177.67999267578125,178.02000427246094,188.84400115966798,-0.05797452482778198,-0.019158752142879543,54,2018-03-22,177.4199981689453,-0.0120054385345232,-0.0058617590850299,-0.0149926935495536,2018-03-22,2018-03-26,2018-03-28
2018-03-27,HD,HD:2018-03-26,2018-03-26,176.3800048828125,171.8000030517578,176.8000030517578,5.1299896240234375,0.2105241241050687,177.3800048828125,178.72999572753906,173.60000610351562,174.67999267578125,187.28700103759766,-0.060418109113171914,-0.018529863149783776,58,2018-03-28,175.24000549316406,-0.0027391632691249,-0.0133531814844126,0.0125541935590045,2018-03-28,2018-04-02,2018-04-04
2018-04-13,HD,HD:2018-04-12,2018-04-12,173.36000061035156,172.86000061035156,174.24000549316406,3.279998779296875,0.17378278547437173,174.49000549316406,175.50999450683594,172.22999572753906,172.8000030517578,180.56900115966798,-0.04290265235831414,-0.008010951822441381,70,2018-04-16,174.22999572753906,0.0011478904502468,0.0322562733960296,0.0159559137201854,2018-04-16,2018-04-18,2018-04-20
2018-10-09,HD,HD:2018-10-08,2018-10-08,198.41000366210935,196.3800048828125,198.66000366210935,3.5999908447265625,0.04722183368725337,197.9499969482422,199.17999267578125,195.5800018310547,195.75,202.40140075683593,-0.019868385708585956,-0.046059914313380856,194,2018-10-10,199.11000061035156,-0.0271709288610595,-0.0333483972140735,-0.0277735862706304,2018-10-10,2018-10-12,2018-10-16
2018-10-31,HD,HD:2018-10-30,2018-10-30,176.24000549316406,173.1999969482422,176.42999267578125,3.260009765625,0.0889594098704411,177.97999572753906,178.85000610351562,175.58999633789062,175.8800048828125,197.9292007446289,-0.11176605038096743,-0.08957534959124525,210,2018-11-01,176.83999633789062,0.0204705408897416,0.0302533714900858,0.0587536734042684,2018-11-01,2018-11-05,2018-11-07
2018-12-19,HD,HD:2018-12-18,2018-12-18,170.0399932861328,167.97000122070312,171.9499969482422,8.17999267578125,0.09657628282134889,170.9199981689453,174.9499969482422,166.77000427246094,167.55999755859375,178.48260070800782,-0.05058418612859261,-0.06437774762514437,243,2018-12-20,166.27999877929688,-0.0127495497519299,-0.0489535689764626,0.024296419139888,2018-12-20,2018-12-24,2018-12-27
2018-12-28,HD,HD:2018-12-27,2018-12-27,170.32000732421875,168.27999877929688,170.4600067138672,4.519989013671875,0.3584068705227836,171.22000122070312,173.1199951171875,168.60000610351562,170.22000122070312,175.18640075683595,-0.03036427048163437,-0.022329368232202662,249,2018-12-31,171.47000122070312,0.0020412089638066,-0.0166793059426785,0.0324837699059699,2018-12-31,2019-01-03,2019-01-07
2019-05-28,HD,HD:2019-05-24,2019-05-24,193.58999633789065,192.0,193.86000061035156,5.119995117187528,0.03906194120592766,194.3800048828125,196.47000122070312,191.3500061035156,191.5500030517578,196.4831997680664,-0.013789339861421723,-0.005087909774117549,351,2019-05-29,190.27999877929688,-0.0015240345175173,-0.0022597891451533,0.0261194095679375,2019-05-29,2019-05-31,2019-06-04
2020-01-07,HD,HD:2020-01-06,2020-01-06,219.9600067138672,218.92999267578125,220.0,3.6600036621093466,0.4426253429055074,219.5,220.55999755859375,216.8999938964844,218.52000427246097,223.76879974365235,-0.018369612384679046,-0.0011806125937460221,506,2020-01-08,218.8000030517578,0.013665403074367,0.0247714720902594,0.0183272141266257,2020-01-08,2020-01-10,2020-01-14
2020-03-03,HD,HD:2020-03-02,2020-03-02,229.94000244140625,217.83999633789065,230.0,10.25,0.23121903582317074,230.02999877929688,235.82000732421875,225.57000732421875,227.94000244140625,230.2748001098633,-0.0005910986786663575,-0.061584281161762844,544,2020-03-04,233.0099945068359,0.0346337389574162,-0.0193124763146929,-0.0313720343801788,2020-03-04,2020-03-06,2020-03-10
2020-03-20,HD,HD:2020-03-19,2020-03-19,161.1300048828125,155.6300048828125,162.91000366210938,18.410003662109375,0.01846802119819182,162.77999877929688,170.22000122070312,151.80999755859375,152.14999389648438,224.2865997314453,-0.2860225386842129,-0.31378558597103756,557,2020-03-23,150.05999755859375,0.0821671466857127,0.2112488168998159,0.2698254441684498,2020-03-23,2020-03-25,2020-03-27
2020-03-25,HD,HD:2020-03-24,2020-03-24,184.72000122070312,162.38999938964844,185.6699981689453,11.550003051757812,0.15238043652014904,184.4199981689453,191.5500030517578,180.0,181.7599945068359,221.40899963378905,-0.16882873113801555,-0.1815684372248204,560,2020-03-26,183.4900054931641,0.0638726953503729,0.0687230924456065,-0.0264864595610501,2020-03-26,2020-03-30,2020-04-01
2021-03-02,HD,HD:2021-03-01,2021-03-01,261.6199951171875,258.3399963378906,262.4800109863281,3.339996337890625,0.1556946411439536,261.67999267578125,263.1099853515625,259.7699890136719,260.2900085449219,272.275400390625,-0.03979060895770259,-0.05725924863704068,795,2021-03-03,259.2799987792969,-0.0074051736993747,-0.0222153445462599,0.0219067907379009,2021-03-03,2021-03-05,2021-03-09
2021-06-09,HD,HD:2021-06-08,2021-06-08,310.8999938964844,309.9599914550781,312.2900085449219,6.08001708984375,0.07236861918385785,311.45001220703125,312.9800109863281,306.8999938964844,307.3399963378906,319.9195983886719,-0.02788097700197978,-0.012514300874205908,864,2021-06-10,307.6499938964844,0.0021453069241128,0.0054282901377085,-0.015829661023254,2021-06-10,2021-06-14,2021-06-16
2022-01-13,HD,HD:2022-01-12,2022-01-12,389.3999938964844,386.6700134277344,393.4500122070313,8.45001220703125,0.1325472209180541,392.510009765625,394.30999755859375,385.8599853515625,386.9800109863281,397.1147998046875,-0.01845378959994637,-0.05218577215586662,1016,2022-01-14,381.3299865722656,-0.0244669627377901,-0.056748708186783,-0.0845199213375843,2022-01-14,2022-01-19,2022-01-21
2022-04-05,HD,HD:2022-04-04,2022-04-04,305.5799865722656,301.8900146484375,306.4800109863281,6.8900146484375,0.38461368105876725,306.260009765625,309.1000061035156,302.2099914550781,304.8599853515625,333.5805993652344,-0.08716587387235064,-0.07222882745119985,1072,2022-04-06,298.0899963378906,0.0015096521606219,0.0436780474810483,0.0275085118849018,2022-04-06,2022-04-08,2022-04-12
2022-04-26,HD,HD:2022-04-25,2022-04-25,304.94000244140625,300.1099853515625,305.1600036621094,7.839996337890625,0.03061101358110712,302.25,307.55999755859375,299.7200012207031,299.9599914550781,317.92479736328124,-0.04386960758441838,-0.019832159688426554,1086,2022-04-27,301.29998779296875,0.0009957461755791,-0.0029870359540232,0.0121473740802946,2022-04-27,2022-04-29,2022-05-03
2022-05-10,HD,HD:2022-05-09,2022-05-09,297.0299987792969,294.30999755859375,300.739990234375,13.410003662109375,0.2609991830121137,298.4599914550781,301.07000732421875,287.6600036621094,291.1600036621094,311.9757971191406,-0.0494103039828544,-0.02593954088929107,1096,2022-05-11,291.45001220703125,-0.0291302809962562,0.0157144840639507,0.0325956411120398,2022-05-11,2022-05-13,2022-05-17
2022-06-27,HD,HD:2022-06-24,2022-06-24,283.0,275.4200134277344,283.4599914550781,3.510009765625,0.34188286847047367,284.4599914550781,285.0,281.489990234375,282.69000244140625,294.7681994628906,-0.041726543618916256,-0.05622619280727126,1128,2022-06-28,283.7799987792969,-0.0480301816246496,-0.0335119099532493,-0.0001761498103594,2022-06-28,2022-06-30,2022-07-05
2022-09-02,HD,HD:2022-09-01,2022-09-01,293.3699951171875,288.4200134277344,293.5799865722656,6.67999267578125,0.2664671752935264,296.1099853515625,296.79998779296875,290.1199951171875,291.8999938964844,299.0255987548828,-0.017830851580056817,-0.09790595976288985,1176,2022-09-06,293.2200012207031,-0.012550278495536,0.0227815041537815,0.0147329899264516,2022-09-06,2022-09-08,2022-09-12
2022-09-26,HD,HD:2022-09-23,2022-09-23,270.94000244140625,269.1400146484375,271.29998779296875,7.95001220703125,0.1220125448166261,271.42999267578125,273.55999755859375,265.6099853515625,266.5799865722656,298.5197998046875,-0.0939564470790678,-0.09617369192668168,1191,2022-09-27,269.3599853515625,-0.0024873141765351,0.0333011646440197,0.0532374058335074,2022-09-27,2022-09-29,2022-10-03
2023-03-09,HD,HD:2023-03-08,2023-03-08,291.489990234375,290.70001220703125,292.4599914550781,6.6199951171875,0.037764378307610036,293.04998779296875,294.3699951171875,287.75,288.0,314.0940008544922,-0.07377812605244949,-0.016233539509811212,1304,2023-03-10,288.55999755859375,-0.0077973385744263,-0.0103617627518445,-0.0063417888402707,2023-03-10,2023-03-14,2023-03-16
2023-05-10,HD,HD:2023-05-09,2023-05-09,290.5799865722656,287.92999267578125,291.05999755859375,7.649993896484375,0.40653435723546427,291.7099914550781,293.57000732421875,285.9200134277344,289.0299987792969,291.0869995117188,-0.0022566249621502887,-0.019404043669396742,1347,2023-05-11,288.739990234375,-0.0036364474214897,-0.0006926012891071,0.0126412154100985,2023-05-11,2023-05-15,2023-05-17
2023-09-29,HD,HD:2023-09-28,2023-09-28,303.489990234375,301.82000732421875,304.8699951171875,5.850006103515625,0.3999989566650843,304.95001220703125,305.6700134277344,299.82000732421875,302.1600036621094,323.8221990966797,-0.063767145141434,-0.07930107775756212,1445,2023-10-02,300.5199890136719,-0.0022960284394755,-0.0270530236338605,-0.0256221947655629,2023-10-02,2023-10-04,2023-10-06
2023-10-11,HD,HD:2023-10-10,2023-10-10,299.2200012207031,295.3599853515625,300.6700134277344,4.95001220703125,0.43434113019568193,299.739990234375,300.8500061035156,295.8999938964844,298.04998779296875,318.5025994873047,-0.06254405361457627,-0.0109737794356074,1453,2023-10-12,297.70001220703125,-0.0157206012813486,-0.0012429479999762,-0.025058856791273,2023-10-12,2023-10-16,2023-10-18
2024-04-09,HD,HD:2024-04-08,2024-04-08,362.0499877929687,357.8699951171875,362.5700073242187,5.720001220703182,0.47028004673669593,363.6300048828125,364.4500122070313,358.7300109863281,361.4200134277344,369.84680114746095,-0.02075711754112264,-0.07233271260281071,1576,2024-04-10,351.8699951171875,-0.0037229589813632,-0.0255776284562218,-0.0484270008280951,2024-04-10,2024-04-12,2024-04-16
2024-04-30,HD,HD:2024-04-29,2024-04-29,336.79998779296875,335.0899963378906,337.3399963378906,4.58001708984375,0.29694558829408707,335.7200012207031,337.44000244140625,332.8599853515625,334.2200012207031,363.28959899902344,-0.07434945115316682,-0.0033439023090698905,1591,2024-05-01,333.010009765625,-0.0031230549065291,0.0295486503388173,0.0230623478290832,2024-05-01,2024-05-03,2024-05-07
2025-01-13,HD,HD:2025-01-10,2025-01-10,389.8900146484375,387.2000122070313,392.9100036621094,8.159973144531193,0.18137075239541464,389.989990234375,395.8599853515625,387.7000122070313,389.1799926757813,405.51440063476565,-0.03880901526873959,-0.015777249883596522,1767,2025-01-14,390.5899963378906,0.0056069086815826,0.0479786743390209,0.0712767776925009,2025-01-14,2025-01-16,2025-01-21
2025-03-03,HD,HD:2025-02-28,2025-02-28,396.6000061035156,390.2699890136719,396.8699951171875,10.600006103515568,0.30377352515251743,396.9500122070313,397.0700073242187,386.4700012207031,389.69000244140625,400.9496008300781,-0.011884282581115513,-0.038382239054834955,1800,2025-03-04,386.1499938964844,-0.0115758158522757,-0.0114462850706171,-0.0297811735899776,2025-03-04,2025-03-06,2025-03-10
2025-03-06,HD,HD:2025-03-05,2025-03-05,386.3500061035156,381.6799926757813,387.1199951171875,7.029998779296875,0.1422475353687071,383.5,387.760009765625,380.7300109863281,381.7300109863281,400.19860107421874,-0.03476300792472087,-0.022962311257230583,1803,2025-03-07,379.5,-0.0071146566720191,-0.029881413275074,-0.0849802371541501,2025-03-07,2025-03-11,2025-03-13
2025-04-15,HD,HD:2025-04-14,2025-04-14,357.20001220703125,353.8599853515625,359.0199890136719,8.1199951171875,0.09728799290428299,356.55999755859375,361.44000244140625,353.32000732421875,354.1099853515625,375.9109997558594,-0.05252991486637992,-0.025348517762798117,1831,2025-04-16,351.8399963378906,-0.0166268933731387,-0.0140404800273533,0.0130173292903439,2025-04-16,2025-04-21,2025-04-23
2025-10-20,HD,HD:2025-10-17,2025-10-17,391.8999938964844,387.3900146484375,393.1099853515625,5.089996337890682,0.15717463381877525,391.4100036621094,393.1799926757813,388.0899963378906,388.8900146484375,403.26580139160154,-0.028134278887215314,-0.007998794313870516,1960,2025-10-21,387.55999755859375,0.0086180110406921,-0.0065280183590525,-0.0059087845994106,2025-10-21,2025-10-23,2025-10-27
2018-03-27,HON,HON:2018-03-26,2018-03-26,139.2108612060547,135.74337768554688,139.57086181640625,4.3390960693359375,0.16812429008991903,139.8171844482422,140.35720825195312,136.0181121826172,136.74761962890625,145.03660369873046,-0.0420109174757588,-0.03474999185337946,58,2018-03-28,136.3307647705078,-0.0044475544606328,-0.0102154853958885,0.0065322651681283,2018-03-28,2018-04-02,2018-04-04
2018-06-26,HON,HON:2018-06-25,2018-06-25,136.46339416503906,136.42550659179688,136.95603942871094,1.1652984619140625,0.08130262279197056,136.89920043945312,137.5055389404297,136.34024047851562,136.4349822998047,140.2609536743164,-0.027434952322648365,-0.05155725378655318,121,2018-06-27,137.5718536376953,-0.014255245921404,-0.0079884346658778,-0.0018593799027918,2018-06-27,2018-06-29,2018-07-03
2018-12-19,HON,HON:2018-12-18,2018-12-18,133.6215057373047,132.8307342529297,135.18328857421875,5.5453338623046875,0.1978625223227184,133.98724365234375,136.17176818847656,130.62643432617188,131.72364807128906,143.43056701660157,-0.07177778325667139,-0.09262988487501123,243,2018-12-20,131.1997528076172,-0.0155202646288391,-0.0595193332827032,-0.0087395111619066,2018-12-20,2018-12-24,2018-12-27
2018-12-28,HON,HON:2018-12-27,2018-12-27,130.05313110351562,128.07618713378906,130.1124267578125,2.7874908447265625,0.1808507726583498,130.59678649902344,131.53582763671875,128.7483367919922,129.25245666503906,140.72087127685546,-0.07889437956205014,-0.048593478853458105,249,2018-12-31,130.04324340820312,0.0042566078506882,-0.0113256487463675,0.0289601166979602,2018-12-31,2019-01-03,2019-01-07
2019-10-07,HON,HON:2019-10-04,2019-10-04,161.74349975585938,159.6578369140625,161.88189697265625,2.006591796875,0.31526797663949385,161.3975372314453,162.67266845703125,160.66607666015625,161.29869079589844,163.9527374267578,-0.014713989074762512,-0.027805886256276224,443,2019-10-08,159.46014404296875,-0.0167369990373555,-0.0021696818680277,0.0102900564381391,2019-10-08,2019-10-10,2019-10-14
2020-02-06,HON,HON:2020-02-05,2020-02-05,174.8605194091797,173.19000244140625,175.58209228515625,1.81878662109375,0.10325849860733581,175.9478302001953,175.9478302001953,174.12904357910156,174.3168487548828,175.02954315185548,-0.0010153351132492494,-0.017495108977695573,527,2020-02-07,173.82261657714844,-0.0032414124078194,0.0187660441135819,0.0242821072542764,2020-02-07,2020-02-11,2020-02-13
2020-03-03,HON,HON:2020-03-02,2020-03-02,162.34646606445312,160.3003387451172,163.57217407226562,7.5321502685546875,0.17454069570748765,162.38601684570312,166.2410430908203,158.70889282226562,160.0235595703125,174.30301696777343,-0.06994131216457677,-0.0916431812651809,544,2020-03-04,162.9988555908203,0.0381443384861284,-0.0052759271815517,-0.0194663261904536,2020-03-04,2020-03-06,2020-03-10
2021-09-09,HON,HON:2021-09-08,2021-09-08,221.81288146972656,220.35983276367188,222.30711364746097,2.6194458007812216,0.22641377542697858,221.3285369873047,222.38619995117188,219.76675415039065,220.35983276367188,225.80452850341797,-0.01707677464677282,-0.026210739641464476,928,2021-09-10,220.3993682861328,-0.0026909270107856,-0.0124680033561124,-0.0148898930517824,2021-09-10,2021-09-14,2021-09-16
2021-10-04,HON,HON:2021-10-01,2021-10-01,213.16375732421875,209.8326110839844,213.9248809814453,3.3904418945312216,0.2973770904966811,212.76837158203125,214.12257385253903,210.7321319580078,211.74037170410156,223.31298858642577,-0.046723614536362756,-0.01299834667208144,945,2021-10-05,211.14727783203125,0.0098778356131359,0.0222836114662587,0.0078648635601688,2021-10-05,2021-10-07,2021-10-11
2022-01-03,HON,HON:2021-12-31,2021-12-31,206.1060791015625,204.72222900390625,206.7782440185547,3.7463073730468466,0.3271776407432398,205.4635772705078,206.9364013671875,203.19009399414065,204.41580200195312,210.38398803710936,-0.021962361685391008,-0.0052478796272995565,1008,2022-01-04,204.3268280029297,0.0110783829121612,0.019882959619254,0.0326544499368706,2022-01-04,2022-01-06,2022-01-10
2022-06-27,HON,HON:2022-06-24,2022-06-24,177.94454956054688,172.557373046875,178.0631561279297,3.6968841552734375,0.2379653209729279,178.9033660888672,179.0516357421875,175.35475158691406,176.23448181152344,188.83749420166015,-0.05931506145549592,-0.06244463255229271,1128,2022-06-28,177.40087890625,-0.0196132956894392,-0.0315372835567837,-0.041121028605873,2022-06-28,2022-06-30,2022-07-05
2022-07-18,HON,HON:2022-07-15,2022-07-15,170.8077850341797,167.5557098388672,170.9560546875,3.6573486328125,0.11351423517239077,171.14385986328125,172.22129821777344,168.56394958496094,168.97911071777344,182.9991891479492,-0.07012584784321996,-0.005810921936319158,1142,2022-07-19,170.92640686035156,0.0249247600816759,0.0411171993012215,0.0482303208769492,2022-07-19,2022-07-21,2022-07-25
2023-03-27,HON,HON:2023-03-24,2023-03-24,185.99069213867188,184.76499938964844,186.0500030517578,2.135086059570284,0.2592603180275049,186.4552764892578,187.4042053222656,185.2691192626953,185.8226623535156,196.14664337158203,-0.05444482847844068,-0.026741853501927926,1316,2023-03-28,185.58541870117188,0.0009054862452093,0.0072970039282957,0.0294540788648673,2023-03-28,2023-03-30,2023-04-03
2023-08-14,HON,HON:2023-08-11,2023-08-11,188.4717559814453,186.5640106201172,189.23287963867188,2.6194458007812784,0.13207470233240765,188.74853515625,189.59861755371097,186.9791717529297,187.32513427734375,198.29617248535158,-0.04995617064996305,-0.023156958527320914,1412,2023-08-15,185.81277465820312,-0.0009575915304268,-0.0106394405517225,-0.0054793188642657,2023-08-15,2023-08-17,2023-08-21
2023-08-22,HON,HON:2023-08-21,2023-08-21,184.79464721679688,184.4289093017578,185.14060974121097,1.927520751953125,0.2358971517233736,185.1900329589844,185.3383026123047,183.41078186035156,183.865478515625,196.97181884765624,-0.06293920921122775,-0.013976781354087198,1418,2023-08-23,184.3498382568359,0.0031098656124532,-0.0010723788692362,0.0161930368046288,2023-08-23,2023-08-25,2023-08-29
2023-08-24,HON,HON:2023-08-23,2023-08-23,184.9231414794922,183.865478515625,185.40750122070312,3.6375732421875284,0.013586865331051272,184.7847595214844,186.61343383789065,182.97586059570312,183.02528381347656,196.43072967529298,-0.06009223740345315,-0.011414099087131424,1420,2023-08-25,183.47998046875,0.0036634237439689,0.0210106927963338,0.0124986860208586,2023-08-25,2023-08-29,2023-08-31
2024-03-18,HON,HON:2024-03-15,2024-03-15,195.41082763671875,194.08627319335935,196.2609100341797,2.59967041015625,0.14448383537199855,196.71560668945312,196.71560668945312,194.11593627929688,194.49154663085935,196.81465270996094,-0.007943869300016115,-0.004932816645686233,1561,2024-03-19,194.49154663085935,0.0115876906980418,0.023480413531941,0.0087415870991491,2024-03-19,2024-03-21,2024-03-25
2024-04-30,HON,HON:2024-04-29,2024-04-29,191.53602600097656,191.21971130371097,192.02037048339844,3.4794158935546875,0.11647743468975165,191.75347900390625,193.5821533203125,190.1027374267578,190.5080108642578,195.5800521850586,-0.021116411433611648,-0.0013914086680225646,1591,2024-05-01,189.75677490234375,0.0173464727120675,0.0200031360818275,0.0254205968204954,2024-05-01,2024-05-03,2024-05-07
2024-09-13,HON,HON:2024-09-12,2024-09-12,202.3103485107422,201.6876220703125,202.6266632080078,2.0362548828124716,0.2864036928241612,202.11265563964844,203.24940490722656,201.2131500244141,201.7963409423828,203.19839477539062,-0.005174648211286326,-0.0016097904900372884,1685,2024-09-16,203.62501525878903,-0.0064077542293913,-0.0211649973109313,-0.0128640668114974,2024-09-16,2024-09-18,2024-09-20
2025-01-17,HON,HON:2025-01-16,2025-01-16,220.1226043701172,217.0089111328125,221.94139099121097,4.527191162109347,0.06331776173431251,224.22476196289065,224.25440979003903,219.7272186279297,220.0138702392578,223.6063671875,-0.014269152448644906,-0.01416616074130339,1771,2025-01-21,220.7947540283203,0.0076107091877299,0.0102521042667227,0.010475946621995,2025-01-21,2025-01-23,2025-01-27
2025-03-18,HON,HON:2025-03-17,2025-03-17,207.9940643310547,207.0550079345703,208.6761016845703,2.6490936279296875,0.33955221731341906,207.9841766357422,209.0714874267578,206.42239379882812,207.3218994140625,212.58867309570311,-0.023046291721155243,-0.007546479920854776,1811,2025-03-19,207.8655548095703,-0.0077987608456105,-0.000808358004818,0.0087023277436586,2025-03-19,2025-03-21,2025-03-25
2025-04-15,HON,HON:2025-04-14,2025-04-14,197.9413146972656,196.2609100341797,199.03851318359375,3.924224853515625,0.10579443031673835,198.51461791992188,200.0269775390625,196.10275268554688,196.51791381835935,205.6278598022461,-0.03956003957051013,-0.05430932729480842,1831,2025-04-16,195.2230224609375,-0.0213671325676075,-0.016556960157372,-0.0009620813785314,2025-04-16,2025-04-21,2025-04-23
2025-08-06,HON,HON:2025-08-05,2025-08-05,218.5113983154297,218.2445068359375,218.8178253173828,2.866561889648409,0.07930779344521426,219.09458923339844,219.3417053222656,216.4751434326172,216.70248413085935,226.17204223632814,-0.034107268361719956,-0.06560146628991526,1908,2025-08-07,217.74038696289065,-0.0167968316940477,-0.0173869576899072,-0.0024514650976318,2025-08-07,2025-08-11,2025-08-13
2025-09-05,HON,HON:2025-09-04,2025-09-04,212.67941284179688,211.5327911376953,213.1439971923828,2.8863372802734375,0.30137080445551095,212.50149536132812,213.79638671875,210.91004943847656,211.7799072265625,223.19437255859376,-0.04774718832268876,-0.008479262882616578,1929,2025-09-08,212.3433380126953,-0.000325880760122,-0.0145237904811631,-0.0156410548821285,2025-09-08,2025-09-10,2025-09-12
2025-09-16,HON,HON:2025-09-15,2025-09-15,209.29884338378903,209.0220642089844,210.47512817382812,2.6886444091796875,0.12867544820462762,209.23953247070312,210.86062622070312,208.17198181152344,208.5179443359375,220.1146923828125,-0.05155655028507644,-0.03535306402106164,1936,2025-09-17,209.22964477539065,4.725762127599786e-05,-0.0108659711142166,-0.0111494439134444,2025-09-17,2025-09-19,2025-09-23
2025-10-01,HON,HON:2025-09-30,2025-09-30,208.07313537597656,206.86720275878903,208.6761016845703,2.7677154541015625,0.06785566612455199,208.07313537597656,210.33673095703125,207.5690155029297,207.75682067871097,214.10162475585938,-0.0305204279782183,-0.0021331927157517416,1947,2025-10-02,208.07313537597656,0.0024228013488427,-0.0071258431826096,-0.0030878653791308,2025-10-02,2025-10-06,2025-10-08
2025-10-15,HON,HON:2025-10-14,2025-10-14,206.20492553710935,200.57064819335935,206.32354736328125,7.2257232666015625,0.0547191924737842,206.3729705810547,206.99571228027344,199.76998901367188,200.16537475585935,210.70504119873047,-0.023058657788113446,-0.00897862107711056,1957,2025-10-16,201.35153198242188,-0.0026018178244034,0.011438434759492,0.0142857099553235,2025-10-16,2025-10-20,2025-10-22
2025-10-17,HON,HON:2025-10-16,2025-10-16,200.82765197753903,200.16537475585935,202.5080413818359,2.9456481933593466,0.31543777130838624,200.78810119628903,202.6365509033203,199.69090270996097,200.6200714111328,210.11828521728515,-0.045439441761228716,-0.03715459416815148,1959,2025-10-20,201.98416137695312,0.0082705344636198,0.0111088917820747,0.0577468827702223,2025-10-20,2025-10-22,2025-10-24
2025-11-26,HON,HON:2025-11-25,2025-11-25,200.33560180664065,197.8605194091797,200.9753570556641,2.4541168212890625,0.017092263403654724,201.66754150390625,201.66754150390625,199.2134246826172,199.25537109375,205.80483917236327,-0.02751842788313652,-0.04685396035075595,1987,2025-11-28,199.265869140625,0.0115263026024481,0.0165789525271595,0.0117368073482619,2025-11-28,2025-12-02,2025-12-04
2018-04-24,JNJ,JNJ:2018-04-23,2018-04-23,126.83000183105467,126.66000366210938,127.3000030517578,2.150001525878892,0.40930430616914903,126.94000244140624,127.45999908447266,125.30999755859376,126.19000244140624,129.8154005432129,-0.0234997453682787,-0.02046643484651245,77,2018-04-25,125.91000366210938,0.0067508414692938,0.0187435512803639,0.0007942059503822,2018-04-25,2018-04-27,2018-05-01
2018-04-30,JNJ,JNJ:2018-04-27,2018-04-27,128.27000427246094,128.00999450683594,128.7899932861328,2.4899978637695455,0.0,128.86000061035156,128.97999572753906,126.48999786376952,126.48999786376952,129.58340042114258,-0.010859158299912575,-0.017991049858930408,81,2018-05-01,126.31999969482422,-0.0024540655426114,-0.0260449724784328,-0.0216118062343967,2018-05-01,2018-05-03,2018-05-07
2018-05-07,JNJ,JNJ:2018-05-04,2018-05-04,124.19000244140624,123.02999877929688,124.51000213623048,1.9199981689452983,0.14062338570599886,124.13999938964844,125.23999786376952,123.31999969482422,123.58999633789062,128.87260040283203,-0.037594179990632304,-0.01950103544361448,86,2018-05-08,122.86000061035156,-0.0020348363890446,0.0202669530473673,0.0260458809404611,2018-05-08,2018-05-10,2018-05-14
2018-05-14,JNJ,JNJ:2018-05-11,2018-05-11,127.23999786376952,125.3499984741211,127.5999984741211,2.0100021362304688,0.22885502267940203,127.3499984741211,127.61000061035156,125.5999984741211,126.05999755859376,128.37360000610352,-0.009256508943337405,-0.00802998654699938,91,2018-05-15,125.54000091552734,-0.0032659204964101,-0.0134618641793973,-0.0144973688191132,2018-05-15,2018-05-17,2018-05-21
2018-06-05,JNJ,JNJ:2018-06-04,2018-06-04,121.9499969482422,121.26000213623048,122.37000274658205,1.659996032714858,0.34939952844713573,122.0500030517578,122.55999755859376,120.9000015258789,121.4800033569336,125.8331999206543,-0.031417211627733366,-0.018432074653110697,106,2018-06-06,121.97000122070312,0.0067229620941007,0.0171353309582149,0.0046732777660041,2018-06-06,2018-06-08,2018-06-12
2018-06-29,JNJ,JNJ:2018-06-28,2018-06-28,122.0,121.61000061035156,122.41000366210938,1.9899978637695455,0.07537389824141011,122.23999786376952,123.18000030517578,121.19000244140624,121.33999633789062,123.4897999572754,-0.013056774235583046,-0.0033494293754056104,124,2018-07-02,121.33999633789062,0.0019779586320056,0.0301632089382755,0.0388166050438258,2018-07-02,2018-07-05,2018-07-09
2018-12-28,JNJ,JNJ:2018-12-27,2018-12-27,127.41000366210938,126.70999908447266,127.41000366210938,2.0,0.2599983215332031,127.91000366210938,128.75,126.75,127.2699966430664,140.1347998046875,-0.09200784615497826,-0.133854531777179,249,2018-12-31,128.17999267578125,0.0067874116530586,-0.0191916960184296,-0.0091277157622419,2018-12-31,2019-01-03,2019-01-07
2019-04-11,JNJ,JNJ:2019-04-10,2019-04-10,135.5800018310547,135.57000732421875,136.1300048828125,1.7599945068359375,0.4488698924078618,135.9600067138672,136.17999267578125,134.4199981689453,135.2100067138672,136.46000091552733,-0.005928640175417166,-0.022494557936809212,320,2019-04-12,135.22000122070312,0.0056204296699826,0.0207070183884092,0.017009340563485,2019-04-12,2019-04-16,2019-04-18
2019-09-05,JNJ,JNJ:2019-09-04,2019-09-04,128.86000061035156,128.74000549316406,129.58999633789062,1.589996337890625,0.16981439895587416,129.89999389648438,129.89999389648438,128.30999755859375,128.5800018310547,132.87620071411132,-0.03250559092096339,-0.013323165481209154,421,2019-09-06,128.8800048828125,-0.0051986199841823,0.0051986199841824,0.0120265963240622,2019-09-06,2019-09-10,2019-09-12
2020-03-03,JNJ,JNJ:2020-03-02,2020-03-02,140.02000427246094,134.47999572753906,140.1300048828125,7.8899993896484375,0.3155881403035126,140.0,140.99000549316406,133.10000610351562,135.58999633789062,147.12859954833985,-0.04929770393519073,-0.06734163912299318,544,2020-03-04,137.67999267578125,0.0421266949469998,0.0315950489172331,0.0287623977667728,2020-03-04,2020-03-06,2020-03-10
2020-07-01,JNJ,JNJ:2020-06-30,2020-06-30,140.6300048828125,139.0399932861328,141.02000427246094,1.3300018310546875,0.2406066794396705,140.69000244140625,141.38999938964844,140.05999755859375,140.3800048828125,146.53840026855468,-0.04153634392498784,-0.026512540862889455,628,2020-07-02,141.25,-0.0019822922428097,0.0113274768390487,0.008778799951604,2020-07-02,2020-07-07,2020-07-09
2020-11-03,JNJ,JNJ:2020-11-02,2020-11-02,138.69000244140625,137.11000061035156,139.00999450683594,3.1800079345703125,0.22641491326983518,140.02000427246094,140.9600067138672,137.77999877929688,138.5,146.9624008178711,-0.05803901924408772,-0.03901056400423086,715,2020-11-04,139.49000549316406,-0.0006452906526274,0.0197863244544154,0.0630152192987301,2020-11-04,2020-11-06,2020-11-10
2021-03-11,JNJ,JNJ:2021-03-10,2021-03-10,159.14999389648438,157.6999969482422,159.89999389648438,1.7100067138671875,0.1286551794908403,159.5399932861328,160.6300048828125,158.9199981689453,159.13999938964844,161.4058004760742,-0.013248490474788488,-0.02115752825442785,802,2021-03-12,159.27999877929688,0.0020090866817632,0.0131215240702418,0.0074711354252026,2021-03-12,2021-03-16,2021-03-18
2021-06-15,JNJ,JNJ:2021-06-14,2021-06-14,165.3699951171875,164.9600067138672,165.4600067138672,1.470001220703125,0.06803130644190247,165.22999572753906,165.86000061035156,164.38999938964844,164.49000549316406,166.03100036621095,-0.0038540194148318774,-0.022924696501107844,868,2021-06-16,164.8000030517578,-0.0022452085505141,-0.0171116946116384,-0.0071602421888288,2021-06-16,2021-06-18,2021-06-22
2021-06-28,JNJ,JNJ:2021-06-25,2021-06-25,164.2100067138672,163.3699951171875,164.77999877929688,1.5500030517578125,0.32258001004124787,164.44000244140625,165.07000732421875,163.52000427246094,164.02000427246094,166.39960021972655,-0.012947473775050011,-0.004546556555983461,877,2021-06-29,164.0,0.0001829193859566,0.0119512604504097,0.0242073245164824,2021-06-29,2021-07-01,2021-07-06
2021-09-16,JNJ,JNJ:2021-09-15,2021-09-15,165.4199981689453,164.8000030517578,165.9600067138672,2.2700042724609375,0.45374310162872145,165.64999389648438,166.4600067138672,164.19000244140625,165.22000122070312,172.1734002685547,-0.039691822088365636,-0.04453304740033881,933,2021-09-17,164.3000030517578,0.0027388736450626,0.0013998522414306,0.0034083843468788,2021-09-17,2021-09-21,2021-09-23
2021-09-30,JNJ,JNJ:2021-09-29,2021-09-29,164.02000427246094,162.80999755859375,164.66000366210938,3.989990234375,0.02255552836076608,164.63999938964844,165.39999389648438,161.41000366210938,161.5,171.14239990234375,-0.0425108126995869,-0.008463268721926487,943,2021-10-01,161.52999877929688,-0.0065622334340635,-0.0120720421158828,-0.0011762672125432,2021-10-01,2021-10-05,2021-10-07
2022-06-08,JNJ,JNJ:2022-06-07,2022-06-07,178.33999633789062,176.39999389648438,179.3000030517578,2.649993896484375,0.1811308804053665,178.10000610351562,179.4499969482422,176.8000030517578,177.27999877929688,179.24339904785157,-0.005101145497916959,-0.0061302167217414105,1116,2022-06-09,177.2100067138672,-0.019750577661516,-0.0361153936730404,-0.0407426270930677,2022-06-09,2022-06-13,2022-06-15
2022-06-17,JNJ,JNJ:2022-06-16,2022-06-16,170.0800018310547,169.99000549316406,170.2100067138672,2.959991455078125,0.07432495128514428,170.6300048828125,172.1999969482422,169.24000549316406,169.4600067138672,178.1579995727539,-0.04670836132371037,-0.03990963764616873,1123,2022-06-21,170.75,0.0132356925729777,0.0521815734237738,0.0665885511987554,2022-06-21,2022-06-23,2022-06-27
2022-08-01,JNJ,JNJ:2022-07-29,2022-07-29,174.52000427246094,174.1999969482422,174.85000610351562,1.6200103759765625,0.2284000037675781,174.1699981689453,175.16000366210938,173.5399932861328,173.91000366210938,175.84260009765626,-0.007700926068632596,-0.020815752364992557,1152,2022-08-02,175.00999450683594,-0.0119421541825658,-0.0183989561840558,-0.0274841306757819,2022-08-02,2022-08-04,2022-08-08
2022-08-26,JNJ,JNJ:2022-08-25,2022-08-25,167.1300048828125,165.5800018310547,167.24000549316406,3.3000030517578125,0.021214321053872724,167.4600067138672,167.5,164.1999969482422,164.27000427246094,172.88080017089842,-0.033903803723329684,-5.979721713789132e-05,1171,2022-08-29,163.47000122070312,-0.0028751527325712,-0.0130299435181183,-0.0044656250204188,2022-08-29,2022-08-31,2022-09-02
2022-09-02,JNJ,JNJ:2022-09-01,2022-09-01,165.33999633789062,161.33999633789062,165.5,4.19000244140625,0.17422686419321476,165.86000061035156,166.1999969482422,162.00999450683594,162.74000549316406,171.81879974365233,-0.039598711995442626,-0.00857473105435691,1176,2022-09-06,163.94000244140625,-0.004635901880608,0.008844680533419,0.0103696286624723,2022-09-06,2022-09-08,2022-09-12
2022-09-12,JNJ,JNJ:2022-09-09,2022-09-09,165.7100067138672,165.38999938964844,166.1999969482422,1.350006103515625,0.31110834821529487,166.11000061035156,166.57000732421875,165.22000122070312,165.63999938964844,170.38160003662108,-0.02877166802556419,-0.00849636885932592,1181,2022-09-13,163.57000732421875,-0.0136944757159792,0.0092314876763617,0.0165677773047141,2022-09-13,2022-09-15,2022-09-19
2022-10-12,JNJ,JNJ:2022-10-11,2022-10-11,162.72999572753906,160.41000366210938,164.11000061035156,2.3800048828125,0.07983279478894188,162.94000244140625,164.8800048828125,162.5,162.69000244140625,165.61399993896484,-0.01862640336310306,-0.013398852195678046,1203,2022-10-13,160.88999938964844,0.0264776836534068,0.0354279132939627,0.0236186404759368,2022-10-13,2022-10-17,2022-10-19
2023-01-26,JNJ,JNJ:2023-01-25,2023-01-25,169.50999450683594,168.30999755859375,169.50999450683594,1.260009765625,0.19047907382290255,169.5500030517578,169.91000366210938,168.64999389648438,168.88999938964844,175.5466000366211,-0.03442708469034095,-0.03225627447560764,1275,2023-01-27,168.5399932861328,-0.0018393115636801,-0.0303785173913897,-0.017799929509353,2023-01-27,2023-01-31,2023-02-02
2023-02-03,JNJ,JNJ:2023-02-02,2023-02-02,165.5399932861328,164.9199981689453,166.22000122070312,2.4499969482421875,0.2938784153260714,166.02999877929688,166.33999633789062,163.88999938964844,164.61000061035156,174.42519958496095,-0.052174526843334124,-0.023535689977550622,1281,2023-02-06,164.5500030517578,-0.0072318591269302,-0.005712564108009,-0.0145852878198886,2023-02-06,2023-02-08,2023-02-10
2023-02-09,JNJ,JNJ:2023-02-08,2023-02-08,163.61000061035156,163.39999389648438,164.55999755859375,3.7299957275390625,0.0884683512716354,163.6300048828125,164.8000030517578,161.07000732421875,161.39999389648438,173.2925991821289,-0.05760687541150589,-0.034806171244648576,1285,2023-02-10,161.77000427246094,0.0023489498299291,0.0016689683287463,-0.0218210959143666,2023-02-10,2023-02-14,2023-02-16
2023-03-07,JNJ,JNJ:2023-03-06,2023-03-06,155.55999755859375,154.02000427246094,155.72999572753906,2.899993896484375,0.25516958338156526,156.08999633789062,156.25,153.35000610351562,154.08999633789062,166.42259887695312,-0.0679136108003714,-0.030114108419694974,1302,2023-03-08,153.97999572753906,-0.0066241657486255,-0.0153915780162839,-0.0003896451503994,2023-03-08,2023-03-10,2023-03-14
2023-06-06,JNJ,JNJ:2023-06-05,2023-06-05,158.32000732421875,156.97000122070312,158.63999938964844,2.2100067138671875,0.35293955190389065,159.5800018310547,159.61000061035156,157.39999389648438,158.17999267578125,160.119599609375,-0.010555608206012757,-0.0037127702743317004,1365,2023-06-07,158.10000610351562,0.0026565348053833,0.0120808876001545,0.0166982877149284,2023-06-07,2023-06-09,2023-06-13
2023-08-30,JNJ,JNJ:2023-08-29,2023-08-29,164.30999755859375,164.2899932861328,165.67999267578125,2.1500091552734375,0.02325713434064569,165.11000061035156,165.8300018310547,163.67999267578125,163.72999572753906,166.68820068359375,-0.014314683212328538,-0.04990172754124034,1424,2023-08-31,163.3699951171875,-0.0103446317678713,-0.016465706811564,-0.020444368229887,2023-08-31,2023-09-05,2023-09-07
2023-09-14,JNJ,JNJ:2023-09-13,2023-09-13,163.99000549316406,163.5800018310547,164.9499969482422,1.8300018310546875,0.1639359298263168,164.67999267578125,165.27000427246094,163.44000244140625,163.74000549316406,166.1836001586914,-0.013089366032774219,-0.0019474899286976433,1434,2023-09-15,163.97999572753906,-0.0154287037761642,-0.0108549751535207,-0.0141480188186153,2023-09-15,2023-09-19,2023-09-21
2023-10-10,JNJ,JNJ:2023-10-09,2023-10-09,158.5399932861328,157.63999938964844,158.8800048828125,1.3700103759765625,0.33576878097677787,158.3800048828125,159.27000427246094,157.89999389648438,158.36000061035156,164.0799996948242,-0.034842858384640074,-0.010732567575557739,1452,2023-10-11,158.4600067138672,-0.0143885771897194,-0.0101602962396609,-0.0149565207343207,2023-10-11,2023-10-13,2023-10-17
2023-11-17,JNJ,JNJ:2023-11-16,2023-11-16,150.10000610351562,148.8000030517578,150.1699981689453,1.7199859619140625,0.4185999059625092,150.5500030517578,150.7899932861328,149.07000732421875,149.7899932861328,154.77860046386718,-0.031575379875710796,-0.0009318382889357268,1480,2023-11-20,147.91000366210938,0.0135217358561416,0.0196741504297239,0.0227840919055484,2023-11-20,2023-11-22,2023-11-27
2024-02-13,JNJ,JNJ:2024-02-12,2024-02-12,157.85000610351562,156.75999450683594,158.41000366210938,2.6999969482421875,0.2666674201879659,157.63999938964844,158.4499969482422,155.75,156.47000122070312,158.1642004394531,-0.0017580338960033748,-0.00947536709997887,1538,2024-02-14,156.35000610351562,-0.003901506789502,0.0012791617552594,0.0149023759597617,2024-02-14,2024-02-16,2024-02-21
2024-07-08,JNJ,JNJ:2024-07-05,2024-07-05,146.47999572753906,145.69000244140625,146.5500030517578,1.970001220703125,0.1167490279305377,146.39999389648438,147.22000122070312,145.25,145.47999572753906,147.9406005859375,-0.010281003129574806,-0.008796880920937777,1637,2024-07-09,145.6699981689453,0.0094735010651403,0.0276652627854292,0.0245074989297269,2024-07-09,2024-07-11,2024-07-15
2024-11-06,JNJ,JNJ:2024-11-05,2024-11-05,158.35000610351562,158.24000549316406,158.58999633789062,3.5,0.15142822265625,159.89999389648438,160.85000610351562,157.35000610351562,157.8800048828125,162.9264013671875,-0.02869323557273551,-0.031202147078298936,1723,2024-11-07,158.47000122070312,-0.010980030792962,-0.0216445251981369,-0.0330030648529824,2024-11-07,2024-11-11,2024-11-13
2024-11-14,JNJ,JNJ:2024-11-13,2024-11-13,153.24000549316406,152.63999938964844,153.50999450683594,2.8300018310546875,0.3922261103053373,153.17999267578125,153.58999633789062,150.75999450683594,151.8699951171875,161.5558010864258,-0.05301131598415698,-0.04588752312545907,1729,2024-11-15,150.89999389648438,0.02054344750764,0.0139165420043436,0.0304838057625844,2024-11-15,2024-11-19,2024-11-21
2024-11-22,JNJ,JNJ:2024-11-21,2024-11-21,155.5,153.11000061035156,156.05999755859375,3.0099945068359375,0.35215930002078444,155.89999389648438,157.1199951171875,154.11000061035156,155.1699981689453,160.19980072021485,-0.0305897307129116,-0.007847864231919632,1735,2024-11-25,155.1699981689453,0.0039311762425067,0.0014822177627962,-0.0023844500970133,2024-11-25,2024-11-27,2024-12-02
2024-12-16,JNJ,JNJ:2024-12-13,2024-12-13,146.6199951171875,146.24000549316406,146.92999267578125,3.7299957275390625,0.08847244210448806,146.72999572753906,147.25,143.52000427246094,143.85000610351562,156.49500061035155,-0.06506541235311858,-0.054125538268298135,1750,2024-12-17,143.83999633789062,0.0178671259013496,-0.001807525816569,0.0099416571953403,2024-12-17,2024-12-19,2024-12-23
2024-12-18,JNJ,JNJ:2024-12-17,2024-12-17,146.41000366210938,143.85000610351562,146.66000366210938,2.07000732421875,0.03864809081527348,145.67999267578125,146.74000549316406,144.6699981689453,144.75,155.9338006591797,-0.06287162219271036,-0.039052224497286736,1752,2024-12-19,144.13999938964844,-0.0038850947756696,0.0078396342971931,0.0099903042008038,2024-12-19,2024-12-23,2024-12-26
2025-04-15,JNJ,JNJ:2025-04-14,2025-04-14,154.36000061035156,151.72999572753906,154.6699981689453,4.1999969482421875,0.3619024090738998,155.6999969482422,156.3000030517578,152.10000610351562,153.6199951171875,159.60020050048828,-0.03262114717877218,-0.06922332357116767,1831,2025-04-16,155.3699951171875,-0.0093968687710708,0.0099762058342649,6.442534555950452e-05,2025-04-16,2025-04-21,2025-04-23
2025-05-05,JNJ,JNJ:2025-05-02,2025-05-02,156.1199951171875,154.4600067138672,156.72000122070312,2.05999755859375,0.1310701905128737,156.6699981689453,156.7899932861328,154.72999572753906,155.0,159.50800079345703,-0.022135403550115562,-0.008573100228935093,1844,2025-05-06,154.82000732421875,-0.0022607291497064,0.0054256316893948,-0.0043922484330223,2025-05-06,2025-05-08,2025-05-12
2025-05-21,JNJ,JNJ:2025-05-20,2025-05-20,153.66000366210938,152.49000549316406,154.0399932861328,1.42999267578125,0.12586964872593795,153.19000244140625,154.42999267578125,153.0,153.17999267578125,156.41400115966798,-0.01919731731986085,-0.005243720801403007,1856,2025-05-22,152.64999389648438,-0.0002619933686989,0.0039306002457,0.0060924203849033,2025-05-22,2025-05-27,2025-05-29
2025-06-26,JNJ,JNJ:2025-06-25,2025-06-25,152.27999877929688,152.19000244140625,153.07000732421875,1.69000244140625,0.28402073025389146,152.6999969482422,153.22000122070312,151.52999877929688,152.00999450683594,153.93880035400392,-0.011077655806597475,-0.026653871845870758,1880,2025-06-27,152.00999450683594,0.0026314661517565,0.025722016994965,0.0263140592365465,2025-06-27,2025-07-01,2025-07-03
2018-03-27,JPM,JPM:2018-03-26,2018-03-26,110.30999755859376,107.01000213623048,111.16000366210938,4.3899993896484375,0.198176591832556,111.06999969482422,111.69000244140624,107.3000030517578,108.16999816894533,114.08339981079102,-0.033838024080912965,-0.0624681784357497,58,2018-03-28,108.27999877929688,-0.0025858771929577,-0.003971188677719,0.0250276977745109,2018-03-28,2018-04-02,2018-04-04
2018-04-20,JPM,JPM:2018-04-19,2018-04-19,111.72000122070312,109.31999969482422,111.87000274658205,1.8600006103515625,0.3172063299342964,112.3000030517578,112.73999786376952,110.87999725341795,111.47000122070312,112.8347999572754,-0.010125557466352464,-0.0014300682574421852,75,2018-04-23,111.56999969482422,-0.0057363035887695,-0.0141615294019579,-0.0194496564926134,2018-04-23,2018-04-25,2018-04-27
2018-06-27,JPM,JPM:2018-06-26,2018-06-26,104.86000061035156,104.79000091552734,105.20999908447266,2.689994812011733,0.003715437216196273,104.68000030517578,105.91999816894533,103.2300033569336,103.23999786376952,109.69800033569337,-0.045316073882276986,-0.04837101109866038,122,2018-06-28,103.68000030517578,0.0120563271250067,0.0135031010972037,0.0003858112983179,2018-06-28,2018-07-02,2018-07-05
2018-06-29,JPM,JPM:2018-06-28,2018-06-28,104.93000030517578,103.23999786376952,105.45999908447266,2.75,0.018180153586652894,106.68000030517578,106.9000015258789,104.1500015258789,104.1999969482422,109.45980026245117,-0.04269858122574133,-0.028695718866519004,124,2018-07-02,103.72000122070312,0.0131122309520383,0.0,0.0343231538439583,2018-07-02,2018-07-05,2018-07-09
2018-07-03,JPM,JPM:2018-07-02,2018-07-02,105.08000183105467,104.1999969482422,105.08999633789062,2.2600021362304688,0.039824726641753,105.41000366210938,105.77999877929688,103.5199966430664,103.61000061035156,109.18560028076172,-0.03889070384628357,-0.0286559296115364,126,2018-07-05,104.12999725341795,-0.0039373479643627,0.0302506636796777,0.0217036607686675,2018-07-05,2018-07-09,2018-07-11
2018-12-28,JPM,JPM:2018-12-27,2018-12-27,97.04000091552734,95.95999908447266,97.1500015258789,1.879997253417983,0.20744678692449572,97.9499969482422,98.31999969482422,96.44000244140624,96.83000183105467,105.41979995727539,-0.08154417808473402,-0.03939809799837524,249,2018-12-31,97.58999633789062,0.0003074742270459,-0.0049184931401897,0.0324828969904269,2018-12-31,2019-01-03,2019-01-07
2019-03-27,JPM,JPM:2019-03-26,2019-03-26,99.91999816894533,98.93000030517578,100.4000015258789,1.3699951171875284,0.3649648044194881,99.87999725341795,100.4499969482422,99.08000183105467,99.58000183105467,103.64520004272461,-0.03619480096918826,-0.039600179837821714,309,2019-03-28,100.0,0.0070999908447264,0.0463999938964843,0.0534999847412109,2019-03-28,2019-04-01,2019-04-03
2019-06-21,JPM,JPM:2019-06-20,2019-06-20,110.19000244140624,109.91000366210938,111.08999633789062,2.5800018310547017,0.1356611841521557,110.19000244140624,111.66999816894533,109.08999633789062,109.44000244140624,111.17500015258788,-0.008128303213193244,-0.0016308806804065101,369,2019-06-24,109.27999877929688,-0.005673454649644,-0.007320602409403,0.0230600686366255,2019-06-24,2019-06-26,2019-06-28
2019-08-27,JPM,JPM:2019-08-26,2019-08-26,106.87000274658205,106.0199966430664,106.98999786376952,2.720001220703139,0.3308827654298756,107.3499984741211,107.55999755859376,104.83999633789062,105.73999786376952,111.30940017700195,-0.040483371979232574,-0.00752226556740454,415,2019-08-28,105.08000183105467,0.01636849248888,0.0454891387133971,0.0455843246294247,2019-08-28,2019-08-30,2019-09-04
2020-01-29,JPM,JPM:2020-01-28,2020-01-28,134.42999267578125,132.02999877929688,134.97000122070312,1.8499908447265625,0.2918897072772412,134.80999755859375,135.5399932861328,133.69000244140625,134.22999572753906,135.25739837646483,-0.005289185493579374,-0.02018953596264217,521,2020-01-30,132.69000244140625,0.0241163380010882,0.0051246715145816,0.036928131783313,2020-01-30,2020-02-03,2020-02-05
2020-03-03,JPM,JPM:2020-03-02,2020-03-02,121.5199966430664,116.11000061035156,121.58000183105467,6.709999084472685,0.1073027300956363,120.97000122070312,122.9499969482422,116.23999786376952,116.95999908447266,134.94899963378907,-0.1023161818304007,-0.11596107443804404,544,2020-03-04,118.33000183105467,0.0128454036976739,-0.0866221570302551,-0.1489901513564048,2020-03-04,2020-03-06,2020-03-10
2020-03-20,JPM,JPM:2020-03-19,2020-03-19,85.30000305175781,83.88999938964844,88.11000061035156,6.9799957275390625,0.14613141366864799,86.30000305175781,89.45999908447266,82.4800033569336,83.5,124.2031999206543,-0.31908165374115693,-0.25155740863269627,557,2020-03-23,82.68000030517578,-0.0441461237591507,0.1094581884174386,0.1022012205739337,2020-03-23,2020-03-25,2020-03-27
2020-05-19,JPM,JPM:2020-05-18,2020-05-18,90.4499969482422,85.9000015258789,91.1500015258789,2.6100006103515767,0.03065203538167409,90.05000305175781,91.1999969482422,88.58999633789062,88.66999816894531,91.0868002319336,-0.00803011296713596,-0.01834168062297714,598,2020-05-20,90.70999908447266,0.0068349989288905,-0.0136699137502448,0.1175174045827336,2020-05-20,2020-05-22,2020-05-27
2020-07-01,JPM,JPM:2020-06-30,2020-06-30,94.05999755859376,93.0,94.66000366210938,2.6800003051757812,0.08582213833685443,94.88999938964844,95.70999908447266,93.02999877929688,93.26000213623048,95.79579971313477,-0.017256029336942924,-0.07838526544552493,628,2020-07-02,94.73999786376952,-0.0219547630204832,-0.0255435742401548,-0.0365209960153042,2020-07-02,2020-07-07,2020-07-09
2020-07-09,JPM,JPM:2020-07-08,2020-07-08,93.3000030517578,92.31999969482422,93.33999633789062,3.3400039672851705,0.14970042098674843,93.5199966430664,94.12000274658205,90.77999877929688,91.27999877929688,95.8999998474121,-0.027924476521686725,-0.047278640242925385,633,2020-07-10,92.0,0.0464130069898522,0.0674999900486157,0.0870652406112006,2020-07-10,2020-07-14,2020-07-16
2021-06-29,JPM,JPM:2021-06-28,2021-06-28,154.3300018310547,154.0500030517578,154.47999572753906,2.6999969482421875,0.19629606605367708,155.0,156.30999755859375,153.61000061035156,154.13999938964844,157.86699981689452,-0.022220350351415563,-0.02056232368192612,878,2021-06-30,153.75,0.0116422327553353,0.0148292603531503,-0.0010406742251016,2021-06-30,2021-07-02,2021-07-07
2022-03-03,JPM,JPM:2022-03-02,2022-03-02,139.27999877929688,136.4499969482422,140.0399932861328,3.9199981689453125,0.31377456685649335,139.83999633789062,140.97999572753906,137.05999755859375,138.2899932861328,153.65959991455077,-0.09542347995059308,-0.09979318975949059,1049,2022-03-04,134.94000244140625,-0.0040018418197106,-0.0492070495739886,-0.0228249723975815,2022-03-04,2022-03-08,2022-03-10
2022-06-27,JPM,JPM:2022-06-24,2022-06-24,117.31999969482422,113.91999816894533,117.81999969482422,2.8600006103515625,0.2587404565898165,118.05999755859376,118.5,115.63999938964844,116.37999725341795,122.90799957275391,-0.04715804253657874,-0.06376185475571094,1128,2022-06-28,117.66999816894533,-0.0157219215000322,-0.0430015946063739,-0.0429165930224009,2022-06-28,2022-06-30,2022-07-05
2022-07-08,JPM,JPM:2022-07-07,2022-07-07,114.72000122070312,111.88999938964844,114.9000015258789,2.0400009155273438,0.367646893828047,115.16000366210938,115.6500015258789,113.61000061035156,114.36000061035156,120.64659988403321,-0.05048674632672023,-0.00399374095549454,1136,2022-07-11,113.5500030517578,-0.0060766395672551,-0.0144429708989166,-0.0052840694618223,2022-07-11,2022-07-13,2022-07-15
2022-09-02,JPM,JPM:2022-09-01,2022-09-01,114.51000213623048,113.7300033569336,114.62999725341795,4.259994506835966,0.12206509708685953,115.87000274658205,117.4499969482422,113.19000244140624,113.70999908447266,115.36899993896485,-0.00748178766834473,-0.05861556469248652,1176,2022-09-06,114.33000183105467,-0.0051605349237814,0.0373479976793509,0.0546663159267295,2022-09-06,2022-09-08,2022-09-12
2023-08-24,JPM,JPM:2023-08-23,2023-08-23,147.3699951171875,146.3800048828125,147.58999633789062,2.4199981689453125,0.09916959337187967,147.5,149.41000366210938,146.99000549316406,147.22999572753906,149.48459991455078,-0.013458291496820984,-0.04174522692774052,1420,2023-08-25,147.27999877929688,-0.0015616222803187,0.0100488575489254,-0.0064502780833518,2023-08-25,2023-08-29,2023-08-31
2023-08-30,JPM,JPM:2023-08-29,2023-08-29,148.75999450683594,147.55999755859375,148.85000610351562,1.959991455078125,0.49490073958738806,148.6199951171875,149.14999389648438,147.19000244140625,148.16000366210938,149.90779998779297,-0.006910804779192037,-0.01372410859304618,1424,2023-08-31,148.25999450683594,-0.013017622739034,-0.0206394015376323,-0.0306218363303897,2023-08-31,2023-09-05,2023-09-07
2023-09-05,JPM,JPM:2023-09-01,2023-09-01,146.82000732421875,146.3300018310547,148.0800018310547,3.20001220703125,0.05937553643975663,147.16000366210938,148.2100067138672,145.00999450683594,145.1999969482422,150.2597998046875,-0.022065748882613034,-0.014432394971247264,1427,2023-09-06,144.6999969482422,0.0017968885356507,-0.0060124059124803,0.0113337900776531,2023-09-06,2023-09-08,2023-09-12
2023-11-01,JPM,JPM:2023-10-31,2023-10-31,139.05999755859375,137.4199981689453,139.24000549316406,2.05999755859375,0.22815620277917692,139.25,140.52999877929688,138.47000122070312,138.94000244140625,145.06859954833985,-0.04240126910173858,-0.05741206053539083,1468,2023-11-02,140.08999633789062,0.009493910099382,0.0284817302981459,0.0330502177446356,2023-11-02,2023-11-06,2023-11-08
2024-09-12,JPM,JPM:2024-09-11,2024-09-11,207.22999572753903,205.55999755859375,207.6999969482422,3.8899993896484375,0.4395904838488169,207.6499938964844,208.77999877929688,204.88999938964844,206.6000061035156,211.0258004760742,-0.018194899218358374,-0.0588155026751741,1684,2024-09-13,206.86000061035156,-0.0122788034353592,0.0115537048370715,0.0174997346345668,2024-09-13,2024-09-17,2024-09-19
2024-09-18,JPM,JPM:2024-09-17,2024-09-17,209.25,207.86000061035156,209.92999267578125,4.639999389648466,0.17887972849875092,209.0099945068359,211.33999633789065,206.6999969482422,207.52999877929688,211.07940063476562,-0.008676277257349096,-0.05015888742026797,1688,2024-09-19,209.77999877929688,0.0033368145310108,0.0079130692714695,0.0019544459171283,2024-09-19,2024-09-23,2024-09-25
2025-04-14,JPM,JPM:2025-04-11,2025-04-11,236.1999969482422,227.11000061035156,238.5800018310547,6.149993896484375,0.17723535278851546,237.1000061035156,239.77999877929688,233.6300048828125,234.72000122070312,249.78239898681642,-0.05683733775314104,-0.02738319533926148,1830,2025-04-15,236.1000061035156,-0.0125794203469904,-0.0175349397823958,-0.0021601429582402,2025-04-15,2025-04-17,2025-04-22
2025-10-21,JPM,JPM:2025-10-20,2025-10-20,302.3599853515625,297.55999755859375,303.69000244140625,7.04998779296875,0.012765460101985161,301.6600036621094,304.04998779296875,297.0,297.0899963378906,303.01140075683594,-0.0016536158802843426,-0.02205837209968009,1961,2025-10-22,297.7699890136719,-0.0122913785712008,0.0089666975391928,0.0254894603819262,2025-10-22,2025-10-24,2025-10-28
2025-11-20,JPM,JPM:2025-11-19,2025-11-19,303.2699890136719,299.4100036621094,304.45001220703125,11.760009765625,0.01870757125952376,306.3399963378906,309.9200134277344,298.1600036621094,298.3800048828125,307.61819946289063,-0.014595087215864666,-0.02698281525839774,1983,2025-11-21,301.2900085449219,-0.0108533951956871,0.005675566419665,0.0391316595073409,2025-11-21,2025-11-25,2025-11-28
2018-04-30,KO,KO:2018-04-27,2018-04-27,43.310001373291016,42.75,43.34000015258789,0.7199974060058594,0.33333156726342167,43.5,43.689998626708984,42.970001220703125,43.209999084472656,43.70959999084473,-0.009853423826628238,-0.0269601661086033,81,2018-05-01,42.959999084472656,-0.0086126382627995,-0.024906883557429,-0.0190875165805252,2018-05-01,2018-05-03,2018-05-07
2018-05-11,KO,KO:2018-05-10,2018-05-10,42.18000030517578,41.779998779296875,42.36000061035156,0.43000030517578125,0.23255442593282588,42.2400016784668,42.470001220703125,42.040000915527344,42.13999938964844,43.405199966430665,-0.028804302917385005,-0.013333326194718609,90,2018-05-14,42.25,-0.0049703925318972,-0.0165680653950166,-0.0016567975106324,2018-05-14,2018-05-16,2018-05-18
2018-12-28,KO,KO:2018-12-27,2018-12-27,47.529998779296875,46.939998626708984,47.54999923706055,0.9799995422363281,0.17347149290972008,47.88999938964844,48.0099983215332,47.029998779296875,47.20000076293945,48.38780014038086,-0.017032886417796433,-0.03433568467071457,249,2018-12-31,47.4900016784668,-0.002948056420246,-0.0178985525116073,-0.0113708337848341,2018-12-31,2019-01-03,2019-01-07
2019-01-07,KO,KO:2019-01-04,2019-01-04,47.56999969482422,46.63999938964844,47.56999969482422,0.8499984741210938,0.05882273743167192,47.56999969482422,47.75,46.900001525878906,46.95000076293945,48.49400001525879,-0.018815159319361174,-0.0068893908255179825,254,2019-01-08,47.25,0.0048677151796048,-0.0038095302682704,-0.0021163698226686,2019-01-08,2019-01-10,2019-01-14
2019-01-14,KO,KO:2019-01-11,2019-01-11,47.34000015258789,47.06999969482422,47.36000061035156,0.4099998474121094,0.39024367550870404,47.25,47.400001525878906,46.9900016784668,47.150001525878906,48.54120010375976,-0.024938825717748747,-0.003997446488295364,259,2019-01-15,46.88999938964844,0.014502032715443,0.0036255488559486,0.0177010416263285,2019-01-15,2019-01-17,2019-01-22
2019-02-22,KO,KO:2019-02-21,2019-02-21,45.86000061035156,45.099998474121094,45.90999984741211,0.75,0.10666402180989583,45.7599983215332,45.95000076293945,45.20000076293945,45.279998779296875,47.66060005187988,-0.039375939890526346,-0.06902147436118333,286,2019-02-25,45.439998626708984,-0.0110035214593098,-0.0110035214593098,-0.001320368846985,2019-02-25,2019-02-27,2019-03-01
2019-11-07,KO,KO:2019-11-06,2019-11-06,52.79999923706055,52.41999816894531,52.79999923706055,1.0400009155273438,0.3173091736052525,52.880001068115234,53.0,51.959999084472656,52.290000915527344,54.10759994506836,-0.025182791216330602,-0.03367496656554647,466,2019-11-08,52.459999084472656,-0.0047655357293743,-0.014296607188123,0.0032406021084527,2019-11-08,2019-11-12,2019-11-14
2020-04-28,KO,KO:2020-04-27,2020-04-27,46.779998779296875,45.43000030517578,46.97999954223633,1.4300003051757812,0.11888248067309386,47.900001525878906,48.0,46.56999969482422,46.7400016784668,49.00840003967285,-0.05058797873432208,-0.0031962822267948,583,2020-04-29,47.27000045776367,-0.0031732922451086,-0.0353290029081921,-0.0395599516347716,2020-04-29,2020-05-01,2020-05-05
2020-06-26,KO,KO:2020-06-25,2020-06-25,44.93000030517578,44.650001525878906,44.97999954223633,1.5,0.04000091552734375,44.91999816894531,45.0099983215332,43.5099983215332,43.56999969482422,46.04660003662109,-0.02574310033386673,-0.013394830875894326,625,2020-06-29,44.0,0.0081818320534445,0.0186363567005505,0.0279545350508256,2020-06-29,2020-07-01,2020-07-06
2020-11-04,KO,KO:2020-11-03,2020-11-03,49.349998474121094,48.619998931884766,49.959999084472656,1.1299972534179688,0.07964297047484657,49.43000030517578,50.209999084472656,49.08000183105469,49.16999816894531,49.70439994812012,-0.006626546073400741,-0.017910478126943463,716,2020-11-05,49.7599983215332,-0.0064308622511697,0.0564710905963798,0.0767685618644486,2020-11-05,2020-11-09,2020-11-11
2021-07-01,KO,KO:2021-06-30,2021-06-30,54.11000061035156,53.86000061035156,54.18000030517578,0.6199989318847656,0.16128813934743955,54.34000015258789,54.47999954223633,53.86000061035156,53.959999084472656,54.68339988708496,-0.01072098544208322,-0.010243233534839469,880,2021-07-02,54.0,0.0033333389847367,0.0059259202745225,0.0085185015643085,2021-07-02,2021-07-07,2021-07-09
2021-09-23,KO,KO:2021-09-22,2021-09-22,54.130001068115234,54.04999923706055,54.560001373291016,0.6199989318847656,0.0645177168382258,54.2599983215332,54.619998931884766,54.0,54.040000915527344,56.22559982299805,-0.03803089944388682,-0.04058839374600576,938,2021-09-24,54.0,-0.0020370483398437,-0.0251851964879918,-0.0283333107277199,2021-09-24,2021-09-28,2021-09-30
2021-09-30,KO,KO:2021-09-29,2021-09-29,52.959999084472656,52.63999938964844,53.15999984741211,0.9000015258789062,0.044445386343406945,53.16999816894531,53.33000183105469,52.43000030517578,52.470001220703125,55.917999801635744,-0.05427897146427196,-0.05225486628182463,943,2021-10-01,52.779998779296875,0.0045472088673284,0.0056840291530186,0.0208412715850581,2021-10-01,2021-10-05,2021-10-07
2022-09-02,KO,KO:2022-09-01,2022-09-01,62.0,61.709999084472656,62.040000915527344,1.8699989318847656,0.133689915933816,62.38999938964844,62.77000045776367,60.900001525878906,61.150001525878906,63.195999450683594,-0.01915184244769208,-0.049371376271624245,1176,2022-09-06,61.290000915527344,-0.001794756219749,0.0135421439706187,0.0197421939369903,2022-09-06,2022-09-08,2022-09-12
2022-09-29,KO,KO:2022-09-28,2022-09-28,56.97999954223633,56.380001068115234,57.25,1.2900009155273438,0.44185991495301125,57.09000015258789,57.290000915527344,56.0,56.56999969482422,62.12339965820313,-0.08424673186897536,-0.06267480368334466,1194,2022-09-30,56.869998931884766,-0.0149463423612714,-0.001582559421105,-0.0323544959934274,2022-09-30,2022-10-04,2022-10-06
2022-10-14,KO,KO:2022-10-13,2022-10-13,55.869998931884766,55.13999938964844,56.08000183105469,1.5300025939941406,0.026144344907886436,56.290000915527344,56.470001220703125,54.939998626708984,54.97999954223633,60.41839988708496,-0.07793413902572999,-0.012374063403141511,1205,2022-10-17,55.630001068115234,0.0010785108294404,0.0059320152799091,0.0059320152799091,2022-10-17,2022-10-19,2022-10-21
2023-02-14,KO,KO:2023-02-13,2023-02-13,60.599998474121094,59.619998931884766,60.7599983215332,1.3400001525878906,0.022387146179751932,60.209999084472656,60.900001525878906,59.560001373291016,59.59000015258789,61.98880020141601,-0.02372700663434979,-0.000659645711245993,1288,2023-02-15,59.900001525878906,-0.0051753149481488,0.0036727445809965,0.0013355261155187,2023-02-15,2023-02-17,2023-02-22
2023-06-05,KO,KO:2023-06-02,2023-06-02,61.15999984741211,60.0,61.31999969482422,0.8899993896484375,0.2247201124693538,61.0,61.439998626708984,60.54999923706055,60.75,62.638800048828124,-0.02334954959279445,-0.02611464027981414,1364,2023-06-06,60.95000076293945,-0.0105004000268624,-0.0095160266414198,-0.0121411266481353,2023-06-06,2023-06-08,2023-06-12
2023-08-24,KO,KO:2023-08-23,2023-08-23,60.27000045776367,60.060001373291016,60.439998626708984,0.7900009155273438,0.025317005804127594,60.27000045776367,60.880001068115234,60.09000015258789,60.11000061035156,61.04959991455078,-0.012879885825239246,-0.012938108381257085,1420,2023-08-25,60.40999984741211,-0.000331078593183,0.0014898220959314,-0.00960102661517,2023-08-25,2023-08-29,2023-08-31
2023-09-12,KO,KO:2023-09-11,2023-09-11,58.880001068115234,58.33000183105469,58.9900016784668,0.8100013732910156,0.13580299241300386,58.9900016784668,59.0,58.189998626708984,58.29999923706055,60.64820007324219,-0.02976932372942953,-0.025004112217163477,1432,2023-09-13,58.400001525878906,0.0006848818456341,-0.0078767617662831,-0.0037671440916938,2023-09-13,2023-09-15,2023-09-19
2023-09-15,KO,KO:2023-09-14,2023-09-14,58.459999084472656,58.439998626708984,58.59000015258789,0.8899993896484375,0.2134817494470828,58.40999984741211,58.63999938964844,57.75,57.939998626708984,60.50159996032715,-0.034580720187906144,-0.03323965760963643,1435,2023-09-18,57.97999954223633,0.0055191393127058,0.0079337545378481,-0.0065540026063369,2023-09-18,2023-09-20,2023-09-22
2023-10-18,KO,KO:2023-10-17,2023-10-17,54.06999969482422,53.43000030517578,54.099998474121094,0.6100006103515625,0.213116291867824,54.099998474121094,54.529998779296875,53.91999816894531,54.04999923706055,57.697400131225585,-0.06509576254932026,-0.014759499954922872,1458,2023-10-19,54.15999984741211,0.0035080987305073,-0.0014770682530059,0.0361890526217627,2023-10-19,2023-10-23,2023-10-25
2024-10-10,KO,KO:2024-10-09,2024-10-09,69.56999969482422,69.18000030517578,69.73999786376953,0.9200057983398438,0.2826092364848615,69.83000183105469,69.91000366210938,68.98999786376953,69.25,70.41800048828125,-0.011337582611377406,-0.026312069051309006,1704,2024-10-11,69.45999908447266,0.0015836540714286,0.0126691227327511,0.0063346162857149,2024-10-11,2024-10-15,2024-10-17
2024-12-06,KO,KO:2024-12-05,2024-12-05,62.91999816894531,62.209999084472656,63.119998931884766,0.8500022888183594,0.023529886950628975,62.83000183105469,63.36000061035156,62.5099983215332,62.529998779296875,66.35659980773926,-0.05431811857373736,-0.0011113431918737815,1744,2024-12-09,62.689998626708984,-0.0014356381330266,-0.0007975632183097,0.0068591532077746,2024-12-09,2024-12-11,2024-12-13
2024-12-11,KO,KO:2024-12-10,2024-12-10,62.90999984741211,62.599998474121094,63.040000915527344,1.2299995422363281,0.19512028706382953,63.0,63.630001068115234,62.400001525878906,62.63999938964844,65.81239974975585,-0.046728630692868256,-0.022833138687774923,1747,2024-12-12,63.54999923706055,0.0045633504171345,-0.0157356414162918,-0.0110149609967459,2024-12-12,2024-12-16,2024-12-18
2025-01-02,KO,KO:2024-12-31,2024-12-31,62.2599983215332,62.029998779296875,62.43000030517578,1.1300010681152344,0.194691161726132,62.349998474121094,62.75,61.619998931884766,61.84000015258789,63.768599853515624,-0.0259821759641089,-0.004636305660504658,1761,2025-01-03,61.900001525878906,-0.0024232879189218,-0.0171244159476774,-0.0134087529982964,2025-01-03,2025-01-07,2025-01-10
2025-01-15,KO,KO:2025-01-14,2025-01-14,62.040000915527344,61.650001525878906,62.06999969482422,0.9399986267089844,0.09574498305703792,62.33000183105469,62.619998931884766,61.68000030517578,61.77000045776367,62.89860008239746,-0.014759535719355399,-0.006565249678194052,1769,2025-01-16,61.41999816894531,0.0135135437284064,0.0162813420679261,0.0017909575648145,2025-01-16,2025-01-21,2025-01-23
2025-07-18,KO,KO:2025-07-17,2025-07-17,70.58999633789062,69.2699966430664,70.69000244140625,0.8699951171875,0.02298477620317104,70.44000244140625,70.69999694824219,69.83000183105469,69.8499984741211,70.75299957275391,-0.002830938811603234,-0.004512865712764658,1895,2025-07-21,70.19000244140625,-0.0017096843198175,-0.0146744371487478,-0.014532044977665,2025-07-21,2025-07-23,2025-07-25
2025-08-28,KO,KO:2025-08-27,2025-08-27,68.83000183105469,68.7300033569336,68.87000274658203,0.6200027465820312,0.12903463975881377,68.87999725341797,68.9000015258789,68.27999877929688,68.36000061035156,69.72859970092773,-0.013243693046008143,-0.02313365419525204,1924,2025-08-29,68.66999816894531,0.0046599636428843,0.0046599636428843,-0.0103392908607028,2025-08-29,2025-09-03,2025-09-05
2018-03-27,LLY,LLY:2018-03-26,2018-03-26,76.18000030517578,74.76000213623047,76.2300033569336,1.4599990844726562,0.3561675332479816,76.08999633789062,76.5999984741211,75.13999938964844,75.66000366210938,79.65600021362305,-0.04634813041077401,-0.036184217829250076,58,2018-03-28,76.05999755859375,0.012490199949124,-0.0047331136196031,0.0333947015127185,2018-03-28,2018-04-02,2018-04-04
2019-04-16,LLY,LLY:2019-04-15,2019-04-15,124.08000183105467,123.05999755859376,124.3499984741211,5.1399993896484375,0.03307357765210551,124.93000030517578,124.93000030517578,119.79000091552734,119.95999908447266,124.97780014038086,-0.007217025572759717,-0.038512213120288186,323,2019-04-17,120.0,-0.0291666666666666,-0.0377499898274739,-0.0166666666666667,2019-04-17,2019-04-22,2019-04-24
2019-04-29,LLY,LLY:2019-04-26,2019-04-26,119.87000274658205,118.2300033569336,119.91999816894533,0.760002136230483,0.46052301360236053,119.9000015258789,120.01000213623048,119.25,119.5999984741211,124.69100021362304,-0.03884084776429231,-0.04218936248438676,331,2019-04-30,116.61000061035156,0.0036875079575089,0.015864835472412,0.0003430316037902,2019-04-30,2019-05-02,2019-05-06
2019-07-17,LLY,LLY:2019-07-16,2019-07-16,108.81999969482422,108.47000122070312,109.19000244140624,2.569999694824233,0.0038889136275307044,109.3499984741211,109.6500015258789,107.08000183105467,107.08999633789062,114.30440002441406,-0.04957046757251793,-0.03477025229042552,386,2019-07-18,107.83000183105467,0.0047296160454024,-0.0051934079428624,0.0063989131066952,2019-07-18,2019-07-22,2019-07-24
2019-07-19,LLY,LLY:2019-07-18,2019-07-18,108.33999633789062,107.08999633789062,108.4800033569336,1.939994812011733,0.10824724023612513,108.5,108.5199966430664,106.58000183105467,106.79000091552734,113.9831999206543,-0.05108418119827396,-0.053137580216330305,388,2019-07-22,106.91999816894533,0.0032734612805367,0.0149644453939563,0.0126262485712724,2019-07-22,2019-07-24,2019-07-26
2019-07-25,LLY,LLY:2019-07-24,2019-07-24,108.5199966430664,108.22000122070312,109.66000366210938,2.6999969482421733,0.05185168440267452,108.56999969482422,110.37999725341795,107.68000030517578,107.81999969482422,113.39319961547852,-0.04417647893615628,-0.052475353185080786,392,2019-07-26,107.91999816894533,0.0032431289849836,0.0071349544618739,0.0239992958786987,2019-07-26,2019-07-30,2019-08-01
2019-10-07,LLY,LLY:2019-10-04,2019-10-04,108.1999969482422,107.29000091552734,108.26000213623048,1.0800018310546875,0.24074231057233175,108.30999755859376,108.6500015258789,107.56999969482422,107.83000183105467,111.5220002746582,-0.029864425051666865,-0.0685262264369545,443,2019-10-08,106.88999938964844,0.0028066521982492,0.0002806509445989,0.0094489862662332,2019-10-08,2019-10-10,2019-10-14
2020-03-03,LLY,LLY:2020-03-02,2020-03-02,132.83999633789062,126.12999725341795,133.0,6.959991455078125,0.23275820489772653,133.27999877929688,135.64999389648438,128.69000244140625,130.30999755859375,137.69399948120116,-0.03513578209789392,-0.05867346276777485,544,2020-03-04,133.02999877929688,0.0552507417196148,0.063369225076489,0.061339575561804,2020-03-04,2020-03-06,2020-03-10
2020-08-05,LLY,LLY:2020-08-04,2020-08-04,154.85000610351562,152.83999633789062,156.0,4.19000244140625,0.24820827688677183,157.30999755859375,157.49000549316406,153.3000030517578,154.33999633789062,158.22440002441405,-0.020536747888981965,-0.06321837117552953,652,2020-08-06,153.85000610351562,-0.0063048500631873,-0.0055249013311297,-0.0084498082559913,2020-08-06,2020-08-10,2020-08-12
2020-08-19,LLY,LLY:2020-08-18,2020-08-18,153.11000061035156,151.52999877929688,153.14999389648438,2.4000091552734375,0.11666571299598823,153.80999755859375,154.41000366210938,152.00999450683594,152.2899932861328,158.48579986572267,-0.03353435358357859,-0.011236715689897259,662,2020-08-20,152.5500030517578,-0.0079318694831926,-0.0198623318169901,-0.0215667550252727,2020-08-20,2020-08-24,2020-08-26
2020-09-01,LLY,LLY:2020-08-31,2020-08-31,148.38999938964844,147.33999633789062,148.7899932861328,2.5500030517578125,0.2549052460252398,148.61000061035156,149.1999969482422,146.64999389648438,147.3000030517578,157.60139923095704,-0.06001606298012341,-0.020721965386021335,671,2020-09-02,146.7899932861328,0.0188024381215483,0.0280673790068615,0.0352885630594252,2020-09-02,2020-09-04,2020-09-09
2020-09-03,LLY,LLY:2020-09-02,2020-09-02,149.5500030517578,147.3000030517578,150.0,5.9099884033203125,0.2639594957102322,152.19000244140625,153.3699951171875,147.4600067138672,149.02000427246094,157.24539947509766,-0.04990671453338136,-0.017991925636419936,673,2020-09-04,148.77000427246094,0.0143846160394618,0.0215096918487791,-0.0045708672114099,2020-09-04,2020-09-09,2020-09-11
2020-10-01,LLY,LLY:2020-09-30,2020-09-30,148.02000427246094,146.25999450683594,148.4499969482422,4.6500091552734375,0.049461349399329925,148.3300018310547,148.7100067138672,144.05999755859375,144.2899932861328,151.40299926757814,-0.024991075084847325,-0.01947537301703217,692,2020-10-02,143.6699981689453,0.0107190684523497,0.0032018286331865,0.0684206999118586,2020-10-02,2020-10-06,2020-10-08
2020-10-06,LLY,LLY:2020-10-05,2020-10-05,146.6300048828125,145.2100067138672,147.47000122070312,3.9000091552734375,0.05128506089807544,146.92999267578125,147.8300018310547,143.92999267578125,144.1300048828125,150.4911996459961,-0.027772401269280045,-0.030096494333920254,695,2020-10-07,148.52000427246094,0.0029625803174571,0.0562887178148412,0.0105036191335674,2020-10-07,2020-10-09,2020-10-13
2020-11-03,LLY,LLY:2020-11-02,2020-11-02,131.6300048828125,130.4600067138672,133.9499969482422,3.3700103759765625,0.08308543537220917,133.63999938964844,134.07000732421875,130.6999969482422,130.97999572753906,146.2556002807617,-0.1022762307650843,-0.07822127402123902,715,2020-11-04,134.91000366210938,0.1014008769137955,0.0580387044586065,0.086353817954542,2020-11-04,2020-11-06,2020-11-10
2021-03-23,LLY,LLY:2021-03-22,2021-03-22,185.83999633789065,184.2899932861328,185.91000366210935,3.4100036621093466,0.12609742346002845,185.3500061035156,186.66000366210935,183.25,183.67999267578125,199.93159973144532,-0.06887351739070224,-0.10235232848547571,810,2021-03-24,183.6999969482422,-0.0192161069022307,0.0087642930707569,0.0097986014243918,2021-03-24,2021-03-26,2021-03-30
2021-09-21,LLY,LLY:2021-09-20,2021-09-20,231.63999938964844,230.1000061035156,232.72999572753903,3.979995727539034,0.10803847672648147,232.05999755859375,233.72000122070312,229.7400054931641,230.1699981689453,250.99720062255858,-0.07755043970893005,-0.10746348985022713,936,2021-09-22,230.0,-0.0073912910793139,0.0073043159816577,-0.0365217125934103,2021-09-22,2021-09-24,2021-09-28
2021-09-24,LLY,LLY:2021-09-23,2021-09-23,232.17999267578125,228.3000030517578,234.1999969482422,4.050003051757784,0.08394964980162946,232.77000427246097,235.38999938964844,231.33999633789065,231.67999267578125,250.77800018310546,-0.07414573472976349,-0.03258336385091143,939,2021-09-27,229.97000122070312,-0.015523795735395,0.0016958707117376,-0.0016524106657189,2021-09-27,2021-09-29,2021-10-01
2022-01-19,LLY,LLY:2022-01-18,2022-01-18,247.07000732421875,244.1199951171875,248.52000427246097,5.6800079345703125,0.05633923894209959,246.3300018310547,250.41000366210935,244.72999572753903,245.0500030517578,259.5698001098633,-0.0496166952426087,-0.09075185906995797,1019,2022-01-20,245.5800018310547,-0.0099763699404467,-0.0210114977752103,-0.0314357894093267,2022-01-20,2022-01-24,2022-01-26
2022-09-02,LLY,LLY:2022-09-01,2022-09-01,309.1300048828125,301.2300109863281,309.4100036621094,10.459991455078125,0.15009350756959092,310.1099853515625,310.2200012207031,299.760009765625,301.3299865722656,319.23799987792967,-0.0323533701653097,-0.02396437329072132,1176,2022-09-06,302.95001220703125,0.0127743685797998,0.0414259359210464,0.0405016950627707,2022-09-06,2022-09-08,2022-09-12
2022-09-12,LLY,LLY:2022-09-09,2022-09-09,317.70001220703125,315.5,320.1700134277344,5.57000732421875,0.06104055490417384,318.8900146484375,320.45001220703125,314.8800048828125,315.2200012207031,318.2200006103516,-0.0021990834078027266,-0.01683481523427155,1181,2022-09-13,310.010009765625,-0.0113867251640217,-0.0017419068027194,-0.015870498605687,2022-09-13,2022-09-15,2022-09-19
2023-01-26,LLY,LLY:2023-01-25,2023-01-25,349.7300109863281,346.3900146484375,349.7799987792969,5.449981689453125,0.2348629504157684,351.0,352.17999267578125,346.7300109863281,348.010009765625,360.73360107421877,-0.030733906294752034,-0.008561272894888394,1275,2023-01-27,346.1099853515625,-0.0115858525259643,-0.0056629150791106,-0.0445233417027206,2023-01-27,2023-01-31,2023-02-02
2023-02-06,LLY,LLY:2023-02-03,2023-02-03,339.0799865722656,330.70001220703125,342.3299865722656,8.800018310546875,0.34545479766541015,341.9800109863281,343.4200134277344,334.6199951171875,337.6600036621094,358.20020080566405,-0.05460425760581533,-0.020198285329605214,1282,2023-02-07,336.04998779296875,0.0108019789158535,0.0170808539219153,0.0427019985858658,2023-02-07,2023-02-09,2023-02-13
2023-02-23,LLY,LLY:2023-02-22,2023-02-22,329.07000732421875,327.510009765625,332.6000061035156,7.139984130859375,0.25630121002038786,328.010009765625,332.8299865722656,325.69000244140625,327.5199890136719,350.66860107421877,-0.06338054438968199,-0.031235237813048156,1294,2023-02-24,326.0,-0.013374188194977,-0.0453374195683953,-0.0335889945000958,2023-02-24,2023-02-28,2023-03-02
2023-03-07,LLY,LLY:2023-03-06,2023-03-06,318.9599914550781,318.42999267578125,320.239990234375,10.75,0.09581383993459303,319.0,320.3500061035156,309.6000061035156,310.6300048828125,343.3086004638672,-0.07401872593636594,-0.028745440368010078,1302,2023-03-08,310.5,0.0065700758290558,0.0145571304788143,0.0533655630409621,2023-03-08,2023-03-10,2023-03-14
2023-03-10,LLY,LLY:2023-03-09,2023-03-09,316.8500061035156,312.5400085449219,318.7699890136719,12.19000244140625,0.05578281702975651,318.8500061035156,326.5299987792969,314.3399963378906,315.0199890136719,340.23500061035156,-0.07145338206045326,-0.03257811207886563,1305,2023-03-13,317.239990234375,0.0228533609354979,0.0385512903883671,0.0376371290157493,2023-03-13,2023-03-15,2023-03-17
2023-12-22,LLY,LLY:2023-12-21,2023-12-21,572.0,570.2100219726562,575.0,8.48004150390625,0.3502378775991996,573.02001953125,575.9000244140625,567.4199829101562,570.3900146484375,587.775,-0.02816486896754189,-0.027657400498183438,1504,2023-12-26,569.5,0.0020544037052787,0.0199297200806629,0.0398595473345588,2023-12-26,2023-12-28,2024-01-02
2023-12-28,LLY,LLY:2023-12-27,2023-12-27,581.510009765625,570.6699829101562,583.6799926757812,6.69000244140625,0.12705161072539664,581.97998046875,586.6900024414062,580.0,580.8499755859375,585.7525988769531,-0.008172906097794974,-0.005557835600458749,1507,2023-12-29,582.8499755859375,0.0001201120822702,0.0597924647522873,0.0612507741312713,2023-12-29,2024-01-03,2024-01-05
2024-04-24,LLY,LLY:2024-04-23,2024-04-23,745.6900024414062,731.3300170898438,746.1599731445312,23.85003662109375,0.14297815277447223,752.6400146484375,752.6400146484375,728.7899780273438,732.2000122070312,762.17740234375,-0.021761859513796944,-0.015252744099521043,1587,2024-04-25,725.0,-0.0001793170797413,0.0168276030441809,0.0713793103448277,2024-04-25,2024-04-29,2024-05-01
2024-10-01,LLY,LLY:2024-09-30,2024-09-30,885.9400024414062,877.7899780273438,887.4299926757812,12.4000244140625,0.45241728275957116,888.8300170898438,891.27001953125,878.8699951171875,884.47998046875,894.9411999511718,-0.009648197087552157,-0.04071288355729874,1697,2024-10-02,880.0,0.0125795537775212,0.0081363331187855,0.0383181485262784,2024-10-02,2024-10-04,2024-10-08
2024-12-16,LLY,LLY:2024-12-13,2024-12-13,789.1199951171875,782.3499755859375,794.25,24.530029296875,0.15287384921622293,792.0,799.780029296875,775.25,779.0,833.2074011230469,-0.05536537368721062,-0.007833005167518059,1750,2024-12-17,777.8599853515625,0.0009770521429786,-0.0261229626242245,0.023680410732257,2024-12-17,2024-12-19,2024-12-23
2025-03-18,LLY,LLY:2025-03-17,2025-03-17,824.760009765625,813.47998046875,829.0,23.66998291015625,0.41782939539825015,833.4199829101562,836.2899780273438,812.6199951171875,822.510009765625,832.32279296875,-0.008027075163066666,-0.11289416624892046,1811,2025-03-19,821.719970703125,0.0186073596938585,0.0192888540940916,0.0372754782345172,2025-03-19,2025-03-21,2025-03-25
2025-07-01,LLY,LLY:2025-06-30,2025-06-30,779.530029296875,775.4500122070312,785.0,17.0,0.17058967141544118,779.530029296875,790.0,773.0,775.9000244140625,781.2046020507812,-0.003777413848936262,-0.04861105834646984,1883,2025-07-02,776.5,0.0035802051472955,-0.0046748292116065,0.0134191666582823,2025-07-02,2025-07-07,2025-07-09
2018-04-24,LOW,LOW:2018-04-23,2018-04-23,84.3499984741211,83.62000274658203,84.56999969482422,2.5100021362304688,0.1394445440756738,84.7300033569336,85.06999969482422,82.55999755859375,82.91000366210938,88.59599975585938,-0.050980423193231705,-0.010441100562564976,77,2018-04-25,82.55999755859375,-0.0130813255038394,0.0174418905521922,0.0048449798656429,2018-04-25,2018-04-27,2018-05-01
2018-11-02,LOW,LOW:2018-11-01,2018-11-01,97.44000244140624,95.22000122070312,97.80999755859376,3.309997558593764,0.3081563128100194,98.41999816894533,99.11000061035156,95.8000030517578,96.81999969482422,107.4747996520996,-0.09510832211430864,-0.022765988004305515,212,2018-11-05,96.6500015258789,0.0043455578097726,0.0408690831441378,0.0017589049794251,2018-11-05,2018-11-07,2018-11-09
2018-12-19,LOW,LOW:2018-12-18,2018-12-18,91.45999908447266,90.4499969482422,92.95999908447266,4.279998779296875,0.1518695587071348,91.76000213623048,93.95999908447266,89.68000030517578,90.33000183105467,95.51280014038086,-0.04634000433330632,-0.0300138063800639,243,2018-12-20,89.61000061035156,-0.0050217268739779,-0.0407320779044528,0.0251088046498695,2018-12-20,2018-12-24,2018-12-27
2019-06-05,LOW,LOW:2019-06-04,2019-06-04,96.83000183105467,93.83999633789062,97.0500030517578,2.25,0.426666259765625,97.54000091552734,97.54000091552734,95.29000091552734,96.25,107.96640045166015,-0.10476875937417374,-0.1132783467297217,357,2019-06-06,96.3000030517578,-0.000623106812946,0.0001037851144258,0.0003115137938338,2019-06-06,2019-06-10,2019-06-12
2019-08-09,LOW,LOW:2019-08-08,2019-08-08,100.47000122070312,98.37999725341795,100.4800033569336,2.5699996948242188,0.14396995740006274,100.37000274658205,100.75,98.18000030517578,98.5500030517578,100.68220031738281,-0.0011810358655736097,-0.015482624045129345,403,2019-08-12,97.66999816894533,-0.0162792706839239,-0.0417733378472812,-0.0383945947609563,2019-08-12,2019-08-14,2019-08-16
2020-03-03,LOW,LOW:2020-03-02,2020-03-02,111.04000091552734,106.56999969482422,111.18000030517578,5.879997253417969,0.23979535566878793,111.30999755859376,113.02999877929688,107.1500015258789,108.55999755859376,119.94420013427734,-0.0758926424989459,-0.11465473978119178,544,2020-03-04,110.70999908447266,0.0233041446336399,-0.0487760958407981,-0.0604281681576179,2020-03-04,2020-03-06,2020-03-10
2020-11-12,LOW,LOW:2020-11-11,2020-11-11,158.0,155.7100067138672,159.6199951171875,3.3600006103515625,0.3988083614515829,159.27999877929688,160.0,156.63999938964844,157.97999572753906,165.1938003540039,-0.04499407971640201,-0.0211869545765071,722,2020-11-13,158.42999267578125,0.0050495681925264,0.0090261187949225,-0.0557343115601585,2020-11-13,2020-11-17,2020-11-19
2020-11-25,LOW,LOW:2020-11-24,2020-11-24,154.9600067138672,153.6699981689453,156.0,2.45001220703125,0.355104506614185,155.3300018310547,156.4600067138672,154.00999450683594,154.8800048828125,163.96260009765626,-0.05626819992335286,-0.004816646122032475,731,2020-11-27,155.69000244140625,-0.0065515078455009,-0.0147087706918349,-0.0238936422529966,2020-11-27,2020-12-01,2020-12-03
2020-12-01,LOW,LOW:2020-11-30,2020-11-30,155.82000732421875,154.6699981689453,155.86000061035156,4.05999755859375,0.16748598144890933,155.82000732421875,156.77999877929688,152.72000122070312,153.39999389648438,163.57079986572265,-0.04810655427270372,-0.02141549013890065,734,2020-12-02,152.39999389648438,-0.0038713672015719,-0.0157479920774441,-0.007611472767566,2020-12-02,2020-12-04,2020-12-08
2021-05-21,LOW,LOW:2021-05-20,2021-05-20,193.41000366210935,190.72000122070312,194.88999938964844,4.5399932861328125,0.25110155848258847,194.3500061035156,195.8699951171875,191.3300018310547,192.47000122070312,194.18939971923828,-0.0017805787373655901,-0.06084295732132916,852,2021-05-24,193.2400054931641,-0.0133512821243733,0.0018629714350959,0.008228090937137,2021-05-24,2021-05-26,2021-05-28
2021-08-06,LOW,LOW:2021-08-05,2021-08-05,190.67999267578125,189.8999938964844,192.5800018310547,2.7799987792968466,0.12230089467039006,191.72999572753903,192.6000061035156,189.82000732421875,190.16000366210935,192.56760131835938,-0.010155965734000016,-0.03094989817780902,905,2021-08-09,189.75,-0.0092753333693593,0.0251383624372116,0.0040052411427453,2021-08-09,2021-08-11,2021-08-13
2022-04-11,LOW,LOW:2022-04-08,2022-04-08,206.66000366210935,202.63999938964844,207.72000122070312,5.099990844726591,0.2431357765391307,204.66000366210935,208.4499969482422,203.3500061035156,204.58999633789065,221.83800018310546,-0.07096552277008017,-0.029400688336794212,1076,2022-04-12,209.0099945068359,-0.0233002978095777,-0.0369838569001361,-0.0285632332309728,2022-04-12,2022-04-14,2022-04-19
2022-04-14,LOW,LOW:2022-04-13,2022-04-13,205.5099945068359,204.13999938964844,206.8500061035156,6.2700042724609375,0.039872381123893005,206.22999572753903,207.3000030517578,201.02999877929688,201.27999877929688,219.76039978027345,-0.0680537342813462,-0.018998572160799587,1079,2022-04-18,200.6199951171875,-0.0104675052130267,0.0404745816648706,-0.0177449787919407,2022-04-18,2022-04-20,2022-04-22
2022-05-10,LOW,LOW:2022-05-09,2022-05-09,196.07000732421875,192.2899932861328,198.47000122070312,8.789993286132812,0.21388012727818756,198.11000061035156,199.0399932861328,190.25,192.1300048828125,211.4272003173828,-0.07516677767227964,-0.021509119939957855,1096,2022-05-11,192.83999633789065,-0.0262911852401518,0.0060153686171868,0.0061709316739517,2022-05-11,2022-05-13,2022-05-17
2022-05-24,LOW,LOW:2022-05-23,2022-05-23,186.25,184.69000244140625,186.8300018310547,5.410003662109375,0.4121985615569031,184.97999572753903,187.8000030517578,182.38999938964844,184.6199951171875,204.3206002807617,-0.09216488451754046,-0.050084189102826526,1106,2022-05-25,182.6000061035156,0.0325848671925517,0.0932639551481866,0.0499452070774706,2022-05-25,2022-05-27,2022-06-01
2022-06-21,LOW,LOW:2022-06-17,2022-06-17,172.47000122070312,171.61000061035156,175.27999877929688,5.029998779296875,0.19682022533262955,176.08999633789062,176.4199981689453,171.38999938964844,172.3800048828125,193.94500030517577,-0.1134935813607113,-0.1175748072977687,1124,2022-06-22,171.33999633789062,0.0131902055207713,0.0671180124068722,0.0197268877965128,2022-06-22,2022-06-24,2022-06-28
2022-06-28,LOW,LOW:2022-06-27,2022-06-27,184.22000122070312,182.83999633789065,185.32000732421875,11.039993286132812,0.013586411929505457,184.47999572753903,185.61000061035156,174.57000732421875,174.72000122070312,191.3356005859375,-0.03985472887961805,-0.011323998226891563,1129,2022-06-29,174.97000122070312,0.0064582778472244,0.0136594808994356,0.0233754146959832,2022-06-29,2022-07-01,2022-07-06
2022-09-26,LOW,LOW:2022-09-23,2022-09-23,188.1300048828125,188.1199951171875,189.16000366210935,4.30999755859375,0.07656659349997119,188.05999755859375,190.0,185.69000244140625,186.02000427246097,197.87579986572266,-0.04915405345652124,-0.08519323867566331,1191,2022-09-27,187.94000244140625,-0.0014366514257395,0.0134085571976438,0.0318186423851061,2022-09-27,2022-09-29,2022-10-03
2022-11-09,LOW,LOW:2022-11-08,2022-11-08,188.36000061035156,186.55999755859375,190.0099945068359,4.960006713867216,0.06451751835820538,187.30999755859375,191.27000427246097,186.30999755859375,186.6300048828125,192.26980010986327,-0.021412952851001754,-0.028320894094954974,1223,2022-11-10,195.30999755859375,0.0461318410642135,0.0478726446182591,0.1014797377091394,2022-11-10,2022-11-14,2022-11-16
2023-01-09,LOW,LOW:2023-01-06,2023-01-06,200.97000122070312,200.77000427246097,201.7899932861328,4.790008544921847,0.020878063698157406,202.4199981689453,204.1300048828125,199.33999633789065,199.44000244140625,202.6356002807617,-0.007642780387830284,-0.007212327757263215,1263,2023-01-10,199.9199981689453,0.0074029398814239,0.0517206704311423,0.0480192386526685,2023-01-10,2023-01-12,2023-01-17
2023-01-30,LOW,LOW:2023-01-27,2023-01-27,202.4900054931641,201.80999755859375,203.4199981689453,3.4100036621093466,0.2228765247585744,201.97000122070312,204.55999755859375,201.1499938964844,201.91000366210935,205.915,-0.01729450183294501,-0.03695419583690329,1277,2023-01-31,203.25,0.0246002460024601,0.0900860888491696,0.0620909968865313,2023-01-31,2023-02-02,2023-02-06
2023-03-09,LOW,LOW:2023-03-08,2023-03-08,201.13999938964844,197.41000366210935,202.0800018310547,5.510009765625,0.09256059196242633,202.08999633789065,204.0500030517578,198.5399932861328,199.0500030517578,205.64300018310547,-0.022166308661794143,-0.007353330983857931,1304,2023-03-10,199.1199951171875,-0.0123543165699173,-0.01150056921599,0.0027621688692496,2023-03-10,2023-03-14,2023-03-16
2023-03-28,LOW,LOW:2023-03-27,2023-03-27,190.52999877929688,189.4600067138672,191.94000244140625,2.82000732421875,0.18794234140641225,190.4600067138672,192.44000244140625,189.6199951171875,190.1499938964844,203.53000030517578,-0.0658929671501658,-0.035535328595371896,1317,2023-03-29,190.9499969482422,0.0051846321497057,0.0472375198566032,0.0631055419970707,2023-03-29,2023-03-31,2023-04-04
2023-08-21,LOW,LOW:2023-08-18,2023-08-18,219.3500061035156,218.1499938964844,219.9499969482422,4.3699951171875,0.306635660213979,218.6199951171875,220.6199951171875,216.25,217.58999633789065,224.24500061035155,-0.02120635342152255,-0.01689668831200819,1417,2023-08-22,222.05999755859375,0.0165721335451212,0.0040980080704056,0.0029721862080775,2023-08-22,2023-08-24,2023-08-28
2024-04-18,LOW,LOW:2024-04-17,2024-04-17,228.86000061035156,228.3500061035156,230.88999938964844,4.739990234375,0.26160185423641513,229.8699951171875,232.2899932861328,227.5500030517578,228.7899932861328,238.67039978027344,-0.04024624655142128,-0.049189848309123874,1583,2024-04-19,229.4900054931641,0.003268116179562,0.0177349425596267,0.0020480247917251,2024-04-19,2024-04-23,2024-04-25
2024-06-06,LOW,LOW:2024-06-05,2024-06-05,219.47000122070312,216.52999877929688,219.6499938964844,2.2099914550780966,0.20814173467554942,219.22999572753903,220.1999969482422,217.9900054931641,218.4499969482422,230.7318002319336,-0.0515196732738219,-0.023970467735559997,1617,2024-06-07,216.2899932861328,0.0017569230875595,0.0095243094055561,0.0488696086380453,2024-06-07,2024-06-11,2024-06-13
2024-07-03,LOW,LOW:2024-07-02,2024-07-02,213.6999969482422,213.55999755859375,214.8500061035156,3.9499969482421875,0.06329118813908301,215.8300018310547,217.0,213.0500030517578,213.3000030517578,224.63820098876954,-0.05020873119863434,-0.05763552091534707,1635,2024-07-05,212.69000244140625,0.005641999785922,0.0171141066710516,0.0802106227973438,2024-07-05,2024-07-09,2024-07-11
2024-11-22,LOW,LOW:2024-11-21,2024-11-21,265.2200012207031,263.0299987792969,265.69000244140625,3.989990234375,0.4410986355014379,266.1099853515625,266.9100036621094,262.9200134277344,264.67999267578125,268.72040100097655,-0.012344759472436406,-0.004055526180141045,1735,2024-11-25,268.94000244140625,0.0237227813820761,0.015802781146051,0.0115638630301568,2024-11-25,2024-11-27,2024-12-02
2025-02-14,LOW,LOW:2025-02-13,2025-02-13,252.66000366210935,250.2599945068359,253.30999755859375,5.170013427734375,0.1044471728518219,254.5,256.4200134277344,251.25,251.7899932861328,257.07420135498046,-0.018717604436324642,-0.042954531582919175,1790,2025-02-18,250.47000122070312,0.0009582205134122,-0.0161696132551583,-0.0534594934498753,2025-02-18,2025-02-20,2025-02-24
2025-10-20,LOW,LOW:2025-10-17,2025-10-17,244.6999969482422,243.1000061035156,245.22000122070312,3.8400115966796875,0.0026067019260337413,244.97999572753903,246.1000061035156,242.2599945068359,242.27000427246097,254.8173992919922,-0.039620095262873134,-0.006697824698165711,1960,2025-10-21,241.8800048828125,0.0140152113494906,0.0082271795692212,0.0073176326192379,2025-10-21,2025-10-23,2025-10-27
2025-11-05,LOW,LOW:2025-11-04,2025-11-04,237.7599945068359,235.63999938964844,238.0099945068359,6.510009765625,0.41935589724357336,236.5500030517578,238.1300048828125,231.6199951171875,234.3500061035156,251.62060028076172,-0.056882959194598626,-0.03061935676929528,1972,2025-11-06,233.0800018310547,-0.0074223258707241,-0.0002145317117083,0.0069503822913203,2025-11-06,2025-11-10,2025-11-12
2018-11-02,MA,MA:2018-11-01,2018-11-01,199.7100067138672,197.6699981689453,200.0,5.740005493164091,0.4303133897075026,198.9199981689453,200.9900054931641,195.25,197.72000122070312,210.49539978027343,-0.05191375210573357,-0.019202379417944893,212,2018-11-05,198.1999969482422,-0.0011099960852197,0.0506559470207443,0.0374369237295344,2018-11-05,2018-11-07,2018-11-09
2018-12-28,MA,MA:2018-12-27,2018-12-27,188.69000244140625,186.42999267578125,188.6999969482422,5.920013427734347,0.3344605566352353,189.7100067138672,190.1000061035156,184.17999267578125,186.16000366210935,196.02800018310546,-0.03955197912995834,-0.057915977999734136,249,2018-12-31,186.9199981689453,0.0092552736169804,-0.0307083541054608,0.0230045104530298,2018-12-31,2019-01-03,2019-01-07
2019-09-20,MA,MA:2019-09-19,2019-09-19,275.9100036621094,275.1000061035156,278.1499938964844,7.67999267578125,0.03385547051951458,277.7900085449219,278.5899963378906,270.9100036621094,271.1700134277344,276.48100036621094,-0.0025811085856654037,-0.055361488816542126,432,2019-09-23,270.29998779296875,0.0105438632342762,0.0090640485300643,-0.0043284608323859,2019-09-23,2019-09-25,2019-09-27
2019-09-24,MA,MA:2019-09-23,2019-09-23,273.1499938964844,271.1700134277344,273.739990234375,8.3800048828125,0.24582295444944574,275.6300048828125,277.44000244140625,269.05999755859375,271.1199951171875,276.1882000732422,-0.011590986375076828,-0.036031874586705204,434,2019-09-25,270.25,0.0092506938020351,-0.0041442927555503,0.0025532005232422,2019-09-25,2019-09-27,2019-10-01
2019-09-27,MA,MA:2019-09-26,2019-09-26,273.8900146484375,272.75,275.44000244140625,7.94000244140625,0.18136045322817457,275.3900146484375,275.6300048828125,267.69000244140625,269.1300048828125,275.93000061035156,-0.007943212135354982,-0.009080967089264425,437,2019-09-30,270.989990234375,0.0021403635217009,-0.0240229509673641,0.0113288587580802,2019-09-30,2019-10-02,2019-10-04
2019-10-01,MA,MA:2019-09-30,2019-09-30,271.57000732421875,269.1300048828125,272.07000732421875,3.6099853515625,0.24930680012173267,271.489990234375,273.6499938964844,270.0400085449219,270.94000244140625,275.6960009765625,-0.01551351317312788,-0.009157834832953293,439,2019-10-02,268.1600036621094,-0.013723122857718,0.0220017669149443,-0.0040647237582233,2019-10-02,2019-10-04,2019-10-08
2020-03-03,MA,MA:2020-03-02,2020-03-02,306.739990234375,290.25,306.9599914550781,23.760009765625,0.04924296914335036,314.5899963378906,314.5899963378906,290.8299865722656,292.0,315.48420166015626,-0.027885653404557398,-0.10033735371120411,544,2020-03-04,299.1099853515625,0.0108655683834162,-0.0404532652820521,-0.0619838151025033,2020-03-04,2020-03-06,2020-03-10
2020-04-23,MA,MA:2020-04-22,2020-04-22,256.9100036621094,245.3500061035156,258.6000061035156,7.150009155273409,0.08251686467498456,259.3900146484375,262.4200134277344,255.27000427246097,255.86000061035156,272.1090020751953,-0.061036461824611976,-0.008375725731910144,580,2020-04-24,258.42999267578125,0.0012770076972365,0.0238749897558334,0.0640018922481358,2020-04-24,2020-04-28,2020-04-30
2020-10-23,MA,MA:2020-10-22,2020-10-22,333.6000061035156,333.4200134277344,335.3800048828125,7.3800048828125,0.176149990902625,335.69000244140625,335.69000244140625,328.30999755859375,329.6099853515625,339.68240234375,-0.017708329263442346,-0.03346367665425132,708,2020-10-26,326.4100036621094,-0.0255813425135074,-0.1073190110176861,-0.1157133316685058,2020-10-26,2020-10-28,2020-10-30
2021-01-26,MA,MA:2021-01-25,2021-01-25,329.19000244140625,328.989990234375,329.95001220703125,4.720001220703125,0.39830601622862316,330.0,330.5400085449219,325.82000732421875,327.70001220703125,337.6824017333984,-0.025419787704155872,-0.06969055598912532,771,2021-01-27,320.3599853515625,-0.0152016335992872,-0.0127043856684355,0.0437320839250583,2021-01-27,2021-01-29,2021-02-02
2021-05-21,MA,MA:2021-05-20,2021-05-20,367.7000122070313,360.9800109863281,369.4100036621094,5.07000732421875,0.02761626157198406,369.1400146484375,372.5299987792969,367.4599914550781,367.6000061035156,372.6209997558594,-0.01409436789213303,-0.020720141023912175,852,2021-05-24,370.0799865722656,0.0062149221627734,-0.0200767211018323,-0.0256701263096942,2021-05-24,2021-05-26,2021-05-28
2021-06-07,MA,MA:2021-06-04,2021-06-04,366.0199890136719,361.8200073242187,366.6300048828125,8.07000732421875,0.09913098722573911,367.7999877929687,371.3500061035156,363.2799987792969,364.0799865722656,371.87440002441406,-0.0154400984138372,-0.004569004997512782,862,2021-06-08,365.0,0.0007123555222603,-0.0019178416630992,0.0041643534621147,2021-06-08,2021-06-10,2021-06-14
2021-06-09,MA,MA:2021-06-08,2021-06-08,365.260009765625,364.0799865722656,367.6799926757813,5.990020751953068,0.0,366.94000244140625,369.3200073242187,363.3299865722656,363.3299865722656,371.8651995849609,-0.01774013588680401,-0.01912024014132596,864,2021-06-10,364.69000244140625,-0.0010694415690766,0.0050179236063911,-0.0023855743545568,2021-06-10,2021-06-14,2021-06-16
2021-08-30,MA,MA:2021-08-27,2021-08-27,355.7300109863281,352.8599853515625,356.5,5.790008544921875,0.13816694513695996,354.79998779296875,358.0400085449219,352.25,353.04998779296875,372.25420043945314,-0.04512674536978678,-0.019352140630384262,921,2021-08-31,352.94000244140625,-0.019011705696897,-0.0330367869367403,-0.023318442028102,2021-08-31,2021-09-02,2021-09-07
2021-09-10,MA,MA:2021-09-09,2021-09-09,351.4100036621094,351.0400085449219,353.6400146484375,7.980010986328125,0.046369063325799556,354.92999267578125,355.0,347.0199890136719,347.3900146484375,368.0634014892578,-0.04616339350175602,-0.021414654165139435,929,2021-09-13,350.0,-0.0062285505022321,-0.015,-0.0198856898716517,2021-09-13,2021-09-15,2021-09-17
2021-11-01,MA,MA:2021-10-29,2021-10-29,335.5199890136719,333.0299987792969,338.1499938964844,8.019989013671875,0.14588335572053165,335.25,340.8999938964844,332.8800048828125,334.04998779296875,349.4779998779297,-0.04108871791938473,-0.057528120748112754,965,2021-11-02,335.1300048828125,-0.019843027480663,0.0008951385689075,0.043386173523932,2021-11-02,2021-11-04,2021-11-08
2022-06-27,MA,MA:2022-06-24,2022-06-24,330.5,316.760009765625,330.80999755859375,4.850006103515625,0.3525751140475067,331.9700012207031,331.9700012207031,327.1199951171875,328.8299865722656,343.9569982910156,-0.040591816666579406,-0.05300859598853869,1128,2022-06-28,332.70001220703125,-0.0433123027754576,-0.0517583426176357,-0.0403967596882529,2022-06-28,2022-06-30,2022-07-05
2022-09-02,MA,MA:2022-09-01,2022-09-01,325.25,324.3699951171875,325.6099853515625,9.1400146484375,0.22210016694490817,329.4100036621094,329.6700134277344,320.5299987792969,322.55999755859375,338.5882012939453,-0.03906436474842412,-0.08985333184400446,1176,2022-09-06,322.5,0.0048991831698159,0.0234728909278101,0.0493643827216569,2022-09-06,2022-09-08,2022-09-12
2023-03-22,MA,MA:2023-03-21,2023-03-21,354.57000732421875,349.32000732421875,356.20001220703125,8.970001220703125,0.0,354.6099853515625,360.0,351.0299987792969,351.0299987792969,364.61059997558596,-0.028600339332348845,-0.014919139525375935,1313,2023-03-23,352.4100036621094,0.0055616793924992,0.0062710803669383,0.0202037258965388,2023-03-23,2023-03-27,2023-03-29
2023-09-29,MA,MA:2023-09-28,2023-09-28,399.44000244140625,395.4800109863281,401.3500061035156,7.929992675781307,0.20933230710024864,402.0299987792969,402.1799926757813,394.25,395.9100036621094,402.5516009521484,-0.007835669882724883,-0.033628475394676394,1445,2023-10-02,393.6000061035156,0.0057164633259896,0.0004065133628765,0.0111026296987357,2023-10-02,2023-10-04,2023-10-06
2024-04-24,MA,MA:2024-04-23,2024-04-23,462.8200073242187,456.75,462.9800109863281,7.79998779296875,0.2756406745177824,465.2900085449219,468.1499938964844,460.3500061035156,462.5,471.18540283203123,-0.01759589549881624,-0.019781422114217517,1587,2024-04-25,460.94000244140625,0.0025382542282277,-0.0083307942846179,-0.0409380722376904,2024-04-25,2024-04-29,2024-05-01
2024-07-08,MA,MA:2024-07-05,2024-07-05,449.489990234375,448.1799926757813,449.9500122070313,5.6099853515625,0.22103270448462695,449.2799987792969,450.6099853515625,445.0,446.239990234375,450.3479986572266,-0.0026254248559192117,-0.006673928677984775,1637,2024-07-09,446.6499938964844,-0.0043657936104327,-0.0229037962801829,-0.0059330436196055,2024-07-09,2024-07-11,2024-07-15
2025-04-16,MA,MA:2025-04-15,2025-04-15,517.3800048828125,512.4600219726562,521.2899780273438,11.8499755859375,0.3004223538501159,516.0499877929688,521.719970703125,509.8699951171875,513.4299926757812,542.5856005859375,-0.04805746822722401,-0.0567537589626016,1832,2025-04-17,510.9500122070313,0.0124865539297167,0.0320579400948826,0.0479694866035032,2025-04-17,2025-04-22,2025-04-24
2025-11-20,MA,MA:2025-11-19,2025-11-19,530.3599853515625,527.5800170898438,531.0,11.280029296875,0.06205765859359782,533.2899780273438,538.4600219726562,527.1799926757812,527.8800048828125,564.1677966308594,-0.06194862513102162,-0.04147767491694543,1983,2025-11-21,532.5399780273438,0.0147595424024957,0.0261576468444326,0.0337815976486324,2025-11-21,2025-11-25,2025-11-28
2018-04-24,MCD,MCD:2018-04-23,2018-04-23,158.99000549316406,158.77000427246094,159.69000244140625,3.07000732421875,0.1824141633034454,159.75,159.8300018310547,156.75999450683594,157.32000732421875,159.00960021972656,-0.0005606932964083988,-0.013893135853953242,77,2018-04-25,157.08999633789062,-0.0073206055337273,0.0077026337900252,0.0404227274272588,2018-04-25,2018-04-27,2018-05-01
2018-06-05,MCD,MCD:2018-06-04,2018-06-04,160.22000122070312,159.16000366210938,160.49000549316406,2.010009765625,0.24875501032430464,159.97000122070312,160.99000549316406,158.97999572753906,159.47999572753906,161.26599975585938,-0.005931395099793679,-0.004721049366420926,106,2018-06-06,159.7899932861328,0.0162088472714421,0.0570749781536414,0.0434320216096317,2018-06-06,2018-06-08,2018-06-12
2018-07-03,MCD,MCD:2018-07-02,2018-07-02,156.8699951171875,156.69000244140625,156.8699951171875,1.510009765625,0.11258084074373484,157.36000061035156,157.82000732421875,156.30999755859375,156.47999572753906,162.22940032958985,-0.03333509196607076,-0.056591314236171364,126,2018-07-05,156.89999389648438,0.002676949930358,0.0193754535575543,0.0109624046374272,2018-07-05,2018-07-09,2018-07-11
2018-07-24,MCD,MCD:2018-07-23,2018-07-23,158.75,157.97000122070312,158.8300018310547,2.05999755859375,0.2038828479156173,159.24000549316406,159.5800018310547,157.52000427246094,157.94000244140625,161.23899963378906,-0.016345698439397816,-0.0074403052597313835,140,2018-07-25,157.69000244140625,0.0076098479907631,-0.0013317693615054,-0.0009512914766374,2018-07-25,2018-07-27,2018-07-31
2018-12-28,MCD,MCD:2018-12-27,2018-12-27,175.7100067138672,174.02999877929688,175.7100067138672,2.649993896484375,0.267921920884436,176.3000030517578,177.5,174.85000610351562,175.55999755859375,180.1159991455078,-0.023215747746389015,-0.04234788093853015,249,2018-12-31,175.9600067138672,0.0091498098938449,-0.0060241689982799,0.0242100155961191,2018-12-31,2019-01-03,2019-01-07
2019-10-31,MCD,MCD:2019-10-30,2019-10-30,196.88999938964844,192.6199951171875,197.0,2.3699951171875,0.45147437548287406,197.3999938964844,198.0,195.6300048828125,196.6999969482422,209.84080108642578,-0.06385953761269025,-0.0547767810607005,461,2019-11-01,197.77999877929688,-0.0194154937890139,-0.028314319638381,-0.0237637626516871,2019-11-01,2019-11-05,2019-11-07
2019-11-07,MCD,MCD:2019-11-06,2019-11-06,194.17999267578125,192.17999267578125,195.27000427246097,3.67999267578125,0.20652065745608944,195.72000122070312,196.0,192.32000732421875,193.0800018310547,207.37800048828126,-0.06589355805646102,-0.02524980607681393,466,2019-11-08,194.6000061035156,-0.0050873867528937,-0.0067831823371916,-0.0030832789552763,2019-11-08,2019-11-12,2019-11-14
2019-11-14,MCD,MCD:2019-11-13,2019-11-13,195.0,193.27999877929688,195.08999633789065,2.3399963378906534,0.3589733557651003,195.22999572753903,195.5,193.16000366210935,194.0,204.87600036621095,-0.050567276082379875,-0.009599265556947345,471,2019-11-15,194.57000732421875,-0.0030837543348385,-0.0058077033472559,-0.0114097812465199,2019-11-15,2019-11-19,2019-11-21
2019-11-25,MCD,MCD:2019-11-22,2019-11-22,193.13999938964844,192.3500061035156,193.4199981689453,2.7200012207031534,0.10661513087772591,193.94000244140625,194.32000732421875,191.6000061035156,191.88999938964844,202.2094012451172,-0.046314537916462006,-0.0024275668571946962,478,2019-11-26,192.0,0.0104687213897705,0.0129166444142658,0.0058333079020183,2019-11-26,2019-11-29,2019-12-03
2020-03-03,MCD,MCD:2020-03-02,2020-03-02,202.5500030517578,194.1699981689453,202.5500030517578,8.509994506835966,0.2761448133531515,202.0,205.6699981689453,197.16000366210935,199.5099945068359,208.1486001586914,-0.02653419892602049,-0.06697680008940632,544,2020-03-04,201.92999267578125,0.0252068131595102,-0.0152032495259822,-0.0102510381840763,2020-03-04,2020-03-06,2020-03-10
2020-03-20,MCD,MCD:2020-03-19,2020-03-19,149.5,137.3000030517578,154.83999633789062,13.769989013671875,0.052287712066309854,153.58999633789062,161.5399932861328,147.77000427246094,148.49000549316406,201.54440063476562,-0.2624306361211306,-0.24616783744065984,557,2020-03-23,142.9499969482422,-0.0409233366185006,0.1401189171521921,0.147324225310889,2020-03-23,2020-03-25,2020-03-27
2020-07-02,MCD,MCD:2020-07-01,2020-07-01,184.66000366210935,184.47000122070312,186.44000244140625,4.1399993896484375,0.1594211979256958,187.0,187.0,182.86000061035156,183.52000427246097,185.45440063476562,-0.004601262654724381,-0.03212951328548008,629,2020-07-06,186.0,0.0134408602150537,-0.0008064187983031,-0.0060214791246639,2020-07-06,2020-07-08,2020-07-10
2020-11-04,MCD,MCD:2020-11-03,2020-11-03,216.8000030517578,212.55999755859375,218.1000061035156,6.1699981689453125,0.25445583976535585,215.0,219.47000122070312,213.3000030517578,214.8699951171875,220.15399993896483,-0.01503613138217419,-0.04682345148110889,716,2020-11-05,216.07000732421875,0.0011107059112323,-0.0131901976531111,0.0090248386270297,2020-11-05,2020-11-09,2020-11-11
2020-11-09,MCD,MCD:2020-11-06,2020-11-06,216.55999755859375,216.30999755859375,217.88999938964844,20.680007934570284,0.29255322681207313,226.7899932861328,227.8500061035156,207.1699981689453,213.22000122070312,220.25859985351562,-0.016942946490231092,-0.05312408201917451,719,2020-11-10,215.75,-0.0112630019734936,-0.0124217505250578,0.0045422745193004,2020-11-10,2020-11-12,2020-11-16
2020-12-04,MCD,MCD:2020-12-03,2020-12-03,211.5099945068359,210.86000061035156,213.22999572753903,3.2799987792969034,0.19512183775436764,211.6000061035156,213.3800048828125,210.1000061035156,210.7400054931641,219.6429998779297,-0.03749980739954206,-0.018606206784199886,737,2020-12-07,208.52999877929688,0.0017263732434611,0.0007672932577855,-0.0036925347766193,2020-12-07,2020-12-09,2020-12-11
2020-12-16,MCD,MCD:2020-12-15,2020-12-15,214.86000061035156,211.9199981689453,216.2100067138672,3.8499908447265625,0.0363635643030754,214.8800048828125,217.5099945068359,213.66000366210935,213.8000030517578,217.90940002441405,-0.014924220235108754,-0.0059220819048367845,745,2020-12-17,215.38999938964844,-0.0052927220060302,-0.017271002512858,-0.0156460147951951,2020-12-17,2020-12-21,2020-12-23
2021-01-19,MCD,MCD:2021-01-15,2021-01-15,209.91000366210935,208.5,210.6999969482422,3.1199951171875,0.3878183810008307,210.67999267578125,211.0,207.8800048828125,209.08999633789065,213.1966000366211,-0.015949375375168384,-0.021763436150131876,766,2021-01-20,210.1499938964844,0.0165596530449689,0.0153700265531255,0.0248870384878732,2021-01-20,2021-01-22,2021-01-26
2021-03-09,MCD,MCD:2021-03-08,2021-03-08,209.11000061035156,207.3699951171875,210.58999633789065,2.9199981689453125,0.09246727457999111,210.6300048828125,211.1999969482422,208.27999877929688,208.5500030517578,211.27579986572266,-0.01057605888824098,-0.01391114298880003,800,2021-03-10,208.72000122070312,0.0219911666876482,0.0173437863933303,0.0533729365872743,2021-03-10,2021-03-12,2021-03-16
2022-09-02,MCD,MCD:2022-09-01,2022-09-01,256.4700012207031,252.27999877929688,256.5299987792969,5.2199859619140625,0.22030593662030984,257.4100036621094,258.5799865722656,253.36000061035156,254.5099945068359,256.7864007568359,-0.00038118455345070856,-0.03792477252909543,1176,2022-09-06,254.47000122070312,-0.0003143860992294,0.022045763055178,0.0231854201602619,2022-09-06,2022-09-08,2022-09-12
2022-12-27,MCD,MCD:2022-12-23,2022-12-23,267.57000732421875,265.7699890136719,268.3500061035156,2.269989013671875,0.10572308188699031,268.6600036621094,268.8699951171875,266.6000061035156,266.8399963378906,268.9211993408203,-0.0032691376818492213,-0.016431411117107775,1255,2022-12-28,268.0,-0.0107836367479011,-0.0166791090324743,-0.0134700945953825,2022-12-28,2022-12-30,2023-01-04
2023-08-04,MCD,MCD:2023-08-03,2023-08-03,291.0199890136719,289.6199951171875,291.2699890136719,6.05999755859375,0.042900883297914125,292.4100036621094,292.82000732421875,286.760009765625,287.0199890136719,291.4015985107422,-0.0012650104392214478,-0.020563442832205348,1406,2023-08-07,287.8800048828125,0.0122272785673487,0.0012158055355671,0.0025704815264131,2023-08-07,2023-08-09,2023-08-11
2023-08-08,MCD,MCD:2023-08-07,2023-08-07,291.3999938964844,287.0199890136719,291.3999938964844,3.05999755859375,0.3398623715966889,291.04998779296875,291.6000061035156,288.5400085449219,289.5799865722656,291.59239807128904,-0.00038147496339735465,-0.013240336237968275,1408,2023-08-09,289.0,-0.0026643218466154,-0.0013148957882785,-0.0024221875675821,2023-08-09,2023-08-11,2023-08-15
2023-08-28,MCD,MCD:2023-08-25,2023-08-25,284.5799865722656,282.3500061035156,286.1400146484375,2.69000244140625,0.06319061556962313,284.5799865722656,286.20001220703125,283.510009765625,283.67999267578125,290.8709973144531,-0.022228550249356327,-0.013997673803859412,1422,2023-08-29,283.95001220703125,-0.0012678846756947,-0.0098609550631233,-0.0168691964747281,2023-08-29,2023-08-31,2023-09-05
2023-09-20,MCD,MCD:2023-09-19,2023-09-19,278.1300048828125,277.7200012207031,278.260009765625,3.129974365234375,0.019168706063590182,278.739990234375,280.2699890136719,277.1400146484375,277.20001220703125,286.5285980224609,-0.030498504855733577,-0.0036896359284461777,1438,2023-09-21,276.94000244140625,-0.020654297574484,-0.0258539885859365,-0.0480247984246432,2023-09-21,2023-09-25,2023-09-27
2023-09-29,MCD,MCD:2023-09-28,2023-09-28,265.5899963378906,263.6400146484375,266.30999755859375,5.6199951171875,0.3007124394535068,267.1499938964844,267.3699951171875,261.75,263.44000244140625,282.6901983642578,-0.06272498332439713,-0.0673198931391823,1445,2023-10-02,262.0,-0.0162213740458014,-0.0236259635168177,-0.052595415188156,2023-10-02,2023-10-04,2023-10-06
2023-10-05,MCD,MCD:2023-10-04,2023-10-04,255.80999755859375,254.4900054931641,256.25,6.2700042724609375,0.1036672174753125,256.0,257.8500061035156,251.5800018310547,252.22999572753903,279.5951989746094,-0.0876493000491112,-0.0771645516107049,1449,2023-10-06,250.0,-0.0071199951171875,0.0060800170898438,-0.0152399902343749,2023-10-06,2023-10-10,2023-10-12
2024-03-21,MCD,MCD:2024-03-20,2024-03-20,284.45001220703125,282.8699951171875,284.6000061035156,2.939971923828125,0.30271858164568133,284.5,285.5799865722656,282.6400146484375,283.5299987792969,291.632998046875,-0.025120950173746825,-0.028948829688927646,1564,2024-03-22,283.8800048828125,-0.0044032689111584,-0.0185289899786931,-0.0067986213984249,2024-03-22,2024-03-26,2024-03-28
2024-03-28,MCD,MCD:2024-03-27,2024-03-27,282.0199890136719,278.6199951171875,282.29998779296875,2.1300048828125,0.32864347527078913,282.25,283.3800048828125,281.25,281.95001220703125,290.43059814453125,-0.02957457438468336,-0.0029696541801295107,1569,2024-04-01,281.5,-0.0045470649353352,-0.0211722609416629,-0.0526110037605461,2024-04-01,2024-04-03,2024-04-05
2024-05-16,MCD,MCD:2024-05-15,2024-05-15,273.8699951171875,270.6600036621094,274.3699951171875,2.639984130859375,0.22348480469788573,274.510009765625,275.55999755859375,272.9200134277344,273.510009765625,275.72900024414065,-0.008139308808322587,-0.0020405843877835395,1603,2024-05-17,274.05999755859375,-0.0061300178455342,-0.0298839761890286,-0.0588557433646036,2024-05-17,2024-05-21,2024-05-23
2024-07-08,MCD,MCD:2024-07-05,2024-07-05,251.08999633789065,250.0,251.4199981689453,5.5200042724609375,0.14311737924971635,251.7599945068359,252.5800018310547,247.05999755859375,247.8500061035156,261.49519927978514,-0.041908912682118715,-0.010677725300556884,1637,2024-07-09,247.22999572753903,-0.0057031445523875,0.0306192915707579,0.0173927238849149,2024-07-09,2024-07-11,2024-07-15
2024-07-12,MCD,MCD:2024-07-11,2024-07-11,254.8000030517578,250.4900054931641,255.6499938964844,5.110015869140625,0.4089999701394543,254.25,256.9200134277344,251.80999755859375,253.8999938964844,259.6897994995117,-0.020273557248744356,-0.011751866261911936,1641,2024-07-15,253.63999938964844,-0.0083188795751024,0.0290175076015708,0.0143510463586484,2024-07-15,2024-07-17,2024-07-19
2024-10-29,MCD,MCD:2024-10-28,2024-10-28,296.7900085449219,292.6099853515625,299.9200134277344,7.70001220703125,0.0,297.6000061035156,302.70001220703125,295.0,295.0,298.09120056152346,-0.003867165414075502,-0.04211847388074885,1717,2024-10-30,294.5,-0.010118882805868,0.0024108368593485,0.0095755766526952,2024-10-30,2024-11-01,2024-11-05
2024-11-06,MCD,MCD:2024-11-05,2024-11-05,297.32000732421875,292.8500061035156,297.3800048828125,7.6099853515625,0.16819990054699155,300.2799987792969,300.3299865722656,292.7200012207031,294.0,298.7036004638672,-0.004341333661953994,-0.055197162230858354,1723,2024-11-07,294.8399963378906,-0.0006104757767496,0.0226902812525455,0.0085131250739418,2024-11-07,2024-11-11,2024-11-13
2024-11-27,MCD,MCD:2024-11-26,2024-11-26,296.3299865722656,296.19000244140625,297.2799987792969,4.519989013671875,0.022118546225466034,297.0,299.5,294.9800109863281,295.0799865722656,299.9576007080078,-0.011892813618290754,-0.007768315324402475,1738,2024-11-29,294.1600036621094,0.0062891150410804,0.001155821096199,0.018051392073999,2024-11-29,2024-12-03,2024-12-05
2025-01-14,MCD,MCD:2025-01-13,2025-01-13,283.6300048828125,282.30999755859375,284.5,5.970001220703125,0.36850607028753996,285.0199890136719,285.3500061035156,279.3800048828125,281.5799865722656,293.6965997314453,-0.03492873622770465,-0.03789003857761575,1768,2025-01-15,284.3299865722656,-0.0071395873638566,-0.0118875058026118,-0.0104807111788493,2025-01-15,2025-01-17,2025-01-22
2025-01-22,MCD,MCD:2025-01-21,2025-01-21,282.6099853515625,280.95001220703125,282.8999938964844,3.1300048828125,0.3035178035178035,283.29998779296875,283.5299987792969,280.3999938964844,281.3500061035156,292.4057995605469,-0.0343362786500685,-0.04128507184385366,1773,2025-01-23,280.75,0.0131077210179206,0.0439536824145703,0.03333921763691,2025-01-23,2025-01-27,2025-01-29
2025-09-25,MCD,MCD:2025-09-24,2025-09-24,304.3299865722656,303.19000244140625,305.9800109863281,4.379974365234375,0.07990356946273419,305.8800048828125,306.3299865722656,301.95001220703125,302.29998779296875,306.07380126953126,-0.005476415191198791,-0.005262521593425773,1943,2025-09-26,303.3699951171875,0.006164074059022,0.0017141429265248,-0.0115040718942124,2025-09-26,2025-09-30,2025-10-02
2025-09-29,MCD,MCD:2025-09-26,2025-09-26,305.239990234375,302.29998779296875,305.7799987792969,4.259979248046875,0.2676032122414769,305.8800048828125,306.1099853515625,301.8500061035156,302.989990234375,306.28960083007814,-0.0030414713530723114,-0.0005239150795910419,1945,2025-09-30,302.75,0.0037655314564408,-0.0094797526579273,-0.0221634730142959,2025-09-30,2025-10-02,2025-10-06
2018-03-27,META,META:2018-03-26,2018-03-26,160.05999755859375,159.38999938964844,161.10000610351562,12.100006103515625,0.12148764290920647,156.30999755859375,162.85000610351562,150.75,152.22000122070312,179.42799926757812,-0.11063450045535328,-0.13368693268351606,58,2018-03-28,151.64999389648438,0.0090999336521864,0.0246620879900396,0.0227498341304663,2018-03-28,2018-04-02,2018-04-04
2018-08-01,META,META:2018-07-31,2018-07-31,172.5800018310547,171.05999755859375,174.24000549316406,4.1800079345703125,0.17942549673104793,173.92999267578125,175.0800018310547,170.89999389648438,171.64999389648438,195.56639953613282,-0.11869481228241108,-0.17815135331918086,146,2018-08-02,170.67999267578125,0.0333372550127466,0.0879424092438154,0.084954304090836,2018-08-02,2018-08-06,2018-08-08
2018-08-07,META,META:2018-08-06,2018-08-06,185.69000244140625,177.77999877929688,185.7899932861328,4.5800018310546875,0.01964984757875098,186.5,188.3000030517578,183.72000122070312,183.80999755859375,195.20839965820312,-0.04886834976233445,-0.11957707450001787,150,2018-08-08,184.75,0.0023274299095061,-0.024303142046896,-0.0197022971022919,2018-08-08,2018-08-10,2018-08-14
2018-08-23,META,META:2018-08-22,2018-08-22,173.63999938964844,172.6199951171875,174.24000549316406,2.720001220703125,0.025732365447834037,173.08999633789062,175.5500030517578,172.8300018310547,172.89999389648438,191.98859924316406,-0.09740574379049949,-0.06231771110574236,162,2018-08-24,173.6999969482422,0.005469182296677,0.0147380403199233,0.0226828008671771,2018-08-24,2018-08-28,2018-08-30
2018-12-28,META,META:2018-12-27,2018-12-27,134.52000427246094,134.17999267578125,134.99000549316406,3.720001220703125,0.2688171160898135,135.33999633789062,135.9199981689453,132.1999969482422,133.1999969482422,142.18679931640625,-0.057312451419539445,-0.06906571437743292,249,2018-12-31,134.4499969482422,-0.0249907079703767,-0.0201561287957586,0.0267757990719887,2018-12-31,2019-01-03,2019-01-07
2019-09-20,META,META:2019-09-19,2019-09-19,190.13999938964844,188.13999938964844,191.1000061035156,4.980010986328097,0.36345252320985594,190.66000366210935,193.1000061035156,188.1199951171875,189.92999267578125,189.96059967041015,-0.0002450243175001754,-0.003981113311339768,432,2019-09-23,189.33999633789065,-0.0133093327475024,-0.0345410024961748,-0.0646455607431821,2019-09-23,2019-09-25,2019-09-27
2019-10-01,META,META:2019-09-30,2019-09-30,178.0800018310547,177.10000610351562,178.6699981689453,4.959991455078125,0.18749884635972658,179.14999389648438,179.83999633789062,174.8800048828125,175.80999755859375,186.88299987792968,-0.04980011140378604,-0.043711735239444716,439,2019-10-02,174.83999633789062,-0.0013726277705428,0.032086483229557,0.0166438099008283,2019-10-02,2019-10-04,2019-10-08
2020-03-03,META,META:2020-03-02,2020-03-02,196.44000244140625,192.47000122070312,196.57000732421875,13.270004272460966,0.14468707993786067,196.22000122070312,197.2400054931641,183.97000122070312,185.88999938964844,210.47299987792968,-0.0681444170078207,-0.0828274854842731,544,2020-03-04,189.1699981689453,0.0136913694716935,-0.0427129138302286,-0.0580430080552888,2020-03-04,2020-03-06,2020-03-10
2020-03-25,META,META:2020-03-24,2020-03-24,160.97999572753906,148.10000610351562,161.30999755859375,9.930007934570312,0.31722121231212724,158.9199981689453,162.99000549316406,153.05999755859375,156.2100067138672,195.3616000366211,-0.18149482829836483,-0.09658233614720502,560,2020-03-26,158.25,0.0321642738571288,0.0486571687092713,0.0085308442560227,2020-03-26,2020-03-30,2020-04-01
2020-09-23,META,META:2020-09-22,2020-09-22,254.75,248.1499938964844,255.32000732421875,9.839996337890597,0.08841572152079347,255.2599945068359,257.989990234375,248.1499938964844,249.02000427246097,261.11800079345704,-0.0236927470347027,-0.06051778817114106,686,2020-09-24,246.5,0.0122920842973504,0.041866155473504,0.0624746202697135,2020-09-24,2020-09-28,2020-09-30
2021-01-14,META,META:2021-01-13,2021-01-13,251.63999938964844,251.08999633789065,253.9499969482422,10.419998168945312,0.09884826874217474,253.3999938964844,255.02999877929688,244.61000061035156,245.63999938964844,273.863798828125,-0.08220273995936067,-0.09083026049759813,764,2021-01-15,247.8999938964844,0.0139572682495183,0.0789835319561151,0.1073013584446598,2021-01-15,2021-01-20,2021-01-22
2021-02-08,META,META:2021-02-05,2021-02-05,268.1000061035156,266.489990234375,269.1700134277344,4.8599853515625,0.3251010976314269,268.75,269.8599853515625,265.0,266.5799865722656,270.7707986450195,-0.010619302434217937,-0.02331509616205596,780,2021-02-09,266.44000244140625,0.0112971390858882,0.0148251470156022,0.0282615174534568,2021-02-09,2021-02-11,2021-02-16
2021-03-02,META,META:2021-03-01,2021-03-01,264.9100036621094,257.6199951171875,266.6499938964844,8.05999755859375,0.043425088031502024,265.7799987792969,266.7099914550781,258.6499938964844,259.0,266.7397994995117,-0.008099637507004043,-0.020665420842479243,795,2021-03-03,260.2900085449219,-0.0187483373260956,0.0153290180313869,0.0209381132987767,2021-03-03,2021-03-05,2021-03-09
2021-10-07,META,META:2021-10-06,2021-10-06,333.6400146484375,332.9599914550781,334.3800048828125,9.8599853515625,0.02433981652284798,337.0,338.8399963378906,328.9800109863281,329.2200012207031,360.18720153808596,-0.07596451732605125,-0.027883736035969164,948,2021-10-08,331.510009765625,-0.0044041565251331,-0.0233477738950484,-0.008989203639537,2021-10-08,2021-10-12,2021-10-14
2021-11-02,META,META:2021-11-01,2021-11-01,329.9800109863281,323.57000732421875,333.45001220703125,10.990020751953125,0.3894441035096537,331.3800048828125,334.7900085449219,323.79998779296875,328.0799865722656,348.68580139160156,-0.05555718259899778,-0.015983734150702866,966,2021-11-03,327.489990234375,0.0126110873796685,0.0416501726928377,0.0240618190411652,2021-11-03,2021-11-05,2021-11-09
2022-01-20,META,META:2022-01-19,2022-01-19,319.5899963378906,318.1499938964844,327.1000061035156,11.839996337890625,0.04898536753846273,323.8999938964844,327.82000732421875,315.9800109863281,316.55999755859375,332.24660034179686,-0.03936965510470791,-0.050337273059914756,1020,2022-01-21,314.80999755859375,-0.0369746330203281,-0.0465677830304001,-0.064070337875474,2022-01-21,2022-01-25,2022-01-27
2022-02-10,META,META:2022-02-09,2022-02-09,232.0,220.17999267578125,233.3699951171875,8.300003051757812,0.16506143039145213,228.27000427246097,235.0,226.6999969482422,228.07000732421875,313.7752011108398,-0.2651321038542114,-0.21257171314823564,1035,2022-02-11,228.4600067138672,-0.0390002775114536,-0.0326534469694312,-0.0908255247754945,2022-02-11,2022-02-15,2022-02-17
2022-04-26,META,META:2022-04-25,2022-04-25,186.9900054931641,184.11000061035156,187.17999267578125,7.69000244140625,0.1885561102600938,186.6300048828125,187.19000244140625,179.5,180.9499969482422,208.98560119628905,-0.10854241125040232,-0.15895289005909752,1086,2022-04-27,174.42999267578125,0.0029811631846334,0.1492863018880204,0.2155592941714099,2022-04-27,2022-04-29,2022-05-03
2022-04-29,META,META:2022-04-28,2022-04-28,205.72999572753903,174.9499969482422,208.52999877929688,12.58000183105463,0.04531059151451138,204.4600067138672,212.47999572753903,199.8999938964844,200.47000122070312,207.50380126953124,-0.010081575151145272,-0.043071815103142064,1089,2022-05-02,201.1699981689453,0.049510398193187,0.1105532917213958,0.0129244227627427,2022-05-02,2022-05-04,2022-05-06
2022-05-31,META,META:2022-05-27,2022-05-27,195.1300048828125,191.6300048828125,195.3300018310547,5.5900115966796875,0.2915923973718957,194.88999938964844,197.6000061035156,192.0099945068359,193.63999938964844,206.07800079345702,-0.055220645324806195,-0.017571192831395854,1110,2022-06-01,196.5099945068359,-0.0400488287475563,-0.0291588005074201,-0.0043763708431717,2022-06-01,2022-06-03,2022-06-07
2022-06-21,META,META:2022-06-17,2022-06-17,163.74000549316406,160.8699951171875,165.89999389648438,11.789993286132812,0.09160326090473411,165.92999267578125,167.75999450683594,155.97000122070312,157.0500030517578,193.67620025634767,-0.16028268850863747,-0.14173390008988274,1124,2022-06-22,158.3800048828125,-0.015974230971699,0.0743780680396686,0.014521958088526,2022-06-22,2022-06-24,2022-06-28
2022-06-27,META,META:2022-06-24,2022-06-24,170.16000366210938,158.75,170.25,3.7400054931640625,0.3957242814304074,171.32000732421875,171.75,168.00999450683594,169.49000549316406,189.40280029296875,-0.10589301717927557,-0.07521737140157947,1128,2022-06-28,169.89999389648438,-0.054267225143755,-0.0509122672585532,-0.0100646940347742,2022-06-28,2022-06-30,2022-07-05
2022-09-02,META,META:2022-09-01,2022-09-01,165.36000061035156,162.92999267578125,167.36000061035156,8.709991455078125,0.12629244347585394,167.4499969482422,167.92999267578125,159.22000122070312,160.32000732421875,167.50340087890626,-0.012611064015678353,-0.053246323467101564,1176,2022-09-06,160.10000610351562,-0.0097439897433492,0.0122422946930487,0.0553404139449125,2022-09-06,2022-09-08,2022-09-12
2022-10-14,META,META:2022-10-13,2022-10-13,130.2899932861328,127.5,131.13999938964844,5.269996643066406,0.04554186831975415,131.0,131.7899932861328,126.5199966430664,126.76000213623048,154.07419967651367,-0.15915032506602234,-0.0448648208465412,1205,2022-10-17,130.3000030517578,0.0287029174733741,0.0224865127180189,-0.0022256986809637,2022-10-17,2022-10-19,2022-10-21
2022-10-18,META,META:2022-10-17,2022-10-17,134.0399932861328,126.76000213623048,134.7899932861328,6.44000244140625,0.21739264356050914,137.08999633789062,137.83999633789062,131.39999389648438,132.8000030517578,152.66379959106445,-0.1262789434991337,-0.03297025686527166,1207,2022-10-19,132.88999938964844,0.0025584794901962,-0.0216720964409669,0.0347655590217979,2022-10-19,2022-10-21,2022-10-25
2023-08-22,META,META:2023-08-21,2023-08-21,289.8999938964844,283.25,290.5,6.149993896484375,0.13821251172322763,292.54998779296875,292.8999938964844,286.75,287.6000061035156,297.025400390625,-0.022498407150079114,-0.08421785401730908,1418,2023-08-23,288.5,0.0198959800151645,-0.0103986135181975,0.0328942469129116,2023-08-23,2023-08-25,2023-08-29
2023-08-24,META,META:2023-08-23,2023-08-23,294.239990234375,287.6000061035156,297.3999938964844,12.819976806640625,0.00857921611102515,298.5,299.4599914550781,286.6400146484375,286.75,297.79780029296876,-0.010922111459099493,-0.035942470849017805,1420,2023-08-25,286.1300048828125,-0.0022018134136981,0.0414496387976504,0.0341104029604386,2023-08-25,2023-08-29,2023-08-31
2024-05-23,META,META:2024-05-22,2024-05-22,467.7799987792969,464.6300048828125,473.7200012207031,12.819976806640625,0.3307330659271338,472.8800048828125,474.3599853515625,461.5400085449219,465.7799987792969,484.3096020507812,-0.03531699866390392,-0.010198915069762005,1608,2024-05-24,467.6199951171875,0.0226679915619503,0.0144133918667996,-0.0016894242187481,2024-05-24,2024-05-29,2024-05-31
2025-03-17,META,META:2025-03-14,2025-03-14,607.5999755859375,590.6400146484375,608.8599853515625,15.0999755859375,0.4569559980274699,607.4600219726562,613.0999755859375,598.0,604.9000244140625,654.9948010253906,-0.07180953624677022,-0.09069146290634578,1810,2025-03-18,600.0499877929688,-0.0294808812620286,-0.0234146955733566,0.0313307027338114,2025-03-18,2025-03-20,2025-03-24
2025-04-08,META,META:2025-04-07,2025-04-07,516.25,504.7300109863281,539.3699951171875,44.57000732421875,0.17029449423815748,543.25,547.4299926757812,502.8599853515625,510.4500122070313,640.7423992919922,-0.19803458170373467,-0.16579135434043468,1826,2025-04-09,509.2699890136719,0.1502150768116916,0.0673513441798865,0.0240540985760879,2025-04-09,2025-04-11,2025-04-15
2025-10-03,META,META:2025-10-02,2025-10-02,727.0499877929688,717.3400268554688,727.77001953125,20.82000732421875,0.0182519091801885,729.6300048828125,731.0,710.1799926757812,710.5599975585938,752.6933984375,-0.03417767744774847,-0.06818329023650271,1949,2025-10-06,705.1900024414062,0.0148470208977402,0.0179384624998475,0.0001559655570579,2025-10-06,2025-10-08,2025-10-10
2025-10-10,META,META:2025-10-09,2025-10-09,733.510009765625,717.8400268554688,733.510009765625,30.760009765625,0.025681982332351798,730.9199829101562,735.27001953125,704.510009765625,705.2999877929688,752.4219982910156,-0.026897317187142056,-0.020563170382475682,1954,2025-10-13,713.010009765625,0.0037727414826762,0.0063673412226514,0.0054837563161511,2025-10-13,2025-10-15,2025-10-17
2018-03-27,MRK,MRK:2018-03-26,2018-03-26,51.564884185791016,50.963741302490234,51.67938995361328,1.0400772094726562,0.256882450027501,51.51717758178711,52.06106948852539,51.020992279052734,51.28816986083984,54.00019073486328,-0.04675220528569013,-0.02384397535256455,58,2018-03-28,51.57442855834961,0.0192414500462909,-0.0144310690434941,0.0090656554580508,2018-03-28,2018-04-02,2018-04-04
2018-04-05,MRK,MRK:2018-04-04,2018-04-04,52.04198455810547,51.61259460449219,52.185115814208984,0.8969459533691406,0.09574744076655793,52.53816986083984,52.843509674072266,51.946563720703125,52.03244400024414,53.17061058044433,-0.023738862839535635,-0.001830180015259586,64,2018-04-06,51.79389190673828,-0.016949122582445,0.0407148377848047,0.0453205600046784,2018-04-06,2018-04-10,2018-04-12
2019-10-24,MRK,MRK:2019-10-23,2019-10-23,79.07442474365234,77.57633972167969,79.07442474365234,1.5267181396484375,0.33749937534356106,79.30343627929688,79.80915832519531,78.28244018554688,78.7977066040039,80.43797698974609,-0.01714280973883664,-0.015561891715866638,456,2019-10-25,78.50190734863281,-0.0001215814096873,0.0343989864522737,0.0533609241819883,2019-10-25,2019-10-29,2019-10-31
2020-02-11,MRK,MRK:2020-02-10,2020-02-10,81.73664093017578,81.1832046508789,82.04198455810547,1.0019073486328125,0.2857175492301366,81.92748260498047,82.06106567382812,81.05915832519531,81.34542083740234,84.82041961669921,-0.03686796626030142,-0.0051103156778411485,530,2020-02-12,81.14503479003906,-0.0210489211855535,-0.0281044039578625,-0.0357478044521534,2020-02-12,2020-02-14,2020-02-19
2020-02-18,MRK,MRK:2020-02-14,2020-02-14,78.864501953125,78.21565246582031,79.00763702392578,0.8110733032226562,0.2352952242989775,79.08396911621094,79.30343627929688,78.49236297607422,78.6832046508789,84.43988525390625,-0.06733683494655351,-0.03265452415198766,534,2020-02-19,79.27481079101562,-0.0129994991679104,-0.0089070927601853,-0.0338228155386524,2020-02-19,2020-02-21,2020-02-25
2020-03-03,MRK,MRK:2020-03-02,2020-03-02,77.64312744140625,73.05343627929688,77.81488800048828,4.2843475341796875,0.2717136965371342,77.6717529296875,78.6259536743164,74.34160614013672,75.50572204589844,82.76851135253906,-0.06418775580193548,-0.01548699961922928,544,2020-03-04,77.76717376708984,0.018036810983588,0.0085889482678427,0.0063803952066001,2020-03-04,2020-03-06,2020-03-10
2020-03-25,MRK,MRK:2020-03-24,2020-03-24,65.88740539550781,63.35877990722656,66.55534362792969,3.4637374877929688,0.40495904176000386,65.27671813964844,67.15648651123047,63.6927490234375,65.09542083740234,77.9832063293457,-0.1594868944615916,-0.15813215560138372,560,2020-03-26,65.01908111572266,0.0791019341175691,0.1292927244798016,0.0830643000893784,2020-03-26,2020-03-30,2020-04-01
2020-06-17,MRK,MRK:2020-06-16,2020-06-16,73.44465637207031,70.62976837158203,73.864501953125,1.7366409301757812,0.3626359143327842,73.8167953491211,73.90267181396484,72.16603088378906,72.7957992553711,75.84083938598633,-0.032573500039950076,-0.04787235199970252,618,2020-06-18,72.16603088378906,0.0078011863055356,0.0148089438294709,0.003173292246303,2020-06-18,2020-06-22,2020-06-24
2020-10-01,MRK,MRK:2020-09-30,2020-09-30,79.15076446533203,78.14885711669922,79.50381469726562,1.9942779541015625,0.18660336503515765,79.37023162841797,79.52290344238281,77.52862548828125,77.90076446533203,79.3379769897461,-0.0016728886390209308,-0.030618206900701717,692,2020-10-02,77.09923553466797,0.0,-0.0144801604583461,-0.0039603976072161,2020-10-02,2020-10-06,2020-10-08
2020-10-19,MRK,MRK:2020-10-16,2020-10-16,76.17366027832031,75.43893432617188,76.62213897705078,2.0610733032226562,0.1574094296110665,76.45037841796875,76.80343627929688,74.74236297607422,75.0667953491211,79.36488510131836,-0.04075158026996906,-0.012004986170472076,704,2020-10-20,75.3530502319336,-0.0088641167194425,0.0030391806959326,-0.001646100534846,2020-10-20,2020-10-22,2020-10-26
2021-02-16,MRK,MRK:2021-02-12,2021-02-12,71.56488800048828,71.3167953491211,71.66984558105469,1.3167953491210938,0.1449288797473855,71.91793823242188,71.97518920898438,70.65839385986328,70.84923553466797,76.3994270324707,-0.06505003816427413,-0.026858677389720698,785,2021-02-17,71.04962158203125,0.0145044099316453,-0.0020145789324933,0.001074349033612,2021-02-17,2021-02-19,2021-02-23
2021-02-23,MRK,MRK:2021-02-22,2021-02-22,71.49809265136719,70.90648651123047,71.62213897705078,1.4312973022460938,0.05333070366678571,71.84160614013672,72.48091888427734,71.04962158203125,71.1259536743164,75.67767120361329,-0.05735145617473958,-0.011477596272149282,790,2021-02-24,71.3740463256836,-0.0030748875030076,-0.0291444092920479,-0.0260695217890402,2021-02-24,2021-02-26,2021-03-02
2021-08-31,MRK,MRK:2021-08-30,2021-08-30,76.5,76.30000305175781,76.83999633789062,1.0699996948242188,0.2429927199868803,76.79000091552734,77.0999984741211,76.02999877929688,76.29000091552734,77.08480026245117,-0.007704882899571386,-0.01834980494772054,922,2021-09-01,76.22000122070312,-0.0005248086445382,0.0136447244669533,-0.0112831356150381,2021-09-01,2021-09-03,2021-09-08
2021-12-01,MRK,MRK:2021-11-30,2021-11-30,74.91000366210938,74.88999938964844,75.02999877929688,2.5200042724609375,0.019842447214972966,75.52999877929688,76.91000366210938,74.38999938964844,74.44000244140625,80.7902003479004,-0.07221623563323609,-0.1049109633548404,986,2021-12-02,74.37999725341797,-0.0065877639400828,-0.0129066835160247,-0.0157300109189174,2021-12-02,2021-12-06,2021-12-08
2021-12-09,MRK,MRK:2021-12-08,2021-12-08,73.20999908447266,72.27999877929688,73.41000366210938,0.8699951171875,0.19540129086572192,73.44000244140625,73.55999755859375,72.69000244140625,72.86000061035156,80.76080017089843,-0.09399620561181132,-0.1158212996838961,992,2021-12-10,73.12000274658203,-0.0068380741413931,0.0082056681015256,0.0381564662298616,2021-12-10,2021-12-14,2021-12-16
2022-03-01,MRK,MRK:2022-02-28,2022-02-28,76.58000183105469,76.31999969482422,76.76000213623047,1.8100051879882812,0.21546865845279695,76.5,77.76000213623047,75.94999694824219,76.33999633789062,78.23820037841797,-0.021086630671500628,-0.0007828491528126813,1047,2022-03-02,76.30999755859375,0.0047176074153998,0.019918809082569,0.0083868354098297,2022-03-02,2022-03-04,2022-03-08
2022-09-02,MRK,MRK:2022-09-01,2022-09-01,87.1500015258789,85.36000061035156,87.45999908447266,1.9000015258789062,0.18421359075157506,87.23999786376953,87.77999877929688,85.87999725341797,86.2300033569336,90.5897998046875,-0.039195087183057975,-0.046498905131819535,1176,2022-09-06,86.58000183105469,-0.0018480441063236,0.00970196719942,0.0182490390117775,2022-09-06,2022-09-08,2022-09-12
2022-09-09,MRK,MRK:2022-09-08,2022-09-08,87.41999816894531,86.87000274658203,87.44999694824219,0.9000015258789062,0.07777730682829653,87.58999633789062,88.16999816894531,87.2699966430664,87.33999633789062,90.11199966430664,-0.03098585849130575,-0.02877462399528863,1180,2022-09-12,88.12999725341797,0.0003404789473113,-0.0133893151248227,-0.0046521734425555,2022-09-12,2022-09-14,2022-09-16
2022-09-29,MRK,MRK:2022-09-28,2022-09-28,86.77999877929688,85.83999633789062,87.25,1.1899948120117188,0.344535983330662,87.0,87.41999816894531,86.2300033569336,86.63999938964844,88.36699981689453,-0.018627764793380797,-0.0019551256459100497,1194,2022-09-30,87.25,-0.0129512579188305,0.0130658955833631,0.002177678411533,2022-09-30,2022-10-04,2022-10-06
2023-06-16,MRK,MRK:2023-06-15,2023-06-15,109.4000015258789,108.66000366210938,109.9000015258789,1.400001525878892,0.18571560917923327,109.5,110.45999908447266,109.05999755859376,109.31999969482422,113.84920028686524,-0.039516763029829094,-0.013792470703035686,1373,2023-06-20,109.08000183105467,0.0105427347504087,0.0425375807825429,0.0366703330844757,2023-06-20,2023-06-22,2023-06-26
2023-08-04,MRK,MRK:2023-08-03,2023-08-03,105.7300033569336,105.6999969482422,105.77999877929688,1.9099960327148438,0.25654391704313667,105.63999938964844,106.41999816894533,104.51000213623048,105.0,109.71579986572266,-0.03777895080559435,-0.025170530615741926,1406,2023-08-07,105.29000091552734,0.0075980189515347,0.0076930150209002,0.0204198072673948,2023-08-07,2023-08-09,2023-08-11
2023-09-19,MRK,MRK:2023-09-18,2023-09-18,107.81999969482422,107.5199966430664,107.94000244140624,1.2699966430664062,0.35432924228497964,107.6500015258789,108.18000030517578,106.91000366210938,107.36000061035156,107.77499954223633,-6.491710727585254e-05,-0.01839035606713313,1437,2023-09-20,108.20999908447266,-0.0083171752471444,-0.0172812379854309,-0.0260604354374204,2023-09-20,2023-09-22,2023-09-26
2023-11-14,MRK,MRK:2023-11-13,2023-11-13,102.47000122070312,101.38999938964844,102.5500030517578,1.3199996948242188,0.2045429587030134,102.66000366210938,103.22000122070312,101.9000015258789,102.16999816894533,104.46359909057617,-0.020085970464793768,-0.0020451800141071397,1477,2023-11-15,101.87999725341795,-0.0052021868235679,-0.0012759840687334,0.0032391228891952,2023-11-15,2023-11-17,2023-11-21
2023-11-21,MRK,MRK:2023-11-20,2023-11-20,102.68000030517578,101.75,102.93000030517578,1.7799987792968608,0.2022476726044558,103.0,103.62999725341795,101.8499984741211,102.20999908447266,103.84119903564454,-0.01247769894499029,-0.015909489083545503,1482,2023-11-22,102.1999969482422,-0.0050880299275326,-0.0075342139536106,-0.0104696646455488,2023-11-22,2023-11-27,2023-11-29
2024-03-18,MRK,MRK:2024-03-15,2024-03-15,121.5199966430664,120.51000213623048,121.94000244140624,1.3800048828125284,0.22464064573197237,121.8499984741211,122.51000213623048,121.12999725341795,121.44000244140624,123.31339950561524,-0.013834900631768288,-0.04284816068553021,1561,2024-03-19,121.44000244140624,0.0062581891597262,0.0179512537989909,0.0318675480845345,2024-03-19,2024-03-21,2024-03-25
2024-07-08,MRK,MRK:2024-07-05,2024-07-05,126.4499969482422,125.8499984741211,126.5999984741211,2.129997253417983,0.21126644530648883,126.8000030517578,127.45999908447266,125.33000183105467,125.77999877929688,129.2318000793457,-0.021710394961826918,-0.024832276287285904,1637,2024-07-09,125.23999786376952,0.0063877600239823,0.0297828443033902,0.0229958264335863,2024-07-09,2024-07-11,2024-07-15
2024-07-12,MRK,MRK:2024-07-11,2024-07-11,128.97000122070312,127.3000030517578,129.1199951171875,2.6099929809570312,0.1685837642540036,129.39999389648438,129.92999267578125,127.31999969482422,127.76000213623048,129.00800033569337,-0.0005207730523788534,-0.01923953444332227,1641,2024-07-15,128.0,0.0009374618530273,-0.0164843797683715,-0.0174219012260437,2024-07-15,2024-07-17,2024-07-19
2024-07-25,MRK,MRK:2024-07-24,2024-07-24,125.91999816894533,124.37999725341795,126.16999816894533,2.1399993896484375,0.06542029419524126,126.02999877929688,127.8499984741211,125.70999908447266,125.8499984741211,128.40120025634766,-0.019849007399500573,-0.010840572268104198,1650,2024-07-26,127.23999786376952,-0.0155611109775321,-0.0942313585748934,-0.1054699653745163,2024-07-26,2024-07-30,2024-08-01
2024-10-10,MRK,MRK:2024-10-09,2024-10-09,110.2699966430664,108.5199966430664,110.3000030517578,1.6600036621093466,0.13855593344975942,110.6999969482422,110.83000183105467,109.16999816894533,109.4000015258789,114.61119949340821,-0.038503483323028775,-0.03887393518146931,1704,2024-10-11,109.0999984741211,0.0057745636262491,0.0222731470133996,0.005957850916314,2024-10-11,2024-10-15,2024-10-17
2024-10-23,MRK,MRK:2024-10-22,2024-10-22,106.63999938964844,106.33999633789062,106.9000015258789,1.1600036621093608,0.15517218699847785,106.73999786376952,107.36000061035156,106.1999969482422,106.37999725341795,113.76859939575195,-0.06397680028888741,-0.017323970803293287,1713,2024-10-24,106.0500030517578,-0.0016030720739995,-0.0171617128001021,-0.0115040187232027,2024-10-24,2024-10-28,2024-10-30
2024-10-29,MRK,MRK:2024-10-28,2024-10-28,104.2300033569336,103.9800033569336,105.0,1.4100036621093608,0.0212810856437795,104.31999969482422,105.11000061035156,103.6999969482422,103.7300033569336,113.02539962768554,-0.07955898844983156,-0.04977663381299713,1717,2024-10-30,103.45999908447266,0.0132418592567689,-0.0152716203850403,-0.0174946604930464,2024-10-30,2024-11-01,2024-11-05
2024-11-11,MRK,MRK:2024-11-08,2024-11-08,102.91999816894533,101.16999816894533,103.2300033569336,2.94000244140625,0.09183811164857066,102.52999877929688,103.4000015258789,100.45999908447266,100.7300033569336,110.37939987182617,-0.07056383500607666,-0.010194317693466237,1726,2024-11-12,100.76000213623048,-0.021635572240544,-0.0238189904227476,-0.0416832521694291,2024-11-12,2024-11-14,2024-11-18
2024-11-22,MRK,MRK:2024-11-21,2024-11-21,99.86000061035156,97.44000244140624,100.4800033569336,2.8600006103515625,0.08741256875790282,100.33000183105467,101.79000091552734,98.93000030517578,99.18000030517578,107.09859985351562,-0.07048351666597275,-0.012948478623140636,1735,2024-11-25,100.08999633789062,0.0106904522266795,0.0302728196578456,0.0051953670844933,2024-11-25,2024-11-27,2024-12-02
2025-01-02,MRK,MRK:2024-12-31,2024-12-31,99.4800033569336,98.37000274658205,99.52999877929688,1.5199966430664205,0.22368229524819835,100.27999877929688,100.3499984741211,98.83000183105467,99.16999816894533,100.95020034790039,-0.01596141545436358,-0.005796464279549163,1761,2025-01-03,99.33999633789062,-0.0020132570526973,0.0169116203654919,-0.0009059426334637,2025-01-03,2025-01-07,2025-01-10
2025-01-31,MRK,MRK:2025-01-30,2025-01-30,98.9499969482422,98.27999877929688,99.41000366210938,1.479995727539091,0.16216118688978204,99.0999984741211,100.05999755859376,98.58000183105467,98.81999969482422,99.61359985351562,-0.006160927245498993,-0.011389743544399145,1780,2025-02-03,98.12999725341795,0.0169163732657859,-0.086212160616136,-0.1105676019342105,2025-02-03,2025-02-05,2025-02-07
2025-04-14,MRK,MRK:2025-04-11,2025-04-11,79.18000030517578,77.55000305175781,79.44000244140625,1.6599960327148438,0.48795150267259246,80.0199966430664,80.0199966430664,78.36000061035156,79.16999816894531,88.96920028686523,-0.11394303157312013,-0.11263031125927758,1830,2025-04-15,79.55000305175781,-0.0145820693602568,-0.0194846384952283,-0.0072910346801283,2025-04-15,2025-04-17,2025-04-22
2025-09-19,MRK,MRK:2025-09-18,2025-09-18,81.52999877929688,81.13999938964844,81.69000244140625,1.4000015258789062,0.3642868431234707,81.80999755859375,82.4000015258789,81.0,81.51000213623047,82.75100006103516,-0.01535244866770813,-0.029982203223825277,1939,2025-09-22,81.76000213623047,-0.0166340579111714,-0.025562670164841,-0.0391389982146135,2025-09-22,2025-09-24,2025-09-26
2018-03-27,MS,MS:2018-03-26,2018-03-26,54.29999923706055,52.06999969482422,54.43000030517578,2.270000457763672,0.22907504533102996,54.529998779296875,54.900001525878906,52.630001068115234,53.150001525878906,55.78900009155274,-0.027376761675530492,-0.0782549757645955,58,2018-03-28,53.279998779296875,-0.0069444245563409,-0.0105104649291274,0.0073198085319772,2018-03-28,2018-04-02,2018-04-04
2018-04-20,MS,MS:2018-04-19,2018-04-19,54.70000076293945,53.2599983215332,54.83000183105469,1.2300033569335938,0.2926826242564462,54.88999938964844,55.33000183105469,54.099998474121094,54.459999084472656,54.91540008544922,-0.0039550327622583925,-0.0029165119510027315,75,2018-04-23,54.54999923706055,-0.0166819406075053,-0.0460128021381885,-0.0493125328016766,2018-04-23,2018-04-25,2018-04-27
2018-05-02,MS,MS:2018-05-01,2018-05-01,51.810001373291016,51.619998931884766,51.869998931884766,1.0499992370605469,0.19047705548753682,51.79999923706055,52.54999923706055,51.5,51.70000076293945,54.64620010375977,-0.053065587891118704,-0.026859509017524208,83,2018-05-03,51.369998931884766,-0.0056452619595068,0.0198559563747735,0.0539225329055703,2018-05-03,2018-05-07,2018-05-09
2018-06-29,MS,MS:2018-06-28,2018-06-28,48.290000915527344,47.189998626708984,48.54999923706055,1.8899993896484375,0.010582256202417187,48.97999954223633,49.27000045776367,47.380001068115234,47.400001525878906,51.901199951171876,-0.07218830263706921,-0.05885792977849558,124,2018-07-02,46.959999084472656,0.0161840321773294,-0.0055365912819869,0.030877359267643,2018-07-02,2018-07-05,2018-07-09
2018-07-03,MS,MS:2018-07-02,2018-07-02,47.720001220703125,47.400001525878906,47.77000045776367,0.9500007629394531,0.08421238611130073,47.869998931884766,47.88999938964844,46.939998626708984,47.02000045776367,51.63400001525879,-0.0781665090419742,-0.0600748317817702,126,2018-07-05,47.290000915527344,-0.0124762136004562,0.0236836310044776,0.0097271955078692,2018-07-05,2018-07-09,2018-07-11
2018-07-10,MS,MS:2018-07-09,2018-07-09,48.40999984741211,47.09000015258789,48.5,0.6599998474121094,0.16666185012860157,48.43000030517578,48.650001525878906,47.9900016784668,48.099998474121094,51.25659996032715,-0.05691988505109791,-0.009817949442191276,130,2018-07-11,47.63999938964844,0.0023089968883471,0.0092359875533889,0.0323257962900387,2018-07-11,2018-07-13,2018-07-17
2018-08-23,MS,MS:2018-08-22,2018-08-22,48.599998474121094,48.540000915527344,48.65999984741211,0.7400016784667969,0.2027043049276498,48.41999816894531,48.720001220703125,47.97999954223633,48.130001068115234,49.1020002746582,-0.011620611698434535,-0.030327224464418268,162,2018-08-24,48.34000015258789,-0.0041373761338051,0.0343400877569761,0.0198593107456013,2018-08-24,2018-08-28,2018-08-30
2018-09-17,MS,MS:2018-09-14,2018-09-14,48.189998626708984,47.720001220703125,48.5099983215332,0.9799995422363281,0.12244794687447694,48.5,48.540000915527344,47.560001373291016,47.68000030517578,49.056000213623044,-0.017416974488212444,-0.02251522571053377,178,2018-09-18,47.86000061035156,-0.0002089873820082,0.0422064444630778,0.0146260082326044,2018-09-18,2018-09-20,2018-09-24
2018-12-19,MS,MS:2018-12-18,2018-12-18,39.88999938964844,39.599998474121094,40.81999969482422,2.240001678466797,0.205356580262703,39.900001525878906,41.08000183105469,38.84000015258789,39.29999923706055,43.92459983825684,-0.0950339274047366,-0.12155913843453259,243,2018-12-20,38.88999938964844,0.0005142827996287,-0.0483415041815517,0.0197994463833453,2018-12-20,2018-12-24,2018-12-27
2018-12-28,MS,MS:2018-12-27,2018-12-27,39.65999984741211,39.29999923706055,39.77000045776367,1.0600013732910156,0.4056601397041094,39.939998626708984,40.0,38.939998626708984,39.369998931884766,43.220999755859374,-0.08517175343596861,-0.028179404243577122,249,2018-12-31,39.66999816894531,-0.0005040747161429,0.0002521335188339,0.0514242755152005,2018-12-31,2019-01-03,2019-01-07
2019-05-30,MS,MS:2019-05-29,2019-05-29,42.189998626708984,42.16999816894531,42.2400016784668,1.1000022888183594,0.2727294795723387,42.459999084472656,42.630001068115234,41.529998779296875,41.83000183105469,44.93979995727539,-0.062073471577250516,-0.04135423231619917,353,2019-05-31,41.11000061035156,-0.0102165404380174,0.0333251985294253,0.0413524869301848,2019-05-31,2019-06-04,2019-06-06
2019-08-27,MS,MS:2019-08-26,2019-08-26,40.15999984741211,39.33000183105469,40.27000045776367,0.8899993896484375,0.3820229053440088,40.25,40.34000015258789,39.45000076293945,39.790000915527344,42.720800247192386,-0.06113823748245084,-0.004955420215929207,415,2019-08-28,39.400001525878906,0.024873083865051,0.0530456870976292,0.0540608419017174,2019-08-28,2019-08-30,2019-09-04
2020-03-03,MS,MS:2020-03-02,2020-03-02,46.47999954223633,45.029998779296875,46.47999954223633,3.05999755859375,0.17647102822379576,46.369998931884766,46.91999816894531,43.86000061035156,44.400001525878906,52.49079971313476,-0.1166185224018873,-0.1676217869766209,544,2020-03-04,45.15999984741211,0.001771519737046,-0.0735163796732047,-0.1253321493918573,2020-03-04,2020-03-06,2020-03-10
2020-10-01,MS,MS:2020-09-30,2020-09-30,48.349998474121094,47.2400016784668,48.9900016784668,2.1699981689453125,0.1658972808393044,48.75,49.06999969482422,46.900001525878906,47.2599983215332,50.421599884033206,-0.04250602908294121,-0.054741015996669584,692,2020-10-02,46.4900016784668,0.0318347921876249,0.0268875017180085,0.0539900673459381,2020-10-02,2020-10-06,2020-10-08
2021-10-04,MS,MS:2021-10-01,2021-10-01,99.0500030517578,97.30999755859376,99.91000366210938,3.540000915527358,0.05084753068459769,99.0500030517578,100.51000213623048,96.97000122070312,97.1500015258789,101.30500061035156,-0.02175735607999496,-0.026535596542920925,945,2021-10-05,98.22000122070312,0.0099775576803036,0.0059051295443521,-0.0094685430016036,2021-10-05,2021-10-07,2021-10-11
2022-03-03,MS,MS:2022-03-02,2022-03-02,88.37999725341797,87.62999725341797,89.27999877929688,3.1800003051757812,0.2232701309232766,89.68000030517578,90.25,87.06999969482422,87.77999877929688,99.70780044555664,-0.11495743234644396,-0.14550906900659355,1049,2022-03-04,86.19999694824219,0.001856191041462,-0.0335266762408785,-0.003944273201016,2022-03-04,2022-03-08,2022-03-10
2023-03-22,MS,MS:2023-03-21,2023-03-21,88.76000213623047,85.63999938964844,89.18000030517578,2.620002746582017,0.0343526232568164,88.75,90.08000183105467,87.45999908447266,87.55000305175781,95.06460037231446,-0.0663367724348699,-0.07599412458771415,1313,2023-03-23,87.94999694824219,-0.0239909116948949,-0.0376349934445324,-0.0194428555293637,2023-03-23,2023-03-27,2023-03-29
2023-05-08,MS,MS:2023-05-05,2023-05-05,84.87999725341797,82.61000061035156,85.0199966430664,1.25,0.08800048828125,85.4800033569336,85.56999969482422,84.31999969482422,84.43000030517578,88.565,-0.044471292287652675,-0.06848118201355236,1345,2023-05-09,84.0,0.004404794602167,-0.0163095565069288,-0.0125000363304501,2023-05-09,2023-05-11,2023-05-15
2023-06-05,MS,MS:2023-06-02,2023-06-02,84.3499984741211,82.06999969482422,84.68000030517578,1.5100021362304688,0.34436815060706655,84.4000015258789,84.7300033569336,83.22000122070312,83.73999786376953,85.32919982910157,-0.011961894958395947,-0.0016569936464452262,1364,2023-06-06,83.5999984741211,0.0270335188693822,0.0324162575829658,0.0459330626480076,2023-06-06,2023-06-08,2023-06-12
2023-08-30,MS,MS:2023-08-29,2023-08-29,85.55000305175781,84.37999725341797,85.58999633789062,0.970001220703125,0.2371165644171779,85.62000274658203,86.0,85.02999877929688,85.26000213623047,87.22540023803711,-0.01953814810836252,-0.007079858222195257,1424,2023-08-31,85.66999816894531,-0.0060697636766717,-0.0096883605555574,-0.0213610583654483,2023-08-31,2023-09-05,2023-09-07
2023-09-29,MS,MS:2023-09-28,2023-09-28,82.19000244140625,81.6500015258789,82.55000305175781,2.05999755859375,0.3106796835649314,83.01000213623047,83.08999633789062,81.02999877929688,81.66999816894531,86.78960021972657,-0.055636854616089026,-0.07724258759392089,1445,2023-10-02,81.0999984741211,-0.0085079509863603,-0.024784243823036,-0.0094944100808104,2023-10-02,2023-10-04,2023-10-06
2024-08-07,MS,MS:2024-08-06,2024-08-06,92.97000122070312,92.06999969482422,93.83999633789062,3.3199996948241903,0.030120025094271863,94.61000061035156,95.33000183105467,92.01000213623048,92.11000061035156,99.31980010986328,-0.06522415610168464,-0.10173911864054952,1659,2024-08-08,93.48999786376952,0.0121938112706945,0.0144400310725032,0.0636432208107102,2024-08-08,2024-08-12,2024-08-14
2024-09-12,MS,MS:2024-09-11,2024-09-11,97.02999877929688,96.62000274658205,97.13999938964844,2.0100021362304545,0.47761097720673695,97.37000274658205,97.69000244140624,95.68000030517578,96.63999938964844,100.50679962158203,-0.0351705917131494,-0.04947103214315862,1684,2024-09-13,96.87000274658205,0.0142458678052082,0.0306595799225719,0.039847223091854,2024-09-13,2024-09-17,2024-09-19
2024-09-17,MS,MS:2024-09-16,2024-09-16,100.08999633789062,98.25,100.19000244140624,1.379997253417983,0.2898512265105475,100.68000030517578,100.81999969482422,99.44000244140624,99.83999633789062,100.46279968261719,-0.0038595923273750943,-0.03397359571204617,1687,2024-09-18,100.12000274658205,-0.0081901685210672,0.0234718179150401,0.0245705055632017,2024-09-18,2024-09-20,2024-09-24
2025-02-27,MS,MS:2025-02-26,2025-02-26,131.0500030517578,129.60000610351562,132.24000549316406,4.05999755859375,0.10591334806596611,131.8000030517578,132.8699951171875,128.80999755859375,129.24000549316406,132.15419998168946,-0.008155728960176134,-0.04891494711360378,1798,2025-02-28,129.89999389648438,0.0247113692432132,-0.0629714631264708,-0.0810622913369307,2025-02-28,2025-03-04,2025-03-06
2025-04-08,MS,MS:2025-04-07,2025-04-07,100.91999816894533,99.83000183105467,104.33999633789062,8.67000579833983,0.23529406588378363,105.22000122070312,106.94000244140624,98.2699966430664,100.30999755859376,125.5829998779297,-0.20101212791883416,-0.18789731314782232,1826,2025-04-09,98.1999969482422,0.1374745460238189,0.1010183921244756,0.124643644333465,2025-04-09,2025-04-11,2025-04-15
2018-12-28,MSFT,MSFT:2018-12-27,2018-12-27,101.18000030517578,100.55999755859376,101.19000244140624,2.8900070190429688,0.30103828151605466,102.08999633789062,102.41000366210938,99.5199966430664,100.38999938964844,106.25480010986328,-0.049658577877020105,-0.07242392183046142,249,2018-12-31,101.29000091552734,0.0027643279372697,-0.0384045745333991,0.0076019018274919,2018-12-31,2019-01-03,2019-01-07
2020-03-25,MSFT,MSFT:2020-03-24,2020-03-24,148.33999633789062,135.97999572753906,149.60000610351562,9.889999389648438,0.25075792523655754,148.91000366210938,154.3300018310547,144.44000244140625,146.9199981689453,165.78879974365233,-0.10700958031793528,-0.07817550319536604,560,2020-03-26,148.39999389648438,0.0519542252760822,0.0797169967493842,0.0250000462699149,2020-03-26,2020-03-30,2020-04-01
2020-09-16,MSFT,MSFT:2020-09-15,2020-09-15,208.77999877929688,205.41000366210935,209.77999877929688,6.009994506835966,0.06822030563306228,210.6199951171875,210.6499938964844,204.63999938964844,205.0500030517578,211.20680023193358,-0.011789614985065366,-0.07426949891660095,681,2020-09-17,200.0500030517578,0.01429642872643,0.0124468392721333,0.0026992915665844,2020-09-17,2020-09-21,2020-09-23
2021-05-21,MSFT,MSFT:2021-05-20,2021-05-20,246.47999572753903,243.1199951171875,247.9499969482422,3.5899963378905966,0.11977524078307998,247.57000732421875,248.3300018310547,244.7400054931641,245.1699981689453,246.9839990234375,-0.0013904828693047655,-0.013014055402242541,852,2021-05-24,247.7899932861328,0.0120666918526906,0.0149320485382098,0.0076274241933005,2021-05-24,2021-05-26,2021-05-28
2021-09-30,MSFT,MSFT:2021-09-29,2021-09-29,284.0,283.5199890136719,286.7699890136719,6.209991455078125,0.04831219377951634,285.7099914550781,287.8299865722656,281.6199951171875,281.9200134277344,294.3659991455078,-0.03518057342441161,-0.06830262720279301,943,2021-10-01,282.1199951171875,0.024741284230594,0.0235361362659862,0.0451226825700188,2021-10-01,2021-10-05,2021-10-07
2022-03-03,MSFT,MSFT:2022-03-02,2022-03-02,300.19000244140625,294.95001220703125,301.4700012207031,9.08001708984375,0.2059495721497375,302.8900146484375,303.1300048828125,294.04998779296875,295.9200134277344,308.76460205078126,-0.02927910532813549,-0.0009318693319111393,1049,2022-03-04,294.2900085449219,-0.0150532572113577,-0.0626592881375089,-0.0295627168929292,2022-03-04,2022-03-08,2022-03-10
2022-04-21,MSFT,MSFT:2022-04-20,2022-04-20,286.3599853515625,285.29998779296875,289.70001220703125,13.239990234375,0.05664656746141506,288.5799865722656,293.29998779296875,280.05999755859375,280.80999755859375,294.88099975585936,-0.03045820776193131,-0.07887293858121536,1083,2022-04-22,281.67999267578125,-0.0271584567431086,-0.0406844353630354,0.0282235601169653,2022-04-22,2022-04-26,2022-04-28
2022-07-18,MSFT,MSFT:2022-07-15,2022-07-15,256.7200012207031,254.0800018310547,260.3699951171875,7.5399932861328125,0.12599440240741003,259.75,260.8399963378906,253.3000030517578,254.25,261.1041995239258,-0.019474531729354316,-0.0004282418615925154,1142,2022-07-19,257.5799865722656,0.0075705113311828,0.0281854575048212,0.0048528614999725,2022-07-19,2022-07-21,2022-07-25
2022-10-14,MSFT,MSFT:2022-10-13,2022-10-13,234.2400054931641,225.75,236.1000061035156,8.900009155273438,0.02471921285302739,235.5399932861328,237.2400054931641,228.33999633789065,228.55999755859375,257.9800003051758,-0.09588398226556549,-0.013726292660361739,1205,2022-10-17,235.82000732421875,0.0072512568991958,0.0027986955424563,0.0267152387299656,2022-10-17,2022-10-19,2022-10-21
2022-12-27,MSFT,MSFT:2022-12-23,2022-12-23,238.72999572753903,238.19000244140625,238.8699951171875,3.0999908447265625,0.36451878067148713,238.6999969482422,238.92999267578125,235.8300018310547,236.9600067138672,240.81339935302734,-0.007959443434155888,-0.02725940221383638,1255,2022-12-28,236.88999938964844,-0.0099624324219348,0.0123686434299443,-0.0328844328853218,2022-12-28,2022-12-30,2023-01-04
2023-08-15,MSFT,MSFT:2023-08-14,2023-08-14,324.0400085449219,321.010009765625,324.05999755859375,4.19000244140625,0.22911477224722865,323.0,325.0899963378906,320.8999938964844,321.8599853515625,335.60519836425783,-0.035239165769076264,-0.035365576351312655,1413,2023-08-16,320.79998779296875,-0.0012468638145414,-0.0134662623785027,0.0051745752034775,2023-08-16,2023-08-18,2023-08-22
2024-04-17,MSFT,MSFT:2024-04-16,2024-04-16,414.5799865722656,413.6400146484375,418.3999938964844,8.550018310546875,0.17660895108988567,417.25,418.8800048828125,410.3299865722656,411.8399963378906,415.3779998779297,-0.0016236157445569388,-0.0162775622375676,1582,2024-04-18,410.6300048828125,-0.0154884343411672,-0.0235492129477826,-0.0038234111135322,2024-04-18,2024-04-22,2024-04-24
2024-08-07,MSFT,MSFT:2024-08-06,2024-08-06,399.6099853515625,395.1499938964844,405.6700134277344,12.6099853515625,0.0761294663168843,408.6400146484375,410.0799865722656,397.4700012207031,398.4299926757813,436.68079956054686,-0.08622018444275181,-0.10169724655781143,1659,2024-08-08,402.44000244140625,0.0006212106114784,0.0108587493556229,0.0358313856045058,2024-08-08,2024-08-12,2024-08-14
2024-08-28,MSFT,MSFT:2024-08-27,2024-08-27,413.8399963378906,413.489990234375,414.3599853515625,7.69000244140625,0.42782932385132505,414.8800048828125,415.0,407.30999755859375,410.6000061035156,432.7055987548828,-0.045265899962333656,-0.0004106505246832537,1674,2024-08-29,414.94000244140625,-0.0043861939401125,-0.0132549283453977,-0.0157853852470964,2024-08-29,2024-09-03,2024-09-05
2024-09-03,MSFT,MSFT:2024-08-30,2024-08-30,417.1400146484375,413.1199951171875,417.489990234375,12.850006103515625,0.18754883403907674,417.9100036621094,419.8800048828125,407.0299987792969,409.44000244140625,430.66319885253904,-0.03321200586692319,-0.0031782124605969075,1677,2024-09-04,405.9100036621094,0.0073661407883505,-0.0103717361412521,0.0204232673994966,2024-09-04,2024-09-06,2024-09-10
2025-02-07,MSFT,MSFT:2025-02-06,2025-02-06,415.8200073242187,413.2900085449219,418.2000122070313,10.54998779296875,0.1563977066953619,416.4800109863281,418.6499938964844,408.1000061035156,409.75,431.0201989746094,-0.035590051532183975,-0.06914997363332043,1785,2025-02-10,413.7099914550781,-0.003601533115346,-0.0112880592845515,-0.0127625604610764,2025-02-10,2025-02-12,2025-02-14
2025-02-27,MSFT,MSFT:2025-02-26,2025-02-26,399.7300109863281,397.8999938964844,403.6000061035156,13.569976806640625,0.026528074195848073,401.2699890136719,405.739990234375,392.1700134277344,392.5299987792969,423.57339965820313,-0.05882544175375304,-0.02846099403459379,1798,2025-02-28,392.6600036621094,0.0110273176078092,-0.0103143133315711,0.0107727065320564,2025-02-28,2025-03-04,2025-03-06
2025-03-03,MSFT,MSFT:2025-02-28,2025-02-28,396.989990234375,392.5299987792969,397.6300048828125,12.660003662109318,0.18404311992729863,398.8200073242187,398.8200073242187,386.1600036621094,388.489990234375,421.30579956054686,-0.06052948063589614,-0.0330053539935663,1800,2025-03-04,383.3999938964844,0.0135889189828333,0.0351852398714314,-0.0084506788887684,2025-03-04,2025-03-06,2025-03-10
2025-03-13,MSFT,MSFT:2025-03-12,2025-03-12,383.2699890136719,380.4500122070313,385.2200012207031,7.869995117187386,0.16772269702656528,383.1600036621094,385.3200073242187,377.4500122070313,378.7699890136719,413.1813995361328,-0.07471117945982231,-0.04117784884863007,1808,2025-03-14,379.7799987792969,0.0231186444981774,0.0098477809426409,0.0185897034632847,2025-03-14,2025-03-18,2025-03-20
2025-11-13,MSFT,MSFT:2025-11-12,2025-11-12,511.1400146484375,508.6799926757813,511.6700134277344,12.209991455078125,0.16380027843248013,510.30999755859375,513.5,501.2900085449219,503.2900085449219,513.9555993652343,-0.005659350456598045,-0.05615358476594923,1978,2025-11-14,498.2300109863281,0.0239848692891786,-0.0089115515795937,-0.0397407178892124,2025-11-14,2025-11-18,2025-11-20
2025-11-17,MSFT,MSFT:2025-11-14,2025-11-14,510.1799926757813,503.2900085449219,511.6000061035156,7.209991455078125,0.35783490012994323,508.4500122070313,512.1199951171875,504.9100036621094,507.489990234375,514.4449987792968,-0.007932199461216816,-0.014735144008008572,1980,2025-11-18,495.3699951171875,-0.0031895080199434,-0.0341966663471388,-0.0431394620744683,2025-11-18,2025-11-20,2025-11-24
2018-05-22,NEE,NEE:2018-05-21,2018-05-21,40.05500030517578,39.11249923706055,40.1349983215332,0.5400009155273438,0.12036762316506308,40.165000915527344,40.33250045776367,39.79249954223633,39.85749816894531,40.2615998840332,-0.0045083459951247296,-0.019161339246164477,97,2018-05-23,40.02000045776367,0.0012493562340989,0.0146176681104752,0.0324213042356389,2018-05-23,2018-05-25,2018-05-30
2018-06-13,NEE,NEE:2018-06-12,2018-06-12,39.352500915527344,38.849998474121094,39.38750076293945,0.49250030517578125,0.2131969079670968,39.407501220703125,39.67250061035156,39.18000030517578,39.28499984741211,40.23090003967285,-0.022424410417516083,-0.038600086913498144,112,2018-06-14,39.290000915527344,0.0105625071483095,0.0206795617477042,0.0352506563822923,2018-06-14,2018-06-18,2018-06-20
2018-10-03,NEE,NEE:2018-10-02,2018-10-02,42.334999084472656,41.747501373291016,42.439998626708984,1.1400032043457031,0.37280864662283125,42.24250030517578,42.775001525878906,41.6349983215332,42.060001373291016,42.63975006103516,-0.007376411084061063,-0.023639333751167002,190,2018-10-04,42.04249954223633,0.0064220838604618,0.030623828336489,0.0272343573819484,2018-10-04,2018-10-08,2018-10-10
2018-12-21,NEE,NEE:2018-12-20,2018-12-20,43.727500915527344,43.630001068115234,44.13750076293945,1.3299980163574219,0.16353316066783116,43.599998474121094,44.63999938964844,43.310001373291016,43.52750015258789,43.98170021057129,-0.005625920487021041,-0.04242855493606701,245,2018-12-24,43.61249923706055,-0.036514733325432,-0.0131269322223733,-0.0036112905419559,2018-12-24,2018-12-27,2018-12-31
2019-01-09,NEE,NEE:2019-01-08,2019-01-08,43.3849983215332,43.06999969482422,43.4474983215332,0.4874992370605469,0.3794827653664071,43.38999938964844,43.5,43.01250076293945,43.1974983215332,43.98260009765625,-0.013633205967367945,-0.003273834485213678,256,2019-01-10,43.32500076293945,0.0120599901966904,-0.0119446467845734,0.0079630098079761,2019-01-10,2019-01-14,2019-01-16
2020-12-03,NEE,NEE:2020-12-02,2020-12-02,74.30999755859375,74.1500015258789,74.36000061035156,1.5300064086914062,0.215686567834009,74.04000091552734,74.55000305175781,73.0199966430664,73.3499984741211,74.47070007324218,-0.0008101698311463457,-0.030022229910373288,736,2020-12-04,73.12000274658203,-0.0082057724422565,0.0076586096493265,0.0021881294680656,2020-12-04,2020-12-08,2020-12-10
2020-12-14,NEE,NEE:2020-12-11,2020-12-11,73.80000305175781,73.27999877929688,73.88999938964844,1.720001220703125,0.029071521087276665,74.4000015258789,75.22000122070312,73.5,73.55000305175781,74.90554977416993,-0.013901538895705667,-0.017702572211922285,743,2020-12-15,73.66000366210938,0.0169698606822497,0.0190061611034717,0.0100461285226651,2020-12-15,2020-12-17,2020-12-21
2021-02-26,NEE,NEE:2021-02-25,2021-02-25,74.05999755859375,73.76000213623047,74.33999633789062,2.089996337890625,0.0047857195006205736,74.12999725341797,75.55999755859375,73.47000122070312,73.4800033569336,79.39240051269532,-0.06718160503672077,-0.11738774488891512,793,2021-03-01,74.63999938964844,0.0170150627390957,-0.0284030381017935,-0.0527867426798596,2021-03-01,2021-03-03,2021-03-05
2021-06-08,NEE,NEE:2021-06-07,2021-06-07,72.47000122070312,72.33999633789062,72.94999694824219,1.4000015258789062,0.3071427403665375,72.91999816894531,73.11000061035156,71.70999908447266,72.13999938964844,75.48700042724609,-0.040455252856906876,-0.02646428205391005,863,2021-06-09,72.37000274658203,0.0011053502642561,0.0154759579201535,0.0146469188664473,2021-06-09,2021-06-11,2021-06-15
2021-10-07,NEE,NEE:2021-10-06,2021-10-06,81.18000030517578,79.4800033569336,81.29000091552734,1.8199996948242188,0.07142707429438569,81.4800033569336,82.61000061035156,80.79000091552734,80.91999816894531,82.3261996459961,-0.013186677066150732,-0.008791223532219616,948,2021-10-08,81.01000213623047,-0.0098753614450285,-0.0264164835602609,0.0055548319513121,2021-10-08,2021-10-12,2021-10-14
2022-02-01,NEE,NEE:2022-01-31,2022-01-31,78.12000274658203,72.5,78.30000305175781,3.44000244140625,0.34883829243625913,78.04000091552734,79.47000122070312,76.02999877929688,77.2300033569336,86.65839996337891,-0.10068170825180789,-0.061057624855688,1028,2022-02-02,77.41999816894531,0.004004200404549,-0.0182122974174961,-0.0253164444694968,2022-02-02,2022-02-04,2022-02-08
2022-04-26,NEE,NEE:2022-04-25,2022-04-25,74.04000091552734,73.94999694824219,74.51000213623047,1.4800033569335938,0.054055168645321595,74.05000305175781,74.97000122070312,73.48999786376953,73.56999969482422,80.5906004333496,-0.08159923133242941,-0.13996975182887472,1086,2022-04-27,73.83000183105469,-0.0075850626317163,-0.0380604783732556,-0.0415820075671853,2022-04-27,2022-04-29,2022-05-03
2022-10-14,NEE,NEE:2022-10-13,2022-10-13,73.08999633789062,72.75,73.56999969482422,3.399993896484375,0.09705729236789903,73.79000091552734,74.83999633789062,71.44000244140625,71.7699966430664,85.04159973144532,-0.14380236051371187,-0.08603232184309839,1205,2022-10-17,72.80000305175781,0.0116758027265022,0.011538410751074,-0.0157967235943836,2022-10-17,2022-10-19,2022-10-21
2022-10-26,NEE,NEE:2022-10-25,2022-10-25,75.86000061035156,73.27999877929688,76.08999633789062,1.2299957275390625,0.24389956456475084,75.86000061035156,76.52999877929688,75.30000305175781,75.5999984741211,82.51659973144531,-0.08398457226739908,-0.0022359354422559763,1213,2022-10-27,76.05000305175781,-0.0076265852436581,0.0190663627883795,0.0161735131910771,2022-10-27,2022-10-31,2022-11-02
2023-02-27,NEE,NEE:2023-02-24,2023-02-24,72.91999816894531,72.87000274658203,73.33000183105469,1.9899978637695312,0.09045251176039841,72.97000122070312,73.66999816894531,71.68000030517578,71.86000061035156,79.84499984741211,-0.09021496614994706,-0.004776832129884001,1296,2023-02-28,71.69999694824219,-0.0093444657944541,0.0071130008080562,0.0376569692127848,2023-02-28,2023-03-02,2023-03-06
2023-05-30,NEE,NEE:2023-05-26,2023-05-26,73.91999816894531,73.38999938964844,74.55999755859375,2.1999969482421875,0.06363617447755915,74.3499984741211,74.75,72.55000305175781,72.69000244140625,76.37459991455079,-0.03289367411155897,-0.05182145924796444,1360,2023-05-31,72.63999938964844,0.011288542149149,0.0166574765231217,0.0101871953467413,2023-05-31,2023-06-02,2023-06-06
2023-06-05,NEE,NEE:2023-06-02,2023-06-02,73.8499984741211,72.95999908447266,74.19999694824219,1.55999755859375,0.16666340623655074,74.1500015258789,74.88999938964844,73.33000183105469,73.58999633789062,76.2663998413086,-0.03173955689285368,-0.016644474372802254,1364,2023-06-06,73.77999877929688,-0.0054215442192599,0.0151803031324568,0.0027108238133075,2023-06-06,2023-06-08,2023-06-12
2023-08-10,NEE,NEE:2023-08-09,2023-08-09,68.91999816894531,68.70999908447266,69.58000183105469,1.5100021362304688,0.09271469641621068,69.30000305175781,69.66000366210938,68.1500015258789,68.29000091552734,73.17359970092774,-0.05926162653306766,-0.0732822963071249,1410,2023-08-11,68.30000305175781,0.0090775269324316,-0.0139092904127222,-0.0115666307500554,2023-08-11,2023-08-15,2023-08-17
2023-08-24,NEE,NEE:2023-08-23,2023-08-23,67.88999938964844,67.5199966430664,68.13999938964844,1.3300018310546875,0.10526255406537177,67.88999938964844,68.41000366210938,67.08000183105469,67.22000122070312,71.9481997680664,-0.05827096301056789,-0.014944846295149583,1420,2023-08-25,67.30000305175781,0.0098067756729114,0.0031203428670152,-0.0074294201683091,2023-08-25,2023-08-29,2023-08-31
2023-10-04,NEE,NEE:2023-10-03,2023-10-03,52.779998779296875,52.150001525878906,53.11000061035156,3.4099998474121094,0.02345982989358001,53.709999084472656,53.95000076293945,50.540000915527344,50.619998931884766,66.80899971008301,-0.2158133084179943,-0.21911522948687212,1448,2023-10-05,49.810001373291016,-0.0072274764189145,-0.0098374154779594,0.0748845500782584,2023-10-05,2023-10-09,2023-10-11
2023-10-12,NEE,NEE:2023-10-11,2023-10-11,53.540000915527344,51.58000183105469,53.56999969482422,1.7400016784667969,0.44252857183572264,53.06999969482422,53.970001220703125,52.22999954223633,53.0,64.19419975280762,-0.170853165442858,-0.10707135201754603,1454,2023-10-13,53.529998779296875,0.0179339234272728,0.0119559014429859,-0.0212964583531681,2023-10-13,2023-10-17,2023-10-19
2023-11-15,NEE,NEE:2023-11-14,2023-11-14,57.54999923706055,54.5,57.7400016784668,1.75,0.0114288330078125,57.47999954223633,58.72999954223633,56.97999954223633,57.0,58.539400024414064,-0.019811572776319397,-0.01286449416491986,1478,2023-11-16,57.41999816894531,-0.0142807335592655,-0.0013932082707848,0.0008708299086093,2023-11-16,2023-11-20,2023-11-22
2024-01-24,NEE,NEE:2024-01-23,2024-01-23,57.380001068115234,56.849998474121094,57.5099983215332,1.6599998474121094,0.15662550929660193,58.099998474121094,58.40999984741211,56.75,57.0099983215332,59.368799743652346,-0.032752873927776927,-0.08804827180628227,1524,2024-01-25,58.95000076293945,-0.0164546430559665,0.0105173693615037,-0.005428323845339,2024-01-25,2024-01-29,2024-01-31
2024-11-20,NEE,NEE:2024-11-19,2024-11-19,77.08000183105469,76.38999938964844,77.31999969482422,1.1399993896484375,0.4561376504129245,77.19000244140625,77.5,76.36000061035156,76.87999725341797,81.19800003051758,-0.05224456535448496,-0.01996185205804002,1733,2024-11-21,76.79000091552734,0.0074228374531633,-0.0019533991937819,0.0225289192201227,2024-11-21,2024-11-25,2024-11-27
2024-12-16,NEE,NEE:2024-12-13,2024-12-13,73.62000274658203,73.22000122070312,73.75,1.4599990844726562,0.020547121992004806,73.69999694824219,74.22000122070312,72.76000213623047,72.79000091552734,78.2931997680664,-0.06233757107178117,-0.06419213855221306,1750,2024-12-17,72.30999755859375,-0.0005531865146991,-0.0351265523618521,0.0024892865613765,2024-12-17,2024-12-19,2024-12-23
2025-01-17,NEE,NEE:2025-01-16,2025-01-16,71.37000274658203,69.29000091552734,71.41999816894531,1.0999984741210938,0.018185727463777664,71.08999633789062,71.83999633789062,70.73999786376953,70.76000213623047,73.72099990844727,-0.03388505136857345,-0.00446365858455311,1771,2025-01-21,71.36000061035156,-0.0071468908613838,-0.029848615964123,0.0346132455097656,2025-01-21,2025-01-23,2025-01-27
2025-04-15,NEE,NEE:2025-04-14,2025-04-14,67.69000244140625,65.80999755859375,68.12000274658203,0.910003662109375,0.14286193366645428,67.86000061035156,68.44000244140625,67.52999877929688,67.66000366210938,69.99779998779297,-0.03390533350185332,-0.04514031564104459,1831,2025-04-16,67.94999694824219,-0.0339955505863125,-0.0481235730673715,-0.0100073632923595,2025-04-16,2025-04-21,2025-04-23
2025-08-01,NEE,NEE:2025-07-31,2025-07-31,71.05999755859375,70.98999786376953,71.22000122070312,1.4500045776367188,0.0413827576227934,71.43000030517578,71.79000091552734,70.33999633789062,70.4000015258789,72.12379928588867,-0.015844022223934884,-0.05480184530271126,1905,2025-08-04,70.5,0.0004255145999556,0.0005673888727282,0.0270922505263742,2025-08-04,2025-08-06,2025-08-08
2018-07-24,NFLX,NFLX:2018-07-23,2018-07-23,36.26599884033203,36.10499954223633,36.38999938964844,1.2840003967285156,0.21495099422744976,36.694000244140625,36.7400016784668,35.45600128173828,35.731998443603516,37.441800079345704,-0.029804143412013873,-0.13440104553863785,140,2018-07-25,35.75699996948242,0.0148222384358087,-0.0066001079854735,-0.056268731697705,2018-07-25,2018-07-27,2018-07-31
2018-07-27,NFLX,NFLX:2018-07-26,2018-07-26,36.30899810791016,36.2869987487793,36.55400085449219,1.5349998474121094,0.2319211910803174,36.685001373291016,36.70000076293945,35.165000915527344,35.520999908447266,37.6384400177002,-0.03393434285702124,-0.12191053330669022,143,2018-07-30,35.19300079345703,-0.0482198838583884,-0.038501960949242,-0.0251187072888432,2018-07-30,2018-08-01,2018-08-03
2018-08-03,NFLX,NFLX:2018-08-02,2018-08-02,34.45000076293945,33.8380012512207,34.5,0.9379997253417969,0.49146979759324255,34.775001525878906,34.7859992980957,33.847999572753906,34.308998107910156,37.72008003234863,-0.08677225567486746,-0.054169056765497436,148,2018-08-06,34.2869987487793,0.0234782959883428,0.013824564862261,0.0087497612128706,2018-08-06,2018-08-08,2018-08-10
2018-08-23,NFLX,NFLX:2018-08-22,2018-08-22,34.444000244140625,33.801998138427734,34.62099838256836,1.2430000305175781,0.12228513557059338,34.81100082397461,35.007999420166016,33.76499938964844,33.91699981689453,37.12357997894287,-0.07421293694467557,-0.00911945364925204,162,2018-08-24,34.599998474121094,0.0370520679739392,0.065000018742733,0.0721965667282089,2018-08-24,2018-08-28,2018-08-30
2018-11-02,NFLX,NFLX:2018-11-01,2018-11-01,31.738000869750977,30.17799949645996,31.844999313354492,1.3549995422363281,0.05682633971931701,31.799999237060547,32.1879997253418,30.83300018310547,30.90999984741211,34.861019935607914,-0.0911527300688676,-0.08459520761553097,212,2018-11-05,31.11000061035156,0.0139504984488614,0.0527161477811974,-0.0245258911382781,2018-11-05,2018-11-07,2018-11-09
2018-11-06,NFLX,NFLX:2018-11-05,2018-11-05,31.54400062561035,30.90999984741211,31.753000259399418,1.4919986724853516,0.37131329763230325,31.47599983215332,32.02199935913086,30.530000686645508,31.083999633789062,34.66677993774414,-0.09289225213944619,-0.042786854446615896,214,2018-11-07,31.290000915527344,0.0466602442235195,-0.0301374485735178,-0.0591243313307697,2018-11-07,2018-11-09,2018-11-13
2018-12-19,NFLX,NFLX:2018-12-18,2018-12-18,27.0939998626709,26.280000686645508,27.575000762939453,1.7099990844726562,0.17543824425675827,26.996000289916992,28.086999893188477,26.37700080871582,26.677000045776367,29.759380073547362,-0.09457413505424739,-0.06668965822192408,243,2018-12-20,26.464000701904297,-0.0153416009129673,-0.1162333786290182,-0.0342730302034817,2018-12-20,2018-12-24,2018-12-27
2019-08-09,NFLX,NFLX:2019-08-08,2019-08-08,31.59000015258789,30.429000854492188,31.63599967956543,1.095998764038086,0.296532136946394,31.374000549316406,31.663999557495117,30.56800079345703,30.89299964904785,34.75596000671387,-0.0933304216419859,-0.03234698764996724,403,2019-08-12,30.54599952697754,0.0175800649657464,-0.0207883270711445,-0.0087081400003659,2019-08-12,2019-08-14,2019-08-16
2019-09-26,NFLX,NFLX:2019-09-25,2019-09-25,26.475000381469727,25.458999633789062,26.65999984741211,0.7849998474121094,0.3961770408634338,26.642000198364254,26.80500030517578,26.020000457763672,26.33099937438965,29.99412006378174,-0.12312310842445073,-0.08159015194873509,436,2019-09-27,26.618000030517575,-0.0116462343371765,0.0127733170109729,0.0074010257462686,2019-09-27,2019-10-01,2019-10-03
2020-09-16,NFLX,NFLX:2020-09-15,2020-09-15,49.5989990234375,47.625999450683594,49.74700164794922,2.1349983215332102,0.025761287313932773,49.999000549316406,50.46599960327149,48.33100128173828,48.38600158691406,50.1475,-0.011304466215173559,-0.06339229128046786,681,2020-09-17,47.51599884033203,-0.0104385553218624,0.0256545542505743,-0.0095756803489778,2020-09-17,2020-09-21,2020-09-23
2020-10-28,NFLX,NFLX:2020-10-27,2020-10-27,48.89300155639648,48.82400131225586,49.04899978637695,1.0720024108886719,0.2761201199918867,48.63600158691406,49.400001525878906,48.327999114990234,48.624000549316406,50.68233978271484,-0.03551924165453069,-0.11759820234397789,711,2020-10-29,48.849998474121094,0.0321597340691286,-0.0089662177896245,0.0172978760920694,2020-10-29,2020-11-02,2020-11-04
2021-03-08,NFLX,NFLX:2021-03-05,2021-03-05,51.63899993896485,51.12900161743164,51.7760009765625,2.5989990234375,0.01846877788737025,51.44599914550781,51.88399887084961,49.28499984741211,49.33300018310547,53.44737991333008,-0.035062443859160575,-0.04411164800332834,799,2021-03-09,50.73099899291992,-0.0017148880874982,0.0310461215865127,0.0255071368324439,2021-03-09,2021-03-11,2021-03-15
2021-03-10,NFLX,NFLX:2021-03-09,2021-03-09,50.64400100708008,49.33300018310547,51.31100082397461,1.4720001220703125,0.019700629217676145,51.349998474121094,51.89699935913086,50.42499923706055,50.45399856567383,53.412439880371096,-0.052166031793590806,-0.07270897279771349,801,2021-03-11,51.220001220703125,0.0212026261084368,0.0157165225691249,0.0238968956319109,2021-03-11,2021-03-15,2021-03-17
2021-04-27,NFLX,NFLX:2021-04-26,2021-04-26,51.029998779296875,50.55500030517578,51.04800033569336,0.8409996032714844,0.11533908184139742,51.262001037597656,51.29899978637695,50.45800018310547,50.55500030517578,52.99933990478516,-0.03900623735526587,-0.07684795231400676,834,2021-04-28,50.52000045776367,0.0026128259755813,0.0163697477595639,-0.0039984097877338,2021-04-28,2021-04-30,2021-05-04
2021-05-03,NFLX,NFLX:2021-04-30,2021-04-30,51.34700012207031,50.900001525878906,51.45500183105469,1.375,0.28436279296875,51.26499938964844,51.89500045776367,50.52000045776367,50.9109992980957,52.68141998291016,-0.026479777703638963,-0.060507908792900356,838,2021-05-04,51.077999114990234,-0.0148791717510751,-0.0219859294293689,-0.0471631708067735,2021-05-04,2021-05-06,2021-05-10
2022-01-12,NFLX,NFLX:2022-01-11,2022-01-11,54.08399963378906,53.98500061035156,54.39099884033203,1.2249984741210938,0.4244906983551628,54.426998138427734,54.426998138427734,53.20199966430664,53.72200012207031,62.38358009338379,-0.1370237369352033,-0.11440781401122191,1015,2022-01-13,53.70600128173828,-0.0332551869468685,-0.0488958289206408,-0.0536439215365389,2022-01-13,2022-01-18,2022-01-20
2022-01-20,NFLX,NFLX:2022-01-19,2022-01-19,51.58599853515625,51.08000183105469,52.32099914550781,1.9710006713867188,0.06697104237389827,51.775001525878906,52.66400146484375,50.69300079345703,50.82500076293945,60.88002014160156,-0.15662877629220062,-0.1273619712346732,1020,2022-01-21,40.042999267578125,-0.0073171159238154,-0.0849337222178612,-0.0342881683127193,2022-01-21,2022-01-25,2022-01-27
2022-04-29,NFLX,NFLX:2022-04-28,2022-04-28,19.95199966430664,18.854000091552734,20.14800071716309,1.4710006713867188,0.024472659187685094,19.868000030517575,20.47100067138672,19.0,19.035999298095703,34.16529987335205,-0.42303144048468166,-0.4306423513592832,1089,2022-05-02,19.17099952697754,0.0404256239973137,0.0641593851434541,-0.0560220870798044,2022-05-02,2022-05-04,2022-05-06
2022-05-16,NFLX,NFLX:2022-05-13,2022-05-13,18.763999938964844,17.430999755859375,18.777000427246097,1.0190010070800781,0.07948900327562003,19.329999923706055,19.589000701904297,18.56999969482422,18.650999069213867,29.853299865722658,-0.37875243242564105,-0.014288682977524059,1100,2022-05-17,18.91699981689453,0.0073478849875923,-0.0300787783289218,-0.0091452311343184,2022-05-17,2022-05-19,2022-05-23
2022-10-14,NFLX,NFLX:2022-10-13,2022-10-13,23.250999450683594,22.086999893188477,23.44700050354004,0.9289989471435547,0.052744716802549156,23.780000686645508,23.8799991607666,22.951000213623047,23.0,23.277320098876952,-0.0011230173696525902,-0.030036343937971832,1205,2022-10-17,23.44099998474121,0.0456038669355609,0.1619811820093597,0.2353142251299549,2022-10-17,2022-10-19,2022-10-21
2023-03-06,NFLX,NFLX:2023-03-03,2023-03-03,31.51799964904785,31.187999725341797,31.749000549316406,1.1460018157958984,0.016578594788915654,31.700000762939453,32.33000183105469,31.18400001525879,31.20299911499023,33.23666004180908,-0.05034744701712024,-0.10130876174125358,1301,2023-03-07,31.26799964904785,-0.0134642296182307,-0.0476525453448231,-0.0613086810288775,2023-03-07,2023-03-09,2023-03-13
2023-03-09,NFLX,NFLX:2023-03-08,2023-03-08,31.179000854492188,30.847000122070312,31.183000564575195,1.7629985809326172,0.1644919124241739,31.20800018310547,31.250999450683594,29.488000869750977,29.777999877929688,33.29140007019043,-0.06329310849365899,-0.06895001730328876,1304,2023-03-10,29.790000915527344,-0.0172541735655189,-0.0099362680506628,0.0408190522289535,2023-03-10,2023-03-14,2023-03-16
2023-08-15,NFLX,NFLX:2023-08-14,2023-08-14,42.77799987792969,42.16600036621094,42.8849983215332,0.8079986572265625,0.3292070326515967,42.44100189208984,42.9119987487793,42.104000091552734,42.369998931884766,43.19116020202637,-0.008499314194097773,-0.02549147999949597,1413,2023-08-16,42.37300109863281,-0.0195408139196969,-0.0453119187657569,-0.0249215238118559,2023-08-16,2023-08-18,2023-08-22
2023-10-03,NFLX,NFLX:2023-10-02,2023-10-02,38.03300094604492,37.7599983215332,38.48099899291992,2.2050018310546875,0.17687032462095262,37.71099853515625,39.4900016784668,37.28499984741211,37.67499923706055,41.57031982421875,-0.08735896190103687,-0.03567438462615047,1447,2023-10-04,37.650001525878906,0.0010623399524323,0.0133067577789931,-0.0084462358716892,2023-10-04,2023-10-06,2023-10-10
2024-08-01,NFLX,NFLX:2024-07-31,2024-07-31,62.834999084472656,62.257999420166016,63.36000061035156,2.9099960327148438,0.2487972544629397,62.92499923706055,64.6709976196289,61.76100158691406,62.48500061035156,65.49939987182617,-0.041145821144024874,-0.029515383930124317,1655,2024-08-02,62.097999572753906,-0.0118200451659963,-0.0183741641950194,0.0150890573143247,2024-08-02,2024-08-06,2024-08-08
2025-01-16,NFLX,NFLX:2025-01-15,2025-01-15,84.82599639892578,82.83999633789062,85.08399963378906,2.6959991455078125,0.012980728414975804,86.09600067138672,86.89800262451172,84.2020034790039,84.23699951171875,87.37580017089844,-0.027261180243576044,-0.05793901703728377,1770,2025-01-17,85.97899627685547,-0.0019655814277889,0.1095617093273231,0.1370102806359749,2025-01-17,2025-01-22,2025-01-24
2025-07-31,NFLX,NFLX:2025-07-30,2025-07-30,118.41999816894533,116.8740005493164,118.48500061035156,3.2259979248046733,0.05145705920469865,118.4800033569336,119.0,115.77400207519533,115.94000244140624,123.24256027221679,-0.03963311481425158,-0.05287488826470832,1904,2025-08-01,116.3010025024414,-0.0037919010378314,-0.0130179440106981,0.0149267850120098,2025-08-01,2025-08-05,2025-08-07
2025-09-16,NFLX,NFLX:2025-09-15,2025-09-15,120.22599792480467,118.84400177001952,120.7239990234375,1.1720046997070312,0.27560100770097057,120.56400299072266,120.9000015258789,119.72799682617188,120.0510025024414,121.62476028442383,-0.012946993722046551,-0.00495757532436869,1936,2025-09-17,122.10199737548828,0.0061260349110634,0.0048729851557904,-0.0020883954308609,2025-09-17,2025-09-19,2025-09-23
2018-10-17,NKE,NKE:2018-10-16,2018-10-16,77.4800033569336,74.98999786376953,77.6500015258789,1.8600006103515625,0.2903229775958391,77.5199966430664,77.80000305175781,75.94000244140625,76.4800033569336,81.45380050659179,-0.04973087611014204,-0.06391196690444656,200,2018-10-18,77.4000015258789,-0.0232558529234133,-0.0322997409653037,-0.0682170371473634,2018-10-18,2018-10-22,2018-10-24
2018-12-28,NKE,NKE:2018-12-27,2018-12-27,73.66999816894531,73.01000213623047,73.7300033569336,1.8899993896484375,0.40740576281859797,73.97000122070312,74.45999908447266,72.56999969482422,73.33999633789062,73.81300003051757,-0.003055681127085874,-0.008745983968621807,249,2018-12-31,73.9800033569336,0.0021626929637039,-0.01662615978806,0.0235198402921734,2018-12-31,2019-01-03,2019-01-07
2019-06-06,NKE,NKE:2019-06-05,2019-06-05,82.72000122070312,81.62000274658203,82.9000015258789,0.9799957275390625,0.37754768392370575,82.72000122070312,83.05999755859375,82.08000183105469,82.44999694824219,84.32739990234376,-0.01927772140361217,-0.010999499948097458,358,2019-06-07,83.08999633789062,0.0038513339550216,0.002046044118819,0.0062583258560551,2019-06-07,2019-06-11,2019-06-13
2019-08-09,NKE,NKE:2019-08-08,2019-08-08,83.0,81.27999877929688,83.36000061035156,2.1100006103515625,0.3127978536458371,83.13999938964844,83.43000030517578,81.31999969482422,81.9800033569336,84.5842007446289,-0.018097767972721557,-0.04903756690143435,403,2019-08-12,81.41000366210938,0.0029480144082247,-0.0046677910050182,-0.013880418031948,2019-08-12,2019-08-14,2019-08-16
2019-11-06,NKE,NKE:2019-11-05,2019-11-05,89.87999725341797,89.86000061035156,90.33999633789062,1.9800033569335938,0.37373951441683395,90.63999938964844,90.72000122070312,88.73999786376953,89.4800033569336,90.2909992980957,-0.002906546952932243,-0.05983264970711821,465,2019-11-07,90.47000122070312,-0.0007737337667703,-0.0046424026006225,0.0090637745524486,2019-11-07,2019-11-11,2019-11-13
2019-11-12,NKE,NKE:2019-11-11,2019-11-11,90.05000305175781,89.80999755859375,90.0999984741211,2.5400009155273438,0.0039378474902605105,90.30999755859376,92.02999877929688,89.48999786376953,89.5,90.72559936523437,-0.006388642500134711,-0.008805673481559362,469,2019-11-13,89.7300033569336,0.0173854619439641,0.0368884145186871,0.0432408013848375,2019-11-13,2019-11-15,2019-11-19
2020-03-03,NKE,NKE:2020-03-02,2020-03-02,92.68000030517578,89.37999725341797,93.13999938964844,4.410003662109375,0.08163272367428567,92.73999786376952,94.9800033569336,90.56999969482422,90.93000030517578,100.05300003051758,-0.07547248574756071,-0.10488700516056249,544,2020-03-04,92.08000183105467,0.0185707976810221,-0.0403996649297255,-0.0410512457008014,2020-03-04,2020-03-06,2020-03-10
2020-03-20,NKE,NKE:2020-03-19,2020-03-19,70.33999633789062,68.04000091552734,72.70999908447266,6.8600006103515625,0.03644314544560776,71.51000213623047,74.05999755859375,67.19999694824219,67.44999694824219,94.18139999389649,-0.25851280628880335,-0.22344894109093416,557,2020-03-23,65.0,-0.0338461655836839,0.2155384944035456,0.2804615901066707,2020-03-23,2020-03-25,2020-03-27
2021-04-07,NKE,NKE:2021-04-06,2021-04-06,137.16000366210938,135.1199951171875,137.7100067138672,1.8800048828125,0.09574053632880981,136.99000549316406,138.24000549316406,136.36000061035156,136.5399932861328,137.7798001098633,-0.00464438782038501,-0.00802777591706949,820,2021-04-08,137.27999877929688,-0.0262238209173013,-0.0046620002574253,-0.0365676305149996,2021-04-08,2021-04-12,2021-04-14
2022-01-13,NKE,NKE:2022-01-12,2022-01-12,152.2100067138672,150.3000030517578,153.4600067138672,4.5800018310546875,0.12445236627742333,153.1999969482422,153.60000610351562,149.02000427246094,149.58999633789062,166.7986004638672,-0.08945375488020058,-0.09817509293324045,1016,2022-01-14,148.38999938964844,-0.0014152349533727,-0.0221039072227779,-0.0366601689047904,2022-01-14,2022-01-19,2022-01-21
2022-03-03,NKE,NKE:2022-03-02,2022-03-02,135.67999267578125,132.22000122070312,136.61000061035156,3.350006103515625,0.1552248731473131,136.74000549316406,136.8000030517578,133.4499969482422,133.97000122070312,149.2986001586914,-0.09400988368267216,-0.06800390871517081,1049,2022-03-04,132.50999450683594,-0.0100369925755756,-0.0852765518889243,-0.048901939447328,2022-03-04,2022-03-08,2022-03-10
2022-04-29,NKE,NKE:2022-04-28,2022-04-28,127.0500030517578,121.23999786376952,127.97000122070312,4.1999969482421875,0.10714220838435076,126.22000122070312,128.4499969482422,124.25,124.6999969482422,130.90140029907226,-0.032642673993901195,-0.0034512104430488577,1089,2022-05-02,124.43000030517578,0.0132604799632896,0.0130997126852066,-0.0798842917064012,2022-05-02,2022-05-04,2022-05-06
2022-06-27,NKE,NKE:2022-06-24,2022-06-24,112.91000366210938,108.0,112.94000244140624,3.3700027465820312,0.19584662439185624,112.23999786376952,113.20999908447266,109.83999633789062,110.5,117.21180053710937,-0.03948561153361008,-0.047976348104703304,1128,2022-06-28,108.1999969482422,-0.0500924059317486,-0.0554528666287312,-0.035859495035605,2022-06-28,2022-06-30,2022-07-05
2022-07-06,NKE,NKE:2022-07-05,2022-07-05,104.31999969482422,101.18000030517578,104.37999725341795,2.2700042724609233,0.34361451128274006,104.88999938964844,105.72000122070312,103.4499969482422,104.2300033569336,113.52020004272461,-0.08504872446095035,-0.028134868139550684,1134,2022-07-07,105.6500015258789,0.0234736932486612,-0.0051112248720135,-0.0051112248720135,2022-07-07,2022-07-11,2022-07-13
2022-09-02,NKE,NKE:2022-09-01,2022-09-01,106.48999786376952,106.4499969482422,106.5500030517578,3.099998474121108,0.22257908117433564,107.45999908447266,108.1500015258789,105.0500030517578,105.73999786376952,109.57720016479492,-0.028574473262948596,-0.08206192653355548,1176,2022-09-06,105.44000244140624,-0.0027503879819094,0.0312025876266042,0.0658193726415012,2022-09-06,2022-09-08,2022-09-12
2022-09-15,NKE,NKE:2022-09-14,2022-09-14,107.0,105.72000122070312,107.36000061035156,3.309997558593764,0.20241651453965787,106.1500015258789,108.13999938964844,104.83000183105467,105.5,110.02840026855469,-0.02729925844321679,-0.00797330433418364,1184,2022-09-16,104.06999969482422,0.000480475179249,-0.0158547278823617,-0.0530411901532938,2022-09-16,2022-09-20,2022-09-22
2022-10-06,NKE,NKE:2022-10-05,2022-10-05,91.0999984741211,88.63999938964844,91.6999969482422,2.8300018310546875,0.12720861393132435,90.48999786376952,92.63999938964844,89.80999755859375,90.16999816894533,106.60120010375977,-0.14823992946423425,-0.08708289770196886,1199,2022-10-07,88.54000091552734,-0.0155861445578091,-0.0062119160387467,0.0115201788177023,2022-10-07,2022-10-11,2022-10-13
2022-10-14,NKE,NKE:2022-10-13,2022-10-13,89.55999755859375,88.51000213623047,89.80999755859375,3.3899993896484233,0.017700648611179953,90.51000213623048,90.87999725341795,87.48999786376953,87.55000305175781,103.51080017089843,-0.1392550326456452,-0.06052663549389847,1205,2022-10-17,89.52999877929688,0.0049145811170054,-0.0107226527148646,-0.0115045101456546,2022-10-17,2022-10-19,2022-10-21
2023-03-06,NKE,NKE:2023-03-03,2023-03-03,120.94000244140624,119.58000183105467,121.04000091552734,2.029998779296861,0.10344788706986746,121.12999725341795,121.98999786376952,119.95999908447266,120.16999816894533,123.21460021972656,-0.015750897192453372,-0.0276571385108082,1301,2023-03-07,120.1999969482422,-0.0050748804146328,-0.0193843116540464,-0.0277869918692994,2023-03-07,2023-03-09,2023-03-13
2023-03-09,NKE,NKE:2023-03-08,2023-03-08,119.86000061035156,119.58999633789062,120.04000091552734,4.309997558593764,0.07424591092544712,120.08000183105467,121.86000061035156,117.5500030517578,117.87000274658205,123.38620025634765,-0.02832340459199212,-0.00033361897429762255,1304,2023-03-10,118.83000183105467,-0.0112766468622149,0.0014305997334496,0.0153159948395169,2023-03-10,2023-03-14,2023-03-16
2023-05-30,NKE,NKE:2023-05-26,2023-05-26,107.51000213623048,107.4800033569336,108.4499969482422,2.6100006103515483,0.0957854182134949,108.4000015258789,108.87999725341795,106.2699966430664,106.5199966430664,121.12940002441407,-0.11446474113503469,-0.10564842396611096,1360,2023-05-31,105.6999969482422,-0.0041626757305127,0.0196783528014026,0.0046358136926343,2023-05-31,2023-06-02,2023-06-06
2023-06-13,NKE,NKE:2023-06-12,2023-06-12,106.83000183105467,105.86000061035156,106.8499984741211,1.19000244140625,0.41176206595886544,107.13999938964844,107.4800033569336,106.29000091552734,106.77999877929688,118.20779998779297,-0.09867115097190748,-0.006324995736807337,1370,2023-06-14,107.4800033569336,0.0500557972216597,0.0568477185534332,0.0232601406951735,2023-06-14,2023-06-16,2023-06-21
2023-08-31,NKE,NKE:2023-08-30,2023-08-30,102.0999984741211,101.7699966430664,102.80999755859376,1.279998779296875,0.07812388241184465,102.62000274658205,102.88999938964844,101.61000061035156,101.70999908447266,107.18419952392578,-0.048901916302959925,-0.041584533520493294,1425,2023-09-01,101.97000122070312,0.0038246482787063,-0.0175541913709805,-0.0421692948934159,2023-09-01,2023-09-06,2023-09-08
2023-09-15,NKE,NKE:2023-09-14,2023-09-14,97.19000244140624,96.12999725341795,97.68000030517578,2.0200042724609517,0.06435871675367534,98.1500015258789,98.1500015258789,96.12999725341795,96.26000213623048,104.73859970092774,-0.07363453995976299,-0.04809006959935824,1435,2023-09-18,96.0,-0.0051041444142659,-0.0204166571299234,-0.0536458492279052,2023-09-18,2023-09-20,2023-09-22
2023-12-29,NKE,NKE:2023-12-28,2023-12-28,108.81999969482422,107.12999725341795,109.4000015258789,1.8700027465820312,0.25668591012015257,108.95999908447266,109.95999908447266,108.08999633789062,108.56999969482422,109.8049998474121,-0.008103255824807198,-0.10192290716140562,1508,2024-01-02,107.61000061035156,-0.0098503629084802,-0.0493448334585638,-0.0370783183824804,2024-01-02,2024-01-04,2024-01-08
2024-01-12,NKE,NKE:2024-01-11,2024-01-11,105.9000015258789,103.7699966430664,106.01000213623048,1.5999984741210938,0.21249791383545222,106.0,106.31999969482422,104.72000122070312,105.05999755859376,110.1297999572754,-0.03800732545515895,-0.011481338178600642,1517,2024-01-16,103.94000244140624,-0.0213584872864959,-0.0288628047867439,-0.0325188070369528,2024-01-16,2024-01-18,2024-01-22
2024-03-14,NKE,NKE:2024-03-13,2024-03-13,101.36000061035156,100.18000030517578,102.0,2.400001525878892,0.07083570427214667,102.1999969482422,102.48999786376952,100.08999633789062,100.26000213623048,102.61660018920898,-0.01345500586297188,-0.028653549664507727,1559,2024-03-15,100.3000030517578,-0.006580295533678,-0.0033898699595223,0.0051844130333482,2024-03-15,2024-03-19,2024-03-21
2024-03-28,NKE,NKE:2024-03-27,2024-03-27,94.12999725341795,92.58000183105467,94.1500015258789,1.379997253417983,0.39855372928863636,94.37000274658205,94.80999755859376,93.43000030517578,93.9800033569336,101.33020004272461,-0.07230925047819647,-0.07132994587013874,1569,2024-04-01,93.80999755859376,-0.0133248058046184,-0.0370962138162881,-0.0529794408916689,2024-04-01,2024-04-03,2024-04-05
2024-05-03,NKE,NKE:2024-05-02,2024-05-02,92.41000366210938,90.33999633789062,92.4499969482422,1.7799987792968608,0.15730279287464824,93.08999633789062,93.6500015258789,91.87000274658205,92.1500015258789,95.9679997253418,-0.03966258893058172,-0.034781640651365575,1594,2024-05-06,92.80999755859376,0.0059261185887928,0.0084042538499631,-0.0201486387930019,2024-05-06,2024-05-08,2024-05-10
2024-05-29,NKE,NKE:2024-05-28,2024-05-28,92.0,91.75,92.5199966430664,1.3400039672851705,0.21641795293704244,91.68000030517578,92.72000122070312,91.37999725341795,91.66999816894533,92.97859954833984,-0.012027486552212974,-0.007765327989904702,1611,2024-05-30,92.2300033569336,0.0132277300976253,0.0235281154717879,0.0226606989246467,2024-05-30,2024-06-03,2024-06-05
2024-07-18,NKE,NKE:2024-07-17,2024-07-17,73.06999969482422,72.80999755859375,73.33999633789062,1.5800018310546875,0.018986547171815697,72.97000122070312,73.93000030517578,72.3499984741211,72.37999725341797,88.20259979248047,-0.17548876229015065,-0.03905840590405163,1645,2024-07-19,72.30000305175781,0.0055324188049898,0.0152143627619716,-0.0123098112321144,2024-07-19,2024-07-23,2024-07-25
2024-11-04,NKE,NKE:2024-11-01,2024-11-01,78.05999755859375,77.12999725341797,78.12999725341797,1.44000244140625,0.05555673292925868,77.98999786376953,78.55000305175781,77.11000061035156,77.19000244140625,81.99399993896485,-0.0495694984975078,-0.05861071777220206,1721,2024-11-05,77.25,0.0094498816431534,-0.0172168521819376,-0.0084142592346784,2024-11-05,2024-11-07,2024-11-11
2024-12-18,NKE,NKE:2024-12-17,2024-12-17,78.0,77.19999694824219,78.7699966430664,2.160003662109375,0.027780132525184024,77.9800033569336,79.0,76.83999633789062,76.9000015258789,78.35699996948242,-0.005538384593189338,-0.010905409633469754,1752,2024-12-19,76.94000244140625,0.0020794908713017,-0.0023394892054086,0.0,2024-12-19,2024-12-23,2024-12-26
2025-01-02,NKE,NKE:2024-12-31,2024-12-31,75.66999816894531,74.6500015258789,76.38999938964844,3.4500045776367188,0.12463760424061088,76.25,76.69000244140625,73.23999786376953,73.66999816894531,77.21259994506836,-0.021957195650064154,-0.019818637820965823,1761,2025-01-03,73.91999816894531,-0.0082521729634975,-0.0247565188904927,-0.0367965542218564,2025-01-03,2025-01-07,2025-01-10
2025-01-17,NKE,NKE:2025-01-16,2025-01-16,71.11000061035156,71.06999969482422,71.2300033569336,0.6800003051757812,0.0,71.43000030517578,71.5199966430664,70.83999633789062,70.83999633789062,75.82579971313477,-0.0637606412845998,-0.06026163167617404,1771,2025-01-21,71.30000305175781,0.0262271393709483,0.0419354521149044,0.0600280308009237,2025-01-21,2025-01-23,2025-01-27
2025-03-18,NKE,NKE:2025-03-17,2025-03-17,73.69999694824219,71.66000366210938,73.94999694824219,1.44000244140625,0.40971898444453864,73.88999938964844,74.16000366210938,72.72000122070312,73.30999755859375,74.76239959716797,-0.014305314816728143,-0.060068951586380814,1811,2025-03-19,72.63999938964844,0.0048182609727687,-0.0647026017033799,-0.0839757506246672,2025-03-19,2025-03-21,2025-03-25
2025-10-09,NKE,NKE:2025-10-08,2025-10-08,69.08999633789062,68.91000366210938,69.43000030517578,1.7700042724609375,0.09604393141320183,69.55000305175781,69.66000366210938,67.88999938964844,68.05999755859375,73.92399978637695,-0.06756608302346845,-0.029907397448812767,1953,2025-10-10,68.18000030517578,-0.0434144774306777,-0.0079202245982734,-0.0196539155366274,2025-10-10,2025-10-14,2025-10-16
2018-04-05,NVDA,NVDA:2018-04-04,2018-04-04,5.656000137329102,5.633749961853027,5.666500091552734,0.26599979400634766,0.27161633580834715,5.715000152587891,5.728250026702881,5.462250232696533,5.5345001220703125,5.9500700378417966,-0.05082115880379534,-0.09351709338350711,64,2018-04-06,5.430749893188477,-0.0137181946119046,0.0491645175372821,0.0799613104028866,2018-04-06,2018-04-10,2018-04-12
2018-05-02,NVDA,NVDA:2018-05-01,2018-05-01,5.678500175476074,5.622499942779541,5.681250095367432,0.08874988555908203,0.29859447029367836,5.675000190734863,5.71999979019165,5.631249904632568,5.657750129699707,5.860395030975342,-0.03291674016151369,-0.043782058637361065,83,2018-05-03,5.690000057220459,0.0236818783864132,0.0926186195271099,0.1238136580742399,2018-05-03,2018-05-07,2018-05-09
2018-06-27,NVDA,NVDA:2018-06-26,2018-06-26,6.049749851226807,5.978000164031982,6.141250133514404,0.27325010299682617,0.02012923896294719,6.09375,6.160749912261963,5.887499809265137,5.89300012588501,6.180614986419678,-0.021317576423238394,-0.07841419989054788,122,2018-06-28,5.882999897003174,0.0235424470589571,0.029406822832257,0.031489084740927,2018-06-28,2018-07-02,2018-07-05
2018-06-29,NVDA,NVDA:2018-06-28,2018-06-28,6.021500110626221,5.89300012588501,6.0335001945495605,0.17875003814697266,0.006994499367774085,6.087250232696533,6.099999904632568,5.921249866485596,5.922500133514404,6.1867899990081785,-0.02609793567021068,-0.09759842432750976,124,2018-07-02,5.852250099182129,0.0348156914112196,0.0369088942625384,0.0647613659122281,2018-07-02,2018-07-05,2018-07-09
2018-07-03,NVDA,NVDA:2018-07-02,2018-07-02,6.056000232696533,5.922500133514404,6.059750080108643,0.18450021743774414,0.04607094398139174,6.091000080108643,6.0970001220703125,5.912499904632568,5.921000003814697,6.2000349998474125,-0.022209340107071318,-0.08619713230727877,126,2018-07-05,5.976749897003174,0.0153093711238405,0.0425816566943135,0.0353871538028935,2018-07-05,2018-07-09,2018-07-11
2018-10-17,NVDA,NVDA:2018-10-16,2018-10-16,6.145750045776367,5.884500026702881,6.1570000648498535,0.2200002670288086,0.22499967488415037,6.208499908447266,6.247000217437744,6.0269999504089355,6.076499938964844,6.649915008544922,-0.0767794368261816,-0.14189473723456958,200,2018-10-18,6.146500110626221,-0.0257464132482605,-0.0595461106139613,-0.1889286738046779,2018-10-18,2018-10-22,2018-10-24
2018-11-02,NVDA,NVDA:2018-11-01,2018-11-01,5.452750205993652,5.270750045776367,5.462250232696533,0.2947502136230469,0.39949137406654844,5.4432501792907715,5.550000190734863,5.255249977111816,5.373000144958496,6.389725017547607,-0.15009072398676582,-0.08942505615821283,212,2018-11-05,5.359749794006348,-0.0122206791510123,-0.0027986131931698,-0.0406735283415523,2018-11-05,2018-11-07,2018-11-09
2018-11-14,NVDA,NVDA:2018-11-13,2018-11-13,4.982749938964844,4.738500118255615,5.105249881744385,0.35124969482421875,0.31031978322726383,5.15749979019165,5.171999931335449,4.8207502365112305,4.929749965667725,6.096085014343262,-0.18804081499797576,-0.018177315028047425,220,2018-11-15,4.923749923706055,0.0276212558537543,-0.2652957354027542,-0.2652449889849283,2018-11-15,2018-11-19,2018-11-21
2018-11-21,NVDA,NVDA:2018-11-20,2018-11-20,3.7269999980926514,3.617500066757202,3.8564999103546143,0.2922499179840088,0.09409725196506728,3.865499973297119,3.882499933242798,3.590250015258789,3.6177499294281006,5.818585019111634,-0.36619203581226234,-0.2936606009440228,225,2018-11-23,3.582750082015991,0.0117925942409677,0.0727094964092642,0.09803919480902,2018-11-23,2018-11-27,2018-11-29
2018-11-29,NVDA,NVDA:2018-11-28,2018-11-28,4.0017499923706055,3.843250036239624,4.006999969482422,0.13399982452392578,0.227611754407191,4.0,4.037499904632568,3.9035000801086426,3.934000015258789,5.52084002494812,-0.2826026595096902,-0.19687922504857613,230,2018-11-30,3.943749904632568,0.0360063903133045,-0.004057000163107,-0.0642789200307641,2018-11-30,2018-12-04,2018-12-07
2018-12-13,NVDA,NVDA:2018-12-12,2018-12-12,3.722500085830689,3.704750061035156,3.819499969482422,0.1484999656677246,0.24410696567734974,3.7697501182556152,3.8345000743865967,3.686000108718872,3.722249984741211,4.990490036010742,-0.2642240837446488,-0.0314187079347773,239,2018-12-14,3.6802499294281006,-0.0051626425790421,-0.0018340788050753,-0.0822634000443247,2018-12-14,2018-12-18,2018-12-20
2019-05-17,NVDA,NVDA:2019-05-16,2019-05-16,4.004749774932861,3.989500045776367,4.047749996185303,0.21924996376037598,0.1812992808837746,3.962500095367432,4.092750072479248,3.873500108718872,3.913249969482422,4.441024999618531,-0.09749880530122523,-0.12555276563986295,345,2019-05-20,3.8137500286102295,-0.0052441771947496,-0.0022943197082625,-0.0485086703091961,2019-05-20,2019-05-22,2019-05-24
2019-06-05,NVDA,NVDA:2019-06-04,2019-06-04,3.575000047683716,3.3445000648498535,3.580250024795532,0.15925002098083496,0.22919919813517023,3.649250030517578,3.654750108718872,3.495500087738037,3.5320000648498535,4.288630003929138,-0.16954710830017294,-0.05766062530491656,357,2019-06-06,3.536250114440918,0.0164722371223293,0.0493460538448073,0.0335807290507863,2019-06-06,2019-06-10,2019-06-12
2020-03-20,NVDA,NVDA:2020-03-19,2020-03-19,5.324250221252441,5.070499897003174,5.41825008392334,0.6297497749328613,0.024613059474619534,5.474999904632568,5.757999897003174,5.1282501220703125,5.143750190734863,6.353474988937378,-0.16427158433420153,-0.22071789979904755,557,2020-03-23,5.142749786376953,0.0339312616410301,0.1940110492893547,0.2285742923032532,2020-03-23,2020-03-25,2020-03-27
2020-03-25,NVDA,NVDA:2020-03-24,2020-03-24,6.229499816894531,5.317249774932861,6.316500186920166,0.45399999618530273,0.10793009609214091,6.34499979019165,6.545499801635742,6.0914998054504395,6.140500068664551,6.337559986114502,-0.017543720116186545,-0.04557991968358521,560,2020-03-26,6.348499774932861,0.012995268282032,0.0458770164932258,-0.0428053844106803,2020-03-26,2020-03-30,2020-04-01
2021-03-10,NVDA,NVDA:2021-03-09,2021-03-09,12.52025032043457,11.593250274658203,12.61674976348877,0.5224990844726562,0.020573848287946266,12.840499877929688,12.979999542236328,12.457500457763672,12.468250274658203,13.544955043792724,-0.07636880829195847,-0.11467613174812907,801,2021-03-11,12.949999809265137,0.0033590692845506,0.0186293468494391,0.0302124027887351,2021-03-11,2021-03-15,2021-03-17
2022-04-14,NVDA,NVDA:2022-04-13,2022-04-13,22.20299911499023,21.503999710083008,22.5,1.6140003204345739,0.058859538100285734,22.5049991607666,22.777000427246097,21.163000106811523,21.257999420166016,24.565539894104003,-0.09909511095874013,-0.19815822727480947,1079,2022-04-18,21.200000762939453,0.0275000076473881,0.0133018668803857,-0.0794811939930036,2022-04-18,2022-04-20,2022-04-22
2022-04-20,NVDA,NVDA:2022-04-19,2022-04-19,22.197999954223633,21.78300094604492,22.37299919128418,1.4699993133544922,0.19183654403836498,22.517000198364254,22.670000076293945,21.200000762939453,21.48200035095215,24.41489990234375,-0.09321228515898983,-0.18866961041568475,1082,2022-04-21,21.708999633789062,-0.0702933849995888,-0.0832373318451052,-0.1517342472628153,2022-04-21,2022-04-25,2022-04-27
2022-04-29,NVDA,NVDA:2022-04-28,2022-04-28,19.781999588012695,18.415000915527344,20.03700065612793,1.6110000610351634,0.018622399446861407,19.402000427246097,20.128000259399418,18.517000198364254,18.54700088500977,23.540359954833985,-0.16530379171007692,-0.10903930205280288,1089,2022-05-02,18.541000366210938,0.0535030775168854,0.096704559201977,0.0072271651045219,2022-05-02,2022-05-04,2022-05-06
2022-06-27,NVDA,NVDA:2022-06-24,2022-06-24,17.125999450683594,16.225000381469727,17.139999389648438,0.7040004730224609,0.34517026597200207,17.312000274658203,17.329999923706055,16.625999450683594,16.868999481201172,18.122120056152344,-0.06049770666146648,-0.05108604099404479,1128,2022-06-28,16.899999618530273,-0.0543194845147552,-0.1030177077573901,-0.1145562079289951,2022-06-28,2022-06-30,2022-07-05
2022-09-20,NVDA,NVDA:2022-09-19,2022-09-19,13.381999969482422,13.197999954223633,13.463000297546388,0.4259996414184588,0.2793417403003841,13.21500015258789,13.482999801635742,13.057000160217283,13.175999641418455,16.405279960632324,-0.18624732506758446,-0.019418211859649537,1187,2022-09-21,13.213000297546388,0.0036327390401977,-0.0527511154048387,-0.0605464446166266,2022-09-21,2022-09-23,2022-09-27
2022-10-06,NVDA,NVDA:2022-10-05,2022-10-05,13.208999633789062,13.166999816894531,13.321000099182127,0.5530004501342773,0.04882532598217165,13.220000267028809,13.656000137329102,13.102999687194824,13.130000114440918,15.467199935913087,-0.15111438815255984,-0.003921276452219291,1199,2022-10-07,12.505000114440918,-0.0343062692436489,-0.0734905768513159,-0.043582572675435,2022-10-07,2022-10-11,2022-10-13
2022-10-14,NVDA,NVDA:2022-10-13,2022-10-13,11.960000038146973,11.5,12.07800006866455,0.9069995880126971,0.025358074901848063,12.057000160217283,12.111000061035156,11.20400047302246,11.22700023651123,14.643139991760254,-0.19205020326014566,-0.021276614009850037,1205,2022-10-17,11.517999649047852,0.0321236236180706,0.0462753957814772,0.0823059544286408,2022-10-17,2022-10-19,2022-10-21
2023-01-03,NVDA,NVDA:2022-12-30,2022-12-30,14.61400032043457,14.602999687194824,14.628999710083008,0.9000005722045898,0.2433330260384712,14.85099983215332,14.996000289916992,14.095999717712402,14.3149995803833,15.361799945831299,-0.046044920914215526,-0.13791879366272375,1259,2023-01-04,14.56700038909912,0.0124939384692515,0.0200452947823797,0.0921260363687261,2023-01-04,2023-01-06,2023-01-10
2023-09-26,NVDA,NVDA:2023-09-25,2023-09-25,42.22200012207031,41.61000061035156,42.5359992980957,1.1650009155273438,0.21974276190413822,42.000999450683594,42.81999969482422,41.654998779296875,41.9109992980957,45.15585998535156,-0.06685237052961968,-0.06543010292370044,1442,2023-09-27,42.33000183105469,0.0032600204964494,0.0276163162696605,0.0280414932344774,2023-09-27,2023-09-29,2023-10-03
2024-04-24,NVDA,NVDA:2024-04-23,2024-04-23,82.4229965209961,79.51799774169922,82.76899719238281,4.8990020751953125,0.10083753554620462,83.94999694824219,84.08200073242188,79.18299865722656,79.677001953125,84.59913986206055,-0.024008879605969313,-0.03433933832872149,1587,2024-04-25,78.86799621582031,0.0477254114337997,0.112707409784253,0.0529112485496816,2024-04-25,2024-04-29,2024-05-01
2024-07-29,NVDA,NVDA:2024-07-26,2024-07-26,113.05999755859376,112.27999877929688,116.1999969482422,4.979995727539077,0.05823163351911755,113.69000244140624,116.27999877929688,111.3000030517578,111.58999633789062,119.192080078125,-0.04873994246619451,-0.1251934946368144,1652,2024-07-30,111.5199966430664,-0.0698528830758994,-0.020713752045628,-0.0992647061338706,2024-07-30,2024-08-01,2024-08-05
2024-08-01,NVDA,NVDA:2024-07-31,2024-07-31,117.0199966430664,103.7300033569336,118.33999633789062,13.35000610351561,0.1797753130050534,117.52999877929688,120.16000366210938,106.80999755859376,109.20999908447266,120.15892013549805,-0.023778392209608867,-0.008221046175651892,1655,2024-08-02,103.76000213623048,0.0338280111273274,0.0047224157062584,0.0116615175362468,2024-08-02,2024-08-06,2024-08-08
2024-08-07,NVDA,NVDA:2024-08-06,2024-08-06,104.25,100.4499969482422,107.70999908447266,10.110000610351562,0.02176075246502769,107.80999755859376,108.8000030517578,98.69000244140624,98.91000366210938,120.36444000244141,-0.13496690279133516,-0.14960434689418478,1659,2024-08-08,102.0,0.0291176590265012,0.0688234965006511,0.1576470767750459,2024-08-08,2024-08-12,2024-08-14
2024-08-09,NVDA,NVDA:2024-08-08,2024-08-08,104.97000122070312,98.91000366210938,105.5,3.1699981689453125,0.41640392974214074,105.63999938964844,106.5999984741211,103.43000030517578,104.75,119.98432006835938,-0.1266024459931615,-0.06510507337074922,1661,2024-08-12,106.31999969482422,0.0253950052294218,0.1106095012225902,0.1717456940241073,2024-08-12,2024-08-14,2024-08-16
2025-01-16,NVDA,NVDA:2025-01-15,2025-01-15,136.24000549316406,131.75999450683594,136.4499969482422,5.2599945068359375,0.015209489468233547,138.63999938964844,138.75,133.49000549316406,133.57000732421875,139.59219909667968,-0.02427001709820875,-0.00909156993278426,1770,2025-01-17,136.69000244140625,0.0074621717334315,0.0759382888098345,0.0433827827190449,2025-01-17,2025-01-22,2025-01-24
2025-01-31,NVDA,NVDA:2025-01-30,2025-01-30,124.6500015258789,123.6999969482422,125.0,8.659996032714858,0.10161635757032893,123.77999877929688,127.8499984741211,119.19000244140624,120.06999969482422,137.28499938964845,-0.09492371546618472,-0.08507048957706254,1780,2025-02-03,114.75,0.0166449120880991,0.0878431532118055,0.131503236060049,2025-02-03,2025-02-05,2025-02-07
2025-02-27,NVDA,NVDA:2025-02-26,2025-02-26,131.27999877929688,126.62999725341795,133.72999572753906,14.999992370605455,0.009333297390388766,135.0,135.00999450683594,120.01000213623048,120.1500015258789,133.7161994934082,-0.020736988087486252,-0.011445815041649765,1798,2025-02-28,118.0199966430664,0.058464681597534,-0.0172004646419055,-0.0631248700232857,2025-02-28,2025-03-04,2025-03-06
2025-03-13,NVDA,NVDA:2025-03-12,2025-03-12,115.73999786376952,108.76000213623048,116.76000213623048,3.970001220703139,0.4508817040641355,117.02999877929688,117.76000213623048,113.79000091552734,115.58000183105467,129.61279998779298,-0.10997576152664679,-0.11837295140177928,1808,2025-03-14,118.61000061035156,0.025798815806824,-0.0268105580373654,-0.0006744948203609,2025-03-14,2025-03-18,2025-03-20
2025-03-17,NVDA,NVDA:2025-03-14,2025-03-14,121.66999816894533,115.58000183105467,121.87999725341795,4.8600006103515625,0.3086419365473069,122.73999786376952,122.88999938964844,118.02999877929688,119.52999877929688,129.00119995117188,-0.05898386715889603,-0.026016651037767402,1810,2025-03-18,118.0,-0.0217796584307137,0.0044915150787869,0.0288983361195709,2025-03-18,2025-03-20,2025-03-24
2025-04-08,NVDA,NVDA:2025-04-07,2025-04-07,97.63999938964844,94.30999755859376,101.75,11.389999389648438,0.1615455720706527,103.80999755859376,105.8499984741211,94.45999908447266,96.3000030517578,119.9631997680664,-0.18907426517602732,-0.1957829137260727,1826,2025-04-09,98.88999938964844,0.1561331028081942,0.1217514510045356,0.1345939694685345,2025-04-09,2025-04-11,2025-04-15
2025-12-05,NVDA,NVDA:2025-12-04,2025-12-04,183.3800048828125,179.58999633789062,184.52000427246097,3.75,0.4,183.88999938964844,184.66000366210935,180.91000366210935,182.41000366210935,187.09760131835938,-0.01937505019198904,-0.01683465214305746,1993,2025-12-08,182.63999938964844,0.0159330030214306,0.006241783801238,-0.04172139259008,2025-12-08,2025-12-10,2025-12-12
2018-03-27,ORCL,ORCL:2018-03-26,2018-03-26,46.47999954223633,44.790000915527344,46.63999938964844,1.8199996948242188,0.20879183067771673,46.630001068115234,46.81999969482422,45.0,45.380001068115234,50.11080009460449,-0.07398184810157216,-0.12136109259849237,58,2018-03-28,45.279998779296875,-0.0066254250253583,-0.0059629077968774,0.0050794953276696,2018-03-28,2018-04-02,2018-04-04
2018-05-02,ORCL,ORCL:2018-05-01,2018-05-01,45.95000076293945,45.66999816894531,45.95000076293945,0.6100006103515625,0.0655689521474848,45.88999938964844,46.08000183105469,45.470001220703125,45.5099983215332,47.92979995727539,-0.043055209499431535,-0.015216439922728253,83,2018-05-03,45.36000061035156,-0.0066137397051111,0.0156525369250244,0.02689597011215,2018-05-03,2018-05-07,2018-05-09
2018-07-03,ORCL,ORCL:2018-07-02,2018-07-02,44.95000076293945,44.060001373291016,44.970001220703125,0.470001220703125,0.42553243295889875,44.9900016784668,44.9900016784668,44.52000045776367,44.720001220703125,46.104399871826175,-0.025495362127502474,-0.03374891830127236,126,2018-07-05,45.150001525878906,0.0057585451328097,0.0349944177842784,0.0551494524832367,2018-07-05,2018-07-09,2018-07-11
2018-11-26,ORCL,ORCL:2018-11-23,2018-11-23,48.70000076293945,48.619998931884766,49.119998931884766,1.0600013732910156,0.15094305672015634,49.15999984741211,49.15999984741211,48.099998474121094,48.2599983215332,49.155999984741214,-0.009675475644400855,-0.03430496791130844,227,2018-11-27,47.91999816894531,-0.0100166853208978,-0.0004172922335244,0.0398581747723678,2018-11-27,2018-11-29,2018-12-03
2018-11-29,ORCL,ORCL:2018-11-28,2018-11-28,48.189998626708984,47.439998626708984,48.25,0.94000244140625,0.4893635153561457,48.380001068115234,48.380001068115234,47.439998626708984,47.900001525878906,49.07379997253418,-0.018621576118987737,-0.02666127528932105,230,2018-11-30,48.09000015258789,0.0139321723189733,0.0137242637828645,-0.0434601818664253,2018-11-30,2018-12-04,2018-12-07
2018-12-11,ORCL,ORCL:2018-12-10,2018-12-10,46.66999816894531,46.0,47.08000183105469,1.0699996948242188,0.37382974323871454,46.97999954223633,47.130001068115234,46.060001373291016,46.459999084472656,48.549399871826175,-0.040726510480951994,-0.041683830845829606,237,2018-12-12,47.11000061035156,0.0044576328115459,-0.0108257722271903,-0.0267459588177888,2018-12-12,2018-12-14,2018-12-18
2018-12-28,ORCL,ORCL:2018-12-27,2018-12-27,44.970001220703125,44.59000015258789,45.09000015258789,1.029998779296875,0.07766806909424906,45.13999938964844,45.77000045776367,44.7400016784668,44.81999969482422,47.76439987182617,-0.0598461855706075,-0.04966184465927059,249,2018-12-31,45.189998626708984,-0.0008850874539845,-0.009072800616767,0.0500111131867733,2018-12-31,2019-01-03,2019-01-07
2019-09-24,ORCL,ORCL:2019-09-23,2019-09-23,54.02000045776367,53.470001220703125,54.16999816894531,1.3700027465820312,0.16788254097310784,54.13999938964844,54.4900016784668,53.119998931884766,53.349998474121094,54.50480026245117,-0.011137060719334735,-0.009534294995136805,434,2019-09-25,53.310001373291016,0.0099418264048742,0.0146313779629287,0.0091914809819348,2019-09-25,2019-09-27,2019-10-01
2019-12-27,ORCL,ORCL:2019-12-26,2019-12-26,53.56999969482422,53.439998626708984,53.65999984741211,0.45999908447265625,0.2608677624268157,53.65999984741211,53.79999923706055,53.34000015258789,53.459999084472656,55.13919998168945,-0.029310938071449688,-0.048659236576869214,500,2019-12-30,53.400001525878906,-0.0131086281448927,0.0102996108866026,0.0119850069543214,2019-12-30,2020-01-02,2020-01-06
2020-01-29,ORCL,ORCL:2020-01-28,2020-01-28,53.459999084472656,52.689998626708984,53.68000030517578,0.7599983215332031,0.02631644991442009,53.779998779296875,53.939998626708984,53.18000030517578,53.20000076293945,54.696600112915036,-0.023640127804424926,-0.020520386753537623,521,2020-01-30,52.81999969482422,0.0092768209257452,0.0051117088096108,0.0363499052392217,2020-01-30,2020-02-03,2020-02-05
2020-01-31,ORCL,ORCL:2020-01-30,2020-01-30,53.310001373291016,53.20000076293945,53.33000183105469,1.2000007629394531,0.1333331214058422,53.34000015258789,53.4900016784668,52.290000915527344,52.45000076293945,54.55960021972656,-0.024241115477065867,-0.026479126966517996,523,2020-02-03,52.72999954223633,0.0068272447084549,0.0381187588408846,0.0377394594299744,2020-02-03,2020-02-05,2020-02-07
2020-02-27,ORCL,ORCL:2020-02-26,2020-02-26,52.04999923706055,50.959999084472656,53.13999938964844,2.700000762939453,0.0074075748563484315,50.880001068115234,53.459999084472656,50.7599983215332,50.779998779296875,54.00280021667481,-0.03749072556518851,-0.056210375395251755,541,2020-02-28,49.2400016784668,0.0044678594335236,-0.0079204547329707,-0.0251828114581292,2020-02-28,2020-03-03,2020-03-05
2020-03-03,ORCL,ORCL:2020-03-02,2020-03-02,50.900001525878906,49.459999084472656,50.900001525878906,3.5900001525878906,0.16713048708050285,50.619998931884766,51.84000015258789,48.25,48.849998474121094,53.78260017395019,-0.055192333429308627,-0.08238686847402765,544,2020-03-04,49.849998474121094,0.0138415739724537,-0.0497492400832024,-0.0254763627269859,2020-03-04,2020-03-06,2020-03-10
2020-03-19,ORCL,ORCL:2020-03-18,2020-03-18,47.27000045776367,46.86000061035156,47.79999923706055,3.1000022888183594,0.06451632750751557,46.470001220703125,47.970001220703125,44.869998931884766,45.06999969482422,52.02780029296875,-0.09461094914058066,-0.06470123463648436,556,2020-03-20,45.02000045776367,0.0139938041250418,0.0626388197723333,0.1212794097946545,2020-03-20,2020-03-24,2020-03-26
2020-03-25,ORCL,ORCL:2020-03-24,2020-03-24,47.84000015258789,44.189998626708984,48.0099983215332,3.2600021362304688,0.14110392117857687,47.099998474121094,48.7400016784668,45.47999954223633,45.939998626708984,51.349400177001954,-0.07146822284900067,-0.015232639987134644,560,2020-03-26,46.380001068115234,0.0884001375528149,0.0858128385204468,0.050237127268184,2020-03-26,2020-03-30,2020-04-01
2020-11-04,ORCL,ORCL:2020-11-03,2020-11-03,56.79999923706055,56.45000076293945,57.5,1.7400016784667969,0.0804615340768332,58.0,58.09000015258789,56.349998474121094,56.4900016784668,58.79940017700196,-0.03387231643509192,-0.04937239770609958,716,2020-11-05,57.459999084472656,-0.0139227157989414,-0.0107900964455863,-0.0045248577388763,2020-11-05,2020-11-09,2020-11-11
2022-05-24,ORCL,ORCL:2022-05-23,2022-05-23,70.04000091552734,68.62999725341797,70.47000122070312,2.220001220703125,0.32432469585538526,69.66999816894531,70.52999877929688,68.30999755859375,69.02999877929688,77.09640045166016,-0.09341782397679066,-0.02096729075767223,1106,2022-05-25,68.87999725341797,0.0137921692148379,0.0566202334696721,0.0394889856150242,2022-05-25,2022-05-27,2022-06-01
2023-03-14,ORCL,ORCL:2023-03-13,2023-03-13,84.93000030517578,84.06999969482422,85.52999877929688,2.5,0.4519989013671875,85.93000030517578,85.93000030517578,83.43000030517578,84.55999755859375,87.46399963378906,-0.028269757440075982,-0.03444746260612175,1307,2023-03-15,83.08000183105469,-0.0012036407308276,0.0262397719924087,0.0541646593743565,2023-03-15,2023-03-17,2023-03-21
2023-09-29,ORCL,ORCL:2023-09-28,2023-09-28,106.1500015258789,104.62000274658205,106.5999984741211,1.990005493164091,0.27135649493548664,107.11000061035156,107.37000274658205,105.37999725341795,105.91999816894533,115.45839996337891,-0.08220470097689292,-0.06607427322065151,1445,2023-10-02,105.80999755859376,0.008505826922267,0.0120026869082729,0.0392212609548618,2023-10-02,2023-10-04,2023-10-06
2025-03-03,ORCL,ORCL:2025-02-28,2025-02-28,166.05999755859375,164.75999450683594,166.14999389648438,5.989990234375,0.1485811086203383,166.9499969482422,167.1199951171875,161.1300048828125,162.02000427246094,168.9396011352539,-0.018115743545803142,-0.044863700818907115,1800,2025-03-04,159.22000122070312,-0.0109910814381557,-0.0520035090806182,-0.0655068952054128,2025-03-04,2025-03-06,2025-03-10
2025-11-20,ORCL,ORCL:2025-11-19,2025-11-19,225.52999877929688,220.4900054931641,228.1499938964844,23.699996948242188,0.016455672568234804,231.16000366210935,234.0,210.3000030517578,210.69000244140625,274.7181985473633,-0.18481639576258602,-0.09899723950696881,1983,2025-11-21,207.0800018310547,-0.0401777441117012,-0.0485319826293852,-0.0247730579363129,2025-11-21,2025-11-25,2025-11-28
2018-03-29,PEP,PEP:2018-03-28,2018-03-28,109.18000030517578,107.63999938964844,110.11000061035156,1.69000244140625,0.10650890245223735,110.12000274658205,110.66000366210938,108.97000122070312,109.1500015258789,112.79580047607422,-0.033774528491436584,-0.03045910919620831,60,2018-04-02,108.62000274658205,-0.0144540568507177,0.0143619731094404,0.0062603598598893,2018-04-02,2018-04-04,2018-04-06
2018-04-24,PEP,PEP:2018-04-23,2018-04-23,102.58000183105467,102.4800033569336,102.8000030517578,1.8799972534179688,0.2500010145486198,102.62000274658205,102.8499984741211,100.97000122070312,101.44000244140624,109.20880065917969,-0.06237087944959363,-0.06216854628921464,77,2018-04-25,101.20999908447266,-0.0005928026789494,0.0049402233427815,-0.0205513471976089,2018-04-25,2018-04-27,2018-05-01
2018-10-01,PEP,PEP:2018-09-28,2018-09-28,111.8000030517578,111.0500030517578,112.0500030517578,1.810005187988267,0.02209988998528154,112.1500015258789,112.4800033569336,110.66999816894533,110.70999908447266,113.51139999389649,-0.015995762993125773,-0.024177329584051277,188,2018-10-02,110.4499969482422,-0.0156631577667653,-0.0347668306382125,-0.0204616982279772,2018-10-02,2018-10-04,2018-10-08
2018-10-09,PEP,PEP:2018-10-08,2018-10-08,108.19000244140624,106.48999786376952,108.33999633789062,1.4200057983398295,0.4225377841535041,108.68000030517578,108.94000244140624,107.5199966430664,108.12000274658205,112.66840011596679,-0.04078033456093921,-0.036340913188333546,194,2018-10-10,107.58999633789062,-0.002323636104744,-0.0214703749160759,-0.0018588805190966,2018-10-10,2018-10-12,2018-10-16
2018-12-21,PEP,PEP:2018-12-20,2018-12-20,110.20999908447266,110.04000091552734,111.93000030517578,5.350006103515611,0.11401867559566282,110.95999908447266,114.16000366210938,108.80999755859376,109.41999816894533,113.90739974975585,-0.032106221867077456,-0.0567442439337692,245,2018-12-24,110.12999725341795,-0.0372287167563135,-0.006446918207388,0.0031781177902894,2018-12-24,2018-12-27,2018-12-31
2019-07-30,PEP,PEP:2019-07-29,2019-07-29,131.52999877929688,131.22000122070312,132.05999755859375,1.850006103515625,0.13513468929908778,131.33999633789062,132.0800018310547,130.22999572753906,130.47999572753906,131.67840103149413,-0.0011315564869389672,-0.01953034093470918,395,2019-07-31,130.47999572753906,-0.0204628928293395,-0.0196198470449017,-0.0308859511898826,2019-07-31,2019-08-02,2019-08-06
2019-08-05,PEP,PEP:2019-08-02,2019-08-02,127.91999816894533,127.13999938964844,128.82000732421875,5.2699966430664205,0.09867260032226131,128.35000610351562,129.14999389648438,123.87999725341795,124.4000015258789,131.4422006225586,-0.027620699323187115,-0.01668074586849111,399,2019-08-06,124.77999877929688,0.0133835405135649,0.0375861715602485,0.0286104132003812,2019-08-06,2019-08-08,2019-08-12
2019-08-14,PEP,PEP:2019-08-13,2019-08-13,129.92999267578125,128.35000610351562,130.3800048828125,1.7299957275390625,0.18496696860915354,129.52000427246094,130.52999877929688,128.8000030517578,129.1199951171875,131.43700057983398,-0.011458109945160944,-0.004215228922188952,406,2019-08-15,129.66000366210938,0.0081752084579302,0.022443340890941,0.0206693860873645,2019-08-15,2019-08-19,2019-08-21
2020-01-10,PEP,PEP:2020-01-09,2020-01-09,134.7899932861328,134.6999969482422,135.3800048828125,1.029998779296875,0.13592189861041154,135.1699981689453,135.4199981689453,134.38999938964844,134.52999877929688,135.5266000366211,-0.0056625877927203305,-0.015340829226962671,509,2020-01-13,134.64999389648438,0.0139621609211344,0.0337913350018845,0.0490902406979176,2020-01-13,2020-01-15,2020-01-17
2020-03-03,PEP,PEP:2020-03-02,2020-03-02,137.5800018310547,132.02999877929688,137.77000427246094,4.92999267578125,0.17038490584725094,137.19000244140625,139.6699981689453,134.74000549316406,135.5800018310547,140.39019989013673,-0.020071497096291524,-0.06401798292705685,544,2020-03-04,136.19000244140625,0.045524611477334,0.0078566124256442,-0.0150525223218187,2020-03-04,2020-03-06,2020-03-10
2020-03-25,PEP,PEP:2020-03-24,2020-03-24,113.83999633789062,105.18000030517578,114.43000030517578,5.319999694824219,0.2744359338766648,112.73999786376952,116.36000061035156,111.04000091552734,112.5,136.2086001586914,-0.1671617346062504,-0.15133445015748492,560,2020-03-26,112.70999908447266,0.0669860980665906,0.1132996573169184,0.0479993230951474,2020-03-26,2020-03-30,2020-04-01
2021-01-27,PEP,PEP:2021-01-26,2021-01-26,141.8000030517578,140.17999267578125,142.08999633789062,4.779998779296875,0.10250844341158519,140.50999450683594,142.3300018310547,137.5500030517578,138.0399932861328,143.95719970703124,-0.01577806781530544,-0.002040912756751778,772,2021-01-28,138.8300018310547,0.0025931038363713,-0.0133256938638302,-0.0058344561543653,2021-01-28,2021-02-01,2021-02-03
2021-09-30,PEP,PEP:2021-09-29,2021-09-29,152.3000030517578,151.0500030517578,153.1699981689453,3.05999755859375,0.013074698314550713,153.22000122070312,153.42999267578125,150.3699951171875,150.41000366210938,155.52180053710939,-0.021323940547765985,-0.023843104209937183,943,2021-10-01,151.35000610351562,-0.0026429411241638,-0.0017179369351802,0.033300251621303,2021-10-01,2021-10-05,2021-10-07
2021-10-04,PEP,PEP:2021-10-01,2021-10-01,150.9499969482422,150.41000366210938,151.61000061035156,3.5200042724609375,0.20454555306540897,150.8800048828125,153.0,149.47999572753906,150.1999969482422,155.2974005126953,-0.028867023081187715,-0.02063198490772855,945,2021-10-05,151.36000061035156,-0.0017838548584312,0.033232021399403,0.0322410469287401,2021-10-05,2021-10-07,2021-10-11
2022-02-23,PEP,PEP:2022-02-22,2022-02-22,168.35000610351562,167.7100067138672,168.94000244140625,2.5999908447265625,0.06538414136730969,169.1199951171875,169.1199951171875,166.52000427246094,166.69000244140625,171.52100067138673,-0.018748372534790336,-0.020138475666400812,1043,2022-02-24,165.7100067138672,-0.0115865871096708,-0.0118882453737675,-0.0071812346460224,2022-02-24,2022-02-28,2022-03-02
2022-09-02,PEP,PEP:2022-09-01,2022-09-01,172.85000610351562,172.27000427246094,172.97999572753906,5.0800018310546875,0.15157558955073697,173.72000122070312,174.97000122070312,169.88999938964844,170.66000366210938,173.03100006103514,-0.0002879934292349118,-0.04185137499118241,1176,2022-09-06,170.97999572753906,-0.0085975041375343,0.0098842115079902,0.0170780105387204,2022-09-06,2022-09-08,2022-09-12
2022-09-21,PEP,PEP:2022-09-20,2022-09-20,168.9199981689453,168.72999572753906,169.14999389648438,3.69000244140625,0.027101907140612336,169.8800048828125,172.02999877929688,168.33999633789062,168.44000244140625,173.35879974365236,-0.025723852426630556,-0.003480599121055583,1188,2022-09-22,168.39999389648438,0.001187720987414,0.0002969302468533,0.0016033508446973,2022-09-22,2022-09-26,2022-09-28
2023-01-09,PEP,PEP:2023-01-06,2023-01-06,181.1000061035156,177.10000610351562,181.8300018310547,3.960006713867216,0.13131398758491447,180.44000244140625,182.77000427246097,178.80999755859375,179.3300018310547,181.41800018310548,-0.0017242123430540879,-0.007671199432791265,1263,2023-01-10,178.7899932861328,-0.0052574932485893,-0.0168353633864664,-0.0152692870409699,2023-01-10,2023-01-12,2023-01-17
2023-01-23,PEP,PEP:2023-01-20,2023-01-20,169.8800048828125,169.6300048828125,169.88999938964844,2.0399932861328125,0.19607608476135624,170.00999450683594,170.75999450683594,168.72000122070312,169.1199951171875,180.29920013427736,-0.05899815246020168,-0.04076793321217054,1272,2023-01-24,169.61000061035156,0.0063675598559533,0.0035964896418634,-0.0007664930272075,2023-01-24,2023-01-26,2023-01-30
2023-03-07,PEP,PEP:2023-03-06,2023-03-06,173.5,173.14999389648438,173.66000366210938,2.3899993896484375,0.3221776021349541,173.6699981689453,174.25999450683594,171.8699951171875,172.63999938964844,174.92740020751953,-0.009276824716163312,-0.015770358512297467,1302,2023-03-08,172.67999267578125,0.0024902012555541,-0.0037641529074232,0.0049224353692878,2023-03-08,2023-03-10,2023-03-14
2023-03-09,PEP,PEP:2023-03-08,2023-03-08,173.11000061035156,172.63999938964844,173.36000061035156,3.160003662109375,0.18987512916839697,173.6199951171875,174.36000061035156,171.1999969482422,171.8000030517578,174.55860046386718,-0.009485727232580454,-0.017090589315728377,1304,2023-03-10,172.52999877929688,-0.0028980467370176,0.0057960934740353,0.0230684272630774,2023-03-10,2023-03-14,2023-03-16
2023-08-14,PEP,PEP:2023-08-11,2023-08-11,184.0399932861328,183.75,184.27999877929688,1.7299957275390625,0.2832320488282456,184.38999938964844,184.86000061035156,183.1300048828125,183.6199951171875,185.58800048828124,-0.008188253160094305,-0.032946268471946594,1412,2023-08-15,183.1499938964844,-0.0098279435050709,-0.0256620098546036,-0.0333059844281199,2023-08-15,2023-08-17,2023-08-21
2023-08-24,PEP,PEP:2023-08-23,2023-08-23,178.1199951171875,175.6999969482422,178.27999877929688,3.339996337890625,0.02394810178628535,178.00999450683594,180.44000244140625,177.10000610351562,177.17999267578125,184.97660034179688,-0.03752114256561134,-0.031851292240650864,1420,2023-08-25,178.05999755859375,0.0076378784061481,0.0161181352158734,-0.0007862484082218,2023-08-25,2023-08-29,2023-08-31
2023-10-11,PEP,PEP:2023-10-10,2023-10-10,164.39999389648438,161.36000061035156,165.17999267578125,3.839996337890625,0.2656223922943042,165.00999450683594,165.44000244140625,161.60000610351562,162.6199951171875,176.50119964599608,-0.07110880458628521,-0.047067065701856925,1453,2023-10-12,162.60000610351562,-0.0277983032152125,-0.009348119405932,-0.0035055799681573,2023-10-12,2023-10-16,2023-10-18
2024-01-16,PEP,PEP:2024-01-12,2024-01-12,167.27000427246094,166.1300048828125,167.3800048828125,2.3300018310546875,0.4205986941630266,167.27000427246094,167.52000427246094,165.19000244140625,166.1699981689453,168.09619995117188,-0.004761079704783122,-0.012515468001808472,1518,2024-01-17,165.99000549316406,0.0027109882122433,-0.0012651768595539,0.0099403207535426,2024-01-17,2024-01-19,2024-01-23
2024-03-14,PEP,PEP:2024-03-13,2024-03-13,165.3000030517578,164.5399932861328,166.13999938964844,2.05999755859375,0.28155462060383396,166.25999450683594,166.25999450683594,164.1999969482422,164.77999877929688,167.5681997680664,-0.014492250772731197,-0.010357395319298135,1559,2024-03-15,165.05999755859375,-0.0024233242602732,0.0408336701372569,0.0447715951711746,2024-03-15,2024-03-19,2024-03-21
2024-11-11,PEP,PEP:2024-11-08,2024-11-08,165.11000061035156,164.0,165.82000732421875,2.1699981689453125,0.12903180440606696,164.41000366210938,166.14999389648438,163.97999572753906,164.25999450683594,172.01539978027344,-0.041105115333044395,-0.038884643674530484,1726,2024-11-12,164.08999633789062,0.0015235541811164,0.0064598548494756,-0.035102654856394,2024-11-12,2024-11-14,2024-11-18
2024-11-26,PEP,PEP:2024-11-25,2024-11-25,163.0500030517578,162.0,163.58999633789062,1.779998779296875,0.1460730022116687,163.27000427246094,163.67999267578125,161.89999389648438,162.16000366210938,168.43579986572266,-0.033663229143244267,-0.007366318614041911,1737,2024-11-27,161.94000244140625,0.0048165911296629,0.0068543941806669,-0.0108682829386878,2024-11-27,2024-12-02,2024-12-04
2024-12-11,PEP,PEP:2024-12-10,2024-12-10,159.83999633789062,159.47000122070312,160.4199981689453,4.25,0.12000229779411764,160.2100067138672,160.50999450683594,156.25999450683594,156.77000427246094,166.27299957275392,-0.04037580037023247,-0.019687253319757514,1747,2024-12-12,159.08999633789062,-0.0011943079123762,-0.0192972036966381,-0.0292916196453484,2024-12-12,2024-12-16,2024-12-18
2024-12-26,PEP,PEP:2024-12-24,2024-12-24,152.80999755859375,151.2899932861328,152.8300018310547,0.9399871826171875,0.21276561206434752,152.52999877929688,153.17999267578125,152.24000549316406,152.44000244140625,162.83779907226562,-0.06427771873459831,-0.04398147485211368,1757,2024-12-27,151.2899932861328,0.0105757563257309,0.0050895915568232,-0.0108401048478251,2024-12-27,2024-12-31,2025-01-03
2025-01-02,PEP,PEP:2024-12-31,2024-12-31,152.05999755859375,151.72000122070312,153.14999389648438,3.7700042724609375,0.08488248317285314,152.8800048828125,153.66000366210938,149.88999938964844,150.2100067138672,160.9909994506836,-0.05837622653382779,-0.02538140370097508,1761,2025-01-03,150.9600067138672,-0.0086778799623786,-0.036831031863435,-0.0551139835333253,2025-01-03,2025-01-07,2025-01-10
2025-01-15,PEP,PEP:2025-01-14,2025-01-14,144.9499969482422,144.5,145.13999938964844,2.029998779296875,0.30049309219922127,145.49000549316406,146.1999969482422,144.1699981689453,144.77999877929688,157.0675991821289,-0.07964515609015344,-0.051932778292259174,1769,2025-01-16,144.0500030517578,0.0172855965402536,0.0312391524100359,0.0317250396988029,2025-01-16,2025-01-21,2025-01-23
2025-02-06,PEP,PEP:2025-02-05,2025-02-05,145.66000366210938,143.49000549316406,145.7899932861328,2.9399871826171875,0.4727909692487349,146.25999450683594,146.89999389648438,143.9600067138672,145.35000610351562,152.80599914550783,-0.04863170003448425,-0.016408891457035613,1784,2025-02-07,145.00999450683594,-0.0029652623410104,0.0043445618004129,-0.0029652623410104,2025-02-07,2025-02-11,2025-02-13
2025-02-14,PEP,PEP:2025-02-13,2025-02-13,144.5800018310547,143.99000549316406,144.94000244140625,2.839996337890625,0.02112592815465125,144.6699981689453,146.1699981689453,143.3300018310547,143.38999938964844,150.60799926757812,-0.04252414906501856,-0.04818954812083831,1790,2025-02-18,142.89999389648438,0.00839756653804,0.04338707118156,0.0766271005929037,2025-02-18,2025-02-20,2025-02-24
2025-04-10,PEP,PEP:2025-04-09,2025-04-09,145.58999633789062,140.3000030517578,145.9499969482422,4.220001220703125,0.2890997317057296,145.4199981689453,147.13999938964844,142.9199981689453,144.13999938964844,148.82000061035157,-0.022522496117278523,-0.020519396288225633,1828,2025-04-11,145.14999389648438,-0.0049603944263104,-0.0159145549826281,-0.0159145549826281,2025-04-11,2025-04-15,2025-04-17
2025-05-08,PEP,PEP:2025-05-07,2025-05-07,131.9199981689453,130.74000549316406,132.6699981689453,1.720001220703125,0.09883607459058569,131.88999938964844,132.97999572753906,131.25999450683594,131.42999267578125,144.85879943847655,-0.09183783986797656,-0.07268379542495884,1847,2025-05-09,131.14999389648438,-0.0054135835922227,-0.006404852283513,0.0026687466245089,2025-05-09,2025-05-13,2025-05-15
2025-05-28,PEP,PEP:2025-05-27,2025-05-27,131.3699951171875,129.33999633789062,131.4600067138672,1.720001220703125,0.11627721296641294,131.2899932861328,132.19000244140625,130.47000122070312,130.6699981689453,139.1783984375,-0.058898899347081035,-0.002354173571052831,1860,2025-05-29,130.86000061035156,0.0081002411252464,0.000382111046344,0.0067247812831119,2025-05-29,2025-06-02,2025-06-04
2025-09-25,PEP,PEP:2025-09-24,2025-09-24,142.1699981689453,141.89999389648438,142.33999633789062,3.55999755859375,0.01685325835376412,143.0,143.4199981689453,139.86000061035156,139.9199981689453,144.61959899902342,-0.016316545854115128,-0.003434778358233026,1943,2025-09-26,139.94000244140625,0.0035729597775973,0.0035729597775973,0.0169357944536254,2025-09-26,2025-09-30,2025-10-02
2018-03-27,PFE,PFE:2018-03-26,2018-03-26,33.244781494140625,32.72296142578125,33.34914779663086,0.7400398254394531,0.29487569395403024,33.37760925292969,33.73814010620117,32.99810028076172,33.2163200378418,34.35104393005371,-0.033021877047302306,-0.042884442199134565,58,2018-03-28,33.37760925292969,0.0034110727861627,-0.0036953098034913,0.0270040024046429,2018-03-28,2018-04-02,2018-04-04
2018-04-02,PFE,PFE:2018-03-29,2018-03-29,33.67172622680664,33.49146270751953,33.842506408691406,0.9297904968261719,0.2959189953187631,33.60531234741211,33.90891647338867,32.9791259765625,33.254268646240234,34.25749557495117,-0.018154076391369234,-0.029797737707408234,61,2018-04-03,33.311195373535156,0.0162347277301704,0.0176587462910815,0.0099687025112427,2018-04-03,2018-04-05,2018-04-09
2019-04-16,PFE,PFE:2019-04-15,2019-04-15,39.93358612060547,39.573055267333984,39.9620475769043,1.3946876525878906,0.061223875779863185,40.05692672729492,40.13282775878906,38.73814010620117,38.82352828979492,40.104933471679686,-0.004988065303122791,-0.017506993271161564,323,2019-04-17,38.8045539855957,-0.0249389007352359,-0.0469437784526552,-0.0374083511028539,2019-04-17,2019-04-22,2019-04-24
2019-04-29,PFE,PFE:2019-04-26,2019-04-26,37.92219924926758,37.58064651489258,37.94117736816406,0.4079704284667969,0.0,37.92219924926758,37.96963882446289,37.561668395996094,37.561668395996094,39.737001724243164,-0.0467537112028098,-0.0544121163673803,331,2019-04-30,38.330169677734375,0.0051980369473638,0.0150989886170653,0.0309406108106429,2019-04-30,2019-05-02,2019-05-06
2019-08-23,PFE,PFE:2019-08-22,2019-08-22,33.28273010253906,33.083492279052734,33.425048828125,1.1195449829101562,0.1440701644393864,33.406070709228516,33.53889846801758,32.41935348510742,32.58064651489258,38.42447830200195,-0.13729084192400964,-0.04854905079200089,413,2019-08-26,32.84629821777344,0.0063547127563452,0.0132870949984089,0.0268631408774908,2019-08-26,2019-08-28,2019-08-30
2019-08-27,PFE,PFE:2019-08-26,2019-08-26,33.05502700805664,32.58064651489258,33.074005126953125,0.7400398254394531,0.03846451233781966,33.2163200378418,33.29222106933594,32.552181243896484,32.58064651489258,38.11214431762696,-0.1363625498961204,-0.015541179985844034,415,2019-08-28,32.5996208190918,0.0209545162269864,0.0346332904077384,0.0427823274487628,2019-08-28,2019-08-30,2019-09-04
2020-02-12,PFE,PFE:2020-02-11,2020-02-11,36.138519287109375,35.87286376953125,36.17647171020508,0.4459228515625,0.042559197919518205,36.138519287109375,36.2333984375,35.7874755859375,35.806453704833984,36.8538899230957,-0.019804645715934877,-0.0013109940067038695,531,2020-02-13,35.65464782714844,-0.0172963538173882,-0.0335284762929014,-0.0460350936356676,2020-02-13,2020-02-18,2020-02-20
2020-02-27,PFE,PFE:2020-02-26,2020-02-26,32.94117736816406,32.191650390625,33.406070709228516,1.5275154113769531,0.0,32.67552185058594,33.880455017089844,32.35293960571289,32.35293960571289,36.32808349609375,-0.09523012891931182,-0.08847462436253739,541,2020-02-28,31.774194717407227,-0.0020901829294244,0.0241862738371345,0.05882352234962,2020-02-28,2020-03-03,2020-03-05
2020-03-03,PFE,PFE:2020-03-02,2020-03-02,33.092979431152344,31.707780838012695,33.159393310546875,1.8216323852539062,0.2291667539212196,33.37760925292969,33.946868896484375,32.12523651123047,32.542694091796875,36.05616703033447,-0.08439427056558468,-0.044645306457366085,544,2020-03-04,33.30170822143555,0.0370369776409496,-0.0022791933371539,-0.0145299291178546,2020-03-04,2020-03-06,2020-03-10
2020-09-18,PFE,PFE:2020-09-17,2020-09-17,34.93358612060547,34.89563751220703,35.07590103149414,0.4743804931640625,0.12000225160024446,34.89563751220703,35.1707763671875,34.69639587402344,34.75332260131836,35.51518028259277,-0.014707147609798299,-0.01021504103752846,683,2020-09-21,34.50664138793945,-0.0096233473794038,-0.0101732213583257,-0.0087984258613669,2020-09-21,2020-09-23,2020-09-25
2020-10-01,PFE,PFE:2020-09-30,2020-09-30,34.819732666015625,34.31688690185547,35.06641387939453,0.882354736328125,0.2258067305364369,35.01897430419922,35.189754486083984,34.30739974975586,34.50664138793945,35.555407943725584,-0.02183419965245792,-0.002175195858360568,692,2020-10-02,34.2125244140625,0.0088740638458053,0.0030504176344867,0.0230171727875718,2020-10-02,2020-10-06,2020-10-08
2020-11-03,PFE,PFE:2020-11-02,2020-11-02,34.37381362915039,33.66223907470703,34.39278793334961,0.5123329162597656,0.20370053237035107,34.563568115234375,34.743831634521484,34.23149871826172,34.33586120605469,34.859392623901364,-0.015350002900770154,-0.041534376536012996,715,2020-11-04,35.16128921508789,0.0072855225504242,-0.0178089707410645,0.0437129183197591,2020-11-04,2020-11-06,2020-11-10
2020-12-30,PFE,PFE:2020-12-29,2020-12-29,37.04999923706055,36.81999969482422,37.20000076293945,0.5400009155273438,0.07407564390567824,37.029998779296875,37.2400016784668,36.70000076293945,36.7400016784668,37.13068290710449,-0.0017015846979465676,-0.05508798515293711,754,2020-12-31,36.65999984741211,0.0040916946673008,0.0144571407938587,0.0109111164087236,2020-12-31,2021-01-05,2021-01-07
2021-02-10,PFE,PFE:2021-02-09,2021-02-09,34.970001220703125,34.81999969482422,35.060001373291016,0.3800010681152344,0.10526527129448376,35.0,35.08000183105469,34.70000076293945,34.7400016784668,37.48640014648438,-0.06836597407204259,-0.06271777181608518,782,2021-02-11,34.79999923706055,-0.010632153448174,-0.0031609371483668,-0.0068964904894004,2021-02-11,2021-02-16,2021-02-18
2021-03-04,PFE,PFE:2021-03-03,2021-03-03,34.38999938964844,33.5099983215332,34.45000076293945,1.25,0.28800048828125,34.2599983215332,35.09000015258789,33.84000015258789,34.20000076293945,35.76280014038086,-0.04025409228225796,-0.014330754048346162,797,2021-03-05,34.290000915527344,0.0029162575517986,0.0046660788317347,0.0122484152152684,2021-03-05,2021-03-09,2021-03-11
2021-03-08,PFE,PFE:2021-03-05,2021-03-05,34.38999938964844,34.20000076293945,34.54999923706055,0.5399971008300781,0.03703101930671037,34.47999954223633,34.869998931884766,34.33000183105469,34.349998474121094,35.65520004272461,-0.03677564107315978,-0.0014517781374639993,799,2021-03-09,34.540000915527344,-0.0026056789288454,0.004921776619551,0.0251881560169171,2021-03-09,2021-03-11,2021-03-15
2021-06-25,PFE,PFE:2021-06-24,2021-06-24,39.189998626708984,39.04999923706055,39.349998474121094,0.5200004577636719,0.17307706415288118,39.119998931884766,39.40999984741211,38.88999938964844,38.97999954223633,39.330800170898435,-0.002880211341479866,-0.036627376285373825,876,2021-06-28,39.0099983215332,0.0028198055648427,0.0038452071861818,0.018456838033384,2021-06-28,2021-06-30,2021-07-02
2021-06-29,PFE,PFE:2021-06-28,2021-06-28,39.119998931884766,38.97999954223633,39.209999084472656,0.2999992370605469,0.39999745686202204,39.130001068115234,39.279998779296875,38.97999954223633,39.099998474121094,39.34520011901856,-0.005637800580487351,-0.012869092164642826,878,2021-06-30,39.13999938964844,0.0005109979068871,0.0150740971330707,0.0053653318279864,2021-06-30,2021-07-02,2021-07-07
2021-09-21,PFE,PFE:2021-09-20,2021-09-20,44.20000076293945,43.88999938964844,44.650001525878906,0.8800010681152344,0.07954501120565961,44.25,44.72999954223633,43.849998474121094,43.91999816894531,45.0692000579834,-0.017472086805434883,-0.05636207047498443,936,2021-09-22,43.9900016784668,-0.0009093183451029,-0.0011366912900639,-0.0215958337506606,2021-09-22,2021-09-24,2021-09-28
2021-09-30,PFE,PFE:2021-09-29,2021-09-29,43.529998779296875,43.040000915527344,43.689998626708984,1.0799980163574219,0.03703442064178867,43.790000915527344,44.04999923706055,42.970001220703125,43.0099983215332,45.52859992980957,-0.04306117537547738,-0.027697155813894203,943,2021-10-01,42.52000045776367,0.0096425174740855,-0.0047036867541456,0.0051740644010964,2021-10-01,2021-10-05,2021-10-07
2021-10-15,PFE,PFE:2021-10-14,2021-10-14,41.66999816894531,41.41999816894531,41.959999084472656,0.6499977111816406,0.16923230414394957,41.900001525878906,42.029998779296875,41.380001068115234,41.4900016784668,45.27599983215332,-0.08109399152345687,-0.031155549985618425,954,2021-10-18,41.45000076293945,-0.0031363345168251,0.0325693232635144,0.0412545006754636,2021-10-18,2021-10-20,2021-10-22
2022-01-21,PFE,PFE:2022-01-20,2022-01-20,54.04999923706055,53.540000915527344,54.52000045776367,2.4099998474121094,0.13693022902430801,54.41999816894531,54.869998931884766,52.459999084472656,52.790000915527344,54.5736003112793,-0.0075977261692987685,-0.028401973768076738,1021,2022-01-24,51.75,-0.004057953323143,0.0243477936528155,0.0498551078464672,2022-01-24,2022-01-26,2022-01-28
2022-03-07,PFE,PFE:2022-03-04,2022-03-04,48.650001525878906,47.83000183105469,48.77000045776367,1.3199996948242188,0.34848423547091295,48.25,48.84000015258789,47.52000045776367,47.97999954223633,52.62120018005371,-0.07951545684109307,-0.0051124742780978005,1051,2022-03-08,47.58000183105469,-0.0029424800117247,0.0340478955347038,0.0981504411354874,2022-03-08,2022-03-10,2022-03-14
2022-05-13,PFE,PFE:2022-05-12,2022-05-12,50.38999938964844,49.45000076293945,50.43000030517578,1.1100006103515625,0.21621417279538113,50.380001068115234,50.790000915527344,49.68000030517578,49.91999816894531,51.052599868774415,-0.01216998269138736,-0.0023757461071545194,1099,2022-05-16,49.869998931884766,0.0160416934869644,0.010627684085537,0.0521355994486703,2022-05-16,2022-05-18,2022-05-20
2022-08-02,PFE,PFE:2022-08-01,2022-08-01,50.61000061035156,50.5099983215332,51.29999923706055,1.8400001525878906,0.03260736609688086,50.900001525878906,51.470001220703125,49.630001068115234,49.689998626708984,51.46419982910156,-0.016964677520306948,-0.002758608663023354,1153,2022-08-03,49.790000915527344,0.0014058986450509,-0.0104438732316132,-0.0002008864439958,2022-08-03,2022-08-05,2022-08-09
2022-08-26,PFE,PFE:2022-08-25,2022-08-25,47.900001525878906,47.43000030517578,47.95000076293945,1.2599983215332031,0.09523737439487014,47.619998931884766,47.959999084472656,46.70000076293945,46.81999969482422,50.3426000213623,-0.04915790863018421,-0.008076193461471592,1171,2022-08-29,46.380001068115234,-0.003234185477025,-0.0247952026605168,-0.0146614982646746,2022-08-29,2022-08-31,2022-09-02
2022-09-02,PFE,PFE:2022-09-01,2022-09-01,46.630001068115234,45.22999954223633,46.650001525878906,1.2700004577636719,0.1338597813908922,46.7400016784668,46.79999923706055,45.529998779296875,45.70000076293945,50.109800033569336,-0.07107110602357136,-0.040139989490344474,1176,2022-09-06,45.959999084472656,-0.0043516267824953,0.0243690767818229,0.0391644750417035,2022-09-06,2022-09-08,2022-09-12
2022-09-12,PFE,PFE:2022-09-09,2022-09-09,47.84000015258789,47.08000183105469,47.9900016784668,0.6599998474121094,0.10606016819350923,48.08000183105469,48.349998474121094,47.689998626708984,47.7599983215332,49.65120002746582,-0.03828757115305381,-0.0012526382333953867,1181,2022-09-13,47.130001068115234,-0.0199448847889415,-0.0252493616472951,-0.0358583153640025,2022-09-13,2022-09-15,2022-09-19
2022-10-14,PFE,PFE:2022-10-13,2022-10-13,42.97999954223633,42.029998779296875,43.15999984741211,1.0200004577636719,0.490195858437396,42.88999938964844,43.380001068115234,42.36000061035156,42.86000061035156,46.07759994506836,-0.0700512446920667,-0.026721021495767383,1205,2022-10-17,43.189998626708984,0.0106506810325632,-0.0018522347511247,0.0407502244082516,2022-10-17,2022-10-19,2022-10-21
2023-02-09,PFE,PFE:2023-02-08,2023-02-08,43.97999954223633,43.59000015258789,44.099998474121094,1.0900001525878906,0.09174170653433052,44.119998931884766,44.33000183105469,43.2400016784668,43.34000015258789,48.450200119018554,-0.09459226918555996,-0.024184605279974458,1285,2023-02-10,43.5,0.0087356567382812,0.0050574993265086,-0.0126436606220815,2023-02-10,2023-02-14,2023-02-16
2023-03-17,PFE,PFE:2023-03-16,2023-03-16,40.369998931884766,40.279998779296875,40.4900016784668,0.7999992370605469,0.13749612569439476,40.630001068115234,40.790000915527344,39.9900016784668,40.099998474121094,43.45459991455078,-0.0752533727270086,-0.00615460380536248,1310,2023-03-20,40.13999938964844,0.0166916291437553,-0.0032386913326351,0.0062282013901691,2023-03-20,2023-03-22,2023-03-24
2023-05-02,PFE,PFE:2023-05-01,2023-05-01,39.209999084472656,38.88999938964844,39.52000045776367,1.4899978637695312,0.2885912225994255,39.290000915527344,40.119998931884766,38.630001068115234,39.060001373291016,40.51400001525879,-0.034165107915668735,-0.047838785966582975,1341,2023-05-03,39.20000076293945,-0.0191326526888506,-0.0181122211901563,-0.0183673777216818,2023-05-03,2023-05-05,2023-05-09
2023-07-12,PFE,PFE:2023-07-11,2023-07-11,36.02000045776367,35.68000030517578,36.040000915527344,0.3300018310546875,0.21213066999583854,36.20000076293945,36.25,35.91999816894531,35.9900016784668,37.89600006103515,-0.050956409251135204,-0.02358359843532265,1389,2023-07-13,36.0099983215332,0.0013885880057904,-0.0041654462141961,0.0119411364959338,2023-07-13,2023-07-17,2023-07-19
2023-08-08,PFE,PFE:2023-08-07,2023-08-07,35.68000030517578,35.02000045776367,35.849998474121094,0.9799995422363281,0.25510215997602187,36.369998931884766,36.369998931884766,35.38999938964844,35.63999938964844,37.18920013427734,-0.041710307262167956,-0.048786939436008536,1408,2023-08-09,35.599998474121094,0.0067416204706094,0.0123596196703801,-0.0058988509402693,2023-08-09,2023-08-11,2023-08-15
2023-08-10,PFE,PFE:2023-08-09,2023-08-09,35.84000015258789,35.63999938964844,36.060001373291016,0.4900016784667969,0.24490272555293457,35.81999969482422,36.09000015258789,35.599998474121094,35.720001220703125,37.12820022583008,-0.035366313433887964,-0.03681803186220589,1410,2023-08-11,35.619998931884766,0.0117911846220359,-0.0064570339453449,0.0249859465563253,2023-08-11,2023-08-15,2023-08-17
2023-09-05,PFE,PFE:2023-09-01,2023-09-01,35.779998779296875,35.380001068115234,36.060001373291016,0.94000244140625,0.03191757028764366,35.959999084472656,36.290000915527344,35.349998474121094,35.380001068115234,36.148400115966794,-0.011787876838425748,-0.02400439366552143,1427,2023-09-06,35.2599983215332,-0.0252410502556637,-0.0286443099719718,-0.0314803417042826,2023-09-06,2023-09-08,2023-09-12
2023-09-13,PFE,PFE:2023-09-12,2023-09-12,34.150001525878906,33.939998626708984,34.209999084472656,0.6199989318847656,0.1290354336764516,34.209999084472656,34.619998931884766,34.0,34.08000183105469,35.86880012512207,-0.049281423468528596,-0.05689029579338223,1433,2023-09-14,34.2400016784668,-0.002628509000468,-0.017523430473302,-0.0181075559634666,2023-09-14,2023-09-18,2023-09-20
2023-09-20,PFE,PFE:2023-09-19,2023-09-19,33.9900016784668,33.63999938964844,34.0099983215332,0.5400009155273438,0.12962884471382755,34.08000183105469,34.09000015258789,33.54999923706055,33.619998931884766,35.67180015563965,-0.048426880852508125,-0.039287714745184554,1438,2023-09-21,33.470001220703125,-0.0185241327747106,-0.0146400257124491,-0.0409322586380608,2023-09-21,2023-09-25,2023-09-27
2023-11-01,PFE,PFE:2023-10-31,2023-10-31,30.559999465942383,30.549999237060547,30.81999969482422,0.6100006103515625,0.0655752057433024,30.559999465942383,31.079999923706055,30.469999313354492,30.510000228881836,33.26480003356934,-0.08479430522182274,-0.0668702453147364,1468,2023-11-02,30.510000228881836,-0.0003277688891122,0.0219600154463355,0.010160585500387,2023-11-02,2023-11-06,2023-11-08
2023-11-16,PFE,PFE:2023-11-15,2023-11-15,30.190000534057617,29.260000228881836,30.350000381469727,0.9800014495849609,0.3061231639363725,30.270000457763672,30.450000762939453,29.469999313354492,29.770000457763672,32.059200019836425,-0.060946688057831544,-0.010488354389499355,1479,2023-11-17,29.920000076293945,0.0,0.0127005066777283,0.0193850241386062,2023-11-17,2023-11-21,2023-11-24
2023-12-20,PFE,PFE:2023-12-19,2023-12-19,28.15999984741211,27.059999465942383,28.239999771118164,0.649999618530277,0.030767018694967254,28.190000534057617,28.260000228881836,27.61000061035156,27.6299991607666,29.980799903869627,-0.0641906726151179,-0.03196975937770996,1502,2023-12-21,27.86000061035156,0.0161521480880233,0.0197415371504403,0.0333812018952446,2023-12-21,2023-12-26,2023-12-28
2024-01-24,PFE,PFE:2024-01-23,2024-01-23,28.43000030517578,28.309999465942383,28.649999618530273,0.4500007629394531,0.0,28.540000915527344,28.780000686645508,28.329999923706055,28.329999923706055,28.887199897766113,-0.016746083301767967,-0.038877607217592924,1524,2024-01-25,27.81999969482422,-0.0125808909169342,-0.0122214290552686,-0.0265995607201907,2024-01-25,2024-01-29,2024-01-31
2024-01-30,PFE,PFE:2024-01-29,2024-01-29,27.479999542236328,27.469999313354492,27.6299991607666,1.4200000762939453,0.04929555708680719,27.88999938964844,28.3700008392334,26.950000762939453,27.020000457763672,28.71779987335205,-0.045210079437215334,-0.04250875220458261,1528,2024-01-31,27.170000076293945,-0.003312482603429,-0.008833263542298,0.0121457461457272,2024-01-31,2024-02-02,2024-02-06
2024-03-07,PFE,PFE:2024-03-06,2024-03-06,27.190000534057617,26.079999923706055,27.299999237060547,0.5599994659423828,0.05357270581503469,27.200000762939453,27.31999969482422,26.760000228881836,26.790000915527344,27.815,-0.02360019824666848,-0.01734729096179377,1554,2024-03-08,26.8799991607666,0.012648815595357,0.0420387315251318,0.0465029776423679,2024-03-08,2024-03-12,2024-03-14
2024-04-08,PFE,PFE:2024-04-05,2024-04-05,26.65999984741211,26.649999618530273,26.700000762939453,0.2999992370605469,0.19999872843101102,26.600000381469727,26.81999969482422,26.520000457763672,26.579999923706055,27.33139995574951,-0.02520000941720779,-0.036153290148826955,1575,2024-04-09,26.770000457763672,0.000373561027674,-0.0160627679425786,-0.0321255358851572,2024-04-09,2024-04-11,2024-04-15
2024-10-29,PFE,PFE:2024-10-28,2024-10-28,28.86000061035156,28.450000762939453,28.940000534057617,1.1399993896484375,0.37719177898836853,29.010000228881836,29.170000076293945,28.030000686645508,28.459999084472656,29.065800018310547,-0.007312707183207867,-0.007565313408929963,1717,2024-10-30,28.309999465942383,0.0074179087171628,-0.0077710815084668,-0.01130341578456,2024-10-30,2024-11-01,2024-11-05
2024-10-31,PFE,PFE:2024-10-30,2024-10-30,28.520000457763672,28.459999084472656,28.600000381469727,0.3499984741210973,0.02856675749318772,28.450000762939453,28.63999938964844,28.290000915527344,28.299999237060547,29.043600006103517,-0.018521435487453775,-0.038759676965727796,1719,2024-11-01,28.479999542236328,-0.0136937990139381,-0.0172050484197334,-0.0358146233903899,2024-11-01,2024-11-05,2024-11-07
2024-11-14,PFE,PFE:2024-11-13,2024-11-13,26.719999313354492,26.190000534057617,26.75,1.010000228881836,0.17821808354940505,26.739999771118164,26.850000381469727,25.84000015258789,26.020000457763672,28.712600021362306,-0.0710093977636882,-0.06311364360161453,1729,2024-11-15,25.700000762939453,-0.0350195135860365,-0.0233463176520583,-0.022179050009789,2024-11-15,2024-11-19,2024-11-21
2024-12-16,PFE,PFE:2024-12-13,2024-12-13,25.579999923706055,25.3700008392334,25.65999984741211,0.5300006866455078,0.05660499580743721,25.59000015258789,25.75,25.219999313354492,25.25,27.155200004577637,-0.06031195876693107,-0.0240365960615323,1750,2024-12-17,25.899999618530273,0.0204633472761257,-0.0050192726903978,0.0312741111147687,2024-12-17,2024-12-19,2024-12-23
2025-02-14,PFE,PFE:2025-02-13,2025-02-13,25.63999938964844,25.469999313354492,25.739999771118164,0.3600006103515625,0.16667019878777603,25.729999542236328,25.829999923706055,25.469999313354492,25.530000686645508,26.186600036621094,-0.021090111130795064,-0.04719436882069705,1790,2025-02-18,25.61000061035156,-0.0019524069979509,0.0113236626812689,0.0406090973601283,2025-02-18,2025-02-20,2025-02-24
2025-04-03,PFE,PFE:2025-04-02,2025-04-02,24.700000762939453,24.540000915527344,24.739999771118164,0.5900001525878906,0.016949536094138944,24.739999771118164,24.8700008392334,24.280000686645508,24.290000915527344,25.957999992370606,-0.04972219636356867,-0.057611536599700086,1823,2025-04-04,23.940000534057617,-0.0405180116568159,-0.0877193122231645,-0.0981620855908737,2025-04-04,2025-04-08,2025-04-10
2025-04-23,PFE,PFE:2025-04-22,2025-04-22,22.530000686645508,22.040000915527344,22.549999237060547,0.8199996948242188,0.18292643214023638,22.780000686645508,23.059999465942383,22.239999771118164,22.38999938964844,24.897799911499025,-0.09762327113174396,-0.004418845684027284,1836,2025-04-24,22.399999618530273,0.0169643336869023,0.0290178406071295,0.0897321546032114,2025-04-24,2025-04-28,2025-04-30
2025-09-16,PFE,PFE:2025-09-15,2025-09-15,23.969999313354492,23.8700008392334,24.1200008392334,0.34999847412109375,0.08571117166212534,23.959999084472656,24.219999313354492,23.8700008392334,23.899999618530273,24.74979995727539,-0.0325549368462259,-0.03190633716577396,1936,2025-09-17,23.979999542236328,0.0029190865788353,0.0020851186556993,0.0062551968888104,2025-09-17,2025-09-19,2025-09-23
2025-09-19,PFE,PFE:2025-09-18,2025-09-18,24.149999618530273,24.049999237060547,24.239999771118164,0.43000030517578125,0.48837405297989744,24.25,24.25,23.81999969482422,24.030000686645508,24.655199928283693,-0.021879138740168447,-0.015892472797354396,1939,2025-09-22,24.280000686645508,-0.009884669041635,-0.0078253924499318,-0.021416822201726,2025-09-22,2025-09-24,2025-09-26
2025-11-04,PFE,PFE:2025-11-03,2025-11-03,24.65999984741211,24.649999618530273,24.75,1.0,0.09999847412109375,24.38999938964844,25.200000762939453,24.200000762939453,24.299999237060547,24.754800033569335,-0.004505166765328084,-0.0012150946130651263,1971,2025-11-05,24.3799991607666,0.0094340220468542,0.0020509083728617,0.0463495121826618,2025-11-05,2025-11-07,2025-11-11
2018-06-21,PLD,PLD:2018-06-20,2018-06-20,64.11000061035156,63.5099983215332,64.44000244140625,0.9099998474121094,0.3956051326550717,64.12000274658203,64.5,63.59000015258789,63.95000076293945,64.7022004699707,-0.00843855473216859,-0.027752529015764194,118,2018-06-22,64.12000274658203,0.0029631129736944,-0.0015596709175275,0.0160636109665759,2018-06-22,2018-06-26,2018-06-28
2018-10-22,PLD,PLD:2018-10-19,2018-10-19,63.59000015258789,63.06999969482422,63.95000076293945,0.8699989318847656,0.19540043408677352,63.63999938964844,63.959999084472656,63.09000015258789,63.2599983215332,65.86219947814942,-0.034883217232063335,-0.02529119811786429,203,2018-10-23,62.93000030517578,0.0176386557280894,0.0470363748628364,0.0376609365181761,2018-10-23,2018-10-25,2018-10-29
2020-11-23,PLD,PLD:2020-11-20,2020-11-20,100.2699966430664,99.98999786376952,100.81999969482422,1.3899993896484375,0.0503595147922703,99.95999908447266,100.87999725341795,99.48999786376952,99.55999755859376,102.08900024414062,-0.018277482598123562,-0.044046170020647146,729,2020-11-24,100.37999725341795,-0.0156405632375205,0.0021916838685271,-0.0017931889828742,2020-11-24,2020-11-27,2020-12-01
2020-12-07,PLD,PLD:2020-12-04,2020-12-04,98.66000366210938,97.0999984741211,98.75,1.4800033569335795,0.14864913628232002,98.0500030517578,98.79000091552734,97.30999755859376,97.52999877929688,102.08940002441406,-0.03361859524711264,-0.013301272427990063,738,2020-12-08,97.72000122070312,-0.0082889638607795,-0.0055260019318638,-0.0086983060121065,2020-12-08,2020-12-10,2020-12-14
2020-12-14,PLD,PLD:2020-12-11,2020-12-11,97.37000274658205,97.18000030517578,97.51000213623048,2.6399993896484375,0.09469699159032453,97.9000015258789,99.26000213623048,96.62000274658205,96.87000274658205,101.6518000793457,-0.04350539790372576,-0.03210731388201715,743,2020-12-15,97.5500030517578,0.0205023058680873,0.031060980876538,-0.0030753771642492,2020-12-15,2020-12-17,2020-12-21
2021-01-04,PLD,PLD:2020-12-31,2020-12-31,99.66000366210938,98.81999969482422,99.8000030517578,3.9000015258789205,0.01282129030617695,99.5500030517578,99.88999938964844,95.98999786376952,96.04000091552734,99.85720016479492,-0.003294314340414828,-0.0019028023526806992,756,2021-01-05,96.1500015258789,0.0004160261559287,-0.0086323642005485,-0.0154965974011814,2021-01-05,2021-01-07,2021-01-11
2021-03-08,PLD,PLD:2021-03-05,2021-03-05,97.37000274658205,95.63999938964844,97.80999755859376,2.0800018310546733,0.014422477350255022,97.33999633789062,98.0,95.91999816894533,95.9499969482422,101.03880035400391,-0.036634957007737445,-0.07530864269090232,799,2021-03-09,97.22000122070312,0.0113145284952624,0.0240690836094366,0.057189852795535,2021-03-09,2021-03-11,2021-03-15
2021-09-30,PLD,PLD:2021-09-29,2021-09-29,126.44000244140624,125.58000183105467,127.3000030517578,2.3199996948242188,0.030172286220719727,127.1999969482422,127.68000030517578,125.36000061035156,125.43000030517578,131.10699951171875,-0.035813070294282046,-0.05139163620499054,943,2021-10-01,125.70999908447266,0.005727477734045,0.005727477734045,0.0291942234115658,2021-10-01,2021-10-05,2021-10-07
2021-10-05,PLD,PLD:2021-10-04,2021-10-04,126.83000183105467,126.43000030517578,127.20999908447266,1.8300018310546875,0.3606573779923456,127.1999969482422,127.5999984741211,125.7699966430664,126.43000030517578,131.03999954223633,-0.03235649216877523,-0.017278752283616416,946,2021-10-06,126.16000366210938,0.012920079312803,0.0187856297431234,0.0485890095599648,2021-10-06,2021-10-08,2021-10-12
2022-05-18,PLD,PLD:2022-05-17,2022-05-17,125.9000015258789,125.25,126.4499969482422,7.5699996948242045,0.0396295157803501,126.0500030517578,126.8000030517578,119.2300033569336,119.52999877929688,154.99779953002928,-0.1905983284949907,-0.17366762259434465,1102,2022-05-19,118.5500030517578,0.0098692377800657,0.0162800527667059,0.0124841475279668,2022-05-19,2022-05-23,2022-05-25
2022-07-12,PLD,PLD:2022-07-11,2022-07-11,121.77999877929688,121.58000183105467,122.66000366210938,2.9300003051758097,0.31399512031267673,121.01000213623048,122.91999816894533,119.98999786376952,120.91000366210938,124.80219985961914,-0.03229549639684581,-0.006607370770786103,1138,2022-07-13,118.9800033569336,0.0149604868807826,0.0170616802993943,0.0515212395399613,2022-07-13,2022-07-15,2022-07-19
2023-03-21,PLD,PLD:2023-03-20,2023-03-20,118.6999969482422,116.02999877929688,118.79000091552734,3.0699996948242045,0.29641816044593117,120.12000274658205,120.5199966430664,117.4499969482422,118.36000061035156,124.30380004882812,-0.044818709611098795,-0.06653040634024499,1312,2023-03-22,117.7699966430664,-0.0309925617773996,-0.0062834158517665,-0.0095100207957204,2023-03-22,2023-03-24,2023-03-28
2024-04-01,PLD,PLD:2024-03-28,2024-03-28,130.22000122070312,128.86000061035156,130.5399932861328,3.320007324218736,0.14156632043386402,130.22000122070312,130.77000427246094,127.4499969482422,127.91999816894533,130.53180130004884,-0.00213488999687772,-0.00405352794873326,1570,2024-04-02,126.87999725341795,-0.0102458657826638,-0.0172603630155951,-0.0055958314930806,2024-04-02,2024-04-04,2024-04-08
2024-04-04,PLD,PLD:2024-04-03,2024-04-03,126.08999633789062,125.58000183105467,126.66000366210938,4.390007019042969,0.08428295102422831,128.24000549316406,128.7100067138672,124.31999969482422,124.69000244140624,130.35520126342774,-0.03321232625696091,-0.013766149059334709,1573,2024-04-05,124.02999877929688,0.0057244141857653,0.0179795483260605,-0.0304764880794938,2024-04-05,2024-04-09,2024-04-11
2024-06-03,PLD,PLD:2024-05-31,2024-05-31,110.48999786376952,107.56999969482422,110.66000366210938,4.040000915527344,0.10891147071653973,110.7699966430664,111.0,106.95999908447266,107.4000015258789,112.50519973754882,-0.021822866076884773,-0.002707853139080396,1614,2024-06-04,106.5,0.021314522470107,0.0329577665373752,0.0438497480652142,2024-06-04,2024-06-06,2024-06-10
2024-11-11,PLD,PLD:2024-11-08,2024-11-08,115.83000183105467,114.20999908447266,116.0,2.6800003051757955,0.11193857768744439,115.72000122070312,116.4800033569336,113.8000030517578,114.0999984741211,122.41539932250977,-0.055911718434489055,-0.014548230995009126,1726,2024-11-12,113.80999755859376,-0.0093137473098355,0.0082594012966417,0.0073807572735662,2024-11-12,2024-11-14,2024-11-18
2025-01-02,PLD,PLD:2024-12-31,2024-12-31,105.6999969482422,105.0999984741211,106.41000366210938,2.7900009155273438,0.17204415749909585,106.38999938964844,106.56999969482422,103.77999877929688,104.26000213623048,112.76780014038086,-0.0649162501131858,-0.029117348382168284,1761,2025-01-03,104.51000213623048,0.0107166308898125,0.0198067137356474,-0.008803040661511,2025-01-03,2025-01-07,2025-01-10
2025-03-20,PLD,PLD:2025-03-19,2025-03-19,112.97000122070312,112.37999725341795,113.73999786376952,2.220001220703125,0.1666678122207648,112.62000274658205,113.91999816894533,111.6999969482422,112.06999969482422,117.05720001220703,-0.03402336802995043,-0.08924540158914551,1813,2025-03-21,111.2699966430664,-0.0256133599362221,-0.0183337229053465,-0.0046732871281955,2025-03-21,2025-03-25,2025-03-27
2025-03-25,PLD,PLD:2025-03-24,2025-03-24,110.26000213623048,108.41999816894533,110.43000030517578,2.020004272460909,0.4009918191912845,110.06999969482422,110.44000244140624,108.41999816894533,109.2300033569336,117.30200012207031,-0.05912829720265722,-0.0645626574448539,1816,2025-03-26,109.5999984741211,0.0139598430711487,0.0077554606382754,0.0168795483565442,2025-03-26,2025-03-28,2025-04-01
2025-03-27,PLD,PLD:2025-03-26,2025-03-26,111.12999725341795,109.2300033569336,111.58000183105467,1.7400054931640483,0.09195583734533061,111.2300033569336,112.33000183105467,110.58999633789062,110.75,117.46979995727538,-0.05354584130890061,-0.039747740171823365,1818,2025-03-28,111.0,-0.0049549824482685,0.0040540265607404,-0.0847748077667511,2025-03-28,2025-04-01,2025-04-03
2018-04-06,TSLA,TSLA:2018-04-05,2018-04-05,20.381332397460938,19.12933349609375,20.417333602905273,0.9186668395996094,0.2757606208709301,20.066667556762695,20.618667602539062,19.700000762939453,19.953332901000977,21.543386611938477,-0.0566602882057059,-0.034151592733780434,65,2018-04-09,20.024667739868164,-0.0356560573778088,0.0018643273024556,-9.99171992170922e-05,2018-04-09,2018-04-11,2018-04-13
2018-05-17,TSLA,TSLA:2018-05-16,2018-05-16,19.09866714477539,18.94533348083496,19.253999710083008,0.34799957275390625,0.10919584329029004,19.059999465942383,19.279333114624023,18.931333541870117,18.96933364868164,19.873906669616698,-0.04207728543254885,-0.048713295020423764,94,2018-05-18,18.976667404174805,-0.0275075309779974,-0.0338662082597472,-0.0238890632740855,2018-05-18,2018-05-22,2018-05-24
2018-05-24,TSLA,TSLA:2018-05-23,2018-05-23,18.60466766357422,18.333999633789062,18.660667419433594,0.41466712951660156,0.47588141947057333,18.559999465942383,18.74066734313965,18.326000213623047,18.523332595825195,19.50455997467041,-0.04930771848795745,-0.09053279733636299,99,2018-05-25,18.5086669921875,0.0043943283670682,0.0507509785784479,0.0511111440876383,2018-05-25,2018-05-30,2018-06-01
2018-10-17,TSLA,TSLA:2018-10-16,2018-10-16,18.439332962036133,17.305999755859375,18.492000579833984,1.1266670227050781,0.35384748213130907,18.82666778564453,18.84666633605957,17.719999313354492,18.118667602539062,19.933520011901855,-0.08158028837603792,-0.0811574530110597,200,2018-10-18,17.952667236328125,-0.0199785006281096,-0.030970314802821,0.0713357148806761,2018-10-18,2018-10-22,2018-10-24
2019-02-19,TSLA,TSLA:2019-02-15,2019-02-15,20.525333404541016,20.251333236694336,20.53333282470703,0.4046649932861328,0.028002318993594486,20.437332153320312,20.769332885742188,20.364667892456055,20.375999450683594,21.64714668273926,-0.05496941937060118,-0.013868827852019705,283,2019-02-20,20.29400062561035,-0.0060773121855175,-0.0318649581419977,-0.0215171174994955,2019-02-20,2019-02-22,2019-02-26
2019-04-30,TSLA,TSLA:2019-04-29,2019-04-29,16.097999572753906,15.675999641418455,16.26533317565918,0.4806661605834961,0.2343977857801851,16.137332916259766,16.28066635131836,15.800000190734863,15.912667274475098,18.477413291931153,-0.1331023918245391,-0.09798282381580958,332,2019-05-01,15.923333168029783,-0.0202637327755426,0.0677413220777003,0.0343730619444115,2019-05-01,2019-05-03,2019-05-07
2019-05-24,TSLA,TSLA:2019-05-23,2019-05-23,13.03266716003418,12.84866714477539,13.29800033569336,0.7486667633056641,0.16740930966047093,13.321999549865724,13.33199977874756,12.583333015441896,12.708666801452637,16.890146675109865,-0.23438973182263512,-0.19212328386507438,350,2019-05-28,12.74666690826416,-0.0130753384988862,-0.0155857663811703,-0.063964511345295,2019-05-28,2019-05-30,2019-06-03
2019-08-20,TSLA,TSLA:2019-08-19,2019-08-19,15.121999740600586,14.662667274475098,15.18866729736328,0.30333423614501953,0.29011000757697814,15.174667358398438,15.272666931152344,14.969332695007324,15.057332992553713,15.493520011901856,-0.02288761540025741,-0.006525894439375013,410,2019-08-21,14.800666809082031,-0.0053150772209429,-0.0477906552375237,-0.035719099895719,2019-08-21,2019-08-23,2019-08-27
2019-08-27,TSLA,TSLA:2019-08-26,2019-08-26,14.333333015441896,14.09333324432373,14.334667205810549,0.45133399963378906,0.30280734821175764,14.38266658782959,14.58666706085205,14.135333061218262,14.272000312805176,15.497840003967285,-0.07601041356256377,-0.06117637005629151,415,2019-08-28,14.246000289916992,0.0088914095273977,0.0557817123481072,0.0327109078890941,2019-08-28,2019-08-30,2019-09-04
2020-03-20,TSLA,TSLA:2020-03-19,2020-03-19,28.50933265686035,24.08133316040039,30.13333320617676,3.413999557495117,0.03397807386814711,29.213333129882812,31.799999237060547,28.38599967956543,28.50200080871582,43.62714645385742,-0.3478109145723496,-0.40977724029228924,557,2020-03-23,28.906667709350582,0.0015913119921,0.2436577306110772,0.1862546327488536,2020-03-23,2020-03-25,2020-03-27
2020-03-26,TSLA,TSLA:2020-03-25,2020-03-25,35.95000076293945,33.66666793823242,37.133331298828125,3.183330535888672,0.3331935275515254,36.49266815185547,37.33333206176758,34.150001525878906,35.21066665649414,43.60638656616211,-0.17582541555874076,-0.1497564095473708,561,2020-03-27,33.66666793823242,0.0185346690816343,0.0376237534013594,-0.1000594299596113,2020-03-27,2020-03-31,2020-04-02
2021-03-02,TSLA,TSLA:2021-03-01,2021-03-01,239.47666931152344,225.1666717529297,239.6666717529297,12.036666870117188,0.03987906216128848,239.4266662597656,240.3699951171875,228.3333282470703,228.81333923339844,259.4781997680664,-0.0755714398658075,-0.11970055216352948,795,2021-03-03,229.3300018310547,-0.0505675852968164,-0.1308740066367382,-0.0209450548529276,2021-03-03,2021-03-05,2021-03-09
2021-03-10,TSLA,TSLA:2021-03-09,2021-03-09,224.52667236328125,187.6666717529297,226.02999877929688,20.930007934570312,0.2070390159725123,233.4333343505859,239.28334045410156,218.35333251953125,222.68666076660156,258.3340667724609,-0.13072585937934467,-0.036145604269456455,801,2021-03-11,233.13333129882812,0.0002859550328675,0.0122104566209029,0.0034457941440546,2021-03-11,2021-03-15,2021-03-17
2021-04-01,TSLA,TSLA:2021-03-31,2021-03-31,222.6433258056641,211.8733367919922,224.0,11.0,0.07060519131747159,229.4566650390625,230.80667114257812,219.80667114257812,220.5833282470703,245.38646606445312,-0.09731067883681777,-0.04827518236743933,817,2021-04-05,235.90333557128903,-0.0235406992204026,-0.0519139483735001,-0.0433652016948594,2021-04-05,2021-04-07,2021-04-09
2021-05-21,TSLA,TSLA:2021-05-20,2021-05-20,195.5933380126953,187.82000732421875,196.28334045410156,5.559997558593778,0.052758109665733306,198.70333862304688,198.8933258056641,193.3333282470703,193.6266632080078,222.5031332397461,-0.12405701666075242,-0.11568250072506503,852,2021-05-24,193.86666870117188,0.0427097594174878,0.0645288568202457,0.0749999645815595,2021-05-24,2021-05-26,2021-05-28
2021-12-16,TSLA,TSLA:2021-12-15,2021-12-15,325.3299865722656,319.5033264160156,326.25,24.376678466796875,0.06932865950987449,331.5,331.6600036621094,307.2833251953125,308.97332763671875,340.21399963378906,-0.04103982906371384,-0.10868496829516272,997,2021-12-17,304.92333984375,0.0194583959851588,0.0259736854325898,0.1664133571290171,2021-12-17,2021-12-21,2021-12-23
2022-02-07,TSLA,TSLA:2022-02-04,2022-02-04,307.7733459472656,297.0466613769531,312.1666564941406,15.02001953125,0.10275186112285037,307.92999267578125,315.92333984375,300.9033203125,302.4466552734375,336.94219848632815,-0.09032490316668285,-0.021803110697916184,1032,2022-02-08,301.84332275390625,0.0181883127374302,-0.0010822175997456,-0.0328756960254588,2022-02-08,2022-02-10,2022-02-14
2022-10-14,TSLA,TSLA:2022-10-13,2022-10-13,221.72000122070312,217.2400054931641,222.9900054931641,22.099990844726562,0.037556659497567035,224.0099945068359,226.2599945068359,204.16000366210935,204.9900054931641,278.17606842041016,-0.2088462306880029,-0.17333429669103695,1205,2022-10-17,210.0399932861328,0.044324952937415,0.0571319766881379,0.0209484350405562,2022-10-17,2022-10-19,2022-10-21
2022-12-16,TSLA,TSLA:2022-12-15,2022-12-15,157.6699981689453,156.8000030517578,160.92999267578125,10.95001220703125,0.017351801789247792,159.63999938964844,160.99000549316406,150.0399932861328,150.22999572753906,196.34500030517577,-0.2041009082127847,-0.19019003266415402,1249,2022-12-19,154.0,-0.0268182135247564,-0.1066882641284496,-0.2003246654163707,2022-12-19,2022-12-21,2022-12-23
2023-04-12,TSLA,TSLA:2023-04-11,2023-04-11,186.7899932861328,184.5099945068359,189.19000244140625,11.270004272460938,0.02040777642836157,190.7400054931641,191.5800018310547,180.30999755859375,180.5399932861328,192.29480010986327,-0.02722259788503334,-0.026171755051127787,1327,2023-04-13,182.9600067138672,0.016069015493725,0.0222998820646436,-0.012953707307647,2023-04-13,2023-04-17,2023-04-19
2024-01-22,TSLA,TSLA:2024-01-19,2024-01-19,212.19000244140625,211.8800048828125,213.19000244140625,11.529998779296847,0.21942749758479488,212.2599945068359,217.8000030517578,206.27000427246097,208.8000030517578,237.2181997680664,-0.1065149881211801,-0.1081830413429633,1522,2024-01-23,211.3000030517578,-0.010222449744027,-0.1356838511825416,-0.0964032658863092,2024-01-23,2024-01-25,2024-01-29
2024-03-08,TSLA,TSLA:2024-03-07,2024-03-07,178.64999389648438,176.5399932861328,180.0399932861328,8.029998779296847,0.07970105690408082,181.5,182.72999572753903,174.6999969482422,175.33999633789062,205.195,-0.13620709520781016,-0.09503069458290958,1555,2024-03-11,175.4499969482422,0.0132231824712036,-0.034026795808177,-0.0677115407846261,2024-03-11,2024-03-13,2024-03-15
2024-03-21,TSLA,TSLA:2024-03-20,2024-03-20,175.66000366210938,171.32000732421875,176.25,6.3799896240234375,0.15987553782535593,176.38999938964844,178.17999267578125,171.8000030517578,172.82000732421875,192.06820068359374,-0.09130880781731943,-0.004984647431118705,1564,2024-03-22,166.69000244140625,0.0248365188614339,0.0658707514951215,0.0545923013464788,2024-03-22,2024-03-26,2024-03-28
2024-04-26,TSLA,TSLA:2024-04-25,2024-04-25,170.17999267578125,162.1300048828125,170.8800048828125,5.75,0.3339127250339674,168.85000610351562,172.1199951171875,166.3699951171875,168.2899932861328,175.529599609375,-0.032727479033201945,-0.025315081748129353,1589,2024-04-29,188.4199981689453,0.0298800814007247,-0.0447404349734817,-0.0383717004447496,2024-04-29,2024-05-01,2024-05-03
2024-08-07,TSLA,TSLA:2024-08-06,2024-08-06,200.63999938964844,198.8800048828125,202.8999938964844,12.010009765625057,0.023313784481531815,200.77000427246097,203.4900054931641,191.47999572753903,191.7599945068359,209.62939971923828,-0.04173771272125615,-0.18564820434563967,1659,2024-08-08,195.6999969482422,0.0160449639172906,0.009146696846374,0.029024057348721,2024-08-08,2024-08-12,2024-08-14
2024-09-03,TSLA,TSLA:2024-08-30,2024-08-30,214.11000061035156,206.27999877929688,214.57000732421875,10.259994506835966,0.09356795593092489,215.2599945068359,219.8999938964844,209.63999938964844,210.6000061035156,221.28220092773438,-0.02999315030725236,-0.009300363465888695,1677,2024-09-04,210.58999633789065,0.0418823661028375,0.0006647960116006,0.0739826302387918,2024-09-04,2024-09-06,2024-09-10
2025-03-03,TSLA,TSLA:2025-02-28,2025-02-28,292.9800109863281,281.95001220703125,293.8800048828125,26.6400146484375,0.27590097830320526,300.3399963378906,303.94000244140625,277.29998779296875,284.6499938964844,385.71239868164065,-0.24737936041877662,-0.1768837192314241,1800,2025-03-04,270.92999267578125,0.0040970579084942,-0.027608536046067,-0.1800465068393935,2025-03-04,2025-03-06,2025-03-10
2025-07-03,TSLA,TSLA:2025-07-02,2025-07-02,315.6499938964844,300.7099914550781,316.8299865722656,5.69000244140625,0.45518369536068654,317.989990234375,318.45001220703125,312.760009765625,315.3500061035156,317.3194003295898,-0.0003857416506468647,-0.002212777599258864,1885,2025-07-07,291.3699951171875,0.0088204254634562,0.0154786348670221,0.0759859114509471,2025-07-07,2025-07-09,2025-07-11
2025-08-05,TSLA,TSLA:2025-08-04,2025-08-04,309.260009765625,302.6300048828125,312.1199951171875,6.95001220703125,0.4633087143998806,308.95001220703125,312.45001220703125,305.5,308.7200012207031,321.8441986083984,-0.04102627810032389,-0.05854053712574181,1907,2025-08-06,307.8900146484375,0.0390398793133868,0.070674520811899,0.1070186758965758,2025-08-06,2025-08-08,2025-08-12
2025-11-20,TSLA,TSLA:2025-11-19,2025-11-19,403.989990234375,401.25,411.7799987792969,34.20001220703125,0.014328087048237388,414.6300048828125,428.94000244140625,394.739990234375,395.2300109863281,433.65600036621095,-0.06727257708054546,-0.12569527597382213,1983,2025-11-21,402.3200073242187,-0.0279131307960982,0.0424537339961355,0.069223517589251,2025-11-21,2025-11-25,2025-11-28
2018-03-27,UNH,UNH:2018-03-26,2018-03-26,219.07000732421875,212.5500030517578,219.41000366210935,5.539993286132841,0.2797842834282226,220.32000732421875,221.9499969482422,216.41000366210935,217.9600067138672,229.46540130615233,-0.04619052582902028,-0.016609044652694305,58,2018-03-28,218.88999938964844,-0.001781714060651,-0.0077207841661046,0.0452281690533575,2018-03-28,2018-04-02,2018-04-04
2018-03-29,UNH,UNH:2018-03-28,2018-03-28,218.5,217.9600067138672,219.91000366210935,9.350006103515597,0.0,219.3800048828125,223.3500061035156,214.0,214.0,228.68880157470704,-0.04659011473941843,-0.030526243383435014,60,2018-04-02,218.4600067138672,-0.0057676907758925,0.0472854813457712,0.0251762328617144,2018-04-02,2018-04-04,2018-04-06
2018-11-01,UNH,UNH:2018-10-31,2018-10-31,261.3500061035156,258.2799987792969,264.07000732421875,4.91998291015625,0.23780223052016525,262.9200134277344,264.67999267578125,259.760009765625,260.92999267578125,264.9532000732422,-0.01358521257480394,-0.02225956588543343,211,2018-11-02,264.6099853515625,-0.0136048364960775,-0.004043599508231,0.045500960702316,2018-11-02,2018-11-06,2018-11-08
2019-03-04,UNH,UNH:2019-03-01,2019-03-01,246.1499938964844,242.22000122070312,248.0,13.940002441406278,0.10832205890723831,248.1199951171875,248.4499969482422,234.5099945068359,236.02000427246097,256.4293988037109,-0.04135401746549339,-0.07228731634732632,292,2019-03-05,236.52999877929688,0.0207161625238772,0.0007187171598641,0.0279879725673382,2019-03-05,2019-03-07,2019-03-11
2019-04-01,UNH,UNH:2019-03-29,2019-03-29,247.2599945068359,242.22999572753903,247.7599945068359,7.1399993896484375,0.34733836688201364,249.7100067138672,250.1999969482422,243.05999755859375,245.5399932861328,256.7251989746094,-0.037935535627297234,-0.016467778401590416,312,2019-04-02,245.5099945068359,-0.0044804320367329,0.0076575492846591,0.0131970411211663,2019-04-02,2019-04-04,2019-04-08
2019-04-16,UNH,UNH:2019-04-15,2019-04-15,230.1999969482422,223.22000122070312,230.97000122070312,22.18998718261716,0.23163597830623936,238.0099945068359,238.0099945068359,215.82000732421875,220.9600067138672,250.64099945068358,-0.08500473901529293,-0.062474532692580964,323,2019-04-17,223.7899932861328,-0.0310558879161146,0.0148353698727443,0.0293132535599807,2019-04-17,2019-04-22,2019-04-24
2019-08-19,UNH,UNH:2019-08-16,2019-08-16,245.69000244140625,244.25,247.11000061035156,4.4000091552734375,0.14091115588553899,247.4900054931641,248.4900054931641,244.08999633789065,244.7100067138672,249.80079956054686,-0.016618491200146468,-0.017436514925573077,409,2019-08-20,244.2100067138672,-0.0165840995062215,-0.0461488225814826,-0.0537652205963717,2019-08-20,2019-08-22,2019-08-26
2019-09-06,UNH,UNH:2019-09-05,2019-09-05,229.58999633789065,226.72999572753903,231.5099945068359,3.370010375976534,0.12166243315809942,230.1699981689453,231.9600067138672,228.58999633789065,229.0,245.6911996459961,-0.06663372377529486,-0.04476808609270744,422,2019-09-09,229.0,0.0073362125579967,0.022751121021254,0.0201310070321028,2019-09-09,2019-09-11,2019-09-13
2020-03-03,UNH,UNH:2020-03-02,2020-03-02,273.1099853515625,254.9600067138672,273.239990234375,21.1199951171875,0.10274542669710719,275.3500061035156,280.3500061035156,259.2300109863281,261.3999938964844,288.9488006591797,-0.05687161929716056,-0.08591610393136229,544,2020-03-04,290.0,-0.0019999536974676,-0.0211379478717672,-0.0344827586206896,2020-03-04,2020-03-06,2020-03-10
2020-03-20,UNH,UNH:2020-03-19,2020-03-19,219.8000030517578,217.05999755859375,226.1199951171875,29.17999267578125,0.10726492150977435,223.17999267578125,232.63999938964844,203.4600067138672,206.58999633789065,279.0900006103516,-0.21744881690817175,-0.2232117271368642,557,2020-03-23,202.0399932861328,-0.0355374822528964,0.160611825803592,0.200009923801967,2020-03-23,2020-03-25,2020-03-27
2020-09-15,UNH,UNH:2020-09-14,2020-09-14,308.57000732421875,301.4800109863281,311.1199951171875,5.410003662109375,0.2181187420674094,310.04998779296875,311.4599914550781,306.04998779296875,307.2300109863281,308.81119873046873,-0.0004949136845627811,-0.018449559064333432,680,2020-09-16,309.07000732421875,-0.0082506171744832,-0.0033973478036171,-0.0479179383558168,2020-09-16,2020-09-18,2020-09-22
2021-09-14,UNH,UNH:2021-09-13,2021-09-13,414.5199890136719,403.9100036621094,416.80999755859375,6.220001220703125,0.18810501577395408,417.5899963378906,417.5899963378906,411.3699951171875,412.5400085449219,415.90619995117186,-0.003180555516109962,-0.010125180659743993,931,2021-09-15,412.5199890136719,0.012120624777371,0.0185203501694661,-0.0004363247371639,2021-09-15,2021-09-17,2021-09-21
2021-09-30,UNH,UNH:2021-09-29,2021-09-29,400.4100036621094,398.6199951171875,401.8500061035156,13.029998779296875,0.02148878016333815,401.489990234375,403.489990234375,390.4599914550781,390.739990234375,414.47999877929686,-0.035058959295029224,-0.04098003880480616,943,2021-10-01,391.6000061035156,0.0021194753813313,0.004673101490662,0.0334525176183291,2021-10-01,2021-10-05,2021-10-07
2021-10-04,UNH,UNH:2021-10-01,2021-10-01,392.4299926757813,390.739990234375,393.69000244140625,10.389984130859375,0.21655470996507656,391.6199951171875,395.1499938964844,384.760009765625,387.010009765625,413.39939880371094,-0.052131686227822716,-0.06599869274712877,945,2021-10-05,389.3399963378906,0.010504947799766,0.0394514203873632,0.0401962142181315,2021-10-05,2021-10-07,2021-10-11
2022-05-05,UNH,UNH:2022-05-04,2022-05-04,507.6199951171875,499.6199951171875,509.7699890136719,21.44000244140625,0.2560629481912928,507.2099914550781,510.6700134277344,489.2300109863281,494.7200012207031,508.6270050048828,-0.0006005015754154686,-0.07031009315180214,1093,2022-05-06,485.010009765625,0.0301230594366961,0.0061854393509315,-0.0128039047599392,2022-05-06,2022-05-10,2022-05-12
2022-09-02,UNH,UNH:2022-09-01,2022-09-01,524.0,519.3300170898438,524.260009765625,15.97998046875,0.15894750511809821,529.6199951171875,529.7899780273438,513.8099975585938,516.3499755859375,527.3630010986328,-0.005753351558475561,-0.03892001732027417,1176,2022-09-06,519.9299926757812,-0.0043275056867185,0.0145789186940989,0.0217721760307789,2022-09-06,2022-09-08,2022-09-12
2022-12-28,UNH,UNH:2022-12-27,2022-12-27,531.989990234375,531.3099975585938,535.8400268554688,10.4200439453125,0.06910064315085343,535.0700073242188,538.1500244140625,527.72998046875,528.4500122070312,533.570396118164,-0.00271634760159456,-0.025409437382105438,1256,2022-12-29,532.5399780273438,-0.0049948797353851,-0.0261012580321107,-0.0799564132818575,2022-12-29,2023-01-03,2023-01-05
2023-09-13,UNH,UNH:2023-09-12,2023-09-12,479.8999938964844,479.3800048828125,483.6400146484375,4.58001708984375,0.08297018883513906,481.4299926757813,484.0400085449219,479.4599914550781,479.8399963378906,491.13779724121093,-0.022803167377461686,-0.023163989804365848,1433,2023-09-14,482.6300048828125,0.0020098236970134,0.0071068782319367,0.0196838155603416,2023-09-14,2023-09-18,2023-09-20
2024-01-24,UNH,UNH:2024-01-23,2024-01-23,515.52001953125,512.989990234375,518.0800170898438,8.77996826171875,0.031887161020778446,517.9000244140625,521.72998046875,512.9500122070312,513.22998046875,534.3588024902343,-0.036184551891578876,-0.039141130312988937,1524,2024-01-25,487.5899963378906,0.0119157439697912,0.0347628383156679,0.0495293055187064,2024-01-25,2024-01-29,2024-01-31
2024-03-08,UNH,UNH:2024-03-07,2024-03-07,478.7799987792969,472.6000061035156,481.19000244140625,9.480010986328125,0.18987512916839097,478.3299865722656,484.25,474.7699890136719,476.5700073242187,514.3344012451172,-0.07069749277019521,-0.09063627962146847,1555,2024-03-11,477.0,0.0254716853175773,0.0230607966457023,0.0289727616859931,2024-03-11,2024-03-13,2024-03-15
2024-03-13,UNH,UNH:2024-03-12,2024-03-12,489.3500061035156,489.1499938964844,492.2799987792969,10.670013427734375,0.2502352453272699,493.5199890136719,496.0,485.3299865722656,488.0,512.1812017822266,-0.04600948909647984,-0.04688165168447023,1558,2024-03-14,488.7200012207031,0.0005729226931525,-0.0034171170067995,0.0112743692745587,2024-03-14,2024-03-18,2024-03-20
2024-06-21,UNH,UNH:2024-06-20,2024-06-20,484.5199890136719,481.0499877929687,485.9200134277344,7.709991455078068,0.25940365973852414,484.44000244140625,488.2999877929687,480.5899963378906,482.5899963378906,494.793798828125,-0.01947413940843845,-0.03696932398638475,1627,2024-06-24,488.8599853515625,0.0022910969773075,-0.0098596263778356,0.041729789766679,2024-06-24,2024-06-26,2024-06-28
2025-02-26,UNH,UNH:2025-02-25,2025-02-25,470.3800048828125,461.5199890136719,470.760009765625,14.849975585937386,0.36296249106049167,464.6499938964844,473.0499877929687,458.2000122070313,463.5899963378906,516.6205993652344,-0.09196450005416079,-0.11809811352536881,1797,2025-02-27,466.1700134277344,0.0051268508527304,0.0018876683181827,0.021043819370665,2025-02-27,2025-03-03,2025-03-05
2025-03-03,UNH,UNH:2025-02-28,2025-02-28,474.9599914550781,468.55999755859375,476.3599853515625,12.05999755859375,0.15257020815724942,474.3699951171875,477.2699890136719,465.2099914550781,467.0499877929687,514.1371990966796,-0.0773287133784536,-0.10583983206426673,1800,2025-03-04,469.75,0.0103458975019956,0.0382543932319385,0.0222884539025078,2025-03-04,2025-03-06,2025-03-10
2025-08-06,UNH,UNH:2025-08-05,2025-08-05,251.0,240.97999572753903,252.07000732421875,7.850006103515597,0.059872720416438485,250.63999938964844,253.16000366210935,245.30999755859375,245.77999877929688,293.5064001464844,-0.14771434736481015,-0.1196998011375191,1908,2025-08-07,246.4199981689453,-0.0071016963436555,0.0241457551840531,0.1030354661890755,2025-08-07,2025-08-11,2025-08-13
2025-11-24,UNH,UNH:2025-11-21,2025-11-21,319.9700012207031,311.5400085449219,323.8399963378906,8.230010986328125,0.1737534346134878,324.5299987792969,325.8500061035156,317.6199951171875,319.04998779296875,344.15239807128904,-0.07182216501428706,-0.013077913531737928,1985,2025-11-25,321.1199951171875,0.0160687709908138,0.0269369520055196,0.0106502661925063,2025-11-25,2025-11-28,2025-12-02
2018-03-27,UPS,UPS:2018-03-26,2018-03-26,103.6999969482422,101.66000366210938,103.91999816894533,2.970001220703139,0.16161465665170782,103.7699966430664,104.66000366210938,101.69000244140624,102.16999816894533,113.65660034179687,-0.09269874735241401,-0.047837724163806716,58,2018-03-28,102.31999969482422,0.0035183797050946,0.0148553229827979,0.0399726737635246,2018-03-28,2018-04-02,2018-04-04
2018-09-21,UPS,UPS:2018-09-20,2018-09-20,119.12000274658205,118.25,119.5999984741211,1.620002746582017,0.03703546720542442,119.41000366210938,120.0500030517578,118.43000030517578,118.48999786376952,119.48160018920899,-0.0013614536650415898,-0.03702501466977792,182,2018-09-24,118.3000030517578,-0.0081995029220645,-0.0135249878464973,-0.0131023077918236,2018-09-24,2018-09-26,2018-09-28
2018-10-31,UPS,UPS:2018-10-30,2018-10-30,107.06999969482422,105.12999725341795,107.5500030517578,2.55999755859375,0.031250745058770235,108.25,109.0199966430664,106.45999908447266,106.54000091552734,117.74519943237304,-0.093200398837604,-0.08861085601505458,210,2018-11-01,106.88999938964844,0.0058938839649669,-0.0006548759961074,0.0396669275702152,2018-11-01,2018-11-05,2018-11-07
2018-11-23,UPS,UPS:2018-11-21,2018-11-21,108.7699966430664,108.51000213623048,109.70999908447266,1.7300033569335938,0.25433617781304996,108.83000183105467,109.9800033569336,108.25,108.69000244140624,113.29159957885742,-0.04177365567376956,-0.021236395830820265,226,2018-11-26,109.91000366210938,0.0066417587409355,0.0331179989843208,0.0489491135853057,2018-11-26,2018-11-28,2018-11-30
2018-12-07,UPS,UPS:2018-12-06,2018-12-06,108.04000091552734,106.7699966430664,108.0999984741211,4.8699951171875,0.1745378493545557,108.02999877929688,109.33999633789062,104.47000122070312,105.31999969482422,112.00719970703125,-0.03737520581473053,-0.004331409192242619,235,2018-12-10,104.66000366210938,-0.0024842549888481,-0.0329639256346189,-0.0573284902546989,2018-12-10,2018-12-12,2018-12-14
2018-12-28,UPS,UPS:2018-12-27,2018-12-27,97.77999877929688,96.61000061035156,97.77999877929688,2.6800003051757812,0.14552214374574762,98.18000030517578,98.81999969482422,96.13999938964844,96.52999877929688,106.58899993896485,-0.08623655473038438,-0.03388993514675376,249,2018-12-31,96.86000061035156,0.0069171811348689,-0.0248813095903678,0.0056783300463765,2018-12-31,2019-01-03,2019-01-07
2019-05-01,UPS,UPS:2019-04-30,2019-04-30,106.22000122070312,104.83999633789062,106.41999816894533,2.239997863769517,0.16071471146215544,106.05999755859376,106.5,104.26000213623048,104.62000274658205,110.68460021972656,-0.04140148214481687,-0.0652938948327837,333,2019-05-02,104.62000274658205,0.0085069715760213,0.0,-0.0264768132263448,2019-05-02,2019-05-06,2019-05-08
2019-05-16,UPS,UPS:2019-05-15,2019-05-15,101.54000091552734,99.76000213623048,102.01000213623048,1.9199981689453125,0.17187214394138817,101.5999984741211,102.9000015258789,100.9800033569336,101.30999755859376,108.80880020141602,-0.06809495711471913,-0.029439894381529497,344,2019-05-17,99.54000091552734,-0.0014064636162425,-0.0013059800303627,-0.0338557636687377,2019-05-17,2019-05-21,2019-05-23
2020-03-03,UPS,UPS:2020-03-02,2020-03-02,92.75,90.48999786376952,93.13999938964844,5.430000305175781,0.13443891637312674,94.86000061035156,96.0,90.56999969482422,91.3000030517578,109.8820004272461,-0.15998732288503847,-0.12458704415716548,544,2020-03-04,92.29000091552734,0.0382489841183106,0.0185285412017475,0.005742754079957,2020-03-04,2020-03-06,2020-03-10
2020-11-04,UPS,UPS:2020-11-03,2020-11-03,163.47999572753906,159.5500030517578,164.64999389648438,4.779998779296875,0.4225951440008683,163.72999572753906,165.33999633789062,160.55999755859375,162.5800018310547,165.52760009765626,-0.011947554891027834,-0.06518760771371557,716,2020-11-05,165.60000610351562,-0.0123188917254427,-0.0143720096322024,0.0062801524625712,2020-11-05,2020-11-09,2020-11-11
2021-03-02,UPS,UPS:2021-03-01,2021-03-01,161.47000122070312,157.8300018310547,162.66000366210938,3.279998779296875,0.4512183775435201,161.77000427246094,163.1699981689453,159.88999938964844,161.3699951171875,163.01479919433595,-0.010539850330157141,-0.011751013991783799,795,2021-03-03,160.58999633789062,-0.0009963488745133,0.023724999349133,0.0166885110883956,2021-03-03,2021-03-05,2021-03-09
2022-03-11,UPS,UPS:2022-03-10,2022-03-10,207.17999267578125,206.77999877929688,207.3699951171875,5.459991455078125,0.034796241748788134,207.9199981689453,209.1699981689453,203.7100067138672,203.8999938964844,211.3859991455078,-0.02088850059837677,-4.831201074884106e-05,1055,2022-03-14,205.58999633789065,-0.0062745917073352,0.0598764423263185,0.0690208798782443,2022-03-14,2022-03-16,2022-03-18
2022-04-14,UPS,UPS:2022-04-13,2022-04-13,188.8699951171875,187.88999938964844,190.0399932861328,3.449996948242159,0.05217625907235369,191.1199951171875,191.2899932861328,187.83999633789065,188.02000427246097,210.17459991455078,-0.10512073901006014,-0.14227975597301568,1079,2022-04-18,187.6999969482422,-0.0028768955509451,0.0145444633560214,-0.0029302240847104,2022-04-18,2022-04-20,2022-04-22
2022-04-20,UPS,UPS:2022-04-19,2022-04-19,190.69000244140625,187.16000366210935,191.5,2.479995727539034,0.07257781688191113,191.97999572753903,192.72999572753903,190.25,190.42999267578125,207.96940002441406,-0.0861297105853015,-0.07075680423668018,1082,2022-04-21,191.52999877929688,-0.0142536195109825,-0.0098679026872773,-0.0267843414374157,2022-04-21,2022-04-25,2022-04-27
2022-10-14,UPS,UPS:2022-10-13,2022-10-13,163.66000366210938,159.47999572753906,164.82000732421875,4.0800018310546875,0.049018837864219275,164.57000732421875,165.55999755859375,161.47999572753906,161.67999267578125,185.529599609375,-0.12098840838213232,-0.010041154056168455,1205,2022-10-17,164.22999572753906,0.0029836540577945,0.0094988589123623,0.0080375531788277,2022-10-17,2022-10-19,2022-10-21
2023-05-08,UPS,UPS:2023-05-05,2023-05-05,175.74000549316406,173.2899932861328,176.2899932861328,2.7599945068359375,0.28623002117437624,175.91000366210938,176.36000061035156,173.60000610351562,174.38999938964844,185.91479888916015,-0.05531362335996515,-0.099738745715232,1345,2023-05-09,172.8699951171875,0.0008098536102434,-0.0152715882698949,-0.0232544057801745,2023-05-09,2023-05-11,2023-05-15
2023-05-18,UPS,UPS:2023-05-17,2023-05-17,171.36000061035156,166.61000061035156,171.77000427246094,3.660003662109375,0.3497260925031893,171.63999938964844,173.4199981689453,169.75999450683594,171.0399932861328,183.69339904785156,-0.0684860543874829,-0.02542228956465631,1353,2023-05-19,171.1300048828125,-0.0011687734548258,-0.0078303719888123,0.0005842975625169,2023-05-19,2023-05-23,2023-05-25
2023-05-23,UPS,UPS:2023-05-22,2023-05-22,171.50999450683594,170.92999267578125,171.85000610351562,3.0099945068359375,0.1794000902348641,170.58999633789062,172.25999450683594,169.25,169.7899932861328,183.00499877929687,-0.06408491609117295,-0.016514736469363522,1356,2023-05-24,168.85000610351562,-0.0066923591469681,0.0161089791079758,-0.0109565059913675,2023-05-24,2023-05-26,2023-05-31
2023-08-28,UPS,UPS:2023-08-25,2023-08-25,168.8699951171875,167.0,169.35000610351562,2.6999969482421875,0.32592245135549064,169.6999969482422,170.66000366210938,167.9600067138672,168.83999633789062,178.846201171875,-0.05685250024374089,-0.04387951655676281,1422,2023-08-29,169.33999633789062,0.0142317450940567,0.0003543023496588,-0.0317113217982628,2023-08-29,2023-08-31,2023-09-05
2023-09-15,UPS,UPS:2023-09-14,2023-09-14,160.72999572753906,157.83999633789062,160.8800048828125,1.82000732421875,0.46154297595492805,160.72999572753906,161.47000122070312,159.64999389648438,160.49000549316406,175.56000061035155,-0.08642814428552315,-0.06557757769621109,1435,2023-09-18,159.91000366210938,-0.0091926783005348,-0.0141955113531074,-0.0383340925672494,2023-09-18,2023-09-20,2023-09-22
2023-10-13,UPS,UPS:2023-10-12,2023-10-12,155.3800048828125,155.3000030517578,155.5500030517578,2.7899932861328125,0.17921190079028684,156.1199951171875,157.3699951171875,154.5800018310547,155.0800018310547,163.5363998413086,-0.05293515081976086,-0.0007716727793408706,1455,2023-10-16,156.74000549316406,-0.0005742732775623,-0.0186295653094937,-0.0304963545475015,2023-10-16,2023-10-18,2023-10-20
2023-11-01,UPS,UPS:2023-10-31,2023-10-31,141.25,138.77999877929688,141.32000732421875,4.089996337890625,0.4278732437453832,141.3800048828125,142.13999938964844,138.0500030517578,139.8000030517578,156.1783999633789,-0.09870877620275553,-0.10134873023337265,1468,2023-11-02,141.89999389648438,0.0006343312230538,0.0026075432832399,0.0003523823390316,2023-11-02,2023-11-06,2023-11-08
2024-04-01,UPS,UPS:2024-03-28,2024-03-28,148.6300048828125,147.3300018310547,149.0500030517578,3.649993896484375,0.35616163474160345,149.13999938964844,149.97000122070312,146.32000732421875,147.6199951171875,150.46820068359375,-0.013384958843312589,-0.03418022306646229,1570,2024-04-02,147.66000366210938,0.0100906826318691,0.0158471913846436,0.0165921501251518,2024-04-02,2024-04-04,2024-04-08
2024-06-03,UPS,UPS:2024-05-31,2024-05-31,138.92999267578125,136.86000061035156,139.07000732421875,2.4399871826171875,0.4385236418668351,139.63999938964844,139.7899932861328,137.35000610351562,138.4199981689453,146.29720031738282,-0.052546781389516184,-0.07169591556708432,1614,2024-06-04,137.91000366210938,-0.0165325119190269,-0.0025379312176161,-0.001667833951275,2024-06-04,2024-06-06,2024-06-10
2024-06-18,UPS,UPS:2024-06-17,2024-06-17,135.85000610351562,135.64999389648438,136.2899932861328,3.32000732421875,0.08433679566136594,136.3000030517578,137.24000549316406,133.9199981689453,134.1999969482422,143.24420013427735,-0.05372154612109892,-0.01856662403862297,1625,2024-06-20,134.02000427246094,0.0212654137731003,0.034174016453123,0.0308162176717083,2024-06-20,2024-06-24,2024-06-26
2024-06-21,UPS,UPS:2024-06-20,2024-06-20,136.8699951171875,134.1999969482422,137.49000549316406,2.3000030517578125,0.13478800262716192,136.6199951171875,138.58999633789062,136.2899932861328,136.60000610351562,142.7570001220703,-0.042667666252385605,-0.005088407136458861,1627,2024-06-24,137.8000030517578,0.0058055372571894,0.0025398464221739,-0.0068940270479193,2024-06-24,2024-06-26,2024-06-28
2024-07-08,UPS,UPS:2024-07-05,2024-07-05,136.35000610351562,135.5500030517578,136.4600067138672,1.910003662109375,0.06282454822886542,136.35000610351562,137.32000732421875,135.41000366210938,135.52999877929688,140.99320037841798,-0.034450973275831576,-0.0037991454096762967,1637,2024-07-09,135.25999450683594,-0.0072452740450875,0.0220317248806152,0.0657252680074531,2024-07-09,2024-07-11,2024-07-15
2024-07-25,UPS,UPS:2024-07-24,2024-07-24,128.52999877929688,127.68000030517578,129.25,3.0100021362304688,0.17940217019367025,129.27000427246094,129.5500030517578,126.54000091552734,127.08000183105467,138.78620040893554,-0.07702759996299369,-0.05248798700736268,1650,2024-07-26,128.83999633789062,-7.757301397093297e-05,0.001474716290025,0.0135051656521378,2024-07-26,2024-07-30,2024-08-01
2025-01-02,UPS,UPS:2024-12-31,2024-12-31,126.0999984741211,125.31999969482422,126.12999725341795,3.6800003051757812,0.08967440317615372,127.04000091552734,127.22000122070312,123.54000091552734,123.87000274658205,130.98379974365236,-0.03838089010212775,-0.01905876716821453,1761,2025-01-03,123.95999908447266,-0.0013713953710944,0.0082284953210256,-0.0054856430316072,2025-01-03,2025-01-07,2025-01-10
2025-02-07,UPS,UPS:2025-02-06,2025-02-06,113.47000122070312,111.9000015258789,113.87000274658205,1.3399963378906108,0.36567104693797864,113.87000274658205,113.95999908447266,112.62000274658205,113.11000061035156,126.64419982910157,-0.10708663900865456,-0.15073721501119486,1785,2025-02-10,113.5199966430664,0.0056378350772445,0.0065187237054877,0.0237843962075348,2025-02-10,2025-02-12,2025-02-14
2025-05-09,UPS,UPS:2025-05-08,2025-05-08,96.9499969482422,93.95999908447266,97.5500030517578,2.0100021362304545,0.0945284773490665,97.1999969482422,97.70999908447266,95.6999969482422,95.88999938964844,105.63260009765625,-0.08595858012893298,-0.019915095604213007,1848,2025-05-12,100.58999633789062,0.0061636620852374,-0.0093448140593841,0.0072572162591739,2025-05-12,2025-05-14,2025-05-16
2025-05-28,UPS,UPS:2025-05-27,2025-05-27,97.5500030517578,95.37000274658205,97.72000122070312,1.5200042724609233,0.1381569040807027,97.6500015258789,98.0500030517578,96.52999877929688,96.73999786376952,100.89199996948243,-0.03719360859412679,-0.03616239567061086,1860,2025-05-29,97.27999877929688,0.0084292732844764,0.0008223872538917,0.0130551427672429,2025-05-29,2025-06-02,2025-06-04
2025-08-11,UPS,UPS:2025-08-08,2025-08-08,86.66999816894531,86.48999786376953,87.05000305175781,2.5099945068359375,0.23107389282349008,87.1500015258789,88.23999786376953,85.7300033569336,86.30999755859375,97.83999969482421,-0.11629577915806621,-0.16309385658388187,1911,2025-08-12,86.62999725341797,0.0092347117294435,0.0221632905369171,-0.0013851451112999,2025-08-12,2025-08-14,2025-08-18
2025-08-28,UPS,UPS:2025-08-27,2025-08-27,87.86000061035156,87.45999908447266,88.05000305175781,1.779998779296875,0.4550551202702008,88.19999694824219,88.23999786376953,86.45999908447266,87.2699966430664,94.79859985351563,-0.07561132415520433,-0.003628937329516413,1924,2025-08-29,87.22000122070312,0.0025223712178865,-0.0221279554937413,-0.0249942705189772,2025-08-29,2025-09-03,2025-09-05
2025-09-10,UPS,UPS:2025-09-09,2025-09-09,84.4000015258789,84.31999969482422,84.93000030517578,1.4499969482421875,0.08965346690940469,84.3499984741211,85.16999816894531,83.72000122070312,83.8499984741211,92.36779998779296,-0.0896304000366962,-0.03806697537281123,1932,2025-09-11,82.43000030517578,0.0269319569632917,0.0192890492782249,0.0212301345811121,2025-09-11,2025-09-15,2025-09-17
2025-09-12,UPS,UPS:2025-09-11,2025-09-11,84.6500015258789,83.8499984741211,84.87000274658203,1.149993896484375,0.41738980442109175,84.79000091552734,85.0199966430664,83.87000274658203,84.3499984741211,91.54759994506836,-0.07960516495892689,-0.03653538654875055,1934,2025-09-15,84.87000274658203,-0.0100153891364149,-0.0081301098041267,-0.0095440693033429,2025-09-15,2025-09-17,2025-09-19
2025-09-17,UPS,UPS:2025-09-16,2025-09-16,85.19999694824219,84.0199966430664,85.3499984741211,2.6399993896484375,0.17045342889344856,85.06999969482422,86.37000274658203,83.7300033569336,84.18000030517578,90.4683999633789,-0.06200874313743887,-0.0003520639154001026,1937,2025-09-18,84.66999816894531,0.0044880700487823,-0.0051965846406867,-0.0090940907017619,2025-09-18,2025-09-22,2025-09-24
2018-03-27,V,V:2018-03-26,2018-03-26,120.63999938964844,117.0,120.73999786376952,4.860000610351577,0.13580320560117048,121.5199966430664,121.5999984741211,116.73999786376952,117.4000015258789,121.88040023803711,-0.010613927373974597,-0.028976163361404073,58,2018-03-28,116.93000030517578,0.0005131066316357,0.0124860949342529,0.0246300970315698,2018-03-28,2018-04-02,2018-04-04
2018-12-19,V,V:2018-12-18,2018-12-18,132.66000366210938,131.39999389648438,134.1699981689453,6.3499908447265625,0.2740146052052971,132.92999267578125,135.8699951171875,129.52000427246094,131.25999450683594,138.34839935302733,-0.042587710914098076,-0.08510342301993534,243,2018-12-20,130.16000366210938,-0.0107560626604452,-0.0647664418253993,0.0142132052295347,2018-12-20,2018-12-24,2018-12-27
2018-12-28,V,V:2018-12-27,2018-12-27,132.00999450683594,130.22999572753906,132.00999450683594,3.959991455078125,0.3232327124482703,133.0800018310547,133.6199951171875,129.66000366210938,130.94000244140625,137.09519927978516,-0.038607228393849,-0.04201747762478014,249,2018-12-31,131.67999267578125,0.001974557868219,-0.0269592040585043,0.0332624933659955,2018-12-31,2019-01-03,2019-01-07
2019-09-20,V,V:2019-09-19,2019-09-19,175.9600067138672,175.2899932861328,177.41000366210938,3.6800079345703125,0.02989140575437549,177.39999389648438,177.6300048828125,173.9499969482422,174.05999755859375,178.72840026855468,-0.01622476382041438,-0.04747463442053468,432,2019-09-23,172.89999389648438,0.0116252737801043,0.0137652109128321,0.0063620945190674,2019-09-23,2019-09-25,2019-09-27
2019-09-24,V,V:2019-09-23,2019-09-23,174.91000366210938,174.05999755859375,175.25,3.8000030517578125,0.2842107799242683,176.11000061035156,177.1999969482422,173.39999389648438,174.47999572753906,178.49820007324217,-0.020770331635470818,-0.036573942594511855,434,2019-09-25,173.8000030517578,0.0085155103656604,0.0011507304069644,0.0028192763277976,2019-09-25,2019-09-27,2019-10-01
2019-09-27,V,V:2019-09-26,2019-09-26,175.64999389648438,175.27999877929688,176.4499969482422,4.470001220703125,0.3668901435759491,176.6999969482422,176.8300018310547,172.36000061035156,174.0,178.21700012207032,-0.015125553692310834,-0.013091369181857826,437,2019-09-30,174.1699981689453,-0.0124016976793797,-0.0249181626199526,0.0103921316967463,2019-09-30,2019-10-02,2019-10-04
2020-03-03,V,V:2020-03-02,2020-03-02,192.3300018310547,181.7599945068359,192.44000244140625,9.539993286132812,0.12893046049905893,193.1999969482422,194.0399932861328,184.5,185.72999572753903,197.7629995727539,-0.027390626164540688,-0.08540583017966397,544,2020-03-04,190.36000061035156,0.0206450549652263,-0.0315192266272441,-0.0407648375811885,2020-03-04,2020-03-06,2020-03-10
2020-03-20,V,V:2020-03-19,2020-03-19,152.25,148.47999572753906,157.25,12.589996337890625,0.09213693403692652,154.82000732421875,158.25999450683594,145.6699981689453,146.8300018310547,192.3963995361328,-0.21235686404192844,-0.18565471473794448,557,2020-03-23,141.3300018310547,-0.039552793217769,0.1446967854191923,0.1431401363153022,2020-03-23,2020-03-25,2020-03-27
2020-04-23,V,V:2020-04-22,2020-04-22,166.58999633789062,160.52999877929688,167.6999969482422,4.1999969482421875,0.04047578392085769,167.8800048828125,170.41000366210938,166.2100067138672,166.3800048828125,174.544599609375,-0.04966350160403743,-0.011863100085675149,580,2020-04-24,168.44000244140625,-0.0066492228743413,0.0166824834829317,0.0610306259219681,2020-04-24,2020-04-28,2020-04-30
2020-09-29,V,V:2020-09-28,2020-09-28,200.32000732421875,197.25,201.72000122070312,3.010009765625,0.02325817179008841,200.5800018310547,202.3800048828125,199.3699951171875,199.44000244140625,201.13380004882814,-0.003949954354829255,-0.02273386916016129,690,2020-09-30,200.8500061035156,-0.0043814033162585,0.0030370953040308,-0.0019915814942383,2020-09-30,2020-10-02,2020-10-06
2021-01-29,V,V:2021-01-28,2021-01-28,198.22000122070312,194.97000122070312,202.0,10.240005493164062,0.04296896536822985,197.82000732421875,203.0500030517578,192.80999755859375,193.25,208.4659994506836,-0.050920486462017744,-0.053164578735713564,774,2021-02-01,195.13999938964844,0.0165009799670725,0.0318745579591974,0.0698473143663211,2021-02-01,2021-02-03,2021-02-05
2021-03-24,V,V:2021-03-23,2021-03-23,208.1499938964844,208.0,209.9600067138672,3.2100067138671875,0.04361817931178727,208.75,211.13999938964844,207.92999267578125,208.07000732421875,209.8694006347656,-0.008648106384338106,-0.05540936050121603,811,2021-03-25,207.6699981689453,0.0014446143131072,0.0329368536533913,0.0195502364057942,2021-03-25,2021-03-29,2021-03-31
2022-04-14,V,V:2022-04-13,2022-04-13,213.27000427246097,211.3999938964844,213.8500061035156,3.4199981689453125,0.07602182632633303,214.27000427246097,215.9499969482422,212.52999877929688,212.7899932861328,216.66439910888673,-0.017718534007658993,-0.04768918428808688,1079,2022-04-18,211.6699981689453,0.0070865026360644,0.0289129076871006,-0.0165351728174838,2022-04-18,2022-04-20,2022-04-22
2022-05-18,V,V:2022-05-17,2022-05-17,204.0,197.80999755859375,204.8000030517578,6.3300018310546875,0.1358610365849294,202.82000732421875,205.4600067138672,199.1300048828125,199.9900054931641,211.23239929199218,-0.033481340216907074,-0.0218642002875582,1102,2022-05-19,196.3500061035156,0.0051947490805481,0.0570918823866408,0.0381461166363614,2022-05-19,2022-05-23,2022-05-25
2022-09-02,V,V:2022-09-01,2022-09-01,200.1300048828125,198.7100067138672,200.42999267578125,5.6299896240234375,0.16163234110367594,202.44000244140625,202.47999572753903,196.8500061035156,197.7599945068359,207.80740051269532,-0.03684094475083932,-0.07024387975464574,1176,2022-09-06,197.8999938964844,0.00373929012626,0.0141991556546112,0.044113245354088,2022-09-06,2022-09-08,2022-09-12
2022-09-30,V,V:2022-09-29,2022-09-29,180.05999755859375,179.17999267578125,182.2400054931641,5.3199920654296875,0.009396215699940627,180.05999755859375,182.9199981689453,177.60000610351562,177.64999389648438,202.71680084228515,-0.1151303732411294,-0.078364119062451,1195,2022-10-03,179.33999633789062,0.0128805487106262,0.0464480985901232,0.0250362751469255,2022-10-03,2022-10-05,2022-10-07
2023-03-22,V,V:2023-03-21,2023-03-21,221.9499969482422,218.1499938964844,222.5099945068359,4.979995727539091,0.024095425729771993,222.5,224.8999938964844,219.9199981689453,220.0399932861328,223.51400024414062,-0.006869374566226494,-0.005466690104910743,1313,2023-03-23,220.44000244140625,0.0097531930351699,0.0062148208220587,0.0129740545213057,2023-03-23,2023-03-27,2023-03-29
2023-09-29,V,V:2023-09-28,2023-09-28,231.66000366210935,229.5,232.5399932861328,3.3800048828124716,0.10650890245222143,232.83999633789065,233.02999877929688,229.6499938964844,230.0099945068359,240.34939971923828,-0.03692332668965326,-0.040745326450893016,1445,2023-10-02,229.2400054931641,0.0088553425695909,0.0086372172399817,0.0253009407345425,2023-10-02,2023-10-04,2023-10-06
2023-10-03,V,V:2023-10-02,2023-10-02,231.27000427246097,230.0099945068359,231.3699951171875,3.970001220703125,0.25944545657203916,230.47000122070312,231.75,227.77999877929688,228.80999755859375,239.9511996459961,-0.037136446008447344,-0.0547290083758063,1447,2023-10-04,229.47999572753903,0.0075823841971391,0.0242286807656868,0.0310267147835845,2023-10-04,2023-10-06,2023-10-10
2024-04-01,V,V:2024-03-28,2024-03-28,279.0799865722656,279.0199890136719,279.79998779296875,4.100006103515625,0.3634117112892541,280.3599853515625,280.8900146484375,276.7900085449219,278.2799987792969,279.3000012207031,-6.168089728397774e-05,-0.02559274116169241,1570,2024-04-02,278.0,0.0015827425949865,-0.0143884892086331,-0.0008632742243704,2024-04-02,2024-04-04,2024-04-08
2024-04-03,V,V:2024-04-02,2024-04-02,278.44000244140625,278.2799987792969,279.3299865722656,3.920013427734375,0.10203890977882617,280.4800109863281,280.4800109863281,276.55999755859375,276.9599914550781,279.5660009765625,-0.003617090898153652,-0.02318886382960772,1572,2024-04-04,278.3599853515625,-0.0156631181958711,-0.0021553945161325,-0.0139386929494699,2024-04-04,2024-04-08,2024-04-10
2024-04-15,V,V:2024-04-12,2024-04-12,275.9599914550781,275.67999267578125,277.0,7.57000732421875,0.12417457489095117,277.8900146484375,277.9100036621094,270.3399963378906,271.2799987792969,279.9348016357422,-0.014605274126768042,-0.011179573123490938,1580,2024-04-16,270.5400085449219,0.0029940028572863,0.0030678884676971,0.0066163154092107,2024-04-16,2024-04-18,2024-04-22
2024-04-26,V,V:2024-04-25,2024-04-25,275.1600036621094,275.0199890136719,276.2200012207031,2.94000244140625,0.23469451306857106,275.010009765625,276.7699890136719,273.8299865722656,274.5199890136719,279.27020080566405,-0.01493209597170031,-0.0018862051200190244,1589,2024-04-29,272.32000732421875,-0.0017626724934559,-0.0183607515625802,-0.0140643984534114,2024-04-29,2024-05-01,2024-05-03
2024-06-03,V,V:2024-05-31,2024-05-31,272.4599914550781,271.29998779296875,272.760009765625,5.07000732421875,0.45759447193229563,273.0899963378906,273.1300048828125,268.05999755859375,270.3800048828125,275.1401983642578,-0.011178074814309547,-0.0263722304866727,1614,2024-06-04,269.6300048828125,0.0103475447628111,0.0274821181912967,0.0200645460970143,2024-06-04,2024-06-06,2024-06-10
2024-07-08,V,V:2024-07-05,2024-07-05,270.3599853515625,268.989990234375,270.54998779296875,5.470001220703125,0.07860924676831751,270.25,271.44000244140625,265.9700012207031,266.3999938964844,273.2308001708984,-0.011130867235147446,-0.023336542886114864,1637,2024-07-09,267.0,-0.0058426874853698,-0.0166667123858847,0.0054307573297049,2024-07-09,2024-07-11,2024-07-15
2024-08-07,V,V:2024-08-06,2024-08-06,258.260009765625,256.44000244140625,260.489990234375,5.720001220703125,0.03671178501117733,259.6600036621094,262.0299987792969,256.30999755859375,256.5199890136719,268.0148004150391,-0.03768689634572375,-0.024661046748631565,1659,2024-08-08,258.1300048828125,0.0065857577859842,0.0068183075672432,0.0116608286858845,2024-08-08,2024-08-12,2024-08-14
2025-03-13,V,V:2025-03-12,2025-03-12,332.8399963378906,332.1400146484375,336.1600036621094,8.5,0.09999712775735294,330.989990234375,336.20001220703125,327.70001220703125,328.54998779296875,336.84420104980467,-0.01130683415547673,-0.0507372680523096,1808,2025-03-14,327.2099914550781,0.0140276778147245,0.0231044214908444,0.0375600038686749,2025-03-14,2025-03-18,2025-03-20
2025-07-17,V,V:2025-07-16,2025-07-16,349.8999938964844,347.0199890136719,350.6700134277344,2.889984130859375,0.46020549319422593,350.0,351.3699951171875,348.4800109863281,349.80999755859375,356.8125994873047,-0.01930889706279515,-0.015669415998793235,1894,2025-07-18,349.5,-0.0012875885751967,0.0067524616639842,0.0127897030635282,2025-07-18,2025-07-22,2025-07-24
2025-07-24,V,V:2025-07-23,2025-07-23,355.2900085449219,351.8599853515625,355.7799987792969,3.32000732421875,0.033137236878389556,354.82000732421875,357.17999267578125,353.8599853515625,353.9700012207031,356.89059875488283,-0.0045896914642320485,-0.0069040729910569976,1899,2025-07-25,354.0,0.0085875947596663,-0.007655343093441,-0.0240960417494262,2025-07-25,2025-07-29,2025-07-31
2025-08-07,V,V:2025-08-06,2025-08-06,339.739990234375,337.42999267578125,341.42999267578125,13.449981689453125,0.2520437729307579,341.42999267578125,342.1499938964844,328.70001220703125,332.0899963378906,353.8319995117188,-0.0413013321257758,-0.043767114009852004,1909,2025-08-08,333.67999267578125,0.0092903565438751,0.0091704556034528,0.0353931845415402,2025-08-08,2025-08-12,2025-08-14
2025-08-11,V,V:2025-08-08,2025-08-08,336.7799987792969,332.0899963378906,337.3800048828125,3.3499755859375,0.414923659949714,336.7300109863281,337.8599853515625,334.510009765625,335.8999938964844,352.84299926757814,-0.0469560507528104,-0.056744368364185505,1911,2025-08-12,335.20001220703125,0.0045942063581805,0.0306980240233054,0.0224939670428376,2025-08-12,2025-08-14,2025-08-18
2025-11-20,V,V:2025-11-19,2025-11-19,324.1199951171875,321.17999267578125,324.57000732421875,5.259979248046875,0.11976746209945521,324.1199951171875,328.3999938964844,323.1400146484375,323.7699890136719,340.7597973632812,-0.04993109391865336,-0.04681805972143782,1983,2025-11-21,325.3800048828125,0.0079906757160816,0.0281209470747281,0.0278443586656678,2025-11-21,2025-11-25,2025-11-28
2018-03-27,WMT,WMT:2018-03-26,2018-03-26,29.166667938232425,28.47333335876465,29.229999542236328,0.85333251953125,0.2226548530148058,29.31999969482422,29.34666633605957,28.49333381652832,28.683332443237305,32.0625333404541,-0.09311384513220511,-0.006472077689361422,58,2018-03-28,28.753332138061523,0.0175052422791681,-0.0082308973642302,0.0111292006309506,2018-03-28,2018-04-02,2018-04-04
2018-05-17,WMT,WMT:2018-05-16,2018-05-16,28.709999084472656,28.17333221435547,28.709999084472656,1.2466659545898438,0.1711229291995863,29.01333236694336,29.196666717529297,27.950000762939453,28.163333892822266,28.90666675567627,-0.007547422359330813,-0.0024323002259458715,94,2018-05-18,28.079999923706055,-0.0071225343120676,-0.0103276000344246,-0.0165004676332514,2018-05-18,2018-05-22,2018-05-24
2018-05-22,WMT,WMT:2018-05-21,2018-05-21,28.170000076293945,27.8799991607666,28.18000030517578,0.5066680908203125,0.05263514530944135,28.166667938232425,28.270000457763672,27.76333236694336,27.790000915527344,28.818733406066894,-0.023572446101556177,-0.01123200061056584,97,2018-05-23,27.649999618530273,0.0007233438712335,-0.0059071243300912,0.0141049295615796,2018-05-23,2018-05-25,2018-05-30
2018-05-31,WMT,WMT:2018-05-30,2018-05-30,28.040000915527344,27.46666717529297,28.07666778564453,0.6000003814697266,0.01666703753977614,27.979999542236328,28.10333251953125,27.503332138061523,27.51333236694336,28.614266777038573,-0.02130280841987009,-0.004732535640927349,103,2018-06-01,27.68000030517578,-0.0006021102662487,0.0190269738232939,0.0230009842690597,2018-06-01,2018-06-05,2018-06-07
2018-12-11,WMT,WMT:2018-12-10,2018-12-10,31.31333351135254,31.06333351135254,31.416667938232425,0.413335800170902,0.4838699257522875,31.416667938232425,31.496667861938477,31.083332061767575,31.28333282470703,32.544200019836424,-0.03783320478796215,-0.012197704803810883,237,2018-12-12,31.433332443237305,-0.0126192656739917,-0.0259808803565071,-0.0341462946960516,2018-12-12,2018-12-14,2018-12-18
2018-12-19,WMT,WMT:2018-12-18,2018-12-18,30.36000061035156,30.25666618347168,30.420000076293945,0.9166679382324254,0.10909117391250413,30.43000030517578,31.0,30.083332061767575,30.183332443237305,32.44080001831055,-0.06493696722798348,-0.07767090316305425,243,2018-12-20,30.036666870117188,-0.0314061005352852,-0.0476084883638822,0.0164243861897714,2018-12-20,2018-12-24,2018-12-27
2020-01-17,WMT,WMT:2020-01-16,2020-01-16,38.633331298828125,38.426666259765625,38.643333435058594,0.5533332824707102,0.19277091821609785,38.68333435058594,38.76666641235352,38.21333312988281,38.31999969482422,39.6132666015625,-0.025377242671365652,-0.02555917674896202,514,2020-01-21,38.1966667175293,0.0087267316866317,0.0106466306342727,0.0110829622251094,2020-01-21,2020-01-23,2020-01-27
2020-03-03,WMT,WMT:2020-03-02,2020-03-02,38.62666702270508,35.893333435058594,38.79999923706055,1.7299995422363281,0.10982582484581342,38.69333267211914,39.176666259765625,37.4466667175293,37.63666534423828,38.81713340759277,-0.006093120189395118,-0.017049746223444684,544,2020-03-04,38.08000183105469,0.022146280009184,0.0261729492296676,0.0485818903667278,2020-03-04,2020-03-06,2020-03-10
2020-06-10,WMT,WMT:2020-06-09,2020-06-09,40.45000076293945,40.413333892822266,40.66666793823242,0.4566650390625,0.021894212777332264,40.52000045776367,40.83333206176758,40.37666702270508,40.38666534423828,41.43619995117187,-0.022861872798034866,-0.020264801462655857,613,2020-06-11,40.33000183105469,-0.007438706623782,-0.0240516036861722,-0.0161997406800508,2020-06-11,2020-06-15,2020-06-17
2020-12-18,WMT,WMT:2020-12-17,2020-12-17,48.70000076293945,48.47666549682617,48.813331604003906,0.6733360290527344,0.3910917733172437,48.87333297729492,49.060001373291016,48.38666534423828,48.650001525878906,48.80520004272461,-0.0015294687792268835,-0.021433335328831515,747,2020-12-21,48.5,0.0032302227216898,-0.0156700684852206,-0.001924416453568,2020-12-21,2020-12-23,2020-12-28
2020-12-29,WMT,WMT:2020-12-28,2020-12-28,48.40666580200195,47.83333206176758,48.43333435058594,0.7533340454101562,0.31415521414609937,48.54666519165039,48.616668701171875,47.86333465576172,48.099998474121094,48.805,-0.008217295772128375,-0.012108861183633635,753,2020-12-30,48.293331146240234,-0.0048315112544764,0.0113887992131318,0.0122860482786191,2020-12-30,2021-01-04,2021-01-06
2021-01-21,WMT,WMT:2021-01-20,2021-01-20,48.50333404541016,47.79666519165039,48.5533332824707,0.5066680908203125,0.42105104652913716,48.45333480834961,48.57666778564453,48.06999969482422,48.28333282470703,49.15733337402344,-0.013427301189371632,-0.0016466144449645004,768,2021-01-22,48.53333282470703,0.0050137855719869,0.013118104757771,-0.0127060074094207,2021-01-22,2021-01-26,2021-01-28
2021-03-02,WMT,WMT:2021-03-01,2021-03-01,43.790000915527344,43.30666732788086,44.189998626708984,0.9133338928222656,0.03649577111830427,43.836666107177734,44.25,43.336666107177734,43.369998931884766,47.64259986877441,-0.08283075471327239,-0.09067622962994004,795,2021-03-03,43.16666793823242,-0.0147490920505275,-0.0029343710959188,-0.0047104587419293,2021-03-03,2021-03-05,2021-03-09
2021-03-08,WMT,WMT:2021-03-05,2021-03-05,43.040000915527344,42.5099983215332,43.25,0.676666259765625,0.034484508185631174,43.11000061035156,43.279998779296875,42.60333251953125,42.62666702270508,47.17526649475098,-0.08975678000736664,-0.06664739739984016,799,2021-03-09,42.93333435058594,0.0006987293148934,0.0258539620191216,0.035947153175611,2021-03-09,2021-03-11,2021-03-15
2021-03-11,WMT,WMT:2021-03-10,2021-03-10,44.060001373291016,42.96333312988281,44.349998474121094,0.6533317565917898,0.30611851670199497,44.45333480834961,44.49666595458984,43.84333419799805,44.043331146240234,46.91699981689453,-0.06263825297841319,-0.007732086078198641,802,2021-03-12,44.17333221435547,0.0120737244094746,0.0065650676774866,-0.0189405250914223,2021-03-12,2021-03-16,2021-03-18
2021-11-19,WMT,WMT:2021-11-18,2021-11-18,47.720001220703125,47.313331604003906,47.76333236694336,0.6866683959960938,0.21844827394642402,47.87333297729492,48.0,47.313331604003906,47.46333312988281,48.05673316955566,-0.007488868747823063,-0.05367527222837831,979,2021-11-22,47.5533332824707,0.0148604732893244,0.027197566850992,-0.0002103351235349,2021-11-22,2021-11-24,2021-11-29
2021-12-07,WMT,WMT:2021-12-06,2021-12-06,46.33333206176758,45.836666107177734,46.45333480834961,0.5800018310546875,0.2643708400199942,46.53333282470703,46.61000061035156,46.029998779296875,46.18333435058594,47.87439979553223,-0.03268820294414232,-0.023807874281037145,990,2021-12-08,46.02000045776367,-0.0065913359290183,0.0215123392855707,0.0498333577450746,2021-12-08,2021-12-10,2021-12-14
2022-02-02,WMT,WMT:2022-02-01,2022-02-01,46.970001220703125,46.60333251953125,47.04999923706055,0.49666595458984375,0.4697998433155655,47.0,47.21333312988281,46.71666717529297,46.95000076293945,47.172599716186525,-0.004511492396036876,-0.011296664061794859,1029,2022-02-03,46.75333404541016,0.0052045894511683,-0.0163981120920462,-0.0183231117615986,2022-02-03,2022-02-07,2022-02-09
2022-02-18,WMT,WMT:2022-02-17,2022-02-17,46.293331146240234,44.5099983215332,46.4900016784668,0.80999755859375,0.34156242935723635,46.03333282470703,46.529998779296875,45.720001220703125,45.99666595458984,46.86579978942871,-0.012097017721957815,-0.014965632009496077,1041,2022-02-22,45.92333221435547,-0.0095811563641595,-0.0235174140089907,-0.018944595044277,2022-02-22,2022-02-24,2022-02-28
2022-05-25,WMT,WMT:2022-05-24,2022-05-24,41.37666702270508,40.866668701171875,41.51666641235352,0.6899986267089844,0.37197795211163265,41.33333206176758,41.55666732788086,40.866668701171875,41.12333297729492,49.12893348693848,-0.16034768072721273,-0.16791792473303957,1107,2022-05-26,41.76666641235352,0.0055865983016893,0.0265762318541957,0.0176376928381996,2022-05-26,2022-05-31,2022-06-02
2022-06-22,WMT,WMT:2022-06-21,2022-06-21,40.723331451416016,39.43000030517578,40.926666259765625,0.8866653442382812,0.03759346739289433,40.70000076293945,41.08333206176758,40.1966667175293,40.22999954223633,46.11646659851074,-0.12160873915301629,-0.021622524231056817,1125,2022-06-23,40.58333206176758,0.0153594286206828,0.0194661422656219,0.0013963202379394,2022-06-23,2022-06-27,2022-06-29
2022-09-27,WMT,WMT:2022-09-26,2022-09-26,43.77000045776367,43.35333251953125,44.04666519165039,1.0433311462402344,0.2076686544571723,44.07666778564453,44.47666549682617,43.43333435058594,43.650001525878906,44.20960029602051,-0.009617961499956529,-0.048960686350415616,1192,2022-09-28,43.8033332824707,0.0129365873998641,-0.013012701365636,0.0216117506725941,2022-09-28,2022-09-30,2022-10-04
2023-05-30,WMT,WMT:2023-05-26,2023-05-26,48.80666732788086,48.720001220703125,48.939998626708984,0.5633354187011719,0.2721923142034874,48.76666641235352,49.0966682434082,48.53333282470703,48.686668395996094,49.58786682128906,-0.014871778594238716,-0.04344418483968515,1360,2023-05-31,48.473331451416016,0.0099712024709543,0.0233805905142152,0.0299821523471366,2023-05-31,2023-06-02,2023-06-06
2023-10-03,WMT,WMT:2023-10-02,2023-10-02,53.366668701171875,53.310001373291016,53.42333221435547,0.6899986267089844,0.1980661104937555,53.22999954223633,53.58333206176758,52.893333435058594,53.029998779296875,53.58026649475098,-0.004012525208060502,-0.020315679631805805,1447,2023-10-04,53.21666717529297,0.0084560117501755,-0.020294428200421,-0.0128406077805487,2023-10-04,2023-10-06,2023-10-10
2023-12-20,WMT,WMT:2023-12-19,2023-12-19,51.84333419799805,51.65666580200195,51.89666748046875,0.839996337890625,0.035712988192552225,51.80666732788086,52.04666519165039,51.206668853759766,51.23666763305664,53.001066818237305,-0.02232194771243745,-0.0012842544713932424,1502,2023-12-21,51.33333206176758,0.005194800369332,0.0156493500461665,0.0231818663159126,2023-12-21,2023-12-26,2023-12-28
2025-04-08,WMT,WMT:2025-04-07,2025-04-07,83.83000183105469,83.19000244140625,86.26000213623047,5.94000244140625,0.1279464349934752,85.8499984741211,86.97000122070312,81.02999877929688,81.79000091552734,93.3252001953125,-0.10473804649349139,-0.04183330805898311,1826,2025-04-09,83.33000183105469,0.0752429677822204,0.113644557933682,0.1276850972740915,2025-04-09,2025-04-11,2025-04-15
2025-11-05,WMT,WMT:2025-11-04,2025-11-04,102.2699966430664,101.58999633789062,102.62000274658205,1.8300018310546875,0.3387989760779115,101.73999786376952,102.68000030517578,100.8499984741211,101.47000122070312,102.79540008544922,-0.004060917920556517,-0.037187013107158884,1972,2025-11-06,101.33999633789062,0.003355081700926,0.0106572120592318,0.0207223818768822,2025-11-06,2025-11-10,2025-11-12
2018-03-27,XOM,XOM:2018-03-26,2018-03-26,74.0,72.88999938964844,74.1500015258789,1.6100006103515625,0.2608683290210685,74.0,74.88999938964844,73.27999877929688,73.69999694824219,78.97819992065429,-0.06630025159695574,-0.01648056750366589,58,2018-03-28,73.73999786376953,-0.0126118840807929,-0.0070517583147624,0.0153241784045088,2018-03-28,2018-04-02,2018-04-04
2018-11-05,XOM,XOM:2018-11-02,2018-11-02,81.94999694824219,80.66999816894531,82.44999694824219,1.4300003051757812,0.13985797591672758,82.5,82.87000274658203,81.44000244140625,81.63999938964844,82.42939926147461,-0.005328410151215768,-0.00024404382289899829,213,2018-11-06,81.73999786376953,0.0030584781812283,-0.0003670024477718,-0.0233667247691651,2018-11-06,2018-11-08,2018-11-12
2018-12-12,XOM,XOM:2018-12-11,2018-12-11,76.68000030517578,76.54000091552734,77.80000305175781,2.1800003051757812,0.0,78.04000091552734,78.19999694824219,76.0199966430664,76.0199966430664,80.2279995727539,-0.046550887982475087,-0.0038971556076294878,238,2018-12-13,76.02999877929688,0.0124951281453316,-0.0261738510551102,-0.0690516912309827,2018-12-13,2018-12-17,2018-12-19
2018-12-28,XOM,XOM:2018-12-27,2018-12-27,68.94000244140625,68.63999938964844,68.94000244140625,1.7600021362304688,0.19886252801414905,69.18000030517578,69.58000183105469,67.81999969482422,68.16999816894531,77.26199996948242,-0.1107109089445355,-0.09313331378982515,249,2018-12-31,68.31999969482422,-0.0019027701112214,0.004391145390777,0.0468383630347792,2018-12-31,2019-01-03,2019-01-07
2019-01-03,XOM,XOM:2019-01-02,2019-01-02,69.69000244140625,68.19000244140625,69.87000274658203,1.8899993896484375,0.13756731227243002,70.0,70.25,68.36000061035156,68.62000274658203,76.48560012817383,-0.092017699039041,-0.058752004596596796,252,2019-01-04,69.63999938964844,0.0216829717039732,0.0344629745392508,0.0346066008505394,2019-01-04,2019-01-08,2019-01-10
2019-05-16,XOM,XOM:2019-05-15,2019-05-15,76.37000274658203,75.80999755859375,76.55000305175781,0.7299957275390625,0.19178110825442612,76.4000015258789,76.94999694824219,76.22000122070312,76.36000061035156,80.07139984130859,-0.04692133347730543,-0.02923599181258396,344,2019-05-17,75.6500015258789,0.003436908539143,0.0079312420623791,-0.0245869209892253,2019-05-17,2019-05-21,2019-05-23
2019-08-27,XOM,XOM:2019-08-26,2019-08-26,67.8499984741211,67.48999786376953,68.26000213623047,1.470001220703125,0.14966057007619007,68.12999725341797,68.44000244140625,66.97000122070312,67.19000244140625,73.59599945068359,-0.08004990791328781,-0.02556367728722697,415,2019-08-28,67.52999877929688,0.0022212576423872,0.0140678897498804,0.0260625228497715,2019-08-28,2019-08-30,2019-09-04
2019-11-22,XOM,XOM:2019-11-21,2019-11-21,69.66999816894531,68.02999877929688,69.75,0.8499984741210938,0.04705998510021452,69.70999908447266,70.18000030517578,69.33000183105469,69.37000274658203,69.68719985961914,-0.0011842085281538184,-0.04574721092396339,477,2019-11-25,69.37000274658203,-0.0066310950880756,-0.0096584369585145,-0.0136947461441974,2019-11-25,2019-11-27,2019-12-02
2020-02-06,XOM,XOM:2020-02-05,2020-02-05,62.72999954223633,59.970001220703125,62.93000030517578,1.2299995422363281,0.08130270409413312,62.93000030517578,63.0099983215332,61.779998779296875,61.880001068115234,68.05280014038085,-0.08024035180119304,-0.0663789661722265,527,2020-02-07,61.40999984741211,0.0009770619351914,-0.0143299311236249,-0.0078163091260218,2020-02-07,2020-02-11,2020-02-13
2020-03-03,XOM,XOM:2020-03-02,2020-03-02,53.880001068115234,51.439998626708984,53.88999938964844,3.170001983642578,0.10094621280221228,53.95000076293945,54.150001525878906,50.97999954223633,51.29999923706055,64.05040016174317,-0.16363714031376653,-0.11162407728670809,544,2020-03-04,52.22999954223633,0.0036377298176182,-0.0869232424912435,-0.1688684620357278,2020-03-04,2020-03-06,2020-03-10
2020-03-20,XOM,XOM:2020-03-19,2020-03-19,34.43000030517578,33.119998931884766,34.900001525878906,3.6200008392333984,0.3259673864535073,34.84000015258789,35.18000030517578,31.559999465942383,32.7400016784668,56.32680000305176,-0.3965641085680307,-0.31291159677089797,557,2020-03-23,32.529998779296875,-0.0332000632303979,0.1463265390363275,0.1358746433908755,2020-03-23,2020-03-25,2020-03-27
2020-07-01,XOM,XOM:2020-06-30,2020-06-30,44.720001220703125,44.31999969482422,44.970001220703125,1.7100028991699219,0.023392308601793126,44.4900016784668,45.380001068115234,43.66999816894531,43.709999084472656,45.86540016174317,-0.02380243213746558,-0.07219915948449673,628,2020-07-02,44.619998931884766,-0.012102131639546,-0.0309277742369429,-0.0730613715726393,2020-07-02,2020-07-07,2020-07-09
2020-10-06,XOM,XOM:2020-10-05,2020-10-05,33.7400016784668,32.97999954223633,33.75,1.1099967956542969,0.0720704930596366,34.119998931884766,34.41999816894531,33.310001373291016,33.38999938964844,39.31679992675781,-0.14647962743177345,-0.0738402032438853,695,2020-10-07,33.63999938964844,-0.0041616941792073,0.0326992362894289,0.0172414340540434,2020-10-07,2020-10-09,2020-10-13
2020-10-23,XOM,XOM:2020-10-22,2020-10-22,34.86000061035156,33.15999984741211,34.959999084472656,1.220001220703125,0.2459007679415664,34.970001220703125,35.08000183105469,33.86000061035156,34.15999984741211,36.90860008239746,-0.060012496451854025,-0.011344235116918955,708,2020-10-26,33.61000061035156,-0.0077358563376637,-0.0606962475001873,-0.0294555685953151,2020-10-26,2020-10-28,2020-10-30
2021-08-30,XOM,XOM:2021-08-27,2021-08-27,55.77000045776367,54.709999084472656,56.209999084472656,1.220001220703125,0.0327876028716512,56.2400016784668,56.34000015258789,55.119998931884766,55.15999984741211,58.569399948120115,-0.04949704512088959,-0.017614937324934354,921,2021-08-31,54.93000030517578,-0.0074640423290417,0.0027307759884496,-0.006917914909959,2021-08-31,2021-09-02,2021-09-07
2021-09-10,XOM,XOM:2021-09-09,2021-09-09,54.09000015258789,54.04999923706055,55.0,1.279998779296875,0.023436568676537206,55.189998626708984,55.22999954223633,53.95000076293945,53.97999954223633,57.096999893188475,-0.05567485098858349,-0.0247024694284268,929,2021-09-13,54.650001525878906,0.0131747005654685,0.0323878608169525,0.0093320824756373,2021-09-13,2021-09-15,2021-09-17
2021-12-03,XOM,XOM:2021-12-02,2021-12-02,61.279998779296875,59.790000915527344,61.58000183105469,1.8800010681152344,0.2872343663446496,61.91999816894531,62.22999954223633,60.349998474121094,60.88999938964844,62.586799697875975,-0.019686276765759403,-0.04711551693865634,988,2021-12-06,61.720001220703125,-0.0022682985560518,0.0118276009040561,0.0209007951282633,2021-12-06,2021-12-08,2021-12-10
2021-12-28,XOM,XOM:2021-12-27,2021-12-27,61.88999938964844,61.02000045776367,61.95000076293945,0.9099998474121094,0.31867818621594546,61.90999984741211,62.310001373291016,61.400001525878906,61.689998626708984,62.81559967041016,-0.015017447922299532,-0.0177749398781053,1004,2021-12-29,61.47999954223633,-0.0053675669943802,-0.0047169960586631,0.072381275147576,2021-12-29,2021-12-31,2022-01-04
2023-02-27,XOM,XOM:2023-02-24,2023-02-24,110.75,110.73999786376952,110.95999908447266,1.3000030517578267,0.4538481401927139,110.8000030517578,111.26000213623048,109.95999908447266,110.5500030517578,111.43179992675782,-0.005529524023220267,-0.031482278287356724,1296,2023-02-28,111.23999786376952,-0.0119560789931777,0.0014383644838371,0.0231031979879356,2023-02-28,2023-03-02,2023-03-06
2023-06-05,XOM,XOM:2023-06-02,2023-06-02,105.76000213623048,103.36000061035156,106.12999725341795,2.100006103515611,0.09523999825614411,107.19000244140624,107.19000244140624,105.08999633789062,105.29000091552734,110.19059982299805,-0.03988087248252403,-9.44928349544405e-05,1364,2023-06-06,104.1500015258789,0.0192030722102587,0.0387902146551912,0.0217954547269243,2023-06-06,2023-06-08,2023-06-12
2023-11-20,XOM,XOM:2023-11-17,2023-11-17,104.95999908447266,102.45999908447266,105.43000030517578,1.4499969482421733,0.048275753206983754,105.37999725341795,105.87999725341795,104.43000030517578,104.5,110.40179962158203,-0.05095167616891172,-0.0261644064461235,1481,2023-11-21,104.20999908447266,0.0023990020362378,0.0034545687891212,-0.0029747390971807,2023-11-21,2023-11-24,2023-11-28
2024-06-07,XOM,XOM:2024-06-06,2024-06-06,113.97000122070312,113.12000274658205,114.04000091552734,2.2300033569335795,0.03587520655784203,113.79000091552734,114.9000015258789,112.66999816894533,112.75,117.70539993286133,-0.03210025611885314,-0.013075875409903182,1618,2024-06-10,113.05999755859376,0.000176935015858,-0.018839530332681,-0.0349371752479924,2024-06-10,2024-06-12,2024-06-14
2024-06-21,XOM,XOM:2024-06-20,2024-06-20,111.73999786376952,109.37999725341795,112.62000274658205,1.9399948120117188,0.0,111.9000015258789,112.6999969482422,110.76000213623048,110.76000213623048,116.08019989013673,-0.03928330508386502,-0.01219947709782232,1627,2024-06-24,111.63999938964844,0.0215872776360193,0.0248119337836343,0.0311716533138592,2024-06-24,2024-06-26,2024-06-28
2024-09-13,XOM,XOM:2024-09-12,2024-09-12,111.2300033569336,109.72000122070312,111.33000183105467,1.5400009155273438,0.14285785059276396,111.47000122070312,112.47000122070312,110.93000030517578,111.1500015258789,115.56499984741211,-0.0381122727637454,-0.04539987503035681,1685,2024-09-16,112.0500030517578,0.0058901920101686,0.0225791942025046,0.0287371129282452,2024-09-16,2024-09-18,2024-09-20
2024-11-01,XOM,XOM:2024-10-31,2024-10-31,116.77999877929688,116.69000244140624,118.66999816894533,5.110000610351577,0.021526535658086446,119.93000030517578,119.9499969482422,114.83999633789062,114.9499969482422,117.63439987182618,-0.00722605815440891,-0.02966347935261404,1720,2024-11-04,116.06999969482422,0.021883354201823,0.0424743716562241,0.0434220808889351,2024-11-04,2024-11-06,2024-11-08
2025-01-02,XOM,XOM:2024-12-31,2024-12-31,107.56999969482422,105.76000213623048,107.9000015258789,2.1200027465820455,0.20283006985206675,108.27999877929688,109.0,106.87999725341795,107.30999755859376,115.2613996887207,-0.06879345770382606,-0.008297239013095203,1761,2025-01-03,108.0,-0.0012962906448928,0.0069444444444444,-0.0135185100414134,2025-01-03,2025-01-07,2025-01-10
2025-01-31,XOM,XOM:2025-01-30,2025-01-30,109.56999969482422,108.66999816894533,109.8499984741211,4.4500045776367045,0.1640455294365714,110.5500030517578,110.5500030517578,106.0999984741211,106.83000183105467,111.41000015258788,-0.018714023434241334,-0.01739756438203799,1780,2025-02-03,106.63999938964844,0.0042197763580058,0.0303825757906375,0.0210990248769489,2025-02-03,2025-02-05,2025-02-07
2025-04-15,XOM,XOM:2025-04-14,2025-04-14,103.38999938964844,103.13999938964844,105.08999633789062,2.410003662109375,0.04149307973813172,103.63999938964844,105.41000366210938,103.0,103.0999984741211,110.39200012207031,-0.06410505382016773,-0.13066510447869772,1831,2025-04-16,103.9499969482422,0.0023088552208767,0.0134680285423767,0.0329004896464084,2025-04-16,2025-04-21,2025-04-23
2025-05-28,XOM,XOM:2025-05-27,2025-05-27,103.5199966430664,103.02999877929688,103.86000061035156,2.6399993896484375,0.12121203363870185,104.29000091552734,104.43000030517578,101.79000091552734,102.11000061035156,108.39399993896484,-0.04701412473741129,-0.05166733995814876,1860,2025-05-29,102.27999877929688,0.0040086396852045,0.0075283954013578,0.0001955834249089,2025-05-29,2025-06-02,2025-06-04
2025-06-04,XOM,XOM:2025-06-03,2025-06-03,103.8000030517578,103.0500030517578,104.66000366210938,2.6199951171875284,0.0,103.91999816894533,104.91999816894533,102.3000030517578,102.3000030517578,107.1518000793457,-0.033715661298849064,-0.025077469130583063,1865,2025-06-05,102.9800033569336,-0.0111672313885341,0.0193241192357713,0.0614681879521803,2025-06-05,2025-06-09,2025-06-11
2025-08-11,XOM,XOM:2025-08-08,2025-08-08,106.8000030517578,105.9499969482422,107.51000213623048,2.0,0.15000152587889914,107.11000061035156,107.52999877929688,105.52999877929688,105.83000183105467,109.52480072021484,-0.02431892038198058,-0.03260868138011064,1911,2025-08-12,106.33999633789062,-0.0019747892768906,0.0097799600464794,0.003573489711294,2025-08-12,2025-08-14,2025-08-18
