Ticker,Date,Entry_Date,Exit_Date,Signal_Drop,ATR_Pct,Drop_ATR_Ratio,Volume_Ratio,Distance_SMA20,Distance_SMA50,Distance_SMA200,Return_3D,Return_5D,Return_10D,Negative_Days_5,SPY_Return,SPY_Distance_SMA50,SPY_Volume_Ratio,Entry_Price,Exit_Price,PnL_Pct,PnL_Dollars,Holding_Days,Days_Held,Exit,Exit_Reason
MRK,2018-10-24,2018-10-25,2018-10-25,-0.02163680837406401,0.02215567573395533,0.9765808379702852,1.4526136928070097,-0.008754853166393017,0.008275012253681435,0.15199008052665253,-0.025017622612601542,-0.017822743722048062,0.001277277645545194,2.0,-0.030298502287236073,-0.07027882640788885,1.5018160478116966,50.32529056623414,52.3383021888835,0.040000000000000036,80.00000000000007,0,0,TP,TP
AMT,2018-10-26,2018-10-29,2018-10-30,-0.025405435408752952,0.021651510727752697,1.1733793418945362,1.7918164360628293,0.0211729224494277,0.018892043260533953,0.058365371003490596,-0.00822014806280602,-0.003596165341642865,0.05322080111910554,2.0,-0.017587486093026183,-0.06842355325136407,1.563694202788598,122.37816212001071,127.27328860481114,0.040000000000000036,80.00000000000009,1,1,TP,TP
DUK,2018-10-26,2018-10-29,2018-11-05,-0.02092292833743159,0.02014897606789919,1.0384114938111144,1.2209553518936394,0.006137132153646752,0.00861931108883729,0.058131407643173594,-0.0049818721137088184,-0.010392591921954075,0.023752885830943704,4.0,-0.017587486093026183,-0.06842355325136407,1.563694202788598,59.72998237323968,60.81412887573242,0.01815079227243266,36.30158454486532,5,5,TIME,TIME
AMT,2018-10-31,2018-11-01,2018-11-01,-0.03193571135810913,0.025699837589081613,1.2426425360632156,1.5627053206918506,0.05004924081146833,0.05811578459360223,0.0994688404835471,0.04144095516458912,0.025268179185589767,0.062244643861768756,2.0,0.010680855952382329,-0.04640365756380849,0.9002256979327296,127.12900293668797,124.5864228779542,-0.020000000000000018,-40.000000000000036,0,0,SL,SL
WMT,2018-10-31,2018-11-01,2018-11-07,-0.02089409085286187,0.018875709201926022,1.1069301094514583,1.2521136873703727,0.03573098939746755,0.04516898251314694,0.10780380224305652,0.013543273916379217,0.027880181280280247,0.03852513920959377,2.0,0.010680855952382329,-0.04640365756380849,0.9002256979327296,29.660270973101696,30.846681812025764,0.040000000000000036,80.00000000000007,4,4,TP,TP
ORCL,2018-11-19,2018-11-20,2018-11-27,-0.031659073273977545,0.020441090649514895,1.5487956986643896,1.0914313095218793,0.010842766984595631,0.008929663981535718,0.039180188628761714,0.014537254361176366,0.006704412159246553,0.010811994085445864,2.0,-0.016914671760876132,-0.04007950986155895,0.8542342081588382,43.44479458429635,42.57589869261042,-0.02000000000000013,-40.00000000000026,4,4,SL,SL
AMT,2018-11-20,2018-11-21,2018-11-29,-0.03362817054555345,0.018075022190457358,1.860477414147094,1.2729177966445653,0.0177424308637244,0.06654264287598255,0.12286843395855751,-0.009190359717799468,-0.004153795979220498,0.028688040852318908,2.0,-0.018506053181082338,-0.056253017886485845,1.1322701483183135,130.40997979292027,132.14793395996094,0.013326849446648081,26.653698893296163,5,5,TIME,TIME
KO,2018-11-20,2018-11-21,2018-11-29,-0.02237185989451973,0.012946252928642715,1.7280567603482775,1.0189714502068778,0.01569420382671116,0.05064732796664129,0.11360910655476819,-0.007237506097234614,-0.009626943463137194,0.005497861161196438,3.0,-0.018506053181082338,-0.056253017886485845,1.1322701483183135,38.86436116373893,38.97275924682617,0.002789138425061344,5.578276850122688,5,5,TIME,TIME
JNJ,2018-11-21,2018-11-23,2018-11-29,-0.030453913571170665,0.017445869697765428,1.7456231244849538,1.322020792551169,-0.00588121349383619,0.011218113379010575,0.08970651062969948,-0.02739931877379287,-0.015667586143874757,-0.01906754306865266,2.0,0.0034077292399616876,-0.05149170669630121,0.6569651677709157,113.95529417174143,118.51350593861109,0.040000000000000036,80.00000000000009,4,4,TP,TP
PEP,2018-12-03,2018-12-04,2018-12-06,-0.024274158077584596,0.018838702080065862,1.2885260340344917,1.454674396245633,0.016770988578711732,0.05665326662584169,0.0966500572833906,0.004050797590757105,0.02692888328443943,0.005323163583506707,2.0,0.013241439249909615,0.00887581019420458,1.0848624610458584,93.95223299146696,92.07318833163761,-0.02000000000000013,-40.000000000000256,1,1,SL,SL
MSFT,2018-12-04,2018-12-06,2018-12-11,-0.031849238601348584,0.029691710674226796,1.0726643186980325,1.2891845779900764,0.008801744451008231,2.0690534872969124e-05,0.06504655726608743,-0.015155579419117493,0.012880399463715664,0.03727764657344923,2.0,-0.03240245941138875,-0.022347288598685178,1.7670735441879333,98.38595674793915,102.32139501785672,0.040000000000000036,80.00000000000007,3,3,TP,TP
PLD,2018-12-04,2018-12-06,2018-12-06,-0.026074095918382056,0.018321867739146475,1.4231134232386244,1.2736900780379041,-0.004511200471694288,0.015045225494145553,0.040702364421432824,-0.0047631758138535485,0.0030005450311305637,-0.012407353751135108,2.0,-0.03240245941138875,-0.022347288598685178,1.7670735441879333,53.453193943545486,52.38413006467457,-0.02000000000000013,-40.00000000000026,0,0,SL,SL
UNH,2018-12-04,2018-12-06,2018-12-06,-0.027171950456482907,0.023671397082122417,1.1478811479616573,1.2358663861939154,0.02859063918088145,0.046218483481144323,0.1193934626089439,-0.011006723922977413,0.030573228708609568,0.050328910282618544,2.0,-0.03240245941138875,-0.022347288598685178,1.7670735441879333,240.21092803208444,235.40670947144275,-0.020000000000000018,-40.000000000000036,0,0,SL,SL
PFE,2018-12-07,2018-12-10,2018-12-10,-0.023566064587264623,0.022248255409777325,1.0592320230604764,1.1312352667823076,-0.005682603164799294,0.0028043701904632012,0.13048654323632314,-0.0450097341707868,-0.03493755156251166,0.019025273685633115,4.0,-0.023235786117976054,-0.043243937518847586,1.4526896911105194,28.906004030074108,28.327883949472625,-0.020000000000000018,-40.000000000000036,0,0,SL,SL
PLD,2018-12-07,2018-12-10,2018-12-10,-0.023948676926740964,0.022270689854042385,1.0753450873635153,1.1528591085085278,-0.006532622792297493,0.013833073051492839,0.03892811537681129,-0.026365824610698252,-0.005061287955699156,-0.0011956679161712058,2.0,-0.023235786117976054,-0.043243937518847586,1.4526896911105194,53.85644896721536,52.77931998787105,-0.020000000000000018,-40.000000000000036,0,0,SL,SL
LLY,2018-12-14,2018-12-17,2018-12-17,-0.025509059097638787,0.02278207234967685,1.119698801149695,1.1880011015558356,-0.023983858784556555,0.0004565360807133878,0.185554348781936,-0.022445272583591525,-0.014527207688650678,-0.04333314175756797,2.0,-0.018464764467174155,-0.04500407079486746,1.0109847612941,100.69063881581697,98.67682603950063,-0.020000000000000018,-40.000000000000036,0,0,SL,SL
MRK,2018-12-14,2018-12-17,2018-12-18,-0.025235482663196973,0.021920799417129842,1.1512117867141696,1.0279290992757653,0.0009658216355779015,0.03943627541446992,0.19305781465261163,-0.0012176931305393213,0.003859746728550606,-0.011473495079466267,2.0,-0.018464764467174155,-0.04500407079486746,1.0109847612941,57.51438173942072,56.36409410463231,-0.020000000000000018,-40.000000000000036,1,1,SL,SL
PEP,2018-12-14,2018-12-17,2018-12-18,-0.037177769787241854,0.022911658754736854,1.6226572761588274,1.5609708791081371,-0.022743101180459635,0.010296090053524942,0.054532872413375566,-0.028476374025756757,-0.016145853486553396,-0.028876337305348332,2.0,-0.018464764467174155,-0.04500407079486746,1.0109847612941,90.73164698426689,88.91701404458155,-0.020000000000000018,-40.000000000000036,1,1,SL,SL
AMT,2018-12-17,2018-12-18,2018-12-21,-0.03397368114770438,0.020677636501376342,1.643015687283362,1.2103030610511734,-0.017721052968393547,0.02622392394549733,0.10638887746416459,-0.02253260978965821,-0.031590487467059614,-0.021581899723929654,3.0,-0.01961834579625832,-0.06139389854292576,1.4119320980073213,131.44138908060532,128.81256129899322,-0.020000000000000018,-40.000000000000036,3,3,SL,SL
DUK,2018-12-17,2018-12-18,2018-12-20,-0.029311401132500747,0.019298452561523877,1.518847225654771,1.3622629046886707,-0.007296861204735161,0.039001890686064966,0.11819041121123175,-0.016852795709704882,-0.02673751378551703,-0.005419496555413628,3.0,-0.01961834579625832,-0.06139389854292576,1.4119320980073213,65.0414789021928,63.74064932414893,-0.020000000000000018,-40.000000000000036,2,2,SL,SL
KO,2018-12-17,2018-12-18,2018-12-19,-0.02047006456258116,0.01940626740710996,1.0548171955561865,1.2989617905905793,-0.018595442551067265,0.010935143849241769,0.0843463969964191,-0.018081857031788884,-0.018480907061129592,-0.0410712260945465,3.0,-0.01961834579625832,-0.06139389854292576,1.4119320980073213,38.678351311169266,37.90478428494588,-0.019999999999999907,-39.999999999999815,1,1,SL,SL
NEE,2018-12-17,2018-12-18,2018-12-20,-0.030843177730542792,0.01856573954237039,1.661295401680771,1.3619657322808545,-0.022499194050836446,0.003973942154424037,0.06001169519221605,-0.031217400897707526,-0.03811394170616811,-0.03335009007256973,3.0,-0.01961834579625832,-0.06139389854292576,1.4119320980073213,36.30133485252207,35.575308155471625,-0.020000000000000018,-40.000000000000036,2,2,SL,SL
TSLA,2018-12-17,2018-12-18,2018-12-18,-0.04727787408573181,0.038461381000797046,1.2292297586701855,1.1248414206656265,-0.015398328999253086,0.07341307547002418,0.11353136222104676,-0.049590829243212675,-0.04581672042527585,-0.005877635597368314,3.0,-0.01961834579625832,-0.06139389854292576,1.4119320980073213,23.369333267211914,22.901946601867675,-0.020000000000000018,-40.00000000000003,0,0,SL,SL
TSLA,2018-12-18,2018-12-19,2018-12-19,-0.03269048317800338,0.04111757862237911,0.7950488397731402,1.0415161541355893,-0.04525434318102539,0.03354138452961197,0.07706614681247093,-0.10552299148845856,-0.08106119957179825,-0.05986217384923209,4.0,-0.0010966051196314996,-0.0601611777678599,1.1438147782477144,22.50666618347168,22.056532859802246,-0.020000000000000018,-40.000000000000036,0,0,SL,SL
AVGO,2018-12-19,2018-12-20,2018-12-20,-0.02315021033824871,0.04053477229429878,0.5711197825454366,1.4038073055422045,0.026027416189016606,0.05641359018341441,0.055566539728597375,-0.032845196086435435,-0.033414331835616484,0.0621443274735165,4.0,-0.014975588849887367,-0.07173498229733699,1.7450894885478725,20.174301867385818,19.770815830038103,-0.019999999999999907,-39.999999999999815,0,0,SL,SL
ABBV,2019-01-02,2019-01-03,2019-01-03,-0.03210711938726607,0.03620651026923532,0.8867775200789648,1.0409970571083715,0.015610626198347965,0.03063880996926205,-0.03640903150396613,-0.007562919578612992,0.06024261664653574,0.05063021752189001,1.0,0.0010403966556611355,-0.05275042066163915,0.7859861658602516,63.906152940230044,62.62802988142544,-0.020000000000000018,-40.000000000000036,0,0,SL,SL
GE,2019-01-08,2019-01-09,2019-01-09,-0.020594570476908047,0.05490101792587948,0.37512183298153545,1.0528604936742967,0.14428960546612846,0.04933546779177678,-0.2798015434289848,0.062035052970764504,0.13077951023558732,0.19720325297686747,1.0,0.009395395418753116,-0.02216312784734964,0.6665838036858724,39.447315947666915,38.65836962871358,-0.019999999999999907,-39.999999999999815,0,0,SL,SL
ABBV,2019-01-09,2019-01-10,2019-01-14,-0.032823022744615904,0.03755670232776704,0.8739591260745129,1.428246098494397,0.0021743267365315067,0.007721321098595135,-0.048040528050956155,-0.014146167540142862,-0.01591407324303118,0.04336983798983973,2.0,0.004673402241747837,-0.0168038681593059,0.6293242752261187,63.3582393093736,62.09107452318613,-0.020000000000000018,-40.000000000000036,2,2,SL,SL
AMD,2019-01-09,2019-01-10,2019-01-10,-0.02698792606951239,0.07206537321540332,0.3744922820124099,1.5349368937535932,0.0731085433901415,0.030007483398512003,0.07558676865407943,0.06263160705566406,0.07222520530334076,0.21261267247042892,2.0,0.004673402241747837,-0.0168038681593059,0.6293242752261187,19.760000228881836,19.364800224304197,-0.02000000000000013,-40.000000000000256,0,0,SL,SL
AMD,2019-01-10,2019-01-11,2019-01-11,-0.0222882987140276,0.07215226793044734,0.3089064190679753,1.068777526328708,0.04986038618745625,0.004886983766971609,0.049015143098814606,-0.04035002119688402,0.15777129937991585,0.10279330680449306,2.0,0.0035273613495006018,-0.01296639404487332,0.6466479031456364,19.469999313354492,20.248799285888673,0.040000000000000036,80.00000000000007,0,0,TP,TP
LOW,2019-01-15,2019-01-16,2019-01-17,-0.020637322273728165,0.026536390112418193,0.777698932910643,1.046210092250138,0.023371315429422168,0.01983156745220871,-0.015167719280120173,-0.01114835855083185,-0.02786029207381735,0.027609548137796258,4.0,0.011460882858806087,-0.005779052594356404,0.5850180084919588,82.05249013319923,80.41144033053524,-0.020000000000000018,-40.000000000000036,1,1,SL,SL
MS,2019-01-17,2019-01-18,2019-01-22,-0.044054584910312,0.03345541121834824,1.3168149278688515,2.93184397099022,0.04632583624578168,0.005185619148482035,-0.1034769496576673,0.0011770612986647944,0.020883723858456493,0.07182491823372694,1.0,0.007586735118366272,0.005592850414877004,0.6898213026636681,34.03826659489022,33.357501262992415,-0.019999999999999907,-39.999999999999815,1,1,SL,SL
LLY,2019-01-18,2019-01-22,2019-01-29,-0.021567716192324005,0.02366659204440783,0.9113148252124553,1.7206711914878374,0.020267010980694833,0.027574753749931125,0.1816182969150173,-0.004270223379813087,0.003528839636671721,0.01683210417580394,3.0,0.013310196371418392,0.01939403913299831,0.9475255084899642,104.74688164140632,104.7650146484375,0.000173112619173299,0.34622523834659796,5,5,TIME,TIME
NFLX,2019-01-18,2019-01-22,2019-01-22,-0.03989355267671446,0.04327209745401701,0.9219232490199314,1.6758007596845936,0.1380454794662287,0.17893860688924978,0.014218951446217876,-0.043819107369032495,0.004472910382804285,0.13956379615515124,3.0,0.013310196371418392,0.01939403913299831,0.9475255084899642,33.48899841308594,32.819218444824216,-0.02000000000000013,-40.000000000000256,0,0,SL,SL
CAT,2019-01-22,2019-01-23,2019-01-23,-0.031918143828508216,0.03256699754114286,0.9800763422598314,1.0813249653795536,0.035822585281798824,0.04358881488941213,-0.039706346325859454,0.01086707652161456,0.009793025258917787,0.03790654226463497,2.0,-0.013510863024747466,0.006442256401394841,0.901479103271306,114.23589026696405,111.95117246162476,-0.020000000000000018,-40.000000000000036,0,0,SL,SL
COP,2019-01-22,2019-01-23,2019-01-28,-0.031664198026174484,0.028028162249560146,1.1297279409273935,1.0649019675778888,0.026982626940293963,0.014983066023316338,-0.04054324396621356,0.0013702345886974499,0.00213359686103054,0.035922516504757196,2.0,-0.013510863024747466,0.006442256401394841,0.901479103271306,50.88986430174507,49.872067015710165,-0.02000000000000013,-40.000000000000256,3,3,SL,SL
MS,2019-01-22,2019-01-23,2019-01-23,-0.029297186658771346,0.03511638649673155,0.8342881936755701,1.2836892659154588,0.03334429997084465,0.004933449411879565,-0.10406682292122826,-0.0467519702638487,-0.0016479539154000689,0.01678225923999843,2.0,-0.013510863024747466,0.006442256401394841,0.901479103271306,33.642661172717474,32.96980794926312,-0.02000000000000013,-40.000000000000256,0,0,SL,SL
NFLX,2019-01-22,2019-01-23,2019-01-23,-0.041108847341574495,0.04601689493365508,0.8933424865116004,1.1253490175760907,0.07956277074146723,0.1293492867345658,-0.02792782710966668,-0.07464643567514351,-0.023367570970168727,0.03114094092880748,3.0,-0.013510863024747466,0.006442256401394841,0.901479103271306,32.82500076293945,32.16850074768066,-0.02000000000000013,-40.000000000000256,0,0,SL,SL
LLY,2019-01-24,2019-01-25,2019-01-31,-0.0319893783712637,0.02374122853906827,1.3474188295952072,1.4805625805296494,-0.0047991206842246115,0.008711017446141112,0.15823750707654338,-0.013723359806663504,-0.015496736481171225,-0.01894050281787585,2.0,0.000531373919525624,0.011507996432057466,0.513540037388677,104.42999853971116,108.60719848129962,0.040000000000000036,80.00000000000007,4,4,TP,TP
AMD,2019-01-28,2019-01-29,2019-01-29,-0.07979936049462688,0.05847375061105098,1.3647039853049132,1.3648386485215411,0.01775269464460205,0.019233124538422075,0.04020352234483826,0.019191973876643953,-0.02840636204065916,-0.004440066628287553,2.0,-0.007600276063292277,0.013683259245041546,0.8218379230180125,20.260000228881836,19.8548002243042,-0.020000000000000018,-40.000000000000036,0,0,SL,SL
BAC,2019-01-31,2019-02-01,2019-02-07,-0.020639912828044338,0.026494042186061575,0.779039781211752,1.2739432023929502,0.03223223113435014,0.07609343364560406,-0.00800689025337753,-0.039149527260681216,-0.020976632604044032,0.0007029395126691984,3.0,0.008782493072969855,0.03816383804759216,1.0824634522456291,23.87551905445857,23.3980086733694,-0.020000000000000018,-40.00000000000004,4,4,SL,SL
GS,2019-01-31,2019-02-01,2019-02-07,-0.022076130995033694,0.028624072164563745,0.771243548720635,1.3077942624595726,0.048637436992099214,0.08081368895178409,-0.09041439357434156,-0.008562147697595224,0.0010616791943398596,0.004718912413435028,2.0,0.008782493072969855,0.03816383804759216,1.0824634522456291,165.7940606865679,162.47817947283653,-0.020000000000000018,-40.00000000000003,4,4,SL,SL
AMZN,2019-02-01,2019-02-04,2019-02-08,-0.05381880772938674,0.0317847482133811,1.6932274362560311,1.7627377264663437,-0.015226698365708446,0.01732066916858388,-0.05389247839402156,0.020296387434695307,-0.02654187227033955,-0.039563700408959845,3.0,0.00048163584816496297,0.03883012656969953,0.9207053548060293,81.1500015258789,79.52700149536133,-0.019999999999999907,-39.999999999999815,4,4,SL,SL
AMD,2019-02-05,2019-02-06,2019-02-07,-0.03398258281572886,0.06097934692180259,0.55728020274318,1.1178130570014149,0.10074844913591652,0.15651387101926528,0.17798068117554866,-0.045063514475455646,0.21090906316583813,0.17965582975407846,2.0,0.004192045731362448,0.049318282987642625,0.9050694620629397,23.6299991607666,23.15739917755127,-0.020000000000000018,-40.000000000000036,1,1,SL,SL
GOOGL,2019-02-06,2019-02-07,2019-02-14,-0.025159018411581968,0.022263344840226896,1.1300646238081429,1.3103536292961357,0.0247193496984488,0.047792436255012394,-0.0045307367563910406,0.003817215147647657,0.022677749391451174,0.03548480262588671,2.0,-0.001318524174785729,0.04718968506268473,0.6809279080802524,55.102394698878804,55.96376037597656,0.015632091523515745,31.26418304703149,5,5,TIME,TIME
COP,2019-02-07,2019-02-08,2019-02-08,-0.023585252928620126,0.023012004814002517,1.0249108289021736,1.0208644486737184,0.007314857370882777,0.03536984613474248,-0.018672236710920886,-0.035034592865524905,-0.0031020163803126,0.0205689379420686,3.0,-0.00953272463516508,0.03653704832031246,1.113980784350648,51.56869065854326,50.537316845372395,-0.020000000000000018,-40.00000000000003,0,0,SL,SL
ORCL,2019-02-07,2019-02-08,2019-02-15,-0.02028866819715569,0.014208900563257437,1.4278844522017293,1.0614078376832896,0.015087835831097518,0.054880572131302374,0.0575880012137846,-0.01587288744095916,-0.00019923110859443316,0.02073178191182179,1.0,-0.00953272463516508,0.03653704832031246,1.113980784350648,44.88934829968033,46.3501091003418,0.03254136796349694,65.08273592699388,5,5,TIME,TIME
GE,2019-02-08,2019-02-11,2019-02-13,-0.024851175339307807,0.05249747666842989,0.47337847295529956,1.0419456988104612,0.04617678174833584,0.18312507265060352,-0.14370946276953234,-0.07714018996696748,-0.03729147642108299,0.0709605386314276,3.0,0.0012218434878539242,0.0374434336388465,0.895207787133295,45.69777108498541,47.52568192838483,0.040000000000000036,80.00000000000007,2,2,TP,TP
UNH,2019-02-08,2019-02-11,2019-02-19,-0.026394027646004625,0.017574822158407558,1.5018090884850335,1.2166130424021886,-0.008806861702274515,0.007156430184574569,0.022038916215033844,-0.016559923613366,-0.02537967443338862,-0.022943358353569976,4.0,0.0012218434878539242,0.0374434336388465,0.895207787133295,229.78498335505353,238.97638268925567,0.040000000000000036,80.00000000000006,5,5,TP,TP
WMT,2019-02-20,2019-02-21,2019-02-27,-0.022700524479483453,0.01875817558997784,1.210166968029233,2.0016427006816584,0.028476679758991263,0.054770328434658344,0.08681645036453012,0.013804284619552298,0.03000936991353198,0.04477000388874641,1.0,0.002015339762686086,0.06570591293234807,0.9773805925063975,29.73262691682359,29.13797437848712,-0.020000000000000018,-40.00000000000004,4,4,SL,SL
CAT,2019-02-26,2019-02-27,2019-03-06,-0.02425570719103276,0.02170604249424417,1.1174633606040663,1.5501718897647023,0.03429810982985315,0.06339227665663105,0.012773697962807473,-0.006480384793759897,0.01605318849981563,0.0701933481147492,3.0,-0.000715668695920213,0.06395133448684209,0.7538262976092871,118.37461599178141,116.00712367194578,-0.020000000000000018,-40.00000000000004,5,5,SL,SL
HD,2019-02-27,2019-02-28,2019-03-07,-0.024588723764960907,0.016835277821169354,1.46054754938716,1.89035704851396,-0.018731266373200772,0.02602607664487877,-0.023066478855198524,-0.04532475493005972,-0.042637665255742196,-0.00997231173849722,4.0,-0.0004296598939053098,0.062250343257588936,0.7594945153681903,152.4198114928261,151.5149383544922,-0.005936716031016198,-11.873432062032396,5,5,TIME,TIME
LOW,2019-02-28,2019-03-01,2019-03-01,-0.023508715216790432,0.02107714978296033,1.1153650023304331,1.73940808055999,0.03572645386608908,0.0933921134048823,0.07076027817626618,0.0007615029040024535,-0.004075332339141702,0.035777535619664125,2.0,-0.001862211841167416,0.05868342405488591,0.9387675943622146,92.10602435841592,90.2639038712476,-0.020000000000000018,-40.00000000000004,0,0,SL,SL
ADBE,2019-03-04,2019-03-05,2019-03-07,-0.022158273880255375,0.019284806671824195,1.1490016082260974,1.1179755567666843,-0.0021278629180099262,0.060349049007495825,0.037502998080463534,-0.018029632348494307,-0.0017786384029189195,-0.004972088973703714,2.0,-0.003637296381383437,0.05721402724043423,1.4476171523192716,259.0,253.82,-0.020000000000000018,-40.000000000000036,2,2,SL,SL
CRM,2019-03-04,2019-03-05,2019-03-05,-0.03664989632300952,0.023199628921070612,1.5797621784253182,3.106881280946049,-0.010089563262443701,0.061409047526053806,0.1048556785540371,-0.02832259433616635,-0.017724303175482903,-0.003457953092038224,1.0,-0.003637296381383437,0.05721402724043423,1.4476171523192716,157.20035025748902,154.05634325233925,-0.019999999999999907,-39.999999999999815,0,0,SL,SL
MCD,2019-03-04,2019-03-05,2019-03-12,-0.024101816876403004,0.012709791437071374,1.8963188338483556,1.258133264860701,0.013203303775900732,0.012795921722921655,0.07491561823867365,-0.008836667953897703,-0.004765642543226534,0.00983313244127082,1.0,-0.003637296381383437,0.05721402724043423,1.4476171523192716,151.49495263083338,152.52671813964844,0.006810560291927947,13.621120583855896,5,5,TIME,TIME
GE,2019-03-05,2019-03-06,2019-03-06,-0.047206111218852764,0.046111578915618,1.0237366043187919,1.7378983382995363,-0.00956566448541707,0.1069336891424233,-0.07861949246413436,-0.0481230199123901,-0.07223247557440449,0.015360519211039536,3.0,-0.001360037141870829,0.05344679201444347,0.8044561032285492,44.58842402846623,43.6966555478969,-0.020000000000000018,-40.000000000000036,0,0,SL,SL
AMD,2019-03-06,2019-03-07,2019-03-07,-0.04638298521650597,0.03474214827594869,1.3350638206968912,1.0121156363627235,-0.045347084779771896,0.04356815284065063,0.06704376909215082,-0.05363177539681385,-0.04557068635795669,-0.06430066248308275,2.0,-0.0060571615738863605,0.044573803890370245,1.024318273352973,22.329999923706055,21.883399925231934,-0.019999999999999907,-39.999999999999815,0,0,SL,SL
GE,2019-03-06,2019-03-07,2019-03-07,-0.07886777275447521,0.05310247562768024,1.485199547144362,1.9086089910915647,-0.0825746138105572,0.015186964802352598,-0.1492815443545703,-0.11295039803361417,-0.1626839002928686,-0.0619408342893325,4.0,-0.0060571615738863605,0.044573803890370245,1.024318273352973,43.721694861865224,45.47056265633984,0.040000000000000036,80.00000000000007,0,0,TP,TP
AMZN,2019-03-07,2019-03-08,2019-03-11,-0.02576471998369667,0.016832354700343537,1.530666412535308,1.2410277722837966,-0.005791471208572041,0.004116517133252451,-0.0586970413201513,-0.04139916984676173,-0.00846429491969225,0.004019914140573677,3.0,-0.008365114050475131,0.03316550506464644,1.2636999459946474,80.20050048828125,83.4085205078125,0.040000000000000036,80.00000000000006,1,1,TP,TP
AVGO,2019-03-07,2019-03-08,2019-03-13,-0.021521892480970695,0.020784779098507167,1.0354640950943024,1.1950525548475086,-0.03931071475023251,0.00671660726289125,0.1116650938080872,-0.034122606224522345,-0.03577116710642958,-0.05492279406987133,3.0,-0.008365114050475131,0.03316550506464644,1.2636999459946474,21.590789164533653,22.454420731115,0.040000000000000036,80.00000000000007,3,3,TP,TP
BA,2019-03-11,2019-03-12,2019-03-12,-0.05332041169098012,0.029863551348258743,1.7854678791941159,6.545178464448405,-0.051493125239525095,0.04413981796693389,0.125509642567585,-0.057602616575996524,-0.07552750892548521,-0.06292313585962228,5.0,0.014501191238529998,0.04039316114414104,0.8789269187595877,375.69947698842884,368.18548744866024,-0.020000000000000018,-40.000000000000036,0,0,SL,SL
LLY,2019-03-11,2019-03-12,2019-03-13,-0.02525659372548783,0.02043380061585196,1.236020366465477,1.932679482739039,-0.0034313863086827823,0.03610747935093994,0.17159789579832885,-0.02510266064557598,-0.031068652030794786,-0.0031477738113688813,3.0,0.014501191238529998,0.04039316114414104,0.8789269187595877,112.42417907714844,116.92114624023438,0.040000000000000036,80.00000000000009,1,1,TP,TP
ADBE,2019-03-15,2019-03-18,2019-03-25,-0.0395980649514015,0.025980318050068448,1.524156281500841,3.69570723639038,-0.010629148878878447,0.025761109641533997,0.029611580220704203,-0.024363451822739357,0.00922505611231772,-0.026211178257512402,1.0,0.004940297708840857,0.045695838315074955,1.0829232254461187,257.1099853515625,262.2699890136719,0.020069246455184375,40.138492910368754,5,5,TIME,TIME
GE,2019-03-15,2019-03-18,2019-03-25,-0.03300968919375147,0.05207678399585667,0.6338657394123605,1.6676645352621666,-0.0009159499386015568,0.06556340473573652,-0.056507740421118724,0.020491659054159284,0.0396659354181681,-0.029157684380688553,2.0,0.004940297708840857,0.045695838315074955,1.0829232254461187,48.15446093996613,47.62422180175781,-0.01101121532373417,-22.02243064746834,5,5,TIME,TIME
META,2019-03-15,2019-03-18,2019-03-18,-0.024622305979848935,0.02330316780530253,1.0566076760708147,2.192117376039857,-0.00250895988714106,0.048473195557743765,0.0040348717222327135,-0.034550770946527476,-0.021344238492327472,0.022800255838194117,3.0,0.004940297708840857,0.045695838315074955,1.0829232254461187,162.1460942050335,158.90317232093284,-0.020000000000000018,-40.000000000000036,0,0,SL,SL
META,2019-03-18,2019-03-19,2019-03-26,-0.03319696095001612,0.025999554959181593,1.2768280457928687,2.0798922922619982,-0.03503401149130059,0.01000110077872396,-0.02849679606435862,-0.07440751056328332,-0.06741444578142208,-0.04122620990893544,4.0,0.0036260668240422067,0.046438652859219554,0.8481200309142108,160.0743004033197,166.4772724194525,0.040000000000000036,80.00000000000007,5,5,TP,TP
BAC,2019-03-20,2019-03-21,2019-03-22,-0.03406402085212146,0.019228849696804367,1.7715059085298555,1.5594597989518066,-0.016307835448694186,0.0034736036450615515,0.006884133586053887,-0.022525318290179897,-0.022191682205288665,-0.006934818007432564,3.0,-0.00300999853030004,0.03897250169914779,1.1236919493105353,23.871563294057758,23.394132028176603,-0.020000000000000018,-40.000000000000036,1,1,SL,SL
GS,2019-03-20,2019-03-21,2019-03-22,-0.03381032786978444,0.021470430752520264,1.5747391498335768,1.8308496437236066,-0.013091159344797765,0.00030785637149843836,-0.07573972555263253,-0.019872786483531857,-0.014854113895311105,-0.0021565300249204444,2.0,-0.00300999853030004,0.03897250169914779,1.1236919493105353,162.17584742345736,158.9323304749882,-0.02000000000000013,-40.000000000000256,1,1,SL,SL
JPM,2019-03-20,2019-03-21,2019-03-22,-0.0213486313800475,0.014802388797644051,1.4422423077716584,1.1943606727969502,-0.0031427002691470918,0.008216487067231437,-0.0227334956407923,-0.019052111000299576,0.0012451819430188138,0.007712855617777681,2.0,-0.00300999853030004,0.03897250169914779,1.1236919493105353,84.54220216270731,82.85135811945317,-0.020000000000000018,-40.000000000000036,1,1,SL,SL
MS,2019-03-20,2019-03-21,2019-03-22,-0.020932956438889927,0.01980343571487985,1.0570366041666892,1.4005893649580965,0.016344703538694105,0.021614784311621005,-0.04413443581723986,-0.006923664354911652,0.014619449343443724,0.03387787782583551,2.0,-0.00300999853030004,0.03897250169914779,1.1236919493105353,33.93766816793252,33.25891480457387,-0.020000000000000018,-40.000000000000036,1,1,SL,SL
ORCL,2019-03-20,2019-03-21,2019-03-28,-0.025906717793713674,0.019119083856172413,1.355018785868756,1.2794194548527824,-0.0006835033423671089,0.03209047156970635,0.08757271329471861,-0.005666954195443719,-0.007915872088466336,0.005539497019492412,3.0,-0.00300999853030004,0.03897250169914779,1.1236919493105353,47.165628614675164,47.667503356933594,0.010640688081538174,21.28137616307635,5,5,TIME,TIME
UPS,2019-03-20,2019-03-21,2019-03-28,-0.0220210400892058,0.01902867960523261,1.1572552876002145,1.3388151497084264,-0.01732248268025338,0.020041243932549024,-0.014504877837591912,-0.014609045690262112,-0.026519889306294675,-0.00854393594980829,3.0,-0.00300999853030004,0.03897250169914779,1.1236919493105353,78.57594601092849,80.79546356201172,0.02824678115583268,56.49356231166536,5,5,TIME,TIME
AAPL,2019-03-22,2019-03-25,2019-03-25,-0.020708502097444015,0.019811595670587653,1.045271791417988,1.4670462305487348,0.060481442919958495,0.12477366977156423,0.00863950781466416,0.024231770123098073,0.026488159163976732,0.10490972661160902,2.0,-0.019246302778269997,0.02658306119185716,1.566735209062183,45.59455455525224,44.68266346414719,-0.020000000000000018,-40.000000000000036,0,0,SL,SL
AMD,2019-03-22,2019-03-25,2019-03-25,-0.05449976994188088,0.04583129538561449,1.1891387638802644,1.7060444644716644,0.10304732543530437,0.15524133855331512,0.2192528609952289,0.014230801508976931,0.13224559049513096,0.1980918021359359,3.0,-0.019246302778269997,0.02658306119185716,1.566735209062183,26.290000915527344,25.764200897216796,-0.020000000000000018,-40.000000000000036,0,0,SL,SL
AMZN,2019-03-22,2019-03-25,2019-04-01,-0.029951683771010984,0.02018555548840237,1.4838176629927153,1.380276771197921,0.0428616182164101,0.062006166568283616,0.018465575303150183,0.001657391096491878,0.030606956509651173,0.08882652400778568,1.0,-0.019246302778269997,0.02658306119185716,1.566735209062183,87.8895034790039,90.70950317382812,0.03208573928851344,64.17147857702687,5,5,TIME,TIME
GOOGL,2019-03-22,2019-03-25,2019-03-27,-0.023039640782552717,0.016845003175361584,1.367743332708405,1.0868309132069753,0.030185704492110554,0.06752639891864765,0.059202148033330015,0.004316121528125105,0.014576277061069565,0.050158007754273815,2.0,-0.019246302778269997,0.02658306119185716,1.566735209062183,59.45083180443985,58.261815168351056,-0.019999999999999907,-39.999999999999815,2,2,SL,SL
MA,2019-03-22,2019-03-25,2019-04-01,-0.021664391222662616,0.017284472849200146,1.2534019065363138,1.1933777732022444,0.015479008026090701,0.06665329368973394,0.12251811800737711,-0.0010822226664866097,-0.0017736469735267768,0.04006823110578428,3.0,-0.019246302778269997,0.02658306119185716,1.566735209062183,220.8241978209693,229.65716573380806,0.040000000000000036,80.00000000000007,5,5,TP,TP
MSFT,2019-03-22,2019-03-25,2019-04-01,-0.02636842265164141,0.016458193756297358,1.6021455964177191,1.1895713110402881,0.027317411785785728,0.07457052290494581,0.09895850621719537,-0.005100105031577207,0.009835059934467205,0.05918017103375095,2.0,-0.019246302778269997,0.02658306119185716,1.566735209062183,108.83430004258565,111.13123321533203,0.021104864659832634,42.20972931966527,5,5,TIME,TIME
NFLX,2019-03-22,2019-03-25,2019-03-27,-0.04461844192724651,0.027642669907856708,1.6141147753084764,1.2726500649453696,0.0017954683062728627,0.02769523952536712,0.060943853395580616,0.006215602812145837,-0.0012449003778920442,0.032637376570643806,2.0,-0.019246302778269997,0.02658306119185716,1.566735209062183,35.900001525878906,35.18200149536133,-0.020000000000000018,-40.000000000000036,2,2,SL,SL
NVDA,2019-03-22,2019-03-25,2019-03-25,-0.03501160984317242,0.037452701126192346,0.9348220232555466,1.311889518591553,0.09068853398587029,0.14459746843545518,-0.14557143282454843,0.010187774342341971,0.045285723202960204,0.1783059847254742,3.0,-0.019246302778269997,0.02658306119185716,1.566735209062183,4.359097603757411,4.271915651682263,-0.02000000000000013,-40.000000000000256,0,0,SL,SL
AMD,2019-03-27,2019-03-28,2019-04-01,-0.0311405655032434,0.053779476599788566,0.5790418105959371,1.2473508756490364,0.03218044929133845,0.07504122425568682,0.1427023341781064,-0.05612443695424574,-0.03151756222743285,0.06458512759126744,4.0,-0.005229230069510593,0.022943188455580632,0.8978010960490808,25.100000381469727,26.104000396728516,0.040000000000000036,80.00000000000007,2,2,TP,TP
AMT,2019-04-01,2019-04-02,2019-04-09,-0.023089191905782402,0.014604058992464072,1.5810119582300233,2.1054116006092087,0.016103830378704442,0.07400855035532494,0.22207623689989164,-0.00814047748790303,-0.016250200764173828,0.019164713375115605,3.0,0.0118589963637028,0.04036060904701322,0.9885589860080476,157.60086026977842,160.63856506347656,0.01927467139772121,38.54934279544242,5,5,TIME,TIME
CRM,2019-04-04,2019-04-05,2019-04-12,-0.025212049268529158,0.02447186722829073,1.0302462428932573,1.282411957933335,-0.010054187595583186,0.0007084523379368157,0.08068472955303507,-0.016503084282270986,0.021523518481933124,-0.050493795398544816,2.0,0.002653154008866565,0.039951118082719894,0.6539121925947071,156.91532080279586,157.9769287109375,0.006765482826726732,13.530965653453464,5,5,TIME,TIME
GS,2019-04-15,2019-04-16,2019-04-17,-0.03815399097848626,0.019626648045723543,1.943989156457088,1.980711322369957,0.012764144359913354,0.01716874205674146,-0.0370557634075932,-0.015124366703413439,-0.012985167259255803,0.016112831704110375,3.0,-0.0006549147223776641,0.03762434220268407,0.7178998007188885,167.82555986002262,174.53858225442355,0.040000000000000036,80.00000000000006,1,1,TP,TP
LOW,2019-04-18,2019-04-22,2019-04-29,-0.0288595525642521,0.018450585551413837,1.5641537491497468,1.4651201329441117,0.0153587486694986,0.0701010965510045,0.13097407080757395,-0.029356811536203398,-0.012073765744791687,0.0037061105501108305,2.0,0.0019697986116480326,0.03370401658612199,1.0518602457343693,98.73347866098173,96.75880908776209,-0.02000000000000013,-40.000000000000256,5,5,SL,SL
CAT,2019-04-24,2019-04-25,2019-04-25,-0.030275078523509302,0.018605303135717264,1.6272284467856455,2.288295069627399,-0.005622764631774357,0.013310303507830579,0.03142818989905338,-0.039271693829207255,-0.02439700332450956,0.016243746847235396,3.0,-0.0022191349362995494,0.03657763917838053,0.8593180078065716,118.39246227219333,116.02461302674946,-0.020000000000000018,-40.000000000000036,0,0,SL,SL
NVDA,2019-04-25,2019-04-26,2019-04-26,-0.02228366595059461,0.02384641260966498,0.934466173816141,1.1411029821124448,-0.0027049647440029467,0.08365114027304088,-0.06596321233497127,-0.00827716420085911,-0.0020288919638909997,-0.02701691816984586,2.0,-0.0006162218603251723,0.03453326442285665,0.9974221433244113,4.479314502833751,4.389728212777076,-0.020000000000000018,-40.000000000000036,0,0,SL,SL
NVDA,2019-04-26,2019-04-29,2019-05-06,-0.04718908393622423,0.029126523228602385,1.6201413249997625,1.9015395899882668,-0.0499792855335196,0.02948645347670542,-0.10837963819550434,-0.06597814369188282,-0.04406915787795451,-0.07022078016772892,2.0,0.0046568439895045,0.03790778793240657,0.8831357281497996,4.42230385036141,4.333857773354182,-0.020000000000000018,-40.000000000000036,5,5,SL,SL
XOM,2019-04-26,2019-04-29,2019-05-02,-0.021041100265236534,0.01525473998381098,1.3793155627409122,1.747106703814922,-0.01473187648249541,0.00011434987883163217,0.03268126427231244,-0.03466029738916032,-0.007888842047080846,-0.017815644367993433,2.0,0.0046568439895045,0.03790778793240657,0.8831357281497996,57.36020563693789,56.213001524199136,-0.019999999999999907,-39.999999999999815,3,3,SL,SL
GOOGL,2019-04-30,2019-05-01,2019-05-01,-0.07501940294164633,0.017880391344178435,4.1956242174795255,4.297866847387614,-0.027661030166938994,0.0043579045405095496,0.04327107067069247,-0.05395548134686823,-0.05637522338331058,-0.022477962763147508,2.0,0.00051026723556169,0.03723588402579647,1.4335921910718648,59.348745012660174,58.16177011240697,-0.020000000000000018,-40.00000000000004,0,0,SL,SL
AMD,2019-05-01,2019-05-02,2019-05-02,-0.029677876211758325,0.03548781918476887,0.8362834598891291,2.10060566501809,-0.04085577012352015,0.03943734215094241,0.15643835628272096,-0.03837875634981902,-0.05797609527789793,-0.04010028023615342,4.0,-0.007516336396224732,0.028338394746984852,1.2323352977329638,26.940000534057617,28.01760055541992,0.040000000000000036,80.00000000000007,0,0,TP,TP
HD,2019-05-01,2019-05-02,2019-05-07,-0.02405465472060464,0.014346809716482124,1.676655311945052,1.3711433180859434,-0.02169913389257616,0.029855327020095634,0.06052481659757625,-0.023623442817892193,-0.03831234416099971,-0.027730184713831596,4.0,-0.007516336396224732,0.028338394746984852,1.2323352977329638,166.6855929367883,163.35188107805254,-0.020000000000000018,-40.00000000000003,3,3,SL,SL
MA,2019-05-01,2019-05-02,2019-05-06,-0.021593919901312986,0.014779619131438819,1.461060647725283,1.6162161822624515,0.029997674100866956,0.06540256764415964,0.17993192758482945,0.008391341863900337,0.01410567571295096,0.03606981110224483,1.0,-0.007516336396224732,0.028338394746984852,1.2323352977329638,237.61257431113586,232.86032282491314,-0.020000000000000018,-40.000000000000036,2,2,SL,SL
MSFT,2019-05-01,2019-05-02,2019-05-07,-0.020827344050653562,0.014075694940382426,1.4796671950385207,1.2801254271587026,0.036153558757450854,0.08371778672264862,0.16749927715914747,-0.015474714486126584,0.022958345798522517,0.05887236606622137,2.0,-0.007516336396224732,0.028338394746984852,1.2323352977329638,119.49735202590337,117.1074049853853,-0.020000000000000018,-40.00000000000003,3,3,SL,SL
NKE,2019-05-01,2019-05-02,2019-05-06,-0.021974401001738086,0.01447696123204395,1.5178876733536435,1.1576136615657573,-0.009158737976548426,0.0006756515326702406,0.07683064831215103,-0.02729021695272371,-0.028170808531887692,-0.02164010754509582,4.0,-0.007516336396224732,0.028338394746984852,1.2323352977329638,76.86193934771012,75.32470056075591,-0.020000000000000018,-40.000000000000036,2,2,SL,SL
AMD,2019-05-06,2019-05-07,2019-05-07,-0.028348662527499235,0.040846083514383555,0.6940362475025672,1.195962832104103,-0.013456137378895727,0.053529443238038654,0.1742336707628973,0.022752727433899,-0.009750828911382015,-0.026969489732129204,4.0,-0.004115032865163237,0.02851090397533551,1.7629847070700475,27.200000762939453,26.656000747680665,-0.020000000000000018,-40.00000000000004,0,0,SL,SL
AAPL,2019-05-07,2019-05-08,2019-05-09,-0.026957088664244178,0.023041908294137513,1.1699156302563183,1.3903307351407341,-0.0056369270552169,0.05380507226129394,0.059362500997453216,-0.03007399678394762,0.01091358496278838,-0.022267201944236037,3.0,-0.016699810877912724,0.01065085600204152,2.2142455813163626,48.068214163050705,47.10684987978969,-0.020000000000000018,-40.000000000000036,1,1,SL,SL
ADBE,2019-05-07,2019-05-08,2019-05-13,-0.0232320251456406,0.023225168327453482,1.0002952322278333,1.1701608971233544,0.0005308614730148431,0.0318381537597654,0.09254540660610688,-0.009190413351428783,-0.042108877012208334,-0.005098865165535038,4.0,-0.016699810877912724,0.01065085600204152,2.2142455813163626,275.8299865722656,270.3133868408203,-0.019999999999999907,-39.999999999999815,3,3,SL,SL
AMD,2019-05-07,2019-05-08,2019-05-08,-0.027717003164376197,0.04297501683979742,0.6449561908887632,1.270594098803442,-0.03756250146448337,0.022796149272254373,0.13926024594277764,-0.05761756858836253,-0.035106744220674835,-0.04683587765827768,4.0,-0.016699810877912724,0.01065085600204152,2.2142455813163626,26.40999984741211,27.466399841308593,0.040000000000000036,80.00000000000006,0,0,TP,TP
BLK,2019-05-07,2019-05-08,2019-05-13,-0.026450089918585662,0.017568772352563482,1.505517254580756,1.2570648996297018,-0.007927746763970345,0.03931593860396676,0.07163895808903509,-0.026531817600044416,-0.04424612386748894,-0.02164426651217377,4.0,-0.016699810877912724,0.01065085600204152,2.2142455813163626,386.5270878809572,378.79654612333803,-0.020000000000000018,-40.000000000000036,3,3,SL,SL
HD,2019-05-07,2019-05-08,2019-05-10,-0.024345103429493475,0.01628657979997659,1.4947953301729113,1.37956456010542,-0.039474864761302686,0.005271339306720746,0.0388289598245517,-0.03104323487238725,-0.0438387600476271,-0.054743887000058944,4.0,-0.016699810877912724,0.01065085600204152,2.2142455813163626,162.66276030482953,159.40950509873295,-0.019999999999999907,-39.999999999999815,2,2,SL,SL
MS,2019-05-07,2019-05-08,2019-05-09,-0.02096005269577772,0.019351369180063596,1.083130216820598,1.0224916396207988,-0.0030754228811168405,0.056892950281643095,0.055382836831431304,-0.023007969524898142,-0.031917396277015286,-0.007297746141842865,3.0,-0.016699810877912724,0.01065085600204152,2.2142455813163626,37.2949249303284,36.54902643172183,-0.02000000000000013,-40.000000000000256,1,1,SL,SL
MSFT,2019-05-07,2019-05-08,2019-05-15,-0.020522887560690095,0.019052201111431636,1.077192469293011,1.5740250920516052,0.004967916970709307,0.051305533118766844,0.1410785182429115,-0.005467063089435453,-0.038897829756114,0.0006375756803569388,4.0,-0.016699810877912724,0.01065085600204152,2.2142455813163626,117.12571813847306,118.10279846191406,0.008342150118437974,16.68430023687595,5,5,TIME,TIME
PLD,2019-05-07,2019-05-08,2019-05-15,-0.02518370652535651,0.019173795855507013,1.3134439687967865,1.3344927121252634,-0.004800570296025541,0.024077397233651432,0.11537781688467263,-0.026333131979444646,-0.03065083582080841,0.0016173539840085294,3.0,-0.016699810877912724,0.01065085600204152,2.2142455813163626,60.838107465333536,62.2131462097168,0.022601602871469728,45.20320574293946,5,5,TIME,TIME
AMZN,2019-05-13,2019-05-14,2019-05-16,-0.035608819608768605,0.022838808286643197,1.5591364996742707,1.2595732818184688,-0.04174702269198827,0.0029328730138089565,0.0390625608938735,-0.049583567288392416,-0.06555580623328072,-0.05971325665485516,5.0,-0.02513037516074379,-0.016267046839058108,1.6989554581515907,91.9749984741211,95.65399841308594,0.040000000000000036,80.00000000000006,2,2,TP,TP
COST,2019-05-13,2019-05-14,2019-05-21,-0.020646039462240418,0.016813968894216588,1.2279099356096659,1.3128174944234685,-0.007528583929297339,0.012324304186775992,0.07433418999231844,0.005110005478728308,-0.006783410658122602,-0.006986523586143156,2.0,-0.02513037516074379,-0.016267046839058108,1.6989554581515907,219.57873484752199,226.50257873535156,0.03153239721796175,63.0647944359235,5,5,TIME,TIME
HON,2019-05-13,2019-05-14,2019-05-21,-0.02802562114845597,0.016407777549572046,1.7080693021211117,1.0436762323665911,-0.017121788260608062,0.027488770464938472,0.11072037622064634,-0.02077976399210768,-0.033543549319443366,-0.03320793164382585,2.0,-0.02513037516074379,-0.016267046839058108,1.6989554581515907,141.55364564061776,143.8177490234375,0.0159946667044375,31.989333408874998,5,5,TIME,TIME
JPM,2019-05-13,2019-05-14,2019-05-21,-0.027197717262068766,0.017555300943991443,1.5492595284376243,1.216252107795601,-0.036540238108535905,0.017678953597147773,0.02499500443059155,-0.028061477074493246,-0.04900522425176401,-0.05744064661005277,5.0,-0.02513037516074379,-0.016267046839058108,1.6989554581515907,90.17748486790829,91.97199249267578,0.019899730264112847,39.799460528225694,5,5,TIME,TIME
MA,2019-05-13,2019-05-14,2019-05-16,-0.024451293153824216,0.02257559522290139,1.0830852038408298,1.1547990079151842,-0.015510828262534804,0.01786919776832252,0.1365563024460157,-0.016100858545701757,-0.029199010570188144,-0.023267026616435316,3.0,-0.02513037516074379,-0.016267046839058108,1.6989554581515907,232.39116585867652,241.68681249302358,0.040000000000000036,80.00000000000006,2,2,TP,TP
MSFT,2019-05-13,2019-05-14,2019-05-16,-0.029733343239884413,0.0224332952014178,1.3254113126459122,1.3308534051540188,-0.02053830405059731,0.024140827593458702,0.1175872096041004,-0.01721002138671679,-0.0374562846465436,-0.0494722741246677,4.0,-0.02513037516074379,-0.016267046839058108,1.6989554581515907,115.65977725915673,120.286168349523,0.040000000000000036,80.00000000000007,2,2,TP,TP
V,2019-05-13,2019-05-14,2019-05-16,-0.02103153518853529,0.0181193111310041,1.1607248772580576,1.4140643450142605,-0.024128417105090838,0.001782949858933458,0.09052428820063607,-0.021336160045671515,-0.030502737706101346,-0.04154709903003673,3.0,-0.02513037516074379,-0.016267046839058108,1.6989554581515907,149.93327289951287,155.93060381549338,0.040000000000000036,80.00000000000007,2,2,TP,TP
AMT,2019-05-20,2019-05-21,2019-05-29,-0.02064895887795337,0.01652311923325525,1.2497010150719152,1.949912194709114,0.017057939702119995,0.025149940175746233,0.19414689510785932,-0.011073987814911312,0.006958889578255745,0.03158514788113287,1.0,-0.006612005865561876,-0.00869407737191108,0.7760228422057514,163.6409396834266,164.99452209472656,0.00827166119871059,16.54332239742118,5,5,TIME,TIME
ADBE,2019-05-23,2019-05-24,2019-06-03,-0.026861142315952935,0.027532220585362678,0.9756257121604452,1.0829390286600311,-0.01826722059963637,0.006434572180808562,0.07567010425402754,-0.004356551656745977,-0.03279840660673572,-0.005583989619663998,3.0,-0.0122181861508317,-0.016296672686516467,1.1930409228824732,273.5400085449219,268.06920837402345,-0.020000000000000018,-40.000000000000036,5,5,SL,SL
MA,2019-05-23,2019-05-24,2019-06-03,-0.027909693812195657,0.02336522045031534,1.1944973458112176,1.300676043842206,0.00260349405448701,0.034178220296128936,0.16459588571258865,-0.014833058788748521,-0.014560822554015362,0.018017905921007937,2.0,-0.0122181861508317,-0.016296672686516467,1.1930409228824732,242.96845481488853,238.10908571859076,-0.020000000000000018,-40.000000000000036,5,5,SL,SL
UNH,2019-05-28,2019-05-29,2019-06-04,-0.022493117612395808,0.02140260315791305,1.0509524213684058,1.248057713090483,0.009136273853336263,0.008771660011175353,-0.05091393602976757,-0.029197114178689754,-0.015976286061845646,0.010477891194486277,3.0,-0.009300478704289072,-0.023350433398195647,0.8374992390925942,211.8324930056859,207.5958431455722,-0.020000000000000018,-40.000000000000036,4,4,SL,SL
AMD,2019-05-29,2019-05-30,2019-05-30,-0.03304644095301512,0.04556781282510798,0.7252145517681385,1.2973073983283003,0.025762757144422332,0.028094170883610214,0.16637082709156115,0.06562972314791815,0.02705666401451068,0.02818449730471806,2.0,-0.006710837796637281,-0.029629873867631717,1.2377371954572043,28.399999618530273,27.831999626159668,-0.020000000000000018,-40.000000000000036,0,0,SL,SL
MCD,2019-06-10,2019-06-11,2019-06-18,-0.02034246975609133,0.013161754683541315,1.545574298047771,1.496649244671156,0.012987601681369032,0.032132130436913764,0.12397003279055041,0.0058462268039969345,0.012677539133255866,0.02380980850021941,1.0,0.0045887478089712275,0.007308285538047077,0.7884303908105003,170.69160474557816,172.5563201904297,0.010924470759009708,21.848941518019416,5,5,TIME,TIME
AMD,2019-06-11,2019-06-12,2019-06-13,-0.02467648829732827,0.04756027266266391,0.5188466532215652,1.0046959449338386,0.12976034326491015,0.15338898841593895,0.32023821837047417,0.018541802584739253,0.09604329326675609,0.11566267465043656,2.0,-0.00024200587255052142,0.006613966959780226,0.7958739789179502,32.0,31.36,-0.020000000000000018,-40.000000000000036,1,1,SL,SL
ADBE,2019-06-25,2019-06-26,2019-07-03,-0.03968384329960695,0.024377546490523948,1.6278850422881102,1.4138233734249364,0.030494011866350812,0.034632921703371844,0.11871198319558962,-0.04680409392759666,0.04042923076363292,0.04340741117514635,2.0,-0.009808110542766313,0.014919693985182558,1.1365218844892786,291.260009765625,302.91041015625,0.040000000000000036,80.00000000000007,5,5,TP,TP
MSFT,2019-06-25,2019-06-26,2019-07-03,-0.03157196218367386,0.017665752171865712,1.7871847106490621,1.3217144525065754,0.021595022927374696,0.044332631780641396,0.17768076496168872,-0.0257028792831544,-0.012799300644039668,0.010068266589428276,1.0,-0.009808110542766313,0.014919693985182558,1.1365218844892786,125.90955653993718,128.82412719726562,0.0231481290016613,46.2962580033226,5,5,TIME,TIME
NFLX,2019-06-25,2019-06-26,2019-07-01,-0.028945701530988632,0.026723746817228607,1.0831453287204302,1.0147051427855514,0.018213636424472046,0.0017732941176169525,0.06805030370708387,-0.013444350658012083,0.008904484843383464,0.025706718654366467,1.0,-0.009808110542766313,0.014919693985182558,1.1365218844892786,36.15999984741211,37.606399841308594,0.040000000000000036,80.00000000000007,3,3,TP,TP
AMT,2019-06-26,2019-06-27,2019-07-01,-0.02376544994090002,0.017434969743383665,1.3630909769670627,1.2830906771530683,-0.023722453061832405,0.022222107496137733,0.18692660825154261,-0.0435911931085603,-0.04797147178175931,-0.022750716387817116,4.0,-0.000997163930006928,0.013772935675744558,0.7421667873640194,170.4851143304107,167.0754120438025,-0.020000000000000018,-40.000000000000036,2,2,SL,SL
DUK,2019-06-26,2019-06-27,2019-07-05,-0.023746146125119605,0.015701623614109157,1.5123369855701931,1.0814280387828978,0.007091070543285394,0.0036690940427059893,0.032194388076188796,-0.017312844134832472,0.0037646063737957203,0.015348947707508831,1.0,-0.000997163930006928,0.013772935675744558,0.7421667873640194,66.16214312391172,67.37164306640625,0.01828084589444634,36.56169178889268,5,5,TIME,TIME
PLD,2019-06-26,2019-06-27,2019-07-03,-0.020556393197276424,0.016922367483321907,1.2147468855960069,1.2167466391893014,-0.002975080712047662,0.025201729434136455,0.1407909378551615,-0.0392228314603672,-0.04157976841846345,-0.008501275314652168,4.0,-0.000997163930006928,0.013772935675744558,0.7421667873640194,64.8344292822419,67.42780645353157,0.040000000000000036,80.00000000000007,4,4,TP,TP
BA,2019-06-27,2019-06-28,2019-07-01,-0.029124717923542653,0.021664811875760807,1.3443328329164121,2.2644973219419198,0.018123815912398422,0.010834979979635673,0.006433879323798575,-0.026658456174323164,-0.028969252669334145,0.04345582827254901,3.0,0.003545687894985994,0.017172609303896857,0.5900109470575442,357.4382179190023,350.28945356062223,-0.020000000000000018,-40.000000000000036,1,1,SL,SL
AVGO,2019-07-03,2019-07-05,2019-07-08,-0.035350301176802046,0.03433639416419722,1.0295286397213494,1.2986029984743497,0.02191706821890116,0.005739763261442654,0.091978555193857,-0.010317659139858604,0.012258213914114524,0.03651066517877655,2.0,0.00799507420055523,0.04069215712007335,0.6406895822481916,23.849882055801586,23.372884414685554,-0.020000000000000018,-40.000000000000036,1,1,SL,SL
AAPL,2019-07-08,2019-07-09,2019-07-16,-0.020613902123569283,0.01734467159776213,1.1884861588402147,1.1040187806846167,0.00982742629500799,0.03294454631681765,0.06939520343046568,-0.013367429527009755,0.010610512964309704,0.0062382335545179135,2.0,-0.005495224803209742,0.032801186960532025,0.7450731655386311,47.60802314605108,48.87470626831055,0.02660650534414244,53.21301068828488,5,5,TIME,TIME
GE,2019-07-08,2019-07-09,2019-07-16,-0.028571277975936393,0.02330508917686142,1.2259673309597776,1.0597273234830367,-0.014499560611562878,0.011512705855240668,0.0686425356954945,-0.03954798810933868,-0.028571277975936393,-0.02578064919130485,4.0,-0.005495224803209742,0.032801186960532025,0.7450731655386311,48.828042379168,50.08251953125,0.025691735546973682,51.38347109394737,5,5,TIME,TIME
AMD,2019-07-11,2019-07-12,2019-07-15,-0.021604010726761325,0.03491487161035389,0.6187624278805804,1.0701011613692968,0.07106412669572593,0.12513276991760636,0.3324117976058014,0.03183521937008926,0.05995513969906696,0.10494656714539707,1.0,0.0023445197854583544,0.04015699381010629,0.8370771791513085,32.7599983215332,34.07039825439453,0.040000000000000036,80.00000000000007,1,1,TP,TP
PFE,2019-07-11,2019-07-12,2019-07-12,-0.024511880917683637,0.017350197463437526,1.4127724465002829,1.661243540497824,-0.011112847379080137,0.014740931266832069,0.019059312682206953,-0.0073899947850261105,-0.03198178094122783,-0.00023273774616794363,3.0,0.0023445197854583544,0.04015699381010629,0.8370771791513085,28.59733573685282,28.025389022115764,-0.020000000000000018,-40.000000000000036,0,0,SL,SL
PLD,2019-07-11,2019-07-12,2019-07-16,-0.024090509735660515,0.01968646649908925,1.223709177915448,1.135694177946596,0.0001728557911173656,0.042383901126133106,0.1690254892348857,-0.015672257942596413,-0.01912802317942297,0.03685684270942868,3.0,0.0023445197854583544,0.04015699381010629,0.8370771791513085,66.71319097704475,65.37892715750385,-0.020000000000000018,-40.000000000000036,2,2,SL,SL
UPS,2019-07-17,2019-07-18,2019-07-24,-0.03200464757698063,0.018627461854536172,1.7181432353429746,1.2956226913021849,-0.0014894763448818349,0.02116445318008675,-0.022761013500298133,-0.03474640917242855,0.006002752086247565,0.0022550237113796445,3.0,-0.0068048487450593775,0.032208703178453035,0.6347924342376736,75.3638516233146,78.37840568824718,0.040000000000000036,80.00000000000007,4,4,TP,TP
BA,2019-07-18,2019-07-19,2019-07-24,-0.022759295629015464,0.0179209361681791,1.269983633412382,1.0924004181003608,-0.003804309799077421,0.01456560931738915,-0.001890591853602075,-0.0013826894702164694,0.005877349407851007,0.018732086105378798,2.0,0.003660384769511804,0.035104674966314864,0.9275881608629761,364.0679776912637,356.78661813743844,-0.020000000000000018,-40.00000000000003,3,3,SL,SL
UNH,2019-07-18,2019-07-19,2019-07-22,-0.02268884270046556,0.021551886863464122,1.0527543525169885,1.4123613742510361,0.03490331759233145,0.05892936180399588,0.03583868597508855,-0.02015323289194182,-0.0021441703101535703,0.06276269672332102,2.0,0.003660384769511804,0.035104674966314864,0.9275881608629761,231.62141181641636,226.98898358008802,-0.020000000000000018,-40.00000000000004,1,1,SL,SL
BA,2019-07-24,2019-07-25,2019-07-25,-0.031200575796396457,0.0225335079093078,1.3846302103503643,1.5774703373137742,-0.0022677351261802814,0.010840339156046541,-0.0004251498592533487,-0.04221425412010049,-0.021893222998483064,0.025915478449100027,4.0,0.004699402173858003,0.0399007616898297,0.9707714982218465,349.83604146497765,342.8393206356781,-0.019999999999999907,-39.999999999999815,0,0,SL,SL
CAT,2019-07-24,2019-07-25,2019-08-01,-0.04482278006725071,0.022465767434043393,1.9951590881034729,2.865154558945959,-0.022450977629884683,0.023035626090497585,0.016955270758032936,-0.03171108691421487,-0.020666012947287538,0.0021485362447637435,3.0,0.004699402173858003,0.0399007616898297,0.9707714982218465,114.10647004702135,111.82434064608091,-0.020000000000000018,-40.000000000000036,5,5,SL,SL
GE,2019-07-25,2019-07-26,2019-07-31,-0.023408168444292943,0.02492810749684179,0.9390270981163967,1.1261047824991286,0.007340107192787881,0.029469126458073758,0.10269857013586403,0.021547550912739855,0.03677921171572973,0.03165171840785219,2.0,-0.0047769907884575025,0.03365146560317078,1.1345395961673874,50.51676047563464,49.506425266121944,-0.020000000000000018,-40.00000000000003,3,3,SL,SL
TSLA,2019-07-25,2019-07-26,2019-07-26,-0.13613708110635003,0.0381054405535581,3.5726415737145496,2.5484086584259598,-0.052707150640050715,0.03336468250369928,-0.1876843804185594,-0.10505318315648882,-0.09749934127861348,-0.0409890697772437,2.0,-0.0047769907884575025,0.03365146560317078,1.1345395961673874,15.128000259399414,14.825440254211426,-0.020000000000000018,-40.000000000000036,0,0,SL,SL
CRM,2019-07-29,2019-07-30,2019-08-01,-0.023504525008721022,0.0204532602893762,1.149182315003819,1.7510080545778988,-0.004188235702277998,0.009421534742818372,0.03975373784334346,-0.02215962153000428,-0.009448416952874905,-0.02154714552582926,3.0,-0.0018212157703654253,0.036290743308620144,0.7942953814660522,152.69823522334528,149.64427051887836,-0.02000000000000013,-40.000000000000256,2,2,SL,SL
KO,2019-07-31,2019-08-01,2019-08-05,-0.020290537774659945,0.017833436577052993,1.1377805779043508,1.4406319629726279,0.0019417542670188137,0.026002116449350465,0.0986416566899142,-0.028429024638273237,-0.021383481134551463,0.008623756266342486,4.0,-0.010940339592582893,0.020254618856731632,2.149624463419749,42.693687483991596,41.83981373431176,-0.020000000000000018,-40.000000000000036,2,2,SL,SL
LOW,2019-07-31,2019-08-01,2019-08-01,-0.022839099182144107,0.017331665733603858,1.3177671167441252,1.2902067492544482,-0.02182737649890132,0.014374878601959518,0.018571121871946206,-0.02057364937487871,-0.01361864070514951,-0.02843081162665384,3.0,-0.010940339592582893,0.020254618856731632,2.149624463419749,89.34310405685844,87.55624197572126,-0.020000000000000018,-40.000000000000036,0,0,SL,SL
MA,2019-07-31,2019-08-01,2019-08-02,-0.021175293462598943,0.0160581142344012,1.3186662613991897,1.9363540095288103,-0.016568257204928605,0.023683739987893304,0.19775709633664884,-0.034743464659726775,-0.02847488395098663,-0.010934732955771853,4.0,-0.010940339592582893,0.020254618856731632,2.149624463419749,263.24222005903135,257.9773756578507,-0.02000000000000013,-40.000000000000256,1,1,SL,SL
MSFT,2019-07-31,2019-08-01,2019-08-05,-0.029070367714223888,0.016207325856159832,1.7936560276645064,1.7300011698039974,-0.014678292317283792,0.01912448925695931,0.16845885112632164,-0.03587096346113505,-0.03162282671238004,0.0,4.0,-0.010940339592582893,0.020254618856731632,2.149624463419749,128.3929949491042,125.82513505012211,-0.020000000000000018,-40.000000000000036,2,2,SL,SL
ORCL,2019-07-31,2019-08-01,2019-08-02,-0.020699151940438143,0.015001782711272742,1.37977947946708,1.1211556803085012,-0.03669129324872766,0.011594573563404209,0.09296165970183456,-0.037606929609367845,-0.031147862703068907,-0.029143212606468905,3.0,-0.010940339592582893,0.020254618856731632,2.149624463419749,50.885695704634735,49.86798179054204,-0.020000000000000018,-40.00000000000003,1,1,SL,SL
AAPL,2019-08-01,2019-08-02,2019-08-05,-0.021639059363001478,0.019475569028043645,1.1110874004165185,2.2873462322318328,0.013148665294784312,0.05985384411243655,0.12209823533324249,-0.005961370641005104,0.006811054756670654,0.013468881292391766,2.0,-0.008707874872609822,0.01069662147864503,2.6622114387491544,49.12086584402196,48.13844852714151,-0.02000000000000013,-40.000000000000256,1,1,SL,SL
BAC,2019-08-01,2019-08-02,2019-08-05,-0.038787475655898795,0.020442757229436247,1.897370067088961,1.6470084381092895,-0.008906039969282187,0.027272165117329994,0.054283734907486725,-0.0337484731912836,-0.028015825168993813,0.0003393728405245433,3.0,-0.008707874872609822,0.01069662147864503,2.6622114387491544,24.768224350638366,24.272859863625598,-0.020000000000000018,-40.00000000000003,1,1,SL,SL
GS,2019-08-01,2019-08-02,2019-08-02,-0.03874997783858214,0.019136507392792886,2.0249242478371996,1.228037543924912,-0.014014000824857709,0.046872160540664565,0.07411069200468079,-0.0395790403574654,-0.03809435572736075,-0.013611736768669225,3.0,-0.008707874872609822,0.01069662147864503,2.6622114387491544,178.68237695148957,175.10872941245978,-0.020000000000000018,-40.00000000000003,0,0,SL,SL
JPM,2019-08-01,2019-08-02,2019-08-05,-0.026379485545526493,0.01619064986961529,1.6293036881139906,1.437608638592099,-0.01496652450852276,0.015549504614157827,0.06664981458172292,-0.025118601406645458,-0.02393922985198471,-0.015086901028263044,3.0,-0.008707874872609822,0.01069662147864503,2.6622114387491544,93.17852548885772,91.31495497908055,-0.02000000000000013,-40.000000000000256,1,1,SL,SL
NVDA,2019-08-01,2019-08-02,2019-08-05,-0.02252274516869457,0.029143965918598483,0.7728098925040767,1.1261485746552138,-0.021066264851570038,0.04964625829083813,-0.003670113489305016,-0.05663010736969254,-0.04879453311847648,-0.030908726309000545,3.0,-0.008707874872609822,0.01069662147864503,2.6622114387491544,4.000026702880859,3.920026168823242,-0.020000000000000018,-40.000000000000036,1,1,SL,SL
UPS,2019-08-01,2019-08-02,2019-08-05,-0.020841914810606488,0.02653689155418593,0.7853939775896203,1.2821610465780457,0.0760840237207625,0.13523894439777795,0.11871785541738356,-0.014905234281456736,-0.01073973738603462,0.13793793840004542,3.0,-0.008707874872609822,0.01069662147864503,2.6622114387491544,86.26429127767521,84.53900545212171,-0.019999999999999907,-39.999999999999815,1,1,SL,SL
AAPL,2019-08-02,2019-08-05,2019-08-05,-0.02115828463618641,0.021377488586110473,0.9897460382663243,1.647944409940393,-0.008237191616048967,0.035193055677403384,0.09867690183625344,-0.022799071921354996,-0.0179072120503998,0.0070587903464263135,3.0,-0.0075297694892956235,0.0025108575256700405,2.0541644530458587,47.31884611855073,46.372469196179715,-0.020000000000000018,-40.000000000000036,0,0,SL,SL
NVDA,2019-08-02,2019-08-05,2019-08-05,-0.022617369841766988,0.03099714040024685,0.7296598831286667,1.140380162217739,-0.043479685938507484,0.02471076545091533,-0.024039297816698557,-0.081276902119927,-0.07928255578307031,-0.04304267351891833,4.0,-0.0075297694892956235,0.0025108575256700405,2.0541644530458587,3.8166408797478337,3.740308062152877,-0.020000000000000018,-40.00000000000003,0,0,SL,SL
GOOGL,2019-08-05,2019-08-06,2019-08-13,-0.03474814294094941,0.0257841719229365,1.3476540198694125,1.359828770725024,-0.010630872180485307,0.027089459769829904,0.02632151170804553,-0.05208502613153898,-0.07012974230416269,0.013641124188572551,5.0,-0.030072795308905942,-0.027840319178840334,2.8157397839771856,57.763795962239634,59.310577392578125,0.026777697077761786,53.555394155523565,5,5,TIME,TIME
UPS,2019-08-05,2019-08-06,2019-08-07,-0.020051330335249307,0.028080118095085402,0.71407571247924,1.026600294268865,0.04319459355455879,0.10632667265861961,0.09809002275575862,-0.03867092152501339,-0.032842339084023786,0.10422072118807635,3.0,-0.030072795308905942,-0.027840319178840334,2.8157397839771856,85.49519415771002,83.78529027455582,-0.020000000000000018,-40.000000000000036,1,1,SL,SL
AMD,2019-08-12,2019-08-13,2019-08-14,-0.05147699304551312,0.05636315561380228,0.9133092795270563,1.5388454284623088,0.005924521677777239,0.02729963407197289,0.28245689035896926,0.11099690688041863,0.15862810183510923,-0.0313619848093466,1.0,-0.012173493169324812,-0.017344500308034472,0.8437376772028292,32.36000061035156,31.71280059814453,-0.020000000000000018,-40.000000000000036,1,1,SL,SL
AAPL,2019-08-14,2019-08-15,2019-08-19,-0.029764862380978974,0.03160186921909567,0.9418703107281176,1.1679231921627578,-0.007406376446312146,0.013271226554967708,0.09976424467852207,0.008756939298253386,0.022510188545733723,-0.044684625368231146,3.0,-0.02956758797673953,-0.03315476801550654,1.5857550840248933,48.81090128055658,50.76333733177884,0.040000000000000036,80.00000000000006,2,2,TP,TP
MRK,2019-08-14,2019-08-15,2019-08-21,-0.031133611231146885,0.020100971376352784,1.5488610300581362,1.1397984126193135,0.0014228523073513966,0.00042993406912272825,0.06461636955910177,-0.02478960731892832,-0.010089109094348903,0.0049402267666285304,2.0,-0.02956758797673953,-0.03315476801550654,1.5857550840248933,64.08447383712632,66.64785279061138,0.040000000000000036,80.00000000000007,4,4,TP,TP
COST,2019-08-23,2019-08-26,2019-08-27,-0.021112743632929365,0.020700455138713724,1.0199168806411694,1.0481555726348095,0.00016266363034445064,0.0051129396853328846,0.14621634645118098,0.0038102107578916744,-0.0003285090981909322,0.0002556837074529916,2.0,-0.025687379519416464,-0.03150685645584861,1.5679461462797262,249.9022632364218,259.89835376587865,0.040000000000000036,80.00000000000006,1,1,TP,TP
GOOGL,2019-08-23,2019-08-26,2019-09-03,-0.03184165810520567,0.02201965499519674,1.4460561762730368,1.2142708814801417,-0.03050849819269097,0.002285247665212431,0.0191344098611419,-0.025305633600751443,-0.021734897628916117,-0.029708175209077536,3.0,-0.025687379519416464,-0.03150685645584861,1.5679461462797262,57.462968111831145,57.963523864746094,0.008710927565398263,17.421855130796526,5,5,TIME,TIME
MA,2019-08-23,2019-08-26,2019-09-03,-0.03162733745135193,0.024954990846398177,1.2673752375235512,1.1262668908146112,-0.005343206842413961,0.0005757054717092647,0.16414614614612644,-0.0185896071380387,-0.009002992200555116,-0.01112965392517773,3.0,-0.025687379519416464,-0.03150685645584861,1.5679461462797262,264.1551406739882,269.1810302734375,0.019026279733287632,38.05255946657526,5,5,TIME,TIME
MCD,2019-08-23,2019-08-26,2019-09-03,-0.02200562083350155,0.016807292346670444,1.3092900616952083,1.1649815262807146,-0.007699085884811385,0.00982726764753239,0.11753295790170681,-0.017439467138475995,-0.017439467138475995,-0.029346588184055333,3.0,-0.025687379519416464,-0.03150685645584861,1.5679461462797262,182.31855702283906,184.17323303222656,0.010172722073239937,20.345444146479874,5,5,TIME,TIME
MRK,2019-08-23,2019-08-26,2019-09-03,-0.02052603746966697,0.018391096338864963,1.116085582472337,1.0813703378695811,0.0038349507154507023,0.012803614485203285,0.07723914126021869,-0.008289628757997547,-0.001410826671485954,-0.006782142451035478,3.0,-0.025687379519416464,-0.03150685645584861,1.5679461462797262,65.51164125568496,66.48609924316406,0.01487457753769128,29.74915507538256,5,5,TIME,TIME
NVDA,2019-08-23,2019-08-26,2019-08-27,-0.0527174367353781,0.04037096973481034,1.3058253760479248,1.2995579193383524,0.007608120568245447,0.003548842994067325,0.010140064809450955,-0.032346268887696206,0.018049966774400072,0.05357388775691674,2.0,-0.025687379519416464,-0.03150685645584861,1.5679461462797262,4.10971504663252,4.027520745699869,-0.020000000000000018,-40.000000000000036,1,1,SL,SL
UPS,2019-08-23,2019-08-26,2019-08-29,-0.03419530318103592,0.022367376769969777,1.5288025740660927,1.3010030014226655,-0.034554068169653895,0.030298540290240927,0.06693896325675053,-0.03268410223093399,-0.03486539540722966,-0.03044557312452012,3.0,-0.025687379519416464,-0.03150685645584861,1.5679461462797262,84.3052172592675,87.67742594963819,0.040000000000000036,80.00000000000007,3,3,TP,TP
BA,2019-09-03,2019-09-04,2019-09-11,-0.026559293271966267,0.02623602029551124,1.012321723066754,1.02810058164859,0.03492184054003977,0.0127470053615093,-0.008527996246691982,-0.015417878312188549,-0.012867593623506535,0.06183718222028478,2.0,-0.005847510517313137,-0.010986339721554272,0.8300645449197265,353.50151920518965,367.64157997339726,0.040000000000000036,80.00000000000007,5,5,TP,TP
AMT,2019-09-05,2019-09-06,2019-09-09,-0.02206840600464577,0.017194376618697653,1.283466478258244,1.362086358299294,0.03602454947902278,0.08976107103107722,0.23881655448590333,0.024154141992790867,0.02437618027723243,0.03681045707766706,2.0,0.012855193799233833,0.012583948195117989,1.0856264716875625,194.3940087405817,190.50612856577007,-0.020000000000000018,-40.000000000000036,1,1,SL,SL
AMT,2019-09-09,2019-09-10,2019-09-10,-0.03693181297884829,0.020640947936802292,1.7892498489858497,1.820331903535785,-0.018488742970088956,0.03116230475372661,0.17303261356401767,-0.07080930728539048,-0.026890528450051465,-0.011343012778351924,3.0,0.0005035110254738573,0.012892653147954292,0.7054687823633287,183.58474486260147,179.91304996534944,-0.020000000000000018,-40.000000000000036,0,0,SL,SL
LLY,2019-09-09,2019-09-10,2019-09-17,-0.02612844882582288,0.020064559151892876,1.302218933793915,1.531345040563447,-0.008662556096805551,0.0038071160263677406,-0.03833940410088055,-0.01924916594973125,-0.01681830910289661,0.014245561260295414,3.0,0.0005035110254738573,0.012892653147954292,0.7054687823633287,99.76065173080856,102.29217529296875,0.025375972572745153,50.75194514549031,5,5,TIME,TIME
MA,2019-09-09,2019-09-10,2019-09-10,-0.027524531587944545,0.020962770215731417,1.3130197633559368,1.599926607340934,0.016574555422103288,0.02664670532360014,0.19207580696370874,-0.009576934373135892,0.007072524983064765,0.04218634660487197,3.0,0.0005035110254738573,0.012892653147954292,0.7054687823633287,270.36309097208857,264.9558291526468,-0.020000000000000018,-40.000000000000036,0,0,SL,SL
V,2019-09-09,2019-09-10,2019-09-10,-0.02255855603131096,0.018180788878344633,1.2407908249889388,1.2331917261724032,0.012250016207274506,0.016089158891772648,0.1552547725264355,-0.0012100610784749888,0.004037309649060905,0.03606704875404132,2.0,0.0005035110254738573,0.012892653147954292,0.7054687823633287,170.65007587494048,167.23707435744168,-0.019999999999999907,-39.999999999999815,0,0,SL,SL
NKE,2019-09-10,2019-09-11,2019-09-18,-0.02075102475559165,0.020659369254266424,1.004436510146906,1.2360003180703267,0.03937322883343519,0.024906091173378053,0.05959601002253323,-0.017982456309232897,0.02551083134450649,0.058411124292131245,2.0,-0.00023496690684376986,0.012301868771073199,0.8016775336647054,77.94726750608909,78.95120239257812,0.012879667480461876,25.75933496092375,5,5,TIME,TIME
COST,2019-09-11,2019-09-12,2019-09-19,-0.021245877247701772,0.02277627770237216,0.9328072622458851,1.946943965014219,0.016849826631373466,0.0407301773631501,0.19933455146649726,-0.04302734578294054,-0.01833699092800789,-0.0035810475021753607,3.0,0.007111205034303181,0.019182861827917508,0.9691970115635664,263.70676952931535,261.42706298828125,-0.008644854074482455,-17.289708148964912,5,5,TIME,TIME
AVGO,2019-09-13,2019-09-16,2019-09-23,-0.034134163770117354,0.02669225650590424,1.2788039768225286,2.954948571698492,0.02027754263215753,0.021893617757834383,0.05552584183284259,-0.013992749539382676,-0.005446936643080602,0.02452604154783944,1.0,-0.00066334333116147,0.021538428497595463,0.9409802498814017,24.114743554463914,24.22292709350586,0.004486199025820481,8.972398051640964,5,5,TIME,TIME
COP,2019-09-17,2019-09-18,2019-09-24,-0.02095000662261859,0.02969386668754655,0.7055331271964291,1.9433973682845433,0.1283441215001011,0.09131676406435418,-0.010415007632152973,0.0864244293354548,0.0870030985332173,0.17640261110056166,2.0,0.0025319500339338052,0.020559834257174003,0.6464996538014657,46.78644642664056,45.85071749810775,-0.020000000000000018,-40.000000000000036,4,4,SL,SL
NVDA,2019-09-20,2019-09-23,2019-09-30,-0.02401913155100266,0.028275241347856625,0.8494757394112713,1.0345432601564204,-0.00791798115761333,0.02514833801978722,0.074879977544833,-0.04628028011812657,-0.050840828477658695,-0.0333611095441102,4.0,-0.004725223393128197,0.015814134725423257,1.3077162192291008,4.289898995536494,4.3239288330078125,0.007932549812180945,15.86509962436189,5,5,TIME,TIME
TSLA,2019-09-20,2019-09-23,2019-09-24,-0.024249895148037104,0.028907448549433036,0.8388805088269445,1.0862790795097126,0.039413141526545514,0.023604694159248485,-0.0897114590134307,-0.01703500338357855,-0.01867867642914922,0.0579027915068937,3.0,-0.004725223393128197,0.015814134725423257,1.3077162192291008,16.0,15.68,-0.020000000000000018,-40.000000000000036,1,1,SL,SL
MS,2019-09-24,2019-09-25,2019-10-01,-0.023415626889641716,0.023037138756382875,1.0164294766490467,1.1299927757788646,-0.007628269740523108,0.0030446868181466247,0.002569392913167823,-0.03362089950125413,-0.03777413633514248,-0.023864136097866417,4.0,-0.007847410312852854,0.007919464231853635,1.4747835981947117,34.22398682186647,33.539507085429136,-0.02000000000000013,-40.000000000000256,4,4,SL,SL
NVDA,2019-09-27,2019-09-30,2019-10-01,-0.03146494120876586,0.028536504875495895,1.1026207079685009,1.12227147329593,-0.029231653714011263,0.015566045546037577,0.06530995831165765,-0.004462982347453903,-0.00538558649469334,-0.05595260729312379,3.0,-0.00538708630847462,0.006470057474608826,1.2888542409340105,4.292382086045168,4.464077369486975,0.040000000000000036,80.00000000000007,1,1,TP,TP
ABBV,2019-10-01,2019-10-02,2019-10-09,-0.03288418736337595,0.021068662819225113,1.5608103677737533,1.2799440666742137,0.03137222573890952,0.07777088696122103,-0.02873483357061124,-0.010806468561574745,0.0038383921825739797,0.022765503751091876,2.0,-0.011894557349216184,-0.0007308856185755941,1.3340035420277543,54.722772897659006,55.03057098388672,0.005624679999373328,11.249359998746653,5,5,TIME,TIME
AAPL,2019-10-02,2019-10-03,2019-10-04,-0.025067658052573827,0.01847367880016461,1.3569391523874748,1.2085846758783263,-0.0021327959092046767,0.036925280451066245,0.15780978745684648,0.0006397573747043417,-0.009365235029767383,-0.017102788682186287,3.0,-0.017664853339403486,-0.017673779645359544,1.7522875353418992,52.402264876088374,54.49835547113191,0.040000000000000036,80.00000000000007,1,1,TP,TP
HD,2019-10-02,2019-10-03,2019-10-10,-0.02393119180371217,0.017044054223870876,1.4040786006298656,1.1457206234204098,-0.019021660300805765,0.02580301184210798,0.14398788350982916,-0.018750793686979517,-0.011179551995313841,-0.022874079330301167,2.0,-0.017664853339403486,-0.017673779645359544,1.7522875353418992,190.65699209242058,196.2581329345703,0.02937810347618708,58.75620695237416,5,5,TIME,TIME
LOW,2019-10-02,2019-10-03,2019-10-10,-0.028944230157030848,0.020175952913207354,1.4345904890610497,1.3276721947930343,-0.049516997085212955,0.0025586408911271175,0.03870698728477939,-0.029121679622422514,-0.03972884902274865,-0.05550595993603269,4.0,-0.017664853339403486,-0.017673779645359544,1.7522875353418992,93.32990608640682,95.00716400146484,0.017971280432931946,35.942560865863896,5,5,TIME,TIME
PEP,2019-10-02,2019-10-03,2019-10-10,-0.02496950454679403,0.0129535591819824,1.927617282323847,1.4109852216748768,-0.01427392086694279,0.01095591594387213,0.08873376327166405,-0.01224212945272618,-0.008513100883455138,-0.011513239180399704,2.0,-0.017664853339403486,-0.017673779645359544,1.7522875353418992,112.29872329314652,111.85254669189453,-0.00397312265151295,-7.9462453030259015,5,5,TIME,TIME
TSLA,2019-10-03,2019-10-04,2019-10-08,-0.041541666813759925,0.04020942272837902,1.0331326339694162,2.092985180035992,-0.027179168394971365,0.004886609477405379,-0.0991597366016772,-0.03254875242560973,-0.039289346759475374,-0.055028456503693146,4.0,0.008192715753583935,-0.008974667540147863,1.2177085124920046,15.440667152404785,16.058293838500976,0.040000000000000036,80.00000000000007,2,2,TP,TP
NVDA,2019-10-08,2019-10-09,2019-10-11,-0.03851790246998199,0.0330845117179145,1.1642276240433505,1.4149902958121718,-0.004907220808747614,0.04422833851936425,0.09109022336262229,-0.02250289700632979,0.018563509897302488,0.027241749624375977,2.0,-0.015524707493282719,-0.01385192130680346,1.3090417449130183,4.479180201486422,4.658347409545879,0.040000000000000036,80.00000000000007,2,2,TP,TP
META,2019-10-18,2019-10-21,2019-10-22,-0.023845439889787046,0.021787896352940206,1.0944351626938587,1.2983149957682543,0.02230836797851965,0.010049054664621693,0.04238141803069628,-0.016093929470591406,0.009012706423494166,0.029925469742278166,2.0,-0.0043773382977192465,0.015413415457744772,0.9307592902236694,185.4117852721347,181.703549566692,-0.020000000000000018,-40.00000000000004,1,1,SL,SL
NKE,2019-10-23,2019-10-24,2019-10-25,-0.03430965397783703,0.016851283831340814,2.0360261165399347,1.9093347583692193,-0.013743692091482629,0.04326302288682027,0.08752588834983355,-0.03933416825058855,-0.026981474457630772,-0.002161650858381603,2.0,0.002909645487731538,0.019792428006932372,0.5311310612223473,83.0744181882655,81.41292982450018,-0.020000000000000018,-40.000000000000036,1,1,SL,SL
PLD,2019-10-28,2019-10-29,2019-11-05,-0.05469953127476357,0.01800477123795415,3.038057554402951,6.125920329643091,-0.020392749684624345,0.006159346755798989,0.11719646057879207,-0.06509190668141895,-0.05219580101476662,-0.004289404449921097,2.0,0.005636234680652885,0.027800418473805433,0.6888083233579761,71.30789884893439,71.22498321533203,-0.0011627832952701977,-2.3255665905403955,5,5,TIME,TIME
AAPL,2019-10-29,2019-10-30,2019-10-31,-0.023128066418027893,0.01537265138539198,1.5044943021348662,1.407076261895019,0.036383421757624435,0.0908396825123936,0.23482332903586722,-0.0011907738365295462,0.013877326585269856,0.03386879237577323,1.0,-0.0002964000593244087,0.026645235326203887,0.750713548185205,58.718945163935885,57.54456626065716,-0.020000000000000018,-40.000000000000036,1,1,SL,SL
GOOGL,2019-10-29,2019-10-30,2019-11-06,-0.021970780149839775,0.01545221394750053,1.4218532195118652,2.0328866341583947,0.02406726503003198,0.03545367028976898,0.07816538166018416,0.0012311141592311614,0.01567842123987795,0.014828140565771086,1.0,-0.0002964000593244087,0.026645235326203887,0.750713548185205,62.20590734537087,63.983154296875,0.028570388687311432,57.14077737462286,5,5,TIME,TIME
TSLA,2019-10-29,2019-10-30,2019-11-06,-0.03506152059118439,0.04205481716603444,0.8337099755483379,1.224878229665996,0.20429435212301783,0.29453095891854697,0.24893237045152317,0.055192215435948544,0.2372641780313347,0.2261816710153164,3.0,-0.0002964000593244087,0.026645235326203887,0.750713548185205,20.866666793823242,21.701333465576173,0.040000000000000036,80.00000000000007,5,5,TP,TP
NEE,2019-11-04,2019-11-05,2019-11-07,-0.025921552042834084,0.015881621672068535,1.6321728711384091,1.7928443935317153,-0.014423026177530662,0.0066394669352405344,0.129109797315474,-0.02488739892580283,-0.015563904786752514,-0.01374555337662231,3.0,0.004017470877017759,0.036060290308130405,1.1042180243434134,47.716023942729606,46.761703463875016,-0.020000000000000018,-40.00000000000003,2,2,SL,SL
XOM,2019-11-06,2019-11-07,2019-11-12,-0.021890562918291834,0.016665681919829083,1.3135113836683818,1.2662310345794654,0.03312997850502475,0.02282886926124328,-0.029840786077404147,0.027155235024628244,0.055670692263973365,0.02494631337146358,2.0,0.0002285850290832947,0.03223487263089675,0.9034628847256952,52.807972816927645,51.75181336058909,-0.020000000000000018,-40.000000000000036,3,3,SL,SL
NFLX,2019-11-13,2019-11-14,2019-11-15,-0.03047838714898643,0.02812132964823929,1.0838174272067083,1.0418851741044513,-0.0034215175187392033,0.007475224834978311,-0.1471405865689316,-0.029015288815448015,-0.018988822985630205,-0.028615529960196007,2.0,0.00032337917078839595,0.03260016633035656,1.1020515241284872,28.325000762939453,29.458000793457032,0.040000000000000036,80.00000000000009,1,1,TP,TP
NVDA,2019-11-15,2019-11-18,2019-11-18,-0.02669360363511819,0.025088704222297746,1.0639690036839,3.201617539633246,-0.001181408370426018,0.0717497740599089,0.19682643747726192,-0.025857418881101046,-0.017278063387575093,0.007897553528410262,2.0,0.007236476711870221,0.03962728226800327,1.2635960606287178,5.064662094642309,5.267248578428002,0.040000000000000036,80.00000000000007,0,0,TP,TP
NVDA,2019-11-19,2019-11-20,2019-11-25,-0.0202089229286756,0.027236857259640472,0.7419697043616389,1.1877923538037582,0.010327249073042832,0.08524829505951992,0.21475342745567727,-0.008580142437501603,-0.007728396088335754,-0.007728396088335754,3.0,-0.00028800877461698793,0.03799255352194586,1.3412209328316433,5.143656035633732,5.349402277059082,0.040000000000000036,80.00000000000007,3,3,TP,TP
ABBV,2019-11-20,2019-11-21,2019-11-29,-0.020444995124107135,0.02364024491616113,0.8648385495418606,1.3372187244868317,0.04732778119870318,0.13092585173133475,0.17889381580956543,-0.01613430187136744,0.006230706746241488,0.06237792453341329,1.0,-0.0037188750896309797,0.0333140141116679,1.503701392008205,66.10841947177558,66.82441711425781,0.010830657398910093,21.661314797820186,5,5,TIME,TIME
AMD,2019-11-21,2019-11-22,2019-11-22,-0.03562711324503309,0.03341888639440332,1.0660772122855533,1.328208577975401,0.08060812440811271,0.21160840151000393,0.33626149301448427,-0.009027096306659543,0.03050852751486044,0.08930545169465942,2.0,-0.0016088778096223777,0.03094093192377878,1.016682122030794,39.36000061035156,38.57280059814453,-0.020000000000000018,-40.000000000000036,0,0,SL,SL
TSLA,2019-11-22,2019-11-25,2019-11-25,-0.06140963459164972,0.03189448121342479,1.9254000145267023,1.9201017947817656,-0.007830622457881686,0.17245480178898953,0.30332602921371055,-0.07365375272508212,-0.05432035819613146,-0.012161087287168248,3.0,0.0022237012920824917,0.032461284607841145,0.8344226360642367,22.954666137695312,22.495572814941404,-0.02000000000000013,-40.000000000000256,0,0,SL,SL
ADBE,2019-12-02,2019-12-03,2019-12-09,-0.021904173443722308,0.014179553290337089,1.544771756572141,1.293040415898038,0.020139979015816545,0.07085354319356085,0.07718822970934713,-0.01672619031689815,0.011526937346277855,0.01764705882352935,1.0,-0.008494353724777581,0.029736464644483984,1.4546256692345898,298.239990234375,310.16958984375003,0.040000000000000036,80.00000000000007,4,4,TP,TP
HON,2019-12-02,2019-12-03,2019-12-10,-0.02369071995222638,0.014483834697049959,1.635666275385735,1.1224037899005228,-0.025919933729272704,0.018399269643782468,0.04976192057593076,-0.023527050442178066,-0.013971147915820548,-0.040880417866431595,3.0,-0.008494353724777581,0.029736464644483984,1.4546256692345898,148.53049837851393,149.7870330810547,0.008459775711104234,16.919551422208468,5,5,TIME,TIME
NVDA,2019-12-02,2019-12-03,2019-12-04,-0.0345572625645173,0.027994421855320053,1.2344338719733212,1.0041191892899999,-0.007476208827678632,0.06228335484292957,0.20513546193642562,-0.03500290464202227,-0.007044584907719642,0.025537191139302973,3.0,-0.008494353724777581,0.029736464644483984,1.4546256692345898,5.018187542678605,5.21891504438575,0.040000000000000036,80.00000000000006,1,1,TP,TP
CAT,2019-12-03,2019-12-04,2019-12-11,-0.020285128671286845,0.01776280448944615,1.1420003346509469,1.3045553771797942,-0.0327646852186837,0.03277133580618763,0.07356993101072562,-0.038643607168013405,-0.04343658178881926,-0.024583638257098195,5.0,-0.006706767862141749,0.022064332737839587,1.401625992835077,123.68915505359777,126.33870697021484,0.02142105276302475,42.842105526049494,5,5,TIME,TIME
GS,2019-12-03,2019-12-04,2019-12-06,-0.02481175546357084,0.014420086051485165,1.7206385159550006,1.6055770410142804,-0.03004106267499207,0.0038161274177028748,0.049155636084757814,-0.04267031267906607,-0.04181073334432828,-0.028641340023032424,4.0,-0.006706767862141749,0.022064332737839587,1.401625992835077,182.49256261875166,189.79226512350175,0.040000000000000036,80.00000000000007,2,2,TP,TP
CRM,2019-12-04,2019-12-05,2019-12-12,-0.03181279596379105,0.020502080914673676,1.5516861969373124,3.3324130340582485,-0.03358019756455599,0.01132428765748239,0.007434993902917908,-0.03965859239165914,-0.03759044567099912,-0.04592576448897834,3.0,0.006170134371525471,0.027312995785013117,0.9249632078357274,153.0914461507613,155.89297485351562,0.018299707613941063,36.599415227882126,5,5,TIME,TIME
NFLX,2019-12-10,2019-12-11,2019-12-17,-0.031008255383199845,0.024975145365334548,1.2415645606707555,1.7369785880800237,-0.03534522070085899,0.011145655089698003,-0.10521997790917914,-0.03216004246221926,-0.042592075394846884,-0.07108223764300425,4.0,-0.0011151952534957932,0.029555482703360392,1.0002176170242434,29.448999404907227,30.626959381103518,0.040000000000000036,80.00000000000009,4,4,TP,TP
META,2019-12-12,2019-12-13,2019-12-18,-0.027242170843936542,0.016503884304733825,1.6506520732287637,1.9396508925860745,-0.01142825437401751,0.024350103704576798,0.05935680034063551,-0.02279735981721931,-0.013091821416187366,-0.0259901085351395,2.0,0.008619251545071815,0.03795201022082306,1.7490666026240826,194.69030084143077,202.477912875088,0.040000000000000036,80.00000000000007,3,3,TP,TP
AMD,2019-12-13,2019-12-16,2019-12-20,-0.03381072133246954,0.027616712052358435,1.2242848195819944,1.5264707104070907,0.03538945962786544,0.15613923717218414,0.3370439626542454,0.04335707298965019,0.03835479224820415,0.0510855663358778,2.0,0.0005989873231324605,0.03674817360366145,1.4394040340061034,41.72999954223633,43.39919952392578,0.040000000000000036,80.00000000000009,4,4,TP,TP
AVGO,2019-12-13,2019-12-16,2019-12-18,-0.037766854740603595,0.019232856757364632,1.9636632881457892,3.1068199233716474,0.0012316437842443406,0.04507729979575004,0.09635692621308234,0.0011427115202400362,-0.001993356521358125,-0.002498467069467547,2.0,0.0005989873231324605,0.03674817360366145,1.4394040340061034,26.98159399750505,28.060857757405255,0.040000000000000036,80.00000000000009,2,2,TP,TP
TSLA,2019-12-30,2019-12-31,2019-12-31,-0.03643287242176041,0.031983533186721966,1.139113437188534,1.279142739398448,0.10391497161969565,0.2054083519780785,0.5692353118638624,-0.02480892033640647,0.02246113575535902,0.15711931987502803,2.0,-0.005513202453450772,0.03592390857902017,0.8098552355531743,27.0,28.080000000000002,0.040000000000000036,80.00000000000007,0,0,TP,TP
BAC,2020-01-03,2020-01-06,2020-01-13,-0.020763143672748008,0.012484615750955141,1.6630983353379951,1.1482432183617128,0.006503409845799002,0.04613215793962899,0.1773167012919823,-0.007112478866447169,-0.017454632452408858,-0.005981020768682788,3.0,-0.00757257610320472,0.03510132489762152,1.2705477682679347,29.379282245227124,29.93425941467285,0.018890086041359666,37.78017208271933,5,5,TIME,TIME
MRK,2020-01-07,2020-01-08,2020-01-15,-0.026625969457181098,0.012523991555687689,2.125997078390642,1.4311862119336949,-0.011504718590691354,0.026135234139192054,0.07996429415063178,-0.030856565335295683,-0.020103769735680732,-0.025988249680104047,3.0,-0.0028119225017524396,0.03287530326035282,0.6586057540425522,69.28445947041209,71.18978881835938,0.027500096883356084,55.00019376671217,5,5,TIME,TIME
COP,2020-01-08,2020-01-09,2020-01-16,-0.02316513575531598,0.016993734177650276,1.3631574739931012,1.1370092549717026,0.012212295609636215,0.0664643348552334,0.09812648619164266,-0.011567586989692291,-0.0013840267765167225,0.005263375067390275,1.0,0.005329521799543047,0.0367657473201608,1.0813010253962299,50.730843291014565,51.12367248535156,0.007743399653018956,15.486799306037915,5,5,TIME,TIME
TSLA,2020-01-09,2020-01-10,2020-01-13,-0.021945011900097344,0.03523200424181829,0.6228715161781776,2.071248791060255,0.15426347480779046,0.3072012226290459,0.7774035466036364,0.06599633631421509,0.1187188873063767,0.13189884122685247,1.0,0.006781009129400717,0.04214206034675305,0.7700026011830419,32.11933135986328,33.40410461425781,0.040000000000000036,80.00000000000007,1,1,TP,TP
UNH,2020-01-13,2020-01-14,2020-01-15,-0.0314438623561597,0.015570133152239133,2.019498616274696,2.2758262799062328,-0.023010645369069715,0.027898064792647226,0.15330087305760953,-0.03396418984507099,-0.019550624947061168,-0.034192640035845656,3.0,0.006877200166973019,0.04300944716144728,0.7787190350702892,255.52867055605617,265.7498173782984,0.040000000000000036,80.00000000000007,1,1,TP,TP
TSLA,2020-01-15,2020-01-16,2020-01-16,-0.03610201351305786,0.039138996105761006,0.9224051995483828,1.0819791307500466,0.15899976570127827,0.34948301852064634,0.8820636934853725,0.08438770040772936,0.05356194852321372,0.23945209354347674,3.0,0.0022595988731453076,0.040519667181107,1.2213234560677817,32.91666793823242,34.23333465576172,0.040000000000000036,80.00000000000007,0,0,TP,TP
MS,2020-01-21,2020-01-22,2020-01-23,-0.027647607144131503,0.02060343655090813,1.341892993230437,2.142380445568735,0.06936919964669674,0.10530411942946283,0.24144047945110314,0.056289954222728866,0.059492107785799275,0.0960403655126334,1.0,-0.0019578610055853707,0.04526464080333459,1.2817429319187004,45.742182225240796,44.82733858073598,-0.019999999999999907,-39.999999999999815,1,1,SL,SL
NFLX,2020-01-22,2020-01-23,2020-01-23,-0.035816814656217444,0.027900976271679208,1.283711878303455,3.464695738966347,-0.021056341535295564,0.029776932053643845,0.009653917224294428,-0.037268946187330454,-0.03746792130025667,-0.01436136894517015,3.0,0.00012066102840790904,0.043766088704126904,0.8775185092828964,32.604000091552734,33.908160095214846,0.040000000000000036,80.00000000000007,0,0,TP,TP
AMD,2020-01-24,2020-01-27,2020-01-28,-0.026300534411727305,0.027010931064321675,0.973699660670612,1.5378251544146189,0.033615574467900755,0.15054152766496354,0.49087997301102826,-0.0137120621626039,0.011653566626940837,0.02818046189540513,1.0,-0.008892785166620398,0.03266319003155038,1.4829628031658566,48.45000076293945,50.38800079345703,0.040000000000000036,80.00000000000007,1,1,TP,TP
LOW,2020-01-24,2020-01-27,2020-02-03,-0.020210243199737632,0.015975743122467818,1.2650580974423993,1.076068857149558,0.00034129379151237593,0.018583255874457638,0.11045554384114475,-0.00578832351698233,0.012600428533736219,-0.010463938286819463,2.0,-0.008892785166620398,0.03266319003155038,1.4829628031658566,104.82524463147305,103.876708984375,-0.009048732969169415,-18.09746593833883,5,5,TIME,TIME
PFE,2020-01-24,2020-01-27,2020-01-28,-0.0218616783469463,0.015049850753836556,1.4526176175782508,1.8184517966353746,0.005225676168608029,0.027236615536984754,0.029578648718699974,-0.012890556689823529,-0.0194529872943755,0.023913707192193767,4.0,-0.008892785166620398,0.03266319003155038,1.4829628031658566,26.76669614636326,26.231362223435994,-0.020000000000000018,-40.00000000000003,1,1,SL,SL
UNH,2020-01-24,2020-01-27,2020-01-27,-0.022206597453980348,0.02009590671255609,1.1050308787562932,1.077803431625334,-0.005937709230227295,0.026316567581359696,0.1713172387681623,-0.02568790533701637,-0.02636827459571156,-0.0047924363462341635,3.0,-0.008892785166620398,0.03266319003155038,1.4829628031658566,257.6760324161588,252.52251176783562,-0.020000000000000018,-40.000000000000036,0,0,SL,SL
AAPL,2020-01-27,2020-01-28,2020-01-29,-0.02940518169893125,0.01806578802557032,1.6276722419919436,1.2358239681167489,0.004748083625067734,0.08320956626901665,0.353162499972139,-0.027541771540462112,-0.030684411168364067,-0.0044467784789530285,3.0,-0.016029658891384302,0.015088924883544186,1.3621315834098084,75.21917734131473,78.22794443496733,0.040000000000000036,80.00000000000007,1,1,TP,TP
GOOGL,2020-01-27,2020-01-28,2020-02-04,-0.02348964820072741,0.014071906548112356,1.669258399380031,1.1116249682458004,0.008301163899729458,0.049228471185408296,0.16396293186258015,-0.035137808896945844,-0.03230093559852498,0.0019384815960057367,2.0,-0.016029658891384302,0.015088924883544186,1.3621315834098084,71.45341176845339,71.63529968261719,0.002545545547260941,5.091091094521882,5,5,TIME,TIME
MA,2020-01-27,2020-01-28,2020-02-04,-0.024407828504382945,0.01701858205485076,1.434186962563432,1.2187703186522787,0.01540287839538701,0.059601670699047204,0.1535541940160856,-0.026332923112986406,-0.02437746620409187,0.014782602056786942,3.0,-0.016029658891384302,0.015088924883544186,1.3621315834098084,304.25240931617697,316.42250568882406,0.040000000000000036,80.00000000000007,5,5,TP,TP
MS,2020-01-27,2020-01-28,2020-01-31,-0.02639779626287808,0.02389922618534677,1.1045460659752762,1.0525962033155134,0.000480294666634018,0.040246545021301205,0.17329242116953747,-0.04923030263686079,-0.07650856046730758,0.0172379259856974,5.0,-0.016029658891384302,0.015088924883544186,1.3621315834098084,43.80437094274787,42.928283523892915,-0.020000000000000018,-40.000000000000036,3,3,SL,SL
NVDA,2020-01-27,2020-01-28,2020-01-31,-0.041040928200699045,0.026022923283375552,1.577106759059524,1.6690503351324355,-0.01351366543014676,0.05077037731924605,0.2933600037803088,-0.03962243009318911,-0.03642444213475193,-0.01686296499322515,3.0,-0.016029658891384302,0.015088924883544186,1.3621315834098084,6.036886854345319,5.916149117258413,-0.020000000000000018,-40.000000000000036,3,3,SL,SL
AMD,2020-01-29,2020-01-30,2020-01-30,-0.05976648586425504,0.03608263623084819,1.656378028531041,1.9906560453363238,-0.0335835557548515,0.0686874836136433,0.39361676968989046,-0.0564051685929563,-0.07622014311456415,-0.014519825269295739,3.0,-0.0008258083176299058,0.022448131564082097,0.8555533955041807,46.4900016784668,48.34960174560547,0.040000000000000036,80.00000000000006,0,0,TP,TP
META,2020-01-30,2020-01-31,2020-01-31,-0.06137158450389313,0.022124345103060956,2.7739390349412973,3.087499568767295,-0.03611178964281758,0.009105325773464124,0.08890604842422745,-0.024852109410488654,-0.046550705727935626,-0.05254344276769163,3.0,0.003245280914632165,0.024649048767512838,1.1812590960962421,206.6155751830227,202.48326367936227,-0.019999999999999907,-39.99999999999981,0,0,SL,SL
AAPL,2020-01-31,2020-02-03,2020-02-04,-0.04433860439616921,0.02228406583299166,1.9896999375457645,1.4261968137368743,-0.009550485421141675,0.06902328009735914,0.3412948298998699,-0.025748074136632604,-0.02764578153854036,-0.01817631191531288,3.0,-0.018157698027783553,0.005337291612936834,1.7082999275388742,73.2219921031148,76.1508717872394,0.040000000000000036,80.00000000000007,1,1,TP,TP
AMD,2020-01-31,2020-02-03,2020-02-04,-0.036490340792143305,0.03837386597978308,0.9509164599513613,1.0513241722001176,-0.04475426806088545,0.049032212056312696,0.37051212031756364,-0.0698594669419067,-0.0665342318896579,-0.05565602636701561,3.0,-0.018157698027783553,0.005337291612936834,1.7082999275388742,46.400001525878906,48.25600158691407,0.040000000000000036,80.00000000000007,1,1,TP,TP
BLK,2020-01-31,2020-02-03,2020-02-06,-0.022865190576974337,0.0209416697289728,1.091851360130102,1.0233839431312635,0.005319593261512878,0.04071627221823193,0.14561118627319947,-0.0049438547820422896,-0.01767767422189126,-0.014299146914677152,2.0,-0.018157698027783553,0.005337291612936834,1.7082999275388742,453.4809788534894,471.620218007629,0.040000000000000036,80.00000000000007,3,3,TP,TP
GE,2020-01-31,2020-02-03,2020-02-06,-0.021995355038210374,0.030923725310033814,0.7112776619792812,1.1096970982271184,0.041187448779337776,0.0820312879799121,0.23119391089746255,0.06138090367550575,0.06319370145125847,0.051520094430936636,3.0,-0.018157698027783553,0.005337291612936834,1.7082999275388742,60.23787244901285,62.64738734697336,0.040000000000000036,80.00000000000009,3,3,TP,TP
GS,2020-01-31,2020-02-03,2020-02-10,-0.02613357614586309,0.02268889636145091,1.1518222715435729,1.0381651173778192,-0.01791102758721752,0.02780139482560373,0.13009366306102543,-0.0199108115410781,-0.0172373862379005,-0.04793366767285023,3.0,-0.018157698027783553,0.005337291612936834,1.7082999275388742,203.7038954474705,202.84925842285156,-0.004195486898969647,-8.390973797939294,5,5,TIME,TIME
HD,2020-01-31,2020-02-03,2020-02-07,-0.020146680488660307,0.01542870762434198,1.3057918381235476,1.136765681235448,0.002298208717603778,0.02972220866642461,0.06021603530405595,-0.024630095242642147,-0.016810306065833225,-0.003146545556058644,3.0,-0.018157698027783553,0.005337291612936834,1.7082999275388742,196.39623009513414,204.25207929893952,0.040000000000000036,80.00000000000007,4,4,TP,TP
LLY,2020-01-31,2020-02-03,2020-02-05,-0.02123794419666658,0.018153851518475584,1.1698864108837865,1.0515638435081684,0.008802764575670752,0.08137911202613468,0.20416946971823746,0.002728698793997175,0.004098461678482712,-0.012656437121648989,2.0,-0.018157698027783553,0.005337291612936834,1.7082999275388742,130.10975579730174,135.3141460291938,0.040000000000000036,80.00000000000007,2,2,TP,TP
MA,2020-01-31,2020-02-03,2020-02-04,-0.02625904801029688,0.019427305362565324,1.351656728518599,1.4300578878054213,0.0027057437996684808,0.04869035513747244,0.14725043575424412,-0.013520017090534298,-0.023882491206618894,-0.013612306248755202,2.0,-0.018157698027783553,0.005337291612936834,1.7082999275388742,307.14266130730743,319.4283677595997,0.040000000000000036,80.00000000000007,1,1,TP,TP
MS,2020-01-31,2020-02-03,2020-02-05,-0.028985757927226907,0.02821986542513397,1.0271401897406214,1.0308429067159732,-0.017644740154596827,0.02252235660639834,0.15776600027304322,-0.026231633797368814,-0.03569246107425916,-0.06798413020444394,3.0,-0.018157698027783553,0.005337291612936834,1.7082999275388742,43.14117742321811,44.866824520146835,0.040000000000000036,80.00000000000007,2,2,TP,TP
NVDA,2020-01-31,2020-02-03,2020-02-04,-0.03815942465535349,0.029951406242516476,1.2740445088413115,1.2582466070956657,-0.03520802815484403,0.021627071597793757,0.2654473207907311,-0.04653781573190019,-0.056092270523335874,-0.05021479156726183,3.0,-0.018157698027783553,0.005337291612936834,1.7082999275388742,5.859149408225992,6.093515384555032,0.040000000000000036,80.00000000000007,1,1,TP,TP
PLD,2020-01-31,2020-02-03,2020-02-03,-0.03461195157771657,0.01937985391992826,1.7859758758101463,1.8109604748765435,0.0019360688831848716,0.023798954567243236,0.11431018630387779,-0.028045499239248484,-0.03400976583009552,-0.005034961993105491,3.0,-0.018157698027783553,0.005337291612936834,1.7082999275388742,78.00010546784331,76.44010335848644,-0.02000000000000013,-40.000000000000256,0,0,SL,SL
V,2020-01-31,2020-02-03,2020-02-10,-0.04437823967110799,0.01979119060470367,2.2423228878691535,1.905294335093396,-0.001791017424708219,0.04530698346292317,0.12238680885412889,-0.019127338661536264,-0.029414758659341733,-0.009852862967276388,2.0,-0.018157698027783553,0.005337291612936834,1.7082999275388742,190.49618608169962,196.2604522705078,0.030259220971153855,60.51844194230772,5,5,TIME,TIME
GOOGL,2020-02-04,2020-02-05,2020-02-05,-0.02508429059259676,0.01989255891184286,1.2609886291533388,2.578611616123584,-0.0017662033816326916,0.04623352867654118,0.16867183994801493,-0.006078563069736309,-0.003509173360168538,-0.02485404562654081,3.0,0.01524103884368544,0.02609169095973418,0.9401408651738368,72.53728878225081,71.0865430066058,-0.020000000000000018,-40.000000000000036,0,0,SL,SL
TSLA,2020-02-05,2020-02-06,2020-02-06,-0.1717583947927872,0.08121195267518971,2.114939847336776,1.9052471630097867,0.25485386425097123,0.5906232976660595,1.4510093938417215,0.12931733795621358,0.26456566461181596,0.28994302970036623,1.0,0.011548257927745942,0.036383066280938126,0.9722999389871693,46.66133117675781,48.52778442382812,0.040000000000000036,80.00000000000007,0,0,TP,TP
MSFT,2020-02-11,2020-02-12,2020-02-12,-0.0225753247893018,0.023859808041001417,0.9461653987537401,1.6694079321834725,0.07345216586362713,0.13736855993887143,0.29446118647707586,0.004411338075938742,0.023984170016806416,0.11471071633657925,2.0,0.0017334165762761256,0.03814328925244759,0.8121167472314841,175.09392315032483,171.59204468731832,-0.020000000000000018,-40.000000000000036,0,0,SL,SL
NEE,2020-02-19,2020-02-20,2020-02-25,-0.026131277430733846,0.014856780660440277,1.7588788599615397,2.4015071631154097,0.02090325225506806,0.08662341966442422,0.2227264325209195,-0.0029045451388437504,0.00925935462401939,0.03829256504890077,2.0,0.004781123911614893,0.038942819966511166,0.7762302107983247,58.208511579018406,57.044341347438035,-0.020000000000000018,-40.00000000000004,3,3,SL,SL
AMD,2020-02-20,2020-02-21,2020-02-21,-0.027674041186553477,0.03558332053251152,0.7777250906437596,1.2357747732136608,0.10736213012372664,0.18595001548687917,0.5938040200922097,0.03543661247166652,0.06272037681196352,0.1490770522156586,1.0,-0.004108249509883644,0.03317582907841099,1.1561059659098438,56.709999084472656,55.5757991027832,-0.020000000000000018,-40.000000000000036,0,0,SL,SL
MS,2020-02-20,2020-02-21,2020-02-21,-0.0454625785606213,0.021820620133436355,2.0834686769950093,5.563441828060673,-0.015129146595985854,0.019584334563099715,0.17632818069928935,-0.037428246862800774,-0.043253649438641295,-0.022549626394819167,4.0,-0.004108249509883644,0.03317582907841099,1.1561059659098438,43.84598166529225,42.969062031986404,-0.020000000000000018,-40.000000000000036,0,0,SL,SL
AMD,2020-02-21,2020-02-24,2020-02-24,-0.0696700130360467,0.041452164947120784,1.680732794654333,1.413404098196335,0.028650846896900006,0.09680631260805539,0.47729159878662886,-0.06345580328848499,-0.022923162075598302,0.08029195273673584,2.0,-0.010298535002171594,0.02121199390695505,1.692255137040034,48.18000030517578,50.10720031738281,0.040000000000000036,80.00000000000007,0,0,TP,TP
AMZN,2020-02-21,2020-02-24,2020-02-25,-0.026533823330561868,0.021124557649205133,1.2560652758359783,1.0213915616433538,0.02722756173012786,0.09115048316478802,0.13414942458707624,-0.027694411405807973,-0.025071280597851353,0.02230971763465872,3.0,-0.010298535002171594,0.02121199390695505,1.692255137040034,100.15899658203125,98.15581665039062,-0.020000000000000018,-40.00000000000004,1,1,SL,SL
GOOGL,2020-02-21,2020-02-24,2020-02-25,-0.02210309847463532,0.019389549193257243,1.1399490650521014,1.1755728567636912,0.0011370710296949582,0.03954139791489708,0.18369600643707962,-0.02367977642779906,-0.01977677093774388,0.005074521540120447,2.0,-0.010298535002171594,0.02121199390695505,1.692255137040034,70.5271320778335,69.11658943627683,-0.020000000000000018,-40.000000000000036,1,1,SL,SL
MSFT,2020-02-21,2020-02-24,2020-02-24,-0.03161274388737956,0.02542831771975689,1.2432101972210923,1.3699112298786549,0.002764177424815939,0.07259785728407797,0.2392129455665537,-0.043541234415192864,-0.025214871865659627,-0.024789909231487606,2.0,-0.010298535002171594,0.02121199390695505,1.692255137040034,158.72259003491985,155.54813823422145,-0.020000000000000018,-40.000000000000036,0,0,SL,SL
NVDA,2020-02-21,2020-02-24,2020-02-24,-0.04739229061578065,0.03674048316582185,1.2899201788360732,1.6656771798019783,0.11211109755170656,0.18372125333021927,0.5225903718943545,-0.008429768048947017,0.08601058306905895,0.15661763252444016,2.0,-0.010298535002171594,0.02121199390695505,1.692255137040034,6.716517900503646,6.985178616523792,0.040000000000000036,80.00000000000007,0,0,TP,TP
ADBE,2020-02-24,2020-02-25,2020-02-25,-0.041667805433118876,0.02378619937818241,1.7517639018589133,1.569452471467682,-0.024061898130160686,0.03059044514093001,0.1837880659654072,-0.06749633479331163,-0.05862988642336364,-0.023709996893140572,4.0,-0.03316537156396204,-0.013286820766259866,2.27153591562533,361.0,353.78,-0.02000000000000013,-40.00000000000026,0,0,SL,SL
AMD,2020-02-24,2020-02-25,2020-02-25,-0.07807807700304548,0.05066309489222742,1.5411233200248882,1.3797205648590878,-0.05053688816417179,0.007155873386490708,0.3578006217049221,-0.16604418235366425,-0.11191470417130345,-0.012266250069708495,3.0,-0.03316537156396204,-0.013286820766259866,2.27153591562533,51.13999938964844,50.117199401855466,-0.020000000000000018,-40.00000000000003,0,0,SL,SL
AMZN,2020-02-24,2020-02-25,2020-02-25,-0.04135555023463999,0.024159921922033537,1.7117418826144577,1.396535431727186,-0.018804100745606123,0.04309213474783946,0.08697690260704016,-0.07415378203124379,-0.058823247719762106,-0.033660657196140864,3.0,-0.03316537156396204,-0.013286820766259866,2.27153591562533,101.32099914550781,99.29457916259766,-0.020000000000000018,-40.00000000000004,0,0,SL,SL
BLK,2020-02-24,2020-02-25,2020-02-25,-0.0520646746265333,0.01948994814511818,2.6713603463113573,1.7756003104838374,-0.04033404269350527,0.001662688271545143,0.12995713082709703,-0.07703572985480556,-0.06703877504479228,-0.049915313922771154,4.0,-0.03316537156396204,-0.013286820766259866,2.27153591562533,453.50660056751883,444.43646855616845,-0.020000000000000018,-40.000000000000036,0,0,SL,SL
COST,2020-02-24,2020-02-25,2020-02-25,-0.025873255362394265,0.014444657440391376,1.7911989584498746,1.2702444519296077,0.0018844258701145034,0.03323310974443072,0.10063107226750279,-0.029100242766135653,-0.01473399052005575,-3.1682345338457374e-05,2.0,-0.03316537156396204,-0.013286820766259866,2.27153591562533,287.33086802976584,281.5842506691705,-0.020000000000000018,-40.000000000000036,0,0,SL,SL
HD,2020-02-24,2020-02-25,2020-02-25,-0.022988525027750284,0.015099256106575903,1.5224938808567205,1.5000140185605741,0.004690219445086186,0.04855640206911671,0.0979436009646919,-0.016171327740490238,-0.02175262228538577,0.010113751523121328,4.0,-0.03316537156396204,-0.013286820766259866,2.27153591562533,209.87024078350544,205.6728359678353,-0.02000000000000013,-40.000000000000256,0,0,SL,SL
KO,2020-02-24,2020-02-25,2020-02-26,-0.024613417607904586,0.011070534065211466,2.2233270285713562,1.2541973698005142,-0.005359074087937565,0.03214153779783602,0.10114590071400165,-0.01873856284712827,-0.021684809881873157,-0.009123264245316176,3.0,-0.03316537156396204,-0.013286820766259866,2.27153591562533,48.18679743910445,47.223061490322365,-0.020000000000000018,-40.000000000000036,1,1,SL,SL
LLY,2020-02-24,2020-02-25,2020-02-25,-0.027386411317341874,0.017749947536588807,1.542900972574086,1.344602349086348,-0.025718580810278335,0.01449829526506119,0.17611827537957336,-0.01902992385818414,-0.02104587457614715,-0.05152599983948036,3.0,-0.03316537156396204,-0.013286820766259866,2.27153591562533,129.30440916373306,126.71832098045839,-0.020000000000000018,-40.000000000000036,0,0,SL,SL
MA,2020-02-24,2020-02-25,2020-02-25,-0.04424481610016617,0.023062962588048207,1.9184359308242092,1.9825763600090809,-0.016418004017269672,0.030215918824955557,0.15118281359389596,-0.057725583281009074,-0.047748454995113265,-0.007125127526753983,3.0,-0.03316537156396204,-0.013286820766259866,2.27153591562533,309.58975521478567,303.39796011049,-0.019999999999999907,-39.999999999999815,0,0,SL,SL
MSFT,2020-02-24,2020-02-25,2020-02-25,-0.04311560905793099,0.03121434119867052,1.3812756381277518,1.8155098547828121,-0.04216460339053296,0.023871319583675943,0.18385231949718794,-0.08751612597638592,-0.07549647343704169,-0.06815627551293668,3.0,-0.03316537156396204,-0.013286820766259866,2.27153591562533,164.80588644043308,161.50976871162442,-0.020000000000000018,-40.000000000000036,0,0,SL,SL
NFLX,2020-02-24,2020-02-25,2020-02-25,-0.02991556919805849,0.02824208519762768,1.0592549731622287,1.2699714657382886,0.0028423232883010296,0.07045924812471904,0.1428167274935006,-0.04528860335099516,-0.030757149197780387,0.005262175293861304,4.0,-0.03316537156396204,-0.013286820766259866,2.27153591562533,37.20000076293945,36.45600074768066,-0.020000000000000018,-40.000000000000036,0,0,SL,SL
NVDA,2020-02-24,2020-02-25,2020-02-25,-0.07069755312197135,0.04487022214209009,1.5756006934419469,1.7655557203843808,0.029051083984141135,0.09480843301720054,0.41129854481019157,-0.131617542138195,-0.056972529465953325,0.08621126345198515,3.0,-0.03316537156396204,-0.013286820766259866,2.27153591562533,6.86840412228699,6.731036039841251,-0.019999999999999907,-39.99999999999981,0,0,SL,SL
PEP,2020-02-24,2020-02-25,2020-02-27,-0.02200845983174471,0.01290960738057649,1.704812484449229,1.3050706890577,-0.012171023868142838,0.016491907622195212,0.06471858451816015,-0.019858329994420942,-0.02959382986375425,-0.018779400638178845,4.0,-0.03316537156396204,-0.013286820766259866,2.27153591562533,116.47523000899197,114.14572540881213,-0.020000000000000018,-40.000000000000036,2,2,SL,SL
V,2020-02-24,2020-02-25,2020-02-25,-0.047986120641907326,0.02237490297963295,2.14464038952872,1.5331796715075514,-0.03131614987030418,0.00734919512051091,0.10189069855175847,-0.0680698403573361,-0.05468631294224613,-0.018063233878615526,3.0,-0.03316537156396204,-0.013286820766259866,2.27153591562533,189.67481398977165,185.8813177099762,-0.02000000000000013,-40.000000000000256,0,0,SL,SL
ABBV,2020-02-25,2020-02-26,2020-02-27,-0.042516537628037754,0.02998755609503314,1.4178060223813904,1.1290555692138062,-0.008962437188547612,0.00631561050164775,0.16031474054304606,-0.05359237425934971,-0.047324107106660684,-0.058786250401565376,2.0,-0.030301799963095455,-0.043172437920522944,2.818917491500137,68.4143387280856,67.04605195352389,-0.020000000000000018,-40.000000000000036,1,1,SL,SL
ADBE,2020-02-25,2020-02-26,2020-02-27,-0.026887931984762803,0.02613775629733744,1.0287008448197132,1.6251590972588705,-0.05041953556601575,0.00033820314200561086,0.1505863422410505,-0.08222504846082956,-0.08195860580786918,-0.060000032991976315,4.0,-0.030301799963095455,-0.043172437920522944,2.818917491500137,349.3999938964844,342.4119940185547,-0.019999999999999907,-39.999999999999815,1,1,SL,SL
COST,2020-02-25,2020-02-26,2020-02-27,-0.027899909206402507,0.0167963748361775,1.6610673123529751,1.564643763658328,-0.02545646768404508,0.003731981022885078,0.06874258450959969,-0.05927526677426487,-0.05334544223407145,-0.028426635374366183,3.0,-0.030301799963095455,-0.043172437920522944,2.818917491500137,280.53522990406674,274.9245253059854,-0.020000000000000018,-40.000000000000036,1,1,SL,SL
CRM,2020-02-25,2020-02-26,2020-02-27,-0.025115604762487975,0.02737036651542968,0.9176203303061136,2.3749558397143637,-0.03183508621941811,0.01775897077636457,0.13524665501634692,-0.06252588500319145,-0.051389559736227386,-0.04150806959310993,3.0,-0.030301799963095455,-0.043172437920522944,2.818917491500137,173.5377020909366,170.06694804911785,-0.020000000000000018,-40.000000000000036,1,1,SL,SL
DUK,2020-02-25,2020-02-26,2020-02-27,-0.02961909698090992,0.015268176992205274,1.93992360686093,1.1569990954319314,0.01149421551747376,0.05928101751666248,0.1067269019599435,-0.021295610521564146,-0.026955500737800953,0.041643502119982134,3.0,-0.030301799963095455,-0.043172437920522944,2.818917491500137,76.94943220398521,75.4104435599055,-0.020000000000000018,-40.000000000000036,1,1,SL,SL
NFLX,2020-02-25,2020-02-26,2020-02-26,-0.0233523212904293,0.0298020707751878,0.7835804923284612,1.200124434305353,-0.02286337128084981,0.041761870681178204,0.11617531829470007,-0.06712434470712714,-0.07140649377989305,-0.02959009402020707,5.0,-0.030301799963095455,-0.043172437920522944,2.818917491500137,36.63100051879883,38.096240539550784,0.040000000000000036,80.00000000000007,0,0,TP,TP
NVDA,2020-02-25,2020-02-26,2020-02-26,-0.04109324811655679,0.05040746872462022,0.8152214177040368,2.051099883404586,-0.01727874293682896,0.046071834293767155,0.35008436474473803,-0.15111756133007015,-0.1163974967668242,-0.0034985347032000513,4.0,-0.030301799963095455,-0.043172437920522944,2.818917491500137,6.5144194445871815,6.774996222370669,0.040000000000000036,80.00000000000007,0,0,TP,TP
DUK,2020-02-27,2020-02-28,2020-02-28,-0.03992343361130335,0.019254084686250037,2.0735046231418086,1.3168905527416868,-0.033510652595145185,0.010160238914244113,0.05753042572575651,-0.07145682206735893,-0.06349220060336025,-0.02046939133713277,4.0,-0.04491206664766423,-0.0882602514396078,2.970406249110443,72.30719147641659,70.86104764688825,-0.02000000000000013,-40.000000000000256,0,0,SL,SL
NEE,2020-02-27,2020-02-28,2020-02-28,-0.04558528508444337,0.019410601395728134,2.3484736075449852,1.5310615527840914,-0.05175303171080925,0.00037449936598488165,0.13226274867859544,-0.061158617737712806,-0.07163061831794126,-0.04837497591990636,4.0,-0.04491206664766423,-0.0882602514396078,2.970406249110443,52.61968425628765,51.56729057116189,-0.02000000000000013,-40.00000000000026,0,0,SL,SL
NVDA,2020-02-27,2020-02-28,2020-02-28,-0.05566558251450959,0.0583156946041257,0.9545557656886998,1.5935129836316195,-0.05690606958561806,0.003158040443667298,0.2956989414308746,-0.07512020196752256,-0.18124028547272797,-0.07260914781400318,4.0,-0.04491206664766423,-0.0882602514396078,2.970406249110443,6.030797544626237,6.2720294464112865,0.040000000000000036,80.00000000000007,0,0,TP,TP
NFLX,2020-03-03,2020-03-04,2020-03-05,-0.03222675910304107,0.03974020057577416,0.8109359951918983,1.3628909333683101,-0.01629856596310786,0.046743369402350465,0.14124855140971304,-0.007909459568325783,0.024105086443273693,-0.04902266704179459,3.0,-0.02863268994449264,-0.07715774672897968,2.326682596022457,37.777000427246094,37.021460418701174,-0.019999999999999907,-39.999999999999815,1,1,SL,SL
HD,2020-03-05,2020-03-06,2020-03-06,-0.026008023455827645,0.032941552815395146,0.7895202634064313,1.2649079342253344,-0.012575788953372524,0.016650058226057363,0.06723802583191829,0.021179129315862966,0.04485359874035488,-0.04942931324622579,3.0,-0.03324158802145816,-0.06891776123894999,1.3243659774153242,194.0681294061982,190.18676681807423,-0.020000000000000018,-40.00000000000003,0,0,SL,SL
NEE,2020-03-05,2020-03-06,2020-03-06,-0.021472567444834834,0.031490293629802,0.6818789210816847,1.050758438998952,0.020609753235453443,0.06743652539977685,0.21191891343016156,0.02910363983038189,0.0793821834786872,0.0020653702747392977,3.0,-0.03324158802145816,-0.06891776123894999,1.3243659774153242,56.947599450329925,55.808647461323325,-0.020000000000000018,-40.000000000000036,0,0,SL,SL
NFLX,2020-03-05,2020-03-06,2020-03-06,-0.028687607626611156,0.04356839197029803,0.658449998479825,1.4178534117553616,-0.007968867846126604,0.052898566873779584,0.15269515490144125,-0.021703180008963874,0.0028785461643416888,-0.034248669648982655,3.0,-0.03324158802145816,-0.06891776123894999,1.3243659774153242,36.77000045776367,36.0346004486084,-0.019999999999999907,-39.999999999999815,0,0,SL,SL
NEE,2020-03-09,2020-03-10,2020-03-10,-0.038775921617431375,0.039646475889378,0.9780420768197492,1.234854302996452,-0.03402976381140699,0.0055448456694826564,0.1430780536833154,-0.07419722250127869,-0.026346143816157852,-0.041233296187528024,4.0,-0.0780945721053663,-0.15212624360112192,1.9111536790168324,56.326281018570974,55.19975539819956,-0.019999999999999907,-39.999999999999815,0,0,SL,SL
WMT,2020-03-19,2020-03-20,2020-03-20,-0.021222345512184604,0.0695847437649101,0.3049856098325754,1.4661200217990367,0.044214138013243254,0.03728487836723837,0.04347898262847538,0.1238155487158874,0.15308570361062013,0.0350118346924877,2.0,0.002124927460214643,-0.23123445412042665,1.106906677665261,36.53467964179141,35.803986048955586,-0.020000000000000018,-40.000000000000036,0,0,SL,SL
NVDA,2020-04-07,2020-04-08,2020-04-13,-0.034910535365015316,0.07906143059420907,0.44156215113532704,1.0537009816562657,0.08942345267332952,0.015950540946554792,0.24087366009792488,0.013935391053164548,-0.017336655459581407,0.03952981515593468,3.0,0.001019348328345382,-0.08940694995891374,0.7896116660306656,6.551895173160466,6.420857269697257,-0.020000000000000018,-40.000000000000036,2,2,SL,SL
NFLX,2020-04-17,2020-04-20,2020-04-21,-0.036910499108019024,0.04327492584054416,0.8529303838445328,1.3320107859056847,0.1206420750043371,0.14865056722979664,0.3039617676213766,0.022754247430925245,0.1409150581558194,0.14288808087471683,1.0,0.027015156283559216,0.006623478997257903,0.7442883207970505,43.516998291015625,42.64665832519531,-0.020000000000000018,-40.000000000000036,1,1,SL,SL
AMD,2020-04-21,2020-04-22,2020-04-23,-0.071090099437913,0.06011770118862774,1.1825152664247394,1.4658795414482946,0.0739071732932115,0.0959153345701147,0.3343805519616809,-0.07076387251985239,-0.036592064901938004,0.11363631437632704,2.0,-0.030363667332255595,-0.03383173797694872,0.7232530682433003,54.90999984741211,57.106399841308594,0.040000000000000036,80.00000000000006,1,1,TP,TP
AMZN,2020-04-21,2020-04-22,2020-04-28,-0.02736033095931456,0.03520007482189002,0.7772804773215958,1.2162179747864985,0.11692411364664479,0.16037266867685607,0.24380854218382497,-0.03324905333907313,0.019620533754219904,0.16546435119344705,2.0,-0.030363667332255595,-0.03383173797694872,0.7232530682433003,118.44999694824219,116.08099700927734,-0.020000000000000018,-40.00000000000003,4,4,SL,SL
MRK,2020-04-21,2020-04-22,2020-04-27,-0.05463297398511213,0.04026955798520313,1.3566817397197848,1.3276499816243428,0.007250609010999387,0.004077319865762652,-0.05127124987862475,-0.05349392816489784,-0.051665489575134727,-0.02179059619601853,3.0,-0.030363667332255595,-0.03383173797694872,0.7232530682433003,62.10192286441316,64.58599977898969,0.040000000000000036,80.00000000000009,3,3,TP,TP
NVDA,2020-04-21,2020-04-22,2020-04-23,-0.06110425119539842,0.05759123580758207,1.0609991318740524,1.1203875605830111,0.014729090541174994,0.03357179614778394,0.2588381413253815,-0.08547668344033388,-0.05085381194971483,0.004135603747720706,4.0,-0.030363667332255595,-0.03383173797694872,0.7232530682433003,6.895645491403493,7.171471311059633,0.040000000000000036,80.00000000000007,1,1,TP,TP
TSLA,2020-04-21,2020-04-22,2020-04-22,-0.07990777996173748,0.07554441355017742,1.0577589553814175,1.1045710837631204,0.17034728994161252,0.06715234994229946,0.6726848381617871,-0.07848795357373128,-0.03263885144129641,0.33023400267880065,2.0,-0.030363667332255595,-0.03383173797694872,0.7232530682433003,46.93199920654297,45.99335922241211,-0.020000000000000018,-40.000000000000036,0,0,SL,SL
NFLX,2020-04-22,2020-04-23,2020-04-23,-0.028605701443813247,0.0446703946458456,0.6403727047993208,2.004175682849616,0.0818331387943887,0.13290302270886922,0.29613090352484983,-0.0036410804352196013,-0.012489770487963958,0.13199735590290773,3.0,0.022194983844906258,-0.008625393805439141,0.5545408868277598,41.92599868774414,43.60303863525391,0.040000000000000036,80.00000000000009,0,0,TP,TP
UPS,2020-04-22,2020-04-23,2020-04-27,-0.0299144829570257,0.040591569196059565,0.7369629592917945,1.0413911899877777,0.0028254017613540405,0.011566203430023902,-0.11188822156788303,-0.050024225291987356,-0.0231182800025429,0.05058662098265354,3.0,0.022194983844906258,-0.008625393805439141,0.5545408868277598,74.66139411781731,77.64784988253001,0.040000000000000036,80.00000000000007,2,2,TP,TP
ADBE,2020-04-28,2020-04-29,2020-04-30,-0.043185043882263296,0.03572607227284987,1.2087823019683552,1.104110513084316,0.02069244832997219,0.011277706371305873,0.072292557870417,-0.005724969252199674,0.013556710249691406,-0.021480696782682163,2.0,-0.004598215605710165,0.029896376856525908,0.7593742084216382,339.5299987792969,353.11119873046874,0.040000000000000036,80.00000000000007,1,1,TP,TP
MRK,2020-04-28,2020-04-29,2020-04-29,-0.033341150035377964,0.03483438948208717,0.9571331816371557,1.6509895936455408,0.00978966361613498,0.03966295259859609,-0.01974256970823307,0.003709419781278367,0.03335049944594082,-0.020038060010643788,1.0,-0.004598215605710165,0.029896376856525908,0.7593742084216382,64.44641965195511,63.15749125891601,-0.020000000000000018,-40.000000000000036,0,0,SL,SL
UPS,2020-04-28,2020-04-29,2020-04-29,-0.059678108754904424,0.03628833980885234,1.6445532936821285,2.1047529911719325,-0.01384186403127563,0.0032577209251658523,-0.12249078220803378,-0.03036708203698557,-0.04164193521641979,-0.049013953943876976,2.0,-0.004598215605710165,0.029896376856525908,0.7593742084216382,72.94590659364327,71.48698846177041,-0.020000000000000018,-40.00000000000004,0,0,SL,SL
AMD,2020-04-29,2020-04-30,2020-04-30,-0.03332730192865907,0.05325861542250565,0.6257635814275384,1.3437971591048976,0.030981307679316172,0.10803666565880343,0.3305578214659812,-0.04485582848121683,-0.04041484970556153,-0.024186248235295027,3.0,0.026178281260574865,0.06003251999805892,0.8807679364559685,53.43000030517578,52.361400299072265,-0.020000000000000018,-40.00000000000004,0,0,SL,SL
AMT,2020-04-29,2020-04-30,2020-05-04,-0.027594162788848742,0.04144044675299496,0.6658751280680746,1.434457587797004,-0.021686973272127763,0.016155929345641473,0.057989990111366074,-0.03188758435474892,-0.06391810051165503,-0.04315320615599916,4.0,0.026178281260574865,0.06003251999805892,0.8807679364559685,195.3851558086022,191.47745269243015,-0.020000000000000018,-40.000000000000036,2,2,SL,SL
PEP,2020-04-29,2020-04-30,2020-05-01,-0.021713793070124554,0.028622892644348273,0.7586163054841365,1.2358869370207732,0.010750877247457158,0.027792568159981323,0.0017074943304211665,-0.007442647615779285,0.005579828894761052,-0.012367574923905056,2.0,0.026178281260574865,0.06003251999805892,0.8807679364559685,108.88998318752297,106.71218352377251,-0.020000000000000018,-40.000000000000036,1,1,SL,SL
WMT,2020-04-29,2020-04-30,2020-05-07,-0.03437512123995301,0.02900484026791254,1.1851511996768864,1.5357494171501158,-0.019047775604032813,0.03986669876408744,0.06235670567661322,-0.04511763648940548,-0.06071882454331623,-0.04007474010593348,4.0,0.026178281260574865,0.06003251999805892,0.8807679364559685,37.62920244012965,37.42930603027344,-0.005312268049642133,-10.624536099284267,5,5,TIME,TIME
DIS,2020-04-30,2020-05-01,2020-05-04,-0.03652570858465609,0.03760652871921135,0.9712597739976165,1.0369410996959894,0.05130642922692519,0.021539670912472664,-0.17170105360964905,0.01970578212706431,0.07079204206573086,0.060086240109402445,1.0,-0.009310627601231802,0.05365848777439575,0.9346998014303751,103.12274248480149,101.06028763510545,-0.02000000000000013,-40.00000000000026,1,1,SL,SL
TSLA,2020-04-30,2020-05-01,2020-05-01,-0.023272674923369818,0.07329312189710527,0.3175287710631545,1.5468633828302016,0.16230027059379104,0.22953728875412271,0.8239632706854301,-0.02112052810024212,0.10805943798209805,0.049207551064081256,2.0,-0.009310627601231802,0.05365848777439575,0.9346998014303751,50.33333206176758,49.32666542053222,-0.02000000000000013,-40.000000000000256,0,0,SL,SL
AMZN,2020-05-01,2020-05-04,2020-05-05,-0.07597409237648922,0.04351035863113991,1.746115057808679,1.552136399191579,0.010129411867784821,0.1194519751752765,0.21160793548030066,-0.012117129903917112,-0.051522263959536074,-0.037456825657894766,3.0,-0.026473347673063308,0.029663124741576175,0.9714127385516491,112.81900024414062,117.33176025390625,0.040000000000000036,80.00000000000007,1,1,TP,TP
TSLA,2020-05-01,2020-05-04,2020-05-04,-0.1030337133662409,0.08373291578076322,1.2305043053321192,1.7086132610569864,0.023760519362764132,0.1097674453475217,0.627558067892471,-0.08815270434969835,-0.03286221047012472,-0.06973170695238162,3.0,-0.026473347673063308,0.029663124741576175,0.9714127385516491,46.733333587646484,48.60266693115234,0.040000000000000036,80.00000000000009,0,0,TP,TP
PFE,2020-05-07,2020-05-08,2020-05-15,-0.03068448858006656,0.028006192228722093,1.0956322919399841,1.395756183611933,0.008767350374928595,0.08640316406026738,0.029318598424314724,-0.007752588709928343,-0.02689414721932204,0.017398227476209893,3.0,0.012066964610338626,0.057547371399860214,0.6816840795635687,25.812807481014307,26.166215896606445,0.013691204099053333,27.382408198106663,5,5,TIME,TIME
BLK,2020-05-12,2020-05-13,2020-05-13,-0.07842058306001476,0.03624082921088619,2.1638738618171134,4.407494882695638,-0.05694070562219766,0.015539685074079435,-0.023602568959369075,-0.08635084185315778,-0.06395603549127882,-0.08704830797443563,3.0,-0.019931818070612284,0.05585038247243035,0.9489175432475435,396.3928905158283,412.24860613646143,0.040000000000000036,80.00000000000007,0,0,TP,TP
GS,2020-05-12,2020-05-13,2020-05-13,-0.03248536074191688,0.03365256856446592,0.9653159365736645,1.0973338053447563,-0.015970233318471583,0.033806763014020635,-0.13879560859960582,-0.028027644141154773,-0.0061135501568100326,-0.05240370180440379,3.0,-0.019931818070612284,0.05585038247243035,0.9489175432475435,151.03794290322512,148.0171840451606,-0.020000000000000018,-40.000000000000036,0,0,SL,SL
MS,2020-05-12,2020-05-13,2020-05-13,-0.03540053771942231,0.03802035981468952,0.9310942319316237,1.0099727159793204,-0.0016010872136723586,0.04372103064374566,-0.12819881260073163,-0.010048726031542055,0.011584984433447909,-0.034188179917130856,3.0,-0.019931818070612284,0.05585038247243035,0.9489175432475435,31.54096419359358,30.91014490972171,-0.020000000000000018,-40.000000000000036,0,0,SL,SL
NVDA,2020-05-12,2020-05-13,2020-05-13,-0.0326078314556707,0.03383075851954796,0.9638516215008707,1.1206255466078043,0.06137688191762436,0.17186764271489507,0.3946703013317563,0.02371501039300239,0.06250417688262533,0.07118351081941432,1.0,-0.019931818070612284,0.05585038247243035,0.9489175432475435,7.877395816576789,7.719847900245253,-0.020000000000000018,-40.000000000000036,0,0,SL,SL
PLD,2020-05-12,2020-05-13,2020-05-14,-0.05242978992286096,0.03350923230465906,1.564637155700258,1.4487334472064382,-0.046605334359619666,0.028636467859730397,-0.017899245055335244,-0.043715005668299,-0.040118121623468395,-0.059939283614685146,3.0,-0.019931818070612284,0.05585038247243035,0.9489175432475435,70.28880016082067,68.88302415760425,-0.020000000000000018,-40.000000000000036,1,1,SL,SL
AMD,2020-05-13,2020-05-14,2020-05-14,-0.029389844971862034,0.04625472364604096,0.6353912131605087,1.0753242186914964,-0.03646938641515407,0.0648675357835975,0.2638651620777921,-0.01898850061308399,0.000383444360087859,-0.02758105751854012,3.0,-0.01768577207014821,0.03846848196804409,1.4163479981293623,52.099998474121094,54.18399841308594,0.040000000000000036,80.00000000000007,0,0,TP,TP
CRM,2020-05-13,2020-05-14,2020-05-14,-0.04449703997153198,0.036851166184223315,1.2074798324993583,1.9245230875522972,0.044671401415635525,0.10357217416104691,0.061374132111870594,-0.03558836252656039,0.036476008506181046,0.05740833430655057,2.0,-0.01768577207014821,0.03846848196804409,1.4163479981293623,165.5754559093718,162.26394679118437,-0.020000000000000018,-40.000000000000036,0,0,SL,SL
CVX,2020-05-13,2020-05-14,2020-05-14,-0.02634445035792632,0.042527015895689156,0.619475639262918,1.0164037823390992,-0.004466883015755929,0.08791915411185913,-0.16468118428434908,-0.07091240488255157,-0.01499158284385127,-0.06256602578494597,3.0,-0.01768577207014821,0.03846848196804409,1.4163479981293623,65.73901004251208,68.36857044421257,0.040000000000000036,80.00000000000007,0,0,TP,TP
GS,2020-05-13,2020-05-14,2020-05-14,-0.030528854771882274,0.03547315383823962,0.8606185655523121,1.109770769347225,-0.0442282675342045,0.005958279273321709,-0.164181482449538,-0.07330518412016795,-0.02893988079153198,-0.09593234027245734,3.0,-0.01768577207014821,0.03846848196804409,1.4163479981293623,145.34589796431925,142.43898000503287,-0.019999999999999907,-39.999999999999815,0,0,SL,SL
NKE,2020-05-13,2020-05-14,2020-05-18,-0.02537970471556894,0.02695389626305658,0.9415968833550328,1.0215354861493715,-0.02159965435730704,0.032496620856695246,-0.048239683733315664,-0.04908272700430172,-0.02736325956418928,-0.02327735982800172,2.0,-0.01768577207014821,0.03846848196804409,1.4163479981293623,76.60113879397568,79.66518434573472,0.040000000000000036,80.00000000000007,2,2,TP,TP
TSLA,2020-05-13,2020-05-14,2020-05-14,-0.02279437261341355,0.06591085852225308,0.34583637847347454,1.0927751203439702,0.03598291979926338,0.24477945838643356,0.7476175770245292,-0.03473184621493164,0.010708161844882769,-0.011929870107961982,4.0,-0.01768577207014821,0.03846848196804409,1.4163479981293623,52.0,50.96,-0.020000000000000018,-40.000000000000036,0,0,SL,SL
UNH,2020-05-13,2020-05-14,2020-05-14,-0.03371561376643972,0.02948098779245708,1.143639216019285,1.3112134970603628,-0.031640574102299146,0.04867110210433179,0.06585556933223136,-0.03135874895392732,-0.037295610724505046,-0.03354745109503254,3.0,-0.01768577207014821,0.03846848196804409,1.4163479981293623,247.94613034097455,257.86397555461355,0.040000000000000036,80.00000000000007,0,0,TP,TP
XOM,2020-05-13,2020-05-14,2020-05-14,-0.04963728807714507,0.04680615305887679,1.0604863855123285,1.022034075869733,-0.025665682370500043,0.03310910873034767,-0.2904454577559452,-0.07442611442765534,-0.02834738733390929,-0.0993888676189546,3.0,-0.01768577207014821,0.03846848196804409,1.4163479981293623,31.509949210750765,30.879750226535748,-0.020000000000000018,-40.000000000000036,0,0,SL,SL
HD,2020-05-19,2020-05-20,2020-05-20,-0.029549594686362757,0.029915413783191173,0.9877715514991819,1.6639722618110655,0.05673334190412005,0.16903411980654637,0.08652098239144146,0.015438155883797267,0.02232691923177299,0.055361086736857246,2.0,-0.01027116002368933,0.07844849024581713,0.9583039094083555,207.75453240931145,203.5994417611252,-0.02000000000000013,-40.000000000000256,0,0,SL,SL
PEP,2020-05-19,2020-05-20,2020-05-21,-0.02796636612559411,0.02289857273468609,1.2213148151033657,1.11840022097512,-0.009370059530352082,0.028422374188701527,-0.013147629979883835,-0.010144271936423421,-0.009101678949672842,0.0004555874460505649,2.0,-0.01027116002368933,0.07844849024581713,0.9583039094083555,108.9968920247686,106.81695418427323,-0.020000000000000018,-40.000000000000036,1,1,SL,SL
WMT,2020-05-19,2020-05-20,2020-05-22,-0.021228375082957496,0.022639888656908164,0.9376536874654651,2.6497654439548777,0.0005800329878777877,0.032602759840639095,0.07008360440484385,0.012396744125934944,0.009452321741644676,0.00617045534005034,3.0,-0.01027116002368933,0.07844849024581713,0.9583039094083555,38.841846511170985,38.06500958094757,-0.019999999999999907,-39.999999999999815,2,2,SL,SL
LLY,2020-05-20,2020-05-21,2020-05-21,-0.022782179160254157,0.028265282562330418,0.8060127865346841,1.2570966878521328,-0.020839952420054653,0.046864236786651636,0.2045117443141089,-0.03830938448070076,-0.02582858075432337,-0.0180567820874612,3.0,0.01698807631296506,0.09594376685653483,0.8674956444215254,143.199931411143,140.33593278292014,-0.02000000000000013,-40.000000000000256,0,0,SL,SL
AMZN,2020-05-21,2020-05-22,2020-05-27,-0.02049693045417056,0.021393485134730432,0.9580921633425498,1.0968258019133974,0.025497855824100357,0.12662095495113634,0.27403869116195856,0.008440928968202588,0.024233424442564155,0.03342186564395311,1.0,-0.006904116161149054,0.08660266523461257,0.8017338050721653,122.75050354003906,120.29549346923828,-0.020000000000000018,-40.000000000000036,2,2,SL,SL
NFLX,2020-05-21,2020-05-22,2020-05-22,-0.02550982497401022,0.030411784686956354,0.8388138097318376,1.2744267574685073,0.008592409822722358,0.09962655119494546,0.30185117023671615,-0.03608200629916458,-0.012897379766041106,-0.0006414193298968085,4.0,-0.006904116161149054,0.08660266523461257,0.8017338050721653,43.70000076293945,42.826000747680666,-0.019999999999999907,-39.999999999999815,0,0,SL,SL
NVDA,2020-05-21,2020-05-22,2020-05-26,-0.02171074994739841,0.03768916027523294,0.5760475900458153,1.5051304343010925,0.11955119445444451,0.2664784611320097,0.5263095036364689,0.0028575415940670368,0.09274048101096,0.15134344395726895,1.0,-0.006904116161149054,0.08660266523461257,0.8017338050721653,8.780548617812489,9.131770562524988,0.040000000000000036,80.00000000000007,1,1,TP,TP
ADBE,2020-05-26,2020-05-27,2020-05-27,-0.0224004689406061,0.025948159624800515,0.8632777532012855,1.2603660280240205,0.03672283003434895,0.11882483701040458,0.18841768293304728,-0.018246747936565333,0.023534537145367018,0.014027223269410083,2.0,0.01232091751877773,0.09561065692740134,0.9155785057870445,373.239990234375,365.7751904296875,-0.020000000000000018,-40.000000000000036,0,0,SL,SL
LLY,2020-05-26,2020-05-27,2020-05-27,-0.021169498493329497,0.027421733246844944,0.7719970981690295,1.7513357541967747,-0.04458745681694154,0.004939834154206846,0.15828891731909667,-0.033761939143339026,-0.06330728585003653,-0.062399374403381835,5.0,0.01232091751877773,0.09561065692740134,0.9155785057870445,138.54348986232262,135.77262006507615,-0.020000000000000018,-40.000000000000036,0,0,SL,SL
NFLX,2020-05-26,2020-05-27,2020-05-27,-0.03389075848430734,0.032844361330925276,1.0318592632336194,1.1143474836653522,-0.0408156499562935,0.03543297874778917,0.23362958407292522,-0.07349157250711524,-0.08354320293476636,-0.05845357888535707,5.0,0.01232091751877773,0.09561065692740134,0.9155785057870445,41.03799819946289,40.21723823547363,-0.020000000000000018,-40.000000000000036,0,0,SL,SL
NVDA,2020-05-26,2020-05-27,2020-05-27,-0.034178071056006565,0.0411414038773849,0.8307463488088207,1.389943315241481,0.09080274313516523,0.23565498234518523,0.5032887700099495,-0.028121250901493422,-0.003713949636021119,0.0808693282544517,2.0,0.01232091751877773,0.09561065692740134,0.9155785057870445,8.581314301909094,8.409688015870913,-0.019999999999999907,-39.999999999999815,0,0,SL,SL
NVDA,2020-05-27,2020-05-28,2020-05-28,-0.02208122290658454,0.04638108716438877,0.47608247793592956,1.989025524788985,0.05849668447515155,0.19611182921508674,0.4641865586513889,-0.0284892962379103,-0.03182669730592924,0.09263073038402347,3.0,0.014878610353328936,0.10663509111284397,1.0791389200868644,8.369638474669662,8.704424013656448,0.040000000000000036,80.00000000000007,0,0,TP,TP
BAC,2020-05-28,2020-05-29,2020-06-03,-0.0431100089073444,0.044420162051079,0.9705054397994305,1.2144790040329854,0.08398017596773011,0.11278225312265855,-0.13529329867146422,0.09708758217058167,0.0851158082665806,0.19118379553023934,3.0,-0.0018446500269482247,0.10044939701020095,0.9445390031946358,20.98285059640647,21.822164620262733,0.040000000000000036,80.00000000000009,3,3,TP,TP
GE,2020-05-28,2020-05-29,2020-06-02,-0.06995823766447529,0.06026129343762567,1.1609149700194632,1.0785947157791167,0.07687453402403244,0.018997536037282714,-0.28021962745673945,0.057722715805799574,0.056074970039131866,0.1709848855531766,2.0,-0.0018446500269482247,0.10044939701020095,0.9445390031946358,31.74581968024377,33.01565246745352,0.040000000000000036,80.00000000000007,2,2,TP,TP
GS,2020-05-28,2020-05-29,2020-06-02,-0.040255801390888135,0.03726198787977123,1.0803449757102783,1.4432155341870558,0.1037575956405401,0.1667699550653301,-0.016273486807969806,0.11832363994260198,0.10901675116288678,0.17124574626853328,3.0,-0.0018446500269482247,0.10044939701020095,0.9445390031946358,170.644577493608,177.47036059335232,0.040000000000000036,80.00000000000007,2,2,TP,TP
MS,2020-05-28,2020-05-29,2020-06-02,-0.05249675585828628,0.04398329564240704,1.1935612166285894,1.393285993821292,0.11490557851493599,0.18706281119161172,0.00817562926162374,0.1064040610743231,0.0813445616116939,0.20032451579900235,3.0,-0.0018446500269482247,0.10044939701020095,0.9445390031946358,36.385790415282784,37.8412220318941,0.040000000000000036,80.00000000000007,2,2,TP,TP
BA,2020-05-29,2020-06-01,2020-06-01,-0.02649847167682906,0.054091762298819616,0.48987998450565007,1.1067648397288363,0.09744997827959945,0.07267417334544368,-0.48658626293205176,0.0077386195608339925,0.049280619449752594,0.19041797338940336,2.0,0.004456017304213411,0.10010070383093717,1.2467234993866663,145.4499969482422,151.26799682617187,0.040000000000000036,80.00000000000007,0,0,TP,TP
BAC,2020-05-29,2020-06-01,2020-06-02,-0.0297665750267897,0.045990268020680194,0.6472363895205987,1.5725320097534454,0.05155330680792258,0.07644947892746656,-0.16058077886795485,-0.00658969516054464,0.05327527637075491,0.11100887526228975,3.0,0.004456017304213411,0.10010070383093717,1.2467234993866663,20.86255100879419,21.697053049145957,0.040000000000000036,80.00000000000007,1,1,TP,TP
CRM,2020-05-29,2020-06-01,2020-06-05,-0.034842756697271327,0.036374284777567184,0.9578953073672425,2.7529783445505815,0.014354236117408714,0.0986101391849592,0.08279335224943041,-0.00980075149852544,-0.002681898812701755,0.04664658806627675,2.0,0.004456017304213411,0.10010070383093717,1.2467234993866663,170.1562395515942,166.7531147605623,-0.02000000000000013,-40.000000000000256,4,4,SL,SL
JPM,2020-05-29,2020-06-01,2020-06-03,-0.025535757748278654,0.0407753997851878,0.6262540130276013,1.065619836636346,0.06322404303637597,0.06815803092878414,-0.15101958153824957,0.015549714568641848,0.0791835755214052,0.11185988279453096,3.0,0.004456017304213411,0.10010070383093717,1.2467234993866663,83.06157076236455,86.38403359285914,0.040000000000000036,80.00000000000007,2,2,TP,TP
LOW,2020-06-04,2020-06-05,2020-06-11,-0.03131588516194739,0.03157336419266783,0.9918450555617307,1.063033928831372,0.0671089552727997,0.22475539178200932,0.17256884429723174,-0.004949027255710892,0.004370925298959216,0.09992306341457269,2.0,-0.0026263358376974466,0.10140839854713479,0.8195795365281311,116.1164749853075,113.79414548560135,-0.020000000000000018,-40.000000000000036,4,4,SL,SL
NEE,2020-06-04,2020-06-05,2020-06-11,-0.029624625760936052,0.028908174859898415,1.024783678129452,1.180777132297288,0.061308422016505215,0.07315339912982766,0.06879335680172027,-0.014707696773705425,0.007628340243756693,0.08800856190160888,1.0,-0.0026263358376974466,0.10140839854713479,0.8195795365281311,53.7687802692925,52.69340466390665,-0.020000000000000018,-40.000000000000036,4,4,SL,SL
NKE,2020-06-04,2020-06-05,2020-06-10,-0.027183133219497058,0.027341167533166098,0.9942199134884296,1.2597450792778035,0.07913687481459397,0.14168128164548066,0.1101135037436769,0.017480252941527885,0.031206935822353676,0.09233599585256869,1.0,-0.0026263358376974466,0.10140839854713479,0.8195795365281311,93.95754235591635,92.07839150879802,-0.020000000000000018,-40.000000000000036,3,3,SL,SL
PLD,2020-06-04,2020-06-05,2020-06-11,-0.040793375434599155,0.028349549226085975,1.4389426480567435,1.0501805920387957,0.04882922120839028,0.07919324534005212,0.07884163758703666,-0.0037354033475757165,0.0032239311900501555,0.07151060117115371,2.0,-0.0026263358376974466,0.10140839854713479,0.8195795365281311,80.90447167342052,79.2863822399521,-0.020000000000000018,-40.00000000000003,4,4,SL,SL
BA,2020-06-09,2020-06-10,2020-06-10,-0.05969628853291076,0.0608958656314195,0.9803011733872157,1.5786106748023474,0.41211578770009716,0.5080796778052881,-0.22342034970880043,0.17601737332742196,0.4137369313460977,0.4975472389371667,1.0,-0.007456807302579693,0.11878407242575428,0.8070664249192352,211.1699981689453,206.9465982055664,-0.020000000000000018,-40.000000000000036,0,0,SL,SL
COP,2020-06-09,2020-06-10,2020-06-10,-0.03339285861690389,0.037983648276466796,0.8791377377405006,1.1082748423258966,0.10753075153282654,0.24578152070361492,-0.039160622645888044,0.08767656031498294,0.10022650233970332,0.11357958566864967,2.0,-0.007456807302579693,0.11878407242575428,0.8070664249192352,38.39092713639868,37.62310859367071,-0.020000000000000018,-40.000000000000036,0,0,SL,SL
UPS,2020-06-09,2020-06-10,2020-06-10,-0.023721092502012264,0.023174378308981024,1.0235913208001512,1.10197336678568,0.09439807870451955,0.11524236690523759,0.008912748640248047,0.04486438633497336,0.06582986912601307,0.11084794562700973,2.0,-0.007456807302579693,0.11878407242575428,0.8070664249192352,82.75416332678695,81.09908006025121,-0.020000000000000018,-40.000000000000036,0,0,SL,SL
XOM,2020-06-09,2020-06-10,2020-06-10,-0.02228711364847502,0.03396588617666173,0.6561617009653852,1.1279407118743312,0.1508562294475324,0.22615162825469737,-0.06570712446601612,0.09002014852002005,0.13126176084362262,0.1657590917326659,2.0,-0.007456807302579693,0.11878407242575428,0.8070664249192352,41.046565477148945,40.22563416760597,-0.020000000000000018,-40.000000000000036,0,0,SL,SL
BA,2020-06-10,2020-06-11,2020-06-11,-0.06150226766269562,0.0699186010751184,0.87962669042276,1.98058396668557,0.29234953951349585,0.4053300629624159,-0.26923842893369376,-0.009832980020886728,0.17469392099937497,0.3604199963200112,2.0,-0.005580149397473311,0.1081083623137784,0.9900297548331803,179.35000610351562,175.7630059814453,-0.020000000000000018,-40.00000000000004,0,0,SL,SL
BAC,2020-06-10,2020-06-11,2020-06-11,-0.0574059159838739,0.045303526056678214,1.2671401319194153,1.0687412340962252,0.08989597844317476,0.1470680215930229,-0.068509379479057,-0.053717573031282995,0.030608378820890847,0.031005077399909764,2.0,-0.005580149397473311,0.1081083623137784,0.9900297548331803,21.61371775885409,21.181443403677008,-0.020000000000000018,-40.000000000000036,0,0,SL,SL
COP,2020-06-10,2020-06-11,2020-06-11,-0.05593294956444406,0.04121424173207076,1.3571267409954548,1.0612383380309944,0.04045312170581372,0.16599924625491602,-0.09260847489769408,-0.055155746904832714,0.01750854823830128,0.02775902073602099,3.0,-0.005580149397473311,0.1081083623137784,0.9900297548331803,33.62802872948898,34.97314987866854,0.040000000000000036,80.00000000000007,0,0,TP,TP
CVX,2020-06-10,2020-06-11,2020-06-11,-0.03890471861868605,0.032354398944140064,1.2024553040177048,1.0558706328648708,0.04063484015147312,0.10701629241424171,-0.05000858587188994,-0.03204051175685341,0.004116450298239149,0.03919063104558651,3.0,-0.005580149397473311,0.1081083623137784,0.9900297548331803,70.53259561328478,69.12194370101909,-0.019999999999999907,-39.999999999999815,0,0,SL,SL
MS,2020-06-10,2020-06-11,2020-06-11,-0.03392852990499329,0.04148693043729622,0.8178124905209178,1.0934494377073458,0.1103890198879991,0.21081486816669948,0.09587380998825279,-0.016959347609195263,0.03794524431106083,0.03905258360108155,1.0,-0.005580149397473311,0.1081083623137784,0.9900297548331803,38.138527475291575,37.375756925785744,-0.020000000000000018,-40.000000000000036,0,0,SL,SL
XOM,2020-06-10,2020-06-11,2020-06-11,-0.05362457963397138,0.037695590778236095,1.422569020059822,1.2733274060584487,0.0815486758132613,0.15307519928414948,-0.11473865989618848,-0.045779840043283615,0.02863543883199604,0.09537209489123222,3.0,-0.005580149397473311,0.1081083623137784,0.9900297548331803,36.466226567429075,35.736902036080494,-0.020000000000000018,-40.00000000000003,0,0,SL,SL
AAPL,2020-06-11,2020-06-12,2020-06-12,-0.04801038831829174,0.022449280844667033,2.1386158715056083,1.617725555957188,0.0396693708999003,0.12788598629037784,0.231005479674383,0.007317513188315639,0.04213245310914315,0.05545952652079866,1.0,-0.05764913738154509,0.04112676765008194,2.1096583010233187,83.36997039015924,81.70257098235605,-0.020000000000000018,-40.00000000000003,0,0,SL,SL
ABBV,2020-06-11,2020-06-12,2020-06-12,-0.0478843596382611,0.027631542845532646,1.7329600415708544,1.1834854836169058,0.0014872759720310214,0.07525595907303617,0.1357120439587569,-0.02463249831146408,-0.0083834832099563,0.024769672352959793,1.0,-0.05764913738154509,0.04112676765008194,2.1096583010233187,73.44623610144897,71.97731137941999,-0.02000000000000013,-40.000000000000256,0,0,SL,SL
ADBE,2020-06-11,2020-06-12,2020-06-12,-0.047072399468354176,0.03013240889673475,1.5621850755335762,1.421039391568943,0.011095024651666119,0.0872711636986645,0.2000558837048121,-0.025416022380682635,0.00484713762035982,0.020640884428899886,2.0,-0.05764913738154509,0.04112676765008194,2.1096583010233187,409.29998779296875,401.1139880371094,-0.020000000000000018,-40.000000000000036,0,0,SL,SL
AMT,2020-06-11,2020-06-12,2020-06-16,-0.052121967060757335,0.03255764155142054,1.6009134745966627,1.2280274907797968,0.004523156456639255,0.029953814723004513,0.0997308891367632,-0.057591583223911114,-0.03161097126319501,-0.02560816523760412,3.0,-0.05764913738154509,0.04112676765008194,2.1096583010233187,214.25509578847286,222.82529962001178,0.040000000000000036,80.00000000000006,2,2,TP,TP
AMZN,2020-06-11,2020-06-12,2020-06-12,-0.03380230045218746,0.02477140241139161,1.3645695100670934,1.4844778759023487,0.03503977812901171,0.08958535422312242,0.29924384697523787,0.013430739803937719,0.039567616788711346,0.0653284103069367,1.0,-0.05764913738154509,0.04112676765008194,2.1096583010233187,130.0605010986328,127.45929107666015,-0.020000000000000018,-40.000000000000036,0,0,SL,SL
AVGO,2020-06-11,2020-06-12,2020-06-12,-0.06757884697712158,0.03307482071639982,2.0432112862100347,1.7507504186239642,0.010870896721447698,0.07930528164509587,0.042246714838934274,-0.07486139840727557,-0.049014129242829885,0.03747263620385555,3.0,-0.05764913738154509,0.04112676765008194,2.1096583010233187,26.3975137569247,25.869563481786205,-0.020000000000000018,-40.000000000000036,0,0,SL,SL
BA,2020-06-11,2020-06-12,2020-06-12,-0.16424956029993376,0.09478571915826876,1.7328513383506383,2.085274735221135,0.06369332212032575,0.1711295845016796,-0.3872310942933601,-0.26247288503253796,-0.07759089970140631,0.13469491182249538,3.0,-0.05764913738154509,0.04112676765008194,2.1096583010233187,187.14999389648438,183.40699401855468,-0.020000000000000018,-40.000000000000036,0,0,SL,SL
BAC,2020-06-11,2020-06-12,2020-06-12,-0.1003759684811999,0.05762171907260376,1.7419814975447971,1.7329069461847326,-0.0258984362866701,0.02940231651460934,-0.16168861954908498,-0.16152791598267957,-0.10642277746506978,-0.030696367523141865,3.0,-0.05764913738154509,0.04112676765008194,2.1096583010233187,21.65698216418499,21.22384252090129,-0.019999999999999907,-39.999999999999815,0,0,SL,SL
CAT,2020-06-11,2020-06-12,2020-06-12,-0.08222607219199429,0.042481120160507556,1.9355909609096305,1.45602804097358,0.0024659181855792855,0.04347694296894611,-0.04227915431001783,-0.11741227357294348,-0.05745973126374193,0.006708517535268355,3.0,-0.05764913738154509,0.04112676765008194,2.1096583010233187,110.91727204825605,108.69892660729093,-0.020000000000000018,-40.000000000000036,0,0,SL,SL
COP,2020-06-11,2020-06-12,2020-06-12,-0.08255270081781207,0.04977281232524683,1.6585902415632225,1.1298310517359271,-0.04784511489127241,0.06346322155056949,-0.1668570298926374,-0.1627908499255989,-0.0579287803376044,-0.02069285384184083,3.0,-0.05764913738154509,0.04112676765008194,2.1096583010233187,36.209263977208884,35.485078697664704,-0.020000000000000018,-40.000000000000036,0,0,SL,SL
CVX,2020-06-11,2020-06-12,2020-06-12,-0.08413602345151483,0.040417826839974046,2.0816562895534654,1.4843994433800063,-0.04791170072556794,0.009761915376605979,-0.1289925520651546,-0.1343470455844613,-0.07176958622639162,-0.016506848893647064,3.0,-0.05764913738154509,0.04112676765008194,2.1096583010233187,71.54127632252492,70.11045079607442,-0.02000000000000013,-40.000000000000256,0,0,SL,SL
DIS,2020-06-11,2020-06-12,2020-06-15,-0.07808152921211187,0.03519428840395107,2.218585252127049,1.4333188877307368,-0.05052518584008292,0.030437389065928633,-0.11389540176989921,-0.11502199897607868,-0.08933627120822174,-0.03520346444524902,3.0,-0.05764913738154509,0.04112676765008194,2.1096583010233187,111.66458597477174,109.4312942552763,-0.020000000000000018,-40.00000000000003,1,1,SL,SL
DUK,2020-06-11,2020-06-12,2020-06-12,-0.03448252795411899,0.025608650658591997,1.3465187375091043,1.390205592013326,0.01235823020818172,0.03271230225071875,-0.017302098810789146,-0.05255128239061957,-0.015377204618332696,0.01456357074533643,3.0,-0.05764913738154509,0.04112676765008194,2.1096583010233187,69.7250856908671,68.33058397704976,-0.02000000000000013,-40.000000000000256,0,0,SL,SL
GOOGL,2020-06-11,2020-06-12,2020-06-12,-0.042875705133399555,0.0213389089167008,2.0092735434960822,1.3558035200736225,-0.010988908950773979,0.05569112730763193,0.0695597291494785,-0.03186372351356226,-0.008767439448133185,-0.011521471122078353,1.0,-0.05764913738154509,0.04112676765008194,2.1096583010233187,70.66637905468488,69.25305147359119,-0.020000000000000018,-40.000000000000036,0,0,SL,SL
GS,2020-06-11,2020-06-12,2020-06-12,-0.09081126656515004,0.0453427643686466,2.0027730516568103,1.305990142870027,-0.012902443383872586,0.05975033132613805,-0.048321186708635055,-0.12082762864247609,-0.09631308538042882,-0.029204248413424172,3.0,-0.05764913738154509,0.04112676765008194,2.1096583010233187,173.57759582448534,170.10604390799563,-0.020000000000000018,-40.000000000000036,0,0,SL,SL
HD,2020-06-11,2020-06-12,2020-06-12,-0.0588720052795072,0.02464017889879898,2.3892685812592362,1.1287114921804267,-0.02360824680440088,0.07328479945000965,0.08267604351303559,-0.06737551636304806,-0.038079905431177896,-0.017296542221421074,3.0,-0.05764913738154509,0.04112676765008194,2.1096583010233187,209.91916369085234,205.7207804170353,-0.020000000000000018,-40.00000000000003,0,0,SL,SL
HON,2020-06-11,2020-06-12,2020-06-12,-0.06929644198561691,0.039190100992410576,1.7682128963902548,1.0868784230407256,-0.012131129287599851,0.0339157014392395,-0.09943928236560362,-0.11956773183635316,-0.0799816361560689,-0.027920577724394602,3.0,-0.05764913738154509,0.04112676765008194,2.1096583010233187,129.19248821212474,126.60863844788224,-0.020000000000000018,-40.000000000000036,0,0,SL,SL
JPM,2020-06-11,2020-06-12,2020-06-12,-0.08344336426897847,0.05033283097542173,1.657831730341675,1.3776943476239663,-0.010383817371206971,0.03212146719820086,-0.15216182333344586,-0.14314685580333752,-0.08671577766956196,-0.026537011923430276,3.0,-0.05764913738154509,0.04112676765008194,2.1096583010233187,85.57682678741948,83.86529025167108,-0.020000000000000018,-40.00000000000004,0,0,SL,SL
MA,2020-06-11,2020-06-12,2020-06-12,-0.0699344777408536,0.0287381442521894,2.433507088249989,1.4475812822241656,-0.026367497954616792,0.04966358711527885,0.023896186385163,-0.06172494723494826,-0.033580049411779056,-0.03655312598768801,2.0,-0.05764913738154509,0.04112676765008194,2.1096583010233187,288.30958932358317,282.5433975371115,-0.020000000000000018,-40.000000000000036,0,0,SL,SL
MCD,2020-06-11,2020-06-12,2020-06-12,-0.0423391650118754,0.024270115105365357,1.744497907326181,1.4111511618989185,0.002214730121247399,0.032544955969173506,-0.030300947920673504,-0.07471020105352932,-0.029652129890793355,0.00016000656591641516,3.0,-0.05764913738154509,0.04112676765008194,2.1096583010233187,165.74121104553973,162.42638682462893,-0.020000000000000018,-40.000000000000036,0,0,SL,SL
META,2020-06-11,2020-06-12,2020-06-12,-0.05195807555150167,0.0334275553486176,1.5543486506754196,1.0280367716315093,-0.011103888284913044,0.10762557359247427,0.14754271009602782,-0.03012109944397723,-0.008219688343222398,-0.004568610504602222,2.0,-0.05764913738154509,0.04112676765008194,2.1096583010233187,227.89869613147326,223.3407222088438,-0.020000000000000018,-40.000000000000036,0,0,SL,SL
MS,2020-06-11,2020-06-12,2020-06-12,-0.08461701964545854,0.05017786554063829,1.6863415518726776,1.2989199350464102,0.007721271051049916,0.10240134635745624,0.0025445363330336424,-0.11126610790537017,-0.08461701964545854,0.0038288065002003435,2.0,-0.05764913738154509,0.04112676765008194,2.1096583010233187,38.659384235019886,37.88619655031949,-0.019999999999999907,-39.99999999999981,0,0,SL,SL
MSFT,2020-06-11,2020-06-12,2020-06-12,-0.05369864056898155,0.02471070163574102,2.1730925070663716,1.5267258700552635,0.00814090940488077,0.05062299671173576,0.17777791252634234,-0.011096054286541368,0.018313879439818548,0.026846678352075326,1.0,-0.05764913738154509,0.04112676765008194,2.1096583010233187,180.76669001336575,177.15135621309844,-0.020000000000000018,-40.00000000000004,0,0,SL,SL
NFLX,2020-06-11,2020-06-12,2020-06-12,-0.020530336666686244,0.03230364474085229,0.6355424235062517,1.191274511603629,-0.01073278839393177,0.014246550097064548,0.23888688662964808,0.014469914053142796,0.027104026621953103,0.029314965507734714,2.0,-0.05764913738154509,0.04112676765008194,2.1096583010233187,42.900001525878906,42.042001495361326,-0.020000000000000018,-40.000000000000036,0,0,SL,SL
NKE,2020-06-11,2020-06-12,2020-06-12,-0.06805716064844691,0.03003888716716761,2.2656352171006233,1.4829039622819935,-0.019295966184745272,0.05070725133725951,0.03734973882501236,-0.0874483229948958,-0.060327539647129114,-0.03100324148286382,3.0,-0.05764913738154509,0.04112676765008194,2.1096583010233187,88.35622739119616,86.58910284337223,-0.020000000000000018,-40.000000000000036,0,0,SL,SL
PLD,2020-06-11,2020-06-12,2020-06-12,-0.057047877694769045,0.0318918659728602,1.7887908391223164,1.5650303921353492,-0.003305485815349507,0.030534073703722076,0.046270610024469416,-0.0701649102811519,-0.026138111745599102,-0.022998448029254437,3.0,-0.05764913738154509,0.04112676765008194,2.1096583010233187,78.72580716227273,77.15129101902727,-0.02000000000000013,-40.000000000000256,0,0,SL,SL
TSLA,2020-06-11,2020-06-12,2020-06-12,-0.0509341048991272,0.0403010104487235,1.2638418821764428,1.4028873045155228,0.12693551216569965,0.2725107152046313,0.8848968706137952,0.024128406297069693,0.1254772977998675,0.20728211813328423,2.0,-0.05764913738154509,0.04112676765008194,2.1096583010233187,65.33333587646484,64.02666915893555,-0.020000000000000018,-40.000000000000036,0,0,SL,SL
UPS,2020-06-11,2020-06-12,2020-06-12,-0.057769816808252994,0.02861551558087317,2.0188284444843894,1.251320630129233,0.0067150218244151905,0.03530331134515241,-0.05941028487211464,-0.0903577643121124,-0.026453640371865927,0.0075208099281594,3.0,-0.05764913738154509,0.04112676765008194,2.1096583010233187,78.93439887748562,77.3557108999359,-0.02000000000000013,-40.000000000000256,0,0,SL,SL
V,2020-06-11,2020-06-12,2020-06-12,-0.0578609361295207,0.0232876302867523,2.4846210377376274,1.353505668524149,-0.022582807476013378,0.050201436048471715,0.03859767968681904,-0.053707471669909634,-0.024581719711208927,-0.027694695116974977,3.0,-0.05764913738154509,0.04112676765008194,2.1096583010233187,185.61511696121815,181.90281462199377,-0.02000000000000013,-40.000000000000256,0,0,SL,SL
XOM,2020-06-11,2020-06-12,2020-06-12,-0.08825277618559269,0.04621658875218075,1.9095476011614647,1.5744642891584855,-0.01835530070387892,0.04705480919974714,-0.19154740618133315,-0.15637538885731517,-0.05947048794212795,0.025310737656544458,3.0,-0.05764913738154509,0.04112676765008194,2.1096583010233187,36.85751361998255,36.120363347582895,-0.020000000000000018,-40.000000000000036,0,0,SL,SL
TSLA,2020-06-12,2020-06-15,2020-06-15,-0.03860863311078977,0.04616570728077572,0.8363054610205688,1.457738928083523,0.07520875745965738,0.2090300512703296,0.7995506643305579,-0.0057299536479433755,0.056026057579679156,0.12009580417802534,3.0,0.01197581916680246,0.04937486496503651,1.8934192852768652,61.18600082397461,63.633440856933596,0.040000000000000036,80.00000000000007,0,0,TP,TP
AVGO,2020-06-19,2020-06-22,2020-06-29,-0.04022695943815402,0.036280186699451156,1.1087858993504731,1.92588005290282,0.013054653574271713,0.09249065248085886,0.0807593109126501,-0.015546909972334988,0.01878193400270889,-0.03529306227111784,1.0,-0.005714934786885895,0.051252561124151,1.2671939349516723,26.905501691852702,27.282438278198242,0.014009647196420172,28.019294392840344,5,5,TIME,TIME
BA,2020-06-19,2020-06-22,2020-06-24,-0.02740646522271173,0.10103198407110855,0.27126523817865883,1.1161356296423823,0.04897695728408613,0.23164098660925103,-0.3137960845656599,-0.05435606900827128,-0.013139097179833303,-0.0896168478785655,3.0,-0.005714934786885895,0.051252561124151,1.2671939349516723,184.55999755859375,180.86879760742187,-0.020000000000000018,-40.000000000000036,2,2,SL,SL
DIS,2020-06-19,2020-06-22,2020-06-24,-0.03396130963955102,0.03719781802392299,0.912991982962805,1.5882048768947394,-0.0431483138573151,0.024759065078596265,-0.09638891306599029,-0.034532268564911206,-0.009870974990609294,-0.08388086858466814,2.0,-0.005714934786885895,0.051252561124151,1.2671939349516723,110.7144216248428,108.50013319234594,-0.020000000000000018,-40.000000000000036,2,2,SL,SL
KO,2020-06-19,2020-06-22,2020-06-24,-0.020642527823646284,0.0283993682167209,0.7268657410305499,1.5622375083458886,-0.01636934016057756,0.0008691671578562321,-0.09578857820672004,-0.016035922653149237,0.009210588227049676,-0.05402160087045338,2.0,-0.005714934786885895,0.051252561124151,1.2671939349516723,38.46368341943364,37.69440975104497,-0.019999999999999907,-39.999999999999815,2,2,SL,SL
MA,2020-06-19,2020-06-22,2020-06-24,-0.02739087777192073,0.02939046415225127,0.9319647906895212,1.0753147255379836,-0.02102563023239845,0.045527206590950886,0.04002041412753754,-0.026208661945270495,-0.004332121528806687,-0.049313710189608506,3.0,-0.005714934786885895,0.051252561124151,1.2671939349516723,289.09109566687926,283.3092737535417,-0.020000000000000018,-40.00000000000003,2,2,SL,SL
NEE,2020-06-19,2020-06-22,2020-06-25,-0.026995484677053483,0.032114937567766344,0.8405896670385796,1.5403372951588425,-0.030327559540677784,0.010095208425958901,0.019801507838455024,-0.024015871923039667,-0.019035461545869214,-0.047841667493662476,3.0,-0.005714934786885895,0.051252561124151,1.2671939349516723,51.85411835465646,50.81703598756333,-0.020000000000000018,-40.00000000000003,3,3,SL,SL
NKE,2020-06-19,2020-06-22,2020-06-23,-0.027120351195805692,0.032433006444331475,0.8361960289545002,1.4432929041367206,-0.03527953099214198,0.03556911980626265,0.03918729723099901,-0.03291597113642952,-0.0067405518514295215,-0.06747145537407073,2.0,-0.005714934786885895,0.051252561124151,1.2671939349516723,87.49797450503243,90.99789348523373,0.040000000000000036,80.00000000000007,1,1,TP,TP
PLD,2020-06-19,2020-06-22,2020-06-22,-0.03386266157482698,0.03709002903237659,0.912985577478724,3.4183119738625307,-0.018805303206199886,0.024024878514332437,0.05894882472599816,-0.0519091743871154,-0.021410181848279253,-0.03419097917259539,3.0,-0.005714934786885895,0.051252561124151,1.2671939349516723,77.71412338340103,76.15984091573301,-0.019999999999999907,-39.999999999999815,0,0,SL,SL
XOM,2020-06-19,2020-06-22,2020-06-24,-0.020033982160743258,0.05359468907286725,0.37380536219745747,1.8351784921144396,-0.04148425385313004,0.022145946353378188,-0.18726660202452883,-0.046058259630001874,-0.025227896116347903,-0.1337603429415647,3.0,-0.005714934786885895,0.051252561124151,1.2671939349516723,35.05453070747124,34.35344009332181,-0.02000000000000013,-40.000000000000256,2,2,SL,SL
ABBV,2020-06-24,2020-06-25,2020-07-01,-0.022299689153846836,0.027846140783539232,0.8008179419615991,1.0355514350690627,0.010976777622475842,0.06531393971520894,0.1507573066195953,-0.01623409444778723,-0.006266898667797061,-0.0181632166198753,1.0,-0.02550862144126409,0.029249950613230213,1.231137721664533,74.57450882593349,77.55748917897084,0.040000000000000036,80.00000000000007,4,4,TP,TP
AMT,2020-06-24,2020-06-25,2020-06-26,-0.03901712428978632,0.029526291098749522,1.3214366870290304,1.549508658664907,-0.0270776586690179,0.025024724080297656,0.10887230473143861,-0.042997111992053694,-0.033058324624235524,-0.038050970095436454,4.0,-0.02550862144126409,0.029249950613230213,1.231137721664533,213.10676499971746,208.8446296997231,-0.020000000000000018,-40.000000000000036,1,1,SL,SL
MA,2020-06-24,2020-06-25,2020-06-29,-0.041937953977689624,0.032054254896011415,1.3083428117029188,1.2195999251838032,-0.03041858387387486,0.029351825988273905,0.03052650959208658,-0.00839783166149688,-0.03209765201043846,-0.06112054415107082,2.0,-0.02550862144126409,0.029249950613230213,1.231137721664533,283.8418929793518,278.16505511976476,-0.02000000000000013,-40.000000000000256,2,2,SL,SL
META,2020-06-24,2020-06-25,2020-06-26,-0.033933264799511864,0.029374803026981044,1.1551827179349536,1.0085317793107922,0.005218924788847001,0.08898979421930142,0.18292373211562696,-0.019975746968113217,-0.006411144132942748,-0.011447737098814192,1.0,-0.02550862144126409,0.029249950613230213,1.231137721664533,232.57760203013643,227.9260499895337,-0.020000000000000018,-40.00000000000004,1,1,SL,SL
MSFT,2020-06-24,2020-06-25,2020-06-29,-0.02015795078677074,0.028374340577130786,0.7104288725926441,1.0536232116801718,0.039779965921143745,0.07924890192667045,0.23033357731723236,0.013784153481729344,0.018533674638608,0.00508006378923298,2.0,-0.02550862144126409,0.029249950613230213,1.231137721664533,187.65434572459228,183.90125881010042,-0.02000000000000013,-40.000000000000256,2,2,SL,SL
V,2020-06-24,2020-06-25,2020-07-02,-0.03313602385939529,0.02809597569750542,1.1793868351878367,1.0993625788054255,-0.018228788496557402,0.035393683937835485,0.04914385290507517,-0.004109873514877571,-0.011107529530035132,-0.045241078540317226,2.0,-0.02550862144126409,0.029249950613230213,1.231137721664533,182.64274520851055,187.010498046875,0.023914187412032772,47.82837482406554,5,5,TIME,TIME
AAPL,2020-06-26,2020-06-29,2020-07-02,-0.030725790357819638,0.030667611933322677,1.0018970640630074,1.3810352098821386,0.027821139975604314,0.11381172901145864,0.25937837228891336,-0.03519465846710823,0.011180802827647218,0.04377257431162396,2.0,-0.023751470659269414,0.011946472279998455,1.1818113305968525,85.43294416349418,88.85026193003395,0.040000000000000036,80.00000000000007,3,3,TP,TP
ADBE,2020-06-26,2020-06-29,2020-06-29,-0.022954568026295363,0.028623631678892068,0.8019446408410418,1.1772463188958224,0.041977372744461006,0.12438979476357681,0.2907784806048852,-0.030938542147093684,-0.0025466608561035553,0.05013037943241083,2.0,-0.023751470659269414,0.011946472279998455,1.1818113305968525,427.1099853515625,418.5677856445312,-0.020000000000000018,-40.00000000000004,0,0,SL,SL
AMZN,2020-06-26,2020-06-29,2020-06-29,-0.02240276315369638,0.027483155024095658,0.8151452456624765,1.6287588380611637,0.034549341370963216,0.08803561293099738,0.33543091931903724,-0.02587901928581582,0.0066765364515981585,0.0580938007054721,2.0,-0.023751470659269414,0.011946472279998455,1.1818113305968525,134.50050354003906,131.81049346923828,-0.020000000000000018,-40.000000000000036,0,0,SL,SL
BLK,2020-06-26,2020-06-29,2020-07-06,-0.022158459001033415,0.03406563965923633,0.65046361150672,1.2269706600824775,-0.021672477479620977,0.038862340220701785,0.11196692402204911,-0.03569843153787888,-0.03694829740433936,0.014818558661784165,3.0,-0.023751470659269414,0.011946472279998455,1.1818113305968525,468.44547337381806,487.1832923087708,0.040000000000000036,80.00000000000006,4,4,TP,TP
CRM,2020-06-26,2020-06-29,2020-07-01,-0.0274505130286522,0.0314306140532038,0.8733686520468761,1.1540346087317197,0.016442199313420502,0.062382269843282545,0.11379472158840254,-0.031154091079421464,-0.020219294986256187,0.04602810817557468,3.0,-0.023751470659269414,0.011946472279998455,1.1818113305968525,180.20239470198547,187.4104904900649,0.040000000000000036,80.00000000000007,2,2,TP,TP
MA,2020-06-26,2020-06-29,2020-06-29,-0.029093049385295888,0.032403758666215726,0.8978294674076932,1.1981141719442916,-0.04332085332079427,0.007116577914824784,0.013317773919712117,-0.057155945716429346,-0.024148579401210846,-0.028376086349303442,2.0,-0.023751470659269414,0.011946472279998455,1.1818113305968525,281.1208651937693,275.4984478898939,-0.02000000000000013,-40.000000000000256,0,0,SL,SL
MS,2020-06-26,2020-06-29,2020-07-07,-0.035663194818451704,0.04434490060408869,0.8042231312423662,1.4583706262043403,-0.011336539476998198,0.10049639215727235,0.04980337237547361,-0.017540029462686513,0.002556932726821781,0.016637895495596133,2.0,-0.023751470659269414,0.011946472279998455,1.1818113305968525,39.3290660731142,39.262916564941406,-0.0016819496310901405,-3.363899262180281,5,5,TIME,TIME
MSFT,2020-06-26,2020-06-29,2020-06-30,-0.020015754608327274,0.028872685860597515,0.6932418655114704,1.55339237605893,0.02323438932747912,0.06534914436387229,0.21614539068602334,-0.02763624973981682,0.006046803385675759,0.04575512407735083,2.0,-0.023751470659269414,0.011946472279998455,1.1818113305968525,185.73796999200283,193.16748879168296,0.040000000000000036,80.00000000000006,1,1,TP,TP
NFLX,2020-06-26,2020-06-29,2020-06-29,-0.048314040691359916,0.03309652377447566,1.459792001739474,1.2573657534271887,0.012880310535651418,0.02423374202587114,0.2592165867530769,-0.04902842459202639,-0.022745337606412952,0.06058796359745666,3.0,-0.023751470659269414,0.011946472279998455,1.1818113305968525,44.52299880981445,43.63253883361816,-0.020000000000000018,-40.000000000000036,0,0,SL,SL
NVDA,2020-06-26,2020-06-29,2020-06-29,-0.0353006929862314,0.038885850803160676,0.9078030249337408,1.314380523999359,0.006947189797419151,0.09614276966348845,0.43994571095961543,-0.031217274693504327,-0.011472896638202612,0.024908896770051925,3.0,-0.023751470659269414,0.011946472279998455,1.1818113305968525,9.12746835403248,8.94491898695183,-0.020000000000000018,-40.000000000000036,0,0,SL,SL
UPS,2020-06-26,2020-06-29,2020-07-01,-0.02895385739133316,0.033431411848817795,0.8660674434650605,1.2248117540870758,0.012706071885421943,0.07709967496808634,0.009255305115159151,-0.029744214431863814,-0.004175476716410276,0.057548358589670334,3.0,-0.023751470659269414,0.011946472279998455,1.1818113305968525,83.58255598059692,86.9258582198208,0.040000000000000036,80.00000000000007,2,2,TP,TP
V,2020-06-26,2020-06-29,2020-07-02,-0.024281022364900928,0.028575934460263692,0.849701779609865,1.35127498320325,-0.02764692656601353,0.017715712383812088,0.0364594982935853,-0.043946042166684296,-0.015244418564663409,-0.015552054203454957,2.0,-0.023751470659269414,0.011946472279998455,1.1818113305968525,181.50537899875283,188.76559415870295,0.040000000000000036,80.00000000000007,3,3,TP,TP
AMD,2020-07-10,2020-07-13,2020-07-13,-0.02410054652235305,0.035765419294037405,0.6738505237200154,1.2145909148387666,0.04513066115812592,0.04368616582457707,0.21778473530687226,0.05573400237919479,0.06763471351179029,0.0760639464611319,2.0,0.010210722375826098,0.05143483370487645,0.5944352161012634,56.68000030517578,55.54640029907227,-0.020000000000000018,-40.000000000000036,0,0,SL,SL
ADBE,2020-07-13,2020-07-14,2020-07-14,-0.05090092313380301,0.02862178820618165,1.7783977285811086,1.1729461143021784,0.01470911974634359,0.10413510771201984,0.3046358867746015,-0.033232808290688864,-0.02236018294498976,0.036423656197605014,2.0,-0.008658816301496786,0.040564577222508724,1.1167317693721615,435.739990234375,427.0251904296875,-0.020000000000000018,-40.00000000000003,0,0,SL,SL
AMD,2020-07-13,2020-07-14,2020-07-17,-0.04098068847092429,0.04201210804616186,0.9754494686602188,1.1882250037838251,0.002216136395935875,0.00046672409704728857,0.1648265448619668,0.0029945694646873466,0.003558026615727794,0.06966071426667897,3.0,-0.008658816301496786,0.040564577222508724,1.1167317693721615,53.29999923706055,55.43199920654297,0.040000000000000036,80.00000000000009,3,3,TP,TP
AMZN,2020-07-13,2020-07-14,2020-07-14,-0.030000019073486373,0.034006594173465556,0.8821824061668191,1.578295876302359,0.09583042411919473,0.19591063882603388,0.4955883232926106,0.0074291457334214606,0.015361211279396603,0.15267357328811126,2.0,-0.008658816301496786,0.040564577222508724,1.1167317693721615,154.4499969482422,151.36099700927736,-0.019999999999999907,-39.999999999999815,0,0,SL,SL
DIS,2020-07-13,2020-07-14,2020-07-15,-0.026143682247865008,0.028800071941273413,0.9077644771573806,1.1480135834285405,0.012263592962889813,0.015020122202780817,-0.07006585005970567,-0.0037716211745272288,0.015642762054154602,0.06526145375726622,2.0,-0.008658816301496786,0.040564577222508724,1.1167317693721615,111.72276836174433,116.1916790962141,0.040000000000000036,80.00000000000007,1,1,TP,TP
MSFT,2020-07-13,2020-07-14,2020-07-17,-0.030889073677813017,0.025602100051310177,1.2065054669697801,1.1377035158766586,0.0238418100918234,0.08328879690502333,0.2551288759998134,-0.027064071086866592,-0.01722840764002531,0.05470347032589662,3.0,-0.008658816301496786,0.040564577222508724,1.1167317693721615,195.55706116113717,191.6459199379144,-0.020000000000000018,-40.00000000000003,3,3,SL,SL
NFLX,2020-07-13,2020-07-14,2020-07-14,-0.042334150038499385,0.042008958881731714,1.0077409953834653,2.5404386637118654,0.11205161590935009,0.17521242234881584,0.44863172456089107,0.04518873791016076,0.06417445343286055,0.18516010501171554,2.0,-0.008658816301496786,0.040564577222508724,1.1167317693721615,51.70800018310547,50.67384017944336,-0.020000000000000018,-40.000000000000036,0,0,SL,SL
NVDA,2020-07-13,2020-07-14,2020-07-14,-0.04074732860195884,0.03285689737589903,1.2401453532203424,1.114410170313051,0.04917364275648595,0.1313839326093622,0.5162964735396898,-0.016028630975731928,0.021648106435792958,0.09800693761442436,2.0,-0.008658816301496786,0.040564577222508724,1.1167317693721615,10.028542714415202,9.827971860126897,-0.02000000000000013,-40.000000000000256,0,0,SL,SL
TSLA,2020-07-13,2020-07-14,2020-07-14,-0.030809585105470272,0.06616921790483558,0.4656180937453507,2.699812465893446,0.310158667489681,0.5569062411545604,1.4518558190502193,0.09604061652038554,0.0914857336002548,0.5598599913001339,2.0,-0.008658816301496786,0.040564577222508724,1.1167317693721615,103.73332977294922,101.65866317749023,-0.02000000000000013,-40.000000000000256,0,0,SL,SL
AMZN,2020-07-15,2020-07-16,2020-07-20,-0.02436122126125273,0.038838748929509434,0.6272401128436769,1.1196860414962158,0.04554482933192339,0.14609278384897006,0.4406327301283661,-0.059728145599365234,-0.02344609313165047,0.09063659797606238,3.0,0.009187132652631824,0.0583537844499471,0.9953557144015774,148.55299377441406,154.49511352539062,0.040000000000000036,80.00000000000007,2,2,TP,TP
NFLX,2020-07-17,2020-07-20,2020-07-23,-0.06522684787763111,0.05370289652822233,1.2145871469586866,2.5154096697439035,0.010199527866701086,0.08474279490237446,0.34044536093891975,-0.060756729901433326,-0.10158003390841941,0.03376041934553653,4.0,0.0028988690154785335,0.05276343677609341,0.7362601642035778,48.91400146484375,47.935721435546874,-0.020000000000000018,-40.00000000000003,3,3,SL,SL
ABBV,2020-07-21,2020-07-22,2020-07-29,-0.021499060127668,0.022164427713534652,0.9699803850355971,1.1694221445036166,-0.0005228779655346294,0.037766301365308674,0.15500844094104815,-0.025220352546744818,-0.014868009755678036,-0.0076619617813419305,3.0,0.002127651530671626,0.05855848115888995,0.7123065344248483,77.56252745787833,76.93600463867188,-0.008077648314731678,-16.155296629463358,5,5,TIME,TIME
TSLA,2020-07-21,2020-07-22,2020-07-22,-0.045429074387502544,0.07944240225811317,0.5718492026449645,1.0035232218009862,0.19883386674997516,0.48685283106920396,1.4138694562650325,0.04512746026933079,0.033992603441028946,0.1284302180146173,2.0,0.002127651530671626,0.05855848115888995,0.7123065344248483,106.5999984741211,104.46799850463867,-0.020000000000000018,-40.00000000000004,0,0,SL,SL
GS,2020-07-22,2020-07-23,2020-07-27,-0.028393392872575918,0.0331068099168643,0.8576299844012633,1.1458980697611254,0.007993023000558486,0.029478913308578658,0.01002995565818976,-0.0255901174908556,-0.05025354316047348,0.01854140505121693,3.0,0.005692075691779985,0.062117966748293174,0.7233332286165254,177.4537437103453,173.90466883613837,-0.02000000000000013,-40.000000000000256,2,2,SL,SL
MS,2020-07-22,2020-07-23,2020-07-27,-0.026345818029603008,0.03088234757258143,0.8531028273573952,1.01548040307197,0.03174125386077531,0.09518212477258747,0.12143618451550187,-0.026902982801430997,-0.006816081268585239,0.0427316328967009,3.0,0.005692075691779985,0.062117966748293174,0.7233332286165254,42.15659432593056,41.31346243941195,-0.020000000000000018,-40.000000000000036,2,2,SL,SL
AAPL,2020-07-23,2020-07-24,2020-07-24,-0.045516215449711406,0.027063082927414748,1.6818562604929146,1.5149190043959353,-0.015195719087072956,0.06206294271714352,0.25821654838740415,-0.056045376859581664,-0.03809980667350221,-0.030364513688670325,3.0,-0.011931773480721275,0.04689051450952708,0.9830453938453945,88.02071079474753,86.26029657885258,-0.020000000000000018,-40.000000000000036,0,0,SL,SL
AMD,2020-07-23,2020-07-24,2020-07-24,-0.0359281629359105,0.04376603320498261,0.820914309680234,1.977969789372123,0.09085581157934786,0.09799974221620689,0.26390517757049525,0.036721208561970586,0.08466863949220338,0.040342323454492846,2.0,-0.011931773480721275,0.04689051450952708,0.9830453938453945,64.18000030517578,66.74720031738282,0.040000000000000036,80.00000000000007,0,0,TP,TP
MSFT,2020-07-23,2020-07-24,2020-07-31,-0.04349482596532395,0.03009985985678892,1.445017557299817,1.8616867505125316,-0.02018509862227691,0.03706080457360339,0.20689372556498498,-0.04281664134639063,-0.006767531968174811,-0.0549646426604431,3.0,-0.011931773480721275,0.04689051450952708,0.9830453938453945,190.13997095622724,194.49453735351562,0.022901898929451603,45.80379785890321,5,5,TIME,TIME
NVDA,2020-07-23,2020-07-24,2020-07-24,-0.029601157411082935,0.03694738438856171,0.8011705808394641,1.0614964505906228,0.013985243729994101,0.08646497470676362,0.4757135846138416,-0.03624848457226193,-0.0004934744153367587,-0.036087957039105834,2.0,-0.011931773480721275,0.04689051450952708,0.9830453938453945,9.829467523808882,10.222646224761238,0.040000000000000036,80.00000000000007,0,0,TP,TP
TSLA,2020-07-23,2020-07-24,2020-07-24,-0.04977615338574293,0.0874796673088035,0.5690025455861983,1.42198045050861,0.10817049252756217,0.39516124791769136,1.282467145733273,-0.07908097325349261,0.008283132989526543,0.08519802140698762,2.0,-0.011931773480721275,0.04689051450952708,0.9830453938453945,94.40066528320312,92.51265197753906,-0.020000000000000018,-40.000000000000036,0,0,SL,SL
HON,2020-07-24,2020-07-27,2020-07-29,-0.02797110986134632,0.022714783826641046,1.2314055055430635,1.2627316452165394,0.011613633339936591,0.02193644494764202,-0.04742011777280042,-0.03444035400320122,-0.03593536817447385,0.048999739668664555,4.0,-0.006440410732533541,0.03742326715449473,0.9673142979432576,129.70674505722303,134.89501485951195,0.040000000000000036,80.00000000000007,2,2,TP,TP
TSLA,2020-07-24,2020-07-27,2020-07-27,-0.06349339370613127,0.09227139030715772,0.6881157149011325,1.1010791899859163,0.021682823338515123,0.2916653277817274,1.1187372127393327,-0.09650846336385344,-0.05586204319785526,-0.08264009889935497,3.0,-0.006440410732533541,0.03742326715449473,0.9673142979432576,95.66666412353516,99.49333068847656,0.040000000000000036,80.00000000000007,0,0,TP,TP
MCD,2020-07-28,2020-07-29,2020-07-31,-0.024894442439948095,0.019513270413383032,1.275769869046371,1.975411013463221,0.03045301551374857,0.039042862931879085,0.03175963708223484,-0.00663121467581651,0.016892993484969754,0.028942808764142125,2.0,-0.006342340384194456,0.03330708231189572,0.8079467276506365,169.74484447859516,166.34994758902326,-0.019999999999999907,-39.999999999999815,2,2,SL,SL
AMT,2020-07-30,2020-07-31,2020-08-03,-0.03243778870811109,0.024991448953852538,1.2979555034207277,1.390438826438131,0.0031278363687998745,0.015139295625572924,0.11977865965709356,0.008374342063941498,0.017797468576050024,0.019457677753041303,2.0,-0.003567530973183408,0.03796331413216647,0.9179914554646889,219.53487410098373,215.14417661896405,-0.020000000000000018,-40.00000000000004,1,1,SL,SL
CAT,2020-07-30,2020-07-31,2020-08-07,-0.027040591014286686,0.023931407253100195,1.1299206406168911,1.0681566583275948,0.022437948420847675,0.06991931403494878,0.0720661518938519,-0.02258918987935221,0.0009515978356666732,-0.005817151472518045,2.0,-0.003567530973183408,0.03796331413216647,0.9179914554646889,118.96126509739945,121.1980209350586,0.018802387784190078,37.60477556838015,5,5,TIME,TIME
CAT,2020-07-31,2020-08-03,2020-08-10,-0.02815766163647182,0.025952666182843812,1.084962193791312,2.2010942336063777,-0.00861607448666557,0.036863915154392135,0.04163822346814827,-0.03731066070475819,-0.034161910159109965,-0.029364415888408546,3.0,0.007901913934819538,0.04409843849557138,1.2466849532413196,118.84452850891155,123.59830964926802,0.040000000000000036,80.00000000000009,5,5,TP,TP
GOOGL,2020-07-31,2020-08-03,2020-08-10,-0.03277502314061986,0.02704537933526099,1.2118529651343706,2.5281440800002213,-0.02189181823396036,0.014343208076339264,0.09564036188416858,-0.010441343000697545,-0.013433149643831577,-0.01905260642079354,2.0,0.007901913934819538,0.04409843849557138,1.2466849532413196,73.89475522037439,74.18319702148438,0.0039034137165725458,7.806827433145091,5,5,TIME,TIME
AAPL,2020-08-07,2020-08-10,2020-08-10,-0.022735743544823217,0.03134899171939136,0.7252464049987197,1.224428626435683,0.11277627979260485,0.2000716655467516,0.45969169229238016,0.015025967025013687,0.04755150449991752,0.2018880540190442,1.0,0.0007179167153175126,0.0582990301351749,0.9082723864641687,109.12490669471406,106.94240856081977,-0.020000000000000018,-40.00000000000003,0,0,SL,SL
ADBE,2020-08-07,2020-08-10,2020-08-10,-0.03132873346030196,0.02514147759268592,1.246097543185609,1.3461715522691606,0.019252843926432117,0.04885235772864793,0.26612065282449815,0.005929459001309256,0.011815808231586233,0.044758452917428304,2.0,0.0007179167153175126,0.0582990301351749,0.9082723864641687,450.3699951171875,441.36259521484374,-0.020000000000000018,-40.00000000000004,0,0,SL,SL
CRM,2020-08-07,2020-08-10,2020-08-10,-0.032436686934148806,0.02768682549345483,1.1715567370414801,1.1467707558021516,0.03896165673381358,0.0696173695130824,0.17656035574278417,-0.0017874196086991034,0.031819337688579585,0.06663486181897205,2.0,0.0007179167153175126,0.0582990301351749,0.9082723864641687,196.99195829304435,193.05211912718346,-0.020000000000000018,-40.000000000000036,0,0,SL,SL
DUK,2020-08-10,2020-08-11,2020-08-13,-0.021359717214124996,0.023435939407464048,0.9114086208689461,1.2278526849425948,0.016483822251457836,0.01003138145875937,-0.022915298586761335,0.014968399605080895,0.011335164087495464,0.04268691723872675,2.0,0.002988860018718009,0.059278623597321944,0.7360700609722346,66.6359518626607,65.30323282540749,-0.020000000000000018,-40.000000000000036,2,2,SL,SL
META,2020-08-10,2020-08-11,2020-08-18,-0.020265218782960726,0.03360402192533176,0.6030593251007306,1.230967320285376,0.07653859310382671,0.10362210978180886,0.2708333977950983,0.05571611333395743,0.04381640872327863,0.12633831536607398,3.0,0.002988860018718009,0.059278623597321944,0.7360700609722346,257.9250303635218,260.0562744140625,0.008263036927966816,16.52607385593363,5,5,TIME,TIME
AAPL,2020-08-11,2020-08-12,2020-08-13,-0.029739760336594756,0.03414705930245942,0.8709318150407397,1.1483462253259973,0.07920972516670277,0.1655840502648913,0.4273397777445136,-0.038017513842524386,-0.0008462943125110423,0.175005602892361,2.0,-0.008254814452576253,0.04864179386904599,1.1805325457586944,107.08729946496186,111.37079144356034,0.040000000000000036,80.00000000000006,1,1,TP,TP
COST,2020-08-11,2020-08-12,2020-08-19,-0.022264826538984317,0.01533461929555234,1.4519321353769779,1.0847400662208184,0.007077063763098135,0.05234559439133779,0.0919519208204469,-0.03169147796477689,-0.021660722012303846,0.0170190781120394,3.0,-0.008254814452576253,0.04864179386904599,1.1805325457586944,305.78568114750294,312.33660888671875,0.02142326519225013,42.846530384500255,5,5,TIME,TIME
CRM,2020-08-11,2020-08-12,2020-08-18,-0.026222430074307135,0.029432377065583805,0.8909382349878169,1.0703047724530006,-0.010733011886696064,0.017303595311828346,0.12039674959643643,-0.07603828109061173,-0.04677017083991997,0.013139967344014014,3.0,-0.008254814452576253,0.04864179386904599,1.1805325457586944,189.71779596918267,197.30650780795,0.040000000000000036,80.00000000000006,4,4,TP,TP
META,2020-08-11,2020-08-12,2020-08-19,-0.02612155759073287,0.03646028084134945,0.7164387379350221,1.1378975955429125,0.044910471691695264,0.07261350295468483,0.2355551127552269,-0.03449178045691881,0.02521729379501214,0.1130281487585838,3.0,-0.008254814452576253,0.04864179386904599,1.1805325457586944,256.7156199692329,260.30413818359375,0.013978573702647878,27.957147405295757,5,5,TIME,TIME
NVDA,2020-08-11,2020-08-12,2020-08-12,-0.02821313359477995,0.033599415090630656,0.8396912124415911,1.0559248933685992,0.020831712732344076,0.09642309331189214,0.494735269649907,-0.04283019140625566,-0.0336442253218977,0.06211143599301305,3.0,-0.008254814452576253,0.04864179386904599,1.1805325457586944,10.940071438029333,11.377674295550507,0.040000000000000036,80.00000000000007,0,0,TP,TP
PLD,2020-08-11,2020-08-12,2020-08-19,-0.031042128217735443,0.023743192392703616,1.3074117289836231,1.2120975887524827,-0.005722514046127558,0.037262073759358305,0.12721561339735632,-0.041666301388418314,-0.04811053418150013,-0.01979696850513446,4.0,-0.008254814452576253,0.04864179386904599,1.1805325457586944,86.4994696703007,86.11013793945312,-0.004500972460658281,-9.001944921316563,5,5,TIME,TIME
UPS,2020-08-11,2020-08-12,2020-08-19,-0.023435109665154275,0.03457079778911423,0.677887441536961,1.0638952137068125,0.1769279876568055,0.31609158000728454,0.4418992788073206,0.07135473440660078,0.07690690927430843,0.3028755277300017,1.0,-0.008254814452576253,0.04864179386904599,1.1805325457586944,120.61445317996214,122.98457336425781,0.019650382867129057,39.30076573425811,5,5,TIME,TIME
JPM,2020-08-17,2020-08-18,2020-08-20,-0.026364718538604448,0.027006887909056875,0.9762220151905369,1.0099852963176104,0.007024155586154546,0.01707199992964581,-0.09199408125928343,-0.03137737746799374,-0.009240820342474643,0.03756494518289766,3.0,0.003176299684652495,0.057840735665971366,0.6471229965035733,85.72429383232064,84.00980795567422,-0.02000000000000013,-40.000000000000256,2,2,SL,SL
KO,2020-08-19,2020-08-20,2020-08-27,-0.02168526097860768,0.01679784626042218,1.2909548428062982,1.324787661041664,-0.009803893361734484,0.017186002240105358,-0.045087114006899354,-0.022291249907072652,-0.021887310003534832,0.0031764271517233933,3.0,-0.004163627385684654,0.05342343097114255,1.250674803545449,39.49985188001371,40.30204772949219,0.020308831838541153,40.617663677082305,5,5,TIME,TIME
ADBE,2020-08-27,2020-08-28,2020-09-02,-0.03438094050201068,0.0299741928510594,1.1470180589298347,1.3893782457751127,0.10312747222211316,0.1379108263699944,0.38563703986183717,0.0714256149551642,0.06654404699635497,0.1339940886686144,2.0,0.0021867862089455237,0.07378541861791965,1.142558733371265,512.3300170898438,532.8232177734375,0.040000000000000036,80.00000000000007,3,3,TP,TP
LOW,2020-08-27,2020-08-28,2020-09-03,-0.023945105842604675,0.021989963854717555,1.0889106503677894,1.08335863210365,0.0591340121854822,0.13754920559391248,0.39075068402163726,0.004105526027534223,0.04874483291548004,0.06814385633243414,1.0,0.0021867862089455237,0.07378541861791965,1.142558733371265,148.64863896009518,145.67566618089327,-0.020000000000000018,-40.000000000000036,4,4,SL,SL
META,2020-08-27,2020-08-28,2020-09-03,-0.035174922917058815,0.03178743225317515,1.1065669802110327,1.0224116170669282,0.10413447984369717,0.18138800334888994,0.3823892099216417,0.0804378064348974,0.08999672128708647,0.12215876992476571,2.0,0.0021867862089455237,0.07378541861791965,1.142558733371265,292.43203042487977,286.5833898163822,-0.020000000000000018,-40.000000000000036,4,4,SL,SL
NFLX,2020-08-27,2020-08-28,2020-08-31,-0.03882891375215369,0.031563105241447106,1.2301994197061918,1.6066222711894154,0.06370892170524889,0.07402389250479335,0.32065583118549723,0.07663505948753468,0.0569792716142552,0.09336628789682999,3.0,0.0021867862089455237,0.07378541861791965,1.142558733371265,53.20000076293945,52.13600074768066,-0.020000000000000018,-40.000000000000036,1,1,SL,SL
MA,2020-08-31,2020-09-01,2020-09-03,-0.021659695567540438,0.016591359133868246,1.3054804849185684,1.142113294329498,0.06552306284499165,0.1333474543269888,0.21193084029892084,0.02042616659894181,0.042340514197972245,0.08466804732997746,1.0,-0.0036227407849851456,0.07146613976624017,1.331993397585496,345.62381617870045,338.7113398551264,-0.020000000000000018,-40.00000000000003,2,2,SL,SL
PFE,2020-09-01,2020-09-02,2020-09-04,-0.024080410758528847,0.015959110572175063,1.5088817543825648,1.6218242172056563,-0.03483294558114147,0.011257601682786778,0.025946956963132983,-0.025884781031170756,-0.03983351564603488,-0.038582070758749865,4.0,0.009418594535581581,0.07877958667561735,1.092192933059977,25.729215603435986,25.214631291367265,-0.020000000000000018,-40.000000000000036,2,2,SL,SL
TSLA,2020-09-01,2020-09-02,2020-09-02,-0.04669690804684601,0.05729381170606842,0.8150427883278708,1.1509988482465547,0.2766894517648961,0.51672124716617,1.7405671401208065,0.06097156518268432,0.17392538348234932,0.2586840564902433,2.0,0.009418594535581581,0.07877958667561735,1.092192933059977,159.663330078125,156.4700634765625,-0.020000000000000018,-40.000000000000036,0,0,SL,SL
AAPL,2020-09-02,2020-09-03,2020-09-03,-0.02071863819680997,0.030022833832250552,0.6900960220002281,1.0479825162211087,0.0949974957114299,0.24497400948534787,0.6158689262115145,0.052821065754033336,0.03855011718073831,0.13562206443005165,3.0,0.014464244126870085,0.09133486201393404,1.3472586222178524,122.9932991459097,120.5334331629915,-0.020000000000000018,-40.00000000000004,0,0,SL,SL
TSLA,2020-09-02,2020-09-03,2020-09-03,-0.05826756524083643,0.06956209977253681,0.8376337895400984,1.1782423544829144,0.1784881432708576,0.40616594752319934,1.553121555515129,0.010594600564273193,0.03886368340136004,0.19074489032672015,3.0,0.014464244126870085,0.09133486201393404,1.3472586222178524,135.7433319091797,141.17306518554688,0.040000000000000036,80.00000000000007,0,0,TP,TP
AAPL,2020-09-03,2020-09-04,2020-09-04,-0.08006058477572953,0.03791535733629207,2.111560866105741,1.329786748024688,0.004325702320221891,0.13860630851460343,0.4815311745906201,-0.06323591701792008,-0.033037121412587744,0.022025014611525062,3.0,-0.03441441055846872,0.05112825992007797,2.6043386083071116,116.36437378387909,114.03708630820151,-0.020000000000000018,-40.000000000000036,0,0,SL,SL
ADBE,2020-09-03,2020-09-04,2020-09-04,-0.04870738215543746,0.03424435337649545,1.4223478428671135,2.0800062710892098,0.058049998678835646,0.11049924031771519,0.3580540918013353,-0.01088846042184266,-0.00493811627034435,0.06127732848484313,2.0,-0.03441441055846872,0.05112825992007797,2.6043386083071116,504.6499938964844,494.5569940185547,-0.020000000000000018,-40.000000000000036,0,0,SL,SL
AMD,2020-09-03,2020-09-04,2020-09-04,-0.0851252516211829,0.043649827142281813,1.9501853087231478,1.5959162883264224,-0.018566834719757508,0.16363986722302593,0.5179016576001247,-0.09116933282448303,-0.015035824467121373,-0.002778733078012352,2.0,-0.03441441055846872,0.05112825992007797,2.6043386083071116,81.44999694824219,79.82099700927735,-0.019999999999999907,-39.999999999999815,0,0,SL,SL
AMZN,2020-09-03,2020-09-04,2020-09-04,-0.04628410915968095,0.02651828257481693,1.7453660141488434,2.0048074501967075,0.021346202656299607,0.07463517790556407,0.4341391967402468,-0.02403974635540207,-0.009411800608915444,0.021420065966843316,1.0,-0.03441441055846872,0.05112825992007797,2.6043386083071116,165.89999389648438,162.5819940185547,-0.019999999999999907,-39.999999999999815,0,0,SL,SL
AVGO,2020-09-03,2020-09-04,2020-09-04,-0.061118508978099895,0.02435253385596958,2.509739205767198,2.489664867698393,0.044346578377683965,0.08696242424326694,0.20693797655374802,0.014230051342574823,0.03818459975786004,0.07073566107042839,1.0,-0.03441441055846872,0.05112825992007797,2.6043386083071116,31.79075987847247,31.15494468090302,-0.020000000000000018,-40.000000000000036,0,0,SL,SL
BLK,2020-09-03,2020-09-04,2020-09-04,-0.0417791713123713,0.016786965783849254,2.4887863506916217,1.535872343077978,-0.013669247946044738,0.013165268481934111,0.1359557223432526,-0.019508272853304365,-0.020810232105917814,-0.0013053467536118246,2.0,-0.03441441055846872,0.05112825992007797,2.6043386083071116,507.74676821264813,497.59183284839514,-0.020000000000000018,-40.000000000000036,0,0,SL,SL
COST,2020-09-03,2020-09-04,2020-09-04,-0.029426260594406117,0.016024787493658994,1.8362964629671428,1.9846602122204424,0.014977018563949951,0.0553174109215,0.12962976077877042,0.0018408449913476232,0.005601155851459483,0.021797201317797166,2.0,-0.03441441055846872,0.05112825992007797,2.6043386083071116,324.32059499205354,317.83418309221247,-0.020000000000000018,-40.000000000000036,0,0,SL,SL
CRM,2020-09-03,2020-09-04,2020-09-04,-0.04221304099417578,0.05033769815215123,0.8385969669606707,1.078890901447925,0.16894616984502941,0.2834758312881387,0.49262242845867443,-0.028021264232813037,-0.04093075063884255,0.26490406012680046,3.0,-0.03441441055846872,0.05112825992007797,2.6043386083071116,258.50770163066073,253.3375475980475,-0.020000000000000018,-40.000000000000036,0,0,SL,SL
GOOGL,2020-09-03,2020-09-04,2020-09-04,-0.05117072957790236,0.0243478388247216,2.101653865309233,2.105496175639734,0.03437009353553355,0.06638797126662199,0.17075144103305706,-1.2186570154115728e-05,0.0006078157352245039,0.03378886818547211,2.0,-0.03441441055846872,0.05112825992007797,2.6043386083071116,79.74290678318458,78.14804864752088,-0.02000000000000013,-40.000000000000256,0,0,SL,SL
HD,2020-09-03,2020-09-04,2020-09-04,-0.04376736123116787,0.02143156582045578,2.0421914851127325,1.3852045906577668,-0.024560570216425992,0.031296226863716914,0.1887011812966468,-0.03144022922422973,-0.043487326013936345,-0.016395217574211807,3.0,-0.03441441055846872,0.05112825992007797,2.6043386083071116,239.2243186826488,234.43983230899582,-0.020000000000000018,-40.00000000000004,0,0,SL,SL
JNJ,2020-09-03,2020-09-04,2020-09-04,-0.027822856344068114,0.018373233736223068,1.5143146135029564,1.5313187778477173,-0.004236654471617252,0.01899994469856603,0.04882134698913698,-0.025161070332549662,-0.022421083165184874,-0.005776226147077512,3.0,-0.03441441055846872,0.05112825992007797,2.6043386083071116,127.33858509823929,124.7918133962745,-0.020000000000000018,-40.000000000000036,0,0,SL,SL
LOW,2020-09-03,2020-09-04,2020-09-04,-0.05261337462719429,0.027334131624533204,1.9248233435728466,1.3070066075128264,0.003232640236954687,0.0806889965656179,0.3358605881489458,-0.019248769138368926,-0.028801898941593906,0.018538990222329632,3.0,-0.03441441055846872,0.05112825992007797,2.6043386083071116,145.82926455267545,142.91267926162195,-0.020000000000000018,-40.000000000000036,0,0,SL,SL
MA,2020-09-03,2020-09-04,2020-09-04,-0.046742461908714006,0.02110616959766897,2.2146350000843538,1.7980627154818585,0.00948594255366797,0.07721869282287863,0.15899167111169588,-0.04006244468985576,-0.034157231237433194,0.019329047560949775,3.0,-0.03441441055846872,0.05112825992007797,2.6043386083071116,331.4107915859266,324.78257575420804,-0.020000000000000018,-40.000000000000036,0,0,SL,SL
META,2020-09-03,2020-09-04,2020-09-04,-0.037619763501686165,0.03385447639552608,1.1112197708264564,1.175248885311145,0.05528544228105803,0.1465309072963188,0.35641812336162393,-0.007094224829545359,-0.007161880827873723,0.08219029466645544,2.0,-0.03441441055846872,0.05112825992007797,2.6043386083071116,284.7494095739898,279.05442138251,-0.020000000000000018,-40.00000000000003,0,0,SL,SL
MSFT,2020-09-03,2020-09-04,2020-09-04,-0.06194678067687165,0.02488228897624647,2.4895933302602615,1.8811372189139646,0.007304246398817771,0.0334812234091193,0.21925021304513392,-0.03649174369781227,-0.04095675886049921,0.01267611773686661,2.0,-0.03441441055846872,0.05112825992007797,2.6043386083071116,204.5602944159865,200.46908852766677,-0.020000000000000018,-40.000000000000036,0,0,SL,SL
NEE,2020-09-03,2020-09-04,2020-09-04,-0.026607959995674668,0.01798422917565715,1.4795162881759931,1.442888421918855,-0.0011528843008478118,0.03702491153163523,0.13009416115875405,0.005086396753357869,0.006131444468508995,-0.00037208147208034337,3.0,-0.03441441055846872,0.05112825992007797,2.6043386083071116,60.68298568032803,59.46932596672147,-0.020000000000000018,-40.000000000000036,0,0,SL,SL
NFLX,2020-09-03,2020-09-04,2020-09-04,-0.04900151245113893,0.03740642693635103,1.3099757572279633,1.4959258691231838,0.04364553792120884,0.056029536968279725,0.2993588215329912,-0.007194661786712686,-0.0009880506111547005,0.055934922598958714,3.0,-0.03441441055846872,0.05112825992007797,2.6043386083071116,52.018001556396484,50.97764152526855,-0.020000000000000018,-40.000000000000036,0,0,SL,SL
NKE,2020-09-03,2020-09-04,2020-09-04,-0.03381862492707355,0.01892246493963558,1.787220905677886,1.3130601075117219,0.03524983600711029,0.10502746081670145,0.186110985372556,0.008580034522565283,0.020389529490213,0.047125226250092744,2.0,-0.03441441055846872,0.05112825992007797,2.6043386083071116,102.2784213552611,100.23285292815588,-0.020000000000000018,-40.000000000000036,0,0,SL,SL
NVDA,2020-09-03,2020-09-04,2020-09-04,-0.09277506763524557,0.042562255891327644,2.1797497734171825,1.7525569031006227,0.05074953118598824,0.1729219372969999,0.6495038935757149,-0.026550926239332306,0.03097364972808947,0.07234949524378753,1.0,-0.03441441055846872,0.05112825992007797,2.6043386083071116,12.72861072124861,12.47403850682364,-0.019999999999999907,-39.999999999999815,0,0,SL,SL
ORCL,2020-09-03,2020-09-04,2020-09-04,-0.032695446210902146,0.023605207018934378,1.385094660880383,1.3525589130585742,0.021183602592782513,0.023197470323381264,0.07389407238882106,-0.002097376920304095,-0.001399301922428653,0.033296763325476375,2.0,-0.03441441055846872,0.05112825992007797,2.6043386083071116,52.33580241317417,51.28908636491069,-0.020000000000000018,-40.000000000000036,0,0,SL,SL
PEP,2020-09-03,2020-09-04,2020-09-08,-0.020363101599639943,0.017271719517083773,1.1789851948150518,1.8151708759407332,0.016592253122571288,0.03173384992578665,0.05160772994101648,0.002229036178638122,0.014249745059210506,0.026712924071474076,2.0,-0.03441441055846872,0.05112825992007797,2.6043386083071116,116.57594059869812,114.24442178672416,-0.020000000000000018,-40.000000000000036,1,1,SL,SL
PLD,2020-09-03,2020-09-04,2020-09-04,-0.02839940188014023,0.020969514598036698,1.354318515450957,1.001967629324024,-0.00937398247551302,0.019181957810272987,0.12189796309676648,-0.002454349097928965,-0.0028461531860966005,-0.01051675322730472,3.0,-0.03441441055846872,0.05112825992007797,2.6043386083071116,85.92395606029802,84.20547693909207,-0.020000000000000018,-40.000000000000036,0,0,SL,SL
TSLA,2020-09-03,2020-09-04,2020-09-04,-0.09023849203316048,0.08274656891358674,1.0905405893916598,1.0365361537365154,0.05695703233370053,0.2622292432297795,1.3006084202198873,-0.18325574567698033,-0.09101057451973404,0.016569844785047083,4.0,-0.03441441055846872,0.05112825992007797,2.6043386083071116,134.27000427246094,131.5846041870117,-0.02000000000000013,-40.000000000000256,0,0,SL,SL
UPS,2020-09-03,2020-09-04,2020-09-04,-0.04680889550378309,0.020701800520712164,2.2611026252016466,1.1928437893132984,-0.009351121803301332,0.1596266424580881,0.42266498118158435,-0.03422532284507185,-0.01366943596958159,-0.0032799654223366614,2.0,-0.03441441055846872,0.05112825992007797,2.6043386083071116,123.69083987484336,121.2170230773465,-0.020000000000000018,-40.00000000000003,0,0,SL,SL
V,2020-09-03,2020-09-04,2020-09-04,-0.034737458730259796,0.018793756898834175,1.8483509666135274,1.484100980066685,0.021138323255714075,0.0530840750239705,0.1118562413627211,-0.014293054695268315,-0.009808670233876993,0.02356118631612425,2.0,-0.03441441055846872,0.05112825992007797,2.6043386083071116,199.5643668059983,195.57307946987834,-0.020000000000000018,-40.00000000000004,0,0,SL,SL
WMT,2020-09-03,2020-09-04,2020-09-04,-0.021262270270922312,0.031073917352840746,0.684248143852984,1.1663560391991823,0.07089886780411736,0.10872732801976692,0.1918867845061185,0.040979558246998504,0.057893511557486343,0.10699226818776175,2.0,-0.03441441055846872,0.05112825992007797,2.6043386083071116,44.40667841187789,43.518544843640335,-0.020000000000000018,-40.00000000000004,0,0,SL,SL
ADBE,2020-09-04,2020-09-08,2020-09-08,-0.03123274071055837,0.039869839593907185,0.7833676039000489,1.3747682460011421,0.020499612607916884,0.07323403417560814,0.3122807563145831,-0.06820723351267577,-0.0474401670749347,0.039558770069763716,3.0,-0.008164896758190543,0.040315778630159116,2.2840624631205855,471.8900146484375,462.45221435546875,-0.020000000000000018,-40.000000000000036,0,0,SL,SL
AMZN,2020-09-04,2020-09-08,2020-09-09,-0.021787358799564616,0.03195273743544735,0.6818620421358458,2.036099743800791,-0.0028288437970264146,0.04761140060028568,0.39830294018409607,-0.05844321552678389,-0.03150681195634564,0.003014018843540578,2.0,-0.008164896758190543,0.040315778630159116,2.2840624631205855,157.1999969482422,163.4879968261719,0.040000000000000036,80.00000000000009,1,1,TP,TP
CRM,2020-09-04,2020-09-08,2020-09-08,-0.03890433753127431,0.05766447163689495,0.674667371900144,1.0707600121867735,0.11033123521129684,0.22566474165159622,0.4308964502229313,-0.09439999028619306,-0.06049437882114428,0.22729243647559372,3.0,-0.008164896758190543,0.040315778630159116,2.2840624631205855,236.47879281143295,245.93794452389028,0.040000000000000036,80.00000000000006,0,0,TP,TP
GOOGL,2020-09-04,2020-09-08,2020-09-11,-0.029640650510037836,0.028609221947804568,1.036052310828831,1.7633259769331073,0.0010786151073616246,0.0328854059066257,0.1349544036078576,-0.04463215338434623,-0.03551215457587953,0.003579516093117796,3.0,-0.008164896758190543,0.040315778630159116,2.2840624631205855,75.57981382695054,74.06821755041153,-0.020000000000000018,-40.000000000000036,3,3,SL,SL
LOW,2020-09-04,2020-09-08,2020-09-09,-0.031760466699745415,0.030674254557955652,1.0354111993084456,1.383205500522778,-0.02971830756869842,0.04285990131299555,0.2910529236636139,-0.06682994905707418,-0.05510227120797018,-0.03295835282238957,3.0,-0.008164896758190543,0.040315778630159116,2.2840624631205855,137.78288766038239,143.29420316679767,0.040000000000000036,80.00000000000007,1,1,TP,TP
MA,2020-09-04,2020-09-08,2020-09-09,-0.02568052731405379,0.025050428349033108,1.02515322118414,1.8014343048884796,-0.017446393449787823,0.04710152079784691,0.12826028451630656,-0.061333802252013236,-0.08497215413691972,-0.00620011183494007,4.0,-0.008164896758190543,0.040315778630159116,2.2840624631205855,317.6519473444039,330.35802523818006,0.040000000000000036,80.00000000000007,1,1,TP,TP
META,2020-09-04,2020-09-08,2020-09-11,-0.02881991087709157,0.03871944339691684,0.7443265798440287,1.196270756443467,0.022224648834201943,0.10937666114074984,0.3147714565201747,-0.043020707943060454,-0.03722017434740288,0.05887410429737794,3.0,-0.008164896758190543,0.040315778630159116,2.2840624631205855,268.9185111086546,263.54014088648154,-0.020000000000000018,-40.000000000000036,3,3,SL,SL
NVDA,2020-09-04,2020-09-08,2020-09-08,-0.030194699708401163,0.04742281992860834,0.6367124467473069,2.4585533463364686,0.013189023287836887,0.13111402552645512,0.5921976519090844,-0.08671587342386733,-0.03966240525651976,-0.004511610223949636,2.0,-0.008164896758190543,0.040315778630159116,2.2840624631205855,11.683885878412541,12.151241313549043,0.040000000000000036,80.00000000000007,0,0,TP,TP
V,2020-09-04,2020-09-08,2020-09-15,-0.020578213452943528,0.0214676666566867,0.9585677745994752,1.6553693007465886,-0.001971163221224259,0.030274022897820663,0.08831796943925974,-0.040731141039961116,-0.051226159165796314,0.0025963780498872158,3.0,-0.008164896758190543,0.040315778630159116,2.2840624631205855,192.18440632663228,196.5970458984375,0.022960445418790165,45.92089083758032,5,5,TIME,TIME
AAPL,2020-09-08,2020-09-09,2020-09-10,-0.06729494932205415,0.05136970259713495,1.3100124376777569,1.1488416574309106,-0.06649525145816082,0.051889571017450065,0.3741300092217805,-0.1414001239686108,-0.12569728809479086,-0.10358930394529953,3.0,-0.027322773337285278,0.00985760906838018,1.7764716709653758,113.6411109896637,111.36828876987043,-0.019999999999999907,-39.999999999999815,1,1,SL,SL
ADBE,2020-09-08,2020-09-09,2020-09-09,-0.06059681548695428,0.04519908731130414,1.3406645817779426,1.5253333333333334,-0.04320909962150621,0.006652940748270497,0.2301023155678097,-0.13426374025687138,-0.0998461370557181,-0.02975012234582597,3.0,-0.027322773337285278,0.00985760906838018,1.7764716709653758,473.9100036621094,464.4318035888672,-0.020000000000000018,-40.00000000000003,0,0,SL,SL
AMD,2020-09-08,2020-09-09,2020-09-09,-0.040482863167217276,0.053464771071355714,0.7571876275910283,1.0026349505644596,-0.06077674834607594,0.0913100522089565,0.43673941885984213,-0.12779869899459773,-0.13356085987863364,-0.052840627020875774,4.0,-0.027322773337285278,0.00985760906838018,1.7764716709653758,81.4000015258789,79.77200149536132,-0.020000000000000018,-40.00000000000004,0,0,SL,SL
AVGO,2020-09-08,2020-09-09,2020-09-15,-0.03419196371512323,0.029428072121934316,1.1618825580367573,1.35194013668857,0.03054833825265746,0.07571950392341886,0.19942320986362394,-0.06525167012189215,0.009765189398696306,0.04952089832083573,2.0,-0.027322773337285278,0.00985760906838018,1.7764716709653758,31.367141711359498,32.62182737981388,0.040000000000000036,80.00000000000007,4,4,TP,TP
BAC,2020-09-08,2020-09-09,2020-09-10,-0.03993994400228584,0.027432122789947853,1.455955279440544,1.2683288829066826,-0.010835898025743584,0.028503712210290466,-0.054386901630462,-0.01393202782135683,-0.0032057337346609316,-0.0012654997548459113,3.0,-0.027322773337285278,0.00985760906838018,1.7764716709653758,22.33931546205229,21.892529152811246,-0.019999999999999907,-39.99999999999981,1,1,SL,SL
COST,2020-09-08,2020-09-09,2020-09-16,-0.022246407475883134,0.018977490077714345,1.1722523571232186,1.1278933069633985,-0.01318189900472444,0.021169171991781477,0.09747300704639206,-0.055731815732283585,-0.02531214557219008,-0.015313866164415546,3.0,-0.027322773337285278,0.00985760906838018,1.7764716709653758,312.33654888753154,314.92950439453125,0.00830179982533319,16.60359965066638,5,5,TIME,TIME
CRM,2020-09-08,2020-09-09,2020-09-10,-0.05272873541502243,0.06279863935414637,0.839647736914557,1.094909507630059,0.04176870466748395,0.15458084686489348,0.3525190432002414,-0.1280132215967258,-0.11509276827294668,0.15739234360688936,4.0,-0.027322773337285278,0.00985760906838018,1.7764716709653758,242.20964853733966,251.89803447883327,0.040000000000000036,80.00000000000007,1,1,TP,TP
JPM,2020-09-08,2020-09-09,2020-09-16,-0.03477611274928294,0.026120904610730362,1.331351776193733,1.31721514386914,-0.007908460844991083,0.016919723241350937,-0.07392227164750143,-0.01701928438177991,-0.002695085752930204,-0.001399458238683926,3.0,-0.027322773337285278,0.00985760906838018,1.7764716709653758,86.487943342289,84.75818447544322,-0.020000000000000018,-40.000000000000036,5,5,SL,SL
KO,2020-09-08,2020-09-09,2020-09-14,-0.0240985181316008,0.02151032635847136,1.120323221972415,1.2631027719168229,0.021649489019915924,0.050719942769281046,0.006996034667938744,-0.026958423898818418,0.005653330826353775,0.03835748940306072,3.0,-0.027322773337285278,0.00985760906838018,1.7764716709653758,41.446848027370805,43.10472194846564,0.040000000000000036,80.00000000000007,3,3,TP,TP
MRK,2020-09-08,2020-09-09,2020-09-16,-0.02240736162608803,0.019140772458734384,1.1706613029539998,1.1279983751927842,-0.0160412003206043,0.024631369145864168,0.02626061728880158,-0.041412533717670286,-0.022751437396443364,-0.024467417873694552,4.0,-0.027322773337285278,0.00985760906838018,1.7764716709653758,66.20744745944549,68.12196350097656,0.02891692875946905,57.8338575189381,5,5,TIME,TIME
NVDA,2020-09-08,2020-09-09,2020-09-10,-0.05620923920157306,0.053296806373435104,1.0546455411930575,1.296522535105245,-0.046636377698588416,0.06227896941938971,0.49643035636717747,-0.16962311397257412,-0.10900860223418973,-0.06318154925434849,3.0,-0.027322773337285278,0.00985760906838018,1.7764716709653758,12.346517205134733,12.840377893340122,0.040000000000000036,80.00000000000007,1,1,TP,TP
PEP,2020-09-08,2020-09-09,2020-09-16,-0.023133479222631648,0.020042457448069192,1.1542236915094577,1.286797039697354,-0.012545388706445282,0.001108879300100174,0.022260953205784473,-0.04721400135495735,-0.025241092219182915,-0.008103026574162953,4.0,-0.027322773337285278,0.00985760906838018,1.7764716709653758,113.10349303405287,112.66946411132812,-0.0038374493225781237,-7.674898645156247,5,5,TIME,TIME
TSLA,2020-09-08,2020-09-09,2020-09-09,-0.21062824320390794,0.1209680416307946,1.7411891633888261,1.2592614566032658,-0.1614383059382073,0.001750059091546463,0.8351051679156829,-0.26188615368527013,-0.33735353965339043,-0.18029490098718504,4.0,-0.027322773337285278,0.00985760906838018,1.7764716709653758,118.86666870117188,116.48933532714844,-0.020000000000000018,-40.000000000000036,0,0,SL,SL
V,2020-09-08,2020-09-09,2020-09-11,-0.022183305963604627,0.022729238768140012,0.975981034380235,1.6822148428907928,-0.024973018224695775,0.006290927197996732,0.06362969021807241,-0.07557291622560314,-0.05599341324736484,-0.030473418251382278,3.0,-0.027322773337285278,0.00985760906838018,1.7764716709653758,195.60161342513294,191.68958115663028,-0.020000000000000018,-40.000000000000036,2,2,SL,SL
AMZN,2020-09-10,2020-09-11,2020-09-11,-0.02860545100214451,0.03822139822654038,0.7484145617226872,1.152993875659559,-0.0419364151849515,0.00031268688921870513,0.33520508402211147,-0.03627434752238623,-0.10090473826365787,-0.07749905260158174,4.0,-0.01736352386299589,0.008199561758091889,1.3444216694893938,160.4344940185547,157.22580413818358,-0.02000000000000013,-40.000000000000256,0,0,SL,SL
NVDA,2020-09-10,2020-09-11,2020-09-11,-0.03171447018370199,0.05784492592073321,0.5482671069051306,1.0840071232395536,-0.02542269434417055,0.08557184011398733,0.5325410070047805,-0.02461861737125659,-0.14182868826646078,-0.03582258558003959,4.0,-0.01736352386299589,0.008199561758091889,1.3444216694893938,12.43164944591997,12.18301645700157,-0.020000000000000018,-40.000000000000036,0,0,SL,SL
AMD,2020-09-11,2020-09-14,2020-09-15,-0.033426271294418775,0.061033353125196484,0.5476722084374447,1.060421957432471,-0.08659085696255986,0.03524212336417443,0.3788817646331202,-0.029864100020399298,-0.07511515033761507,-0.08902155658943867,4.0,0.0005089503504442927,0.007280718572324041,1.2182432795008609,76.80000305175781,79.87200317382813,0.040000000000000036,80.00000000000007,1,1,TP,TP
CAT,2020-09-15,2020-09-16,2020-09-17,-0.031984543953684996,0.028504142460447787,1.1221016032342175,1.225533647972018,0.023578387247612964,0.06602508186130218,0.15874547600322497,-0.008407611430180317,0.0005390305341983481,0.044199496782572734,3.0,0.005052507244547755,0.022660639753387057,0.7422353780223803,134.74434636673502,140.13412022140443,0.040000000000000036,80.00000000000007,1,1,TP,TP
JPM,2020-09-15,2020-09-16,2020-09-18,-0.031131141650191596,0.02777141921482596,1.120977700468834,1.435124153115864,-0.010465392624148029,0.002601502432860947,-0.0740477182218966,-0.0055093680366335995,-0.006404899877887504,-0.00908272387640785,2.0,0.005052507244547755,0.022660639753387057,0.7422353780223803,85.31244432583196,83.60619543931531,-0.02000000000000013,-40.000000000000256,2,2,SL,SL
ADBE,2020-09-16,2020-09-17,2020-09-18,-0.043542935766775925,0.048076222065974825,0.9057062700771727,2.13960285394997,-0.033831137164736846,0.026029238217419426,0.24944844221143603,0.009865267500311026,-0.00721643414829598,-0.09839949049316332,3.0,-0.003968769273347994,0.017070664530065116,1.1174471743985144,464.44000244140625,455.1512023925781,-0.020000000000000018,-40.000000000000036,1,1,SL,SL
META,2020-09-16,2020-09-17,2020-09-17,-0.03267020011750543,0.04150403236363585,0.7871572533306364,1.1090155346690385,-0.056881732957369424,0.012875362288829795,0.21177445288046615,-0.011590111898914457,-0.03726446177722886,-0.10804230285731431,4.0,-0.003968769273347994,0.017070664530065116,1.1174471743985144,256.0316325737268,250.91099992225227,-0.020000000000000018,-40.000000000000036,0,0,SL,SL
NEE,2020-09-16,2020-09-17,2020-09-21,-0.05191108301727776,0.03091551603754708,1.6791271720721541,3.0496791062514856,-0.0015191312857181227,0.012178753373183193,0.11973790881910062,0.0079095727731191,-0.007153871211027063,0.011619095568994542,2.0,-0.003968769273347994,0.017070664530065116,1.1174471743985144,59.572961328641426,58.381502102068595,-0.020000000000000018,-40.000000000000036,2,2,SL,SL
GE,2020-09-18,2020-09-21,2020-09-21,-0.024113555941473686,0.045369615120306434,0.5314913048641003,1.3538384636729774,0.07508388782592967,0.051248254068187116,-0.1738375310316259,0.12786869254413324,0.1563023764956446,0.08860751926668708,2.0,-0.011512775049852042,-0.005704830450426246,1.3604715178392282,32.13267216271924,31.490018719464853,-0.020000000000000018,-40.000000000000036,0,0,SL,SL
LOW,2020-09-18,2020-09-21,2020-09-28,-0.022469206070703573,0.034442778123134246,0.6523633485770313,1.234619869350489,-0.022128897791446,0.032966497547191054,0.29921370224286803,-0.05283100277875308,-0.011057002143203709,-0.008791203455812302,3.0,-0.011512775049852042,-0.005704830450426246,1.3604715178392282,141.37197221373088,145.52493286132812,0.029376124436593765,58.752248873187526,5,5,TIME,TIME
CAT,2020-09-21,2020-09-22,2020-09-29,-0.04632870621066765,0.03561848477376736,1.3006927864822664,1.1295681940295157,-0.016026235299637093,0.028195670225231284,0.13112641632184396,-0.038250543618041144,-0.05328651225374115,-0.01923353806861039,3.0,-0.011129483953820185,-0.017399969334243037,1.2424885176931377,130.26182181691667,132.41773986816406,0.01655065176562287,33.10130353124574,5,5,TIME,TIME
HON,2020-09-21,2020-09-22,2020-09-24,-0.04344972031444805,0.02767815551595543,1.5698199357757383,1.1225940904386174,-0.030950372262646297,0.018206536132056028,0.04781623942390034,-0.05076473941848347,-0.04214385522480402,-0.031915343530796836,3.0,-0.011129483953820185,-0.017399969334243037,1.2424885176931377,141.00337337001713,138.18330590261678,-0.020000000000000018,-40.000000000000036,2,2,SL,SL
KO,2020-09-21,2020-09-22,2020-09-24,-0.0269574695371394,0.024127379364357604,1.1172978685353028,1.1093545338694273,-0.009866230256739938,0.02106984248980237,0.0020451179998584035,-0.0334712402474443,-0.031946197344569494,-0.030419803085377395,4.0,-0.011129483953820185,-0.017399969334243037,1.2424885176931377,41.369592979118394,40.542201119536024,-0.020000000000000018,-40.000000000000036,2,2,SL,SL
MA,2020-09-21,2020-09-22,2020-09-24,-0.0221026365909045,0.03186347651943258,0.6936668250065169,1.1687733898615582,-0.04608271113235096,0.000945020860889656,0.09505468465599232,-0.04095392700535694,-0.03174864804005684,-0.021372719259781015,3.0,-0.011129483953820185,-0.017399969334243037,1.2424885176931377,318.37660218367546,312.00907014000194,-0.020000000000000018,-40.000000000000036,2,2,SL,SL
MRK,2020-09-21,2020-09-22,2020-09-29,-0.031231670047679683,0.025523901947926298,1.2236244329490975,1.16332459605494,-0.017169539783424947,0.013368681453461484,0.031175432733823838,-0.028514656146200634,-0.012238219917645177,-0.01766036939270954,1.0,-0.011129483953820185,-0.017399969334243037,1.2424885176931377,66.15560422157708,65.2002944946289,-0.014440344672063232,-28.880689344126466,5,5,TIME,TIME
TSLA,2020-09-23,2020-09-24,2020-09-24,-0.10341090738483938,0.11101700449027972,0.9314870983921539,1.0374335244485828,-0.09849930502397364,0.049374108684288265,0.9117302948508457,-0.13974894071942245,-0.13898945473107105,0.03844056405114116,3.0,-0.023191195381966345,-0.03167574033929099,1.1147792640152405,121.26667022705078,118.84133682250976,-0.020000000000000018,-40.000000000000036,0,0,SL,SL
NFLX,2020-10-02,2020-10-05,2020-10-07,-0.04634982692811396,0.036878599156303905,1.2568217879336414,1.119207013294178,0.026438348170868098,0.013394955803180286,0.18932112255052758,0.0194131513212219,0.04179095492964402,0.07043155773276966,1.0,-0.009494577975395546,-0.0022584189811577504,1.0396651861239943,50.68000030517578,52.707200317382814,0.040000000000000036,80.00000000000006,2,2,TP,TP
AMD,2020-10-09,2020-10-12,2020-10-19,-0.039417449750371314,0.03991749262809904,0.9874730889941787,1.5169609507303525,0.03483699170884513,0.013867143161976125,0.40174025640440725,-0.016335284422064777,0.015892363983663005,0.06456573242580732,3.0,0.008930251599330585,0.030577160130945247,0.794953840713571,83.6500015258789,81.97700149536132,-0.02000000000000013,-40.000000000000256,5,5,SL,SL
AAPL,2020-10-13,2020-10-14,2020-10-15,-0.026527171609763922,0.031278782587837776,0.8480883658201762,1.6610018399645854,0.06430210637044675,0.03977481667754468,0.37779879398602567,0.053318288424568205,0.07016642278324303,0.06144314636956372,2.0,-0.0065259494571854315,0.03724946780771199,0.9558519583251129,117.26566767493782,114.92035432143906,-0.020000000000000018,-40.00000000000003,1,1,SL,SL
LLY,2020-10-13,2020-10-14,2020-10-15,-0.02854501961945155,0.025291209541832962,1.1286537946015045,1.4356625125478142,0.0025152923584428333,0.0001677570644977866,0.017352128570255143,-0.02228003213270857,0.04128247268698826,0.026118247897678026,2.0,-0.0065259494571854315,0.03724946780771199,0.9558519583251129,141.29534144002906,138.46943461122848,-0.020000000000000018,-40.000000000000036,1,1,SL,SL
AMZN,2020-10-14,2020-10-15,2020-10-16,-0.023208080547411636,0.02838554406439417,0.8176021039005921,1.0706562782044906,0.0643958111367029,0.04509834053094841,0.3232198097999939,0.023446346437851817,0.05257707080564389,0.06827520087212746,2.0,-0.006283560762360585,0.029561487138384246,0.7654133544893696,164.60049438476562,161.3084844970703,-0.020000000000000018,-40.00000000000003,1,1,SL,SL
NFLX,2020-10-14,2020-10-15,2020-10-16,-0.02281217726208018,0.03520045677128209,0.6480648080876963,1.7860298956472689,0.06924152386816185,0.07617349621311731,0.25593421590919174,0.0037260902549562935,0.012699675672960486,0.08283507473993335,2.0,-0.006283560762360585,0.029561487138384246,0.7654133544893696,54.551998138427734,53.46095817565918,-0.020000000000000018,-40.000000000000036,1,1,SL,SL
UNH,2020-10-14,2020-10-15,2020-10-16,-0.028875697603772177,0.023646735769514614,1.2211282726387438,1.5968918064045563,0.03368939057460629,0.031770843862950704,0.11233297198067138,-0.018271019176131276,-0.004084186854258043,0.032331842294867075,2.0,-0.006283560762360585,0.029561487138384246,0.7654133544893696,288.9331465649782,300.49047242757734,0.040000000000000036,80.00000000000007,1,1,TP,TP
NFLX,2020-10-16,2020-10-19,2020-10-19,-0.020574264188725433,0.03718043748635208,0.5533626170019565,1.2006412348025932,0.03464707897879071,0.052411365615955274,0.22524841440937848,-0.04205096309934975,-0.016035178602846645,0.05512262599435713,2.0,-0.0006044650821208641,0.02578539636017818,1.2253236856543313,53.707000732421875,52.63286071777344,-0.019999999999999907,-39.999999999999815,0,0,SL,SL
BLK,2020-10-19,2020-10-20,2020-10-26,-0.03421147709950623,0.024730929103913984,1.3833478295844464,1.239860301933236,0.0771153149154502,0.09373279705591053,0.21178326063528008,-0.007751837153707308,0.032526261924171074,0.09279162023022836,1.0,-0.015203451298442361,0.009666600136264858,0.95710560933103,555.5794550013636,544.4678659013364,-0.019999999999999907,-39.999999999999815,4,4,SL,SL
MS,2020-10-21,2020-10-22,2020-10-23,-0.02117719304977128,0.030099806474291776,0.7035657544130295,1.166382705359886,0.024462709350771883,0.0002581594514576846,0.08908991621711704,-0.02835104592501103,-0.005330615495025559,0.03428466555088305,2.0,-0.00189301841083922,0.010574638240247625,0.9103295665091506,41.97573763932882,43.654767144901975,0.040000000000000036,80.00000000000007,1,1,TP,TP
AVGO,2020-10-26,2020-10-27,2020-10-28,-0.025971257619637478,0.019751896315899888,1.31487413685597,1.0092898397461971,-0.02377105375828803,0.014639488435390202,0.20867842889539379,-0.02421723894264738,-0.03387715770853572,-0.05070202676789559,3.0,-0.01847978876314149,-0.0006116088181807866,1.3252848138816098,32.454750777547446,31.805655761996498,-0.020000000000000018,-40.000000000000036,1,1,SL,SL
BLK,2020-10-26,2020-10-27,2020-10-28,-0.023724927662416517,0.02523457940635312,0.9401752761705816,1.1049020870909558,0.017265337895319366,0.06244070765559728,0.17986429211201127,-0.020157811569140316,-0.020003461160916558,0.01187216294614446,2.0,-0.01847978876314149,-0.0006116088181807866,1.3252848138816098,541.3546848392118,530.5275911424276,-0.020000000000000018,-40.000000000000036,1,1,SL,SL
CAT,2020-10-26,2020-10-27,2020-10-27,-0.031971139330103426,0.0236981727759007,1.349097233463321,1.447996658419818,0.026831120193242297,0.08404379425774366,0.26060349003654415,-0.019134847130660826,-0.01989635805292489,0.009758105247433813,3.0,-0.01847978876314149,-0.0006116088181807866,1.3252848138816098,145.47284818371767,142.56339122004331,-0.020000000000000018,-40.000000000000036,0,0,SL,SL
GE,2020-10-26,2020-10-27,2020-10-27,-0.03276530849326631,0.03929535563095708,0.8338214012104177,1.0013670816081088,0.08076443584566895,0.1287656878679826,-0.043595189836733717,0.008196533010599083,0.01234593983973653,0.08052700990781103,3.0,-0.01847978876314149,-0.0006116088181807866,1.3252848138816098,35.92379914533071,35.205323162424094,-0.02000000000000013,-40.000000000000256,0,0,SL,SL
GOOGL,2020-10-26,2020-10-27,2020-10-28,-0.029816637436702487,0.026826791178930658,1.1114500141977475,1.0217025524026808,0.03645883635746183,0.030336061633809974,0.1142524767950841,-0.001071866498799423,0.035517336272727684,0.012591339679461244,1.0,-0.01847978876314149,-0.0006116088181807866,1.3252848138816098,78.74822336439603,77.1732588971081,-0.02000000000000013,-40.000000000000256,1,1,SL,SL
HON,2020-10-26,2020-10-27,2020-10-28,-0.03059177751405684,0.02384595271703266,1.2828918130079903,1.001404704472445,-0.005394976746252889,0.019548314912688936,0.10892116406432906,-0.015618934921490468,-0.008275876340866017,-0.029596329941928956,3.0,-0.01847978876314149,-0.0006116088181807866,1.3252848138816098,148.1827816220981,145.21912598965613,-0.020000000000000018,-40.000000000000036,1,1,SL,SL
LOW,2020-10-26,2020-10-27,2020-10-27,-0.02329487273755515,0.026119456361638673,0.8918590193848003,1.334086538388334,-0.014730724945383966,0.017211997125152312,0.29896612268741496,-0.03650421680699967,-0.03666975965784225,-0.023284558051652304,3.0,-0.01847978876314149,-0.0006116088181807866,1.3252848138816098,151.82709527347032,148.7905533680009,-0.02000000000000013,-40.000000000000256,0,0,SL,SL
META,2020-10-26,2020-10-27,2020-10-28,-0.026967397175778896,0.030057668866048933,0.8971885775958962,1.1359508858625846,0.03322715743426352,0.026623707789310336,0.2277537139889172,-0.005812290325580616,0.06009934529432437,0.0049319435112946675,2.0,-0.01847978876314149,-0.0006116088181807866,1.3252848138816098,276.3333793505012,270.8067117634912,-0.020000000000000018,-40.000000000000036,1,1,SL,SL
UPS,2020-10-26,2020-10-27,2020-10-28,-0.022687518564443954,0.02108843093992707,1.0758277194292964,1.1642363279987937,-0.02310527415484842,0.016921184065228134,0.39473499379169175,-0.02738380471244839,-0.02382320320655129,-0.048374342779158974,3.0,-0.01847978876314149,-0.0006116088181807866,1.3252848138816098,131.91172103094854,129.27348661032957,-0.020000000000000018,-40.000000000000036,1,1,SL,SL
CAT,2020-10-27,2020-10-28,2020-10-28,-0.03241368872459893,0.02525533814144136,1.2834391106968182,1.4833667438696883,-0.010001187980876791,0.046121942864919774,0.21901841794294485,-0.06357105984338818,-0.05985831115256879,-0.020018514026706513,4.0,-0.0034471812782054245,-0.00415388444949738,0.9460720129818418,139.00172267274172,136.22168821928688,-0.02000000000000013,-40.000000000000256,0,0,SL,SL
BLK,2020-10-28,2020-10-29,2020-10-30,-0.022489156422475287,0.02645324992935966,0.8501472024242758,1.052854743228037,-0.025572106662753225,0.024325661305768964,0.13703322084861558,-0.057429133201126414,-0.053985165611171504,-0.06117065201672922,3.0,-0.0341792329151166,-0.03758870479929144,1.7924196148014806,523.8044781020214,513.328388539981,-0.020000000000000018,-40.000000000000036,1,1,SL,SL
DUK,2020-10-28,2020-10-29,2020-11-03,-0.022351019133990624,0.019148634481423687,1.1672382777828678,1.1291477384949635,-0.014007362409766078,0.056065087867755325,0.06563927333591302,-0.019401056003696016,-0.016538476575985284,-0.018236482910180762,3.0,-0.0341792329151166,-0.03758870479929144,1.7924196148014806,71.95198211370162,74.83006139824968,0.040000000000000036,80.00000000000007,3,3,TP,TP
NKE,2020-10-28,2020-10-29,2020-10-30,-0.046175453093979524,0.0218826349245111,2.1101413633811363,1.7118499472141695,-0.04874334675578096,0.009085057751422543,0.21824656473528048,-0.060850959121981685,-0.05678730412856181,-0.04370980304150385,4.0,-0.0341792329151166,-0.03758870479929144,1.7924196148014806,110.71713016539591,108.50278756208799,-0.02000000000000013,-40.000000000000256,1,1,SL,SL
CAT,2020-11-04,2020-11-05,2020-11-05,-0.0743038363517432,0.036256623019821986,2.0493865716925783,2.246016416592679,-0.041518973045401975,0.01240334453895131,0.1939353455747972,-0.011588653592365383,0.026925197768988607,-0.06703584147340347,1.0,0.02234911020814856,0.013873539199682927,1.6231448006219003,142.49935906649938,148.19933342915937,0.040000000000000036,80.00000000000007,0,0,TP,TP
JPM,2020-11-04,2020-11-05,2020-11-09,-0.030557816573186347,0.027695030129126625,1.1033682372148408,1.2745316038151255,-0.0035335123390776157,0.01332159373111308,0.0006552043235938942,0.022541652790341038,0.038429966298901386,0.00885599676000326,1.0,0.02234911020814856,0.013873539199682927,1.6231448006219003,87.51564253016414,91.01626823137072,0.040000000000000036,80.00000000000007,2,2,TP,TP
NEE,2020-11-04,2020-11-05,2020-11-09,-0.03551709942497672,0.02476188575659572,1.4343455007466939,1.688018337617585,-0.023981186371764274,0.01488269737401593,0.1281454060427385,0.0015027054168517129,-0.015310132735791293,-0.014780932196801655,3.0,0.02234911020814856,0.013873539199682927,1.6231448006219003,64.5445176374485,67.12629834294644,0.040000000000000036,80.00000000000007,2,2,TP,TP
AMD,2020-11-09,2020-11-10,2020-11-10,-0.03213780385543841,0.04019145080110017,0.7996179091539212,1.1016395107372368,0.02910774768853619,0.023794129139191655,0.32643417509508077,0.02175788943651935,0.11271761904051836,0.01082329263426196,1.0,0.012565951663630504,0.04561553683762676,2.0169945500332975,81.93000030517578,80.29140029907227,-0.020000000000000018,-40.00000000000003,0,0,SL,SL
COST,2020-11-09,2020-11-10,2020-11-13,-0.053570143242255175,0.02368104719131872,2.262152632417943,2.168260550385905,-0.022733213765105287,0.01664349696163092,0.13186942489044595,-0.029693763401176354,0.001674407368085884,-0.01351070993920278,1.0,0.012565951663630504,0.04561553683762676,2.0169945500332975,334.0317316663549,347.39300093300915,0.040000000000000036,80.00000000000006,3,3,TP,TP
META,2020-11-09,2020-11-10,2020-11-10,-0.049896099631036916,0.04653604943637632,1.0722031679817263,1.128997024424887,0.012950352191768433,0.03195639365627678,0.2195888321188082,-0.029960279137639767,0.06661326071820528,0.005990583131714189,2.0,0.012565951663630504,0.04561553683762676,2.0169945500332975,270.7226220038531,265.308169563776,-0.020000000000000018,-40.000000000000036,0,0,SL,SL
MSFT,2020-11-09,2020-11-10,2020-11-10,-0.023824414044822384,0.030149233409950585,0.7902162459944759,1.4431165987501984,0.02013741658335766,0.03163832100474817,0.1441858103933802,0.009242527803066558,0.07937535199752199,0.039556120564919306,1.0,0.012565951663630504,0.04561553683762676,2.0169945500332975,203.9896985273652,199.90990455681788,-0.020000000000000018,-40.000000000000036,0,0,SL,SL
NVDA,2020-11-09,2020-11-10,2020-11-10,-0.06395046351820788,0.04256000398969663,1.5025953365438987,1.83034312654314,0.008883875515547812,0.03003543700107114,0.41935816234513634,-0.011852645881122115,0.08346100140441859,0.03724941168701856,1.0,0.012565951663630504,0.04561553683762676,2.0169945500332975,13.54781121416907,13.276854989885688,-0.020000000000000018,-40.00000000000004,0,0,SL,SL
MA,2020-11-10,2020-11-11,2020-11-12,-0.028384242691931405,0.04120403561958833,0.6888704532241882,1.0953308092613236,0.0476393100944319,0.010390728833237883,0.10259083368442123,0.057656237339007044,0.1333490544778242,0.05572183542600562,2.0,-0.0014666432450582967,0.043705078524701735,0.9943162585154862,326.3893178302925,319.8615314736866,-0.020000000000000018,-40.000000000000036,1,1,SL,SL
META,2020-11-10,2020-11-11,2020-11-18,-0.022742911627628537,0.047430277455954975,0.47950197315940674,1.2750098473463924,-0.009419391161891166,0.010039880474665752,0.19042900701412524,-0.07550581288083658,0.026874998186865895,-0.03833541674839669,3.0,-0.0014666432450582967,0.043705078524701735,0.9943162585154862,271.0894346690546,269.60247802734375,-0.005485114694809501,-10.970229389619002,5,5,TIME,TIME
BA,2020-11-11,2020-11-12,2020-11-13,-0.03466006921565834,0.044778626622535116,0.7740315375866273,1.5929112101050515,0.1236786349939436,0.11857162107273078,0.005166094948432898,0.15474824111362273,0.20127935125544116,0.22958009077197583,1.0,0.007428358017769421,0.051118734078413386,0.6812752063056144,178.9499969482422,186.10799682617187,0.040000000000000036,80.00000000000007,1,1,TP,TP
DIS,2020-11-11,2020-11-12,2020-11-16,-0.03018775944500529,0.036952956590175445,0.8169240632028671,1.0064701578123068,0.0849064351062756,0.08233676863071837,0.15563121465934726,0.08128036225825408,0.10194291396135924,0.16333256351361403,2.0,0.007428358017769421,0.051118734078413386,0.6812752063056144,132.19023672911015,137.47784619827456,0.040000000000000036,80.00000000000007,2,2,TP,TP
BA,2020-11-12,2020-11-13,2020-11-13,-0.029810556451992598,0.04782382784280981,0.6233410790532222,1.0606295063318667,0.0860006567002507,0.08496786478649243,-0.020890218795180937,-0.014718997439031378,0.12496024788612003,0.19171899131260473,2.0,-0.009700779427107342,0.041110073570709504,0.7813640607721434,179.0,186.16,0.040000000000000036,80.00000000000007,0,0,TP,TP
BAC,2020-11-12,2020-11-13,2020-11-16,-0.023774526701432208,0.03899262447284569,0.6097185563384864,1.0010965796414735,0.07655709012958711,0.07752195933177664,0.07323784681355039,-0.038544654241902454,0.08451881177761367,0.1338149059352467,4.0,-0.009700779427107342,0.041110073570709504,0.7813640607721434,23.419689481476208,24.35647706073526,0.040000000000000036,80.00000000000007,1,1,TP,TP
DUK,2020-11-12,2020-11-13,2020-11-18,-0.021744554494987023,0.028034783747590414,0.775627687759709,1.022654804002092,0.01657182566465587,0.06681632379831526,0.11334099806567788,-0.002159234194832216,0.010337798827635414,0.03202535263939987,2.0,-0.009700779427107342,0.041110073570709504,0.7813640607721434,75.86889875178332,74.35152077674765,-0.020000000000000018,-40.000000000000036,3,3,SL,SL
PFE,2020-11-12,2020-11-13,2020-11-16,-0.02467537809979603,0.04129365884722801,0.5975585305018922,1.0611041547437343,0.01665811376107107,0.03122640346021055,0.06222208039596455,-0.04209179090763304,0.03187699931899424,0.0752882566071964,3.0,-0.009700779427107342,0.041110073570709504,0.7813640607721434,26.771446019749696,26.2360170993547,-0.020000000000000018,-40.00000000000004,1,1,SL,SL
PFE,2020-11-16,2020-11-17,2020-11-24,-0.03340251073011147,0.04335452147188255,0.7704504535190078,1.6379089872522323,0.009374701014721598,0.02297603468697007,0.05549105391062126,-0.030389685038249903,-0.04770405722667048,0.04095794473033498,4.0,0.01248236204002251,0.06647029058935261,0.8726237990405377,27.18885506432436,27.27081871032715,0.0030146045432539736,6.029209086507947,5,5,TIME,TIME
DUK,2020-11-17,2020-11-18,2020-11-18,-0.021997861221589754,0.027909992176319825,0.7881715294873423,1.0325085067851254,-0.0026960200951956503,0.04174413050133707,0.0974202420887238,-0.014111674111263794,-0.033861875016648835,-0.017476047286386298,2.0,-0.005378293977476023,0.05894420554261259,0.7712007592672175,74.9717029758786,73.47226891636103,-0.019999999999999907,-39.999999999999815,0,0,SL,SL
WMT,2020-11-17,2020-11-18,2020-11-25,-0.02013907701956852,0.020686911699654476,0.9735178122264085,2.304738593832964,0.03456854917862451,0.05411484763065966,0.1683191182591257,0.00769061209152877,0.026174588427322565,0.0461545846761513,1.0,-0.005378293977476023,0.05894420554261259,0.7712007592672175,46.20735320432962,46.81477737426758,0.013145617046099067,26.291234092198135,5,5,TIME,TIME
BA,2020-11-18,2020-11-19,2020-11-19,-0.03213520543647297,0.054455053281222354,0.5901234779905008,2.778091409562275,0.1987699917359942,0.22688650623386786,0.14127637756912792,0.08652665484792132,0.1161131477571884,0.3407636780654235,2.0,-0.012034799048418865,0.045104750743151234,0.8201083756919428,200.4499969482422,208.46799682617188,0.040000000000000036,80.00000000000007,0,0,TP,TP
HON,2020-11-18,2020-11-19,2020-11-27,-0.020552223619236365,0.03578686330840021,0.5742951943601093,1.2036497887031694,0.09332331399900196,0.15595082276972305,0.30802018844552803,-0.002133723910000662,0.013863629892343354,0.129354837454297,3.0,-0.012034799048418865,0.045104750743151234,0.8201083756919428,177.27215846706855,184.3630448057513,0.040000000000000036,80.00000000000007,5,5,TP,TP
UNH,2020-11-19,2020-11-20,2020-11-30,-0.02179908589650037,0.03658965175515008,0.5957718877013388,1.0965087024721318,0.0004808542363585744,0.044094171736185794,0.14049229599442703,-0.055546353295253925,-0.04912396931067997,-0.04909713281798478,3.0,0.00420989694029994,0.04795391995053122,0.6945429430879039,303.5678307172588,304.7820739746094,0.003999907547784565,7.999815095569129,5,5,TIME,TIME
CRM,2020-11-20,2020-11-23,2020-11-23,-0.024976500289222714,0.03730873088142498,0.669454567313032,1.2682351999192352,0.03489834844265571,0.028531348144812174,0.2935088096189873,0.007299830029358523,0.03418705792195276,-0.008110686595883432,1.0,-0.006847562895482384,0.0394017813681351,0.8060004813067277,256.7874427597701,251.6516939045747,-0.020000000000000018,-40.000000000000036,0,0,SL,SL
BLK,2020-11-30,2020-12-01,2020-12-08,-0.023437022458234535,0.019726086981124897,1.188123244141653,1.5050357030925738,0.041935279804400816,0.11423344573095218,0.2867125509781967,-0.001358658283690084,0.03811421216069677,0.04267106739068094,1.0,-0.004427120818585761,0.05106200644587644,1.0926300133470614,619.3304568927282,626.2036743164062,0.011097819180671431,22.195638361342862,5,5,TIME,TIME
COP,2020-11-30,2020-12-01,2020-12-01,-0.07526838075073938,0.04893105204657132,1.5382538817906648,1.3868628636828446,0.08219033011066168,0.15611101250510018,0.0537092647344144,-0.10920944093195106,-0.0022697733993859437,0.11877846504322243,3.0,-0.004427120818585761,0.05106200644587644,1.0926300133470614,33.42448803809883,32.75599827733685,-0.020000000000000018,-40.000000000000036,0,0,SL,SL
CVX,2020-11-30,2020-12-01,2020-12-01,-0.045230687617902166,0.04006620000934015,1.1288988625664047,1.1826804410426963,0.06042940677524622,0.15306830066647903,0.06253319543671476,-0.08826633657973149,0.01620225984599788,0.06543156023114527,3.0,-0.004427120818585761,0.05106200644587644,1.0926300133470614,70.22673024065587,68.82219563584275,-0.020000000000000018,-40.000000000000036,0,0,SL,SL
DUK,2020-11-30,2020-12-01,2020-12-04,-0.020507432994319785,0.02178430256457799,0.9413857952774473,1.6114352035673927,-0.013641091029364172,0.019041282226156753,0.09455368376350348,-0.03739879822333669,0.000864140188228335,-0.024426134790012433,3.0,-0.004427120818585761,0.05106200644587644,1.0926300133470614,74.94767526182747,73.44872175659091,-0.02000000000000013,-40.000000000000256,3,3,SL,SL
GE,2020-11-30,2020-12-01,2020-12-01,-0.021153842521285382,0.036766782212557324,0.575352022893657,1.1083515287289518,0.10712339950194405,0.31586043469927083,0.3925446623200506,-0.025837332806963098,0.04303277137681838,0.10054044888544889,2.0,-0.004427120818585761,0.05106200644587644,1.0926300133470614,50.147690878694355,49.144737061120466,-0.020000000000000018,-40.000000000000036,0,0,SL,SL
HON,2020-11-30,2020-12-01,2020-12-08,-0.026216511128560605,0.020838130796925963,1.2581028204520177,1.671628544027363,0.03445438580839366,0.13717746071034354,0.3170090299322319,-0.019096560287331754,0.009504887314937926,0.011809024102199972,2.0,-0.004427120818585761,0.05106200644587644,1.0926300133470614,182.3891203200753,186.775146484375,0.02404763045406777,48.09526090813554,5,5,TIME,TIME
MS,2020-11-30,2020-12-01,2020-12-08,-0.03148510951965078,0.027517849145605143,1.1441704383599778,1.258689384950991,0.08345368748485149,0.18741000707341549,0.3382523698254838,-0.027830264209078748,0.06953791195312164,0.09220963682648775,2.0,-0.004427120818585761,0.05106200644587644,1.0926300133470614,52.938254282836624,53.600830078125,0.012516011422446738,25.032022844893472,5,5,TIME,TIME
TSLA,2020-11-30,2020-12-01,2020-12-01,-0.031002439645386293,0.04923235005736505,0.6297168347491549,1.6100995810369247,0.2190394256274042,0.288287151801053,1.0442368107542834,0.022002955542160807,0.159289990906621,0.3894736098972873,1.0,-0.004427120818585761,0.05106200644587644,1.0926300133470614,199.19667053222656,195.21273712158202,-0.020000000000000018,-40.000000000000036,0,0,SL,SL
XOM,2020-11-30,2020-12-01,2020-12-03,-0.05125656815792101,0.04076277988672292,1.2574355404699982,1.2959340599085005,0.041496224442444385,0.10308595789547503,-0.0437620125303787,-0.09171041984336747,0.03221428312277719,0.05681779419440525,3.0,-0.004427120818585761,0.05106200644587644,1.0926300133470614,31.216180522628687,32.46482774353384,0.040000000000000036,80.00000000000007,2,2,TP,TP
TSLA,2020-12-02,2020-12-03,2020-12-07,-0.027258998689319136,0.0541785669132923,0.5031325160915496,1.1838778885329941,0.1799507219714469,0.2748547033115847,1.0195937859250037,-0.02891962111646018,0.024199706885519756,0.28805960495144767,2.0,0.0021035359549366195,0.06014365049256454,0.6223001243462069,196.67333984375,204.54027343750002,0.040000000000000036,80.00000000000007,2,2,TP,TP
COST,2020-12-03,2020-12-04,2020-12-11,-0.024641553520095227,0.014856137947881593,1.6586782922010348,1.7115678467663833,0.0038482911977351097,0.030556743358340688,0.1680570930594636,-0.020221750811596495,-0.010063902406527991,0.004232389512733414,2.0,-0.00027265978268209423,0.057162655523941064,0.8907035420558266,353.45440855262575,353.350830078125,-0.0002930462090567909,-0.5860924181135818,5,5,TIME,TIME
AAPL,2020-12-09,2020-12-10,2020-12-15,-0.020903899043499208,0.02189546968270513,0.954713433711397,1.2250348451869948,0.017695407041240507,0.037497434345180825,0.271832424954638,-0.0038448624672574594,-0.010562567753995555,0.05739314459627587,3.0,-0.008968845373171774,0.04812554483659648,1.2213888053274213,116.98259162067868,121.66189528550582,0.040000000000000036,80.00000000000007,3,3,TP,TP
ADBE,2020-12-09,2020-12-10,2020-12-10,-0.023299968852697917,0.02259035156472775,1.031412405687309,1.3420753120166538,0.021818230189007304,0.007731181066842341,0.14730705000213784,-0.004650225855195478,0.005153098986881766,0.04547217953806659,1.0,-0.008968845373171774,0.04812554483659648,1.2213888053274213,483.739990234375,474.0651904296875,-0.020000000000000018,-40.00000000000004,0,0,SL,SL
AMD,2020-12-09,2020-12-10,2020-12-14,-0.03325437364164019,0.03648954628223025,0.911339740550144,1.225700129135693,0.026136049198622446,0.06836694494359818,0.35274025656350405,-0.04476817358024421,-0.041711074480683896,0.05595394561309819,3.0,-0.008968845373171774,0.04812554483659648,1.2213888053274213,89.55000305175781,93.13200317382812,0.040000000000000036,80.00000000000007,2,2,TP,TP
TSLA,2020-12-09,2020-12-10,2020-12-10,-0.06985904262531573,0.05707148518930542,1.2240621107650194,1.543862141430031,0.13952637476935537,0.2926188060228474,1.0639134291348529,0.009081226461895575,0.06269113555918726,0.08840794954955955,1.0,-0.008968845373171774,0.04812554483659648,1.2213888053274213,191.4566650390625,199.114931640625,0.040000000000000036,80.00000000000009,0,0,TP,TP
ABBV,2020-12-14,2020-12-15,2020-12-15,-0.02012398725195208,0.02079102812102613,0.9679168887083816,1.0336004158040524,0.0029404660607053046,0.10420269759402956,0.17121803837197014,-0.041133484348830573,-0.015495262673670629,-0.0036337813433039434,3.0,-0.004477151721622441,0.03642462306817351,1.145103042597624,84.76038567022476,83.06517795682026,-0.020000000000000018,-40.000000000000036,0,0,SL,SL
COP,2020-12-14,2020-12-15,2020-12-15,-0.026678999804825465,0.04705640293908645,0.566957908775154,1.2046851254209385,0.018495054671894495,0.17276797644855013,0.14261150698816172,-0.0088992342397346,-0.011677083796631793,0.0697671729424092,3.0,-0.004477151721622441,0.03642462306817351,1.145103042597624,34.86277724412828,34.165521699245716,-0.020000000000000018,-40.000000000000036,0,0,SL,SL
CVX,2020-12-14,2020-12-15,2020-12-17,-0.03255817710886244,0.03792649444077403,0.8584546921336283,1.0964297094125108,-0.004103298276502798,0.12576257777081867,0.0950970623311631,-0.011057173504995577,-0.014543974327763443,0.025923408646869595,3.0,-0.004477151721622441,0.03642462306817351,1.145103042597624,70.33685701639142,68.93011987606359,-0.02000000000000013,-40.000000000000256,2,2,SL,SL
DIS,2020-12-14,2020-12-15,2020-12-22,-0.03653539146341733,0.031191460181326413,1.171326742993911,2.1038444865659716,0.11766501876927404,0.2375929083110302,0.4013652472847753,0.09628958691309752,0.10163966793329582,0.14384163059799815,1.0,-0.004477151721622441,0.03642462306817351,1.145103042597624,165.3008381089785,165.2620391845703,-0.0002347170459148229,-0.4694340918296458,5,5,TIME,TIME
JNJ,2020-12-14,2020-12-15,2020-12-22,-0.02536788095080922,0.014652705407739667,1.7312762554694996,1.0950278359450416,0.007636227021467601,0.02432722389722719,0.0408252641683684,-0.026322580976507304,0.0006711770886653756,0.03034292635836655,2.0,-0.004477151721622441,0.03642462306817351,1.145103042597624,128.07823784860508,130.4008026123047,0.018133953142336345,36.26790628467269,5,5,TIME,TIME
MRK,2020-12-14,2020-12-15,2020-12-18,-0.02417698343414154,0.017103191576996545,1.413594844289712,1.4779707078495787,-0.004457047184540319,0.010563149311497488,0.021890610151975354,-0.030139528560954254,-0.018855148070435424,0.007019542241085697,3.0,-0.004477151721622441,0.03642462306817351,1.145103042597624,64.59183445170292,63.299997762668866,-0.020000000000000018,-40.000000000000036,3,3,SL,SL
PFE,2020-12-14,2020-12-15,2020-12-15,-0.046449590686961084,0.03444821192116871,1.3483890192401373,1.5945620676700796,0.012893696708473845,0.07613264357121907,0.15063904005229856,-0.06308255110368899,-0.049454753965192944,0.02349267538571853,4.0,-0.004477151721622441,0.03642462306817351,1.145103042597624,29.10377142438631,28.521695995898583,-0.020000000000000018,-40.000000000000036,0,0,SL,SL
COP,2020-12-18,2020-12-21,2020-12-29,-0.02358847831459332,0.042006557308206245,0.5615427644194294,1.576701893734141,-0.02835750235522605,0.11566174301088172,0.1088945805151118,-0.04252300672042719,-0.05749788883041529,-0.07431686936629167,4.0,-0.0039931288461928505,0.046396593234867556,2.1661843441957225,32.206811246397834,31.928953170776367,-0.008627307854096933,-17.254615708193867,5,5,TIME,TIME
NKE,2020-12-18,2020-12-21,2020-12-22,-0.022917724433193287,0.017933696071199785,1.2779141757619887,2.8615467906561998,0.004804693226367229,0.04573216741496533,0.29204177387037134,-0.01513727110798746,-0.0009456977453802251,0.0006561171801746646,3.0,-0.0039931288461928505,0.046396593234867556,2.1661843441957225,131.38953834044398,128.7617475736351,-0.020000000000000018,-40.000000000000036,1,1,SL,SL
AMD,2020-12-21,2020-12-22,2020-12-22,-0.028044149951648167,0.03487533701187019,0.8041255613416164,1.0593947530446923,0.010880857656236032,0.08747132062339724,0.36446198426038445,-0.03737733788560449,-0.016353613023065927,-0.008929481669136652,4.0,-0.0035754095647592132,0.04132816089757507,1.4982693300887078,93.36000061035156,91.49280059814453,-0.020000000000000018,-40.000000000000036,0,0,SL,SL
GS,2020-12-22,2020-12-23,2020-12-28,-0.02681152512865992,0.024185637326908007,1.1085721978816927,1.3028191315142315,0.04164592374514875,0.13473418970555695,0.2671008978115177,0.023156123084095537,0.031596979626973276,0.0471029444130755,2.0,-0.0016855663752290972,0.0386141194781624,0.7542952662698157,220.10998908888047,228.9143886524357,0.040000000000000036,80.00000000000006,2,2,TP,TP
AAPL,2021-01-04,2021-01-05,2021-01-12,-0.02471933643333868,0.028679647202848085,0.8619121517953638,1.3208817529241865,0.010597242026181952,0.06738965050861112,0.28535039592137457,-0.04048325383832241,-0.019398129538816145,0.005516849481853825,4.0,-0.013614021639711149,0.03224503244840937,1.73326678786288,125.12770142569896,125.04029846191406,-0.0006985101043895936,-1.3970202087791872,5,5,TIME,TIME
ADBE,2021-01-04,2021-01-05,2021-01-06,-0.02955290514996034,0.020571739156582194,1.4365778666070879,1.4198553381632544,-0.014600106237240174,0.013107302722428882,0.11568898910697123,-0.03339903507780273,-0.02904811234982063,-0.020227691597981212,3.0,-0.013614021639711149,0.03224503244840937,1.73326678786288,485.8800048828125,476.16240478515624,-0.020000000000000018,-40.000000000000036,1,1,SL,SL
AMZN,2021-01-04,2021-01-05,2021-01-12,-0.021584740620304466,0.02085857179125687,1.034813928600422,1.2355253447380103,-0.0030377136673094274,0.004248756613364213,0.10499168973300477,-0.04074960061659838,0.004393690776240744,-0.015280856153444877,3.0,-0.013614021639711149,0.03224503244840937,1.73326678786288,158.30050659179688,155.13449645996093,-0.020000000000000018,-40.000000000000036,5,5,SL,SL
AVGO,2021-01-04,2021-01-05,2021-01-07,-0.028845884669339572,0.021760499205185843,1.325607670915251,1.2673586077983636,0.0069168911771451125,0.08226339105416813,0.3047895085210599,-0.00890378148580473,-0.014462840692133772,0.006437421723198167,2.0,-0.013614021639711149,0.03224503244840937,1.73326678786288,38.09747608764428,39.62137513115005,0.040000000000000036,80.00000000000007,2,2,TP,TP
BA,2021-01-04,2021-01-05,2021-01-05,-0.052975784673577664,0.032359903802875505,1.63708103078076,1.2377403028922942,-0.09296929573419122,0.011983867743196708,0.1845497855180065,-0.06256646834356938,-0.06645172959415346,-0.08371001542500489,3.0,-0.013614021639711149,0.03224503244840937,1.73326678786288,204.74000549316406,212.92960571289063,0.040000000000000036,80.00000000000006,0,0,TP,TP
GE,2021-01-04,2021-01-05,2021-01-05,-0.030555487305874318,0.03246435953714434,0.9412009890696913,1.0062688654851917,-0.03546126353336576,0.08167177589059982,0.4102823319171083,-0.008522580485441411,-0.01690119228687892,-0.0367986234714186,3.0,-0.013614021639711149,0.03224503244840937,1.73326678786288,50.67972607253792,52.706915115439436,0.040000000000000036,80.00000000000009,0,0,TP,TP
KO,2021-01-04,2021-01-05,2021-01-06,-0.037928551062344495,0.018452830229371775,2.0554327217497934,1.8432054420084534,-0.01323231496875299,0.01363158566674727,0.10595300949682396,-0.025309567102028585,-0.012724432519720663,-0.009574072009113643,2.0,-0.013614021639711149,0.03224503244840937,1.73326678786288,44.427723087353286,43.539168625606216,-0.02000000000000013,-40.000000000000256,1,1,SL,SL
MSFT,2021-01-04,2021-01-05,2021-01-06,-0.021266071166596956,0.019001418961457902,1.1191833204526793,1.3449477389779692,-0.003036468958965033,0.012566631715521304,0.09129573054225637,-0.02882018134492703,-0.022716045586554157,-0.007884410791922147,3.0,-0.013614021639711149,0.03224503244840937,1.73326678786288,207.15534587063763,203.01223895322488,-0.020000000000000018,-40.000000000000036,1,1,SL,SL
NFLX,2021-01-04,2021-01-05,2021-01-06,-0.033047962975152,0.02780313396934274,1.1886416477938242,1.250159983010156,0.007252988046922981,0.04350233332551512,0.10663656945733946,-0.01508848635775284,0.01729672840924157,-0.018840337777871974,2.0,-0.013614021639711149,0.03224503244840937,1.73326678786288,52.154998779296875,51.111898803710936,-0.020000000000000018,-40.000000000000036,1,1,SL,SL
PEP,2021-01-04,2021-01-05,2021-01-07,-0.02717452634243267,0.014773885238800227,1.8393622194292534,2.018619975626328,-0.009032390575236526,0.0137048532718278,0.07496090560179614,-0.021367245390085943,-0.005445797565907906,-0.009882454560397158,2.0,-0.013614021639711149,0.03224503244840937,1.73326678786288,121.1137346766274,118.69145998309486,-0.019999999999999907,-39.999999999999815,2,2,SL,SL
AAPL,2021-01-06,2021-01-07,2021-01-14,-0.03366167983333912,0.02934441503710441,1.1471239004347427,1.373936246551605,-0.01580846317654727,0.039544955435552476,0.2484556961319193,-0.04589655982798668,-0.06131817986880528,-0.01271135489604236,4.0,0.005978445343993277,0.04221792273260472,1.604194344559764,124.61313347302331,125.14707946777344,0.00428482921397455,8.569658427949099,5,5,TIME,TIME
AMD,2021-01-06,2021-01-07,2021-01-07,-0.02630155115128041,0.03008808547315578,0.8741517028308874,1.3865200794438504,-0.02815581630722641,0.031053765987239634,0.2750523758241412,-0.015047402324656844,-0.003200186567399843,-0.031105882456918588,2.0,0.005978445343993277,0.04221792273260472,1.604194344559764,91.33000183105469,94.98320190429688,0.040000000000000036,80.00000000000007,0,0,TP,TP
GOOGL,2021-01-11,2021-01-12,2021-01-20,-0.023105482630772278,0.021678000411328856,1.0658493492184558,1.1400450828265885,0.004531148709313149,0.004191695650105798,0.15509464902129833,0.01939210093081334,0.01747249160345099,0.012761360307498304,2.0,-0.0067406354441531535,0.04842459050512349,0.7485136888903035,86.50097826490368,89.96101739549982,0.040000000000000036,80.00000000000007,5,5,TP,TP
TSLA,2021-01-11,2021-01-12,2021-01-12,-0.07821411721500826,0.047330810851144905,1.6524989918510198,1.0890981280322438,0.16609514136576986,0.40377127338913255,1.2949086276935193,0.0730310418607496,0.11156939541536293,0.22578843995394204,1.0,-0.0067406354441531535,0.04842459050512349,0.7485136888903035,277.0,288.08,0.040000000000000036,80.00000000000006,0,0,TP,TP
LLY,2021-01-12,2021-01-13,2021-01-13,-0.03839941010208858,0.027920266732487133,1.3753238989442838,1.8628782718692225,0.06077818453693662,0.15988648646075987,0.17691945080050586,0.07821277547658467,0.07503577295321873,0.0738736544453642,2.0,0.00021124445374831602,0.04573983499762657,0.7736267560844616,169.83434115614583,176.62771480239167,0.040000000000000036,80.00000000000007,0,0,TP,TP
AMD,2021-01-13,2021-01-14,2021-01-15,-0.03754196526993381,0.035636466981558014,1.053470460171091,1.494972223309766,-0.019564922678006358,0.02805244263300888,0.273822567229538,-0.029604599255129704,0.016052218740725044,0.012800662078534364,3.0,0.002692928102680847,0.04540208854269223,0.6789272483107219,91.7699966430664,89.93459671020507,-0.02000000000000013,-40.000000000000256,1,1,SL,SL
BLK,2021-01-14,2021-01-15,2021-01-15,-0.04648929305394023,0.02306179176072821,2.0158578108881624,2.415887300747015,0.026353161529373503,0.06337071067641564,0.27605986648768255,-0.030234252628487335,-0.009221401447906397,0.04874866462586547,1.0,-0.003501918755865585,0.03890087184577751,0.7570160401245412,650.9914609907743,637.9716317709588,-0.020000000000000018,-40.000000000000036,0,0,SL,SL
BAC,2021-01-15,2021-01-19,2021-01-21,-0.028832223054244377,0.027718863178281147,1.040166144939003,1.0985090964455464,0.061568186428572425,0.1366586793389699,0.306785143142114,-0.019310972185299646,0.014755382345480239,0.08907947178540665,2.0,-0.007292710034165317,0.029002787068264313,1.5650335632956107,28.492704959071453,27.922850859890023,-0.020000000000000018,-40.000000000000036,2,2,SL,SL
BLK,2021-01-15,2021-01-19,2021-01-25,-0.02117023083694014,0.025814060806549938,0.8201046319519208,1.6867850551849433,0.002591226698026805,0.037840357756770304,0.2455671925181997,-0.06426321055514883,-0.03792733273724758,0.008620410314056137,2.0,-0.007292710034165317,0.029002787068264313,1.5650335632956107,647.0795332822222,634.1379426165778,-0.019999999999999907,-39.999999999999815,4,4,SL,SL
COP,2021-01-15,2021-01-19,2021-01-21,-0.05744697842940949,0.03884874097409694,1.4787346253437978,2.769090064228426,0.06505549429478563,0.11315084670203746,0.1801640915852578,-0.04850253130041804,0.009396202192060832,0.1282825085244954,2.0,-0.007292710034165317,0.029002787068264313,1.5650335632956107,36.8976875377266,36.15973378697206,-0.02000000000000013,-40.000000000000256,2,2,SL,SL
GE,2021-01-15,2021-01-19,2021-01-21,-0.02830215484388765,0.03303494184619948,0.8567339084673972,1.0250554299032477,0.028690656492162958,0.09119607135652652,0.48902952635036745,-0.038200348044727606,-0.0008819266445276863,0.049073984286031935,2.0,-0.007292710034165317,0.029002787068264313,1.5650335632956107,55.781708820076325,54.6660746436748,-0.020000000000000018,-40.000000000000036,2,2,SL,SL
GS,2021-01-15,2021-01-19,2021-01-19,-0.022282200278509134,0.027524059378948626,0.8095535608221855,1.1336316291351867,0.10299065633893933,0.22520918153785519,0.4501684494857654,-0.003970653646919509,0.03767912147302366,0.14144325349373044,1.0,-0.007292710034165317,0.029002787068264313,1.5650335632956107,266.9326204681865,261.5939680588227,-0.02000000000000013,-40.000000000000256,0,0,SL,SL
XOM,2021-01-15,2021-01-19,2021-01-22,-0.04810181805105196,0.03324583972878494,1.4468522510924697,1.4528490263452272,0.08844627376170999,0.16838311232618808,0.19455978639545157,0.00020911461290529232,0.0534537124156611,0.16181490868837245,1.0,-0.007292710034165317,0.029002787068264313,1.5650335632956107,38.81992625750328,38.04352773235322,-0.020000000000000018,-40.000000000000036,3,3,SL,SL
GS,2021-01-19,2021-01-20,2021-01-20,-0.022623778123914695,0.029693169169588824,0.761918608104841,1.8711931157626562,0.06829546261845909,0.18806985749217864,0.41236236756537425,-0.028850329699143695,0.0012594773803773496,0.11018886947077444,2.0,0.00785200461088098,0.035009268025845364,0.7553518643332127,258.8982672117575,253.72030186752235,-0.020000000000000018,-40.000000000000036,0,0,SL,SL
COP,2021-01-21,2021-01-22,2021-01-27,-0.047839994187803714,0.043412808570440976,1.1019787883610261,1.4810685396306575,0.006009189006661364,0.04246085157627122,0.12407431516381884,-0.042775345791604136,-0.08165029984337868,-0.0073547657712816905,3.0,0.0009115258319161157,0.04624503458194229,0.7758136072784267,34.37246463670373,33.68501534396966,-0.019999999999999907,-39.999999999999815,3,3,SL,SL
CVX,2021-01-21,2021-01-22,2021-01-27,-0.035332190931419594,0.029561948257648952,1.1951915558298034,1.080896408417453,0.030837825294746768,0.03994915361828144,0.09836551532468474,-0.0008688214435538244,-0.013297702210729345,0.02461037958085499,2.0,0.0009115258319161157,0.04624503458194229,0.7758136072784267,71.10771901495538,69.68556463465627,-0.020000000000000018,-40.000000000000036,3,3,SL,SL
XOM,2021-01-21,2021-01-22,2021-01-26,-0.028669782422863332,0.03487548188206711,0.8220612555207523,1.0290620705708868,0.07114601078726812,0.14599426997081166,0.1950265977940322,0.004593495300478034,-0.006402390849968409,0.07845719376199933,2.0,0.0009115258319161157,0.04624503458194229,0.7758136072784267,37.66613782363843,36.91281506716566,-0.020000000000000018,-40.000000000000036,2,2,SL,SL
NFLX,2021-01-22,2021-01-25,2021-01-25,-0.02530013174863055,0.038102329723211294,0.6640048504230475,1.1936797009003028,0.08267000674495106,0.11067392947073706,0.17059097383910204,0.12635271913033086,0.12839915233686194,0.11059361274147417,3.0,-0.0035395415745806957,0.04085125873616202,0.8538281376191246,56.70000076293945,55.56600074768066,-0.020000000000000018,-40.000000000000036,0,0,SL,SL
CAT,2021-01-25,2021-01-26,2021-01-27,-0.023965745122163984,0.02623653074633615,0.9134494706587961,1.3186613032652943,-0.005366071531467065,0.03828392936313563,0.2849735986985993,-0.025995626460047716,-0.03228457079851954,-0.03049145777339357,4.0,0.0039440564939075,0.043149886844070506,1.115367023748246,170.4516551876435,167.04262208389062,-0.020000000000000018,-40.000000000000036,1,1,SL,SL
GS,2021-01-25,2021-01-26,2021-01-27,-0.021942527939957435,0.03354654440916759,0.6540920481204909,1.3477863162127646,0.001121363900160821,0.1141892940697502,0.34217879133877016,-0.02557871106762788,-0.05969894659922792,-0.024269228986928182,4.0,0.0039440564939075,0.043149886844070506,1.115367023748246,248.49239151969874,243.52254368930477,-0.020000000000000018,-40.000000000000036,1,1,SL,SL
MS,2021-01-25,2021-01-26,2021-01-26,-0.02360725346611292,0.03279323900270065,0.7198817251375741,1.4147985059153798,-0.003085421836791502,0.08874174036584992,0.3967062427219976,-0.032870241392706,-0.038011856757486084,-0.038139661899795785,5.0,0.0039440564939075,0.043149886844070506,1.115367023748246,61.00646845034624,59.786339081339314,-0.020000000000000018,-40.000000000000036,0,0,SL,SL
AMZN,2021-01-27,2021-01-28,2021-02-02,-0.02812581228312927,0.023612711484518736,1.1911301377467587,1.2406439890583092,0.006691165675395405,0.01532187649237926,0.08366861762578415,-0.018118407534905234,-0.00943811928130922,0.03580774189308866,2.0,-0.024440518332422556,0.01324316033672246,1.8100489765390544,161.7519989013672,168.22207885742188,0.040000000000000036,80.00000000000009,3,3,TP,TP
AVGO,2021-01-27,2021-01-28,2021-02-02,-0.041326185003719984,0.024441818658981984,1.690798282251933,1.3981366280836311,-0.005163191385697874,0.05524350755556795,0.2936512479776421,-0.043697125203582377,-0.037195783489455736,-0.010436483045947575,4.0,-0.024440518332422556,0.01324316033672246,1.8100489765390544,40.82942459700478,42.46260158088497,0.040000000000000036,80.00000000000007,3,3,TP,TP
GOOGL,2021-01-27,2021-01-28,2021-02-01,-0.04665218120967818,0.030698007655270563,1.5197136483112588,2.189588098864764,0.017025194478402117,0.02471619595125385,0.16830823593132505,-0.03889973919940404,-0.0325147173925735,0.046914044699864155,1.0,-0.024440518332422556,0.01324316033672246,1.8100489765390544,90.74535172102193,94.37516578986282,0.040000000000000036,80.00000000000009,2,2,TP,TP
GS,2021-01-27,2021-01-28,2021-02-02,-0.029919245628370228,0.03153702418580245,0.948702244450809,1.0914210235542556,-0.03990308355391947,0.06549034036573143,0.29007643143149253,-0.05549602156502076,-0.05900746085004471,-0.09556268234020837,4.0,-0.024440518332422556,0.01324316033672246,1.8100489765390544,240.33565780148987,249.94908411354947,0.040000000000000036,80.00000000000007,3,3,TP,TP
HD,2021-01-27,2021-01-28,2021-01-29,-0.030255033850966395,0.02209189692088965,1.369508193855361,1.1354146213757446,0.006099667886531046,0.012039010903498681,0.052455290473465865,-0.035035210877493506,-0.0009114962794853909,-0.00825093364662799,2.0,-0.024440518332422556,0.01324316033672246,1.8100489765390544,241.0699307290816,236.24853211449997,-0.020000000000000018,-40.000000000000036,1,1,SL,SL
JPM,2021-01-27,2021-01-28,2021-02-03,-0.02827179174119676,0.025988204617474673,1.0878701379081257,1.1199125643846823,-0.03915991083117165,0.02465797316966345,0.23656272923843558,-0.04432312713174935,-0.059645225441367744,-0.08814728270596361,5.0,-0.024440518332422556,0.01324316033672246,1.8100489765390544,113.30052529785736,117.83254630977166,0.040000000000000036,80.00000000000006,4,4,TP,TP
LLY,2021-01-27,2021-01-28,2021-01-29,-0.024210206111453525,0.03393344770167947,0.7134614296871251,1.4006140773326277,0.1221880932412982,0.24841526085539645,0.3394384305293279,0.0069371618183580175,0.03135252063999938,0.16090612085195755,1.0,-0.024440518332422556,0.01324316033672246,1.8100489765390544,196.43854684503543,204.29608871883687,0.040000000000000036,80.00000000000007,1,1,TP,TP
LOW,2021-01-27,2021-01-28,2021-02-01,-0.03448462059841151,0.020681891529180915,1.6673823353998238,1.1646337884893776,0.005000512546347258,0.04292537981295608,0.14078983214295016,-0.02720441363922943,-0.027147855689647615,-0.004086620099358562,3.0,-0.024440518332422556,0.01324316033672246,1.8100489765390544,152.216408153843,149.17207999076612,-0.020000000000000018,-40.000000000000036,2,2,SL,SL
MS,2021-01-27,2021-01-28,2021-01-29,-0.03917968827096563,0.03275986986586663,1.1959659312257518,1.4017364033811308,-0.05988716643115777,0.020657827623368874,0.31258963538903184,-0.07702672289577106,-0.08578292305470758,-0.09736140740299815,5.0,-0.024440518332422556,0.01324316033672246,1.8100489765390544,58.53824325374371,57.367478388668836,-0.020000000000000018,-40.000000000000036,1,1,SL,SL
NEE,2021-01-27,2021-01-28,2021-02-02,-0.05913398082391752,0.02812961137025323,2.102196864562839,1.9256265185283974,-0.0033246393066637125,0.042245228352785436,0.1616834311723676,-0.04773764698369587,-0.04592512985472308,0.005517466311218078,3.0,-0.024440518332422556,0.01324316033672246,1.8100489765390544,69.47176898578091,72.25063974521215,0.040000000000000036,80.00000000000009,3,3,TP,TP
NFLX,2021-01-27,2021-01-28,2021-02-04,-0.06878083789603973,0.044337098080459374,1.5513157349906355,1.2299580168996342,-0.00656117848548865,0.020959224117518938,0.07820631066075312,-0.07411927920261308,-0.10754851924306419,0.05873545620113885,4.0,-0.024440518332422556,0.01324316033672246,1.8100489765390544,53.5880012512207,55.73152130126953,0.040000000000000036,80.00000000000009,5,5,TP,TP
PLD,2021-01-27,2021-01-28,2021-01-29,-0.026119830026662294,0.024524175040274113,1.0650645733757715,1.0004144693145303,0.05159724069012972,0.049162222423427604,0.06792961572143019,0.020351664163734462,0.029300370180052715,0.09048676438210257,1.0,-0.024440518332422556,0.01324316033672246,1.8100489765390544,88.20090270998098,86.43688465578136,-0.020000000000000018,-40.000000000000036,1,1,SL,SL
AAPL,2021-01-28,2021-01-29,2021-01-29,-0.03498508565789071,0.02961035004634212,1.1815154364314093,1.2630798763445306,0.029919324191691077,0.07597170941144649,0.28524127056673243,-0.04079215677821546,0.0016074731539466036,0.047367766603509276,2.0,0.008600092872435683,0.020794134581467283,1.342353982037317,131.8650760774745,129.227774555925,-0.020000000000000018,-40.000000000000036,0,0,SL,SL
GE,2021-01-28,2021-01-29,2021-01-29,-0.025483287492546802,0.0400618795513745,0.6360981506089243,1.1234438870861945,-0.010969503086227794,0.02601947102053037,0.42591255021937235,0.009099063098314764,0.0018063772898142538,-0.04148674274616437,2.0,0.008600092872435683,0.020794134581467283,1.342353982037317,53.449362435324346,52.38037518661786,-0.019999999999999907,-39.999999999999815,0,0,SL,SL
ORCL,2021-01-28,2021-01-29,2021-02-05,-0.02126312558101362,0.017512958319241472,1.2141367091390747,1.2778869729663231,-0.017039637255973905,0.004616998835086372,0.07807372040007299,0.005254419417792366,0.00016323459600342538,-0.013535437613006573,2.0,0.008600092872435683,0.020794134581467283,1.342353982037317,56.71794952974127,58.98666751093092,0.040000000000000036,80.00000000000007,5,5,TP,TP
AAPL,2021-01-29,2021-02-01,2021-02-01,-0.037420682578400255,0.0331864381418725,1.1275896020665521,1.517700469688831,-0.007965091177275507,0.03381591704878839,0.23360227052467475,-0.0782342019618002,-0.0511253949882059,0.023659905050685603,3.0,-0.020019335171578723,-0.0001300994377592124,1.7121324950308487,129.84581103922318,127.24889481843871,-0.020000000000000018,-40.000000000000036,0,0,SL,SL
DIS,2021-01-29,2021-02-01,2021-02-02,-0.02158480945388619,0.02996967948896017,0.7202215646596192,1.3504383816768861,-0.03468466943933446,0.014495006020186718,0.27213391100044393,-0.008197651748955148,-0.026681386124815742,-0.030329222431357827,4.0,-0.020019335171578723,-0.0001300994377592124,1.7121324950308487,165.64015689645237,172.26576317231047,0.040000000000000036,80.00000000000007,1,1,TP,TP
HD,2021-01-29,2021-02-01,2021-02-08,-0.026002517492119126,0.024953327436411845,1.0420460981959587,1.0346970350267584,-0.00892739588886049,0.00046947996329382846,0.037065549469142756,-0.04168452498883657,-0.04640836246953528,0.009241975841045802,3.0,-0.020019335171578723,-0.0001300994377592124,1.7121324950308487,236.75778065880036,244.4392852783203,0.03244457097944342,64.88914195888685,5,5,TIME,TIME
JNJ,2021-01-29,2021-02-01,2021-02-02,-0.035646912278889165,0.021556002742296302,1.6536884275369041,2.3741828358878116,0.008260381277109596,0.05561595285159093,0.1054839321197314,-0.04311365871744588,-0.0025681899560214827,0.015437351009879086,2.0,-0.020019335171578723,-0.0001300994377592124,1.7121324950308487,141.15077084322078,138.32775542635636,-0.020000000000000018,-40.000000000000036,1,1,SL,SL
LOW,2021-01-29,2021-02-01,2021-02-01,-0.03185511725998069,0.02362178080381504,1.3485485080293322,1.0546081138080448,-0.005875931429102699,0.0351079505303189,0.12921961961318518,-0.03943532023452401,-0.032192442683772304,-0.017334311429113014,3.0,-0.020019335171578723,-0.0001300994377592124,1.7121324950308487,150.62114640917014,147.60872348098673,-0.020000000000000018,-40.00000000000004,0,0,SL,SL
MSFT,2021-01-29,2021-02-01,2021-02-03,-0.02917152006929291,0.023895745013712992,1.2207830328182832,1.2706106034437015,0.04487671594890541,0.06134446684430239,0.12892851845651632,-0.0015925933834464168,0.02659882786194867,0.08891191213164618,1.0,-0.020019335171578723,-0.0001300994377592124,1.7121324950308487,224.12750973113813,233.09261012038365,0.040000000000000036,80.00000000000007,2,2,TP,TP
XOM,2021-01-29,2021-02-01,2021-02-01,-0.026487182945945542,0.03885244883630448,0.6817377987560826,1.2617537169029744,-0.03103125510781657,0.0395848043000635,0.1085751524374523,-0.022454805164934255,-0.05460678292046639,-0.10872610563840457,4.0,-0.020019335171578723,-0.0001300994377592124,1.7121324950308487,36.520381204441435,35.78997358035261,-0.019999999999999907,-39.999999999999815,0,0,SL,SL
AVGO,2021-02-03,2021-02-04,2021-02-11,-0.024513624927821276,0.02549342646293715,0.9615665027790467,1.0721640818728198,0.02282612920409055,0.08192746987684041,0.33310351719210995,0.032608216097476106,0.04607606116077534,0.007166442476336465,2.0,0.0007866167649119848,0.027836681130709806,0.7392825249072179,41.23006564735526,42.87926827324947,0.040000000000000036,80.00000000000007,5,5,TP,TP
TSLA,2021-02-10,2021-02-11,2021-02-12,-0.052550944303998315,0.046441599281273026,1.1315489801659093,1.3876416096690183,-0.05071938522230879,0.0830406093993945,0.8743835631334289,-0.05563045623069529,-0.05834859944208626,-0.06866783233526841,3.0,-0.00043540787358919975,0.041575979929182605,0.91345252577474,270.8133239746094,265.39705749511717,-0.02000000000000013,-40.000000000000256,1,1,SL,SL
NEE,2021-02-16,2021-02-17,2021-02-19,-0.023336958496763205,0.026437105064128896,0.8827350211059185,1.016545803627114,-0.024211337665005273,0.02873214662295087,0.1503088913181061,-0.0324156743858357,-0.026498625445614765,-0.006241984578945314,2.0,-0.0008661009011317056,0.04274639460303309,0.8239900595622842,69.60957913840004,68.21738755563203,-0.02000000000000013,-40.000000000000256,2,2,SL,SL
AMZN,2021-02-19,2021-02-22,2021-02-23,-0.023535055745747435,0.02245695426745737,1.0480074664377954,1.1679394490186237,-0.013947782465806968,0.0058549064541804086,0.06267328749134005,-0.005827555769651771,-0.003749152895012875,-0.0243470901247006,2.0,-0.001766201133272416,0.032748607747926206,1.309290122874238,160.406494140625,157.1983642578125,-0.020000000000000018,-40.000000000000036,1,1,SL,SL
NKE,2021-02-19,2021-02-22,2021-02-22,-0.021159183279821803,0.021405405352304407,0.9884972011307369,1.3841585403284558,0.015469443563129959,0.009450560925868157,0.19837095478430844,0.002187558970451642,-0.010589318492477351,0.009884095357176825,3.0,-0.001766201133272416,0.032748607747926206,1.309290122874238,128.41374174742344,125.84546691247498,-0.020000000000000018,-40.000000000000036,0,0,SL,SL
AVGO,2021-02-22,2021-02-23,2021-02-23,-0.02775761310412983,0.023606148576521928,1.1758636956024602,1.055122321306419,0.010915068772276326,0.06023619534754898,0.3149301459950604,-0.012684620918183453,-0.020480491623514507,0.0222095680823422,2.0,-0.007691601157136074,0.023805813069646353,1.0483527029089625,42.22854195771731,41.38397111856296,-0.02000000000000013,-40.000000000000256,0,0,SL,SL
BA,2021-02-22,2021-02-23,2021-02-23,-0.021106342539780387,0.030818849826306047,0.6848517273920017,1.8176030882879075,0.026974512481231727,0.0017307499616128208,0.1653288625122158,-0.01224944013229945,0.009005636523602645,0.02380614813347126,3.0,-0.007691601157136074,0.023805813069646353,1.0483527029089625,214.14999389648438,209.8669940185547,-0.020000000000000018,-40.00000000000003,0,0,SL,SL
LOW,2021-02-22,2021-02-23,2021-02-23,-0.028894745263898236,0.019418006861973026,1.4880386781860626,1.1788318998288556,-0.005723457579282276,0.027426912445285723,0.12433847154309352,-0.026646855967487282,-0.026811683950470067,-0.014968676734967268,2.0,-0.007691601157136074,0.023805813069646353,1.0483527029089625,153.89280345205785,150.8149473830167,-0.020000000000000018,-40.00000000000003,0,0,SL,SL
MSFT,2021-02-22,2021-02-23,2021-03-02,-0.026808517264147125,0.01648393960792197,1.626341633238167,1.2132002083752886,-0.02061428298020629,0.034866665873032554,0.1162716684354097,-0.03968072610749929,-0.04057267512726559,-0.02952066799594011,4.0,-0.007691601157136074,0.023805813069646353,1.0483527029089625,220.12333822043468,223.50643920898438,0.015369115405481582,30.738230810963167,5,5,TIME,TIME
NVDA,2021-02-22,2021-02-23,2021-02-23,-0.038237272931150534,0.033072813164714096,1.1561542328049215,1.1235271728337857,0.01939544739786414,0.058413229366082176,0.19438328503396685,-0.03691453868485728,-0.040471031146715686,0.05626888132383434,3.0,-0.007691601157136074,0.023805813069646353,1.0483527029089625,14.018679913027913,13.738306314767355,-0.020000000000000018,-40.000000000000036,0,0,SL,SL
CRM,2021-02-23,2021-02-24,2021-02-25,-0.022037702660157255,0.022076644123492795,0.99823607867583,1.4522464900037897,-0.005280912179873365,0.03376446107186282,0.06598816634626026,-0.04603051591089102,-0.052093863480894065,-0.013769681856199867,5.0,0.0012144241077070017,0.023846246387791314,1.6218554508542005,231.52450194934318,226.8940119103563,-0.020000000000000018,-40.00000000000003,1,1,SL,SL
LOW,2021-02-23,2021-02-24,2021-02-24,-0.02215676603030514,0.02112480840434008,1.048850508189842,1.6015114760216458,-0.026206246236676778,0.0035834751491159444,0.09735618538756685,-0.04837438977260611,-0.03142594606550497,-0.059050133446976294,2.0,0.0012144241077070017,0.023846246387791314,1.6218554508542005,152.00913099720398,148.9689483772599,-0.020000000000000018,-40.000000000000036,0,0,SL,SL
AVGO,2021-02-25,2021-02-26,2021-03-01,-0.04932641602915133,0.028797405559805103,1.7128770828577784,1.3865353686915427,-0.033581419975694415,0.009046442918065,0.25132370578091123,-0.04030544447776996,-0.05400831054254551,-0.027422797410187383,3.0,-0.02409578920576161,0.007833138029882836,2.131733625334449,41.9049827982166,43.581182110145264,0.040000000000000036,80.00000000000009,1,1,TP,TP
BA,2021-02-25,2021-02-26,2021-02-26,-0.05620475972563188,0.03733624269663528,1.5053673231746219,1.5101523935872365,0.02967724762616597,0.0222732184466492,0.1762781262793165,0.016769973616803213,0.038229093361643374,0.021375985364465278,3.0,-0.02409578920576161,0.007833138029882836,2.131733625334449,218.50999450683594,214.13979461669922,-0.020000000000000018,-40.00000000000004,0,0,SL,SL
COP,2021-02-25,2021-02-26,2021-02-26,-0.029998275737494473,0.03880189165952683,0.7731137440596701,1.2422765106944706,0.14042040316224358,0.2078308548486827,0.3507433112173166,0.04225631750246395,0.11197312482839061,0.13263556011618194,1.0,-0.02409578920576161,0.007833138029882836,2.131733625334449,43.380790122942415,42.513174320483564,-0.020000000000000018,-40.00000000000003,0,0,SL,SL
CRM,2021-02-25,2021-02-26,2021-02-26,-0.03904848822239282,0.026697606801687083,1.4626212945770576,1.4556507058229986,-0.028734815482359233,0.011433588700178188,0.04269510260503817,-0.040962732905249655,-0.06449124940582229,-0.02382560827475566,4.0,-0.02409578920576161,0.007833138029882836,2.131733625334449,225.48893452261728,220.97915583216493,-0.020000000000000018,-40.00000000000003,0,0,SL,SL
GE,2021-02-25,2021-02-26,2021-02-26,-0.0274387943426605,0.0294446772941491,0.9318762120756139,1.3586055273484476,0.09064496438154879,0.12766718771690666,0.5401143728341047,0.02080017314321836,0.09716257105486847,0.11929836208228162,1.0,-0.02409578920576161,0.007833138029882836,2.131733625334449,61.61255571943042,60.38030460504181,-0.020000000000000018,-40.00000000000004,0,0,SL,SL
GOOGL,2021-02-25,2021-02-26,2021-03-05,-0.032565171380183444,0.022544828581578403,1.4444630289534675,1.1258247639176795,-0.010876147822205806,0.07276423156234557,0.23632480772585596,-0.018648924884159923,-0.04267224354513677,-0.033803143612673336,3.0,-0.02409578920576161,0.007833138029882836,2.131733625334449,100.60541448673561,103.9319076538086,0.033064752866870384,66.12950573374077,5,5,TIME,TIME
MA,2021-02-25,2021-02-26,2021-02-26,-0.0347110353059934,0.027409459598756604,1.2663888969036086,1.15295756031302,0.04893211635576411,0.049163847207063904,0.092944850564191,0.04083230298066054,0.04759809737567622,0.06091983497876896,2.0,-0.02409578920576161,0.007833138029882836,2.131733625334449,345.8546374394035,338.9375446906154,-0.020000000000000018,-40.000000000000036,0,0,SL,SL
MSFT,2021-02-25,2021-02-26,2021-03-04,-0.023705148243628016,0.01897692599759462,1.249156383211523,1.4517363971074826,-0.04439494843639202,0.004947418135555992,0.08618679345381675,-0.023538242623129424,-0.06070793251645523,-0.05478370398157928,4.0,-0.02409578920576161,0.007833138029882836,2.131733625334449,221.2701494526982,216.84474646364424,-0.020000000000000018,-40.00000000000003,4,4,SL,SL
V,2021-02-25,2021-02-26,2021-03-04,-0.0258851630977196,0.02356260768631476,1.0985695404483513,1.0469268676008343,0.03454754910411051,0.029293410320639923,0.0647263231393822,0.026065542441845668,0.021017315598310216,0.037017041509558535,2.0,-0.02409578920576161,0.007833138029882836,2.131733625334449,205.51363260149,201.4033599494602,-0.020000000000000018,-40.000000000000036,4,4,SL,SL
BAC,2021-02-26,2021-03-01,2021-03-03,-0.03395498407080033,0.023974126586444485,1.4163178770399607,1.3991721736084182,0.04006216387167827,0.08644601878145863,0.2980959593092338,-0.022804211214380143,0.004921689598900381,0.05565660877938061,2.0,-0.005152606200938936,0.0017292814751526109,2.1288812901805576,31.14032996813355,32.385943166858894,0.040000000000000036,80.00000000000007,2,2,TP,TP
CAT,2021-02-26,2021-03-01,2021-03-03,-0.02677863408691128,0.02612890693116697,1.0248662202921817,1.3204425449293207,0.06927658936055137,0.1235622543887056,0.38348097532068937,-0.019529529674594315,0.02844058570242214,0.08837930201524347,2.0,-0.005152606200938936,0.0017292814751526109,2.1288812901805576,199.26305766549635,195.27779651218643,-0.020000000000000018,-40.00000000000003,2,2,SL,SL
CVX,2021-02-26,2021-03-01,2021-03-04,-0.022960100487467328,0.028126351410530548,0.8163199041476468,1.3258556107915132,0.07804256896267492,0.11307735763124338,0.19439046255090542,0.0037138185402170176,0.04384169293643425,0.10208194133369086,2.0,-0.005152606200938936,0.0017292814751526109,2.1288812901805576,81.73321578194309,85.00254441322082,0.040000000000000036,80.00000000000007,3,3,TP,TP
GS,2021-02-26,2021-03-01,2021-03-03,-0.025262448343348676,0.02362098563094069,1.069491711228928,1.2480291592472768,0.04981943206899153,0.11649845391585512,0.41921695255144575,0.0008459353375067646,0.012229694107394495,0.056761080462607305,2.0,-0.005152606200938936,0.0017292814751526109,2.1288812901805576,285.55367081809436,296.97581765081816,0.040000000000000036,80.00000000000007,2,2,TP,TP
JPM,2021-02-26,2021-03-01,2021-03-08,-0.026524661476920675,0.02018565359622265,1.314035304850582,1.624988629537634,0.03708011449891302,0.09473496463017428,0.35223979470689093,-0.022840776078550618,-0.005742682804028121,0.05672383966170513,2.0,-0.005152606200938936,0.0017292814751526109,2.1288812901805576,130.41334680653026,133.37013244628906,0.022672415915721,45.344831831442,5,5,TIME,TIME
XOM,2021-02-26,2021-03-01,2021-03-04,-0.024928278714331453,0.031963239033140294,0.7799046488525516,1.210834898299098,0.0711229421609898,0.16297473412008512,0.33345288904543824,-0.0123524644464722,0.03818964640265832,0.09089067194482281,2.0,-0.005152606200938936,0.0017292814751526109,2.1288812901805576,46.01421882619994,47.85478757924793,0.040000000000000036,80.00000000000007,3,3,TP,TP
AVGO,2021-03-03,2021-03-04,2021-03-04,-0.03631538982279814,0.03328020575322864,1.0912008805496956,1.3647999817958403,-0.026987580983669712,0.011514950930511025,0.2525009350685181,-0.014493409990705697,-0.0370571636987741,-0.04025023806047856,3.0,-0.013245678975920772,0.0018686585778533438,1.6291550073070074,41.37974337289413,40.55214850543625,-0.020000000000000018,-40.000000000000036,0,0,SL,SL
GOOGL,2021-03-03,2021-03-04,2021-03-05,-0.02570610875858137,0.024625213779427294,1.0438938312916126,1.0313180861034361,-0.02917304204171045,0.05733521860234925,0.22335960321741077,-0.005193034282309883,-0.03474381160461493,-0.050603619837104374,3.0,-0.013245678975920772,0.0018686585778533438,1.6291550073070074,99.85803897102821,103.85236052986934,0.040000000000000036,80.00000000000006,1,1,TP,TP
MA,2021-03-04,2021-03-05,2021-03-05,-0.029840789995922545,0.03200492411687596,0.9323812138079003,1.1121286975177784,0.010029337030852625,0.02703168779941656,0.07059911438215494,-0.03692480056094638,-0.014299178268000201,0.03261830542808353,4.0,-0.012374647358180724,-0.010919856841357878,2.2880102949424423,343.7626168396269,336.8873645028344,-0.020000000000000018,-40.00000000000003,0,0,SL,SL
GOOGL,2021-03-08,2021-03-09,2021-03-16,-0.04271185972859881,0.030069723208809573,1.4204274323378359,1.189106202910517,-0.029588646449145273,0.04476264207559,0.21371114314878747,-0.0019439591774695897,-0.030033969255852444,-0.02276231448400079,3.0,-0.00497879588958694,0.0006709666138564607,1.381522202799017,101.58670894507843,103.27870178222656,0.016655651656782178,33.31130331356435,5,5,TIME,TIME
BAC,2021-03-09,2021-03-10,2021-03-12,-0.021815205313371666,0.0279313132922572,0.7810304186240691,1.1424804185009434,0.03896566100281662,0.10681087178063975,0.3391457484959177,-0.004931648838180869,0.02731225142513405,0.027601319621312737,1.0,0.014277638094686962,0.013916263250732586,1.223133925477305,32.193677404199796,33.48142450036779,0.040000000000000036,80.00000000000007,2,2,TP,TP
DIS,2021-03-09,2021-03-10,2021-03-16,-0.03664994676772648,0.03689125241763409,0.9934590008716465,1.5682982072222649,0.018947877623923137,0.07003923222129482,0.36207586762609134,0.03446270565413223,0.0029391721207432386,-0.01309034409554699,3.0,0.014277638094686962,0.013916263250732586,1.223133925477305,191.30451836407877,187.4784279967972,-0.020000000000000018,-40.000000000000036,4,4,SL,SL
GE,2021-03-10,2021-03-11,2021-03-11,-0.05357146259288281,0.0487633470215054,1.0986010162357591,2.3830724290018823,0.045143920688437866,0.12550149310842862,0.5389948917432577,-0.025735123612165123,-0.013410030617852509,0.01065348206086325,2.0,0.006224590864748469,0.019128965826922473,1.1374269750300814,61.706610937436785,60.47247871868805,-0.020000000000000018,-40.000000000000036,0,0,SL,SL
GE,2021-03-11,2021-03-12,2021-03-15,-0.07396222299638855,0.057899012259269696,1.2774349701371135,2.9006423825097754,-0.03549863064147618,0.03936488870072341,0.4206275750325852,-0.13408609023892593,-0.0951327658898935,-0.037692128367347366,3.0,0.01013908167003974,0.02831281716495826,0.8802702795665737,59.518424288716645,61.89916126026531,0.040000000000000036,80.00000000000007,1,1,TP,TP
ORCL,2021-03-11,2021-03-12,2021-03-19,-0.06530771201593,0.03785998200931426,1.7249800065901535,2.337227854162685,0.024219177791098723,0.05670270183126047,0.14983260067207538,-0.06582571817082872,0.02743483984159578,0.032312506929256024,2.0,0.01013908167003974,0.02831281716495826,0.8802702795665737,62.09667969655789,61.447547912597656,-0.010453566714553664,-20.90713342910733,5,5,TIME,TIME
GOOGL,2021-03-12,2021-03-15,2021-03-19,-0.024060496419778366,0.03303447005782131,0.7283451612108351,1.0464558571883886,-0.006449840679636054,0.053362409774677655,0.22986817699379314,0.004724699953033706,-0.022445555950080798,0.013892758097580282,3.0,0.0013470329988425345,0.02848324550346848,0.6526539454519695,101.35031056133477,99.32330435010807,-0.019999999999999907,-39.999999999999815,4,4,SL,SL
META,2021-03-12,2021-03-15,2021-03-16,-0.020008596758949948,0.037994962141678426,0.5266118356518007,1.0637769395021468,0.016422393575458605,0.011875805768789327,0.025939578874644598,0.010010119364478376,0.015589767699868862,0.04184487343194432,3.0,0.0013470329988425345,0.02848324550346848,0.6526539454519695,266.7376434653385,277.4071492039521,0.040000000000000036,80.00000000000007,1,1,TP,TP
UPS,2021-03-15,2021-03-16,2021-03-18,-0.030114978153650163,0.02379482185539727,1.2656105742947312,1.4335196907877896,0.005738660478899593,0.011416156206643047,0.07910026323833974,-0.015675210239383786,0.0110022492146864,0.007245954485161965,1.0,0.0059634597658086985,0.033299408133552255,0.7327749407959538,127.21811397833682,124.67375169877008,-0.020000000000000018,-40.000000000000036,2,2,SL,SL
BA,2021-03-16,2021-03-17,2021-03-18,-0.03922748927984354,0.05038148423674894,0.7786092425445156,1.3401254100921185,0.111953495606808,0.18133529556133698,0.33878306198043395,0.012738121880425446,0.10667363097180171,0.1437214637086106,2.0,-0.0012613012818710745,0.030812231697245895,0.7274638536386835,254.6999969482422,264.8879968261719,0.040000000000000036,80.00000000000007,1,1,TP,TP
PLD,2021-03-17,2021-03-18,2021-03-23,-0.020435597013898188,0.026696517361153905,0.765478011136914,1.2393018741954622,0.014083846591719906,0.006099571441691154,0.02623938437787965,0.007996632219053668,0.04482197791976317,0.062324407095063705,1.0,0.003409888976883879,0.03279604501227351,0.9453227804345736,86.62071008030776,90.08553848352007,0.040000000000000036,80.00000000000007,3,3,TP,TP
AVGO,2021-03-18,2021-03-19,2021-03-19,-0.04019938238878673,0.04272321317452224,0.9409260072404717,1.0956354594132813,0.0006468356077484749,0.002623739723224938,0.22278384837407317,-0.014062041898093569,0.023055640687279055,0.04634918862223225,2.0,-0.014549835131596911,0.016703811644321442,1.0840362041783789,41.28588319393729,42.93731852169478,0.040000000000000036,80.00000000000007,0,0,TP,TP
BA,2021-03-18,2021-03-19,2021-03-19,-0.028567088599387946,0.04981533870201082,0.5734596881950904,1.0703414818194696,0.09288403728317474,0.17382685148029364,0.33571130033767727,-0.03602758403908746,0.016111101422991103,0.13951310537160833,3.0,-0.014549835131596911,0.016703811644321442,1.0840362041783789,257.75,252.595,-0.020000000000000018,-40.000000000000036,0,0,SL,SL
COP,2021-03-18,2021-03-19,2021-03-22,-0.06070736640738006,0.043408460623570615,1.3985146106382822,1.1314199701531538,-0.03269946958996395,0.0954776405852622,0.3220017085796636,-0.08218711259578837,-0.10780558182338817,-0.04027348172775991,4.0,-0.014549835131596911,0.016703811644321442,1.0840362041783789,43.94986407431085,43.07086679282463,-0.02000000000000013,-40.00000000000026,1,1,SL,SL
MA,2021-03-18,2021-03-19,2021-03-19,-0.03084377480290179,0.031599844663031194,0.9760736209879559,1.507113356669759,0.0050940291701018214,0.05749255778642981,0.1107895201795166,-0.03866277162374021,-0.04521562557405434,0.05007180147183776,4.0,-0.014549835131596911,0.016703811644321442,1.0840362041783789,353.3319518956292,346.2653128577166,-0.020000000000000018,-40.000000000000036,0,0,SL,SL
XOM,2021-03-18,2021-03-19,2021-03-23,-0.04311940039469131,0.034714667053521234,1.2421090004467594,1.1543677037190243,-0.019426799940567507,0.09789752271145802,0.3533863174039604,-0.05928128333656468,-0.07339744605402865,-0.03236237671069242,3.0,-0.014549835131596911,0.016703811644321442,1.0840362041783789,46.20978489083307,45.285589193016406,-0.020000000000000018,-40.00000000000003,2,2,SL,SL
CAT,2021-03-19,2021-03-22,2021-03-23,-0.02336579199013389,0.030300660443512664,0.7711314422896177,1.9401352503738956,0.015544672799821857,0.09930774505145612,0.3720614779527014,-0.005166761391614316,-0.01620098535490766,0.02330085134308102,3.0,-0.0018501682722922297,0.013916608076827597,1.0527978231056527,205.90488749123512,201.78678974141042,-0.020000000000000018,-40.000000000000036,1,1,SL,SL
MA,2021-03-19,2021-03-22,2021-03-29,-0.028583234595147444,0.03338317039656128,0.856216897784272,2.356618766892478,-0.026745362993605415,0.026709818439820232,0.07821401972562736,-0.06765519654276297,-0.0684590924707199,-0.012109411117283808,4.0,-0.0018501682722922297,0.013916608076827597,1.0527978231056527,344.75052059725,351.5013732910156,0.019581849164637566,39.163698329275135,5,5,TIME,TIME
JPM,2021-03-22,2021-03-23,2021-03-30,-0.026878838865554755,0.030138452296197223,0.8918453609161027,1.1121857918164721,-0.01171115278047008,0.04987999452746106,0.3272915493003754,-0.02656511857260546,-0.028319482860638234,-0.012686851906831942,3.0,0.007984987523667275,0.021229646852040096,0.6815924511603135,131.1198443619229,134.73956298828125,0.02760618458611841,55.21236917223682,5,5,TIME,TIME
CAT,2021-03-23,2021-03-24,2021-03-25,-0.034377494714103896,0.0321584178893001,1.0690045397271282,1.075858523104608,-0.017524679122755904,0.05897906380698226,0.3217359576471892,-0.05388399115167619,-0.036253650074573596,0.006688358794665561,3.0,-0.007871166206771307,0.012691679002740042,0.8442671769636476,200.35341219631758,196.3463439523912,-0.02000000000000013,-40.000000000000256,1,1,SL,SL
MS,2021-03-29,2021-03-30,2021-04-07,-0.026256778484287757,0.029872005516352728,0.8789760858176764,1.9414416986342358,-0.04614932215951817,0.011514550210426355,0.30438435618887105,-0.018278218678537406,-0.04931629917187863,-0.07130922641055759,3.0,-0.0005052230650419709,0.025913961959342924,1.025995142952075,66.31917263157152,66.63108825683594,0.00470324964693436,9.40649929386872,5,5,TIME,TIME
NFLX,2021-04-14,2021-04-15,2021-04-21,-0.02475939844444286,0.023772923917771086,1.0414957171479589,1.0459612773686395,0.018102680937441384,0.009909065408707507,0.05384055447052183,-0.02753415889051669,-0.012742507069000153,0.05187086158776966,2.0,-0.003415136542778252,0.04974706098263515,0.7170852704271218,54.41699981689453,53.32865982055664,-0.020000000000000018,-40.000000000000036,4,4,SL,SL
NVDA,2021-04-14,2021-04-15,2021-04-19,-0.025670301773688897,0.03092417760507374,0.8301045900563305,1.1994638349985811,0.11903429631012785,0.11551161146168187,0.18910879771169697,0.06090303400771968,0.0801427771967691,0.18686287409738145,1.0,-0.003415136542778252,0.04974706098263515,0.7170852704271218,15.604932517003602,15.29283386666353,-0.020000000000000018,-40.000000000000036,2,2,SL,SL
TSLA,2021-04-14,2021-04-15,2021-04-15,-0.03947166704647498,0.046680301667608344,0.8455743779793209,1.4112535155449817,0.09133722802215671,0.02753227934467084,0.35511497839817996,0.08154849095263961,0.09130064799994386,0.1519932798145036,2.0,-0.003415136542778252,0.04974706098263515,0.7170852704271218,247.6999969482422,242.74599700927735,-0.020000000000000018,-40.000000000000036,0,0,SL,SL
BAC,2021-04-15,2021-04-16,2021-04-20,-0.028585486613367572,0.023231761305185217,1.2304485328448787,2.016855144983408,-0.00408742203260537,0.0573568282283996,0.33902474473572397,-0.032950588114244006,-0.024181544697784663,0.001292644193167325,2.0,0.010742542437803815,0.059101951737395186,0.7161656958227414,34.63418960804008,33.94150581587928,-0.019999999999999907,-39.999999999999815,2,2,SL,SL
LOW,2021-04-19,2021-04-20,2021-04-22,-0.020360079905746842,0.01641373819583267,1.240429185772935,1.026810018155829,0.05351751909308522,0.13640151553310043,0.24229987393000463,0.012356151544596683,0.01674534244085657,0.05306350556744799,2.0,-0.0049130410035074235,0.05382805144517344,0.9729794116101345,183.8782620621989,180.20069682095493,-0.019999999999999907,-39.99999999999981,2,2,SL,SL
NVDA,2021-04-19,2021-04-20,2021-04-20,-0.03461110955380431,0.03367941816149313,1.0276635239909346,1.1673237107974412,0.09126210604341223,0.11087272381527113,0.186832388561597,0.005547604885922208,0.010043565500996943,0.09824854508480119,3.0,-0.0049130410035074235,0.05382805144517344,0.9729794116101345,15.26693366441033,14.961594991122123,-0.020000000000000018,-40.000000000000036,0,0,SL,SL
TSLA,2021-04-19,2021-04-20,2021-04-21,-0.03399658468630862,0.04708530526412422,0.7220211166860946,1.1781774352519268,0.05074339191843347,0.013766012871000655,0.30382482032649616,-0.024036109960809737,0.018020491311795617,0.03412199002425642,2.0,-0.0049130410035074235,0.05382805144517344,0.9729794116101345,239.13999938964844,234.35719940185547,-0.020000000000000018,-40.00000000000003,1,1,SL,SL
CAT,2021-04-20,2021-04-21,2021-04-28,-0.020482865689037455,0.021334762643001156,0.9600700055482846,1.0115841073734846,-0.009419284621739799,0.028878981665340975,0.29945518645240243,-0.021030300171918648,-0.007499446061146942,-0.01305066218829265,3.0,-0.007321487941454596,0.044748156769581104,1.0094923493632506,206.5408727718118,212.01974487304688,0.02652681780466848,53.05363560933696,5,5,TIME,TIME
GE,2021-04-20,2021-04-21,2021-04-22,-0.0297176086685631,0.024338172038890032,1.2210287864296978,1.1113297184573967,-0.01482290665600905,0.01024703734856236,0.3800529564038595,-0.0361623162038649,-0.028273969346805483,-0.02537307997819338,3.0,-0.007321487941454596,0.044748156769581104,1.0094923493632506,62.87360922053491,65.3885535893563,0.040000000000000036,80.00000000000007,1,1,TP,TP
GS,2021-04-20,2021-04-21,2021-04-26,-0.03267331764435277,0.024122307053731085,1.3544856041992497,1.086677862903465,0.0025769409488136663,0.012136611452530088,0.33105840167227796,-0.019701477469743156,0.01281754081249864,0.01473737332116154,1.0,-0.007321487941454596,0.044748156769581104,1.0094923493632506,289.9467655890015,301.54463621256156,0.040000000000000036,80.00000000000009,3,3,TP,TP
NEE,2021-04-21,2021-04-22,2021-04-28,-0.03178930095843624,0.018587794239447505,1.710224491885764,1.101321699191602,0.010360155623070577,0.022471132846906938,0.05565745273911871,-0.03669391230894814,-0.014659464400806343,0.007234332065222837,2.0,0.009462048325108219,0.053200848367986,0.8360886677333339,67.698023583444,66.34406311177511,-0.020000000000000018,-40.000000000000036,4,4,SL,SL
ORCL,2021-04-21,2021-04-22,2021-04-23,-0.032559557461937394,0.01938346423620005,1.6797594622497882,1.320818445112732,0.03490231661143017,0.11076264480367892,0.256696961090217,-0.029005910934450596,-0.0020828441587273927,0.03496676961950507,2.0,0.009462048325108219,0.053200848367986,0.8360886677333339,70.88750944641778,69.46975925748943,-0.019999999999999907,-39.999999999999815,1,1,SL,SL
ORCL,2021-04-22,2021-04-23,2021-04-30,-0.02334965965198088,0.020092194619242897,1.1621258948795077,1.164033137110016,0.005087816720362515,0.08123148232520028,0.2253973606654418,-0.04926981977924316,-0.04368361297942336,-0.0054461128084194455,3.0,-0.00913298237406368,0.04235274930699129,1.2215077840409168,69.1923967074526,70.58946228027344,0.020191027328156697,40.38205465631339,5,5,TIME,TIME
PFE,2021-04-22,2021-04-23,2021-04-30,-0.022514599278940395,0.016378317672800784,1.3746588464534448,1.2043148577369334,0.042099425664465784,0.08409003991555153,0.0887551161028235,-0.007449285845309683,0.027659781814645346,0.07452729534992586,1.0,-0.00913298237406368,0.04235274930699129,1.2215077840409168,29.096507094374754,29.111574172973633,0.0005178311798734736,1.0356623597469472,5,5,TIME,TIME
TSLA,2021-04-22,2021-04-23,2021-04-26,-0.03283069676699324,0.04606943925856284,0.7126350416972149,1.0587569453379315,0.041313085763605484,0.0321394687297869,0.2966296657669476,0.007080562189091921,-0.025932216778678407,0.052486105922014525,2.0,-0.00913298237406368,0.04235274930699129,1.2215077840409168,239.93333435058594,249.53066772460937,0.040000000000000036,80.00000000000007,1,1,TP,TP
HON,2021-04-23,2021-04-26,2021-04-30,-0.020762439320091586,0.016131087725778263,1.2871072101921681,2.022042908310433,0.0011907239227906263,0.046934312273916756,0.18998896004787658,-0.012448924914550186,-0.032786117744838084,-0.010925993447261306,4.0,0.010842351144827012,0.05216812236341517,0.9417040128014489,199.56200245464296,195.5707624055501,-0.020000000000000018,-40.000000000000036,4,4,SL,SL
GE,2021-04-28,2021-04-29,2021-05-06,-0.021497364877037906,0.02992421813108514,0.7183935360605643,1.1051142969448238,-0.016576504900412625,0.004126302362404077,0.36589771876731336,-0.02583008525461228,-0.011235496831580205,-0.03508756235099331,2.0,-0.0002874009180823256,0.04955659064177054,0.7263964807858406,64.08927038337383,64.23515319824219,0.002276243964016267,4.552487928032534,5,5,TIME,TIME
MSFT,2021-04-28,2021-04-29,2021-04-29,-0.0282859629323563,0.015876146342975676,1.7816642856074003,1.7347392792616194,-0.0013848328105851015,0.04932864199407505,0.14654623405451583,-0.02523453325308711,-0.023102194562042877,-0.0040299016440631386,2.0,-0.0002874009180823256,0.04955659064177054,0.7263964807858406,244.13970646158364,239.25691233235196,-0.020000000000000018,-40.000000000000036,0,0,SL,SL
CAT,2021-04-29,2021-04-30,2021-05-05,-0.020792122246638844,0.020777493613008347,1.000704061514972,2.1394132966438995,-0.011861636440592571,0.012316979923627569,0.27784733242720794,-0.013402363639488213,-0.0017116737041751318,-0.017296451359391285,2.0,0.00637282651886939,0.05470962719278849,1.1411515905073706,205.83167198926594,214.06493886883658,0.040000000000000036,80.00000000000006,3,3,TP,TP
XOM,2021-04-30,2021-05-03,2021-05-05,-0.02884290797475253,0.023110680805003034,1.248033678372148,1.404252411499737,0.014479819668122396,0.0033901213455487245,0.30357004237872687,0.014713428408078988,0.03005204839788278,0.010236608742970832,1.0,-0.006570562324185181,0.046315983720040865,1.2555125105354523,47.24462753187454,49.13441263314952,0.040000000000000036,80.00000000000007,2,2,TP,TP
AMZN,2021-05-03,2021-05-04,2021-05-04,-0.023340170719312603,0.022145145437025563,1.0539633070229928,1.5372861555287225,0.004976343884677048,0.05803156063948123,0.05871667625911248,-0.020821220644865468,-0.006603130303257321,0.004294169041908269,2.0,0.0021567610620552014,0.04702671027058858,1.01770063528332,167.8094940185547,164.4533041381836,-0.020000000000000018,-40.000000000000036,0,0,SL,SL
CRM,2021-05-03,2021-05-04,2021-05-04,-0.028482386182737907,0.021298312709303966,1.3373071647265111,1.1826408739346617,-0.02716656959780228,0.011094022526657366,-0.028458663311782373,-0.055386902889615786,-0.04969021039533961,-0.02924099835741456,4.0,0.0021567610620552014,0.04702671027058858,1.01770063528332,217.90021953754663,213.54221514679568,-0.02000000000000013,-40.000000000000256,0,0,SL,SL
AAPL,2021-05-04,2021-05-05,2021-05-11,-0.03538575139727418,0.021721945559752806,1.6290323212501812,1.4802681328668503,-0.03631271578901485,0.010678195428049264,0.04974362369718932,-0.0421784732310142,-0.04866438088209013,-0.03951624893253103,4.0,-0.006169268103919601,0.03901414707634099,1.474005275828993,125.61607050473611,123.10374909464139,-0.020000000000000018,-40.000000000000036,4,4,SL,SL
ADBE,2021-05-04,2021-05-05,2021-05-05,-0.025344574473869397,0.019510037625581265,1.299053080278942,1.3549033474776049,-0.03879302221798253,0.025665700195792507,0.02718924286270097,-0.04919687133490758,-0.051457501624336044,-0.045720637017991006,4.0,-0.006169268103919601,0.03901414707634099,1.474005275828993,495.69000244140625,485.7762023925781,-0.020000000000000018,-40.000000000000036,0,0,SL,SL
AMZN,2021-05-04,2021-05-05,2021-05-05,-0.022034541333801894,0.02342548316654721,0.9406227046479172,1.371136164554489,-0.018450235265047743,0.03387119537819694,0.034822348306804196,-0.045930786056778694,-0.03088870701498947,-0.006843162218891918,3.0,-0.006169268103919601,0.03901414707634099,1.474005275828993,166.9429931640625,163.60413330078126,-0.019999999999999907,-39.999999999999815,0,0,SL,SL
NVDA,2021-05-04,2021-05-05,2021-05-05,-0.03272269920285309,0.034127166162471995,0.9588460713985877,1.2334237121025389,-0.051920179723185855,0.030725632262947222,0.08574022532145964,-0.06352468871848815,-0.06699508272018495,-0.05404970919717755,4.0,-0.006169268103919601,0.03901414707634099,1.474005275828993,14.654942189885872,14.361843346088154,-0.020000000000000018,-40.000000000000036,0,0,SL,SL
PLD,2021-05-05,2021-05-06,2021-05-13,-0.02240458601255746,0.014941765889315433,1.4994603836336737,1.097408072414953,-0.002999503111731805,0.05969819030379453,0.10898615192579353,-0.03020674770733156,-0.01815810681898311,-0.014819860634494808,3.0,0.0003125969722548305,0.0378074520243421,0.8701735141509758,97.63027177048579,97.77672576904297,0.0015000879942388412,3.000175988477682,5,5,TIME,TIME
META,2021-05-10,2021-05-11,2021-05-14,-0.04108679199845322,0.02629575762384072,1.5624874774934185,1.197152717327555,-0.012987204125692875,0.04067752545023673,0.1127924676398171,-0.028728152792294126,-0.051491145451541875,0.009668642710462638,4.0,-0.009902154950301445,0.03765680385167092,1.1439901780456343,298.1319198805301,310.05719667575136,0.040000000000000036,80.00000000000007,3,3,TP,TP
MSFT,2021-05-10,2021-05-11,2021-05-12,-0.02091424607000547,0.019343909944523997,1.0811798715970562,1.089684501788409,-0.03227584732890354,0.009954829410753652,0.10448992533010126,0.0028804390109065103,-0.018581801754810612,-0.05494186048286187,3.0,-0.009902154950301445,0.03765680385167092,1.1439901780456343,233.71317897375303,229.03891539427798,-0.020000000000000018,-40.000000000000036,1,1,SL,SL
V,2021-05-10,2021-05-11,2021-05-18,-0.02649506523205225,0.018485423396146856,1.4332950165250173,1.3686851813677754,-0.012619179069728648,0.019117767207369907,0.08521598767342176,-0.01413546928214593,-0.028545717687999517,-0.01897189403972599,3.0,-0.009902154950301445,0.03765680385167092,1.1439901780456343,214.81717887097545,216.8887481689453,0.009643406122627152,19.286812245254303,5,5,TIME,TIME
COP,2021-05-11,2021-05-12,2021-05-13,-0.02245594417397634,0.03257358075339099,0.689391330476881,1.102497749201964,0.06176821342872407,0.038211936736373575,0.3124335276581389,0.00035906970718868614,0.059920406682417715,0.08615991513086607,2.0,-0.008925007861682044,0.02707471571189557,1.5675616341945369,46.2756104148482,45.35009820655124,-0.020000000000000018,-40.000000000000036,1,1,SL,SL
CVX,2021-05-11,2021-05-12,2021-05-19,-0.02619336126430627,0.02366449741547036,1.1068631969839637,1.3583487842827369,0.018231703378549957,0.012429956549863341,0.2070588718667845,-0.021280601380913367,0.005560106830629241,0.03894839546438167,2.0,-0.008925007861682044,0.02707471571189557,1.5675616341945369,85.35480144140625,83.64770541257812,-0.02000000000000013,-40.00000000000026,5,5,SL,SL
GS,2021-05-11,2021-05-12,2021-05-12,-0.02376046965478229,0.021399633474064348,1.1103213372125835,1.1570237691343623,0.03434045440103328,0.06028769936456513,0.3824095505028924,-0.016531638717064312,0.028813109686417704,0.03834036639525418,2.0,-0.008925007861682044,0.02707471571189557,1.5675616341945369,319.0029268719468,312.62286833450787,-0.019999999999999907,-39.99999999999981,0,0,SL,SL
HD,2021-05-11,2021-05-12,2021-05-12,-0.03066353808895339,0.01716046087728447,1.7868714778833896,1.4257925137404472,0.010273606705761829,0.08678997439645264,0.18028739708207464,-0.020498509017833122,-0.006340590680365299,0.0314109032435026,2.0,-0.008925007861682044,0.02707471571189557,1.5675616341945369,286.80672300512657,281.070588545024,-0.02000000000000013,-40.000000000000256,0,0,SL,SL
LOW,2021-05-11,2021-05-12,2021-05-12,-0.02825231913080406,0.021949638024702168,1.2871428266383638,1.1199520725355996,0.015445523991034493,0.08821654888726416,0.2167312328346931,-0.0029133771330346336,0.025162192779292658,0.031600098611175076,2.0,-0.008925007861682044,0.02707471571189557,1.5675616341945369,183.67938680243068,180.00579906638208,-0.019999999999999907,-39.999999999999815,0,0,SL,SL
UNH,2021-05-11,2021-05-12,2021-05-19,-0.02183494371150907,0.015477623497167494,1.4107426579736229,1.1158033396613847,0.02682024437199404,0.0923777475704255,0.21492505762855907,-0.007880075044957136,0.000875170567215644,0.04359957860586494,1.0,-0.008925007861682044,0.02707471571189557,1.5675616341945369,373.54417658779386,373.7358093261719,0.0005130122496581624,1.0260244993163248,5,5,TIME,TIME
XOM,2021-05-11,2021-05-12,2021-05-13,-0.03179939267572185,0.023990277502741204,1.3255116649687921,1.407959473474532,0.04278540186487434,0.046998327507538296,0.3584684631410513,-0.015596991999449972,0.02365273155237224,0.07410019156752656,1.0,-0.008925007861682044,0.02707471571189557,1.5675616341945369,49.61111790770304,48.61889554954898,-0.020000000000000018,-40.000000000000036,1,1,SL,SL
BLK,2021-05-12,2021-05-13,2021-05-14,-0.024404511416834862,0.020225525861201438,1.2066193771332274,1.2199907988996235,-0.004600920337918701,0.058559943673706094,0.21300019070525278,-0.05759690250792526,-0.032326077163345346,0.008845012829857613,3.0,-0.02124504655013071,0.00425184062294548,1.723389861362809,726.5979301851329,755.6618473925382,0.040000000000000036,80.00000000000007,1,1,TP,TP
DUK,2021-05-12,2021-05-13,2021-05-17,-0.023255858374817695,0.017804183409295692,1.306201909977834,1.249809846132375,0.006908563597689099,0.04760904791749643,0.12589475682668327,0.003569084494781105,0.01871950801288169,0.02688453989060635,2.0,-0.02124504655013071,0.00425184062294548,1.723389861362809,82.0460932784707,85.32793700960954,0.040000000000000036,80.00000000000007,2,2,TP,TP
GOOGL,2021-05-12,2021-05-13,2021-05-20,-0.030752580968238408,0.025494170154816902,1.206259344057448,1.3377756623829922,-0.045233483400053176,0.008259766901796972,0.20735976382816412,-0.06449171505445073,-0.04947367924024504,-0.0673113064723263,3.0,-0.02124504655013071,0.00425184062294548,1.723389861362809,110.32769928437514,114.33368682861328,0.03630989833217235,72.61979666434472,5,5,TIME,TIME
HD,2021-05-12,2021-05-13,2021-05-19,-0.0413112328130355,0.019432147508678544,2.125922150116738,1.4638420699963919,-0.03101501352909508,0.03791360331365268,0.13043732094409544,-0.06558594072437607,-0.045324339671384495,-0.008476027676381559,2.0,-0.02124504655013071,0.00425184062294548,1.723389861362809,280.20131163123676,274.59728539861203,-0.020000000000000018,-40.000000000000036,4,4,SL,SL
HON,2021-05-12,2021-05-13,2021-05-14,-0.03979733337106883,0.01846090751184426,2.155762567226742,1.5283746079314526,-0.02877384376252412,0.0002956316011177851,0.13614314313642417,-0.03824460679851516,-0.027189385660138843,-0.012697894031981294,2.0,-0.02124504655013071,0.00425184062294548,1.723389861362809,194.40357603217228,202.17971907345918,0.040000000000000036,80.00000000000007,1,1,TP,TP
LOW,2021-05-12,2021-05-13,2021-05-17,-0.047725869973894275,0.024850586783282523,1.9205127987561406,1.3269667595636663,-0.03172769434035283,0.0326718045579788,0.15702014985057566,-0.06170831503405816,-0.022300217267893774,-0.0026523426730992172,2.0,-0.02124504655013071,0.00425184062294548,1.723389861362809,178.8252771976303,175.2487716536777,-0.020000000000000018,-40.00000000000004,2,2,SL,SL
MCD,2021-05-12,2021-05-13,2021-05-20,-0.025314601837370887,0.014634215490414186,1.7298229518317978,1.3559278918717248,-0.02444678387373589,0.006091813675485724,0.05798760223973254,-0.029381824891595132,-0.03020769175403948,-0.019233392412530637,4.0,-0.02124504655013071,0.00425184062294548,1.723389861362809,200.716036909308,204.3958282470703,0.018333320019789934,36.66664003957987,5,5,TIME,TIME
WMT,2021-05-12,2021-05-13,2021-05-18,-0.025868975165829422,0.01425633469956407,1.8145600332054803,1.2161274659766095,-0.025012404128059718,2.2679979784223647e-05,-0.022555100318100263,-0.030385207808063863,-0.029346740617901323,-0.010270003101601088,3.0,-0.02124504655013071,0.00425184062294548,1.723389861362809,42.50054249619733,44.20056419604523,0.040000000000000036,80.00000000000007,3,3,TP,TP
LOW,2021-05-17,2021-05-18,2021-05-19,-0.024031026501095787,0.029273438301796302,0.8209157480356919,1.419899851859107,-0.03353232569349485,0.011958553927388538,0.1435301172835428,-0.007210567280326541,-0.08130226651878425,-0.02545156195196352,4.0,-0.002544633311804989,0.024001219765342086,0.8154168129418616,175.36317849561243,171.85591492570018,-0.020000000000000018,-40.000000000000036,1,1,SL,SL
CVX,2021-05-18,2021-05-19,2021-05-26,-0.030053802921252815,0.026724542366713788,1.1245768967286685,1.2672699157099996,0.012832348281404338,0.017409358775306805,0.20768936029613316,0.007496570564166749,0.007307737056636787,0.012908475685990961,2.0,-0.008615437400585013,0.013606999429175204,0.7592998367402901,83.83185040521928,84.07411193847656,0.0028898507200574297,5.779701440114859,5,5,TIME,TIME
COP,2021-05-19,2021-05-20,2021-05-27,-0.0298482675479953,0.03855403667442104,0.77419305791651,1.0404794997486244,0.03332275645209526,0.042405543289397274,0.3018029890757532,-0.0166311600178487,0.005790580951771984,0.01032636613146809,3.0,-0.002621963322573251,0.009709420653234657,1.3184142612050773,46.25335443468388,46.15361404418945,-0.0021563925841372455,-4.312785168274491,5,5,TIME,TIME
XOM,2021-05-19,2021-05-20,2021-05-27,-0.023994903591332495,0.02926868879708668,0.8198147774122658,1.1193995730055835,0.005422781868019477,0.029063648920837792,0.32321224378844593,-0.029455359897366473,-0.017654953492452496,-0.01854643938862266,3.0,-0.002621963322573251,0.009709420653234657,1.3184142612050773,48.734806566438166,48.41239547729492,-0.006615622629048801,-13.2312452580976,5,5,TIME,TIME
ABBV,2021-05-27,2021-05-28,2021-06-02,-0.020749708110515686,0.017151247023182048,1.2098075482482333,3.409183337529291,-0.02646197182562282,0.019476307635526213,0.12347907464081365,-0.03097212983288844,-0.0409017407245722,-0.036706773224991274,4.0,0.0005249919543184323,0.023036703745594966,0.7204441856392283,93.28911365464208,91.42333138154923,-0.020000000000000018,-40.000000000000036,2,2,SL,SL
COST,2021-05-28,2021-06-01,2021-06-08,-0.02381927309191878,0.01583525056681414,1.5041930022778875,2.1527014536207156,-0.0072891417708697,0.027703169128853622,0.06221733545346386,-0.01844931365515934,-0.006435232523079981,-0.015998152945635447,1.0,0.00178861441799949,0.023376436038018422,0.7564483218105268,359.3756206091214,359.15802001953125,-0.0006054962471336856,-1.210992494267371,5,5,TIME,TIME
GE,2021-05-28,2021-06-01,2021-06-03,-0.02020891286630433,0.02418205483474742,0.8356987445610269,1.0976907769247828,0.059572897086720866,0.05910200087099149,0.35324362202470616,0.07164668646280514,0.06273620819289905,0.060331776137188875,3.0,0.00178861441799949,0.023376436038018422,0.7564483218105268,69.19502078573649,67.81112037002175,-0.020000000000000018,-40.000000000000036,2,2,SL,SL
JNJ,2021-06-01,2021-06-02,2021-06-09,-0.02197915646665416,0.013072741208331103,1.6812966857056042,1.5169496077830706,-0.01766840908758127,0.005175030128839353,0.0739453622219346,-0.02093796268622672,-0.02943391688633379,-0.02246173540779861,4.0,-0.0008807390565072071,0.02097317167082613,0.7071772557949584,142.90845800911612,143.1591339111328,0.0017541012303183834,3.5082024606367668,5,5,TIME,TIME
AVGO,2021-06-07,2021-06-08,2021-06-15,-0.02362095727617608,0.023246815130423974,1.0160943399623998,1.2952168396430133,0.024106539836760366,0.00395528254272226,0.1060590788321969,-0.021003544271209207,-0.018101742662210207,0.027789858276795254,3.0,-0.0009702848049849555,0.020915487039341762,0.713936891468506,42.279512483597024,42.52250671386719,0.005747328102811977,11.494656205623954,5,5,TIME,TIME
UPS,2021-06-09,2021-06-10,2021-06-15,-0.04147581594069749,0.021093886562582292,1.9662481742112898,3.407112265391223,-0.0524332171230526,0.01972267747988954,0.17414525954430293,-0.045435172514188826,-0.05120095069245678,-0.049316448913586663,3.0,-0.0014917886460532603,0.017043682131934412,0.7223500839438197,160.33023269967396,157.12362804568048,-0.020000000000000018,-40.00000000000003,3,3,SL,SL
GS,2021-06-10,2021-06-11,2021-06-15,-0.02309388433985282,0.02050069591911489,1.126492702051155,1.47990492612426,0.00366291037761024,0.05728256729635506,0.34777791626850574,-0.0366340758930952,-0.03802206944234554,0.021238344053156943,4.0,0.004648390811956116,0.020349738832346587,0.8115919021039468,331.2149269196337,324.590628381241,-0.020000000000000018,-40.00000000000004,2,2,SL,SL
ORCL,2021-06-10,2021-06-11,2021-06-16,-0.02626535150758258,0.016733147718566373,1.569659931851297,1.6433152393430994,0.02511769898313876,0.05593040060852994,0.2622954325504041,-0.019537455939355408,0.014922449668982152,0.0383550289559178,2.0,0.004648390811956116,0.020349738832346587,0.8115919021039468,76.35471607775668,74.82762175620154,-0.02000000000000013,-40.000000000000256,3,3,SL,SL
LLY,2021-06-11,2021-06-14,2021-06-18,-0.04046420557487318,0.031967399016674,1.2657959927789963,1.335253925684448,0.09004319173835085,0.1541049529629439,0.29146462441292,0.015360185368858303,0.10924641078137354,0.12494992092693291,2.0,0.0016524417324437213,0.020660056383843495,0.7617596355385974,213.5905153283607,209.3187050217935,-0.019999999999999907,-39.999999999999815,4,4,SL,SL
COP,2021-06-17,2021-06-18,2021-06-21,-0.03468016875711011,0.026363551391359014,1.315458916831553,1.7482256734829884,0.011302441881270386,0.0736079586431273,0.3191618337791742,-0.021555340594472172,-0.019278397815994164,-0.007735072866785098,3.0,-0.00033146110710180476,0.011423579641184567,1.5844121206272064,48.106825354128176,50.03109836829331,0.040000000000000036,80.00000000000007,1,1,TP,TP
CVX,2021-06-17,2021-06-18,2021-06-18,-0.023707189548790364,0.02659808200309642,0.8913119955803763,1.5109932669335724,0.003265545406347936,0.020037604777309648,0.18454508918506485,-0.008335699755890214,-0.012360505056605908,-0.004833136266779614,3.0,-0.00033146110710180476,0.011423579641184567,1.5844121206272064,84.98655357148675,83.28682250005701,-0.020000000000000018,-40.000000000000036,0,0,SL,SL
GS,2021-06-17,2021-06-18,2021-06-18,-0.025606497799155137,0.02359219836939546,1.0853798954307152,1.5310960613871185,-0.03505220405868892,0.009072310703177822,0.2835823780394384,-0.03062320963451015,-0.03326767205352066,-0.07002483575886209,4.0,-0.00033146110710180476,0.011423579641184567,1.5844121206272064,314.30598191712943,308.01986227878683,-0.020000000000000018,-40.000000000000036,0,0,SL,SL
MS,2021-06-17,2021-06-18,2021-06-18,-0.03501662264726002,0.02175114138390699,1.6098751798454014,1.2296258575352361,-0.0334090703189478,0.023291734141856146,0.26336716822158923,-0.030974318118377253,-0.04112135495402258,-0.05827550946723015,3.0,-0.00033146110710180476,0.011423579641184567,1.5844121206272064,73.13657323627936,71.67384177155377,-0.02000000000000013,-40.000000000000256,0,0,SL,SL
XOM,2021-06-17,2021-06-18,2021-06-22,-0.03291736120929167,0.023851773338787928,1.3800802456797299,1.2076629404840773,0.017255061659553927,0.05219356130936714,0.3278792416988805,-0.0012889821575697846,-0.012111639717636513,0.01323956530366699,4.0,-0.00033146110710180476,0.011423579641184567,1.5844121206272064,50.42956761670731,52.4467503213756,0.040000000000000036,80.00000000000009,2,2,TP,TP
COP,2021-06-18,2021-06-21,2021-06-22,-0.025080348488673798,0.028407513807447247,0.8828772788310251,2.237123969469141,-0.015866039678320787,0.04414138486714503,0.28300268010140184,-0.059506046712502925,-0.040686857922792585,-0.03876317528638895,3.0,-0.013490305410204795,-0.002591747902270236,1.99672384404542,48.39771072042604,50.333619149243084,0.040000000000000036,80.00000000000007,1,1,TP,TP
META,2021-06-18,2021-06-21,2021-06-24,-0.02035583952457143,0.019383603029120774,1.050157676774025,1.5390925636634671,-0.0021580314541208567,0.03541127213951478,0.1621861988243083,-0.021054128936633054,-0.004830005138362625,-0.002088498431972008,3.0,-0.013490305410204795,-0.002591747902270236,1.99672384404542,328.20780348130495,341.33611562055717,0.040000000000000036,80.00000000000007,3,3,TP,TP
PEP,2021-06-18,2021-06-21,2021-06-28,-0.020872365429429385,0.012229474007023098,1.7067263414144287,2.0393828885566974,-0.011584759918729426,0.002564618974642663,0.04650306021024053,-0.02126801360777486,-0.015369655598479581,-0.016368986350048687,2.0,-0.013490305410204795,-0.002591747902270236,1.99672384404542,124.40665462184315,125.50779724121094,0.00885115529161129,17.70231058322258,5,5,TIME,TIME
PLD,2021-06-18,2021-06-21,2021-06-28,-0.024794013880916288,0.017086144940495863,1.451118082356425,2.396106467824757,-0.010205555282495893,0.02692933289593369,0.1473662132316813,-0.02899127362134446,-0.03640377137111839,-0.01813807662478273,3.0,-0.013490305410204795,-0.002591747902270236,1.99672384404542,103.86046510390518,105.29767608642578,0.013837902430754223,27.675804861508446,5,5,TIME,TIME
XOM,2021-06-18,2021-06-21,2021-06-22,-0.025649305214390572,0.0257332093929625,0.9967394592221026,1.6134825910792576,-0.010103868749465117,0.023397547653958517,0.2906289208879622,-0.06109135312874203,-0.028470238473409126,-0.01708712998315809,4.0,-0.013490305410204795,-0.002591747902270236,1.99672384404542,50.37170343630074,52.386571573752775,0.040000000000000036,80.00000000000009,1,1,TP,TP
AMD,2021-06-21,2021-06-22,2021-06-24,-0.024335559962848974,0.025833300209674084,0.9420228838487994,1.2261312192368863,0.02229259911943582,0.03506093664350263,-0.013846669673863166,0.030957379960606435,0.012752829518261954,0.015242752145397942,3.0,0.01431606571702071,0.011166466718386836,1.2291115220977025,82.9000015258789,86.21600158691406,0.040000000000000036,80.00000000000007,2,2,TP,TP
BA,2021-06-28,2021-06-29,2021-06-29,-0.033899661822286875,0.023131819220835775,1.4654991679924623,1.548494969012186,-0.028846032385549614,0.0020144109938620147,0.11966086577048851,-0.014821203357547441,-0.021689465475807634,-0.02113075258496544,4.0,0.002016019779955247,0.02396965158190878,0.8999774834638897,243.74000549316406,238.86520538330078,-0.020000000000000018,-40.000000000000036,0,0,SL,SL
COP,2021-07-06,2021-07-07,2021-07-07,-0.039362451213206806,0.030927099362310626,1.2727495311498866,1.2890920690327679,-0.0032986402825834205,0.04943239649356457,0.3008415282965937,-0.010180638774301864,0.011579168864329858,-0.0028121161982995746,3.0,-0.001821487591111115,0.032737189659195476,1.151839411956798,49.86885030347886,48.87147329740928,-0.020000000000000018,-40.000000000000036,0,0,SL,SL
AMD,2021-07-07,2021-07-08,2021-07-12,-0.04160051079066274,0.0323929416701387,1.28424615505087,1.2453351469810323,0.053139718408991676,0.10939841010813223,0.07356544832470968,-0.029685957727380696,0.011394150030276329,0.08327349763094438,3.0,0.0035343041928654895,0.03548748802557333,1.0508649074834737,87.86000061035156,91.37440063476562,0.040000000000000036,80.00000000000007,2,2,TP,TP
BLK,2021-07-08,2021-07-09,2021-07-14,-0.02712718745514886,0.016459063625899984,1.6481610419478248,1.1159444685620121,0.0024090661337659025,0.016592680816928773,0.19250644778333514,-0.019168897550887798,0.0017486145292939792,0.012803092161211893,2.0,-0.008148122261290469,0.02632803470143763,1.5508172263270845,789.4143851357418,773.626097433027,-0.019999999999999907,-39.999999999999815,3,3,SL,SL
NVDA,2021-07-08,2021-07-09,2021-07-15,-0.023022031130095044,0.026935436763618405,0.8547116325654246,1.1285679497465486,0.0407817076767687,0.18221552929482643,0.3837403015233911,-0.028517956219054397,-0.0049867375325103325,0.04436636685555473,2.0,-0.008148122261290469,0.02632803470143763,1.5508172263270845,19.89369121039719,19.495817386189245,-0.020000000000000018,-40.000000000000036,4,4,SL,SL
BLK,2021-07-14,2021-07-15,2021-07-19,-0.030559251954921374,0.018652278068173458,1.6383656646779723,1.5500502959271996,0.001069103313554809,0.013210913110075051,0.18586857702161064,-0.02328825934869483,-0.02288697384797833,0.007773238786174197,3.0,0.0014922374716743736,0.03520537438228888,0.9758561189547951,776.6403259855526,761.1075194658416,-0.019999999999999907,-39.999999999999815,2,2,SL,SL
CRM,2021-07-15,2021-07-16,2021-07-22,-0.020005638475378285,0.020777955938583455,0.9628299595259502,1.3742831239296793,-0.02762652529017562,0.014174064664346675,0.019396377446136093,-0.021942315431991433,-0.033441849597089957,-0.027387745543962727,4.0,-0.003415572895681729,0.030667501265184915,0.8552817758006941,234.24741937314232,243.61731614806803,0.040000000000000036,80.00000000000007,4,4,TP,TP
LLY,2021-07-15,2021-07-16,2021-07-23,-0.020647563448030093,0.015077566078204362,1.3694228458980218,1.0914569735583426,0.00642616102498339,0.07796371271106972,0.2655806994456602,-0.01923668990389904,-0.02382772853098769,0.008495750135834479,3.0,-0.003415572895681729,0.030667501265184915,0.8552817758006941,221.46810357859488,230.32682772173868,0.040000000000000036,80.00000000000007,5,5,TP,TP
NVDA,2021-07-15,2021-07-16,2021-07-16,-0.044111863609253454,0.02844243340303534,1.5509173559160339,1.199010936409065,-0.035312888270099596,0.09429740160409894,0.3020385972115114,-0.0753806804419136,-0.04705357971420754,-0.05180567339471809,3.0,-0.003415572895681729,0.030667501265184915,0.8552817758006941,18.96490214619044,18.58560410326663,-0.02000000000000013,-40.000000000000256,0,0,SL,SL
ORCL,2021-07-15,2021-07-16,2021-07-21,-0.023108289494935264,0.022998127576101444,1.0047900386007205,1.4032923861175524,0.06050526648250165,0.07226601574813452,0.27183576737408677,-0.005993284458540082,0.011311011126011516,0.11200066087454319,3.0,-0.003415572895681729,0.030667501265184915,0.8552817758006941,81.09544537169384,84.3392631865616,0.040000000000000036,80.00000000000007,3,3,TP,TP
NVDA,2021-07-16,2021-07-19,2021-07-19,-0.04245732177917283,0.03219320143112497,1.3188288176311762,1.518888782463957,-0.07510366197434049,0.043374695492431004,0.24464414860881845,-0.10316046855291972,-0.09422586436965485,-0.10147436915391594,4.0,-0.007843544296039728,0.021762458047958955,1.1911194180626694,17.853497190988364,18.5676370786279,0.040000000000000036,80.00000000000007,0,0,TP,TP
AAPL,2021-07-19,2021-07-20,2021-07-26,-0.026914132025048332,0.02132578974904499,1.262046205170601,1.4123039896221745,0.016284243307966184,0.07829763577977289,0.1231418600599099,-0.044921196513375006,-0.014186538764713652,0.01779085469380326,3.0,-0.014767971137476188,0.006326660351401614,2.2709281922368407,139.717408691922,145.3061050395989,0.040000000000000036,80.00000000000007,4,4,TP,TP
V,2021-07-19,2021-07-20,2021-07-26,-0.031073710655942444,0.015289373177310708,2.0323730931007393,1.503838033291351,0.007142799161220292,0.033097476530796976,0.114391150192652,-0.022683848184267053,0.010678300016878861,0.0074593425728646245,2.0,-0.014767971137476188,0.006326660351401614,2.2709281922368407,231.37881039320453,240.63396280893272,0.040000000000000036,80.00000000000007,4,4,TP,TP
NFLX,2021-07-21,2021-07-22,2021-07-29,-0.03280294877789258,0.025223828234737962,1.3004746334545976,3.056599511223379,-0.03458725011703234,0.007236522618148333,-0.007131591430345918,-0.03145328813809012,-0.06263343956981882,-0.041663588346369074,4.0,0.008096498365012916,0.02763532991441986,0.968111046395273,51.020999908447266,51.42499923706055,0.007918295002807163,15.836590005614328,5,5,TIME,TIME
LOW,2021-07-27,2021-07-28,2021-08-04,-0.021391751810452275,0.020411333560439688,1.0480330325850336,1.2829838490452845,-0.005763610542118713,0.00789410690766923,0.09179126421961059,-0.016567618459522815,-0.0030911037733757363,0.00018463506119892337,2.0,-0.004557526022328173,0.03259938235085924,0.9954933524326606,175.79397890625634,172.3719482421875,-0.019466142613983828,-38.932285227967654,5,5,TIME,TIME
META,2021-07-29,2021-07-30,2021-08-06,-0.04007724103622212,0.026086031626236093,1.536348709932343,2.091959125242883,0.0144069054585243,0.05042326382211981,0.2119072862695206,-0.03796388402718509,0.02030222260247494,0.040236718014973416,2.0,0.004147221643501231,0.0337955813966897,0.7011074501156004,350.91839806606083,360.3455810546875,0.026864316720299097,53.72863344059819,5,5,TIME,TIME
ABBV,2021-07-30,2021-08-02,2021-08-05,-0.0216203340746024,0.014785996728139001,1.4622168848081154,1.569436950657036,-0.0029244324449567705,0.017258948030436816,0.10763646330330667,-0.01407263006678905,-0.015991401349933487,-0.010212859370493654,2.0,-0.004856418183554756,0.027377555798464126,1.007569646217694,97.29223790352737,95.34639314545682,-0.020000000000000018,-40.000000000000036,3,3,SL,SL
MA,2021-08-02,2021-08-03,2021-08-03,-0.02767302553780926,0.026562516147041252,1.0418073869440905,1.003153956043474,-0.01655605734912291,0.006152809612720134,0.06030489237865311,-0.021333408315973745,-0.04465392055215733,0.026843571524353793,4.0,-0.0020981700543820647,0.024086390996963747,0.8583074289579853,365.68254782475435,358.36889686825924,-0.020000000000000018,-40.00000000000004,0,0,SL,SL
V,2021-08-02,2021-08-03,2021-08-03,-0.026827565245355678,0.019523858686776703,1.3740913451461159,1.2636714846289883,-0.017234762296584605,0.012539908633685926,0.10032452965865124,-0.02899503798946934,-0.04183813751882548,-0.0026206754333643056,3.0,-0.0020981700543820647,0.024086390996963747,0.8583074289579853,231.36919244770286,226.7418085987488,-0.020000000000000018,-40.000000000000036,0,0,SL,SL
AMD,2021-08-05,2021-08-06,2021-08-06,-0.054054040165034456,0.04697055796771747,1.150806856545869,1.8100959655776774,0.1687723837386912,0.260823883102679,0.30972523218702497,0.03424469589210144,0.09130647697449401,0.23177282756104378,1.0,0.006332770860045578,0.030295181221590806,0.6071701787870526,110.55000305175781,114.97200317382813,0.040000000000000036,80.00000000000007,0,0,TP,TP
UNH,2021-08-05,2021-08-06,2021-08-13,-0.024552714229566397,0.016120419668791065,1.5230815781489953,1.4421917017669714,-0.009613826373736312,0.009194225376302878,0.11899857323501362,-0.010539679567060811,-0.0021597769238418385,-0.011015712968367342,2.0,0.006332770860045578,0.030295181221590806,0.6071701787870526,377.403887923535,375.2603759765625,-0.005679623383760157,-11.359246767520315,5,5,TIME,TIME
AMD,2021-08-09,2021-08-10,2021-08-10,-0.022977011763444022,0.053196288312692956,0.4319288524113358,1.3466431037852629,0.09859027233675177,0.19100603417731588,0.2499709740214222,-0.09421567002010156,-0.00966579627093056,0.17164018937716063,3.0,-0.0008136992507945529,0.02880684200306649,0.6634497338965057,107.9000015258789,105.74200149536132,-0.020000000000000018,-40.000000000000036,0,0,SL,SL
PFE,2021-08-11,2021-08-12,2021-08-13,-0.03901235948149506,0.023338222615885376,1.6716079936156296,1.4630201248585777,0.07634892059529186,0.13958917080581434,0.24349095210777327,0.027512508091524834,0.024784008928899315,0.07547568786007197,2.0,0.002484970134996045,0.03027352913161807,0.7260358004735837,35.689727401775386,37.1173164978464,0.040000000000000036,80.00000000000007,1,1,TP,TP
TSLA,2021-08-16,2021-08-17,2021-08-17,-0.0432254973537064,0.032502361349599024,1.3299186754084766,1.1660650562017298,-1.3145597742014736e-05,0.038569797468852585,0.0335302494540779,-0.030586906544089354,-0.038654466219758765,-0.03311402493120996,4.0,0.0023545150599630915,0.03381942532645077,1.3578386317243878,224.22000122070312,219.73560119628905,-0.020000000000000018,-40.000000000000036,0,0,SL,SL
TSLA,2021-08-17,2021-08-18,2021-08-23,-0.02981764971635026,0.035836067842151736,0.8320569613744735,1.194455452324856,-0.030198576742999195,0.005757681155269978,0.0007917462420132804,-0.07828313366027384,-0.06236705323956826,-0.062036800009184434,4.0,-0.006555167528131345,0.025940246475484985,1.717449793532935,223.25,232.18,0.040000000000000036,80.00000000000007,3,3,TP,TP
AAPL,2021-08-18,2021-08-19,2021-08-24,-0.025501037296963625,0.015844052127521744,1.6095022341328526,1.2018068171345249,-0.004836021000915736,0.036065569413402665,0.12514448964159008,-0.018377128371714346,0.0034279489869366575,-0.002522796540542438,2.0,-0.010945012641220053,0.013855044584480725,1.618941521035238,141.45809163231115,147.1164152976036,0.040000000000000036,80.00000000000007,3,3,TP,TP
PFE,2021-08-18,2021-08-19,2021-08-23,-0.022014960536469008,0.028304921964474605,0.7777785278510889,2.200193849897202,0.09090463266641868,0.18349880001108354,0.3101786497335224,0.017120475051482842,0.06478126327793898,0.09117081161434415,1.0,-0.010945012641220053,0.013855044584480725,1.618941521035238,37.22476141921437,38.71375187598294,0.040000000000000036,80.00000000000007,2,2,TP,TP
NEE,2021-08-23,2021-08-24,2021-08-31,-0.02178949629431237,0.015978345695348926,1.363689127132541,1.3370108153373996,0.036574993876476114,0.08844527143592984,0.10759879789268867,-0.00023666299158842108,0.0053605245968746384,0.04766644166155842,1.0,0.008796586621260927,0.02941622498060381,0.9411084358140268,73.30366279392048,73.4292221069336,0.0017128654725766523,3.4257309451533047,5,5,TIME,TIME
PFE,2021-08-24,2021-08-25,2021-08-25,-0.031043306338086385,0.03283533096656916,0.9454238901898903,1.1163904406068006,0.03565279440424196,0.14091471225615648,0.27492360340239674,-0.008606311607510908,-0.04046012462250692,0.0039429134613520045,4.0,0.0015873377419315382,0.02990785835856502,0.6799652126085779,36.871712006772654,36.1342777666372,-0.02000000000000013,-40.000000000000256,0,0,SL,SL
PLD,2021-09-09,2021-09-10,2021-09-14,-0.027572892528676785,0.017846500596857346,1.5450027516056675,1.1224599129269195,0.005046978109230826,0.03916790346665344,0.19932090654053303,-0.0307214180007509,-0.022280147699948905,0.032099898094168466,2.0,-0.00428015054207731,0.017915304141333133,0.9824219372271116,116.99453520159813,114.65464449756617,-0.020000000000000018,-40.00000000000003,2,2,SL,SL
AAPL,2021-09-10,2021-09-13,2021-09-14,-0.033102058384613,0.018579936146568495,1.7816023759977546,1.8755615974006576,-0.012050298887183675,0.00959600875410338,0.12112769833792947,-0.049269433500207516,-0.030459077763672848,0.009691930117583958,3.0,-0.007884685116578694,0.009094127260322216,1.4611568175091514,146.9201475258426,143.98174457532573,-0.020000000000000018,-40.000000000000036,1,1,SL,SL
ADBE,2021-09-13,2021-09-14,2021-09-20,-0.02092751688507477,0.015223480120532552,1.3746867811683179,1.5947063571359998,-0.013737174166973176,0.021811022650327416,0.22446218387999672,-0.027245781320344276,-0.032163701192089555,-0.020303095913021152,4.0,0.002559295401360906,0.010936975145355854,1.3130730334995244,646.0,633.08,-0.019999999999999907,-39.999999999999815,4,4,SL,SL
BAC,2021-09-14,2021-09-15,2021-09-20,-0.026868601332533215,0.021774029415091326,1.2339746961998177,1.2140040712368325,-0.027973498527570917,0.0002230126912401431,0.07616265577973302,-0.02663097229469613,-0.0358180250032597,-0.038786485196449894,3.0,-0.005396524809990533,0.005005938250133513,1.2219089206565739,35.331719900711455,34.625085502697225,-0.020000000000000018,-40.000000000000036,3,3,SL,SL
MS,2021-09-14,2021-09-15,2021-09-20,-0.023850676558538897,0.017235101632198175,1.383843105049156,1.2729011132543484,-0.013732773967250145,0.03355142420894941,0.22618398437072007,-0.018586204074247936,-0.021789078865585343,-0.020943369550223245,3.0,-0.005396524809990533,0.005005938250133513,1.2219089206565739,87.12205115935521,85.3796101361681,-0.02000000000000013,-40.00000000000026,3,3,SL,SL
META,2021-09-17,2021-09-20,2021-09-20,-0.022355559058146124,0.018642481239790662,1.1991729411227856,2.211018183163339,-0.023303315557665405,0.003961205841616522,0.16982240326172438,-0.031365257838248395,-0.03689024853724032,-0.028138839582133923,4.0,-0.009740696196288035,0.00014791720851770052,1.850270791055798,356.1722137811243,349.0487695055018,-0.020000000000000018,-40.000000000000036,0,0,SL,SL
NEE,2021-09-17,2021-09-20,2021-09-27,-0.028095216328023254,0.016649795291963393,1.6874211265278676,2.400494747981898,-0.035093367169060086,0.006711945999509306,0.0633165701018148,-0.03544437570883596,-0.03873778157729524,-0.05596685236746313,4.0,-0.009740696196288035,0.00014791720851770052,1.850270791055798,71.28728595016649,69.86154023116316,-0.020000000000000018,-40.000000000000036,5,5,SL,SL
ADBE,2021-09-20,2021-09-21,2021-09-22,-0.02015340856103698,0.018344722339813182,1.098594363420723,1.5720097155374093,-0.02583709900382436,0.007375772887710852,0.2070447811135805,-0.029935920843014108,-0.0059831763785865855,-0.037954436473455644,3.0,-0.01667448530109017,-0.01652505990700659,2.4218714362551514,646.8800048828125,633.9424047851562,-0.020000000000000018,-40.000000000000036,1,1,SL,SL
AVGO,2021-09-20,2021-09-21,2021-09-28,-0.022094675614619752,0.019188788342601702,1.1514367254531954,1.7481157164922712,-0.001287506458062193,0.017260006041011522,0.0729284673785815,-0.029269749479182816,-0.008296950859222108,-0.005746387553767884,3.0,-0.01667448530109017,-0.01652505990700659,2.4218714362551514,45.25572620312454,45.02921676635742,-0.005005100034202514,-10.010200068405029,5,5,TIME,TIME
COP,2021-09-20,2021-09-21,2021-09-22,-0.031398622552241795,0.02833615045294708,1.1080765047595307,1.2965558008485727,0.011027905320122988,0.017493706713206603,0.09775547636531856,-0.037929951293360076,-0.009029500697859238,0.014758151553727172,4.0,-0.01667448530109017,-0.01652505990700659,2.4218714362551514,48.9687656841396,50.92751631150519,0.040000000000000036,80.00000000000007,1,1,TP,TP
NFLX,2021-09-20,2021-09-21,2021-09-28,-0.023619276716327353,0.02591106829973188,0.9115516366637711,1.095854211046335,-0.005315442880989285,0.054949855705638706,0.09188539948967711,-0.012764415687413488,-0.023519855534906875,-0.025570286019925836,2.0,-0.01667448530109017,-0.01652505990700659,2.4218714362551514,57.83100128173828,58.3849983215332,0.009579585819307956,19.15917163861591,5,5,TIME,TIME
NVDA,2021-09-20,2021-09-21,2021-09-21,-0.03593591420041953,0.026696465621449852,1.3460925768220808,1.3142835435858533,-0.05119386366320433,0.01924524512878434,0.29925018527462277,-0.05496616173586166,-0.046903357340685736,-0.07573419442242868,3.0,-0.01667448530109017,-0.01652505990700659,2.4218714362551514,21.3469404733302,20.920001663863594,-0.020000000000000018,-40.00000000000003,0,0,SL,SL
TSLA,2021-09-20,2021-09-21,2021-09-24,-0.03860484330594227,0.026361769658425432,1.4644253328267685,1.4329690479449657,-0.006141436102937603,0.040890036940852026,0.051215681966817694,-0.03394941833373122,-0.017267855755527806,-0.004634859567948513,1.0,-0.01667448530109017,-0.01652505990700659,2.4218714362551514,244.92999267578125,254.72719238281252,0.040000000000000036,80.00000000000007,3,3,TP,TP
AVGO,2021-09-28,2021-09-29,2021-10-01,-0.027394458833867597,0.019189082988017574,1.4276064599321283,1.1216109641874814,-0.010756256455118685,0.010356603286629351,0.0656102381961643,-0.0263336366587833,6.116872766592785e-05,-0.014448956629835807,2.0,-0.020151820839761747,-0.019173417093705347,1.6489794153643376,45.26858326931434,44.36321160392805,-0.02000000000000013,-40.000000000000256,2,2,SL,SL
COST,2021-09-28,2021-09-29,2021-10-01,-0.028682156937916647,0.01903267298972123,1.5069957306263135,1.413488460743441,-0.02512300172709847,0.0007789451389585977,0.1580141555375525,-0.011992463050834345,-0.010528135464431432,-0.02412660090414165,2.0,-0.020151820839761747,-0.019173417093705347,1.6489794153643376,426.3294731944402,417.8028837305514,-0.020000000000000018,-40.000000000000036,2,2,SL,SL
CRM,2021-09-28,2021-09-29,2021-10-04,-0.026458873413227946,0.023208784244748037,1.1400370279720868,1.1170600432899755,0.030011586978253346,0.06476647387876167,0.1597497075583807,-0.02008228756940167,0.055471494161493995,0.07040902389599091,2.0,-0.020151820839761747,-0.019173417093705347,1.6489794153643376,268.83895251961934,263.46217346922697,-0.019999999999999907,-39.999999999999815,3,3,SL,SL
HD,2021-09-28,2021-09-29,2021-10-01,-0.022289985148671865,0.015240089082788504,1.4625889013893763,1.0176324745522582,0.0032352942255573502,0.014686070727309097,0.10514544216189359,-0.006281745011293527,-0.0012568784411497447,0.0020411201107259913,2.0,-0.020151820839761747,-0.019173417093705347,1.6489794153643376,295.8466824659941,289.9297488166742,-0.020000000000000018,-40.000000000000036,2,2,SL,SL
LOW,2021-09-28,2021-09-29,2021-10-01,-0.024687996144850066,0.019019312866249503,1.2980487948468349,1.2742849102748746,-0.0031808301324648403,0.026395516069992686,0.10338625947147673,-0.012260901389999357,-0.004072412166251871,0.006171201438695428,3.0,-0.020151820839761747,-0.019173417093705347,1.6489794153643376,187.1311209585206,183.3884985393502,-0.019999999999999907,-39.99999999999981,2,2,SL,SL
MS,2021-09-28,2021-09-29,2021-09-30,-0.029115268434138475,0.025725194195617442,1.1317803167098566,1.741657334276396,-0.00832401190258314,0.011208309212422218,0.1995916488702365,-0.014582490074201093,0.03804656073099255,0.0012754449243324029,2.0,-0.020151820839761747,-0.019173417093705347,1.6489794153643376,86.2010231569627,84.47700269382345,-0.020000000000000018,-40.00000000000003,1,1,SL,SL
LOW,2021-09-30,2021-10-01,2021-10-08,-0.02047323552122804,0.02007364507276091,1.0199062226625377,1.2340688881582764,-0.016281433037333537,0.011460781105284035,0.08679801505813467,-0.036889453270871786,-0.024617825344331434,-0.02695698071752939,3.0,-0.01222235432608565,-0.029563473207969704,1.6560919008070423,184.9253926859922,187.13116455078125,0.01192790147827072,23.85580295654144,5,5,TIME,TIME
JPM,2021-10-11,2021-10-12,2021-10-13,-0.021031433397078136,0.022607575127846908,0.9302825835209829,1.0011618046726705,0.02736684540344636,0.047274674343654066,0.10500375594642364,-0.014081142478019948,0.004157907471410649,0.0039774859053900435,1.0,-0.007239580665838075,-0.01605542528042414,0.672020132181311,147.14020278889987,144.19739873312187,-0.020000000000000018,-40.000000000000036,1,1,SL,SL
JPM,2021-10-13,2021-10-14,2021-10-18,-0.026366769986479577,0.021944480022949475,1.2015217475604474,1.7830436300475392,-0.011372227235391219,0.008770665219787421,0.06468781710493499,-0.05416511747813857,-0.04745006265494667,-0.023981989801793002,3.0,0.003597575905331274,-0.01462819264182591,0.7567660059888778,143.5892796203178,149.3328508051305,0.040000000000000036,80.00000000000007,2,2,TP,TP
NFLX,2021-10-20,2021-10-21,2021-10-22,-0.02169016516146316,0.027413288684201512,0.7912281306825973,2.2923093689675005,0.01053959198938359,0.06698772783793117,0.16264948217776998,-0.00501358662242124,-0.007336156436989483,-0.021843215643565617,2.0,0.003927627646453935,0.022643226527825133,0.5949828850421426,62.888999938964844,65.40455993652344,0.040000000000000036,80.00000000000007,1,1,TP,TP
AVGO,2021-10-27,2021-10-28,2021-11-04,-0.020154731201034837,0.017584383086336457,1.1461722087194295,1.4244496169139753,0.045756752805080625,0.05742867773276994,0.11494035009069337,0.014939618547373135,0.026934229295439094,0.07855502831514571,1.0,-0.00443030746036821,0.023628304980589654,0.9484076974757767,48.06651588438556,49.98917651976098,0.040000000000000036,80.00000000000007,5,5,TP,TP
GE,2021-10-27,2021-10-28,2021-11-04,-0.03341402242878455,0.024589046451568414,1.358898666306486,1.3351632285772455,-0.005344635134748588,0.004369087749693135,0.007578369295395682,-0.001922411910582733,-0.020283168777586513,0.014556198035551526,2.0,-0.00443030746036821,0.023628304980589654,0.9484076974757767,62.939962789721086,64.04791259765625,0.01760328031392011,35.20656062784022,5,5,TIME,TIME
UPS,2021-10-27,2021-10-28,2021-11-02,-0.026872236817182094,0.023406761053729633,1.1480544768880045,1.0592715067488945,0.11095687449405434,0.10774627691393279,0.13584965758862322,0.04121488611331792,0.08675141487605753,0.15293949253510974,1.0,-0.00443030746036821,0.023628304980589654,0.9484076974757767,168.37696929924783,165.00942991326286,-0.02000000000000013,-40.000000000000256,3,3,SL,SL
XOM,2021-10-27,2021-10-28,2021-11-04,-0.02597203999919362,0.020093128750056498,1.2925831672242976,1.0220198327586834,0.03026697762335795,0.10389295882669258,0.13743411967211494,0.0160013884193011,0.004385239272790331,0.050106279709976054,2.0,-0.00443030746036821,0.023628304980589654,0.9484076974757767,53.559475988484394,54.05461883544922,0.009244729113318417,18.489458226636835,5,5,TIME,TIME
AMZN,2021-10-29,2021-11-01,2021-11-01,-0.021511245053778105,0.020948665377216524,1.0268551559935382,2.132263382738006,0.010692006377117647,2.1141038017979952e-05,0.013977702027513361,-0.0010781268163503333,0.011056703931315193,-0.010733279639183912,2.0,0.00202904981213603,0.033675137255589016,1.017270165665392,168.08999633789062,164.7281964111328,-0.020000000000000018,-40.000000000000036,0,0,SL,SL
GOOGL,2021-11-01,2021-11-02,2021-11-08,-0.03072703975130875,0.022007171656885646,1.3962284763519266,1.3778482499412732,0.01927643573134019,0.01789309100771508,0.18104937134629617,-0.018605984573219936,0.044016860061134144,0.00503587333323563,2.0,0.0017201935642989774,0.034610468299920205,0.7455402328982004,143.30873631409102,149.04108576665467,0.040000000000000036,80.00000000000007,4,4,TP,TP
LLY,2021-11-01,2021-11-02,2021-11-03,-0.021392662169336885,0.02268835494456696,0.9428917266855283,1.1153669748147543,0.03569110710358192,0.030216858191671525,0.14057164052975613,-0.0034375326509116233,0.01738413568114794,0.043225600620037996,1.0,0.0017201935642989774,0.034610468299920205,0.7455402328982004,240.10116804141313,249.70521476306968,0.040000000000000036,80.00000000000007,1,1,TP,TP
COP,2021-11-02,2021-11-03,2021-11-05,-0.020913994185377427,0.022128381506772522,0.945120824990141,1.2904513777815692,-0.014148629603015772,0.11364104409202125,0.2966440940013606,-0.028209942961244794,-0.04623193892112898,-0.024578767196187012,3.0,0.004043069093140117,0.038043242079966566,0.7778581656228882,61.21007897768006,63.65848213678727,0.040000000000000036,80.00000000000009,2,2,TP,TP
TSLA,2021-11-02,2021-11-03,2021-11-03,-0.03027499529203259,0.04157423837223609,0.7282152717017829,1.521530551976614,0.26780960621590677,0.43072269791616313,0.6273026481550745,0.0881675334101939,0.15079093607849203,0.35605769537357146,1.0,0.004043069093140117,0.038043242079966566,0.7778581656228882,392.4433288574219,384.59446228027343,-0.020000000000000018,-40.000000000000036,0,0,SL,SL
BAC,2021-11-04,2021-11-05,2021-11-09,-0.021500888820110697,0.01984546710535626,1.0834156085097961,1.129033691299166,0.017860440212255524,0.08632595207170812,0.1917502538579543,-0.010867272418074836,-0.009418113985528942,0.010677030520902298,1.0,0.004712601486710266,0.04753156356524535,0.89769015131453,42.33047171422053,41.48386227993612,-0.020000000000000018,-40.000000000000036,2,2,SL,SL
GS,2021-11-04,2021-11-05,2021-11-09,-0.02352208002895062,0.020225838632107827,1.1629718033847123,1.4517804097653357,0.002401351595703094,0.01743136006565127,0.1270222512821293,-0.020710220844594174,-0.016271870680071965,0.001177767800817131,3.0,0.004712601486710266,0.04753156356524535,0.89769015131453,364.4501371765761,357.1611344330446,-0.020000000000000018,-40.000000000000036,2,2,SL,SL
NFLX,2021-11-04,2021-11-05,2021-11-05,-0.028897789793444706,0.02448597872835721,1.180177035765296,1.1311664849204928,0.02205111660183312,0.08320268471640957,0.22361090450863852,-0.01874716279182298,-0.008382203866752258,0.02333263521424067,3.0,0.004712601486710266,0.04753156356524535,0.89769015131453,66.39700317382812,65.06906311035156,-0.020000000000000018,-40.000000000000036,0,0,SL,SL
LLY,2021-11-05,2021-11-08,2021-11-09,-0.02214058796696572,0.02654720594282892,0.8340082197217616,1.350366279237447,0.07123060555267546,0.09475070908217997,0.20517417141680583,0.03173053664658565,0.04019449082634852,0.08717929368212629,2.0,0.0034696168552568185,0.05004966391229493,1.1356245750426561,252.27589704317901,247.23037910231542,-0.020000000000000018,-40.000000000000036,1,1,SL,SL
MRK,2021-11-05,2021-11-08,2021-11-09,-0.09863037661055862,0.030239619756203602,3.261627540482707,2.639557762052608,-0.012523372103696029,0.04245047187438389,0.0949840477444941,-0.08323972738877838,-0.07314015641681115,0.005668435872409061,3.0,0.0034696168552568185,0.05004966391229493,1.1356245750426561,69.41352209493878,72.19006297873634,0.040000000000000036,80.00000000000007,1,1,TP,TP
NFLX,2021-11-05,2021-11-08,2021-11-12,-0.033931745451241446,0.025962153102130847,1.3069696229646106,1.2004025955141953,-0.013613771164897148,0.043215253130039155,0.18122074021733847,-0.047217205155188346,-0.06459416418887154,-0.0286711140674758,4.0,0.0034696168552568185,0.05004966391229493,1.1356245750426561,65.02899932861328,67.63015930175781,0.040000000000000036,80.00000000000007,4,4,TP,TP
NKE,2021-11-08,2021-11-09,2021-11-10,-0.03188497329839568,0.01916116793182815,1.6640412219044503,1.4556757254398232,0.04795245083615085,0.08053930796122288,0.16418509787284563,-0.0037678618619980675,0.03318720691014909,0.04646249706975736,1.0,0.0008538285886485752,0.04999939065943759,0.8732657436472356,156.2558902636605,153.13077245838727,-0.020000000000000018,-40.000000000000036,1,1,SL,SL
PEP,2021-11-08,2021-11-09,2021-11-16,-0.02150642176459505,0.012365792113409477,1.7391867473878577,1.5568076587679773,0.009854056184338544,0.03472710302069926,0.10684550349054822,-0.01138172479100974,0.0072551106994798165,0.020160543463655145,1.0,0.0008538285886485752,0.04999939065943759,0.8732657436472356,139.4912448242406,140.3506622314453,0.0061610849361017905,12.322169872203581,5,5,TIME,TIME
TSLA,2021-11-08,2021-11-09,2021-11-09,-0.04840070953386311,0.049982943613764416,0.9683445198400522,1.0928062051926568,0.15350490575577225,0.3536929261414772,0.5991148976742378,-0.04194881083868052,-0.03777130656359584,0.13473061595089741,3.0,0.0008538285886485752,0.04999939065943759,0.8732657436472356,391.20001220703125,383.37601196289063,-0.020000000000000018,-40.00000000000004,0,0,SL,SL
TSLA,2021-11-09,2021-11-10,2021-11-10,-0.11990303254359846,0.0673215408160171,1.7810500337667734,1.8209021207114993,0.004348547909301281,0.1833206742579132,0.4060188548008701,-0.16782531531989564,-0.12670648794093442,0.0049782582137261056,3.0,-0.003305581028484439,0.0457514031370998,0.9018024730450641,336.8033447265625,330.06727783203127,-0.019999999999999907,-39.999999999999815,0,0,SL,SL
ADBE,2021-11-10,2021-11-11,2021-11-18,-0.030572498851113128,0.02068394252232143,1.4780788922672887,1.0519606198629694,0.006660276733269521,0.0292867385898834,0.16364987411582743,-0.02296591528240366,-0.011721958487187378,0.011592273953327847,2.0,-0.008044734800774389,0.036712218733695456,1.2279417649240978,649.6099853515625,675.594384765625,0.040000000000000036,80.00000000000007,5,5,TP,TP
AMD,2021-11-10,2021-11-11,2021-11-15,-0.06077090493575521,0.049101723289910304,1.237653199602523,1.3567098153808956,0.11115961905533567,0.2330256893982714,0.4900941291496763,0.025891146208838922,0.07155440454483508,0.1438501514024284,3.0,-0.008044734800774389,0.036712218733695456,1.2279417649240978,142.9600067138672,148.67840698242188,0.040000000000000036,80.00000000000007,2,2,TP,TP
AMZN,2021-11-10,2021-11-11,2021-11-18,-0.026334994227121156,0.028131222504727594,0.9361482325446548,1.1311142067539937,0.020359533267634955,0.026866918804883788,0.04439666494134076,-0.010497331286912326,0.028974565167340316,0.026399470121515556,2.0,-0.008044734800774389,0.036712218733695456,1.2279417649240978,175.64999389648438,182.67599365234375,0.040000000000000036,80.00000000000009,5,5,TP,TP
CRM,2021-11-10,2021-11-11,2021-11-18,-0.03241733726851548,0.018527535649326975,1.7496842473862981,1.1045724919332114,0.00498700880183045,0.06991242958729904,0.22189056344411417,-0.024670321064996115,-0.010630759925549738,0.015314506712370557,3.0,-0.008044734800774389,0.036712218733695456,1.2279417649240978,296.3725513441765,297.8372497558594,0.004942085240484895,9.88417048096979,5,5,TIME,TIME
GE,2021-11-10,2021-11-11,2021-11-15,-0.02093620939227403,0.029401295226751615,0.7120845946006017,1.2217862309680843,0.02917216725810934,0.045187597897436094,0.04861411467969545,0.002023153431650382,0.02821549586891714,0.049205801261239746,3.0,-0.008044734800774389,0.036712218733695456,1.2279417649240978,66.08118511436966,64.75956141208226,-0.020000000000000018,-40.000000000000036,2,2,SL,SL
NKE,2021-11-10,2021-11-11,2021-11-18,-0.03198719038466846,0.021144945032955224,1.5127582660922114,1.4786099058120503,0.016013697860687515,0.056728943221799444,0.13688119232196772,-0.0521095331972079,-0.02457980671894322,0.0364028947123376,2.0,-0.008044734800774389,0.036712218733695456,1.2279417649240978,154.7503926179762,156.34716796875,0.010318392889093975,20.63678577818795,5,5,TIME,TIME
NVDA,2021-11-10,2021-11-11,2021-11-11,-0.03907745299355825,0.04845234751408801,0.8065130999524034,1.7001000489555786,0.16030105874160183,0.27607022919924806,0.6253608897459095,-0.00984802209525859,0.1075646253041409,0.20481768167500314,3.0,-0.008044734800774389,0.036712218733695456,1.2279417649240978,30.36833615848351,29.760969435313836,-0.02000000000000013,-40.000000000000256,0,0,SL,SL
BA,2021-11-16,2021-11-17,2021-11-17,-0.0312754446808825,0.02705935654384397,1.1558088837111575,1.0819785704052636,0.043662351982090675,0.037080460987710895,-0.01768940725227741,0.029264281274743897,0.022691289994887898,0.06123982947620488,2.0,0.003957981144128153,0.046373751845018685,0.913842039202762,229.5399932861328,224.94919342041015,-0.020000000000000018,-40.00000000000004,0,0,SL,SL
MA,2021-11-17,2021-11-18,2021-11-18,-0.028114457205972387,0.02794137065449566,1.0061946335280756,2.180439944147062,0.03007006048286809,0.029090657924680352,-0.007333752704383523,-0.011911938504673647,0.0034362922950799124,0.09027724768251888,3.0,-0.002429290083563851,0.04296345254310996,0.8965893735210481,350.6592638823528,343.64607860470574,-0.019999999999999907,-39.999999999999815,0,0,SL,SL
NVDA,2021-11-17,2021-11-18,2021-11-18,-0.031188910789715973,0.05213183202584437,0.5982699931637557,1.0276418505985332,0.06825501604568451,0.22752072099545706,0.5778922620418947,-0.037150447708150236,-0.006721177128731104,0.10012048727595513,2.0,-0.002429290083563851,0.04296345254310996,0.8965893735210481,32.26111626069691,31.61589393548297,-0.020000000000000018,-40.000000000000036,0,0,SL,SL
CVX,2021-11-19,2021-11-22,2021-11-23,-0.02219305369393687,0.015581023413536683,1.4243643119524294,1.3728993248418628,-0.01165624664845999,0.04637386310538294,0.10046458870146457,-0.03475934596117658,-0.008986946707809973,-0.01339186036194584,3.0,-0.0017881061630350414,0.04244878210240821,1.0659856134830379,92.73215606839486,96.44144231113066,0.040000000000000036,80.00000000000007,1,1,TP,TP
MRK,2021-11-19,2021-11-22,2021-11-26,-0.028296318904282636,0.028243920869826192,1.0018551969005274,1.270649472294275,-0.04458613688157265,0.01016662863533413,0.07493725425629316,-0.04054235383210747,-0.039285637629198567,-0.011150813655485314,3.0,-0.0017881061630350414,0.04244878210240821,1.0659856134830379,69.92283508452424,68.52437838283375,-0.02000000000000013,-40.000000000000256,3,3,SL,SL
UNH,2021-11-19,2021-11-22,2021-11-30,-0.021069085229400097,0.016389587143678972,1.2855165322163642,1.3157875152561544,-0.03207990625684509,0.026447407819585766,0.10283321920718924,-0.0213958044393171,-0.04137332080939948,-0.0346855113730099,4.0,-0.0017881061630350414,0.04244878210240821,1.0659856134830379,407.04977874073523,408.3366394042969,0.0031614331484044467,6.322866296808893,5,5,TIME,TIME
ADBE,2021-11-22,2021-11-23,2021-11-23,-0.021500047791085386,0.022843092961709957,0.9412056338922312,1.2497265009627165,0.023558400512123656,0.06911054339693923,0.19441791393794383,0.0043240706874621004,0.020978320320739652,0.011335977255282126,2.0,-0.002815311133251286,0.03847888947859013,1.3194649459208327,662.7000122070312,649.4460119628906,-0.02000000000000013,-40.000000000000256,0,0,SL,SL
AMZN,2021-11-22,2021-11-23,2021-11-26,-0.02828730052206352,0.027636370940492542,1.0235533667923542,1.2557800582479455,0.024776265637769912,0.04915082991995967,0.06819424486893988,0.006641292390649367,0.007583863781195577,0.02395822855338503,3.0,-0.002815311133251286,0.03847888947859013,1.3194649459208327,179.2519989013672,175.66695892333985,-0.020000000000000018,-40.00000000000003,2,2,SL,SL
AVGO,2021-11-22,2021-11-23,2021-12-01,-0.027149175976045714,0.01730717968962874,1.5686655170232475,1.5508109451395689,0.00428524678965525,0.06590893944407417,0.15640479261415274,-0.02872011127073304,-0.022076468035679975,-0.010144242329435338,2.0,-0.002815311133251286,0.03847888947859013,1.3194649459208327,50.659934189048094,50.87453079223633,0.00423602214695773,8.472044293915458,5,5,TIME,TIME
NVDA,2021-11-22,2021-11-23,2021-11-23,-0.03119602475316563,0.059684772483407186,0.5226797967913568,1.5485703076909338,0.10985305071184137,0.3078678731511939,0.6980597079667501,0.09210204403150168,0.06431305246085284,0.037397611952982635,2.0,-0.002815311133251286,0.03847888947859013,1.3194649459208327,31.431840673643133,30.80320386017027,-0.020000000000000018,-40.000000000000036,0,0,SL,SL
TSLA,2021-11-23,2021-11-24,2021-11-24,-0.041352932727292124,0.06080152410010714,0.6801298707447904,1.0895549812341485,-0.004601680333622737,0.1887445949775428,0.4993556883519201,0.01153799294937552,0.051482388209363794,0.08356622554676485,1.0,0.0013259393143303377,0.03868216044267303,1.3072204122557103,360.1300048828125,374.535205078125,0.040000000000000036,80.00000000000009,0,0,TP,TP
BAC,2021-11-26,2021-11-29,2021-11-29,-0.0392611490575101,0.022961446482880628,1.7098726374569673,1.3782166144449144,-0.02799621889377346,0.009713027380766626,0.11893609154804374,-0.01123602691493042,-0.012089887270020139,-0.03642901415386701,2.0,-0.022303220267405388,0.016593867748052382,1.924848304689859,41.28109754666751,40.45547559573416,-0.02000000000000013,-40.000000000000256,0,0,SL,SL
COP,2021-11-26,2021-11-29,2021-11-29,-0.044768365629314855,0.032306766327550404,1.3857272243040155,1.2819425014667356,-0.023784092186580508,0.001469108777281125,0.21249324149964988,-0.005703114096543227,-0.017051843768937203,-0.009149065486607433,2.0,-0.022303220267405388,0.016593867748052382,1.924848304689859,61.90936660874425,60.67117927656936,-0.020000000000000018,-40.00000000000004,0,0,SL,SL
CVX,2021-11-26,2021-11-29,2021-11-30,-0.02286891741108288,0.01930011963593529,1.1849106556056144,1.1621325717588793,0.005115438639844427,0.05555741722308283,0.11979866344008516,0.005267377052867728,0.0005242282430180101,0.014658810132635702,2.0,-0.022303220267405388,0.016593867748052382,1.924848304689859,96.3083448401377,94.38217794333495,-0.020000000000000018,-40.000000000000036,1,1,SL,SL
MCD,2021-11-26,2021-11-29,2021-11-30,-0.027614601924895288,0.013788052129795069,2.0027921032603264,1.03407259765884,-0.008569577610101797,0.013123086191355604,0.07093820480166535,-0.013689518128042089,-0.013689518128042089,-0.0005995797116863377,2.0,-0.022303220267405388,0.016593867748052382,1.924848304689859,224.15873754411678,219.67556279323443,-0.020000000000000018,-40.000000000000036,1,1,SL,SL
MSFT,2021-11-26,2021-11-29,2021-12-02,-0.024355934016728864,0.016085837629807715,1.514122831352986,1.0235457534951768,-0.01731048560048043,0.0522012385468682,0.1998618024675305,-0.029867910953584764,-0.03396155379677346,-0.006458254359204552,3.0,-0.022303220267405388,0.016593867748052382,1.924848304689859,322.03915370433015,315.59837063024355,-0.020000000000000018,-40.000000000000036,3,3,SL,SL
PLD,2021-11-26,2021-11-29,2021-12-03,-0.02996598105810422,0.01782380696522722,1.6812334826429272,1.011232097592795,0.005683273230697061,0.0728043526653468,0.21789295839957523,-0.006759301493511671,-0.004648573504389075,0.006513915530067971,2.0,-0.022303220267405388,0.016593867748052382,1.924848304689859,131.56428414816054,136.82685551408696,0.040000000000000036,80.00000000000007,4,4,TP,TP
LLY,2021-11-29,2021-11-30,2021-11-30,-0.021277268141636663,0.02022771847254337,1.0518867053898306,1.522016652293927,-0.021620733460789188,0.03849615424946462,0.13991300440907017,-0.027218180027538286,-0.02251607848710724,-0.01856345792621228,3.0,0.012266693103688553,0.028007596203615037,1.4538151128264356,242.8174344548385,237.96108576574173,-0.020000000000000018,-40.000000000000036,0,0,SL,SL
PFE,2021-11-29,2021-11-30,2021-11-30,-0.02962940998017838,0.03146126831957962,0.9417741738574092,1.536742406337417,0.06757444777360622,0.16133305627117212,0.2850930657663002,0.025841750289653298,0.03149631500388428,0.05369009692916937,3.0,0.012266693103688553,0.028007596203615037,1.4538151128264356,40.50144592975922,42.121503766949594,0.040000000000000036,80.00000000000007,0,0,TP,TP
ADBE,2021-11-30,2021-12-01,2021-12-01,-0.02565857670512961,0.029343450204216782,0.8744226233301754,2.2879212390069266,0.0071538680073395255,0.06031298964610898,0.17875902734450455,0.0022892749655130107,-0.005522858348546711,0.015339601680671056,3.0,-0.019457539941216462,0.007046049386869591,2.308765772859325,676.0,662.48,-0.020000000000000018,-40.000000000000036,0,0,SL,SL
AMD,2021-11-30,2021-12-01,2021-12-01,-0.021864050798921175,0.04535040971444472,0.48211363329661777,1.1399495515559082,0.06974589098486761,0.26126911530509744,0.6162413540014549,0.0036121169480758386,0.038355564390597285,0.08109761197720622,3.0,-0.019457539941216462,0.007046049386869591,2.308765772859325,160.3699951171875,157.16259521484375,-0.020000000000000018,-40.00000000000003,0,0,SL,SL
BLK,2021-11-30,2021-12-01,2021-12-01,-0.025204529912705165,0.022127090578511213,1.1390801616360091,2.048128601171743,-0.039120757064709744,0.0009070250463820706,0.06207706914559297,-0.028053285509340498,-0.016011493848312464,-0.051015422419293466,3.0,-0.019457539941216462,0.007046049386869591,2.308765772859325,820.4320319622925,804.0233913230467,-0.020000000000000018,-40.000000000000036,0,0,SL,SL
COST,2021-11-30,2021-12-01,2021-12-01,-0.027934055957921422,0.019031098831718836,1.4678109868970974,2.0486556933919005,0.028710215702267172,0.10842472805855374,0.30199418986468274,-0.018827595661204954,-0.0005001476910215796,0.03748884693028676,2.0,-0.019457539941216462,0.007046049386869591,2.308765772859325,515.5135416999035,505.20327086590544,-0.020000000000000018,-40.000000000000036,0,0,SL,SL
LLY,2021-11-30,2021-12-01,2021-12-03,-0.026645305087950044,0.022103881176713615,1.2054582122899216,2.8192067176103643,-0.04760527145861493,0.009414163143303789,0.10843632021827232,-0.05328244784895941,-0.04761190350448241,-0.04020430002367359,3.0,-0.019457539941216462,0.007046049386869591,2.308765772859325,239.14550093855223,234.36259091978118,-0.020000000000000018,-40.000000000000036,2,2,SL,SL
NEE,2021-11-30,2021-12-01,2021-12-07,-0.02120483457841882,0.0165005853218851,1.285095902040176,2.5731830026167883,0.0074912362045185255,0.043465795427271914,0.11365110258869837,-0.004930781369548609,-0.0022397064257427823,-0.0020111118726940935,3.0,-0.019457539941216462,0.007046049386869591,2.308765772859325,76.39761732539682,79.4535220184127,0.040000000000000036,80.00000000000007,4,4,TP,TP
NVDA,2021-11-30,2021-12-01,2021-12-01,-0.02097332357723236,0.05222271540981587,0.401613041616947,1.1797830908744356,0.06726399050524767,0.2825985745363735,0.6968872953139744,6.1026505650429996e-05,0.022530830559770676,0.08829290950840041,3.0,-0.019457539941216462,0.007046049386869591,2.308765772859325,33.114388375070114,32.45210060756871,-0.020000000000000018,-40.000000000000036,0,0,SL,SL
PEP,2021-11-30,2021-12-01,2021-12-08,-0.026562586197385163,0.01538721559755645,1.7262763382351909,1.942825777545172,-0.02232767385959189,0.0031492439117908333,0.07330293954910228,-0.02418489469591134,-0.02662186424220736,-0.024541982002293627,3.0,-0.019457539941216462,0.007046049386869591,2.308765772859325,139.6287961211546,144.0764617919922,0.03185349866497722,63.70699732995444,5,5,TIME,TIME
UPS,2021-11-30,2021-12-01,2021-12-01,-0.030638995310514172,0.020694021802292527,1.4805722929662672,2.5100872459165426,-0.048903083548443194,0.0008777277471159195,0.03408222900608138,-0.04844817286245784,-0.059322741918213184,-0.05753554518826931,4.0,-0.019457539941216462,0.007046049386869591,2.308765772859325,159.363702311891,156.17642826565316,-0.02000000000000013,-40.000000000000256,0,0,SL,SL
AMD,2021-12-03,2021-12-06,2021-12-06,-0.0442659841595372,0.054009163084291406,0.8196013719089082,1.0083339389048462,-0.04281449307230234,0.12355952357696842,0.4566356738603641,-0.0906737453627231,-0.0697629560240135,-0.07102315483280441,3.0,-0.008701363390544503,0.0002522853447253226,1.795699315594564,141.13999938964844,138.31719940185548,-0.019999999999999907,-39.999999999999815,0,0,SL,SL
NVDA,2021-12-03,2021-12-06,2021-12-06,-0.044605572501252855,0.05816962065846754,0.7668190370906224,1.0508853828807958,-0.015810143714897418,0.1784540338913394,0.5738200152955932,-0.060571494162134365,-0.025592471183952248,-0.030883501248603284,3.0,-0.008701363390544503,0.0002522853447253226,1.795699315594564,29.785902441906565,29.19018439306843,-0.020000000000000018,-40.000000000000036,0,0,SL,SL
TSLA,2021-12-03,2021-12-06,2021-12-06,-0.06419876077133224,0.06266123921377369,1.0245370435830863,1.0830929070507151,-0.07326109690476212,0.034123834081515314,0.35317786058996536,-0.1133774829988119,-0.061880767529243985,-0.07425342951166614,3.0,-0.008701363390544503,0.0002522853447253226,1.795699315594564,333.836669921875,327.15993652343747,-0.02000000000000013,-40.000000000000256,0,0,SL,SL
AMD,2021-12-06,2021-12-07,2021-12-07,-0.0343725931328136,0.057827060428768506,0.594403258231565,1.0201419856031448,-0.07655019000162666,0.07933825506427827,0.40275838484982107,-0.06739992630018221,-0.1411278215470947,-0.1052056220207267,4.0,0.011843512394517086,0.0114347643046806,1.2671973931280907,143.89999389648438,141.0219940185547,-0.019999999999999907,-39.999999999999815,0,0,SL,SL
NVDA,2021-12-06,2021-12-07,2021-12-07,-0.021372961386661005,0.06243198903854364,0.34233990804723485,1.2962241313546778,-0.03729071844149734,0.1462616361709812,0.5340105983210768,-0.04447263698277648,-0.09993169123981716,-0.08926239659784363,4.0,0.011843512394517086,0.0114347643046806,1.2671973931280907,30.859514259780514,32.093894830171735,0.040000000000000036,80.00000000000009,0,0,TP,TP
PFE,2021-12-06,2021-12-07,2021-12-13,-0.051409769581136744,0.04034855925075616,1.2741413952760479,1.2654903256793202,0.005802632150747833,0.11672952919212465,0.24737819539508354,-0.058522416566297975,-0.017557552644544505,0.013385764150549928,2.0,0.011843512394517086,0.0114347643046806,1.2671973931280907,39.68073346699033,41.267962805669946,0.040000000000000036,80.00000000000006,4,4,TP,TP
COST,2021-12-08,2021-12-09,2021-12-10,-0.021973499596233736,0.025210395155209807,0.8716047273734558,1.3395308224388502,-0.003136658539002468,0.06911196018149357,0.26287225014411697,0.002230905733625832,0.0005097113359073813,-0.027785072918849574,2.0,0.0026477878477970673,0.032293230172047105,0.8872816127421849,501.9400353223017,522.0176367351938,0.040000000000000036,80.00000000000007,1,1,TP,TP
AAPL,2021-12-13,2021-12-14,2021-12-16,-0.020674244158665922,0.02879255555247511,0.7180413048430739,1.3839870091978141,0.07442535810763529,0.14412028153662004,0.25431304760211937,0.003769611925996008,0.06302902069904959,0.09672970812454906,2.0,-0.00885829017396178,0.021055955563653583,1.0340446134755128,171.1833022083099,167.7596361641437,-0.020000000000000018,-40.000000000000036,2,2,SL,SL
NVDA,2021-12-13,2021-12-14,2021-12-15,-0.06745477563915525,0.06346166129024072,1.0629216800778678,1.1640889689231724,-0.09946812248832881,0.03609531851830261,0.4081211038158912,-0.11515751037488087,-0.06245637307030261,-0.15614669332049946,4.0,-0.00885829017396178,0.021055955563653583,1.0340446134755128,27.611769480974516,28.716240260213496,0.040000000000000036,80.00000000000007,1,1,TP,TP
COST,2021-12-14,2021-12-15,2021-12-22,-0.021320215662412267,0.02924258371832544,0.729081119089061,1.244245046199861,0.013029063128719987,0.08240751672719027,0.2858592465878158,0.04006986769323717,0.006124886275753916,0.011049466559080567,4.0,-0.006880250107708874,0.012492209473530691,1.1134902193921727,518.4656809748853,521.7498168945312,0.006334336177219457,12.668672354438915,5,5,TIME,TIME
MSFT,2021-12-14,2021-12-15,2021-12-17,-0.03258701058954405,0.025942206165955863,1.256138756321666,1.5102367069623472,-0.019405053943751582,0.01592990669073613,0.17037730212537472,-0.014290381987479117,-0.01964679328021901,-0.006806183344120087,3.0,-0.006880250107708874,0.012492209473530691,1.1134902193921727,315.95294877643335,309.6338898009047,-0.020000000000000018,-40.000000000000036,2,2,SL,SL
AAPL,2021-12-16,2021-12-17,2021-12-23,-0.0392642227300567,0.03447035577075659,1.1390721636638008,1.23723160471672,0.030654270043644294,0.10644449577652404,0.22248219017073012,-0.019802251264307236,-0.013176165902799242,0.05190500815071375,3.0,-0.008818391065347209,0.01617798668407122,1.2376128404962572,165.98669687061619,172.62616474544083,0.040000000000000036,80.00000000000007,4,4,TP,TP
AMD,2021-12-16,2021-12-17,2021-12-17,-0.053651881299328075,0.06072252177810552,0.8835581877739657,1.1270275886961816,-0.06003594533895129,0.02817849092717184,0.3672455659305547,0.03617336492898571,0.003910161203961593,-0.07990439256284887,2.0,-0.008818391065347209,0.01617798668407122,1.2376128404962572,136.3000030517578,141.75200317382814,0.040000000000000036,80.00000000000007,0,0,TP,TP
AVGO,2021-12-16,2021-12-17,2021-12-20,-0.029975183097305957,0.033355144932372224,0.8986674516954083,1.7143155049547039,0.07043787029367388,0.13083903589284174,0.2707728994021086,-0.001576341626780775,0.06386480566741581,0.12350439577981054,3.0,-0.008818391065347209,0.01617798668407122,1.2376128404962572,56.630882565520864,58.8961178681417,0.040000000000000036,80.00000000000007,1,1,TP,TP
HD,2021-12-16,2021-12-17,2021-12-17,-0.02030372494857835,0.023308226106768297,0.8710969618868811,1.1287013891934297,-0.018497085137358482,0.05232141762638398,0.20636381420836614,-0.014090421332642822,-0.028711025940760138,-0.02020754269021441,3.0,-0.008818391065347209,0.01617798668407122,1.2376128404962572,353.75565938156507,346.68054619393376,-0.020000000000000018,-40.000000000000036,0,0,SL,SL
MSFT,2021-12-16,2021-12-17,2021-12-23,-0.0291349826745384,0.028496706637466302,1.0223982386874462,1.1320254194229011,-0.02699651809780379,0.0004112704342049689,0.1538379705422983,-0.04272252327319637,-0.024617587064446722,-0.013930717958953731,3.0,-0.008818391065347209,0.01617798668407122,1.2376128404962572,308.52067208536005,320.86149896877447,0.040000000000000036,80.00000000000007,4,4,TP,TP
NVDA,2021-12-16,2021-12-17,2021-12-20,-0.06802613656800904,0.06897171734112038,0.9862903113107263,1.2547694707044963,-0.08889794410584684,0.024576326234062362,0.40236932970977635,0.008025083336855143,-0.06897359738023978,-0.11638569182537895,3.0,-0.008818391065347209,0.01617798668407122,1.2376128404962572,27.896868119225253,27.338930756840746,-0.02000000000000013,-40.00000000000026,1,1,SL,SL
CVX,2021-12-17,2021-12-20,2021-12-22,-0.026063144250984105,0.02345950336437114,1.1109844844613044,1.9080508211337204,-0.01650983227101044,0.004149140700399734,0.09513682073138585,-0.02254346385064221,-0.04005402040164996,-0.007079797146991917,3.0,-0.010642960348837494,0.0043639755097355515,1.3766948660077518,92.59972505357672,96.3037140557198,0.040000000000000036,80.00000000000007,2,2,TP,TP
HD,2021-12-17,2021-12-20,2021-12-23,-0.028909056015447798,0.024744683317437684,1.1682936348219686,2.502689305696818,-0.044971202501661534,0.01911409113289908,0.16902431796247996,-0.03535577107040533,-0.06600885075399587,-0.048625819442165485,4.0,-0.010642960348837494,0.0043639755097355515,1.3766948660077518,342.4560551807614,356.15429738799185,0.040000000000000036,80.00000000000009,3,3,TP,TP
JNJ,2021-12-17,2021-12-20,2021-12-28,-0.027628222036524375,0.018996079238424075,1.4544170767954971,1.7975284547952683,0.030492922182256743,0.03612743821368358,0.024649521633711258,-0.012096999554317311,0.0165570314955521,0.05552798858278907,1.0,-0.010642960348837494,0.0043639755097355515,1.3766948660077518,146.89643812426624,149.11990356445312,0.015136278786460178,30.272557572920356,5,5,TIME,TIME
LLY,2021-12-17,2021-12-20,2021-12-20,-0.04164278713389025,0.031643655635132696,1.3159916671465706,1.9018918844352815,0.05006896614133316,0.06094869302314598,0.1774490926611012,0.0723394858723061,0.09535499438480843,0.08893241273507368,1.0,-0.010642960348837494,0.0043639755097355515,1.3766948660077518,258.1187741610346,252.9563986778139,-0.020000000000000018,-40.00000000000004,0,0,SL,SL
LOW,2021-12-17,2021-12-20,2021-12-28,-0.02033631159172733,0.02525293886805367,0.8053047488050534,2.5161756267437028,-0.016417465430351497,0.04126107019913716,0.2093240702881385,-0.017309596954655282,-0.050845517787446726,-0.0024126828640111952,4.0,-0.010642960348837494,0.0043639755097355515,1.3766948660077518,223.39176082282484,231.40846252441406,0.03588629084645323,71.77258169290646,5,5,TIME,TIME
ORCL,2021-12-17,2021-12-20,2021-12-20,-0.06394117457954152,0.040179462055435294,1.5913895136605456,2.2372054748665686,0.026403662745755563,0.01694126265263418,0.13993972191238746,-0.03273586538676054,-0.05855975011328296,0.09496834007694899,4.0,-0.010642960348837494,0.0043639755097355515,1.3766948660077518,90.44870250743207,88.63972845728343,-0.02000000000000013,-40.000000000000256,0,0,SL,SL
PEP,2021-12-17,2021-12-20,2021-12-28,-0.020486473953221118,0.017809648095229197,1.1503020072984476,1.9209596100449722,0.01873447299270814,0.03791506908942033,0.11905735887098556,-0.006434508111979986,-0.003964883001613018,0.021795990004670474,2.0,-0.010642960348837494,0.0043639755097355515,1.3766948660077518,144.63017883554392,149.1293487548828,0.03110809898433997,62.21619796867994,5,5,TIME,TIME
PFE,2021-12-17,2021-12-20,2021-12-21,-0.02889797995999588,0.040938142935222334,0.7058937677198018,2.0396914507641934,0.10576091073251437,0.22843305378181422,0.4068933674292694,0.07093954959706084,0.12694176626506803,0.09600112646115155,1.0,-0.010642960348837494,0.0043639755097355515,1.3766948660077518,46.9200492535993,45.981648268527316,-0.020000000000000018,-40.00000000000004,1,1,SL,SL
PFE,2021-12-21,2021-12-22,2021-12-28,-0.033923383148206976,0.0415849157016445,0.8157617389823266,1.1984802365744178,0.07790346998388387,0.19955313779225836,0.3856654721641597,-0.03755075518829476,0.06139719563781654,0.13979113616140126,2.0,0.017759249065330884,0.009191036122345952,0.6926895646060036,45.87480166616754,44.95730563284419,-0.020000000000000018,-40.000000000000036,3,3,SL,SL
AMT,2022-01-03,2022-01-04,2022-01-05,-0.020922926480495985,0.01908727188317373,1.0961716587135988,1.0092563058781174,0.026507000902931788,0.04544323405597561,0.07199121070213921,-0.008653918845488495,0.0021695710731770568,0.032067711520497255,1.0,0.0057898853495217395,0.02988765348883904,0.906543096638054,248.01198834981085,243.05174858281464,-0.020000000000000018,-40.000000000000036,1,1,SL,SL
PFE,2022-01-03,2022-01-04,2022-01-04,-0.0406436000109468,0.03942759142746136,1.0308415639774153,1.1707232836526014,-0.0033867219383898473,0.09289726456647318,0.30222701108024186,-0.016151492027874803,-0.04307455565260487,-0.04757894855424094,3.0,0.0057898853495217395,0.02988765348883904,0.906543096638054,43.528789151575296,42.65821336854379,-0.020000000000000018,-40.000000000000036,0,0,SL,SL
PLD,2022-01-03,2022-01-04,2022-01-04,-0.0205513050504178,0.020302360054370465,1.0122618747466132,1.2895928450575298,0.017155880148882918,0.0713361539670776,0.2668917042952863,-0.01657929970981875,-0.005967880344551979,0.02307973053991841,2.0,0.0057898853495217395,0.02988765348883904,0.906543096638054,143.37999388858276,140.5123940108111,-0.020000000000000018,-40.000000000000036,0,0,SL,SL
AMD,2022-01-04,2022-01-05,2022-01-05,-0.03873806650308964,0.05088826744246895,0.7612376771695842,1.510076875990511,0.006909323139317358,0.01042184225752929,0.37077314680566853,-0.0050292508317958395,-0.057002912670305106,0.06347566217581124,4.0,-0.0003349905657450414,0.028389037289309416,0.9036300553759639,142.82000732421875,139.96360717773436,-0.02000000000000013,-40.000000000000256,0,0,SL,SL
PFE,2022-01-04,2022-01-05,2022-01-06,-0.03742275018642238,0.042375127224264994,0.8831300963031266,1.3523430444256128,-0.04324954818036153,0.04725197549445759,0.2506897368015961,-0.06626730607331421,-0.05998977588394483,-0.10635882469970259,3.0,-0.0003349905657450414,0.028389037289309416,0.9036300553759639,43.234573017088046,42.369881556746286,-0.020000000000000018,-40.00000000000003,1,1,SL,SL
PLD,2022-01-04,2022-01-05,2022-01-05,-0.023650367845755804,0.02137088591047863,1.1066629593562844,1.5513552659947922,-0.008450685251315648,0.04361603710916673,0.2341434622851537,-0.041495515261984806,-0.028891883615121627,-0.0024162562080300987,2.0,-0.0003349905657450414,0.028389037289309416,0.9036300553759639,140.61140910300773,137.79918092094758,-0.020000000000000018,-40.000000000000036,0,0,SL,SL
TSLA,2022-01-04,2022-01-05,2022-01-05,-0.041832696836128,0.05280455168235192,0.792217630930273,1.4131448807482845,0.1182036698000164,0.07295822091554638,0.4604457733573646,0.07404186497147758,0.05615218107165498,0.2774072979512694,4.0,-0.0003349905657450414,0.028389037289309416,0.9036300553759639,382.2166748046875,374.57234130859376,-0.020000000000000018,-40.000000000000036,0,0,SL,SL
UNH,2022-01-04,2022-01-05,2022-01-06,-0.022656775515447758,0.016322782862276758,1.3880461258728962,1.4199938594467325,0.003339674101428658,0.053135346356169455,0.1728651087898887,-0.026822284277009834,-0.023939215552489346,0.014822293174413081,3.0,-0.0003349905657450414,0.028389037289309416,0.9036300553759639,456.286639908868,447.16090711069063,-0.020000000000000018,-40.000000000000036,1,1,SL,SL
AVGO,2022-01-05,2022-01-06,2022-01-07,-0.04161464276730775,0.025470216443817556,1.6338550894964605,1.2387348683616108,0.0019363879137312967,0.09550973153932185,0.28832328972615384,-0.033678387801434506,-0.04402247230643974,-0.005013617829772721,3.0,-0.01920212520661224,0.00801553102426067,1.319561646954976,59.08171308653086,57.90007882480025,-0.019999999999999907,-39.999999999999815,1,1,SL,SL
COST,2022-01-05,2022-01-06,2022-01-07,-0.025362102889130655,0.020152312157213755,1.258520743985796,1.0637337700014182,-0.007715778444380317,0.0307022109023396,0.2451649194476644,-0.03131949596488748,-0.031439184465495984,0.008231975555063276,4.0,-0.01920212520661224,0.00801553102426067,1.319561646954976,518.4561129768367,508.08699071729995,-0.020000000000000018,-40.000000000000036,1,1,SL,SL
GS,2022-01-05,2022-01-06,2022-01-06,-0.02171890493688,0.02396961398558742,0.906101573014036,1.341172559615615,0.025009977232208103,0.009265046345932948,0.05667725051229078,0.04203357139030883,0.03218533611429897,0.048143513829386864,3.0,-0.01920212520661224,0.00801553102426067,1.319561646954976,357.11164722346393,349.96941427899463,-0.020000000000000018,-40.000000000000036,0,0,SL,SL
MS,2022-01-05,2022-01-06,2022-01-06,-0.02474589533392313,0.023364609998729555,1.0591186985474477,1.2434278863671657,0.023926569349174587,0.020463736926591425,0.08528417105788155,0.035859753940689076,0.029879628013124382,0.039992021206506356,2.0,-0.01920212520661224,0.00801553102426067,1.319561646954976,89.40791046286817,87.61975225361081,-0.020000000000000018,-40.00000000000004,0,0,SL,SL
PLD,2022-01-05,2022-01-06,2022-01-07,-0.020807671226098057,0.021603004732669656,0.9631841257078078,1.381301314482826,-0.028777726629434675,0.02016500634772278,0.20597325505731856,-0.06361367780464244,-0.059816305372781264,-0.019528551772127867,3.0,-0.01920212520661224,0.00801553102426067,1.319561646954976,137.4934955766023,134.74362566507025,-0.020000000000000018,-40.000000000000036,1,1,SL,SL
TSLA,2022-01-05,2022-01-06,2022-01-06,-0.05347121367683638,0.058336537806460496,0.9165990250267252,1.110590607099661,0.05654309693155479,0.014387990524645566,0.37862380878614865,0.029656092045157623,0.0017768744356394528,0.15938758687964882,4.0,-0.01920212520661224,0.00801553102426067,1.319561646954976,359.0,351.82,-0.020000000000000018,-40.000000000000036,0,0,SL,SL
UNH,2022-01-06,2022-01-07,2022-01-07,-0.04092393834419272,0.01874799589639954,2.1828433593828533,2.2150922420070724,-0.04261221236204171,0.005039713139977531,0.11904756407000905,-0.0649639787726759,-0.06894917111987064,-0.04954185443961168,4.0,-0.0009394014726015198,0.00648045447497303,1.0863683806014626,431.31290477327224,422.6866466778068,-0.020000000000000018,-40.000000000000036,0,0,SL,SL
LOW,2022-01-07,2022-01-10,2022-01-10,-0.025990110107024678,0.017870641368048293,1.4543468010887142,1.3903120928055461,-0.01173874037145517,0.014357540121905155,0.19110182117481633,-0.03356297079908588,-0.0285901449572884,0.003998538606539315,3.0,-0.003953548850726074,0.0019091298031232995,1.0488776936215731,225.8240857111797,221.3076039969561,-0.020000000000000018,-40.000000000000036,0,0,SL,SL
UPS,2022-01-10,2022-01-11,2022-01-14,-0.029473733768088595,0.019158491715888105,1.538416186679564,1.1765384916659452,0.002260345949292919,0.013903599821355916,0.06523219560851579,-0.013189957603131464,-0.008290397139076533,-0.01571285789623622,2.0,-0.00124435440816828,0.00028419607893037657,1.4336828877752354,167.7888157491327,164.43303943415006,-0.020000000000000018,-40.000000000000036,3,3,SL,SL
V,2022-01-10,2022-01-11,2022-01-13,-0.02299986153051581,0.021344014603867714,1.0775789820884043,1.533166602243958,-0.018489366331682744,0.008852302125793354,-0.057817610170756706,-0.03650010225528266,-0.04272237802411882,-0.026007586342606026,4.0,-0.00124435440816828,0.00028419607893037657,1.4336828877752354,203.91881801592925,212.07557073656642,0.040000000000000036,80.00000000000007,2,2,TP,TP
MS,2022-01-12,2022-01-13,2022-01-14,-0.027095912532904887,0.023975864586560865,1.1301328648683182,1.3541282687000047,0.025169015169818287,0.03268715353892482,0.09224700857361623,-0.009610966512928032,0.013473492231775186,0.04375570318082245,1.0,0.0027035183644334992,0.011050769620004841,0.8335900589748685,88.81541531896005,87.03910701258084,-0.020000000000000018,-40.000000000000036,1,1,SL,SL
BAC,2022-01-18,2022-01-19,2022-01-19,-0.034439727024885625,0.025662414523154688,1.3420298777346669,1.387195770359923,-0.002619644178456393,0.009517174257255956,0.09323044394913738,-0.053213466346976324,-0.05456801993432003,0.001732291733495428,4.0,-0.017709612274034003,-0.020015554987255713,1.4157625045690687,43.24015109375372,42.37534807187864,-0.020000000000000018,-40.000000000000036,0,0,SL,SL
DUK,2022-01-18,2022-01-19,2022-01-26,-0.02085745219578361,0.015573082350890161,1.339327162460641,1.2789788088731748,-0.01817263439808625,0.0009839122946808665,0.012108757272448756,-0.016888805352475833,-0.02572686707477234,-0.0156535752968866,3.0,-0.017709612274034003,-0.020015554987255713,1.4157625045690687,84.84773761512365,84.9060287475586,0.0006870086825339072,1.3740173650678145,5,5,TIME,TIME
BA,2022-01-19,2022-01-20,2022-01-21,-0.03524284640405306,0.03182499708668553,1.1073951179966468,1.0215851620384233,0.02916879071543077,0.037608781899932,-0.032071864364915714,-0.030459992190007723,0.004906941661091624,0.01614940256231656,2.0,-0.010383518694355054,-0.029560424062432755,1.4092053825971558,217.3800048828125,213.03240478515625,-0.020000000000000018,-40.000000000000036,1,1,SL,SL
CAT,2022-01-19,2022-01-20,2022-01-20,-0.031036946717956093,0.023119396524501765,1.3424635320849905,1.5445452646724374,0.035171485752022,0.07242215142094155,0.048949773958416154,-0.018786114007650623,0.012664501830546682,0.021347898629976214,1.0,-0.010383518694355054,-0.029560424062432755,1.4092053825971558,204.97206747406054,200.8726261245793,-0.020000000000000018,-40.00000000000003,0,0,SL,SL
GE,2022-01-19,2022-01-20,2022-01-20,-0.022062414559348653,0.022382642116807617,0.985693040357443,1.1203011531358296,0.025207397360633044,0.020118695559856237,-0.026048725844101228,-0.01795824455014139,-0.01149418217548348,0.012579439383057611,2.0,-0.010383518694355054,-0.029560424062432755,1.4092053825971558,61.06970238843755,59.848308340668794,-0.020000000000000018,-40.00000000000004,0,0,SL,SL
CAT,2022-01-20,2022-01-21,2022-01-21,-0.02269219369232378,0.02460066911259679,0.9224218084663488,1.0764025398193953,0.007147587221038032,0.04774035622724604,0.025369287843162613,-0.049178034070536,-0.021217656338140434,-0.009414304504943627,2.0,-0.011068126909007936,-0.03945378461734117,1.5253421106571232,201.6621335501588,197.62889087915562,-0.02000000000000013,-40.000000000000256,0,0,SL,SL
COP,2022-01-21,2022-01-24,2022-01-24,-0.033983476436104554,0.032812930928988474,1.035673299335841,1.495193488219596,0.04580686393611133,0.1089727857508318,0.3097323407690129,-0.05473692444079015,-0.010763287586733283,0.05389223210293914,3.0,-0.01963059665409539,-0.05718427066463583,2.314314862688556,68.18111872214271,66.81749634769986,-0.020000000000000018,-40.00000000000003,0,0,SL,SL
MA,2022-01-21,2022-01-24,2022-01-24,-0.02450554829682805,0.030917553671861872,0.7926095498018202,1.1823623439785056,-0.027729098044984135,0.012500136695374753,-0.012973637088437906,-0.030630643122647627,-0.0390777440621749,-0.04032429726328324,3.0,-0.01963059665409539,-0.05718427066463583,2.314314862688556,333.4432703054148,326.7744048993065,-0.020000000000000018,-40.000000000000036,0,0,SL,SL
CVX,2022-01-28,2022-01-31,2022-02-01,-0.035162893853100896,0.025747300908744584,1.365692426469389,1.7108839305010708,0.029718379462615685,0.08638690350056266,0.2227496969396452,-0.014933290997388271,0.029154301512358316,0.030047294439558003,1.0,0.02483550323307626,-0.04277273672414572,1.3715333853900447,107.77362655503,112.0845716172312,0.040000000000000036,80.00000000000007,1,1,TP,TP
GOOGL,2022-02-03,2022-02-04,2022-02-04,-0.03317562016867348,0.03665674170723769,0.9050346163778958,1.556593507047526,0.05182038592807836,0.01298181566469947,0.06550062933300826,0.05754852512363584,0.10918175348358328,0.07338307897556628,1.0,-0.023504877054734474,-0.030140193309337815,0.9095161495903322,142.1837422499907,139.3400674049909,-0.020000000000000018,-40.000000000000036,0,0,SL,SL
MRK,2022-02-03,2022-02-04,2022-02-08,-0.03658100712291068,0.02370405609836281,1.543238295214685,1.3623772671485068,-0.020917347417916954,0.01845923255951165,0.03532476275970997,-0.0303138696790064,-0.0194834819460753,-0.021547991563557578,1.0,-0.023504877054734474,-0.030140193309337815,0.9095161495903322,68.41632453700858,67.0479980462684,-0.020000000000000018,-40.000000000000036,2,2,SL,SL
MA,2022-02-04,2022-02-07,2022-02-07,-0.02017581467890528,0.04137509533070955,0.48763185964021993,1.0477496104778428,0.037421349463656606,0.07670267292933075,0.06369391086844756,-0.025149001367560264,-0.0008105632730329715,0.07637730651132091,2.0,0.004702174095550182,-0.024823673265718327,0.9018506590022233,372.01751378120105,364.577163505577,-0.020000000000000018,-40.000000000000036,0,0,SL,SL
XOM,2022-02-08,2022-02-09,2022-02-10,-0.025852541240370175,0.03249262953396707,0.795643246212022,1.0485056270165154,0.06300403387641507,0.18675839073977807,0.3177989649555537,0.007278896278176683,-0.007051929001059443,0.07113286534631613,3.0,0.00822795696803813,-0.018805570652061898,0.6260757634210761,68.43359332742416,67.06492146087568,-0.020000000000000018,-40.000000000000036,1,1,SL,SL
BA,2022-02-11,2022-02-14,2022-02-18,-0.029485700334821452,0.037726254206781135,0.7815697835572958,1.088292465821167,0.017832450625091756,0.028428824101150996,-0.0394008418860875,-0.004548230887002291,0.028336188859243494,0.11402631522477513,1.0,-0.019718767567823536,-0.040834955934617057,1.1180461801016814,213.0,208.74,-0.019999999999999907,-39.999999999999815,4,4,SL,SL
BAC,2022-02-11,2022-02-14,2022-02-14,-0.023038016151442187,0.027545913297063074,0.8363496938000775,1.069212677987591,0.022489445038229805,0.040788650760677614,0.11369593867846173,-0.02956691892633978,-0.007456556400636027,0.04469138456627331,3.0,-0.019718767567823536,-0.040834955934617057,1.1180461801016814,42.90951875482907,42.05132837973249,-0.020000000000000018,-40.000000000000036,0,0,SL,SL
COP,2022-02-22,2022-02-23,2022-02-24,-0.020082779123413053,0.0381308010675307,0.5266812802554527,1.0592742071445431,-0.026802554791797717,0.07286827295610232,0.31113772196532175,-0.026383227515098362,-0.04063352500130535,-0.05022841831225211,3.0,-0.010731543721913206,-0.05916232684646061,0.9931440598525307,74.7226756267444,73.22822211420952,-0.020000000000000018,-40.000000000000036,1,1,SL,SL
KO,2022-03-07,2022-03-08,2022-03-08,-0.02381333944099573,0.02234775129790329,1.0655810118680684,1.3919513265399184,-0.009607120373559597,0.004830112580625157,0.08464549770253904,-0.021624121356977,-0.018637511713793575,-0.023345017287729974,2.0,-0.029479421089504187,-0.06933141460502878,1.1331473578197806,53.815253165537264,52.738948102226516,-0.020000000000000018,-40.00000000000003,0,0,SL,SL
UNH,2022-03-07,2022-03-08,2022-03-15,-0.02362376220671869,0.02481598909268665,0.9519573093977821,1.3075375338712567,0.017038416167764803,0.019205580052789273,0.11525179064048108,0.003069776517242495,0.02311553637582331,0.04074312247906886,1.0,-0.029479421089504187,-0.06933141460502878,1.1331473578197806,441.5588053647628,459.22115757935336,0.040000000000000036,80.00000000000007,5,5,TP,TP
COP,2022-03-08,2022-03-09,2022-03-09,-0.024390317478174883,0.039278443830992556,0.620959363439184,1.7041742448292947,0.06052529287750397,0.13672884548818343,0.4314548243298466,0.014269539434452083,0.018976835146806703,0.12490057673930988,2.0,-0.007581804998050945,-0.07415448589705431,1.3107529860964773,80.9721875788694,79.352743827292,-0.020000000000000018,-40.000000000000036,0,0,SL,SL
JNJ,2022-03-08,2022-03-09,2022-03-16,-0.02026593196071469,0.022336344276840333,0.9073074675755077,1.288406684444651,0.01601447243454812,0.005324847205653072,0.021213347417271544,0.0014244172210149397,0.028780333614712772,0.04703955984827979,1.0,-0.007581804998050945,-0.07415448589705431,1.3107529860964773,149.77759605475396,155.76869989694413,0.040000000000000036,80.00000000000007,5,5,TP,TP
NEE,2022-03-08,2022-03-09,2022-03-09,-0.026490676634636112,0.02809430441556409,0.9429198261253418,1.382952332985033,0.07193256697314654,0.022258311868422975,0.019150714766937638,0.04010678972305182,0.05823871433907879,0.11688658386544293,1.0,-0.007581804998050945,-0.07415448589705431,1.3107529860964773,72.74131261187341,71.28648635963594,-0.020000000000000018,-40.000000000000036,0,0,SL,SL
COP,2022-03-09,2022-03-10,2022-03-14,-0.026214695718806524,0.043142201326787685,0.6076346341309524,1.2204599313887865,0.02977422527273621,0.10095917476701222,0.3897719257218757,-0.04049078237303294,-0.018665969662541082,0.09044508617365032,3.0,0.026810850132548136,-0.04721890729076694,0.9175218655988278,82.60248961647255,80.9504398241431,-0.020000000000000018,-40.000000000000036,2,2,SL,SL
CVX,2022-03-09,2022-03-10,2022-03-14,-0.024980997370117275,0.035029082830606156,0.7131501983914489,1.915842757966595,0.15307418257471306,0.24427085475048727,0.49504251270530597,0.04803018179974372,0.07869450874614192,0.22663214126776943,1.0,0.026810850132548136,-0.04721890729076694,0.9175218655988278,141.15260645343642,138.32955432436768,-0.02000000000000013,-40.000000000000256,2,2,SL,SL
XOM,2022-03-09,2022-03-10,2022-03-14,-0.05684651517716588,0.038738293833865504,1.4674501520629681,1.7288173548526973,0.03735823285594608,0.10999619342342148,0.324334311465146,-0.015459383996432985,0.02806405998586503,0.07841613812177561,1.0,0.026810850132548136,-0.04721890729076694,0.9175218655988278,72.24308922576124,70.79822744124601,-0.020000000000000018,-40.000000000000036,2,2,SL,SL
CVX,2022-03-15,2022-03-16,2022-03-21,-0.05062378040741433,0.045597323885241736,1.1102357790738566,1.0964530046556524,0.052722477363523534,0.14999815880051037,0.40635986797738477,-0.07341088349045333,-0.07183496839027781,0.057173291344369215,3.0,0.021990658910866934,-0.04071270835056695,0.8732286080402659,132.82930687818205,138.14247915330935,0.040000000000000036,80.00000000000007,3,3,TP,TP
XOM,2022-03-15,2022-03-16,2022-03-16,-0.05691265338796858,0.04777630367548198,1.1912318243484212,1.23374274668475,-0.040220870933648234,0.01165005597698765,0.2250159808361465,-0.09536088447927904,-0.1203007891166088,-0.024630764894775226,4.0,0.021990658910866934,-0.04071270835056695,0.8732286080402659,66.9114868433835,65.57325710651583,-0.020000000000000018,-40.000000000000036,0,0,SL,SL
NVDA,2022-03-23,2022-03-24,2022-03-24,-0.03355429605744975,0.053798534945212306,0.6237027846877427,1.001357592170936,0.07667740158739211,0.05293229158357704,0.07390654621868187,-0.03096031811003852,0.04645654637513097,0.11384382198660425,2.0,-0.01287846626631206,0.009283411194314528,0.6719705567180981,26.08804154718275,27.131563209070062,0.040000000000000036,80.00000000000007,0,0,TP,TP
COP,2022-03-29,2022-03-30,2022-04-01,-0.02714986138719755,0.034518920600431005,0.7865211575259556,1.0780283088489826,0.006844621992810218,0.07387434280075977,0.3934101852329308,-0.03682795634232361,-0.010612191925287395,0.059337042489299385,2.0,0.012370798866577548,0.05173527788189758,0.8480995572091915,86.3070879152055,84.58094615690139,-0.020000000000000018,-40.00000000000004,2,2,SL,SL
GOOGL,2022-03-31,2022-04-01,2022-04-06,-0.02022705712153472,0.022900257321444493,0.8832676785074154,1.1465727180226783,0.029382219607935633,0.03007952255697366,0.00892112906500464,-0.016881586105567892,-0.01769061432510033,0.03906555879910467,3.0,-0.01539115460445395,0.028923156432282493,1.2049999717809963,138.27389064424523,135.50841283136032,-0.020000000000000018,-40.000000000000036,3,3,SL,SL
UNH,2022-03-31,2022-04-01,2022-04-06,-0.020832430599741936,0.020509615171714384,1.0157397116096434,1.244021681368902,0.019295561592449273,0.05473733524411184,0.14760565570366535,-0.006293895028544272,-0.006796995588767452,0.005818393651696008,3.0,-0.01539115460445395,0.028923156432282493,1.2049999717809963,472.3528231006557,491.24693602468193,0.040000000000000036,80.00000000000009,3,3,TP,TP
UPS,2022-03-31,2022-04-01,2022-04-01,-0.026067054518575383,0.02341427721097696,1.1132974246309326,1.0164308648516032,0.0054620314219782085,0.011506810034840331,0.06006797452162882,-0.02318371650911899,-0.0009315404086341905,-0.03535429448590466,2.0,-0.01539115460445395,0.028923156432282493,1.2049999717809963,171.72491768607168,168.29041933235024,-0.020000000000000018,-40.00000000000004,0,0,SL,SL
CAT,2022-04-05,2022-04-06,2022-04-13,-0.021692838147255977,0.022461574608027276,0.9657754866171951,1.0929683697925645,-0.01507799583333469,0.043369189139033315,0.05059755798463428,-0.030517912631649713,-0.022710871936179267,-0.030039121090486676,3.0,-0.012631454221516125,0.02565067686301381,0.8128053379706026,199.44625528422685,202.36676025390625,0.01464306745452526,29.286134909050517,5,5,TIME,TIME
TSLA,2022-04-05,2022-04-06,2022-04-06,-0.047308971544201106,0.044822358637428755,1.0554770650711789,1.057292157681378,0.13076846449643642,0.19869098721920242,0.24345686240305753,0.01267626407083755,-0.007557552777684551,0.09786917311294419,3.0,-0.012631454221516125,0.02565067686301381,0.8128053379706026,357.8233337402344,350.6668670654297,-0.020000000000000018,-40.000000000000036,0,0,SL,SL
AMZN,2022-04-06,2022-04-07,2022-04-07,-0.032300120131985244,0.026914828114397556,1.200086435428764,1.1386022395852087,-0.005813989794064445,0.03126848217925904,-0.04541990176826505,-0.029371490133283995,-0.04536953116068321,-0.028468666901918183,3.0,-0.009999088130992595,0.014776866764677266,1.1772652069112597,158.39999389648438,155.23199401855467,-0.02000000000000013,-40.000000000000256,0,0,SL,SL
GOOGL,2022-04-06,2022-04-07,2022-04-08,-0.028757255038465268,0.02209089168403597,1.3017697723467974,1.0692291986379414,-0.004538790700000295,0.005627939664439197,-0.012019015627482754,-0.025704363734700197,-0.037977628332543256,-0.012493022445959179,3.0,-0.009999088130992595,0.014776866764677266,1.1772652069112597,134.8145449616096,132.11825406237742,-0.020000000000000018,-40.000000000000036,1,1,SL,SL
MSFT,2022-04-06,2022-04-07,2022-04-11,-0.03660564011550316,0.022303786866711302,1.64122982049015,1.3376411329050435,-0.0037968206437303254,0.003736067752773131,-0.012936798065623423,-0.03205992687260728,-0.04575260228730216,3.3420741970102696e-05,3.0,-0.009999088130992595,0.014776866764677266,1.1772652069112597,285.8233266543766,280.10686012128906,-0.02000000000000013,-40.000000000000256,2,2,SL,SL
TSLA,2022-04-06,2022-04-07,2022-04-07,-0.041694894294368345,0.04774789745581573,0.8732299539042818,1.1566998393666634,0.0732348211880387,0.14550660704435492,0.18875262775390844,-0.035801534868821205,-0.04408630874073838,0.04669151666286986,3.0,-0.009999088130992595,0.014776866764677266,1.1772652069112597,350.7966613769531,343.7807281494141,-0.020000000000000018,-40.000000000000036,0,0,SL,SL
V,2022-04-06,2022-04-07,2022-04-07,-0.03131506696773967,0.02279739068153566,1.3736250523224462,1.0209051980288149,0.012688120219179755,0.00668136849594303,-0.012522381651137171,-0.03247045896176948,-0.02205840503812484,0.020169705095589352,3.0,-0.009999088130992595,0.014776866764677266,1.1772652069112597,210.90691597442242,206.68877765493397,-0.020000000000000018,-40.000000000000036,0,0,SL,SL
ABBV,2022-04-11,2022-04-12,2022-04-13,-0.029321390071273656,0.020209329951519906,1.4508838314586698,1.202483864529068,0.043566131800726104,0.11522155900690234,0.35276130117884397,0.005446169893330799,0.04904545888422751,0.04852738502486531,1.0,-0.01709238146137737,-0.0017532802471319497,1.0098818702408583,144.11209016360684,141.2298483603347,-0.020000000000000018,-40.000000000000036,1,1,SL,SL
COST,2022-04-11,2022-04-12,2022-04-20,-0.02561493696230066,0.020787077490341824,1.2322529212777495,1.1123945939701976,0.028106750539357073,0.08602291506594106,0.18646479988817277,-0.0002054167214701197,0.016587566620308802,0.03442963227508811,2.0,-0.01709238146137737,-0.0017532802471319497,1.0098818702408583,557.7336385752641,573.742431640625,0.028703294831302406,57.406589662604816,5,5,TIME,TIME
ABBV,2022-04-13,2022-04-14,2022-04-19,-0.041892903273504145,0.0253097203178954,1.655210043703387,2.494880839011072,-0.019710409616708446,0.04527249907036346,0.2713032544772518,-0.08378545613231392,-0.05096867850011533,-0.021063065268374093,3.0,0.011453554702182345,0.006782753195173186,0.8791208269506819,135.49954568942854,132.78955477563997,-0.020000000000000018,-40.000000000000036,2,2,SL,SL
TSLA,2022-04-20,2022-04-21,2022-04-21,-0.04955503671370076,0.04972588653398275,0.9965641674348987,1.0189364636674476,-0.06112352690890255,0.04848594373553161,0.09226334858373297,-0.007918800069933285,-0.009878919782570272,-0.10452135074137947,2.0,-0.000741711165219594,0.011286163546456951,0.8052412458915806,358.24334716796875,351.0784802246094,-0.019999999999999907,-39.999999999999815,0,0,SL,SL
CVX,2022-04-21,2022-04-22,2022-04-22,-0.04607896726173166,0.025016093355694945,1.8419729494350374,1.5123988352452307,-0.01715109396190584,0.04506226124989032,0.3627140586731594,-0.053539398535913274,-0.04130003797602044,-0.0013955530015734574,3.0,-0.014953494312053395,-0.0033155531793407356,1.050651244163778,137.50541855713183,134.7553101859892,-0.019999999999999907,-39.999999999999815,0,0,SL,SL
ABBV,2022-04-22,2022-04-25,2022-04-29,-0.022268631323609123,0.033049632769237704,0.6737936085128474,1.016643091461763,-0.04405660650984411,0.0051978650308999175,0.2256276202901133,-0.008698554773381661,-0.04509888399980633,-0.09795004918276329,3.0,-0.027439062195532382,-0.0293348848861964,1.5642679621798752,132.9157415775669,130.25742674601557,-0.020000000000000018,-40.000000000000036,4,4,SL,SL
CAT,2022-04-22,2022-04-25,2022-04-25,-0.06549738093554891,0.02702714573552082,2.4233924505564057,1.6858141691518391,-0.021837586878478144,0.02814611031166625,0.053699683274023524,-0.06384696232415099,-0.04597128096236025,0.006657033309026339,2.0,-0.027439062195532382,-0.0293348848861964,1.5642679621798752,200.5797604574323,196.56816524828363,-0.020000000000000018,-40.00000000000004,0,0,SL,SL
COST,2022-04-22,2022-04-25,2022-04-25,-0.03386620370305071,0.025245506019655924,1.3414745450807282,1.1808678242032362,-0.01879501302793707,0.04007795252809987,0.14244440228250377,-0.03802791916888959,-0.03165688565156899,-0.059781137322297395,3.0,-0.027439062195532382,-0.0293348848861964,1.5642679621798752,542.1619793488876,531.3187397619098,-0.02000000000000013,-40.000000000000256,0,0,SL,SL
CVX,2022-04-22,2022-04-25,2022-04-25,-0.02205614640434672,0.02601965407569851,0.8476725455372763,1.2399579274314472,-0.037291056706458825,0.018830324443608326,0.32925081601254425,-0.06331812875876919,-0.062008222334930085,-0.03680429890000392,3.0,-0.027439062195532382,-0.0293348848861964,1.5642679621798752,130.26958729693322,127.66419555099456,-0.020000000000000018,-40.000000000000036,0,0,SL,SL
HON,2022-04-22,2022-04-25,2022-04-27,-0.027099938285043534,0.020803171221256345,1.302683037928047,1.0983960662254133,-0.019455882896278753,0.003512173730890966,-0.08938831097624211,-0.03331622632588038,-0.023361700122211726,-0.010742140452585258,4.0,-0.027439062195532382,-0.0293348848861964,1.5642679621798752,171.43136820619566,168.00274084207174,-0.020000000000000018,-40.000000000000036,2,2,SL,SL
LLY,2022-04-22,2022-04-25,2022-04-26,-0.0375674263424467,0.024967840575525976,1.5046325784085273,1.0229561906448543,-0.0593819285925653,0.016588196369183628,0.09228787970761454,-0.06154649560770964,-0.07662477805701651,-0.09629394845497086,5.0,-0.027439062195532382,-0.0293348848861964,1.5642679621798752,268.3615042650775,279.09596443568057,0.040000000000000036,80.00000000000007,1,1,TP,TP
UNH,2022-04-22,2022-04-25,2022-04-27,-0.030700983232980095,0.023469870357206744,1.3081019522356645,1.106470511902416,-0.011679005227419381,0.03884483922189008,0.1464300183526719,-0.031169782024939363,-0.02595270959129814,-0.02981663327244377,3.0,-0.027439062195532382,-0.0293348848861964,1.5642679621798752,481.3433653528163,471.71649804576,-0.020000000000000018,-40.000000000000036,2,2,SL,SL
XOM,2022-04-22,2022-04-25,2022-04-25,-0.021831725358430254,0.026262378684570237,0.8312927637151506,1.0283998264175338,0.00045810663012191277,0.03476334113919077,0.2845293511822091,-0.029968391752214663,-0.030741605757720003,0.0009406165028176261,3.0,-0.027439062195532382,-0.0293348848861964,1.5642679621798752,70.83280590367806,69.4161497856045,-0.020000000000000018,-40.000000000000036,0,0,SL,SL
DUK,2022-04-29,2022-05-02,2022-05-02,-0.03198603981210435,0.01878437155880692,1.7028006346641884,1.9963929478449705,-0.03373515015013884,0.015816239907747054,0.07099052113290094,-0.02942727506439269,-0.03605195049278709,-0.040835949301149865,4.0,-0.0369556695064881,-0.05646754716955471,1.5671524992979697,93.08968450004373,91.22789081004285,-0.020000000000000018,-40.000000000000036,0,0,SL,SL
KO,2022-04-29,2022-05-02,2022-05-02,-0.023870604750766522,0.018871438443762784,1.2649064787457163,1.2601786281975222,0.0012008877312368327,0.03818511834098337,0.12212101448891799,-0.006764228727142219,-0.00980847526515638,-0.006305685847799114,2.0,-0.0369556695064881,-0.05646754716955471,1.5671524992979697,57.607019043442186,56.45487866257334,-0.020000000000000018,-40.000000000000036,0,0,SL,SL
MA,2022-04-29,2022-05-02,2022-05-02,-0.04078357948985045,0.03423817907699032,1.1911725620145188,1.3772411609743913,0.015344982385065986,0.03474062066627637,0.025019327420412685,0.05599958073331268,0.03474020737619932,0.015538247377676395,2.0,-0.0369556695064881,-0.05646754716955471,1.5671524992979697,353.81937306879894,346.74298560742295,-0.020000000000000018,-40.000000000000036,0,0,SL,SL
PEP,2022-04-29,2022-05-02,2022-05-02,-0.032619905336022326,0.0178415715496012,1.828308971849033,1.3864342303655437,-0.005827605441642514,0.02950672332014692,0.05963274275554631,-0.009175057649303597,-0.002555865866351814,-0.0011052489745564387,2.0,-0.0369556695064881,-0.05646754716955471,1.5671524992979697,150.66756594928708,147.65421463030134,-0.020000000000000018,-40.000000000000036,0,0,SL,SL
PLD,2022-04-29,2022-05-02,2022-05-02,-0.0735218485752851,0.03116227763614962,2.3593220442268477,3.0556752708877783,-0.04054729904362009,0.016581855061991613,0.0974210160210085,-0.03224041685766621,-0.05002059819549709,-0.01481273905601277,3.0,-0.0369556695064881,-0.05646754716955471,1.5671524992979697,141.28991865848732,138.46412028531756,-0.02000000000000013,-40.000000000000256,0,0,SL,SL
XOM,2022-04-29,2022-05-02,2022-05-03,-0.022362192451049423,0.033020508895709066,0.6772213148403456,1.370830751558904,-0.0010020951821788637,0.02924858933476493,0.2737000766262674,0.03597019529218781,0.0014096509712115957,-0.029375289720921405,2.0,-0.0369556695064881,-0.05646754716955471,1.5671524992979697,73.10302864222942,76.0271497879186,0.040000000000000036,80.00000000000007,1,1,TP,TP
PEP,2022-05-02,2022-05-03,2022-05-10,-0.023003779391297607,0.020620474289802227,1.1155795481714033,1.5650413534217031,-0.02813464383659714,0.005571011128653325,0.034776857220874424,-0.040549244659831896,-0.03441929348050787,-0.015608478473033482,3.0,0.006019339423408487,-0.0498643616021649,1.6439331843249276,147.3058173804704,149.35247802734375,0.013893956690027576,27.78791338005515,5,5,TIME,TIME
HON,2022-05-05,2022-05-06,2022-05-06,-0.03876594707733516,0.030467288860694337,1.2723792804336742,1.5649116329506678,0.021992478741677868,0.03251537063469323,-0.04863236899644008,0.005079435668742471,0.041859919127435585,0.009850011386746571,1.0,-0.03554294455018503,-0.05041993370716935,1.644975478865099,177.69128755455938,174.1374618034682,-0.020000000000000018,-40.000000000000036,0,0,SL,SL
MCD,2022-05-05,2022-05-06,2022-05-11,-0.021233197904554024,0.023736834252964058,0.8945252630688357,1.0768129516392884,-0.008821921726567927,0.02193437455082381,0.010861389008630873,0.009244371802259899,-0.02073258859433813,-0.02479923765574621,4.0,-0.03554294455018503,-0.05041993370716935,1.644975478865099,223.36148542108316,218.8942557126615,-0.020000000000000018,-40.000000000000036,3,3,SL,SL
WMT,2022-05-06,2022-05-09,2022-05-16,-0.020819452725718945,0.020766752479307336,1.0025377220855365,1.621082562438736,-0.03386705906303211,0.010245893551024787,0.043939513518561846,-0.015778041448297753,-0.018866246029765832,-0.04307228024406573,3.0,-0.005968867594294269,-0.05541011051479461,1.3948327220499126,47.02762361622723,46.94527053833008,-0.0017511639237653975,-3.5023278475307946,5,5,TIME,TIME
LLY,2022-05-09,2022-05-10,2022-05-10,-0.02583341323019417,0.03115908758235259,0.829081184162315,1.2612139799583422,-0.014919367837750164,0.014665575543945542,0.1197155946834978,-0.0192266101753944,-0.0011396117438030595,0.01413036821561331,3.0,-0.0320174370879579,-0.08404545634085236,1.3814527308726066,281.1176265122864,275.49527398204066,-0.020000000000000018,-40.000000000000036,0,0,SL,SL
XOM,2022-05-09,2022-05-10,2022-05-10,-0.07885273307367047,0.04142281866568272,1.90360616717271,1.5245919572849844,-0.02635299977000083,0.0026899274788925176,0.24282892203643036,-0.07895317348132369,-0.02256714087362688,0.026744108667584365,2.0,-0.0320174370879579,-0.08404545634085236,1.3814527308726066,73.64478740407462,72.17189165599312,-0.02000000000000013,-40.000000000000256,0,0,SL,SL
COP,2022-05-18,2022-05-19,2022-05-19,-0.023733820283491913,0.047701627587508656,0.4975473895508536,1.1351316072117672,0.05570757108875313,0.050295498719360676,0.31991172481862584,0.019814584294506332,0.05966389458178045,0.010486341431606094,1.0,-0.04031153479308025,-0.08965779044353983,0.9486712077044925,87.11377948563577,90.59833066506121,0.040000000000000036,80.00000000000007,0,0,TP,TP
CVX,2022-05-18,2022-05-19,2022-05-23,-0.026360029855624134,0.03658998162447047,0.7204165917917598,1.1470815383975863,0.03530659603988462,0.025035719755838848,0.3335679944008667,0.00936771865245234,0.038505492431695654,0.011054002315311617,1.0,-0.04031153479308025,-0.08965779044353983,0.9486712077044925,138.84746734216168,144.40136603584816,0.040000000000000036,80.00000000000007,2,2,TP,TP
CVX,2022-05-31,2022-06-01,2022-06-08,-0.020305202660814037,0.030304008227438794,0.6700500642825418,1.8386530002850021,0.03749700812125778,0.054763021996001804,0.3534332598790093,-0.0042756605644936885,0.017120994316110583,0.017842065886572334,1.0,-0.005611112032488763,-0.03047012005466998,0.8489377946465516,149.05249135307523,152.76341247558594,0.024896739992894767,49.79347998578953,5,5,TIME,TIME
LLY,2022-05-31,2022-06-01,2022-06-01,-0.031037262489911233,0.032788721683788546,0.9465834865180709,1.9961812405422321,0.05242682244482566,0.06379975786663339,0.20100450754389376,0.020944104942076436,0.03582290630136331,0.04696387463257046,1.0,-0.005611112032488763,-0.03047012005466998,0.8489377946465516,302.7755379174318,296.72002715908314,-0.020000000000000018,-40.000000000000036,0,0,SL,SL
LLY,2022-06-02,2022-06-03,2022-06-06,-0.027806419789396353,0.034248746842592985,0.8118959773096072,1.14491615552038,0.009948643717941463,0.02359879131163689,0.15711770309376294,-0.06507350614465424,-0.014918060823942203,0.024526527505921436,3.0,0.01904335323929862,-0.016905177648637415,0.7296654681034638,291.8792843444563,303.5544557182346,0.040000000000000036,80.00000000000007,1,1,TP,TP
CAT,2022-06-09,2022-06-10,2022-06-10,-0.02667535006091304,0.025490351807285025,1.046488109014225,1.0697082246749028,0.04765428538588101,0.03678434636140482,0.08497875697490076,0.00017878655419645284,0.016681640137428788,0.06860640369109028,1.0,-0.023782803443176737,-0.04485710049307701,0.9771037971650562,204.48312218888108,200.39345974510346,-0.020000000000000018,-40.000000000000036,0,0,SL,SL
COP,2022-06-13,2022-06-14,2022-06-14,-0.04339644951533672,0.03601469444867062,1.2049650893800259,1.2540428714022644,-0.00850348225622699,0.07093426963409977,0.3265646155619444,-0.08288205477988364,-0.047878644534633086,-0.024781950739909853,4.0,-0.03796829440501992,-0.10154343949437739,1.8480102150712086,97.54211636450698,95.59127403721683,-0.020000000000000018,-40.000000000000036,0,0,SL,SL
XOM,2022-06-13,2022-06-14,2022-06-14,-0.04588900974074506,0.029331507093602546,1.5644954619721483,1.2127638303828892,-0.007543259703924443,0.06652589686587351,0.3285570742311019,-0.08356446650724136,-0.03025117857407511,-0.017829866294900687,3.0,-0.03796829440501992,-0.10154343949437739,1.8480102150712086,84.62426396096885,82.93177868174946,-0.02000000000000013,-40.000000000000256,0,0,SL,SL
XOM,2022-06-16,2022-06-17,2022-06-17,-0.03688458249717885,0.035045973350821075,1.0524627787607075,1.245821792275086,-0.05795152549183347,0.008840920822107634,0.2560700921295622,-0.04653079638937552,-0.10690904584503691,-0.06429820427628452,4.0,-0.0330960601325172,-0.11128459775910804,1.3973465925770057,79.02085157949487,77.44043454790497,-0.020000000000000018,-40.000000000000036,0,0,SL,SL
MRK,2022-06-28,2022-06-29,2022-07-01,-0.026691992447850588,0.024184282292886362,1.1036917335232168,1.0159205942286202,0.03650713547884088,0.03753146309765887,0.14433780537012297,-0.0011953926720380537,0.043848688613727926,0.08990642990788156,1.0,-0.02043271023174842,-0.053261939655841806,0.9225168711880409,81.82185755673127,80.18542040559664,-0.020000000000000018,-40.00000000000003,2,2,SL,SL
UPS,2022-07-12,2022-07-13,2022-07-19,-0.028541768606925588,0.024741341487791974,1.153606348346505,1.298057048367094,-0.0019445878990316245,0.0023586601204725888,-0.08608647463040531,-0.03662909278674653,-0.028489369988549895,-0.013420434182431884,3.0,-0.008848881277488618,-0.032698916298834924,0.6896230294935124,143.8055610611535,149.55778350359964,0.040000000000000036,80.00000000000007,4,4,TP,TP
AAPL,2022-07-18,2022-07-19,2022-07-21,-0.020643172843559654,0.027800218221712965,0.7425543453985047,1.0506007306510536,0.036985964623854395,0.025900493634150923,-0.06947917941387294,0.010860100608835577,0.015186235757325584,0.05859096728241053,2.0,-0.008257092784771936,-0.022859715332316677,0.796779027751733,144.88413581614606,150.6795012487919,0.040000000000000036,80.00000000000007,2,2,TP,TP
ABBV,2022-07-18,2022-07-19,2022-07-21,-0.02636361239348528,0.021834112751005427,1.2074505932131947,1.080495184825287,-0.0018089199463305894,0.008762704750402639,0.0949741038783849,-0.007761377679879278,-0.014755236367070212,-0.018406635954074435,4.0,-0.008257092784771936,-0.022859715332316677,0.796779027751733,129.96548786903895,127.36617811165817,-0.020000000000000018,-40.000000000000036,2,2,SL,SL
UNH,2022-07-20,2022-07-21,2022-07-28,-0.02620689077124916,0.02795295679508811,0.9375355517257562,1.039682101130857,0.014927695316182987,0.05005294844392094,0.0843385879790095,-0.019405576980912498,0.03636964206373272,0.008111856737340384,2.0,0.00637295217688294,0.011726575928205474,0.9276742258949326,482.1225326023752,501.4074339064702,0.040000000000000036,80.00000000000007,5,5,TP,TP
AMZN,2022-07-26,2022-07-27,2022-07-28,-0.052253606265046715,0.0390645380699457,1.3376225304772777,1.044677882251467,0.004866331593831097,0.014438205357450551,-0.22007283387194565,-0.07879322724252813,-0.028762385180709393,0.051181068260517604,3.0,-0.011830910901845071,0.0015369669310500989,0.7257061072835145,117.30999755859375,122.0023974609375,0.040000000000000036,80.00000000000007,1,1,TP,TP
COST,2022-07-26,2022-07-27,2022-07-28,-0.03252464928789134,0.023189564782944726,1.4025553990479505,1.401665286633574,0.017910271208286588,0.07028104986576311,-0.005765137167634271,-0.03310929635617477,-0.01595444674040336,0.043541064660891804,2.0,-0.011830910901845071,0.0015369669310500989,0.7257061072835145,488.569197341059,508.1119652347014,0.040000000000000036,80.00000000000007,1,1,TP,TP
LOW,2022-07-26,2022-07-27,2022-07-27,-0.03182726835934424,0.0232316311019065,1.3699971482730862,1.1950490264341358,0.030596304799413776,0.020809732655375335,-0.12547807908752495,-0.02562507879790532,-0.0009534024758862669,0.047911460448604615,2.0,-0.011830910901845071,0.0015369669310500989,0.7257061072835145,174.15181282437672,170.66877656788918,-0.020000000000000018,-40.000000000000036,0,0,SL,SL
UPS,2022-07-26,2022-07-27,2022-07-29,-0.03395229558492807,0.02398261413881099,1.4157045344770476,1.770031486651622,-0.01071952771880813,0.00861989942980812,-0.0760965593101709,-0.029303197884106735,-0.02303437738046865,0.01204199832553865,2.0,-0.011830910901845071,0.0015369669310500989,0.7257061072835145,147.40009156779175,153.29609523050343,0.040000000000000036,80.00000000000007,2,2,TP,TP
BA,2022-08-02,2022-08-03,2022-08-10,-0.03424621928251659,0.04118255696219904,0.8315709807419381,1.1130308219353346,0.07437661760329606,0.16141109520797392,-0.09760416535238614,0.026337309308293255,0.047203698671011596,0.045795130166369935,1.0,-0.00659717481596267,0.042588940135401376,0.8966745154934936,164.50999450683594,171.09039428710938,0.040000000000000036,80.00000000000007,5,5,TP,TP
LOW,2022-08-02,2022-08-03,2022-08-04,-0.0316347253054291,0.026204971392050518,1.2072031994290116,1.0710063549483435,0.0060040003069909975,0.01671441804116891,-0.12683740665890797,-0.014936965288990356,-0.003446429775245674,-0.0043965464164512635,1.0,-0.00659717481596267,0.042588940135401376,0.8966745154934936,175.010170703953,182.01057753211114,0.040000000000000036,80.00000000000007,1,1,TP,TP
V,2022-08-02,2022-08-03,2022-08-08,-0.0241295093613475,0.02955008254038713,0.8165631797599502,1.5492863344384744,-0.013088837179421886,0.005174444968194081,-0.02209141052725594,-0.024083288518067958,-0.02931894197906637,-0.034634495312771185,3.0,-0.00659717481596267,0.042588940135401376,0.8966745154934936,201.32067400594696,209.37350096618485,0.040000000000000036,80.00000000000007,3,3,TP,TP
WMT,2022-08-04,2022-08-05,2022-08-11,-0.03777768590205843,0.02898209612726495,1.3034835622713645,2.010559355058172,-0.024922418426880255,0.0009693732665276844,-0.09447947326650297,-0.05258774831939794,-0.032215640094163334,-0.0526594534038578,2.0,-0.0006756564657403041,0.05574769633208976,0.65531304185137,39.75507738138661,41.34528047664208,0.040000000000000036,80.00000000000007,4,4,TP,TP
TSLA,2022-08-05,2022-08-08,2022-08-08,-0.0663030068235908,0.04748933365920675,1.3961662907168766,1.2516739064364273,0.0787658908749096,0.16141638027266803,-0.05095047696602928,-0.0413080742980646,-0.030220362285715785,0.058501581123814095,1.0,-0.0016902054830937319,0.05282139340379777,0.8246917035273468,295.0,289.1,-0.019999999999999907,-39.999999999999815,0,0,SL,SL
AMD,2022-08-08,2022-08-09,2022-08-09,-0.021894222629481264,0.04408341808290346,0.49665437893919423,1.0417239422778828,0.11268013338172889,0.11952153652549691,-0.11264260571416473,0.020185578864873044,0.03399463687770932,0.14313455161358557,3.0,-0.001160713368035582,0.05067214092704031,0.7847309346022361,97.94999694824219,95.99099700927734,-0.02000000000000013,-40.000000000000256,0,0,SL,SL
NVDA,2022-08-08,2022-08-09,2022-08-09,-0.06298368818657107,0.04765917823088672,1.3215437303900661,1.8578347931982129,0.025533364686914917,0.0452928648749964,-0.23092257750346667,-0.05822250568184695,-0.03513888268027787,0.045171720013374106,2.0,-0.001160713368035582,0.05067214092704031,0.7847309346022361,17.204240919850708,16.860156101453693,-0.020000000000000018,-40.000000000000036,0,0,SL,SL
AVGO,2022-08-09,2022-08-10,2022-08-17,-0.023335203531248183,0.022787959083053554,1.0240146318588745,1.1116464795830772,0.022567313535877487,0.025730128338773417,-0.05412512194174002,-0.036179364902938604,0.002993214027373625,0.042477782901334526,3.0,-0.003971061244894658,0.04608557806534286,0.6626729915751134,51.15845664219161,50.135287509347776,-0.020000000000000018,-40.00000000000004,5,5,SL,SL
CRM,2022-08-09,2022-08-10,2022-08-17,-0.0395783695565477,0.03612974967032127,1.0954509764859868,1.2495008786670738,0.01608826982371636,0.035884217929293305,-0.14943109955959966,-0.04721067660453204,-0.008433430275720744,0.06910712179858725,3.0,-0.003971061244894658,0.04608557806534286,0.6626729915751134,184.96010637680723,184.7635040283203,-0.0010629446118850527,-2.1258892237701055,5,5,TIME,TIME
LOW,2022-08-09,2022-08-10,2022-08-15,-0.032897538615158206,0.028483608113792924,1.154963882515568,1.1666025921852974,0.020119527977002116,0.049757828216679734,-0.09080032604114507,-0.009941380655255627,0.03857368669352068,0.03499431541591358,1.0,-0.003971061244894658,0.04608557806534286,0.6626729915751134,183.9069303533262,191.26320756745926,0.040000000000000036,80.00000000000007,3,3,TP,TP
NVDA,2022-08-09,2022-08-10,2022-08-10,-0.039734678615574115,0.049367882585537266,0.8048690066204038,1.2398536212669211,-0.020870570207710992,0.004657049097059218,-0.2605876103875099,-0.11079875743357959,-0.07772843658247741,0.033448657308249086,3.0,-0.003971061244894658,0.04608557806534286,0.6626729915751134,17.648998636902306,17.296018664164258,-0.02000000000000013,-40.000000000000256,0,0,SL,SL
AVGO,2022-08-17,2022-08-18,2022-08-22,-0.02367433951047715,0.024260434324272256,0.9758415366369296,1.1445453287363792,0.0018938264813630479,0.04115754090226997,-0.04566144916518178,-0.03518249867193257,-0.021474707709497665,-0.014906477970536014,3.0,-0.0070980250156345015,0.08029939880030557,1.011926433890399,50.91019373113649,49.89198985651376,-0.019999999999999907,-39.999999999999815,2,2,SL,SL
BAC,2022-08-19,2022-08-22,2022-08-24,-0.022050559017926075,0.02202446933890903,1.0011845769637207,1.0348954642236008,0.026917603831620784,0.07194227621341454,-0.11345769856602839,-0.03165925385724133,-0.02258938166060709,0.044758665449075474,4.0,-0.013438169185726156,0.06744049897127757,1.1003977515723486,31.383318377237508,30.755652009692756,-0.020000000000000018,-40.000000000000036,2,2,SL,SL
BLK,2022-08-19,2022-08-22,2022-08-26,-0.042095002204636134,0.02486518008657404,1.6929297136828436,1.1776953706799598,0.022323237058058165,0.10119074453317811,-0.039149456720116826,-0.05708842548955906,-0.05051685576730003,0.025749640104083316,2.0,-0.013438169185726156,0.06744049897127757,1.1003977515723486,633.9565405652959,621.2774097539899,-0.02000000000000013,-40.000000000000256,4,4,SL,SL
CRM,2022-08-19,2022-08-22,2022-08-22,-0.022135873540728768,0.029163023144457307,0.7590390554189128,1.0486111529993667,-0.008992188793499056,0.03614589797137113,-0.12441149394836393,-0.030697662765626688,-0.032228991893397785,-0.0336539838973553,4.0,-0.013438169185726156,0.06744049897127757,1.1003977515723486,176.9388909538002,173.4001131347242,-0.02000000000000013,-40.000000000000256,0,0,SL,SL
JPM,2022-08-19,2022-08-22,2022-08-29,-0.024745264056111993,0.022290181873305857,1.1101418641068281,1.1548386017743062,0.01316950803513417,0.02942551944739824,-0.12594661563547105,-0.04044335997936288,-0.028658013663650617,0.024792573461500655,3.0,-0.013438169185726156,0.06744049897127757,1.1003977515723486,105.96492255513769,103.84562410403494,-0.020000000000000018,-40.00000000000003,5,5,SL,SL
NKE,2022-08-19,2022-08-22,2022-08-26,-0.024566665108060493,0.023538119045714408,1.0436970371484866,1.0147814664132944,-0.0013237585546769237,0.02975708783095654,-0.15370114441522142,-0.04150425692534465,-0.025071111907903232,-0.0062351116374598226,3.0,-0.013438169185726156,0.06744049897127757,1.1003977515723486,101.96506903863587,99.92576765786316,-0.019999999999999907,-39.999999999999815,4,4,SL,SL
AAPL,2022-08-22,2022-08-23,2022-08-26,-0.02302952311795592,0.019576891827359645,1.1763625871279044,1.0227817679179396,0.009788673335044518,0.10488105536908265,0.04658596680248683,-0.03998861328612757,-0.03244997854513465,0.01637660656239981,4.0,-0.020822484714314915,0.044493409976452236,1.2329816676823075,163.87821006023856,160.6006458590338,-0.020000000000000018,-40.000000000000036,3,3,SL,SL
AVGO,2022-08-22,2022-08-23,2022-08-26,-0.035884166767638614,0.028095910155428446,1.2772025027530702,1.077241495423683,-0.024784785581629,0.023917208085273645,-0.06361272071380586,-0.01827006869892378,-0.05404685417076427,-0.03075921999237341,4.0,-0.020822484714314915,0.044493409976452236,1.2329816676823075,50.01454935595724,49.0142583688381,-0.020000000000000018,-40.000000000000036,3,3,SL,SL
BLK,2022-08-22,2022-08-23,2022-08-26,-0.026336122969918718,0.026229374204596333,1.004069817468374,1.0111426240917152,-0.00878135441173089,0.0710265229205902,-0.0629452517803184,-0.06481251140489774,-0.08040270321053,-0.0017521770505020129,3.0,-0.020822484714314915,0.044493409976452236,1.2329816676823075,628.0531717256121,615.4921082910998,-0.020000000000000018,-40.000000000000036,3,3,SL,SL
MSFT,2022-08-22,2022-08-23,2022-08-26,-0.029355182857449535,0.019121798098350243,1.5351685394054124,1.043305693468094,-0.013742977262132694,0.041155979480101745,-0.04875852727485974,-0.04658117437699305,-0.051557227523275406,-0.007064910258053558,5.0,-0.020822484714314915,0.044493409976452236,1.2329816676823075,267.5289306640625,262.17835205078126,-0.020000000000000018,-40.000000000000036,3,3,SL,SL
NFLX,2022-08-22,2022-08-23,2022-08-26,-0.06062364987417879,0.04025779721902215,1.505885916816472,1.1581912563612549,-0.030012932227167832,0.104570970949877,-0.376577390046284,-0.06058471724535042,-0.09060254638821152,-0.029765796156891566,4.0,-0.020822484714314915,0.044493409976452236,1.2329816676823075,22.645999908447266,23.551839904785158,0.040000000000000036,80.00000000000007,3,3,TP,TP
ORCL,2022-08-22,2022-08-23,2022-08-26,-0.027968837613310926,0.015890719084948567,1.7600737552400985,1.0663118281959538,-0.013483123771100503,0.04663818606099368,-0.036860604778785167,-0.03520516183928857,-0.03349794974357834,-0.00013092959486959987,3.0,-0.020822484714314915,0.044493409976452236,1.2329816676823075,72.39673471215588,70.94880001791276,-0.020000000000000018,-40.000000000000036,3,3,SL,SL
AAPL,2022-08-26,2022-08-29,2022-08-30,-0.0376988211587197,0.019278099224107677,1.9555258389570125,1.2424743021064126,-0.02605480487131928,0.06038505865250832,0.019762342817290834,-0.0215868290099952,-0.04605859273458213,-0.049273376519657575,3.0,-0.03384907667557624,0.017007259283142284,1.6950338371255111,158.06181135805244,154.90057513089138,-0.020000000000000018,-40.000000000000036,1,1,SL,SL
AMZN,2022-08-26,2022-08-29,2022-08-30,-0.04756700784791723,0.031417650787011746,1.5140217889105105,1.0460603217845843,-0.05793604098055272,0.052952855156935597,-0.0889591988113756,-0.021478784778209636,-0.05411268146374437,-0.08916755680696642,2.0,-0.03384907667557624,0.017007259283142284,1.6950338371255111,129.89999389648438,127.30199401855468,-0.020000000000000018,-40.000000000000036,1,1,SL,SL
AVGO,2022-08-26,2022-08-29,2022-08-30,-0.05320578442070567,0.03108048998922746,1.711870837272735,1.5499188287195458,-0.04142665701523085,0.0069553839581550925,-0.07721247609383297,-0.016837216466178195,-0.050270664205327,-0.06694371481478434,2.0,-0.03384907667557624,0.017007259283142284,1.6950338371255111,48.71698236950735,47.7426427221172,-0.020000000000000018,-40.00000000000003,1,1,SL,SL
BAC,2022-08-26,2022-08-29,2022-09-01,-0.0315877753100825,0.024684100936026448,1.2796810137808234,1.0459012011231852,-0.022575770920185145,0.022198246350433104,-0.14321888232455582,-0.01104333111764566,-0.04086812335665224,-0.06253431938100318,3.0,-0.03384907667557624,0.017007259283142284,1.6950338371255111,30.579536121412453,29.967945398984202,-0.020000000000000018,-40.000000000000036,3,3,SL,SL
COST,2022-08-26,2022-08-29,2022-09-02,-0.034406373341103524,0.02052114294339354,1.6766304603993862,1.0306130530846562,-0.02347661543573276,0.031093112391361144,0.019562144324992703,-0.01890891881934542,-0.040953389493128656,-0.010033154201700145,3.0,-0.03384907667557624,0.017007259283142284,1.6950338371255111,502.6994122921951,492.6454240463512,-0.020000000000000018,-40.000000000000036,4,4,SL,SL
HON,2022-08-26,2022-08-29,2022-09-01,-0.036771060158685476,0.0165831024516886,2.2173812328429054,1.331946666703793,-0.018748666805180392,0.04621852371752588,-0.0008847971880805439,-0.02272853841227407,-0.042171073596942055,-0.03888104867914477,3.0,-0.03384907667557624,0.017007259283142284,1.6950338371255111,175.40037586953102,171.8923683521404,-0.019999999999999907,-39.999999999999815,3,3,SL,SL
KO,2022-08-26,2022-08-29,2022-09-01,-0.024122414797838276,0.012947922269009112,1.8630336432877221,1.0566487076357387,-0.014775973520373853,0.0010183415087314795,0.03818791216354245,-0.01804875250640947,-0.03160967682708227,-0.009261977966478763,2.0,-0.03384907667557624,0.017007259283142284,1.6950338371255111,55.72114434397323,54.60672145709376,-0.020000000000000018,-40.00000000000003,3,3,SL,SL
LOW,2022-08-26,2022-08-29,2022-08-31,-0.04726026946349937,0.030694536109520276,1.539696488484836,1.0129639234552674,-0.015719897845360986,0.053103526187698424,-0.05773711760945954,-0.03123348406596871,-0.049063233938538287,-0.026541469193838374,3.0,-0.03384907667557624,0.017007259283142284,1.6950338371255111,184.6913764811576,180.99754895153444,-0.020000000000000018,-40.000000000000036,2,2,SL,SL
MCD,2022-08-26,2022-08-29,2022-09-06,-0.02136667663353964,0.01322379941353132,1.6157744053253014,1.1499696388115972,-0.01973322855109061,0.006643475123925491,0.027428328101879895,-0.013779249452409492,-0.035979663989983535,-0.019948106137708144,3.0,-0.03384907667557624,0.017007259283142284,1.6950338371255111,231.21456452767882,231.4701690673828,0.0011054863270665294,2.2109726541330583,5,5,TIME,TIME
MS,2022-08-26,2022-08-29,2022-08-30,-0.034478853343282934,0.02083368778375322,1.654956803671151,1.2471202265513732,-0.017046651484874387,0.06233731504022244,-0.0182130897459426,-0.016874216205489456,-0.035551506296228164,-0.0529129608045279,3.0,-0.03384907667557624,0.017007259283142284,1.6950338371255111,75.83588139520663,74.3191637673025,-0.019999999999999907,-39.999999999999815,1,1,SL,SL
PEP,2022-08-26,2022-08-29,2022-09-02,-0.023595909769251966,0.012009499806847413,1.964770402494063,1.505055242635869,-0.013061446041862657,0.018951466110198156,0.04380317377995313,-0.01866924685249649,-0.028473446077904474,-0.012913957513997154,3.0,-0.03384907667557624,0.017007259283142284,1.6950338371255111,153.0748480224523,150.01335106200324,-0.02000000000000013,-40.000000000000256,4,4,SL,SL
UPS,2022-08-26,2022-08-29,2022-08-31,-0.029610007272012573,0.018519539541315532,1.5988522396010518,1.0199793588278037,-0.009595611333761522,0.05242138531006302,0.01811283486947257,-0.03088641131378156,-0.04557898587121578,-0.029088904321819875,4.0,-0.03384907667557624,0.017007259283142284,1.6950338371255111,161.00076639585328,157.7807510679362,-0.02000000000000013,-40.000000000000256,2,2,SL,SL
CAT,2022-08-30,2022-08-31,2022-09-01,-0.025237180352740918,0.024992717373307077,1.0097813685395784,1.1828774619472293,-0.02643000380850591,0.00960302020041115,-0.07344870229591727,-0.06003595581561727,-0.052076347366015185,-0.05356399340397122,4.0,-0.010977864042145957,-0.0043014039986103425,1.3882841823186662,175.0727988090151,171.5713428328348,-0.020000000000000018,-40.000000000000036,1,1,SL,SL
COP,2022-08-30,2022-08-31,2022-09-07,-0.025745206300470613,0.03206203366180704,0.8029810763731695,1.1862998742018942,0.08150564081781342,0.17158287524744065,0.21165834932227323,-0.014097404752889675,0.018902677825878955,0.10389602960071764,1.0,-0.010977864042145957,-0.0043014039986103425,1.3882841823186662,93.39785976087191,91.52990256565447,-0.020000000000000018,-40.00000000000003,4,4,SL,SL
CVX,2022-08-30,2022-08-31,2022-09-01,-0.024357704760314736,0.02332740429887886,1.0441669569505165,1.1160202456958903,0.019228340694508184,0.07099133604085717,0.10879021522330401,-0.02429830526786758,-0.008457386887486429,0.03624718874719246,2.0,-0.010977864042145957,-0.0043014039986103425,1.3882841823186662,134.13465211106353,131.45195906884226,-0.020000000000000018,-40.000000000000036,1,1,SL,SL
GE,2022-08-31,2022-09-01,2022-09-01,-0.022494566792896853,0.029927259690294746,0.7516413806571045,1.209763887981577,-0.04467680780257066,0.03869447444250662,-0.1358104215430479,-0.024312531396471937,-0.04300235385761697,-0.08108123320555094,3.0,-0.007608962624685023,-0.012870367652808357,1.2241719115762149,44.72433987801722,43.82985308045687,-0.020000000000000018,-40.000000000000036,0,0,SL,SL
HON,2022-09-02,2022-09-06,2022-09-13,-0.02013320726649359,0.018972180902571897,1.061196252022049,1.2847343512675014,-0.04951091998047086,0.006007845932306077,-0.02916404635996095,-0.01997895877878253,-0.031958869098260956,-0.0727822028743852,4.0,-0.010544394559181103,-0.021983521481989343,1.5118202642465912,170.24156843738174,168.3035888671875,-0.011383703686371205,-22.76740737274241,5,5,TIME,TIME
NFLX,2022-09-06,2022-09-07,2022-09-07,-0.03414264548436419,0.04599896228898897,0.7422481679013246,1.121188649109534,-0.06463277741785411,0.01691209458405818,-0.3601594073279113,-0.023125790729327078,-0.02751925948977474,-0.03597592702669483,3.0,-0.0037732085856890807,-0.025706817591089837,1.1431653613320893,22.020999908447266,22.901839904785156,0.040000000000000036,80.00000000000007,0,0,TP,TP
BAC,2022-09-13,2022-09-14,2022-09-21,-0.03600778196784038,0.028291325618782878,1.2727499040884276,1.1313475265065491,-0.012884527038205307,0.01400613983254173,-0.12380439145728905,-0.01875880695695331,0.028432996120921317,0.009558279689079408,1.0,-0.04348229353754096,-0.024772255244344454,1.6697292672825639,31.090109296995653,30.46830711105574,-0.020000000000000018,-40.00000000000004,5,5,SL,SL
DIS,2022-09-13,2022-09-14,2022-09-16,-0.03978002509880574,0.02670262633489058,1.4897420425955545,1.2090582108019452,-0.032184005317950515,0.03219230526343586,-0.11001958505523424,-0.0050743293240221865,0.015169557671909306,-0.01559051226860031,2.0,-0.04348229353754096,-0.024772255244344454,1.6697292672825639,108.44564151576255,106.2767286854473,-0.020000000000000018,-40.00000000000004,2,2,SL,SL
DUK,2022-09-13,2022-09-14,2022-09-15,-0.024260124832685026,0.019165978990159545,1.2657910584761147,1.1177841855936488,-0.015353327642852022,0.001082329483747868,0.029976233655388818,-0.009248865802091721,0.013394584566898349,-0.009248865802091721,2.0,-0.04348229353754096,-0.024772255244344454,1.6697292672825639,92.78416472622844,90.92848143170387,-0.020000000000000018,-40.000000000000036,1,1,SL,SL
GS,2022-09-13,2022-09-14,2022-09-16,-0.04142077716353498,0.023964277840020354,1.7284383631357447,1.2990978567579625,-0.028467658459007117,0.008145109476833667,-0.014754282241616123,-0.02084191534071622,0.0058196662083451756,-0.009135860330525936,1.0,-0.04348229353754096,-0.024772255244344454,1.6697292672825639,298.26309727046316,292.2978353250539,-0.020000000000000018,-40.000000000000036,2,2,SL,SL
JPM,2022-09-13,2022-09-14,2022-09-21,-0.03474880004193892,0.025480852647089644,1.363722027799091,1.2777926030298634,-0.006415320452365703,0.00659879353756998,-0.1180513604546416,-0.018634049272250763,0.023298726756443067,0.017484285483018835,1.0,-0.04348229353754096,-0.024772255244344454,1.6697292672825639,105.91954322994398,103.8011523653451,-0.020000000000000018,-40.00000000000003,5,5,SL,SL
MS,2022-09-13,2022-09-14,2022-09-16,-0.03438688485003927,0.027611385246849297,1.2453878913577188,1.077605279114612,-0.0117219948334506,0.03285950674982985,-0.009313096487067019,-0.015716924661609455,0.022553763375184444,0.019918264154008547,1.0,-0.04348229353754096,-0.024772255244344454,1.6697292672825639,77.06845554382821,75.52708643295165,-0.019999999999999907,-39.999999999999815,2,2,SL,SL
TSLA,2022-09-13,2022-09-14,2022-09-14,-0.04037188096320543,0.03726895983101144,1.0832575190255795,1.2035400477961489,0.006159996031495085,0.052825698778935504,-0.008525864490624535,0.009921852382957841,0.06453607823228924,0.025665323258954098,1.0,-0.04348229353754096,-0.024772255244344454,1.6697292672825639,292.239990234375,303.92958984375,0.040000000000000036,80.00000000000007,0,0,TP,TP
XOM,2022-09-13,2022-09-14,2022-09-15,-0.023358237761609613,0.028022938298124755,0.8335399205147843,1.047212184108187,-0.004173179982444486,0.045450363148254125,0.16622381131341557,0.00442522804279899,0.004002178659614941,-0.04784270098841803,2.0,-0.04348229353754096,-0.024772255244344454,1.6697292672825639,84.37633196138007,82.68880532215248,-0.020000000000000018,-40.00000000000003,1,1,SL,SL
NEE,2022-09-15,2022-09-16,2022-09-22,-0.03229101954537961,0.024603780690352847,1.3124413662994863,2.576023442213221,-0.023232579121831853,0.008379449466351607,0.06630743726632082,-0.05285775175124985,-0.047191927312548954,0.011168394378712199,3.0,-0.011353335990897495,-0.03310130576129533,1.1512099923269132,76.2141834948321,74.68989982493545,-0.020000000000000018,-40.000000000000036,4,4,SL,SL
XOM,2022-09-15,2022-09-16,2022-09-16,-0.029077514867933973,0.03079192675537976,0.9443226823360037,1.1583539986451648,-0.013948921357282207,0.03406399357832668,0.1549221740756206,-0.02848056374634267,-0.000842817666748541,-0.007950402474453333,2.0,-0.011353335990897495,-0.03310130576129533,1.1512099923269132,83.3938764985513,81.72599896858027,-0.019999999999999907,-39.999999999999815,0,0,SL,SL
COP,2022-09-16,2022-09-19,2022-09-21,-0.021028145860586434,0.03461886331597966,0.6074187262780546,1.9671808835480897,0.02217726819204402,0.13711843248623912,0.2078345193986264,0.007121601723935278,0.010359653043758854,0.0520783996029337,3.0,-0.007628934312684521,-0.040389893209845096,1.3077464384027206,95.08655770595989,98.89002001419829,0.040000000000000036,80.00000000000006,2,2,TP,TP
CVX,2022-09-16,2022-09-19,2022-09-23,-0.025961848651508634,0.02799158876528026,0.9274874988057398,4.021598522341857,-0.020626629367284877,0.020695904793553987,0.0593934857230527,-0.018568462665178864,-0.022004026775230945,0.005850588949297464,3.0,-0.007628934312684521,-0.040389893209845096,1.3077464384027206,130.1516945051647,127.54866061506141,-0.020000000000000018,-40.000000000000036,4,4,SL,SL
TSLA,2022-09-21,2022-09-22,2022-09-22,-0.025685948599634356,0.035749903567289944,0.7184900107852655,1.0812210825640598,0.030370413853449962,0.05363393950315243,0.027135621633294305,-0.008406191723222545,-0.0059812882793373046,0.060274849665705066,3.0,-0.01744379450404354,-0.060771653034399464,1.302575624855057,299.8599853515625,293.86278564453124,-0.020000000000000018,-40.000000000000036,0,0,SL,SL
TSLA,2022-09-22,2022-09-23,2022-09-23,-0.040591728559117746,0.038262388633302155,1.0608780582973907,1.2054754539453572,-0.010011734948986217,0.0072276562606012895,-0.013753602629968387,-0.0662633400232987,-0.0499094770769033,-0.0023163016148594062,4.0,-0.008399783083411716,-0.06851908248764826,1.065592157317182,283.0899963378906,277.42819641113283,-0.019999999999999907,-39.999999999999815,0,0,SL,SL
NFLX,2022-09-29,2022-09-30,2022-10-05,-0.022389876677311626,0.05317137267306701,0.42108893473522846,1.710696661129426,0.03346664441800096,0.03743888255026828,-0.2191169677870809,0.06979966582454589,0.011221292914439074,0.01839580944049235,3.0,-0.020888827162977575,-0.09267120655021632,1.224284187697208,23.700000762939453,23.226000747680665,-0.020000000000000018,-40.00000000000003,3,3,SL,SL
LLY,2022-09-30,2022-10-03,2022-10-03,-0.020181125065494188,0.03061257815012158,0.6592429087980634,1.3548948798897695,0.037277545003150614,0.030502516993920814,0.1182619288391975,0.039376473959471525,0.03817504241289438,0.04681277235783465,3.0,-0.015463721636925776,-0.10491197348797288,1.601017827341715,315.92650283731007,309.60797278056384,-0.02000000000000013,-40.000000000000256,0,0,SL,SL
COP,2022-10-14,2022-10-17,2022-10-18,-0.03894414207209318,0.04297611712647351,0.9061810297446202,1.022994634161679,0.06744175930901242,0.09957458765018923,0.22217809771432329,0.02059180879826905,-0.004641020426484621,0.15262867746587716,3.0,-0.022788635460856743,-0.08657251947813616,1.215779339444605,105.22080977966766,103.1163935840743,-0.020000000000000018,-40.00000000000003,1,1,SL,SL
ABBV,2022-10-28,2022-10-31,2022-11-07,-0.03837158801605656,0.027757230829878205,1.3823997159959103,2.0411757876325387,0.027386950092420426,0.0503221776698739,0.020278143665486636,-0.014751168289549588,0.0037399335470664763,0.032670949159293805,2.0,0.023790580584941434,0.016434947579454517,1.0404228368362711,127.06042116693915,129.62493896484375,0.020183451104220707,40.36690220844142,5,5,TIME,TIME
BLK,2022-10-31,2022-11-01,2022-11-02,-0.026877446565578555,0.036247848128868256,0.7414908181590236,1.129567021085469,0.09821838801512972,0.0421287133777839,-0.032619825193676344,0.012715613950629479,0.05637522940821893,0.13466842205080454,1.0,-0.007223268483452339,0.010899766503351227,0.9987857727397582,600.0016877973692,588.0016540414218,-0.019999999999999907,-39.999999999999815,1,1,SL,SL
LLY,2022-11-01,2022-11-02,2022-11-08,-0.02626395746435728,0.028550757803853587,0.9199040405439728,2.4654206560275895,0.039165511675845366,0.09008865652187348,0.18585138332764473,-0.010523808808415192,0.003615159900372422,0.05238332004932622,2.0,-0.0043759047459098754,0.007908120994791323,0.8911569051497451,343.2268750510161,356.95595005305677,0.040000000000000036,80.00000000000007,4,4,TP,TP
BLK,2022-11-02,2022-11-03,2022-11-04,-0.0202299774875232,0.03243975611720854,0.6236168180312448,1.1253465357031163,0.07550749649086597,0.033705081500090106,-0.04070674887115411,-0.037574194623725576,0.0015836514462668205,0.10539888165857647,2.0,-0.025096226493915186,-0.01553930474287235,1.2986662098833925,572.3194612468126,595.2122396966851,0.040000000000000036,80.00000000000007,1,1,TP,TP
HD,2022-11-02,2022-11-03,2022-11-04,-0.02475839769156063,0.030018109129636504,0.8247820535477024,1.3889533898571007,0.01292078214476522,0.0125647759375902,-0.04367367281065626,-0.033216069081105415,-0.00489369504438375,0.04805970127404646,3.0,-0.025096226493915186,-0.01553930474287235,1.2986662098833925,257.50020133730084,252.35019731055482,-0.020000000000000018,-40.000000000000036,1,1,SL,SL
XOM,2022-11-02,2022-11-03,2022-11-04,-0.02055216974456986,0.024385145618431695,0.8428151328748001,1.0494671036101186,0.051606614401737305,0.11970802726703988,0.24052576825874827,-0.009846281103940036,0.023053997287459493,0.05607492925605051,1.0,-0.025096226493915186,-0.01553930474287235,1.2986662098833925,95.24462355524638,99.05440849745624,0.040000000000000036,80.00000000000007,1,1,TP,TP
V,2022-11-03,2022-11-04,2022-11-10,-0.030853234602063795,0.028963845899254645,1.0652326596882553,1.0650697043779174,0.014605670778905733,0.011249183050655143,-0.053089971150943605,-0.05990545545755788,-0.04669814205737577,0.040220047471470455,4.0,-0.010296767185619005,-0.023575060685121385,0.8885627315386767,191.02080092609341,198.66163296313715,0.040000000000000036,80.00000000000007,4,4,TP,TP
XOM,2022-11-09,2022-11-10,2022-11-10,-0.044736868607645475,0.02564609024959872,1.7443933235922955,1.034069066118491,0.014812152446637583,0.0972159482197783,0.2183687917599908,-0.03036230220721281,-0.006477612707747382,0.016427049713918507,1.0,-0.020602131707665894,-0.00980901368760212,0.8083596803325731,96.65690049855671,94.72376248858558,-0.020000000000000018,-40.000000000000036,0,0,SL,SL
JNJ,2022-11-11,2022-11-14,2022-11-21,-0.02991922247900558,0.018054453167407187,1.6571658084343024,1.5758282037490787,-0.008746893930365096,0.014193453417018276,-0.009087669471739335,-0.026403328284161254,-0.013004433834954754,-0.03213788800846795,2.0,0.009678479076184576,0.05444622619342243,0.9844735431895214,151.96709900789025,158.04578296820588,0.040000000000000036,80.00000000000007,5,5,TP,TP
LLY,2022-11-11,2022-11-14,2022-11-14,-0.04453270905121398,0.03201209294393053,1.3911214467986652,2.0841394924411802,0.00014759334787584066,0.06358372693032299,0.16573608466390533,-0.03916439757931567,-0.01429744612125261,-0.02111715637821665,2.0,0.009678479076184576,0.05444622619342243,0.9844735431895214,348.9559877456043,341.9768679906922,-0.02000000000000013,-40.00000000000026,0,0,SL,SL
MRK,2022-11-11,2022-11-14,2022-11-18,-0.03857105709223396,0.023872733795487287,1.6156950193749964,1.3133304099654364,-0.0034182897699932546,0.06705543313205342,0.13074309754166413,-0.03487692846340229,-0.012499973101955608,-0.02788544478732946,1.0,0.009678479076184576,0.05444622619342243,0.9844735431895214,88.19111483313412,91.71875942645948,0.040000000000000036,80.00000000000007,4,4,TP,TP
PEP,2022-11-11,2022-11-14,2022-11-21,-0.020088227715282292,0.018514045118916717,1.0850263994850675,1.4671797808908296,0.0007979893722138698,0.0354282589015269,0.05723900849675734,-0.014719948644491332,-0.0040834007954699825,-0.022938178747322624,2.0,0.009678479076184576,0.05444622619342243,0.9844735431895214,157.7409372596031,163.17054748535156,0.03442105974565535,68.8421194913107,5,5,TIME,TIME
BLK,2022-11-14,2022-11-15,2022-11-15,-0.0433687147436953,0.03720665691832217,1.1656170786561226,1.2438425587618351,0.13489414169845548,0.19110639123939333,0.11883135343013485,0.10682172790129485,0.09588931893461106,0.14745086503662108,2.0,-0.008506626447184473,0.04522838317575939,0.7628480729395789,691.654835389584,677.8217386817923,-0.020000000000000018,-40.000000000000036,0,0,SL,SL
HD,2022-11-14,2022-11-15,2022-11-15,-0.025465153974977395,0.03080377350207784,0.8266894305419973,1.6084330303750571,0.057052612360320776,0.07651408609198307,0.02405075302909032,0.0703399551192625,0.05736025075919304,0.03643647919610493,2.0,-0.008506626447184473,0.04522838317575939,0.7628480729395789,276.1065462412551,287.15080809090534,0.040000000000000036,80.00000000000007,0,0,TP,TP
LOW,2022-11-14,2022-11-15,2022-11-16,-0.020859175449675416,0.0348801414051425,0.5980243946660169,1.1233682166360988,0.071254738957929,0.06432256428828609,0.03157877727907099,0.09660815968119585,0.09701973247437046,0.04980772006207146,2.0,-0.008506626447184473,0.04522838317575939,0.7628480729395789,191.84810441106436,199.52202858750692,0.040000000000000036,80.00000000000006,1,1,TP,TP
WMT,2022-11-14,2022-11-15,2022-11-21,-0.029386987142089316,0.020165580686315087,1.4572844491422023,2.194745356479873,-0.010492903925139796,0.019977877520908516,0.01990460274136785,-0.007743863566312736,-0.028501481902306502,-0.027682190877863055,2.0,-0.008506626447184473,0.04522838317575939,0.7628480729395789,46.32259536289618,48.17549917741203,0.040000000000000036,80.00000000000007,4,4,TP,TP
AVGO,2022-11-16,2022-11-17,2022-11-22,-0.0241981179472589,0.034814617762832574,0.6950562580380346,1.0870914046821312,0.07841612977008316,0.08535824126229152,-0.03360989500482592,-0.01227576155533816,0.09001627651987287,0.12214129717280797,2.0,-0.007628750348996016,0.04562412102122293,0.7327401868982951,47.708405079429966,49.616741282607165,0.040000000000000036,80.00000000000007,3,3,TP,TP
NVDA,2022-11-16,2022-11-17,2022-11-18,-0.045361833885524616,0.05110893929734794,0.8875518550994163,1.1634672289595147,0.12881311588102373,0.20214829482803087,-0.12469871146581002,-0.02554056219029921,0.15490723495779068,0.2035707900624697,2.0,-0.007628750348996016,0.04562412102122293,0.7327401868982951,15.676148882942353,15.362625905283506,-0.020000000000000018,-40.000000000000036,1,1,SL,SL
NEE,2022-11-17,2022-11-18,2022-11-28,-0.02336347815400419,0.028536751182515484,0.8187154173429186,1.1025492954858307,0.047796433366907864,0.03157988464513517,0.03876146435693273,0.00844952950210387,-0.010216559030280847,0.053338018409593735,2.0,-0.003059747864711415,0.04267301081655517,0.8027016075786985,74.29567872616595,75.09452819824219,0.010752300615229471,21.504601230458942,5,5,TIME,TIME
V,2022-11-21,2022-11-22,2022-11-30,-0.02125241208437978,0.027896399116994337,0.7618335253682589,1.2584425796212475,0.012703257309440774,0.06950135463069951,0.008879883707414882,-0.018178155623554293,-0.002610307702070047,0.033388941592610744,2.0,-0.003636073652512617,0.044903263586230535,0.5745301807678166,201.69069404115672,209.75832180280298,0.040000000000000036,80.00000000000009,5,5,TP,TP
COP,2022-11-23,2022-11-25,2022-11-28,-0.024926969260592013,0.04040046474857335,0.6169970918830148,1.0047689800774398,-0.021617729536554497,0.057451628291262935,0.23482692770799285,-0.014386908770884,-0.019344072631752973,0.015681985723390524,3.0,0.006301711832221946,0.064631569691743,0.7893400197862298,111.89259824503081,109.6547462801302,-0.020000000000000018,-40.000000000000036,1,1,SL,SL
BAC,2022-11-28,2022-11-29,2022-11-30,-0.02228132872537092,0.019513977777586775,1.1418137798108312,1.0832449313522117,-0.006924091694828216,0.06985080193837079,0.0246750691191584,-0.016804466207221647,-0.008873446255521222,-0.040354160812711704,1.0,-0.015956857170703942,0.046071922560863676,0.8249371604832574,33.61731246780609,32.94496621844996,-0.02000000000000013,-40.000000000000256,1,1,SL,SL
CVX,2022-11-28,2022-11-29,2022-12-05,-0.0290689695415961,0.025404551310594718,1.1442425881173968,1.192766350629114,-0.02124299152331599,0.06219271901980594,0.12458180823221165,-0.04050771825117094,-0.025301891268585064,-0.03604163561624074,4.0,-0.015956857170703942,0.046071922560863676,0.8249371604832574,154.59773312763605,151.50577846508332,-0.020000000000000018,-40.000000000000036,4,4,SL,SL
HD,2022-11-28,2022-11-29,2022-12-01,-0.02285689043444017,0.030997479092313405,0.7373790096404357,1.004550899728474,0.04425252918231304,0.0975137760495357,0.07036062777585017,-0.018345562259942882,0.018328055845649338,0.012637231653839676,2.0,-0.015956857170703942,0.046071922560863676,0.8249371604832574,286.9488365003998,298.4267899604158,0.040000000000000036,80.00000000000007,2,2,TP,TP
PLD,2022-11-28,2022-11-29,2022-11-30,-0.04235757857891709,0.03152958223380894,1.3434234004374903,1.1211373641259552,-0.0063696776844019976,0.03388639587977682,-0.13402231065171444,-0.037312237403417936,-0.027060149816557688,-0.04021379666280511,2.0,-0.015956857170703942,0.046071922560863676,0.8249371604832574,99.29959063291858,103.27157425823533,0.040000000000000036,80.00000000000007,1,1,TP,TP
XOM,2022-11-28,2022-11-29,2022-12-05,-0.030032806905683662,0.02727653276342078,1.1010492853387577,1.290012499089192,-0.017422652229573732,0.06863664694659999,0.20836753298606925,-0.0382731114097149,-0.020253575582299455,-0.028574078250923618,4.0,-0.015956857170703942,0.046071922560863676,0.8249371604832574,97.80638085376464,95.85025323668934,-0.020000000000000018,-40.00000000000004,4,4,SL,SL
BAC,2022-12-01,2022-12-02,2022-12-05,-0.028700311821569735,0.020123746937480803,1.4261912510992147,1.4019614877115405,-0.01388096273342454,0.06113963122847377,0.02614493059941858,-0.0026129385540495376,-0.022502345830669568,-0.01596123521910775,2.0,-0.0007358944904883868,0.07296128749412834,0.9490545101182588,32.97262532746645,32.313172820917124,-0.020000000000000018,-40.000000000000036,1,1,SL,SL
COST,2022-12-01,2022-12-02,2022-12-05,-0.06562817185754166,0.02456603912666732,2.6714999320464288,3.1995740266416957,-0.022038303020736616,0.02011577767851458,-0.016164237377067958,-0.050968016470650745,-0.057306926513963075,-0.038636723710541165,4.0,-0.0007358944904883868,0.07296128749412834,0.9490545101182588,476.3640222382518,466.83674179348674,-0.020000000000000018,-40.000000000000036,1,1,SL,SL
CVX,2022-12-05,2022-12-06,2022-12-06,-0.024691999878918902,0.024982210322920414,0.9883833159576255,1.0844003361266388,-0.032502451390651665,0.033929000015954225,0.10465673297570999,-0.03682273713511752,-0.010091944818345744,-0.035138490796448485,3.0,-0.017989345781299293,0.048889535129560624,0.9771072002140059,150.52396351711297,147.5134842467707,-0.02000000000000013,-40.000000000000256,0,0,SL,SL
JPM,2022-12-05,2022-12-06,2022-12-06,-0.028040833334360693,0.02019378002287657,1.388587639490703,1.026677747850493,-0.02052594671408625,0.07126546220115548,0.07855988204847497,-0.04928363058180851,-0.02218091780636222,-0.01845469971826219,3.0,-0.017989345781299293,0.048889535129560624,0.9771072002140059,122.15093386016834,119.70791518296497,-0.020000000000000018,-40.000000000000036,0,0,SL,SL
MS,2022-12-05,2022-12-06,2022-12-06,-0.024864101110339543,0.020662679499998192,1.2033338227184776,1.385462566132914,0.003071592277792412,0.07458108747119985,0.08055246861670162,-0.03502706204022632,-0.0008897881084053427,0.006838812626252189,3.0,-0.017989345781299293,0.048889535129560624,0.9771072002140059,79.6647700797399,78.0714746781451,-0.020000000000000018,-40.000000000000036,0,0,SL,SL
ORCL,2022-12-05,2022-12-06,2022-12-13,-0.04703047834806717,0.023821492574343687,1.974287639672088,1.3577886134235055,-0.006417024095513035,0.08927886193304646,0.07803100101369354,-0.043357630963268945,-0.02408152192169699,-0.0037626568291729834,3.0,-0.017989345781299293,0.048889535129560624,0.9771072002140059,75.72738733407483,78.75648282743784,0.040000000000000036,80.00000000000007,5,5,TP,TP
UPS,2022-12-05,2022-12-06,2022-12-06,-0.04345539454921121,0.022537355954431047,1.9281496301995218,1.60734702791588,0.011186164865565118,0.06852097555681502,-0.012664906789102037,-0.04516962294161342,0.006947794011500141,0.012236411884196441,2.0,-0.017989345781299293,0.048889535129560624,0.9771072002140059,146.72167326450193,143.7872397992119,-0.019999999999999907,-39.999999999999815,0,0,SL,SL
XOM,2022-12-05,2022-12-06,2022-12-06,-0.02739855022723281,0.026225053058540993,1.0447471799607906,1.1363841236043168,-0.043090034980130976,0.019959866314479546,0.16512449620974778,-0.04032669155866242,-0.026955540118505983,-0.04666316963165351,3.0,-0.017989345781299293,0.048889535129560624,0.9771072002140059,93.64159493944356,91.76876304065469,-0.020000000000000018,-40.00000000000003,0,0,SL,SL
BA,2022-12-06,2022-12-07,2022-12-08,-0.036034647259839736,0.03000376299020821,1.2010042630852575,1.2283476309245527,0.017115281062473287,0.16737800584084717,0.1374875419647552,0.01507562814249197,0.017738907264652326,0.03174505699590857,2.0,-0.014414717441914027,0.032170484406542466,0.9797361057185471,176.27999877929688,183.33119873046877,0.040000000000000036,80.00000000000007,1,1,TP,TP
CVX,2022-12-06,2022-12-07,2022-12-14,-0.02577028554211591,0.027218668731369834,0.9467871407103521,1.1553759915109854,-0.05428037179530365,0.0035078735169233877,0.07478142498716944,-0.05742777874784166,-0.04982596553354912,-0.050926983940000836,4.0,-0.014414717441914027,0.032170484406542466,0.9797361057185471,146.70743847608682,147.7966766357422,0.00742455986533308,14.849119730666159,5,5,TIME,TIME
GS,2022-12-06,2022-12-07,2022-12-13,-0.02322794006178719,0.018985898610411008,1.2234311653307808,1.2472227955370476,-0.03854142515304759,0.06423301257989911,0.12480180636971139,-0.05445428368072991,-0.048005210800692866,-0.03924162573169199,4.0,-0.014414717441914027,0.032170484406542466,0.9797361057185471,331.3332742222082,344.58660519109657,0.040000000000000036,80.00000000000007,4,4,TP,TP
LOW,2022-12-06,2022-12-07,2022-12-13,-0.020710072621516695,0.02974803886549824,0.6961827875496097,1.0450336773085809,-0.02682012154712432,0.02272889675988865,0.023987432753759697,-0.06297561884298275,-0.02679891740664253,-0.03975844876420753,3.0,-0.014414717441914027,0.032170484406542466,0.9797361057185471,188.14567014714575,195.67149695303158,0.040000000000000036,80.00000000000007,4,4,TP,TP
MS,2022-12-06,2022-12-07,2022-12-12,-0.0256099004956154,0.021940386244136408,1.1672493004748117,1.6647064882305458,-0.0236746856988298,0.04493170888507869,0.05321598682378359,-0.059032447939825206,-0.039196542080795704,-0.01762459697093255,4.0,-0.014414717441914027,0.032170484406542466,0.9797361057185471,77.17581556870383,80.26284819145198,0.040000000000000036,80.00000000000007,3,3,TP,TP
PFE,2022-12-06,2022-12-07,2022-12-08,-0.020106638025675472,0.01755899146335369,1.1450907113679518,1.151779733908225,0.016138386472325017,0.0778732962367441,0.02703067867586406,-0.026820721206256115,0.004445253104720326,0.03175582607944638,3.0,-0.014414717441914027,0.032170484406542466,0.9797361057185471,39.77030513780631,41.36111734331856,0.040000000000000036,80.00000000000007,1,1,TP,TP
UPS,2022-12-06,2022-12-07,2022-12-12,-0.033450922430043106,0.024749141805959475,1.3515992874544152,1.7160127884058327,-0.02469060798366074,0.030972046770925576,-0.04493675584652379,-0.07934175039794855,-0.052950203608153945,-0.03050762126153994,3.0,-0.014414717441914027,0.032170484406542466,0.9797361057185471,142.93517286210442,148.6525797765886,0.040000000000000036,80.00000000000007,3,3,TP,TP
GE,2022-12-09,2022-12-12,2022-12-15,-0.026067311504820223,0.025010955065181514,1.0422357497698795,1.150528679982858,-0.04931978634959899,0.0464659376931329,0.053058388585508265,-0.04491093939055135,-0.062499860842322286,-0.07590178730910502,4.0,-0.00747009953443567,0.026104707927461668,1.0894416744676416,49.95779144523291,48.958635616328245,-0.02000000000000013,-40.000000000000256,3,3,SL,SL
WMT,2022-12-09,2022-12-12,2022-12-16,-0.0233229000108075,0.013872509709311925,1.6812314786236553,1.156458106374072,-0.02592914006471514,0.028925623050482407,0.06430362802188183,-0.026901097445288902,-0.04805002101295763,-0.047117111047744964,4.0,-0.00747009953443567,0.026104707927461668,1.0894416744676416,46.5898243446371,45.65802785774436,-0.020000000000000018,-40.000000000000036,4,4,SL,SL
LLY,2022-12-13,2022-12-14,2022-12-21,-0.023390082243951227,0.021785467893661023,1.0736552622198718,1.8736515654406112,-0.015849105012946674,0.017605928545345595,0.1409125410084231,-0.03531570411385054,-0.02680825298764622,-0.014535033960750843,3.0,0.007569885276347721,0.04457333233739447,1.6194860348644307,348.89777087382305,357.6442565917969,0.025068906849327277,50.137813698654554,5,5,TIME,TIME
AMD,2022-12-14,2022-12-15,2022-12-15,-0.037962333046436925,0.043698582010361815,0.8687314622116409,1.078419869162366,-0.05603143881224082,0.040836177106539084,-0.19737449184634848,0.004957048920227525,-0.0172511989592522,-0.11207004065505277,2.0,-0.006393610361865143,0.0367400467711092,1.4007857573766143,67.5999984741211,66.24799850463867,-0.020000000000000018,-40.000000000000036,0,0,SL,SL
GS,2022-12-14,2022-12-15,2022-12-16,-0.0225393309504901,0.022657325488961308,0.9947922124114474,1.1750085104993915,-0.036223130912010015,0.033434044224906145,0.11394263545463934,0.00345270225546801,0.0012780893482597921,-0.06673573246186615,2.0,-0.006393610361865143,0.0367400467711092,1.4007857573766143,324.0117901992641,317.5315543952788,-0.020000000000000018,-40.000000000000036,1,1,SL,SL
MS,2022-12-14,2022-12-15,2022-12-15,-0.02383768919454865,0.025872140824717293,0.921365160929203,1.193791651236696,0.0034427764659474835,0.06530629693978796,0.08908290685256515,0.011512185032998667,0.03689273396960857,-0.027613415866615587,1.0,-0.006393610361865143,0.0367400467711092,1.4007857573766143,79.24699906060977,77.66205907939757,-0.02000000000000013,-40.000000000000256,0,0,SL,SL
NVDA,2022-12-14,2022-12-15,2022-12-15,-0.02202301752488678,0.04256713691044419,0.5173713602401869,1.1037028135661213,0.07221882366515708,0.21418613695208388,0.015221333141313131,0.03958595669116605,0.09640194830035997,0.04437766623057371,2.0,-0.006393610361865143,0.0367400467711092,1.4007857573766143,17.107985485394817,16.76582577568692,-0.020000000000000018,-40.000000000000036,0,0,SL,SL
ADBE,2022-12-15,2022-12-16,2022-12-16,-0.0329784111844873,0.03183223261494246,1.0360068545429895,1.9266002007641652,-0.01611229454587204,0.03289059068792444,-0.12967952296223095,-0.027974159733349047,-0.011636283821746418,-0.0447531154341565,3.0,-0.024461561074910265,0.010721774593867694,1.4779948645705974,345.0,338.09999999999997,-0.02000000000000013,-40.000000000000256,0,0,SL,SL
AVGO,2022-12-15,2022-12-16,2022-12-20,-0.02861921573302617,0.02950971334222663,0.9698235764314861,1.5528731058093777,0.03955526642732021,0.13251937622871157,0.061022613743372256,0.0024612070447627143,0.05068918471768402,0.013163839165200253,1.0,-0.024461561074910265,0.010721774593867694,1.4779948645705974,52.66346887639491,51.61019949886701,-0.020000000000000018,-40.00000000000003,2,2,SL,SL
GS,2022-12-15,2022-12-16,2022-12-23,-0.02927468877884354,0.025016478203406908,1.1702162287118705,1.4463223629772197,-0.0606681379808196,0.0007216447613480614,0.08099542264555248,-0.036758641180621554,-0.023039716849672875,-0.08853355403038599,2.0,-0.024461561074910265,0.010721774593867694,1.4779948645705974,315.41976827299095,315.81280517578125,0.0012460756817567198,2.4921513635134396,5,5,TIME,TIME
HON,2022-12-15,2022-12-16,2022-12-23,-0.02677908828031028,0.02119920122913791,1.2632121366678155,1.1606390868661327,-0.030796301717485153,0.035421301045584164,0.10065780590213658,-0.025780711996549854,-0.0205297560999268,-0.03873220217140283,3.0,-0.024461561074910265,0.010721774593867694,1.4779948645705974,189.58074910190373,195.54196166992188,0.03144418721973641,62.888374439472805,5,5,TIME,TIME
JPM,2022-12-15,2022-12-16,2022-12-23,-0.024810697227223066,0.025359606774580205,0.9783549661382229,1.273458981679502,-0.02891594058669178,0.026681206724515683,0.07138775683886145,-0.030623455520990994,-0.02092091002557217,-0.045067491193477416,4.0,-0.024461561074910265,0.010721774593867694,1.4779948645705974,118.26819699694174,120.21873474121094,0.016492495817109987,32.984991634219966,5,5,TIME,TIME
MA,2022-12-15,2022-12-16,2022-12-22,-0.03149558455245505,0.025004633508429637,1.2595899292759944,1.1594984100719123,-0.011166286731569386,0.055904267862525,0.035500252325824766,-0.03328039250918413,-0.014010400636292664,-0.040326928240631776,3.0,-0.024461561074910265,0.010721774593867694,1.4779948645705974,337.1084641254156,330.3662948429073,-0.020000000000000018,-40.00000000000003,4,4,SL,SL
META,2022-12-15,2022-12-16,2022-12-19,-0.044740542200998545,0.04313388656786187,1.0372481072534223,1.098977340971954,0.008671164687671373,0.001136025589473233,-0.2940934776784311,0.012553351744915897,0.007110003688369115,-0.035619456995387044,2.0,-0.024461561074910265,0.010721774593867694,1.4779948645705974,119.1833892878749,116.79972150211741,-0.020000000000000018,-40.00000000000003,1,1,SL,SL
MS,2022-12-15,2022-12-16,2022-12-22,-0.02994465378767197,0.02827363393790726,1.0591017006669357,1.317589532629636,-0.025508272530648135,0.032074971538344155,0.05635505693015341,-0.0365451584223222,-0.01014761165324396,-0.05602145661250646,2.0,-0.024461561074910265,0.010721774593867694,1.4779948645705974,76.91802798125488,75.37966742162978,-0.02000000000000013,-40.000000000000256,4,4,SL,SL
MSFT,2022-12-15,2022-12-16,2022-12-16,-0.03191832640525483,0.02978083223569748,1.071774158379469,1.3760680999000272,0.004040078632920219,0.04095824484816113,-0.0498744765961201,-0.013860982582459047,0.006507583230215053,-0.02230165863728517,2.0,-0.024461561074910265,0.010721774593867694,1.4779948645705974,241.21590435148062,236.391586264451,-0.020000000000000018,-40.00000000000003,0,0,SL,SL
NFLX,2022-12-15,2022-12-16,2022-12-20,-0.08627255130781475,0.04964658032276992,1.7377340140433941,1.9059426967681579,-0.038004778995581856,0.0335103582427434,0.1524789600805887,-0.07858999017762036,-0.06397855871054225,-0.08373558460852981,3.0,-0.024461561074910265,0.010721774593867694,1.4779948645705974,28.875999450683594,28.29847946166992,-0.020000000000000018,-40.00000000000003,2,2,SL,SL
NKE,2022-12-15,2022-12-16,2022-12-19,-0.026379469378685405,0.029022494516078648,0.9089318412678487,1.1144723762939674,0.002086940765687384,0.09850667048658446,-0.014783534695952838,-0.03176594984323711,-0.025592586034092424,-0.020402680120846672,3.0,-0.024461561074910265,0.010721774593867694,1.4779948645705974,98.73763138649818,96.76287875876821,-0.020000000000000018,-40.00000000000004,1,1,SL,SL
NVDA,2022-12-15,2022-12-16,2022-12-16,-0.040851104883847356,0.047022416340829994,0.8687580958781135,1.0835306140724574,0.02516458979470415,0.15862134947260964,-0.024219897504448085,-0.033247872453616045,-0.012639250819318937,-0.010679896833437175,3.0,-0.024461561074910265,0.010721774593867694,1.4779948645705974,16.826611361927757,16.4900791346892,-0.02000000000000013,-40.000000000000256,0,0,SL,SL
ORCL,2022-12-15,2022-12-16,2022-12-23,-0.021388401386419842,0.027386798414610954,0.7809748720028937,1.0364596900028578,-0.011273965166471389,0.05825565742444372,0.08327332995178649,-0.01488694974801219,0.0,-0.048032355373809565,3.0,-0.024461561074910265,0.010721774593867694,1.4779948645705974,76.30952548065997,77.15890502929688,0.011130714590174895,22.26142918034979,5,5,TIME,TIME
PLD,2022-12-15,2022-12-16,2022-12-16,-0.02459286297076224,0.02970018043447367,0.8280374937458882,1.2627263631152457,0.020265056621856736,0.07114210355526729,-0.06691072085012884,0.004744612829248318,0.008418282586649228,0.012724178039787315,2.0,-0.024461561074910265,0.010721774593867694,1.4779948645705974,103.23499998742481,101.17029998767632,-0.020000000000000018,-40.000000000000036,0,0,SL,SL
V,2022-12-15,2022-12-16,2022-12-22,-0.02536087555214428,0.023736201143936847,1.0684471115809717,1.3925414350435306,-0.017710041013724087,0.03153209665805656,0.02026031647065052,-0.03112890774110233,-0.00569091942875144,-0.04188922859364397,3.0,-0.024461561074910265,0.010721774593867694,1.4779948645705974,201.64210125166042,197.60925922662722,-0.020000000000000018,-40.000000000000036,4,4,SL,SL
AMT,2022-12-16,2022-12-19,2022-12-19,-0.021858482046413608,0.028698568092731948,0.7616575843011963,1.972515817044007,-0.016687924500815354,0.03035804042189949,-0.10291698464084154,-0.044496261645671,-0.001823769446342216,-0.026986271801412,3.0,-0.011806116040452341,-0.0018235548334136764,1.463342660782513,187.51645942623747,183.76613023771273,-0.020000000000000018,-40.00000000000003,0,0,SL,SL
DUK,2022-12-16,2022-12-19,2022-12-27,-0.021168736394327592,0.019191872873476595,1.103005242577604,3.1244687703117235,0.004620445588122912,0.0623989536752696,-0.026532098315736996,-0.02677012887772734,-9.9882284730346e-05,0.008239344927079673,2.0,-0.011806116040452341,-0.0018235548334136764,1.463342660782513,86.65803994382941,89.72174835205078,0.035354000739080016,70.70800147816003,5,5,TIME,TIME
MCD,2022-12-16,2022-12-19,2022-12-27,-0.020645724775587793,0.01586045658863209,1.3017106197551414,1.9524918337625579,-0.022782542881339407,0.0063315144024134185,0.06353906565567269,-0.029750762016156118,-0.021761625825306385,-0.026627745143928294,3.0,-0.011806116040452341,-0.0018235548334136764,1.463342660782513,243.62605354415717,244.16590881347656,0.0022159176387985813,4.431835277597162,5,5,TIME,TIME
NKE,2022-12-16,2022-12-19,2022-12-19,-0.02359238802040131,0.030900214694907238,0.7635023980687632,1.9637455284966616,-0.021966728890505216,0.06911473227003362,-0.0368642643116559,-0.06114311940139494,-0.03171260153456423,-0.05570408598098653,3.0,-0.011806116040452341,-0.0018235548334136764,1.463342660782513,97.00069755701449,95.0606836058742,-0.020000000000000018,-40.000000000000036,0,0,SL,SL
NVDA,2022-12-16,2022-12-19,2022-12-19,-0.022475241104981114,0.04809994391844091,0.46726127463039285,1.112122051762771,-0.0005899613293431916,0.12727357981043808,-0.04419081798293223,-0.08305680803331783,-0.025292739467523973,-0.018073303149994224,3.0,-0.011806116040452341,-0.0018235548334136764,1.463342660782513,16.535258005172167,16.204552845068722,-0.02000000000000013,-40.000000000000256,0,0,SL,SL
PFE,2022-12-16,2022-12-19,2022-12-27,-0.041223490899950144,0.025653123127759667,1.6069579791375002,2.87832909292508,0.014176882402162638,0.08204480197401187,0.05635707920293731,-0.03146777219858532,-0.006186995877058399,0.009625036380005447,2.0,-0.011806116040452341,-0.0018235548334136764,1.463342660782513,41.18525072623944,40.87348556518555,-0.007569825497147242,-15.139650994294485,5,5,TIME,TIME
PLD,2022-12-16,2022-12-19,2022-12-27,-0.04719865151254754,0.03176295538029911,1.4859653627137728,3.356401830680155,-0.0281754839798658,0.01854829621561427,-0.10976655827306914,-0.06687009618633732,-0.02860487174026649,-0.033754809569462196,2.0,-0.011806116040452341,-0.0018235548334136764,1.463342660782513,100.30591393536945,101.47933197021484,0.011698393333033907,23.396786666067815,5,5,TIME,TIME
ADBE,2022-12-19,2022-12-20,2022-12-20,-0.02888875327123752,0.037052655431818966,0.7796675551202008,1.2207603649464949,-0.015757839770597082,0.0278722689818669,-0.126727306901825,-0.032831263889326556,-0.027826250963911225,-0.015953744891166965,3.0,-0.008479764597451256,-0.011260616703696491,0.983057303401554,327.0,340.08,0.040000000000000036,80.00000000000007,0,0,TP,TP
NKE,2022-12-19,2022-12-20,2022-12-21,-0.027371241015818115,0.032910478879789075,0.8316877161160755,1.4297898120256467,-0.0478369323198522,0.0364721451781036,-0.06207409728092206,-0.0753699866045433,-0.08048543081247761,-0.05993419993042437,4.0,-0.008479764597451256,-0.011260616703696491,0.983057303401554,95.16211351010475,98.96859805050894,0.040000000000000036,80.00000000000007,1,1,TP,TP
NVDA,2022-12-22,2022-12-23,2022-12-23,-0.07042014240572136,0.0520475962170529,1.352995095336389,1.3372576945951402,-0.0774305759113737,0.01938901264904458,-0.10893830678583094,-0.05629378882433167,-0.09515100600190007,-0.10658761939065053,4.0,-0.014266141660710052,-0.013447618149760032,1.1793656219660644,15.162311789148932,14.859065553365953,-0.020000000000000018,-40.000000000000036,0,0,SL,SL
PFE,2023-01-04,2023-01-05,2023-01-09,-0.022044535170511415,0.021102281196719797,1.044651758973721,1.0846305134766898,-0.028365978436152517,0.014662770363998101,0.028276914302132417,-0.023378187132779504,-0.01955801256568168,-0.02394857463162703,3.0,0.007720455158210182,-0.01138110184857144,1.0367697903582114,39.75431459977421,38.95922830777873,-0.019999999999999907,-39.999999999999815,2,2,SL,SL
BLK,2023-01-05,2023-01-06,2023-01-09,-0.028618958904512493,0.023651985193389555,1.210002402356955,1.066246399652193,-0.00749011079815487,0.002833748425254745,0.07152609287973877,-0.010428391952035598,0.001299268017751265,0.01399741897552853,2.0,-0.011413533483160765,-0.022777610220765077,0.9291880492006523,656.278139852795,682.5292654469068,0.040000000000000036,80.00000000000007,1,1,TP,TP
ABBV,2023-01-09,2023-01-10,2023-01-10,-0.029360637251458988,0.01609199273795471,1.824549496732542,1.5832382507774199,-0.008044354641369433,0.02393708928855598,0.0859879961229908,-0.012401706486059316,0.000309491652678906,-0.009860912549241818,2.0,-0.0005668859179304153,-0.0015776616195481985,0.8661385287056839,141.9922586120925,139.15241343985065,-0.02000000000000013,-40.000000000000256,0,0,SL,SL
BA,2023-01-09,2023-01-10,2023-01-12,-0.02079808767972413,0.028096084789613517,0.7402486088528858,1.2786796329347754,0.08639831196144065,0.17143098344110053,0.3268436754912707,0.024209428154324142,0.0949131256742155,0.10794160597194558,1.0,-0.0005668859179304153,-0.0015776616195481985,0.8661385287056839,203.89999389648438,212.05599365234374,0.040000000000000036,80.00000000000006,2,2,TP,TP
JNJ,2023-01-09,2023-01-10,2023-01-11,-0.025908476316806928,0.012371242946737932,2.094250062693863,1.2178501647685058,-0.010900500790246181,0.00040292285766807545,0.021993887944056434,-0.02525955909559119,-0.006057072980729661,-0.008190905707585294,2.0,-0.0005668859179304153,-0.0015776616195481985,0.8661385287056839,157.8441394550319,154.68725666593124,-0.020000000000000018,-40.000000000000036,1,1,SL,SL
MRK,2023-01-09,2023-01-10,2023-01-18,-0.03883665243419321,0.016093758786935496,2.413149901669945,1.3596340276467096,-0.004368749185542975,0.037611442811380735,0.19546158564398097,-0.015167738383852658,-0.005137476953638753,-0.007731227486965198,1.0,-0.0005668859179304153,-0.0015776616195481985,0.8661385287056839,99.44289329741862,97.85086822509766,-0.0160094403886607,-32.0188807773214,5,5,TIME,TIME
AMT,2023-01-18,2023-01-19,2023-01-20,-0.025362388768397914,0.02749739347512704,0.9223561059101707,1.2866428679403248,0.035888467614100916,0.0458051871270615,-0.04014562536932298,-0.030231165412583305,0.014597981847471964,0.049005527392058656,2.0,-0.01578814385562799,0.002827820828895211,1.3002354085614538,198.5813973438287,194.60976939695215,-0.019999999999999907,-39.999999999999815,1,1,SL,SL
JPM,2023-01-18,2023-01-19,2023-01-26,-0.030042556700759615,0.02094257948600551,1.43452036177468,1.368337164750958,0.013153257413920372,0.023924060536893332,0.13078801839399623,-0.02093313967035315,-0.014646274515700775,0.018197186978769153,3.0,-0.01578814385562799,0.002827820828895211,1.3002354085614538,124.83369725699328,129.13255310058594,0.03443666203959883,68.87332407919766,5,5,TIME,TIME
NEE,2023-01-18,2023-01-19,2023-01-19,-0.022626492325184766,0.01984312654410537,1.140268509344674,1.215333292873296,-0.0032946214274320873,0.0011473835685218425,0.044551477784821936,-0.014928838698884173,-0.008753165247954664,-0.0003580074329162519,2.0,-0.01578814385562799,0.002827820828895211,1.3002354085614538,75.3904752614108,73.88266575618258,-0.02000000000000013,-40.000000000000256,0,0,SL,SL
XOM,2023-01-18,2023-01-19,2023-01-23,-0.02054350339066935,0.023815964375897603,0.8625938075159336,1.1420555007343411,0.012235623601713597,0.010038860581254694,0.15335106025543266,-0.023052272500210913,0.00472365101521155,0.03849426250045673,3.0,-0.01578814385562799,0.002827820828895211,1.3002354085614538,97.32888219176033,101.22203747943074,0.040000000000000036,80.00000000000007,2,2,TP,TP
CAT,2023-01-19,2023-01-20,2023-01-24,-0.023328829956482444,0.020406941888215013,1.1431810843718244,1.6236211417727155,0.007160038894845622,0.03870399579480899,0.2061535086056694,-0.04464137907925014,-0.015187504990356926,0.02304437212845767,3.0,-0.00727972800174137,-0.005186539957945824,1.129623977637423,234.24377897210894,243.6135301309933,0.040000000000000036,80.00000000000006,2,2,TP,TP
GE,2023-01-19,2023-01-20,2023-01-20,-0.030402274234014315,0.026784744780487636,1.1350593213851343,1.180775976991619,0.0858291138987477,0.13353608631102443,0.28344914062174187,-0.041645947131492944,-0.010683497943874243,0.09487178402891128,2.0,-0.00727972800174137,-0.005186539957945824,1.129623977637423,60.82038646001155,59.60397873081131,-0.020000000000000018,-40.000000000000036,0,0,SL,SL
MS,2023-01-19,2023-01-20,2023-01-27,-0.02516034976354653,0.025384998643536997,0.9911503292497649,1.7981255912645178,0.0661729328620646,0.059219530424019284,0.1308614708602498,0.027165483653366795,0.05277855781834506,0.08655506691359482,2.0,-0.00727972800174137,-0.005186539957945824,1.129623977637423,83.67379171817576,86.10054016113281,0.02900249161805224,58.00498323610448,5,5,TIME,TIME
NFLX,2023-01-19,2023-01-20,2023-01-23,-0.03232924720134156,0.03661002237587862,0.8830709489716797,2.1021936324365527,0.02579757954769546,0.05044655052966829,0.28653961658296034,-0.05119891544409039,-0.03507922029858057,0.020587541791253106,2.0,-0.00727972800174137,-0.005186539957945824,1.129623977637423,33.67900085449219,35.026160888671875,0.040000000000000036,80.00000000000007,1,1,TP,TP
NVDA,2023-01-19,2023-01-20,2023-01-20,-0.03521897272230046,0.04367941894619065,0.8063058889516651,1.0790748248235429,0.07645653195458446,0.04961939282168282,0.02579632958392497,-0.007929368015862859,0.04774732073497123,0.13668738210948606,2.0,-0.00727972800174137,-0.005186539957945824,1.129623977637423,16.973284656262667,17.652216042513174,0.040000000000000036,80.00000000000007,0,0,TP,TP
AMD,2023-01-24,2023-01-25,2023-01-26,-0.023912215604918408,0.04221649181895132,0.566418822944071,1.2114262769474557,0.10486611076824204,0.0682140814842811,-0.06708616084966412,0.10323435176906526,0.043441832231321476,0.1109458554651781,3.0,-0.0010733205477033714,0.02096353938897111,0.781986366943039,72.9000015258789,75.81600158691407,0.040000000000000036,80.00000000000007,1,1,TP,TP
GOOGL,2023-01-24,2023-01-25,2023-01-27,-0.020944002312739074,0.02852757054388993,0.7341670501004119,1.0680468386252697,0.07822361722097093,0.04570937359247185,-0.0781381729168511,0.049973058272384296,0.0702157052948067,0.10997497629323849,2.0,-0.0010733205477033714,0.02096353938897111,0.781986366943039,94.73000940210903,98.5192097781934,0.040000000000000036,80.00000000000007,2,2,TP,TP
GOOGL,2023-01-25,2023-01-26,2023-02-01,-0.025383786774962114,0.02969064111781487,0.8549423595885718,1.3254065691695966,0.047392274131355716,0.01888613221172153,-0.09981135618174308,-0.028565604240866516,0.04499553103403531,0.07690569351585252,2.0,0.0003749054661632556,0.020957479433487025,1.0960745353898014,95.65182554315432,99.47789856488049,0.040000000000000036,80.00000000000007,4,4,TP,TP
CVX,2023-01-27,2023-01-30,2023-01-30,-0.04441129517430209,0.02467461663891645,1.7998778187401394,2.3825077261462244,0.007515034799415732,0.010175948826348868,0.09750510801369772,-0.007631529131553294,-0.00801548827708165,0.013383929899996705,3.0,0.002297637316317269,0.03347294067666451,0.8731942813901412,152.65950799952103,149.6063178395306,-0.02000000000000013,-40.00000000000026,0,0,SL,SL
COP,2023-01-30,2023-01-31,2023-02-01,-0.02491719541770121,0.027835399569636456,0.8951621245948093,1.0913342077098374,0.011539536169077103,0.015969012925029613,0.12270848981488003,0.0013290759471968894,0.0033298299569317624,-0.007738655499124336,3.0,-0.012546907719311884,0.02030219422306856,0.9436493127410525,106.67230635657567,104.53886022944415,-0.020000000000000018,-40.000000000000036,1,1,SL,SL
META,2023-01-30,2023-01-31,2023-02-02,-0.030842375013009904,0.03127005806106886,0.9863229212039288,1.0413912551301057,0.08277247331783255,0.18763417106016345,-0.03687026200975341,0.03929338076415023,0.026453633727083092,0.07358735962145757,3.0,-0.012546907719311884,0.02030219422306856,0.9436493127410525,146.66206232671513,152.52854481978375,0.040000000000000036,80.00000000000007,2,2,TP,TP
NVDA,2023-01-30,2023-01-31,2023-02-01,-0.059072015517220966,0.04559619398972447,1.2955470697956368,1.054468912804657,0.12537913716836568,0.160092304764625,0.18455326148785023,-0.008331919486405104,-0.0016151827376535977,0.13391308734849638,1.0,-0.012546907719311884,0.02030219422306856,0.9436493127410525,19.127499744923487,19.892599734720427,0.040000000000000036,80.00000000000009,1,1,TP,TP
TSLA,2023-01-30,2023-01-31,2023-01-31,-0.06318150994943417,0.05888377582756844,1.0729867278628826,1.1967396760451157,0.26550947500575384,0.10581040875413894,-0.2821308847756284,0.153915475411194,0.15937393851902182,0.36160132013456403,1.0,-0.012546907719311884,0.02030219422306856,0.9436493127410525,164.57000732421875,171.1528076171875,0.040000000000000036,80.00000000000006,0,0,TP,TP
CAT,2023-01-31,2023-02-01,2023-02-01,-0.03521958129291325,0.024157293165548314,1.4579274694211728,3.1028472146751596,0.0028411156034844343,0.04763280121212121,0.22735882440493693,-0.037501830553928195,-0.020651204902798592,-0.01079681577353786,2.0,0.014703404303224366,0.034627517774727945,1.1020571200573093,238.87421256324123,234.0967283119764,-0.020000000000000018,-40.000000000000036,0,0,SL,SL
XOM,2023-02-02,2023-02-03,2023-02-10,-0.03128817674017503,0.03213799970385316,0.9735570672876621,1.4419861543591694,-0.013254219529652667,0.011311469007242225,0.13868674594867714,-0.021222293608428866,-0.05613098891507928,-0.00152697658635903,4.0,0.014557059239092007,0.05863908340647228,1.2567167703376048,98.94706262804212,102.9049451331638,0.040000000000000036,80.00000000000009,5,5,TP,TP
ADBE,2023-02-03,2023-02-06,2023-02-10,-0.03288892754948358,0.02942782656476709,1.1176132045327583,1.0278037815278258,0.06253111143171597,0.10283360535897135,0.04726564998620297,0.024274964419918277,0.02325266465938247,0.06439750091198215,2.0,-0.01062920061638839,0.04634668414079979,1.1584735684178238,376.2099914550781,368.68579162597655,-0.020000000000000018,-40.000000000000036,4,4,SL,SL
AMD,2023-02-03,2023-02-06,2023-02-07,-0.025138730405129373,0.04492808115104594,0.5595326967251112,1.0582815855064056,0.16862927169846476,0.21416659193160625,0.08510145736461672,0.14557544364446073,0.1417771166535413,0.22862846743025944,2.0,-0.01062920061638839,0.04634668414079979,1.1584735684178238,84.62999725341797,82.9373973083496,-0.02000000000000013,-40.000000000000256,1,1,SL,SL
AMT,2023-02-03,2023-02-06,2023-02-10,-0.023439813511849983,0.027518287253517626,0.8517904219803397,1.2312394123416186,-0.0049402381094009185,0.020607405382606192,-0.04541053584343491,-0.0059537242222115205,0.005752308105244408,0.0029359085449129907,2.0,-0.01062920061638839,0.04634668414079979,1.1584735684178238,193.98176299321074,190.10212773334652,-0.020000000000000018,-40.000000000000036,4,4,SL,SL
AMZN,2023-02-03,2023-02-06,2023-02-06,-0.08431497620839845,0.04192861118158284,2.010917457848779,1.7052922541295887,0.05941059901937895,0.11984835700540186,-0.07645211358363202,0.0025211106676514827,0.011248058977967101,0.0631362405105238,2.0,-0.01062920061638839,0.04634668414079979,1.1584735684178238,102.93000030517578,100.87140029907226,-0.020000000000000018,-40.000000000000036,0,0,SL,SL
DIS,2023-02-03,2023-02-06,2023-02-09,-0.02208275390475256,0.026871996405551542,0.8217757092357469,1.11920309329878,0.06979630165095974,0.14553981922347203,0.07968630285287226,0.0204628369133113,0.01068112885153294,0.06986864231688128,2.0,-0.01062920061638839,0.04634668414079979,1.1584735684178238,106.81677393999588,111.08944489759573,0.040000000000000036,80.00000000000007,3,3,TP,TP
GOOGL,2023-02-03,2023-02-06,2023-02-07,-0.02747354059920515,0.032932941374027996,0.8342267484456062,1.733626070023211,0.09696597517308181,0.11525505078486797,-5.020641895780997e-05,0.06009716002809373,0.054442908013138114,0.06896543600835381,2.0,-0.01062920061638839,0.04634668414079979,1.1584735684178238,101.49998482270392,105.55998421561208,0.040000000000000036,80.00000000000007,1,1,TP,TP
HD,2023-02-03,2023-02-06,2023-02-07,-0.024397473365309952,0.026500750530300245,0.9206332981933677,1.044170150108893,0.02920432514259952,0.031076536948097644,0.11212156887889768,0.02261165967673584,0.0467649689671612,0.0523811659920419,2.0,-0.01062920061638839,0.04634668414079979,1.1584735684178238,300.55194370217276,294.5409048281293,-0.019999999999999907,-39.999999999999815,1,1,SL,SL
PLD,2023-02-03,2023-02-06,2023-02-10,-0.02134002746904251,0.02716696448278584,0.785513872282804,1.088985697873554,0.05631893371044017,0.10941188300868565,0.09352359383343267,0.018100074276378386,0.013709089093794535,0.07164933633120785,2.0,-0.01062920061638839,0.04634668414079979,1.1584735684178238,116.03522222476171,113.71451778026648,-0.020000000000000018,-40.00000000000003,4,4,SL,SL
COST,2023-02-08,2023-02-09,2023-02-16,-0.02462581721998125,0.0207589464267508,1.1862749059483793,1.101214704571357,0.013835892769136438,0.03922304428091139,0.016464096156978858,-0.021348014003570892,-0.02553120325206959,0.02812721490846548,2.0,-0.010934803514228375,0.04010479644033582,0.9413516118535405,483.6737226263283,482.53460693359375,-0.0023551324776321936,-4.710264955264387,5,5,TIME,TIME
GOOGL,2023-02-08,2023-02-09,2023-02-09,-0.07683016143631283,0.04223031578717371,1.8193129746770176,2.2875463109004412,0.015798734888716304,0.05387190867831637,-0.048839264339727184,-0.051631916341230544,-0.010554601929833263,0.0435832892786181,3.0,-0.010934803514228375,0.04010479644033582,0.9413516118535405,99.12106582502693,97.1386445085264,-0.019999999999999907,-39.999999999999815,0,0,SL,SL
GOOGL,2023-02-09,2023-02-10,2023-02-14,-0.04387649157856288,0.04503283245362891,0.9743222708396873,2.594212162925341,-0.03050035087499381,0.007854033144729877,-0.08934973830506354,-0.07667648607208777,-0.11815480636398712,-0.025738224315249303,4.0,-0.008669125076817275,0.030409973662042233,0.965968693712106,94.61105508342865,92.71883398176008,-0.019999999999999907,-39.999999999999815,2,2,SL,SL
CRM,2023-02-10,2023-02-13,2023-02-17,-0.038178105737035506,0.03261174751795226,1.1706856774853618,1.2301482731473221,0.03153638518669721,0.14055677868764138,0.04048913995035952,-0.024813414980743298,-0.023444888751787962,0.015256322944624312,3.0,0.0023336659339106003,0.032050951007116746,0.8791492055573099,165.41817740476924,162.10981385667384,-0.02000000000000013,-40.000000000000256,4,4,SL,SL
DIS,2023-02-10,2023-02-13,2023-02-14,-0.020840818568035657,0.031318579019555114,0.6654458542012007,1.1191906395226148,0.009411269939098021,0.10274758189449873,0.05634162971301393,-0.03198066237334818,-0.02393649043585211,-0.013511030322917894,3.0,0.0023336659339106003,0.032050951007116746,0.8791492055573099,104.80978149313924,102.71358586327645,-0.020000000000000018,-40.000000000000036,1,1,SL,SL
NVDA,2023-02-10,2023-02-13,2023-02-13,-0.047992230761712995,0.04916866279515539,0.9760735402070299,1.0550667820833841,0.07385424415368091,0.21421166010727344,0.31245109886414,-0.0409506190177773,0.007819747721316439,0.04419336677100216,2.0,0.0023336659339106003,0.032050951007116746,0.8791492055573099,21.49024697725974,21.060442037714544,-0.020000000000000018,-40.000000000000036,0,0,SL,SL
TSLA,2023-02-10,2023-02-13,2023-02-13,-0.05030873801899527,0.0625766403386505,0.8039539634396455,1.0154826132647743,0.1896281380809155,0.287244711126559,-0.12867782795325688,0.00040649271910520035,0.036372269804760826,0.10674539710335162,1.0,0.0023336659339106003,0.032050951007116746,0.8791492055573099,194.4199981689453,190.5315982055664,-0.020000000000000018,-40.000000000000036,0,0,SL,SL
ADBE,2023-02-16,2023-02-17,2023-02-17,-0.02867478509679755,0.030127697053858406,0.9517748749775489,1.1152935148951137,-0.019023936538450692,0.0400568328808244,0.012348156856718306,-0.026239990234374955,-0.028338772160588666,-0.06901564532542193,3.0,-0.013769031032494272,0.03090655901282524,0.9625670402255206,359.30999755859375,352.12379760742186,-0.020000000000000018,-40.000000000000036,0,0,SL,SL
TSLA,2023-02-16,2023-02-17,2023-02-17,-0.05694553722096751,0.06199975657662537,0.9184800129108353,1.1202054819668636,0.11610740131813602,0.31174528626352305,-0.09875962099703639,0.03801887546079552,-0.025467942560067347,0.0731395798650123,3.0,-0.013769031032494272,0.03090655901282524,0.9625670402255206,199.99000549316406,207.98960571289064,0.040000000000000036,80.00000000000007,0,0,TP,TP
ADBE,2023-02-17,2023-02-21,2023-02-24,-0.022757140637678308,0.03186213104160715,0.7142378709057754,1.14514415461383,-0.041408663819578084,0.014902309565965055,-0.009993816117277454,-0.0557025354139985,-0.03811419311320596,-0.059262334285474116,3.0,-0.002498138922852444,0.027540904271839528,1.1259064647116248,350.7799987792969,343.76439880371095,-0.020000000000000018,-40.000000000000036,3,3,SL,SL
XOM,2023-02-17,2023-02-21,2023-02-28,-0.03845150783531914,0.030193650689830747,1.2734964787901468,1.1789394412244028,-0.023357136158935088,0.010593331741120426,0.12858129699964138,-0.044150413002744804,-0.05902251128945646,0.0019325433814283421,5.0,-0.002498138922852444,0.027540904271839528,1.1259064647116248,98.73720499535217,97.93525695800781,-0.008122045153922564,-16.244090307845127,5,5,TIME,TIME
AVGO,2023-02-21,2023-02-22,2023-03-01,-0.023589946124633276,0.02305451752968665,1.023224454567621,1.1830018600658176,-0.025225823903197275,0.010165084853354545,0.11568105910163018,-0.043031871618906536,-0.03257250438291537,-0.03286204413390559,3.0,-0.020060709857381842,0.006535233215101188,1.0436318726034244,55.465338928240485,56.54368591308594,0.01944181728052885,38.883634561057704,5,5,TIME,TIME
BAC,2023-02-21,2023-02-22,2023-03-01,-0.02347951020300265,0.020609153052022232,1.1392758423276774,1.1551879121439033,-0.03089518148004977,0.009551482673892941,0.0158149429847132,-0.029246368225159802,-0.03169708066354149,-0.05086613927557171,4.0,-0.020060709857381842,0.006535233215101188,1.0436318726034244,31.418176327414173,31.217012405395508,-0.00640278798878402,-12.80557597756804,5,5,TIME,TIME
GS,2023-02-21,2023-02-22,2023-02-28,-0.020027112100981292,0.021168284159114918,0.9460904790602859,1.1054857949905805,-0.01259950555190581,0.01066356085733422,0.08926887744079415,-0.03531547071433383,-0.034489899904199706,-0.026105647510639707,4.0,-0.020060709857381842,0.006535233215101188,1.0436318726034244,330.54723631282457,323.9362915865681,-0.020000000000000018,-40.000000000000036,4,4,SL,SL
WMT,2023-02-22,2023-02-23,2023-02-23,-0.020973410333570697,0.018703951619239267,1.1213357883152895,1.6222562864877206,0.004722684278716249,0.0032146412691484993,0.06231959887223848,-0.0002079193852408956,-0.008591647109653877,0.023123797599469587,2.0,-0.0013783165968032085,0.004939509680902843,1.0414269221363242,46.101252184625096,45.179227140932596,-0.019999999999999907,-39.999999999999815,0,0,SL,SL
CRM,2023-03-10,2023-03-13,2023-03-14,-0.030998377630812923,0.03404382170158972,0.9105434137955615,1.431980906921241,0.008960548509306498,0.07723931193710776,0.07658874074878197,-0.05531304867293918,-0.07107228193077875,0.06769411718544016,5.0,-0.01442945232930426,-0.03264705369296872,2.0671619839590774,168.09192649107916,174.81560355072233,0.040000000000000036,80.00000000000007,1,1,TP,TP
GE,2023-03-13,2023-03-14,2023-03-15,-0.022307783793707014,0.028352196922071613,0.7868097084335942,1.3673394616462322,0.04321899614186808,0.10200617410788437,0.40366361197872336,0.02287875583070198,0.021938834946793495,0.062171501144358654,3.0,-0.0014251425514716365,-0.03444680528641608,1.6453064788673943,71.53158569335938,70.10095397949219,-0.020000000000000018,-40.000000000000036,1,1,SL,SL
META,2023-03-17,2023-03-20,2023-03-20,-0.045478837491218393,0.039020782641449876,1.165502955415057,1.5886643963057234,0.07923355567502299,0.18293852958113743,0.306919702759503,0.008195099473954137,0.08968854115235203,0.05592437302968212,1.0,-0.011692922382155468,-0.020988350941284928,1.2586896064126691,196.75220898573428,192.8171648060196,-0.020000000000000018,-40.000000000000036,0,0,SL,SL
MSFT,2023-03-20,2023-03-21,2023-03-28,-0.025766587984692224,0.025729254846612655,1.0014509995840195,1.3786350984118607,0.06048634359422689,0.08040893117829784,0.08289915526508973,0.025580377442680824,0.07210939278647888,0.059796941254320446,1.0,0.009615771084220404,-0.012357987088328026,0.8319223718635553,267.43719558177474,267.77764892578125,0.0012730216650151949,2.5460433300303897,5,5,TIME,TIME
TSLA,2023-04-03,2023-04-04,2023-04-04,-0.061168427796826186,0.045914965439328694,1.3322111257527391,1.1854205892504328,0.04001582293951422,0.03198810153889875,-0.09675352121296399,0.004590465067227489,0.015431973054287562,0.06286496192338853,2.0,0.003810638022084145,0.026634831133023562,0.6028806831021359,197.32000732421875,193.37360717773439,-0.019999999999999907,-39.999999999999815,0,0,SL,SL
NVDA,2023-04-05,2023-04-06,2023-04-11,-0.020835562605373337,0.030991118207269366,0.6723075452142313,1.049117219036258,0.03618620050444177,0.14225346938238626,0.5411704943489302,-0.03225675717610976,-0.0038169996229747705,0.015603704734438617,2.0,-0.002618292696399571,0.01732617956909488,0.5969673146290557,26.529562651009662,27.59074515705005,0.040000000000000036,80.00000000000007,2,2,TP,TP
AMZN,2023-04-11,2023-04-12,2023-04-12,-0.022022120390757682,0.02622095566436414,0.8398671914421133,1.0812285042756342,0.001021852611504448,0.015253165800515278,-0.06906328106539772,-0.011671615459794782,-0.024314084602316433,0.01917581839924498,2.0,0.000268726749838466,0.021478129907205323,0.6202336805300602,100.4000015258789,98.39200149536133,-0.020000000000000018,-40.000000000000036,0,0,SL,SL
UNH,2023-04-14,2023-04-17,2023-04-18,-0.027440216490176472,0.021307604333296853,1.287813311198779,1.3958165612832802,0.04270967322637986,0.059127234817422325,0.0035102102236204136,-0.017620935595776044,-0.001988874189406964,0.0887760958168704,1.0,-0.002442792163656282,0.027246846300313488,0.9214398045868336,476.8523400093409,467.31529320915405,-0.020000000000000018,-40.000000000000036,1,1,SL,SL
GOOGL,2023-04-17,2023-04-18,2023-04-18,-0.02663734903199766,0.02537780521736783,1.0496317078581656,1.1653652234734342,0.013717741104734893,0.072614249990822,0.04911454880186561,0.012710203131691467,-0.004415605508580334,0.02159454485471768,3.0,0.003588328458705492,0.030997416783342224,0.8189936951080227,105.55402729287576,103.44294674701824,-0.020000000000000018,-40.00000000000004,0,0,SL,SL
JNJ,2023-04-18,2023-04-19,2023-04-26,-0.028128264928791502,0.015944000510317732,1.7641911708789177,1.839896259220631,0.014933068976628494,0.02376380553373214,-0.029374133625182708,-0.03070263779522764,-0.019845226654982784,0.02652206704916682,4.0,0.0006522692240453765,0.03149377596705483,0.7980437131080563,146.57412439753764,147.1441650390625,0.0038890946397796,7.7781892795592,5,5,TIME,TIME
UNH,2023-04-19,2023-04-20,2023-04-27,-0.03623538956994998,0.023076968506083293,1.5701971236125756,1.6377986943509746,-0.01638775556833727,0.0027262318510701267,-0.046332762495122415,-0.050001033728493294,-0.06713476332629686,-0.014292889046450541,4.0,-0.0001689482743481019,0.031018172728700444,0.7095896224478724,455.0587408382288,459.7455139160156,0.010299270527478921,20.59854105495784,5,5,TIME,TIME
NVDA,2023-04-20,2023-04-21,2023-04-25,-0.029608654169936632,0.029339378105432096,1.009177974513873,1.0397906576299765,-0.0008828507197923274,0.09052676393676173,0.5056138861127635,0.003777506776161177,0.024222464172412916,0.008295763050437,1.0,-0.005457160613583145,0.025480147502387807,0.9974458340383303,26.896814866617028,26.358878569284688,-0.020000000000000018,-40.000000000000036,2,2,SL,SL
BLK,2023-04-21,2023-04-24,2023-04-25,-0.022171522774691477,0.018754563805367632,1.1821934652698185,1.4110680938282851,0.017295840732832524,0.011605169272695726,0.01818915945462174,-0.018860584013240755,-0.015028767015473843,0.03738603437300947,2.0,0.0007770349055102876,0.026118004298266273,0.9961688317764423,632.1788828488579,619.5353051918808,-0.020000000000000018,-40.000000000000036,1,1,SL,SL
ADBE,2023-04-25,2023-04-26,2023-04-26,-0.020538506586140537,0.01960665915069966,1.0475270890506414,1.1664390762649395,-0.022707595175248563,0.02388236382142006,0.047937482172690116,-0.028059783184434473,-0.021083278274248052,-0.004095791203871713,3.0,-0.01587390994055926,0.010546795818924926,1.3436835874992665,368.6000061035156,361.2280059814453,-0.02000000000000013,-40.000000000000256,0,0,SL,SL
AMZN,2023-04-25,2023-04-26,2023-04-27,-0.03427172037496595,0.030675916922811925,1.1172191025683746,1.2170002508794584,0.0026294939747630863,0.040844282851940195,-0.04035747665564815,-0.01194487903797159,0.002639263294350158,0.026521232730591704,3.0,-0.01587390994055926,0.010546795818924926,1.3436835874992665,105.04000091552734,109.24160095214845,0.040000000000000036,80.00000000000007,1,1,TP,TP
GOOGL,2023-04-25,2023-04-26,2023-04-26,-0.020005783135050415,0.025517591766436393,0.783999654754422,1.567706471579502,-0.009495053494050665,0.0458774708580616,0.030905918667470278,-0.013676604012508586,-0.006220244380106821,-0.014238402685045282,2.0,-0.01587390994055926,0.010546795818924926,1.3436835874992665,103.99781824829445,101.91786188332856,-0.020000000000000018,-40.000000000000036,0,0,SL,SL
META,2023-04-25,2023-04-26,2023-04-27,-0.024625130425271702,0.023329998681731825,1.0555135797994712,1.0105068351142994,-0.0265853831120777,0.0577661277921786,0.34218337905532925,-0.025906938630198884,-0.04745518544458227,-0.02945985538483331,5.0,-0.01587390994055926,0.010546795818924926,1.3436835874992665,210.65018419851057,219.076191566451,0.040000000000000036,80.00000000000009,1,1,TP,TP
MSFT,2023-04-25,2023-04-26,2023-04-28,-0.022536137269358436,0.021318027744277858,1.0571398789650013,1.7993150588002207,-0.034428724882087924,0.016219163133080583,0.08199010022352216,-0.03736291300960659,-0.04490740690382822,-0.02619944565896315,4.0,-0.01587390994055926,0.010546795818924926,1.3436835874992665,288.6662575975103,300.21290790141074,0.040000000000000036,80.00000000000007,2,2,TP,TP
LLY,2023-04-26,2023-04-27,2023-04-27,-0.02226892817007131,0.018022771713547835,1.2355995250903395,1.1796380706805158,0.02762782194384461,0.10073524266104972,0.1134022044724472,-0.023284022877772093,0.015655812249552037,0.019563920834765325,2.0,-0.004235453142593437,0.006612381641863951,1.0924513818938952,381.46963038013456,373.84023777253185,-0.020000000000000018,-40.00000000000003,0,0,SL,SL
LOW,2023-04-26,2023-04-27,2023-05-01,-0.024674559567544274,0.019448218667783096,1.2687310847866422,1.282683212239108,-0.005051613452171422,0.003970999106716722,0.013353202553593624,-0.04376389887067933,-0.03364418579199613,0.010181968746534986,2.0,-0.004235453142593437,0.006612381641863951,1.0924513818938952,188.0628474080751,195.5853613043981,0.040000000000000036,80.00000000000007,2,2,TP,TP
MRK,2023-04-26,2023-04-27,2023-04-27,-0.026602583611124997,0.016271824095803838,1.6348863811762349,1.0873541334645374,0.009020065312089098,0.03942270677030835,0.1340324702352247,-0.01681551885866328,-0.006133328786737113,-0.0028131254403492845,1.0,-0.004235453142593437,0.006612381641863951,1.0924513818938952,103.79327908000376,101.71741349840367,-0.02000000000000013,-40.000000000000256,0,0,SL,SL
AMZN,2023-04-28,2023-05-01,2023-05-01,-0.039792412663683385,0.0345864758484566,1.1505194353433699,2.040865746416351,0.020427883088903087,0.06577588024692815,-0.012898806997544199,0.02807835879874032,-0.014117447168617958,0.028680077560671702,3.0,0.008535475294542572,0.03516419886269495,1.1862388069421812,104.94999694824219,102.85099700927734,-0.02000000000000013,-40.000000000000256,0,0,SL,SL
AMZN,2023-05-01,2023-05-02,2023-05-03,-0.032242712137328766,0.036067762649334964,0.8939482177146708,1.150581240753198,-0.011880641318732121,0.030599911220105858,-0.044341853390157615,-0.027910080124628478,-0.03916764964291397,-0.0067159317340713676,3.0,-0.0010101091176222265,0.03366670815768691,0.8522145646472453,101.47000122070312,105.52880126953126,0.040000000000000036,80.00000000000007,1,1,TP,TP
XOM,2023-05-01,2023-05-02,2023-05-02,-0.03101231354355216,0.020674242658396264,1.5000459294192032,1.1173285064913534,-0.011465525367123308,0.03128662184623865,0.1021084375685033,-0.006756209545287439,-0.02986474099467329,-0.00026149594942548315,3.0,-0.0010101091176222265,0.03366670815768691,0.8522145646472453,101.52619489475417,99.49567099685909,-0.020000000000000018,-40.00000000000003,0,0,SL,SL
NVDA,2023-05-02,2023-05-03,2023-05-04,-0.024213131566823032,0.0295234837636689,0.8201312474044579,1.005468497313562,0.03524451627450764,0.09726810403831232,0.526277264564972,0.036141920866895605,0.0750351501477966,0.01962616719131316,1.0,-0.011238974572601479,0.021788634834849274,1.3917402504178291,27.782995617159955,27.227335704816756,-0.020000000000000018,-40.00000000000004,1,1,SL,SL
GE,2023-05-04,2023-05-05,2023-05-10,-0.024073956938522323,0.021726281675369084,1.1080569283889374,1.134620606378299,0.01613408691007856,0.06755001922786352,0.3952080190428553,-0.018383117900964696,0.012849225775045436,-0.004410591580135903,1.0,-0.007083005726655656,0.006658469091918695,1.225218704906496,78.91460315352015,77.33631109044974,-0.020000000000000018,-40.000000000000036,3,3,SL,SL
NKE,2023-05-04,2023-05-05,2023-05-10,-0.024222770222631418,0.019608621268476747,1.235312258367317,1.4438160817985586,-0.011873233578002407,0.013900992582784433,0.1054074589961791,-0.0332239031555801,-0.016149640720590885,-0.006267529315131859,3.0,-0.007083005726655656,0.006658469091918695,1.225218704906496,116.67900031554322,114.34542030923235,-0.020000000000000018,-40.00000000000003,3,3,SL,SL
PEP,2023-05-22,2023-05-23,2023-05-25,-0.027105869680520867,0.012261961855987493,2.2105654868992373,1.416998348426843,-0.029334676385820768,0.006704578035282349,0.05704686834125705,-0.028220210810350865,-0.03927518554502163,-0.03470381103428288,4.0,0.00040611075544871866,0.029385974316487484,0.7602165986685377,166.79149777139114,163.45566781596332,-0.019999999999999907,-39.999999999999815,2,2,SL,SL
LLY,2023-05-23,2023-05-24,2023-06-01,-0.02483929623624548,0.02272523886613871,1.0930268492471944,1.2133825662524007,0.000487183767842847,0.11187814154882525,0.21921775518257425,-0.033524588369858166,-0.030779824575326797,-0.009499187046997593,2.0,-0.011222995715209572,0.016324557722753763,1.088827959737182,414.46558269782224,426.67474365234375,0.02945759904851486,58.915198097029716,5,5,TIME,TIME
MA,2023-05-23,2023-05-24,2023-05-31,-0.02803417708041056,0.01739893986211054,1.6112577721738233,1.5373945431959957,-0.01836550104915957,0.012778065996181365,0.07744296325996025,-0.046604731463108284,-0.017068112571223537,-0.023998653291003813,3.0,-0.011222995715209572,0.016324557722753763,1.088827959737182,362.3154152548863,355.0691069497886,-0.020000000000000018,-40.00000000000004,4,4,SL,SL
ORCL,2023-05-23,2023-05-24,2023-05-25,-0.03173817283571145,0.016077566647856183,1.9740656985516827,1.4904872458629719,0.012551671433840283,0.050864342542396024,0.19930094379419172,-0.037130903189116715,0.0029517313419944458,0.02496376512392051,2.0,-0.011222995715209572,0.016324557722753763,1.088827959737182,94.2216414130998,97.9905070696238,0.040000000000000036,80.00000000000007,1,1,TP,TP
AMD,2023-05-31,2023-06-01,2023-06-06,-0.056358248166238134,0.04536720049255498,1.2422685895173728,1.0718535812568555,0.1425782145864285,0.21889602271368358,0.47989663142350314,-0.017781465864402213,0.09332219831274102,0.16486002339490446,2.0,-0.005545338537757072,0.019178621755809866,1.3724622602232133,117.29000091552734,121.98160095214844,0.040000000000000036,80.00000000000007,3,3,TP,TP
NVDA,2023-05-31,2023-06-01,2023-06-01,-0.05676750026302424,0.04738180309887812,1.1980865342874287,1.8696548920442042,0.20850683661081404,0.3129447142390338,0.9081538487675405,-0.0038442632553409295,0.2328596304266577,0.295108182278893,2.0,-0.005545338537757072,0.019178621755809866,1.3724622602232133,38.410189027460895,39.94659658855933,0.040000000000000036,80.00000000000009,0,0,TP,TP
AVGO,2023-06-01,2023-06-02,2023-06-02,-0.022290537261500543,0.03942927053894002,0.5653296892593179,2.2489982198307237,0.15667510026595188,0.21542564620811855,0.4111452750365612,-0.028029036593959056,0.16249472246484054,0.20149998219087117,2.0,0.009501040165452501,0.027713311752790792,1.1024603294478734,75.85873408232838,78.89308344562151,0.040000000000000036,80.00000000000007,0,0,TP,TP
CRM,2023-06-01,2023-06-02,2023-06-05,-0.04691549663878225,0.026390664481332902,1.777730783245997,2.989605147164491,0.0268679060774919,0.06718937253777901,0.2747549430142586,-0.011789856937448606,0.018368047467941073,0.01681141760680216,1.0,0.009501040165452501,0.027713311752790792,1.1024603294478734,209.27935628560974,205.09376915989753,-0.020000000000000018,-40.00000000000004,1,1,SL,SL
BA,2023-06-05,2023-06-06,2023-06-06,-0.021282619487358545,0.023312314502494207,0.9129346416925482,1.0931584618161334,0.023810271531835348,0.015849346933648478,0.1321683682756838,0.014973271155806822,0.025290938334201485,0.016010478359942626,1.0,-0.001916284000555435,0.03705324775229246,0.8253639388677771,208.3699951171875,204.20259521484374,-0.020000000000000018,-40.00000000000004,0,0,SL,SL
ADBE,2023-06-07,2023-06-08,2023-06-09,-0.033657526926444525,0.032374380383975124,1.0396346285936808,1.2082443119108133,0.0866400229518498,0.1105494989402811,0.20415185969993344,-0.04136395259743153,0.001268576960810508,0.12931265093706723,3.0,-0.0034576509440906733,0.03259168201768636,1.0434647312286887,424.1499938964844,441.1159936523438,0.040000000000000036,80.00000000000007,1,1,TP,TP
AMD,2023-06-07,2023-06-08,2023-06-09,-0.05151735774723143,0.04893854007165957,1.052695026696664,1.099821967973607,0.06233068780384721,0.18827439020571402,0.46583079020241547,-0.00025452892534805205,-0.00321459484274611,0.08980761041258489,2.0,-0.0034576509440906733,0.03259168201768636,1.0434647312286887,118.30000305175781,123.03200317382813,0.040000000000000036,80.00000000000007,1,1,TP,TP
AMZN,2023-06-07,2023-06-08,2023-06-13,-0.04249267220189956,0.02829333296340587,1.5018616667346645,1.4397146314944547,0.031134797729920782,0.11238555799738692,0.160031895042408,-0.02430580799248616,0.0053906246144332925,0.05426563709094667,1.0,-0.0034576509440906733,0.03259168201768636,1.0434647312286887,123.01000213623047,127.93040222167969,0.040000000000000036,80.00000000000007,3,3,TP,TP
CRM,2023-06-07,2023-06-08,2023-06-09,-0.033450862022505246,0.03158785639402727,1.0589785392601139,1.203228258358745,-0.020102328140969905,0.022413326870659,0.22843247709236092,-0.034267417688238266,-0.0790132691297275,-0.004403678380787701,3.0,-0.0034576509440906733,0.03259168201768636,1.0434647312286887,201.8872717862739,209.96276265772488,0.040000000000000036,80.00000000000006,1,1,TP,TP
GOOGL,2023-06-07,2023-06-08,2023-06-15,-0.03778184586767941,0.02661808809243471,1.4194049451063924,1.3176879778873,0.005899920289659466,0.09482726461937863,0.213591678042391,-0.017405930670527092,-0.003011350808618918,-0.0004894809021747104,1.0,-0.0034576509440906733,0.03259168201768636,1.0434647312286887,121.15568781042428,123.99054718017578,0.0233984835626313,46.7969671252626,5,5,TIME,TIME
META,2023-06-07,2023-06-08,2023-06-12,-0.02773687468802244,0.026300673381013984,1.0546070165657897,1.2102468267771898,0.043359152374636833,0.13055896368597875,0.5862733064059329,-0.03305081511017016,-0.004230922471581633,0.06833094722515964,3.0,-0.0034576509440906733,0.03259168201768636,1.0434647312286887,258.3512750536968,268.68532605584466,0.040000000000000036,80.00000000000007,2,2,TP,TP
MSFT,2023-06-07,2023-06-08,2023-06-13,-0.030867943655989882,0.020643549670457735,1.4952827468506504,1.4224580267264384,0.00588769250651433,0.06585451708283818,0.24025711377879766,-0.03583787389849946,-0.015256467515029737,0.025756361554046592,2.0,-0.0034576509440906733,0.03259168201768636,1.0434647312286887,315.8576718437754,328.4919787175264,0.040000000000000036,80.00000000000007,3,3,TP,TP
AMD,2023-06-13,2023-06-14,2023-06-14,-0.036070930985723226,0.052351124535533,0.6890192198496196,1.6697075639781203,0.06835845718041433,0.22782072623877614,0.5372802345747207,0.02874841503350578,0.0024148387205733535,-0.005907223466110723,2.0,0.006592738576697066,0.050987799734032224,1.1519680667206615,126.52999877929688,123.99939880371093,-0.020000000000000018,-40.000000000000036,0,0,SL,SL
CRM,2023-06-13,2023-06-14,2023-06-20,-0.022041265636822405,0.03646621115340431,0.6044298253004752,1.3737536710266898,-0.01262926385253127,0.03218442956342593,0.24262186004823505,-0.0026250843351125486,-0.018182026358738446,-0.04518654920600296,3.0,0.006592738576697066,0.050987799734032224,1.1519680667206615,204.1677960939119,212.33450793766838,0.040000000000000036,80.00000000000007,3,3,TP,TP
AMD,2023-06-15,2023-06-16,2023-06-16,-0.024267681794154616,0.048621328258416176,0.49911597776957006,1.0683302009855709,0.045096255588355394,0.21084062316659646,0.526923929727025,-0.038315693816027174,0.026352703276246503,0.03992631283442072,2.0,0.012397578054858416,0.06220857176250805,1.2745215738778257,125.81999969482422,123.30359970092773,-0.020000000000000018,-40.000000000000036,0,0,SL,SL
AMD,2023-06-16,2023-06-20,2023-06-21,-0.03348354881071658,0.049633569233768125,0.6746149698203872,1.0187674887512028,0.004967102244808341,0.16405318123314028,0.47279778618171653,-0.035734337042184205,-0.03874476792214554,0.018835917268001046,3.0,-0.003406181627724658,0.05689145040106003,1.3063324383076484,119.08999633789062,116.7081964111328,-0.02000000000000013,-40.00000000000026,1,1,SL,SL
NFLX,2023-06-16,2023-06-20,2023-06-22,-0.02989200415404225,0.031595204360300035,0.9460930783407786,1.1279334813415576,0.0814302023327429,0.20247753589311546,0.3870298176350342,-0.008652208935757022,0.028427224307692622,0.07863256151290887,1.0,-0.003406181627724658,0.05689145040106003,1.3063324383076484,43.018001556396484,42.15764152526855,-0.020000000000000018,-40.00000000000004,2,2,SL,SL
BA,2023-06-20,2023-06-21,2023-06-22,-0.034637984388856013,0.028794086660981617,1.2029547870949964,1.3833042986957955,0.006974876903350191,0.025325820642375874,0.13534542713293463,-0.020885195513001387,-0.041478617722839894,0.017195116193508664,3.0,-0.005188220676807687,0.04991807467014597,0.8854573977885423,211.8300018310547,207.5934017944336,-0.020000000000000018,-40.000000000000036,1,1,SL,SL
GE,2023-06-20,2023-06-21,2023-06-28,-0.021356538426070215,0.021314605219489684,1.001967346152965,1.1191143536767965,-0.00330079460799404,0.027169475712892632,0.33102318849172074,-0.006494637273547044,-0.020803726804614953,-0.0007681109263149022,2.0,-0.005188220676807687,0.04991807467014597,0.8854573977885423,81.31546746389957,83.99095153808594,0.032902523439026776,65.80504687805356,5,5,TIME,TIME
GS,2023-06-20,2023-06-21,2023-06-22,-0.022435020972144337,0.021226375169102946,1.0569407538221927,1.3338960358577332,0.003820544330380038,0.0049028955140950625,-0.015089525331726916,-0.022752718682833684,-0.025832568726434357,0.027687296416938123,3.0,-0.005188220676807687,0.04991807467014597,0.8854573977885423,304.67106773821695,298.5776463834526,-0.020000000000000018,-40.000000000000036,1,1,SL,SL
ORCL,2023-06-20,2023-06-21,2023-06-23,-0.02725952799528697,0.030107217348865078,0.9054150597652142,1.0559745003539815,0.11147044136943118,0.20063522728304117,0.4306677396099645,-0.0018808194236266118,0.04818352144629445,0.14130742035054777,2.0,-0.005188220676807687,0.04991807467014597,0.8854573977885423,117.30810831997293,114.96194615357346,-0.020000000000000018,-40.000000000000036,2,2,SL,SL
AMD,2023-06-21,2023-06-22,2023-06-22,-0.05734465380748355,0.05117423377992209,1.1205766959618335,1.0237292505079525,-0.06844761713258574,0.07778801205170094,0.36968227217613814,-0.09763359193485044,-0.09973498988751406,-0.09756099508231708,4.0,-0.005123764779533357,0.043193396385965865,0.8866442290261003,112.23999786376953,109.99519790649414,-0.020000000000000018,-40.00000000000003,0,0,SL,SL
TSLA,2023-06-21,2023-06-22,2023-06-22,-0.054618400747766804,0.04306472463279373,1.2682863112092202,1.3309111006135126,0.14518502791989452,0.3419590166319115,0.3257990012164802,0.013911675043000615,0.002898998974804723,0.17238260502164549,3.0,-0.005123764779533357,0.043193396385965865,0.8866442290261003,250.77000427246094,260.80080444335937,0.040000000000000036,80.00000000000007,0,0,TP,TP
TSLA,2023-06-23,2023-06-26,2023-06-26,-0.030270888067223778,0.04588297458812781,0.6597411858963553,1.097972540292119,0.09567752268461582,0.3063723425635221,0.311969967871109,-0.06503918859384306,0.002735491300224213,0.09256580701978367,2.0,-0.007560142644091328,0.03631105620041142,1.0683967342099359,250.07000732421875,245.06860717773438,-0.020000000000000018,-40.000000000000036,0,0,SL,SL
GOOGL,2023-06-26,2023-06-27,2023-07-05,-0.03269571285699979,0.025682641237913827,1.2730666037857885,1.0539186296101126,-0.04060448661185978,0.01785063563870115,0.16416734883879647,-0.018332696648346802,-0.04201410753333512,-0.0318253282610792,4.0,-0.0040855955446139625,0.031115120962619258,0.8540037185203575,116.0509569547925,120.6929952329842,0.040000000000000036,80.00000000000007,5,5,TP,TP
META,2023-06-26,2023-06-27,2023-07-05,-0.035534928770846075,0.030439302577879863,1.1674028562227698,1.0133970549521596,0.018778993600694793,0.11925685847920442,0.6087506058619803,-0.011255361569841416,-0.009003520291965605,0.05102852513692291,2.0,-0.0040855955446139625,0.031115120962619258,0.8540037185203575,279.55504367467665,290.7372454216637,0.040000000000000036,80.00000000000007,5,5,TP,TP
NVDA,2023-06-26,2023-06-27,2023-06-30,-0.037361852043990784,0.03666161762592892,1.0190999323926893,1.0574228944310056,0.0031295652467868695,0.212774369660099,0.8557886067446301,-0.056057654877691876,-0.04825263295108162,0.04802682213869458,4.0,-0.0040855955446139625,0.031115120962619258,0.8540037185203575,40.71967665079335,42.34846371682509,0.040000000000000036,80.00000000000007,3,3,TP,TP
TSLA,2023-06-26,2023-06-27,2023-06-28,-0.060600166336257755,0.051909801083576124,1.1674128020388659,1.0857072179082041,0.01699421542140822,0.22035310838198674,0.23380962429010177,-0.0709550181516434,-0.07480619042738545,-0.013707000525316926,3.0,-0.0040855955446139625,0.031115120962619258,0.8540037185203575,243.24000549316406,252.96960571289063,0.040000000000000036,80.00000000000007,1,1,TP,TP
UPS,2023-07-05,2023-07-06,2023-07-12,-0.020677996617029515,0.01987234253216608,1.040541475347427,1.1481601021391337,0.03087420397037044,0.03955563410819618,0.02807892717763405,0.02226661837797339,0.03034314377000813,0.015231127856422999,1.0,-0.0014872393351820223,0.05045665277651845,0.732352953897169,149.13555357596312,155.10097571900164,0.040000000000000036,80.00000000000007,4,4,TP,TP
HD,2023-07-06,2023-07-07,2023-07-11,-0.028250089365154607,0.016432241339717744,1.7191866149672712,1.116766297402662,-0.0059787762281782175,0.022788623345517456,0.015935336055431737,-0.027749481605886528,-0.014648953135919074,0.004389475770553597,2.0,-0.00783057333418924,0.04082179011933351,1.0007245666557898,279.88421306692317,291.0795815896001,0.040000000000000036,80.00000000000007,2,2,TP,TP
COST,2023-07-07,2023-07-10,2023-07-14,-0.022926745861141073,0.012600160211085738,1.8195598688475334,1.691336881894623,-0.00460317806222188,0.027596234133820507,0.0629255564986626,-0.02955434618725561,-0.012488667486722504,0.001621466182694986,2.0,-0.002524735811275769,0.036526732377086146,1.0681596610627913,503.646148436225,523.791994373674,0.040000000000000036,80.00000000000007,4,4,TP,TP
LLY,2023-07-07,2023-07-10,2023-07-11,-0.024027931511640177,0.02157644932666058,1.113618424786439,1.0668116069337081,-0.007006849939301674,0.03197797530675883,0.22815031026516674,-0.020241865019410943,-0.026717567256845265,-0.012235592905519788,3.0,-0.002524735811275769,0.036526732377086146,1.0681596610627913,442.77436458056707,433.91887728895574,-0.020000000000000018,-40.00000000000004,1,1,SL,SL
WMT,2023-07-07,2023-07-10,2023-07-17,-0.02304133663877983,0.013090699357131228,1.7601303039801262,1.1093094583962673,-0.012246463139714447,0.008982228230987932,0.06520413716429863,-0.029772552693306698,-0.005120564975301778,-0.014510592535457056,3.0,-0.002524735811275769,0.036526732377086146,1.0681596610627913,49.74574645926975,49.83907699584961,0.0018761510927627345,3.752302185525469,5,5,TIME,TIME
AMZN,2023-07-10,2023-07-11,2023-07-13,-0.020419182854096718,0.023867571656970597,0.8555199141146491,1.1413317144152526,-0.005028485904321478,0.0633510407362381,0.21863075047589575,-0.024927193646876233,-0.024777564757675452,-0.017010782853854822,3.0,0.0025311262363274523,0.03734595887794612,0.7741331533570502,127.75,132.86,0.040000000000000036,80.00000000000007,2,2,TP,TP
PLD,2023-07-18,2023-07-19,2023-07-19,-0.031098774607125956,0.02553570935427092,1.2178543456802229,1.9162742474615735,0.011637862916393793,0.008933724926014852,0.05476339224559701,-0.023237584650336762,0.006330094531374009,0.0012109482903253088,1.0,0.007430647535585422,0.05994217562951998,1.1032306835444077,113.97612533020634,111.69660282360222,-0.020000000000000018,-40.00000000000003,0,0,SL,SL
AMZN,2023-07-20,2023-07-21,2023-07-21,-0.03989357175040831,0.02340828565353369,1.704250039531879,1.1262122615836132,-0.003920342154091427,0.0484061459016043,0.23773379896700653,-0.026954109842261875,-0.03231568309211452,0.012464989840352159,3.0,-0.006634355475664044,0.05107841768648824,0.9765461994171705,131.33999633789062,128.7131964111328,-0.02000000000000013,-40.000000000000256,0,0,SL,SL
MSFT,2023-07-20,2023-07-21,2023-07-21,-0.02312171693479448,0.02537176042301519,0.9113170134548624,1.2657168219785013,0.020124706324536,0.04768063731927885,0.26937904253814526,0.003297144201105384,0.012285923662459952,0.01640916141876647,2.0,-0.006634355475664044,0.05107841768648824,0.9765461994171705,340.43870595783125,333.6299318386746,-0.020000000000000018,-40.00000000000003,0,0,SL,SL
NFLX,2023-07-20,2023-07-21,2023-07-21,-0.08410976749907251,0.035394219245061115,2.376370189626633,3.0707110788263567,-0.005918983801126876,0.07308520139671293,0.308714056001294,-0.028063558678060985,-0.028775648817454758,-0.00323576462194175,2.0,-0.006634355475664044,0.05107841768648824,0.9765461994171705,43.73699951171875,42.862259521484376,-0.020000000000000018,-40.00000000000004,0,0,SL,SL
NVDA,2023-07-20,2023-07-21,2023-07-21,-0.03307334758090008,0.03257438666144962,1.0153175844763014,1.2077772533281717,0.04908487061327782,0.16835167131478168,0.8582998348692372,-0.02025347424943391,-0.00993967991114919,0.08115816594101322,3.0,-0.006634355475664044,0.05107841768648824,0.9765461994171705,45.698971418551594,44.78499199018056,-0.02000000000000013,-40.00000000000026,0,0,SL,SL
ORCL,2023-07-20,2023-07-21,2023-07-28,-0.023675036016805984,0.020900684426600914,1.1327397483057575,1.395146321278007,-0.010303211251102007,0.046220370712157566,0.2854726477139251,-0.025317626211367794,-0.013367467887485662,0.007247048866227512,3.0,-0.006634355475664044,0.05107841768648824,0.9765461994171705,112.44918905021352,111.96653747558594,-0.004292174792048131,-8.584349584096262,5,5,TIME,TIME
TSLA,2023-07-20,2023-07-21,2023-07-21,-0.09737009860008494,0.04177037013562968,2.3310805789826907,1.3074363965879132,-0.028060207439427276,0.1262476727078261,0.3564236340914597,-0.09463465295214846,-0.05397625163528208,-0.04932383824028763,2.0,-0.006634355475664044,0.05107841768648824,0.9765461994171705,268.0,262.64,-0.020000000000000018,-40.000000000000036,0,0,SL,SL
META,2023-07-21,2023-07-24,2023-07-24,-0.027304027951652432,0.03051968092414307,0.8946367434022927,1.5120538420674074,-0.007626761662215875,0.07063825613961106,0.5761329179290418,-0.05701017625564031,-0.047301455893268396,0.012838642086387075,2.0,0.0,0.04899261226907403,0.9855732783638584,293.20524684663945,287.34114190970666,-0.020000000000000018,-40.000000000000036,0,0,SL,SL
NFLX,2023-07-21,2023-07-24,2023-07-26,-0.022678445582832274,0.03607685723300765,0.628614777511251,2.0554887120004266,-0.02901706560305295,0.04386529062213529,0.27543866062861433,-0.09962088432685656,-0.032608491104334614,-0.0241954197686296,2.0,0.0,0.04899261226907403,0.9855732783638584,42.5,41.65,-0.020000000000000018,-40.00000000000004,2,2,SL,SL
NVDA,2023-07-21,2023-07-24,2023-07-27,-0.02660376163956557,0.033525925909090336,0.7935280210218485,2.039134962577983,0.01966656890513363,0.12815320341588698,0.7971951745284744,-0.06706116017466512,-0.025511823096507125,0.04249116161320954,3.0,0.0,0.04899261226907403,0.9855732783638584,44.64402903720118,46.429790198689226,0.040000000000000036,80.00000000000007,3,3,TP,TP
GE,2023-07-26,2023-07-27,2023-08-01,-0.02082618009021464,0.01943772375321984,1.0714310150006532,1.48277984169455,0.0396246235580322,0.07620874997727056,0.34774373210160636,0.039789733853230036,0.043953019113506686,0.03165465727399397,3.0,0.00015371107214923185,0.050229292971343265,1.0231283814596832,90.73490233928028,88.92020429249467,-0.020000000000000018,-40.000000000000036,3,3,SL,SL
MSFT,2023-07-26,2023-07-27,2023-07-27,-0.03763753162797179,0.028878463375279134,1.3033079751809333,1.8323068451844344,-0.012407387740715925,0.011522176670726081,0.22711015164441606,-0.0174534729135305,-0.048749568310585745,0.0016903216716206426,3.0,0.00015371107214923185,0.050229292971343265,1.0231283814596832,331.98500245672983,325.3453024075952,-0.020000000000000018,-40.000000000000036,0,0,SL,SL
JNJ,2023-07-31,2023-08-01,2023-08-07,-0.03983253830629163,0.01957006349193536,2.0353811484927604,2.247206964616918,0.018654848287738002,0.03562497433921186,0.024045154130458712,-0.03004853267701857,-0.020750470456505465,0.05318406687613164,1.0,0.00190393367547248,0.04903818128603277,0.9026037345643426,151.6730839043173,157.74000726049002,0.040000000000000036,80.00000000000009,4,4,TP,TP
AVGO,2023-08-02,2023-08-03,2023-08-09,-0.03010848646401698,0.022308328840705806,1.3496522612253365,1.0494154946625331,0.00030290966226398375,0.055740366877699676,0.4003441772644558,-0.008324092302188113,-0.0008843180866916489,-0.010062068993960671,2.0,-0.013910940778001701,0.028099038587289016,1.3112673897524108,85.52083150259769,83.81041487254573,-0.020000000000000018,-40.000000000000036,4,4,SL,SL
BLK,2023-08-02,2023-08-03,2023-08-08,-0.020238690364245526,0.018390802791162852,1.1004788966564647,1.071923915197147,-0.01604906995046851,0.02580015138368852,0.04934048940901126,-0.028306843115002422,-0.034609153159532946,-0.03995735777085763,3.0,-0.013910940778001701,0.028099038587289016,1.3112673897524108,663.1491483538301,649.8861653867535,-0.020000000000000018,-40.000000000000036,3,3,SL,SL
NVDA,2023-08-02,2023-08-03,2023-08-04,-0.04812189981646686,0.03717691148723996,1.2944028401332772,1.184275514692364,-0.017661200090194562,0.05774193627308777,0.7031262709806738,-0.05306938648570292,-0.02602767199764877,-0.05964687544171832,3.0,-0.013910940778001701,0.028099038587289016,1.3112673897524108,43.71483776411609,45.46343127468074,0.040000000000000036,80.00000000000009,1,1,TP,TP
CAT,2023-08-03,2023-08-04,2023-08-04,-0.021281788775390553,0.023615176095309037,0.90119119542022,1.413512325583128,0.07711853406396552,0.15747592868398885,0.21674104443239783,0.06139450938825042,0.08962485012471566,0.07798097719857,2.0,-0.0028657297719991703,0.02367512483283951,0.9076433773103912,271.51230362809804,266.0820575555361,-0.019999999999999907,-39.999999999999815,0,0,SL,SL
DIS,2023-08-11,2023-08-14,2023-08-15,-0.029860481405781902,0.023301352919092414,1.2814913155242218,1.1068019145611852,0.02277168701363319,0.0006160043039369345,-0.06925047707446375,0.010098762583720333,0.03151790042114566,0.03355396033647429,2.0,-0.0005830881422120848,0.0074411718520785985,0.9544007628992646,86.28142474329867,84.5557962484327,-0.020000000000000018,-40.000000000000036,1,1,SL,SL
JPM,2023-08-15,2023-08-16,2023-08-18,-0.025457291723383957,0.017086399144174407,1.489915546779416,1.2044880490200665,-0.031219031426115595,0.01904248714179868,0.10124454804897165,-0.017778120748178416,-0.03239688492335702,-0.04039946286698326,3.0,-0.011648901975693016,-0.0008040341868251755,1.0590812254412274,140.9815196692057,138.16188927582158,-0.02000000000000013,-40.000000000000256,2,2,SL,SL
COST,2023-08-17,2023-08-18,2023-08-24,-0.02135769503933571,0.014261971573667926,1.497527528295507,1.2337474626505336,-0.021387384496178385,0.007957064277422043,0.08309248923824297,-0.025575617996972055,-0.025610402043637404,-0.018970867166620442,3.0,-0.007619945182738563,-0.01675744774920107,1.3030652181341846,524.6145615675315,514.1222703361808,-0.02000000000000013,-40.000000000000256,4,4,SL,SL
JNJ,2023-08-21,2023-08-22,2023-08-23,-0.029799043247911383,0.01931367618042618,1.5428985641848858,3.596705148591571,-0.026264979529321275,0.006375619943979283,0.01989570424490994,-0.029236123220389154,-0.03511300457024813,-0.03321805745151929,4.0,0.0065063033964274375,-0.010923705802785566,0.9094086388990384,152.11981135002787,149.07741512302732,-0.020000000000000018,-40.000000000000036,1,1,SL,SL
NVDA,2023-08-22,2023-08-23,2023-08-24,-0.027657639724945393,0.041976896244801665,0.6588776731764788,1.5861138883586394,0.024937828652263683,0.04301041199944655,0.6204774973766549,0.05361755681827196,0.03932652587243979,0.022478791699588108,4.0,-0.002708630796397493,-0.014039625199846695,0.8545724494915761,45.77682532419549,47.60789833716331,0.040000000000000036,80.00000000000007,1,1,TP,TP
ADBE,2023-08-24,2023-08-25,2023-08-29,-0.0344444772852186,0.025257807309840664,1.3637160527310987,1.2808551190571809,-0.019441637286438884,0.0070216104446629846,0.2927564941608478,-0.015447534881757319,0.0014852917468344273,-0.0065913659566467775,3.0,-0.013859214071814563,-0.017435798130396307,1.168696566512442,514.9199829101562,535.5167822265626,0.040000000000000036,80.00000000000007,2,2,TP,TP
NVDA,2023-08-25,2023-08-28,2023-08-28,-0.02427740343214424,0.048454657938265706,0.5010334292953875,1.647563457226586,0.030255294074690964,0.04300206355026681,0.6048672560331343,0.007664008886273166,0.06279602874272094,0.12637386848190424,2.0,0.007049726200467399,-0.010705132104003923,1.331389781559258,46.3916241394205,45.46379165663209,-0.020000000000000018,-40.000000000000036,0,0,SL,SL
BA,2023-08-31,2023-09-01,2023-09-05,-0.021061862336322235,0.024719265660130104,0.8520423958343178,1.5469234713569562,-0.026671709551423395,0.007012175930673159,0.08203294840121789,-0.013344485210412205,0.030923571378216108,-0.0022712858380914414,1.0,-0.0014632904368835353,0.010783285887251859,0.8574667759618501,226.0,221.48,-0.020000000000000018,-40.000000000000036,1,1,SL,SL
CVX,2023-09-11,2023-09-12,2023-09-19,-0.020632685051615085,0.015109244872480249,1.3655669244725226,1.0703528375173248,0.013955374007803112,0.031594848399773445,0.012305960958388207,-0.01722363074372768,-0.0032865007416341685,0.029160527981965778,1.0,0.006576789540672756,0.0032026184335518515,0.83114693805452,145.80924070378666,147.48516845703125,0.011493974902792692,22.987949805585384,5,5,TIME,TIME
ADBE,2023-09-12,2023-09-13,2023-09-14,-0.03948623211221214,0.02650790304147868,1.4896022537288371,1.7052114564657315,0.00839792799701411,0.032960829284256477,0.32282740901374396,-0.03256253663867992,-0.04013238690376242,0.023192254413594515,4.0,-0.0054855703484364415,-0.0024214742692005853,0.9206225450835314,557.02001953125,545.879619140625,-0.020000000000000018,-40.000000000000036,1,1,SL,SL
TSLA,2023-09-12,2023-09-13,2023-09-18,-0.022296863386701782,0.04629184531378367,0.4816585563950884,1.1206409609569226,0.09877836385638061,0.041731621732038926,0.33112943970620967,0.06358107735457774,0.04284775691211462,0.12000671126017082,4.0,-0.0054855703484364415,-0.0024214742692005853,0.9206225450835314,270.07000732421875,264.6686071777344,-0.020000000000000018,-40.000000000000036,3,3,SL,SL
CAT,2023-09-13,2023-09-14,2023-09-21,-0.020900577957377875,0.020331984978218382,1.0279654435987744,1.1037704649085573,-0.006386397580506298,0.020464981192101606,0.1469544239088063,-0.022530641591373635,-0.024672882894945625,-0.014677068460210996,4.0,0.0011658959489537768,-0.0013799130468046261,0.8290135532898036,267.4856361310156,262.1359234083953,-0.020000000000000018,-40.000000000000036,5,5,SL,SL
V,2023-09-14,2023-09-15,2023-09-21,-0.02554175203102882,0.013007980841458554,1.963544714766422,2.6261222569332365,-0.010018652182805066,0.0014322175724721387,0.06332129543507192,-0.02313718747270943,-0.02282107667976263,-0.01920962804981652,2.0,0.00862247792166082,0.006905034491035966,1.1463146810409641,236.44573282734117,231.71681817079434,-0.020000000000000018,-40.00000000000003,4,4,SL,SL
ADBE,2023-09-15,2023-09-18,2023-09-20,-0.04214350845384929,0.026689293552578916,1.5790417371229772,3.3322367355705063,-0.024515727313021318,0.0006894952570191126,0.28040384789302886,-0.024566140027729833,-0.05616027469088669,-0.05443917964930378,3.0,-0.012048316496516609,-0.005461013761637323,1.5199207377660464,524.22998046875,545.1991796875,0.040000000000000036,80.00000000000007,2,2,TP,TP
AMZN,2023-09-15,2023-09-18,2023-09-19,-0.029919857618376344,0.022574857820204346,1.32536195163091,2.147937347261591,0.022870501279697253,0.04068600061395777,0.26250339737528283,-0.005947719063244539,0.01562615733828787,0.017245163231236926,3.0,-0.012048316496516609,-0.005461013761637323,1.5199207377660464,140.47999572753906,137.6703958129883,-0.019999999999999907,-39.999999999999815,1,1,SL,SL
LLY,2023-09-15,2023-09-18,2023-09-18,-0.026960325365660398,0.01948821829502057,1.3834166344775103,2.145437802995423,0.017866499689948245,0.12886732825534097,0.405296938096261,-0.03944583825603187,-0.01841557762448731,0.03872248003031853,3.0,-0.012048316496516609,-0.005461013761637323,1.5199207377660464,566.2138008165086,554.8895248001785,-0.019999999999999907,-39.999999999999815,0,0,SL,SL
GOOGL,2023-09-20,2023-09-21,2023-09-26,-0.031150179963923552,0.017854476744785835,1.7446705612932931,1.190345503475081,-0.009938338732694674,0.02547518254988934,0.20715855254317606,-0.02663727522267656,-0.021724910510804274,-0.005354730425942145,3.0,-0.009193334898152217,-0.016466087145196484,1.143497015658186,130.284744080372,127.67904919876456,-0.020000000000000018,-40.000000000000036,3,3,SL,SL
LLY,2023-09-21,2023-09-22,2023-09-29,-0.03424983418414218,0.022580417858734138,1.516793639445175,1.4237376320725035,-0.03262101235099335,0.05868198006673797,0.33002441456365084,-0.037022063057749466,-0.07011363322810915,-0.04029796886837267,4.0,-0.016528504549652934,-0.03215549378464866,1.406992996784871,537.6189560406341,526.8665769198213,-0.02000000000000013,-40.000000000000256,5,5,SL,SL
COP,2023-09-29,2023-10-02,2023-10-02,-0.0237939233756691,0.023159525895226376,1.0273925072263024,1.07976785265742,-0.013938538658784805,0.01678959261833013,0.11151421971448894,0.0021751077861955626,0.01041713606298722,-0.025642862943807354,3.0,-0.0024269434552449676,-0.03525075313660253,1.4488688855805505,110.06012425214696,107.85892176710402,-0.020000000000000018,-40.00000000000004,0,0,SL,SL
CVX,2023-10-04,2023-10-05,2023-10-09,-0.023303258317296183,0.016477107569485193,1.4142808875298412,1.269435343148941,-0.023771125778272895,0.0012590503726850333,0.010457284441621306,-0.03309229131286451,-0.04677265088207183,-0.0218971186292225,4.0,0.007281987006559687,-0.03799040437970458,1.041649668726271,142.3867194040865,148.08218818024997,0.040000000000000036,80.00000000000007,2,2,TP,TP
COST,2023-10-06,2023-10-09,2023-10-16,-0.021052760701989137,0.019806728428669807,1.0629095449966248,2.2142620647223374,-0.008564910264324488,0.005192361086443276,0.08494975294143181,-0.013290907754376469,-0.013151368725307977,-0.0018976093646624337,3.0,0.011872851889987324,-0.024691999078359395,1.30911996174111,533.3709016348691,549.9390869140625,0.031063159291984554,62.12631858396911,5,5,TIME,TIME
AVGO,2023-10-13,2023-10-16,2023-10-17,-0.024757145052423546,0.027202828083955365,0.910094530466326,1.3964201689790725,0.05091592656206001,0.03861933637657611,0.21851191308246687,0.028855811668792697,0.04486200708406263,0.06332945415323432,1.0,-0.004980802640899729,-0.01604721363339101,1.090445270319096,86.40847750036099,84.68030795035376,-0.020000000000000018,-40.000000000000036,1,1,SL,SL
META,2023-10-13,2023-10-16,2023-10-19,-0.029214095224238568,0.02892642213048408,1.0099449939732204,1.0272593652999478,0.024343083998705994,0.04137703717297736,0.3020803923091546,-0.022216040790308367,-0.002346175862175004,0.048232882940992816,2.0,-0.004980802640899729,-0.01604721363339101,1.090445270319096,315.8661797826119,309.54885618695965,-0.020000000000000018,-40.00000000000004,3,3,SL,SL
NVDA,2023-10-13,2023-10-16,2023-10-17,-0.031611678655034225,0.029414549792989846,1.0746953081895547,1.120185404783827,0.034834248186313754,0.01248235191790581,0.3533665530165542,-0.007358564804480272,-0.006577642446338516,0.04510432825550481,2.0,-0.004980802640899729,-0.01604721363339101,1.090445270319096,44.97909066386404,44.07950885058676,-0.020000000000000018,-40.00000000000003,1,1,SL,SL
AVGO,2023-10-17,2023-10-18,2023-10-20,-0.020131370635607104,0.029362120161278243,0.6856238761040038,1.5353093712571368,0.046330610227182545,0.03961637804922624,0.21429900392104262,-0.023410081580429343,0.030276928547339432,0.08537965252688151,2.0,-4.589630894502594e-05,-0.004727819055524551,0.8494357446240343,85.33973865903481,83.6329438858541,-0.02000000000000013,-40.000000000000256,2,2,SL,SL
AVGO,2023-10-19,2023-10-20,2023-10-20,-0.021645405954016428,0.029835510588075837,0.7254913868531985,1.299569901922016,0.01973344304571345,0.01941047171291621,0.18615713725350802,-0.03849017378604791,-0.0417074548544365,0.053370531170137125,3.0,-0.008786305077294054,-0.025073093057960016,1.3467258122058827,84.84997147922172,83.15297204963728,-0.020000000000000018,-40.000000000000036,0,0,SL,SL
LLY,2023-10-19,2023-10-20,2023-10-23,-0.02707316862956266,0.031082506338417016,0.8710098321801374,1.1259739108715445,0.03786954705738532,0.04834017017717884,0.3602067777785951,-0.04190465085637929,-0.03226851710578804,0.09108364523748591,4.0,-0.008786305077294054,-0.025073093057960016,1.3467258122058827,577.969071512731,566.4096900824765,-0.019999999999999907,-39.999999999999815,1,1,SL,SL
ADBE,2023-10-20,2023-10-23,2023-10-25,-0.026595113760817357,0.02870295640073761,0.9265635702994662,1.0605692612893385,0.01967116383862666,0.014312084761791244,0.23703608180598246,-0.034155232133331714,-0.01421384148655458,0.027113293642171188,3.0,-0.012288125618925339,-0.036032607057136845,1.3581470090108831,535.8099975585938,525.0937976074218,-0.02000000000000013,-40.000000000000256,2,2,SL,SL
COP,2023-10-23,2023-10-24,2023-10-25,-0.021924932671464004,0.02541853370751755,0.8625569406853586,1.172257706601731,0.003104138455069405,0.012754087878798392,0.11721933544658847,-0.04147259716336493,-0.03168149897359829,-0.003940306366705504,3.0,-0.0017332296708054695,-0.036661693064982015,0.9971308750863489,111.2775340204991,109.05198334008912,-0.020000000000000018,-40.000000000000036,1,1,SL,SL
MSFT,2023-10-26,2023-10-27,2023-11-01,-0.03751429507603965,0.022936683973707905,1.6355587895374029,1.5372827176237374,0.0016114455759406177,0.005264172201058903,0.07922829130162978,-0.004342199253503987,-0.010352338669849859,-0.009874180287515744,2.0,-0.011974314145144271,-0.05164552019362956,1.2511535002985914,322.8679216685348,335.7826385352762,0.040000000000000036,80.00000000000006,3,3,TP,TP
NKE,2023-10-26,2023-10-27,2023-11-02,-0.03399637713475745,0.018596289233295565,1.828126929424658,1.1065633981965814,0.003985055125721448,0.018346153205327065,-0.10696887783640174,-0.027137346171368315,-0.029403079877383997,0.0077581205062355885,3.0,-0.011974314145144271,-0.05164552019362956,1.2511535002985914,93.06544099761052,96.78805863751495,0.040000000000000036,80.00000000000007,4,4,TP,TP
LLY,2023-11-09,2023-11-10,2023-11-13,-0.04491786791179331,0.03508131886379212,1.2803927949856415,1.7785342768172852,0.008349940602693895,0.03027130123451216,0.3097707296339871,-0.006501901443187408,0.019008009792131908,0.04087343746418459,2.0,-0.007798757139632295,0.002887794098019425,0.919835953387122,582.8672113957067,571.2098671677926,-0.019999999999999907,-39.99999999999981,1,1,SL,SL
NKE,2023-11-09,2023-11-10,2023-11-13,-0.021848468916469743,0.02431240886591679,0.8986550463577795,1.1065392453842826,0.031539029493699244,0.08081679105929362,-0.03553007381032702,-0.0023310846445938616,0.01827161758551621,0.06978598357668009,1.0,-0.007798757139632295,0.002887794098019425,0.919835953387122,100.11669965772714,98.11436566457259,-0.02000000000000013,-40.000000000000256,1,1,SL,SL
DIS,2023-11-10,2023-11-13,2023-11-15,-0.022913443849820192,0.024866891856787095,0.9214438210365348,1.75167900809368,0.0563223782605744,0.06602926912303109,-0.03634167358199225,0.04350397189187083,0.03761605747524599,0.11269378515673467,3.0,0.015604861740171172,0.018921983402435005,0.9924912109387459,85.72877668050917,89.15792774772954,0.040000000000000036,80.00000000000007,2,2,TP,TP
LLY,2023-11-15,2023-11-16,2023-11-24,-0.03647579410488122,0.03896133254579444,0.9362049940670853,1.1243572712764354,0.007989536424876542,0.02082834517789589,0.291034623152052,-0.013522923339801762,-0.0476519981269965,0.06342634383451418,3.0,0.0021172270445681818,0.04005616013074098,0.8663168727645407,580.5090817202429,589.9307250976562,0.016229967237539,32.459934475078,5,5,TIME,TIME
COST,2023-11-16,2023-11-17,2023-11-27,-0.030497003189876914,0.017742812095513805,1.7188370719198425,1.6203943634165001,0.02741496450955916,0.028256328136927245,0.099936604241327,0.0006052913050742514,0.027180689057202834,0.040667892956148144,1.0,0.00122302181503664,0.04099381205150321,0.770459549654375,557.3607295464645,572.765380859375,0.027638566006337628,55.27713201267525,5,5,TIME,TIME
NVDA,2023-11-22,2023-11-24,2023-11-28,-0.024587659407715345,0.02813977700747387,0.8737688078048703,1.9968584701970948,0.05654099496562148,0.09013206866457879,0.3010075241809824,-0.011805928966273083,-0.003518416789837664,0.045991255797465325,3.0,0.003860973208709595,0.05045882169594096,0.7408097558803549,48.37974638442562,47.41215145673711,-0.02000000000000013,-40.000000000000256,2,2,SL,SL
AVGO,2023-11-27,2023-11-28,2023-11-30,-0.0292480357776026,0.025687516968976015,1.1386089131513484,3.74270224785241,0.024031276507297195,0.07932386657749912,0.22569357999111572,-0.03155312931617338,-0.028116119273289053,-0.0076030476602361174,3.0,-0.0018008996456021498,0.0483586033374237,0.6912797818936051,91.15771658903627,89.33456225725554,-0.020000000000000018,-40.000000000000036,2,2,SL,SL
DIS,2023-11-28,2023-11-29,2023-12-05,-0.02805518233569948,0.02434748799768925,1.152282417732873,1.2259217176818626,0.031146101928626324,0.08547935530688977,0.01981632060532945,-0.0270327761537017,-0.02662317891449595,0.03421272789034435,3.0,0.0009901426080394238,0.04884984252692237,0.8646393010613077,89.78154040057892,87.98590959256734,-0.020000000000000018,-40.000000000000036,4,4,SL,SL
META,2023-11-29,2023-11-30,2023-11-30,-0.020030101730699634,0.020828684247898105,0.9616594832542503,1.0468934712640825,0.01110318319449255,0.05084475353001805,0.2330196911041127,-0.01782828638632261,-0.01418476971937599,-0.012220949419613603,3.0,-0.0007034326932591206,0.047537249341947696,0.8892143993701457,329.0009134317583,322.42089516312313,-0.020000000000000018,-40.000000000000036,0,0,SL,SL
NVDA,2023-11-30,2023-12-01,2023-12-04,-0.028458618269094793,0.027930010848346655,1.0189261444837365,1.2087871574963893,-0.021380135906706177,0.03751157247160819,0.22801253759300733,-0.030512718174617648,-0.039945630386733155,-0.04332350179993749,3.0,0.003937566084369681,0.0508019433878677,1.137739982788253,46.43837031596677,45.509602909647434,-0.020000000000000018,-40.000000000000036,1,1,SL,SL
CRM,2023-12-04,2023-12-05,2023-12-12,-0.035923096845498104,0.024666316318385367,1.4563624491721265,1.7715817162449758,0.11572804996218666,0.18150146065036687,0.21467645502879762,0.08817015195065014,0.1150852851373052,0.13308015446427746,1.0,-0.005249483147646505,0.048862444581508235,1.058577576162234,245.73858586432567,252.0887451171875,0.025841115795985692,51.68223159197139,5,5,TIME,TIME
NFLX,2023-12-04,2023-12-05,2023-12-11,-0.025421949784156794,0.018449625753136484,1.377911407218382,1.5104467908460077,-0.014590116288470956,0.08922631911957035,0.16416434453577522,-0.04880660311369589,-0.05273703355599335,-0.02577751548259799,5.0,-0.005249483147646505,0.048862444581508235,1.058577576162234,45.06999969482422,46.87279968261719,0.040000000000000036,80.00000000000007,4,4,TP,TP
NVDA,2023-12-04,2023-12-05,2023-12-06,-0.026836462578629483,0.029062703780077994,0.923398689320346,1.008151631380411,-0.05147989206378889,0.005257444507824394,0.18752005684727302,-0.054632484272530424,-0.05663124558239918,-0.07683901031326812,4.0,-0.005249483147646505,0.048862444581508235,1.058577576162234,45.385325095795785,47.20073809962762,0.040000000000000036,80.00000000000007,1,1,TP,TP
GS,2023-12-05,2023-12-06,2023-12-13,-0.021866761167022575,0.015231654288603312,1.4356130169907946,1.2537378126023948,0.022882604790629424,0.07464561272110415,0.055253924509786945,0.000614656511521483,0.020453719701449824,0.015042509748074862,1.0,-0.0001970564017446108,0.04748321511593456,1.0185717666328158,323.93598931227024,336.8934288847611,0.040000000000000036,80.00000000000006,5,5,TP,TP
ORCL,2023-12-06,2023-12-07,2023-12-12,-0.02182827984395186,0.01679396552215722,1.2997692424194027,1.2429222197572742,-0.026689353177873243,0.020652360348158982,0.05561117033367302,-0.04378631798799271,-0.03596927544485218,-0.03488973808087892,3.0,-0.004029771543733407,0.041881530188640825,1.0052399952737154,108.90780231261601,106.72964626636369,-0.020000000000000018,-40.000000000000036,3,3,SL,SL
AMT,2023-12-08,2023-12-11,2023-12-14,-0.0202640739814266,0.018285285461393724,1.1082175350344272,1.0497036428618998,0.025440896987193318,0.1361897149657425,0.10920138891221254,-0.01882065722157733,-0.019100342378919555,0.035771255390348866,3.0,0.004299109572013071,0.05126870753935986,1.2052295707623495,187.2152239607968,194.7038329192287,0.040000000000000036,80.00000000000006,3,3,TP,TP
META,2023-12-11,2023-12-12,2023-12-13,-0.022449363638483155,0.02414625693121709,0.9297243751871067,1.6484450216992288,-0.01762971123736412,0.016341190452160426,0.18093120017035647,0.024665308138397624,0.01643644668224442,-0.028144740543073254,3.0,0.003889530902242866,0.053696313121723405,0.9586660068318127,321.77432544730783,334.64529846520014,0.040000000000000036,80.00000000000007,1,1,TP,TP
ADBE,2023-12-14,2023-12-15,2023-12-19,-0.06346713628518763,0.027037378335127038,2.3473849978542836,3.7364201322159043,-0.044709759794281156,0.014325218349946933,0.21528147388315855,-0.06487523475153512,-0.03965309879878709,-0.04315804110525567,2.0,0.0032093653866887006,0.07005540841140023,1.688326545213615,580.5999755859375,603.823974609375,0.040000000000000036,80.00000000000007,2,2,TP,TP
MSFT,2023-12-14,2023-12-15,2023-12-22,-0.022544367475712535,0.018375853333330437,1.2268473777389797,1.5365598456818506,-0.02249356308447814,0.03288289486303353,0.1328631960383122,-0.01446260733733562,-0.013532818831285764,-0.0342559738150362,3.0,0.0032093653866887006,0.07005540841140023,1.688326545213615,359.1819921925265,366.7503662109375,0.0210711399316319,42.142279863263795,5,5,TIME,TIME
NFLX,2023-12-14,2023-12-15,2023-12-18,-0.02114670124621809,0.02160203128524652,0.9789218878069395,1.3947335095476359,0.005075363278494338,0.09330681545001251,0.18885256967599062,0.02161393659783628,0.03944692291923246,-0.008734680586203192,1.0,0.0032093653866887006,0.07005540841140023,1.688326545213615,46.72999954223633,48.59919952392578,0.040000000000000036,80.00000000000007,1,1,TP,TP
PEP,2023-12-14,2023-12-15,2023-12-22,-0.02185929148261956,0.01349013004689088,1.620391457060679,1.4412442886092043,0.004015917402556246,0.024347581383906913,-0.04289506563248713,0.0025620359226268263,0.004717316936256655,-0.00023791712388154806,2.0,0.0032093653866887006,0.07005540841140023,1.688326545213615,153.02780133337035,153.23797607421875,0.0013734415512547393,2.7468831025094786,5,5,TIME,TIME
NEE,2023-12-15,2023-12-18,2023-12-20,-0.020388645059607358,0.025040644561883447,0.8142220544371568,2.366711514477545,0.04169663076426078,0.08798513275873132,-0.08769758745922862,0.03326615810685807,0.030150877375322738,0.03937815140737366,2.0,-0.001646461952551359,0.06603479745150609,1.9066065996900212,56.806825174962945,55.67068867146369,-0.020000000000000018,-40.00000000000004,2,2,SL,SL
BLK,2023-12-18,2023-12-19,2023-12-27,-0.027545688739859187,0.018382800206158328,1.4984490083633313,1.12260712426108,0.06030418402063531,0.1655864739897921,0.18596820141361214,0.02975058219334281,0.05851864911721183,0.059919056971492024,1.0,0.005625154735965587,0.06988489394036579,0.9561095616050861,758.1543638159068,769.6818237304688,0.015204634392055105,30.40926878411021,5,5,TIME,TIME
COST,2023-12-20,2023-12-21,2023-12-29,-0.024699614701650052,0.018474187545126208,1.3369797530374328,1.4796430268785974,0.06744437588605323,0.12547058045768855,0.22488471197201876,0.003308832621104152,0.02959486576792192,0.08819120335968877,3.0,-0.01385726354482808,0.057649726423398606,1.3617312129854866,641.0850994199135,649.9719848632812,0.013862255496827292,27.724510993654583,5,5,TIME,TIME
DIS,2023-12-20,2023-12-21,2023-12-27,-0.028319011778030867,0.017510217418095705,1.617284988635547,1.1261234850627357,-0.015572719932143486,0.031694990887804586,0.018420496322437918,-0.023432410925753877,-0.01680500020066711,0.0007371824888715572,3.0,-0.01385726354482808,0.057649726423398606,1.3617312129854866,89.42243772847655,87.63398897390702,-0.020000000000000018,-40.000000000000036,3,3,SL,SL
GE,2023-12-20,2023-12-21,2023-12-28,-0.020406794369882242,0.015887169839562985,1.284482672241866,1.1089384633847081,0.017694184976023264,0.06703527080220018,0.14423072382585356,0.00113605526438465,0.018071962372921302,0.029713515570264137,1.0,-0.01385726354482808,0.057649726423398606,1.3617312129854866,97.61256530801245,101.51706792033295,0.040000000000000036,80.00000000000007,4,4,TP,TP
KO,2023-12-20,2023-12-21,2023-12-29,-0.020737870450826534,0.012398648900182016,1.6725911522925774,1.0404366060171457,-0.01664357297567154,0.016473672276408502,-0.020887877399894283,-0.016894311223689895,-0.03871184836276831,-0.016894311223689895,4.0,-0.01385726354482808,0.057649726423398606,1.3617312129854866,53.80705227747364,54.81156921386719,0.018668871344474258,37.337742688948516,5,5,TIME,TIME
TSLA,2023-12-20,2023-12-21,2023-12-27,-0.03918825045959673,0.03454954373973201,1.1342624595800437,1.0441886440885297,0.01856907927484097,0.061372714242086346,0.08897600063211653,-0.025088759804148153,0.03280540901737128,0.03246022655703773,2.0,-0.01385726354482808,0.057649726423398606,1.3617312129854866,251.89999389648438,261.97599365234373,0.040000000000000036,80.00000000000007,3,3,TP,TP
UPS,2023-12-20,2023-12-21,2023-12-29,-0.02883283360114719,0.01904032727352924,1.5143034668963886,1.480700479657974,0.008112060144394695,0.051583441857915746,-0.05509334427374302,-0.036700557556251456,-0.0018442028878240535,0.01075426772670407,2.0,-0.01385726354482808,0.057649726423398606,1.3617312129854866,134.3027085001531,133.9873504638672,-0.002348113748469549,-4.696227496939098,5,5,TIME,TIME
META,2024-01-02,2024-01-03,2024-01-08,-0.021669142257066953,0.021684973926548414,0.9992699244400715,1.1254531361141542,0.018440047176474295,0.052734882839049035,0.20705025128755428,-0.03224995788632179,-0.02009115888130053,0.033948324694922594,2.0,-0.00559638348657121,0.0530462385475341,1.4734081155159342,341.97691405684844,355.6559906191224,0.040000000000000036,80.00000000000007,3,3,TP,TP
NFLX,2024-01-02,2024-01-03,2024-01-10,-0.03775060100207883,0.024262842153463506,1.5559018503811168,1.2447538484104084,-0.012015060636248465,0.028509326938594315,0.15626534380078194,-0.04735765956819671,-0.03751335900341379,-0.00754147349809331,3.0,-0.00559638348657121,0.0530462385475341,1.4734081155159342,46.731998443603516,48.601278381347655,0.040000000000000036,80.00000000000006,5,5,TP,TP
NVDA,2024-01-02,2024-01-03,2024-01-05,-0.02734144824467588,0.02472593712531,1.1057800602707426,1.1034711847234386,0.0005721684919119951,0.02914930645077507,0.18335562142191408,-0.02527471346258947,-0.01355767271990771,-0.014767991195515195,1.0,-0.00559638348657121,0.0530462385475341,1.4734081155159342,47.40074185532866,49.29677152954181,0.040000000000000036,80.00000000000007,2,2,TP,TP
BA,2024-01-03,2024-01-04,2024-01-08,-0.031180453670185515,0.023881760200586622,1.305617902880526,1.192716399664647,-0.03771838240841541,0.0929032891877295,0.14324204243669358,-0.06314577321296344,-0.07184445476961543,-0.06336162116647903,4.0,-0.008166680634763557,0.042156928897631785,1.212084158173707,244.5800018310547,239.6884017944336,-0.020000000000000018,-40.00000000000003,2,2,SL,SL
HON,2024-01-03,2024-01-04,2024-01-09,-0.021387523758272797,0.011608502853124933,1.8424015593462524,1.2507707538027704,0.004644251082506212,0.055038540408763215,0.06320648232513082,-0.022182932240367936,-0.016871805578229537,-0.002779178508301894,2.0,-0.008166680634763557,0.042156928897631785,1.212084158173707,190.7484182364433,186.93344987171446,-0.019999999999999907,-39.999999999999815,3,3,SL,SL
TSLA,2024-01-03,2024-01-04,2024-01-09,-0.04013364984377277,0.03738130946913482,1.0736287843771366,1.054810461390393,-0.03758057526283787,0.019055407297295046,0.03736514676579983,-0.05817993583087777,-0.07076882989740496,-0.05407015544195137,4.0,-0.008166680634763557,0.042156928897631785,1.212084158173707,239.25,234.465,-0.020000000000000018,-40.000000000000036,3,3,SL,SL
AMZN,2024-01-04,2024-01-05,2024-01-09,-0.026267891590348702,0.02015336440005078,1.3033998229239836,1.1809556523649491,-0.03642478440864694,0.0018544862079401536,0.12536406285353796,-0.0485059562904091,-0.057193095233593616,-0.05995179377347315,4.0,-0.003221075305737564,0.03656400705432494,0.977365409373772,144.69000244140625,150.4776025390625,0.040000000000000036,80.00000000000007,2,2,TP,TP
BA,2024-01-08,2024-01-09,2024-01-12,-0.08032128514056225,0.02880848904215241,2.7881116924610874,5.217725488588499,-0.09912922673538449,0.009644081877127286,0.07041383250578326,-0.06112911909412433,-0.1214609192714885,-0.1260208777886367,3.0,0.01427598367299554,0.047932589436408435,0.8564775496212204,225.66000366210938,221.1468035888672,-0.020000000000000018,-40.000000000000036,3,3,SL,SL
NEE,2024-01-11,2024-01-12,2024-01-17,-0.02504822509787985,0.020786287876407156,1.2050359952105771,1.0077500372507266,-0.00984129120304944,0.02534645776918487,-0.08556010478949516,-0.034965178404957165,-0.017475666029469927,0.0023108928248427585,2.0,-0.00044067301059880215,0.04290907567337965,0.8942282809831856,56.419507319308536,55.29111717292236,-0.020000000000000018,-40.000000000000036,2,2,SL,SL
BAC,2024-01-16,2024-01-17,2024-01-22,-0.020731711453841672,0.02134854716818519,0.9711064312955796,1.374242803642752,-0.04193758760163535,0.030243981793610653,0.11024704287040943,-0.04404738725063617,-0.05971881394650036,-0.046034938665764025,5.0,-0.003671306902421012,0.034628803216162796,1.0157509385088521,29.907289364001283,31.103580938561336,0.040000000000000036,80.00000000000009,3,3,TP,TP
MS,2024-01-16,2024-01-17,2024-01-24,-0.041582911494663866,0.02052210094695886,2.026250216882691,2.5215259385160644,-0.06465880367937027,0.02022185533989851,0.03136609926062639,-0.06023164216721655,-0.08063289757894099,-0.07806949828845167,5.0,-0.003671306902421012,0.034628803216162796,1.0157509385088521,78.34679328742523,81.48066501892224,0.040000000000000036,80.00000000000007,5,5,TP,TP
NFLX,2024-01-16,2024-01-17,2024-01-24,-0.02218788732846322,0.025018699906959655,0.8868521310450281,1.1531432951211367,-0.005679858707336338,0.02699151340244077,0.16626725597796277,0.006083673721008154,-0.007813904616442158,-0.011583946335996909,4.0,-0.003671306902421012,0.034628803216162796,1.0157509385088521,48.45000076293945,50.38800079345703,0.040000000000000036,80.00000000000007,5,5,TP,TP
CAT,2024-01-17,2024-01-18,2024-01-22,-0.029940976687803822,0.020595629270493323,1.4537539151910872,1.4285148791066693,-0.041416475368342254,0.042233324688030205,0.10598423447893102,-0.045983656789987504,-0.04673436887014648,-0.048101997664875995,4.0,-0.0055584968393666,0.026941790068779392,0.8598919000748303,269.8507149006998,280.6447434967278,0.040000000000000036,80.00000000000007,2,2,TP,TP
PLD,2024-01-17,2024-01-18,2024-01-25,-0.02392871799895513,0.022206710843432575,1.077544448957952,1.3455246321892242,-0.03961964840529009,0.04857179318966831,0.06707407432179413,-0.03396289995912982,-0.0466672273438834,-0.05764382789511058,3.0,-0.0055584968393666,0.026941790068779392,0.8598919000748303,116.77397337025333,116.2305908203125,-0.004653284753940334,-9.306569507880667,5,5,TIME,TIME
AMD,2024-01-22,2024-01-23,2024-01-24,-0.03472423348513887,0.0441448947070148,0.7865968129633131,1.6624261262531517,0.13016593540911825,0.25013003232026576,0.4863231650350177,0.05000933132550256,0.14751634468705532,0.21359496647151466,1.0,0.0021142563857137198,0.04483123692654045,0.9189424339266554,166.5,173.16,0.040000000000000036,80.00000000000006,1,1,TP,TP
PLD,2024-01-24,2024-01-25,2024-02-01,-0.02007645987306217,0.023340694539127346,0.8601483490307817,1.1736489507245598,-0.04189420155333512,0.01731052531255073,0.05372060512109322,-0.023357200714118842,-0.011193431685745714,-0.05733829260839218,3.0,0.0010932628914375186,0.04438887069852804,1.004124999286189,116.85687322237142,120.13565063476562,0.02805806215741291,56.116124314825825,5,5,TIME,TIME
UPS,2024-01-24,2024-01-25,2024-01-30,-0.021741584252009005,0.017298306132610786,1.2568620352383373,1.0230602583647597,-0.008419227302785881,0.01040360893174408,-0.04239196756389885,-0.001975688903238737,0.013069338405073294,-0.021007699658678658,1.0,0.0010932628914375186,0.04438887069852804,1.004124999286189,135.11221339566538,132.40996912775208,-0.019999999999999907,-39.999999999999815,3,3,SL,SL
AMD,2024-01-30,2024-01-31,2024-02-02,-0.03244674246780166,0.04666562983622994,0.695302786690578,1.3411085336858561,0.08719140629188038,0.21505463027476246,0.4880504325414554,-0.045860390331547984,0.021612631689955863,0.08391074464214565,2.0,-0.0007734921111419713,0.04785485836718095,0.744426144421344,165.74000549316406,172.36960571289063,0.040000000000000036,80.00000000000007,2,2,TP,TP
AMD,2024-01-31,2024-02-01,2024-02-01,-0.02539808891778772,0.0501265180988945,0.5066796953197484,1.4078740728589605,0.04992285673263619,0.17624367212030778,0.4455100115248891,-0.05393510611336394,-0.05945364991805746,0.04695014271354947,3.0,-0.016317325635504476,0.02924212776080659,1.5978595133500815,169.27000427246094,165.88460418701172,-0.020000000000000018,-40.000000000000036,0,0,SL,SL
AMZN,2024-01-31,2024-02-01,2024-02-02,-0.023899390262627773,0.019375916638694327,1.2334585613823257,1.1092037769627858,0.009105994759214031,0.029419355408093928,0.16408800820339287,-0.024635484472321334,-0.010645746292640368,0.02300435093221842,2.0,-0.016317325635504476,0.02924212776080659,1.5978595133500815,155.8699951171875,162.104794921875,0.040000000000000036,80.00000000000009,1,1,TP,TP
BAC,2024-01-31,2024-02-01,2024-02-01,-0.02242043315771214,0.021989318004259722,1.019605662775394,1.2193076959160345,0.023626689962016112,0.05431708167638005,0.16379283505693554,0.01734942345791146,0.03123078944427382,0.06949670853144352,1.0,-0.016317325635504476,0.02924212776080659,1.5978595133500815,31.990988773603373,31.351168998131307,-0.019999999999999907,-39.999999999999815,0,0,SL,SL
GOOGL,2024-01-31,2024-02-01,2024-02-02,-0.07500326766229914,0.024191908025241543,3.1003452718174045,2.5766814449912014,-0.027933982152215875,0.006896529047344835,0.08534975926607724,-0.07944034655771282,-0.05783458420263721,-0.00968412132072538,2.0,-0.016317325635504476,0.02924212776080659,1.5978595133500815,140.87086536289783,138.05344805563988,-0.020000000000000018,-40.000000000000036,1,1,SL,SL
META,2024-01-31,2024-02-01,2024-02-02,-0.024796210864906243,0.02265485883996118,1.0945206518421517,1.2298129454314992,0.039557059293679586,0.10484579373160807,0.28526558758268106,-0.010148599301150307,-0.0014331404671495962,0.05909840401749333,2.0,-0.016317325635504476,0.02924212776080659,1.5978595133500815,390.51069973653455,406.13112772599595,0.040000000000000036,80.00000000000007,1,1,TP,TP
MSFT,2024-01-31,2024-02-01,2024-02-08,-0.02694643347815695,0.016905850545759393,1.5939117292691378,1.9025436746347515,0.018446081565998806,0.04490356687639596,0.16765052792465207,-0.015720585209988758,-0.01237085145129524,0.02082303287115228,3.0,-0.016317325635504476,0.02924212776080659,1.5978595133500815,393.4308049580275,405.4541320800781,0.03056020771767809,61.120415435356186,5,5,TIME,TIME
META,2024-02-05,2024-02-06,2024-02-06,-0.03280074037293845,0.03347460477815768,0.9798693842784687,1.8476684003471584,0.1792547976695671,0.2780523009536031,0.49678164817732706,0.17755137727019288,0.14560365576169687,0.20333693404156228,3.0,-0.0036412592956026613,0.04436559190196476,0.964942621227627,459.9607805632987,450.76156495203276,-0.020000000000000018,-40.00000000000003,0,0,SL,SL
ADBE,2024-02-06,2024-02-07,2024-02-13,-0.03704993711588023,0.027334248778795693,1.3554401079652643,1.2972128158374576,-0.003898969433514976,0.004660772304092342,0.16200580487805638,-0.03307792419999189,-0.03315498852747878,0.01667842542418141,3.0,0.0029033178002926263,0.045588772030467295,0.7209590439369269,613.25,600.985,-0.020000000000000018,-40.000000000000036,4,4,SL,SL
XOM,2024-02-09,2024-02-12,2024-02-20,-0.021159940453487236,0.020726004858754768,1.0209367699028196,1.0750360465345947,0.0102544541601155,0.008856379234654321,-0.033068087820458,-0.004694352228595378,-0.0019612489285542045,-0.01194167120214673,3.0,0.005779462124994028,0.054690795569271256,0.8380162745386971,93.41872566586225,94.83145141601562,0.015122511467415833,30.245022934831663,5,5,TIME,TIME
AMZN,2024-02-13,2024-02-14,2024-02-20,-0.021469171561243172,0.026175787822173526,0.8201919921988603,1.088432653964799,0.0387754553063111,0.08817551466948137,0.2378469589947645,-0.007065455570635093,-0.003015043010572316,0.06062892697892108,3.0,-0.013773176866540005,0.03588307908460986,1.4560705180841118,169.2100067138672,165.82580657958985,-0.019999999999999907,-39.999999999999815,3,3,SL,SL
CRM,2024-02-13,2024-02-14,2024-02-21,-0.021474501312293448,0.019605684938459784,1.0953201267744375,1.0020570411964196,-0.006596870447897807,0.045315610119571526,0.24153290247327175,-0.03699294986020207,-0.01637345026146453,-0.02286870029601873,3.0,-0.013773176866540005,0.03588307908460986,1.4560705180841118,280.15321745413416,274.5501531050515,-0.019999999999999907,-39.999999999999815,4,4,SL,SL
GS,2024-02-13,2024-02-14,2024-02-22,-0.03537606405990723,0.021008960911629807,1.6838559607355121,1.21657558138368,-0.011280000347041463,0.005317011878953837,0.12595608345479437,-0.016336043750377116,-0.016208129803566562,-0.020989002219565123,3.0,-0.013773176866540005,0.03588307908460986,1.4560705180841118,359.17661060016405,368.22015380859375,0.025178541535091803,50.357083070183606,5,5,TIME,TIME
HD,2024-02-13,2024-02-14,2024-02-22,-0.021507934376356785,0.017350321785445363,1.2396274053198892,1.0410139036429622,0.001081994665418362,0.02572942423050839,0.13693913462680007,-0.0168535274680508,0.0037614189353094574,0.001372294058279877,2.0,-0.013773176866540005,0.03588307908460986,1.4560705180841118,335.3758677015639,348.7909024096265,0.040000000000000036,80.00000000000007,5,5,TP,TP
MSFT,2024-02-13,2024-02-14,2024-02-20,-0.021528559957378346,0.018843350038077127,1.1425017268094666,1.092616087686045,0.0031230300854079296,0.05120236415183843,0.17404596258759852,-0.01881149225559897,0.0020469872352704144,-0.005555724229072578,2.0,-0.013773176866540005,0.03588307908460986,1.4560705180841118,400.27921574475005,392.273631429855,-0.02000000000000013,-40.00000000000026,3,3,SL,SL
GOOGL,2024-02-15,2024-02-16,2024-02-20,-0.021721239712834906,0.025455503756254827,0.8533022925345819,1.1399218111288745,-0.02559047987951335,0.010517800556936185,0.08782528812281054,-0.0322645709636078,-0.02152028530815553,0.011405433865605108,3.0,0.006899540612849586,0.04861825233296746,0.8100963459510516,141.7332189292563,138.89855455067118,-0.020000000000000018,-40.000000000000036,1,1,SL,SL
LLY,2024-02-20,2024-02-21,2024-02-22,-0.03375696105745207,0.03351237436986038,1.0072983992388096,1.2529567524563534,0.08569015874529651,0.18349870978885163,0.383849642013145,-0.0021789457116250244,0.026753761487206207,0.07191210517648439,1.0,-0.005505444268469661,0.033825732395506014,0.9671628783816277,725.6351952966553,754.6606031085215,0.040000000000000036,80.00000000000006,1,1,TP,TP
MA,2024-02-20,2024-02-21,2024-02-22,-0.034990238585808076,0.01612774598947444,2.1695678124298334,1.8934364847440641,-0.004969132069226223,0.0370877203089377,0.1212693079871765,-0.02889158484852339,-0.015172958533463232,-0.010968462956585046,2.0,-0.005505444268469661,0.033825732395506014,0.9671628783816277,446.6437369961113,464.5094864759557,0.040000000000000036,80.00000000000009,1,1,TP,TP
NVDA,2024-02-20,2024-02-21,2024-02-21,-0.04353200093930487,0.03954322362263033,1.1008713238642434,1.4328334846127029,0.03484939270082599,0.20991337540404809,0.49488646503375433,-0.06018946047873441,-0.038699923102857414,0.0017308319810922512,4.0,-0.005505444268469661,0.033825732395506014,0.9671628783816277,67.8853441158395,66.52763723352271,-0.020000000000000018,-40.000000000000036,0,0,SL,SL
NVDA,2024-02-21,2024-02-22,2024-02-22,-0.02850877748041969,0.04189988268198745,0.6804023222880161,1.3188370321992529,-0.00031247595761696445,0.1669324727254815,0.44605691757506616,-0.07137524718532973,-0.06455195503661104,-0.011007858947404525,4.0,0.0009059460310576473,0.03300675724239133,0.7943948335276222,74.8918837924214,77.88755914411826,0.040000000000000036,80.00000000000007,0,0,TP,TP
CVX,2024-03-04,2024-03-05,2024-03-12,-0.02571798231883171,0.018634228224951203,1.3801474366614965,1.539559318506862,-0.021732472238476963,0.0017368126563439557,-0.01874889611171915,-0.02271205884412686,-0.03606310088767484,-0.03718536446469245,3.0,-0.0010724601789007249,0.0498647751550636,0.749520161134049,134.1049020010919,136.8621368408203,0.020560283767300236,41.12056753460047,5,5,TIME,TIME
MRK,2024-03-04,2024-03-05,2024-03-08,-0.022920605882448153,0.014389361332423758,1.5928855598893619,1.8767281105990783,-0.023969936633506328,0.0271744183184508,0.13296956005263372,-0.032295873903630756,-0.03717788410795875,-0.029266793078016495,4.0,-0.0010724601789007249,0.0498647751550636,0.749520161134049,115.28091628404673,112.97529795836579,-0.020000000000000018,-40.00000000000003,3,3,SL,SL
AVGO,2024-03-05,2024-03-06,2024-03-06,-0.04243858314159321,0.030945542684594072,1.3713956667084346,1.3677211731131216,0.04404583592193112,0.11638055480806919,0.40816777506996815,0.03249537752328946,0.035888638689768104,0.09473726145859973,2.0,-0.00999406890199206,0.03771699878984447,1.0989358412585883,135.57947586024076,132.86788634303593,-0.02000000000000013,-40.000000000000256,0,0,SL,SL
CRM,2024-03-05,2024-03-06,2024-03-13,-0.05050229472015544,0.028719723449080636,1.7584533782052172,1.364791370990633,0.014028279323414772,0.06462884444221917,0.28060388816978565,-0.03260817661358273,-0.0025043751412986426,0.043157628293622574,2.0,-0.00999406890199206,0.03771699878984447,1.0989358412585883,299.4690126095062,299.8897705078125,0.001405013141893674,2.810026283787348,5,5,TIME,TIME
MSFT,2024-03-05,2024-03-06,2024-03-13,-0.029572018980055237,0.016096922663616734,1.8371225108073455,1.2752985753610393,-0.016455077507350535,0.01610011443040138,0.14195578513906404,-0.026568924458131415,-0.01185335760891526,-0.00034758058424122495,2.0,-0.00999406890199206,0.03771699878984447,1.0989358412585883,395.27659515513125,407.175048828125,0.030101589162707887,60.20317832541578,5,5,TIME,TIME
NFLX,2024-03-05,2024-03-06,2024-03-13,-0.028140910703142397,0.02575248513488149,1.0927454401294192,1.0777638416054471,0.02772891213303552,0.11307045724860343,0.3248221225492538,-0.007331011479396743,-0.005268691205115195,0.04063425601166526,3.0,-0.00999406890199206,0.03771699878984447,1.0989358412585883,60.29899978637695,60.94499969482422,0.010713277346819483,21.42655469363897,5,5,TIME,TIME
ORCL,2024-03-05,2024-03-06,2024-03-12,-0.027354096697907893,0.01919958912184284,1.4247230252853638,1.1163037641053215,-0.017282191060756902,0.0069284735273373865,-0.003740332620038478,-0.006626108536523123,-0.00395041288438458,0.022959796829757906,1.0,-0.00999406890199206,0.03771699878984447,1.0989358412585883,108.44472885068505,112.78251800471246,0.040000000000000036,80.00000000000007,4,4,TP,TP
AVGO,2024-03-08,2024-03-11,2024-03-13,-0.0698574599019709,0.03871939937319705,1.8041979223037412,2.3627023378065886,0.005419598194008612,0.07584106741345731,0.35782557032815143,-0.025343463246038533,-0.06464546209797895,0.009526587594457459,2.0,-0.00600220881382052,0.04213256437889634,1.2719024033821955,124.50671343615767,122.01657916743451,-0.020000000000000018,-40.000000000000036,2,2,SL,SL
COST,2024-03-08,2024-03-11,2024-03-18,-0.0764138842341795,0.019950099429997453,3.83025079660915,3.756239300542434,-0.018628199968560022,0.028818750497646928,0.23838039174348147,-0.04525287906489939,-0.03186379037924536,-0.016762947359239,1.0,-0.00600220881382052,0.04213256437889634,1.2719024033821955,709.8293635689195,721.396728515625,0.016295979766949298,32.591959533898596,5,5,TIME,TIME
LLY,2024-03-08,2024-03-11,2024-03-11,-0.023097698506042152,0.02958774234801405,0.7806509274808691,1.2150022772490832,-0.0022193020355629756,0.10762494768123321,0.34165987706013357,-0.019869025895265402,-0.025545887854384164,-0.009616026905126307,2.0,-0.00600220881382052,0.04213256437889634,1.2719024033821955,739.526956864698,724.736417727404,-0.020000000000000018,-40.000000000000036,0,0,SL,SL
NVDA,2024-03-08,2024-03-11,2024-03-11,-0.05547701930018056,0.0510914347059435,1.0858379612840836,1.9212742280886714,0.11724986467698617,0.3249162903920908,0.7556265021039998,0.018193440439686626,0.06384500550238226,0.11057378457642919,1.0,-0.00600220881382052,0.04213256437889634,1.2719024033821955,86.27969890435133,84.5541049262643,-0.02000000000000013,-40.000000000000256,0,0,SL,SL
AMD,2024-03-11,2024-03-12,2024-03-12,-0.043396499476769046,0.04932205006495366,0.8798600102716517,1.0445555038269188,0.06514117716269574,0.15919385411399745,0.5500575042914853,-0.05811140487782829,-0.03394040319432967,0.12715189808123828,3.0,-0.0008598627131740644,0.03976395691840562,0.9204623028728729,200.52000427246094,196.50960418701172,-0.020000000000000018,-40.000000000000036,0,0,SL,SL
LLY,2024-03-11,2024-03-12,2024-03-19,-0.036436940591510814,0.030156082248223137,1.2082783264612484,1.1693492550329836,-0.038292415415424275,0.06251424921248594,0.289215502753843,-0.058222238923825165,-0.07309286814048155,-0.04864501820588141,3.0,-0.0008598627131740644,0.03976395691840562,0.9204623028728729,728.4665999121079,757.6052639085922,0.040000000000000036,80.00000000000009,5,5,TP,TP
META,2024-03-11,2024-03-12,2024-03-15,-0.04419409454789469,0.02906976561322216,1.5202769480808385,1.1936514428870888,-0.00270766612718909,0.12768793005768653,0.43736567345039123,-0.02519708996070169,-0.02930612764936158,0.003840319615097343,3.0,-0.0008598627131740644,0.03976395691840562,0.9204623028728729,489.48494207040557,479.69524322899747,-0.020000000000000018,-40.00000000000003,3,3,SL,SL
NVDA,2024-03-11,2024-03-12,2024-03-12,-0.0200391175841399,0.051929870683226347,0.38588807020874505,1.118261894052745,0.08540923313741633,0.28423001841830087,0.7109911615759541,-0.03298750077761492,0.006347355506156838,0.08453469991459506,2.0,-0.0008598627131740644,0.03976395691840562,0.9204623028728729,87.89688852723692,86.13895075669218,-0.020000000000000018,-40.000000000000036,0,0,SL,SL
AVGO,2024-03-13,2024-03-14,2024-03-15,-0.026326065359033368,0.04041696652108504,0.651361733080571,1.1547117874412351,-0.03523109969557503,0.025975889423271337,0.2931275392013952,-0.03885472325356709,-0.06824449859597248,-0.024468252051855433,4.0,-0.0015675902540027709,0.04586668117828219,0.8362580585338604,123.00729364242146,120.54714776957303,-0.020000000000000018,-40.00000000000003,1,1,SL,SL
AMD,2024-03-14,2024-03-15,2024-03-15,-0.03968374143421338,0.051877931597013587,0.7649445575909936,1.1694754997786052,-0.012250508161671503,0.07418083368012351,0.4485772727031594,-0.05710974275876657,-0.11505349021872524,-0.028411163223314384,4.0,-0.001976761069401922,0.04201237247280254,1.6205821305974866,184.8300018310547,192.22320190429687,0.040000000000000036,80.00000000000007,0,0,TP,TP
BLK,2024-03-14,2024-03-15,2024-03-21,-0.020811485610978564,0.017397380893078605,1.1962424539005312,1.6064332133339567,-0.0045103814298663725,0.01605210163465487,0.13350478975683266,-0.019826406319383483,-0.027533971179481087,0.003055596645345604,3.0,-0.001976761069401922,0.04201237247280254,1.6205821305974866,763.3542970412697,793.8884689229204,0.040000000000000036,80.00000000000007,4,4,TP,TP
GE,2024-03-14,2024-03-15,2024-03-19,-0.020039980505882182,0.02560293125576069,0.7827221151239534,1.0721761492867936,0.05408215742043421,0.16760587768759017,0.38499557927994643,0.0011409562149895525,0.0015015412303149844,0.06284662545116815,2.0,-0.001976761069401922,0.04201237247280254,1.6205821305974866,130.23967446002388,135.44926143842483,0.040000000000000036,80.00000000000007,2,2,TP,TP
AMZN,2024-03-15,2024-03-18,2024-03-25,-0.024223786467438835,0.019890403015924797,1.2178630291223669,1.7395992508482812,0.0007975534526463157,0.05322651944444812,0.21860519965223202,-0.005530538936533991,-0.005303723422862561,-0.021321978597968805,2.0,-0.006866523913234834,0.03307529894213923,1.53165534592412,175.8000030517578,179.7100067138672,0.022241203607705318,44.48240721541063,5,5,TIME,TIME
AVGO,2024-03-15,2024-03-18,2024-03-19,-0.02120772258756609,0.04169799536286192,0.5086029293018395,2.423414820473644,-0.0513145401241063,0.0019470612918028873,0.26424118048617773,-0.0436418509724813,-0.05594769962214596,-0.11697639682473238,4.0,-0.006866523913234834,0.03307529894213923,1.53165534592412,122.17330620907126,119.72984008488983,-0.020000000000000018,-40.00000000000003,1,1,SL,SL
CRM,2024-03-15,2024-03-18,2024-03-21,-0.02963858552295673,0.027367482343668512,1.0829854624831297,1.5765230696376946,-0.019654034511102703,0.026515721731042996,0.2437464492485415,-0.038828296422492414,-0.03460935525680864,-0.06994927666365014,3.0,-0.006866523913234834,0.03307529894213923,1.53165534592412,294.9093176714498,306.7056903783078,0.040000000000000036,80.00000000000007,3,3,TP,TP
MSFT,2024-03-15,2024-03-18,2024-03-21,-0.020695014944477008,0.018777399648739364,1.1021235810926773,2.044796473580087,0.016345298773317696,0.03466780692752436,0.16887243744344804,0.0027452604476323472,0.025109662441718417,0.002214348948238465,3.0,-0.006866523913234834,0.03307529894213923,1.53165534592412,406.3412048651448,422.5948530597506,0.040000000000000036,80.00000000000006,3,3,TP,TP
AMD,2024-03-19,2024-03-20,2024-03-20,-0.04841330198285032,0.058471264786420264,0.8279845178600298,1.1050476406608625,-0.053726651873033715,0.02377791987839606,0.3940960986002575,-0.030150750899490375,-0.10524756813983416,-0.11558526860764395,4.0,0.005556966514959294,0.04092884196691804,0.8630017882109893,182.02999877929688,178.38939880371095,-0.019999999999999907,-39.999999999999815,0,0,SL,SL
BLK,2024-03-22,2024-03-25,2024-04-02,-0.02046166036064223,0.01861238593928865,1.0993571929673978,1.0030657838948502,0.009198350417798151,0.03147150410531818,0.14827915556207238,0.02808176083546443,0.027800053141417314,-0.01350276427572894,2.0,-0.001895753313322146,0.045981131253483465,1.1137491626189728,781.3052501906732,777.638916015625,-0.00469257588394989,-9.38515176789978,5,5,TIME,TIME
V,2024-03-22,2024-03-25,2024-03-27,-0.024485819844870416,0.013097499261304667,1.8695034339273813,1.5402067030987852,-0.0011581996606996325,0.019991732701534426,0.1306049232732771,-0.014233409650607154,0.0007774308612804592,0.011498447081680574,1.0,-0.001895753313322146,0.045981131253483465,1.1137491626189728,277.73463570607913,272.17994299195755,-0.020000000000000018,-40.000000000000036,2,2,SL,SL
GE,2024-03-28,2024-04-01,2024-04-02,-0.025482769755813428,0.024334441997795084,1.0471894016769479,1.275898183416028,0.03769357424263431,0.15402682649024135,0.41706661672409884,0.011758675707883581,-0.006283904507152882,0.05265380262979802,3.0,-0.0001909791009676587,0.04175039864337671,1.3070217592643807,138.06272286060886,135.30146840339668,-0.020000000000000018,-40.000000000000036,1,1,SL,SL
HD,2024-04-01,2024-04-02,2024-04-04,-0.040589381256474044,0.021388032520013586,1.8977613400621602,1.266752711056022,-0.028607475469336507,0.0009141624229638268,0.12579817743227784,-0.03132161312566206,-0.05701048901409689,-0.013932576216485137,4.0,-0.0017398116135795005,0.037988686551373,0.8563642347261095,344.30562850069407,337.4195159306802,-0.020000000000000018,-40.000000000000036,2,2,SL,SL
LLY,2024-04-01,2024-04-02,2024-04-03,-0.02237897430585556,0.02156519341313118,1.0377358494836808,1.0174208018723356,-0.010209642670384045,0.03727480951630846,0.2827529702483047,-0.01851866243066458,-0.013054518766530299,0.008459512737137187,2.0,-0.0017398116135795005,0.037988686551373,0.8563642347261095,742.3387377132927,772.0322872218245,0.040000000000000036,80.00000000000007,1,1,TP,TP
GE,2024-04-02,2024-04-03,2024-04-03,-0.02488082842835182,0.027837384560299855,0.8937918853136615,2.040784963598694,0.002980030452943483,0.11136442990332807,0.3729689073481153,-0.05064994773718323,-0.014370272940212536,0.0063969956907516945,3.0,-0.006358075809655306,0.029837131545895623,1.0007018230683284,136.09865145044495,141.54259750846276,0.040000000000000036,80.00000000000007,0,0,TP,TP
DIS,2024-04-03,2024-04-04,2024-04-05,-0.03126523070981113,0.02121605018600187,1.4736593492053298,1.9383523522151187,0.027820640155146403,0.09011951182781108,0.2844072201946304,-0.02762334009358547,-0.007921227340617731,0.03903592509795084,2.0,0.0010984144691581488,0.02943757571050054,0.8049147370676899,115.96803817912178,113.64867741553934,-0.020000000000000018,-40.000000000000036,1,1,SL,SL
GOOGL,2024-04-04,2024-04-05,2024-04-09,-0.02833717556341664,0.024162251361207074,1.1727870528204372,1.1097729092584623,0.02754706555304942,0.0426016428609044,0.11335416007174359,-0.031899300528709595,-0.002253657538130893,0.012034384072775461,2.0,-0.012206030849658323,0.015676025448826847,1.2928715077952564,148.7113757431507,154.65983077287675,0.040000000000000036,80.00000000000007,2,2,TP,TP
NFLX,2024-04-04,2024-04-05,2024-04-10,-0.020537054503710683,0.023274405554613405,0.8823879284702019,1.081226987803867,0.001483230627985277,0.040936473993812506,0.300419481099232,0.004606810033527475,0.005883983786681757,-0.016807664424303703,3.0,-0.012206030849658323,0.015676025448826847,1.2928715077952564,62.492000579833984,61.2421605682373,-0.020000000000000018,-40.000000000000036,3,3,SL,SL
LOW,2024-04-10,2024-04-11,2024-04-11,-0.029583834954149513,0.02232366033426102,1.3252233061773482,1.115435137093852,-0.0416054288344373,0.00040247764866796487,0.0846526655312827,-0.009025515057537015,-0.014707102403662908,-0.056717801078358776,2.0,-0.010013285386690218,0.012760873501097558,1.1085892435747593,227.54803115997126,222.99707053677184,-0.019999999999999907,-39.999999999999815,0,0,SL,SL
DIS,2024-04-12,2024-04-15,2024-04-16,-0.026803321262919733,0.02314959921964224,1.157830898436347,1.0729709772967313,-0.031531965575386844,0.016427190212546572,0.2177990389729192,-0.033567975201309164,-0.03691509485779132,-0.068241261195232,4.0,-0.013803028527343941,0.00402142715800502,1.2436670274279333,111.74642009393692,109.51149169205817,-0.02000000000000013,-40.000000000000256,1,1,SL,SL
META,2024-04-15,2024-04-16,2024-04-17,-0.022797309144461986,0.02954357016092225,0.7716504478059443,1.096080305733476,-0.011346470800656205,0.017447965843224722,0.373409383223809,-0.03770460943297638,-0.036629728786600535,0.018072600968809915,3.0,-0.012528166703078103,-0.009210058237082874,1.2505501624230868,494.29775401725584,484.4117989369107,-0.020000000000000018,-40.000000000000036,1,1,SL,SL
NFLX,2024-04-15,2024-04-16,2024-04-19,-0.02517542137726103,0.02616086805547359,0.9623312698904738,1.1634918330445407,-0.02316552995768839,0.010028588526272086,0.2608819006844918,-0.018477828653014394,-0.03383140726763545,-0.011655346748661533,3.0,-0.012528166703078103,-0.009210058237082874,1.2505501624230868,60.75,59.535,-0.020000000000000018,-40.000000000000036,3,3,SL,SL
NVDA,2024-04-17,2024-04-18,2024-04-18,-0.0386660481362604,0.03918603822765137,0.9867302203818082,1.0878763167634955,-0.05723565217381621,0.005264514138981324,0.4872264026016868,-0.047071133967815704,-0.03451342733729468,-0.05540445056481458,3.0,-0.005918361884868162,-0.017651056534286336,1.0308858480751057,84.82322159070304,83.12675715888898,-0.020000000000000018,-40.00000000000003,0,0,SL,SL
GE,2024-04-19,2024-04-22,2024-04-23,-0.03190800311328168,0.04374007762898749,0.7294912319070865,1.0179837571779755,-0.002875486606833455,0.0982446747891692,0.42767942996253017,-0.05549882674429263,-0.04248854978013461,-0.051033982355677354,4.0,-0.008728334684688588,-0.028445338895782157,1.3452302659502993,146.88092397272393,152.7561609316329,0.040000000000000036,80.00000000000007,1,1,TP,TP
PEP,2024-04-23,2024-04-24,2024-04-24,-0.02969545327987655,0.015051648810243918,1.9729036768162094,1.7406664020929872,0.0019279710765989222,0.016144450116027498,0.009461300014349527,-0.006095278842558782,0.022208801014603763,0.003575347198244705,1.0,0.011866574121826012,-0.008211138170799104,0.8478530854630416,155.16249500504958,161.36899480525156,0.040000000000000036,80.00000000000007,0,0,TP,TP
GE,2024-04-24,2024-04-25,2024-04-29,-0.02109206113659101,0.038914196279452314,0.5420145641740558,1.0076205219854484,0.05224262145184966,0.15701304161706564,0.5194248910068768,0.07517210663745533,0.02261197703980411,0.01828211567121696,3.0,-0.0004745904155173397,-0.00891439320308185,0.7382731464513471,156.0196484767419,162.2604344158116,0.040000000000000036,80.00000000000007,2,2,TP,TP
XOM,2024-04-26,2024-04-29,2024-05-03,-0.027775586197705815,0.02089087297227562,1.3295560331330785,1.5713299862067058,-0.017032818341968903,0.04318475520106424,0.10622020631839635,-0.025365659150880404,-0.01601602319463069,-0.0200216959336057,1.0,0.009473954297642972,-0.004191682839902788,0.8753656738243596,108.68469429668613,106.5110004107524,-0.020000000000000018,-40.000000000000036,4,4,SL,SL
GOOGL,2024-04-29,2024-04-30,2024-05-07,-0.033730744738367124,0.028743412663541617,1.1735121759272336,1.5342574871580361,0.058334108470259105,0.12145149048464954,0.20061198612640485,0.044114665218934146,0.06315576706615977,0.07290453803656027,2.0,0.0035413654559535157,-0.0010411387995316046,0.6388124892649047,164.15440172797688,169.74481201171875,0.03405580493056681,68.11160986113363,5,5,TIME,TIME
COP,2024-04-30,2024-05-01,2024-05-02,-0.035324911775617696,0.02139106274025566,1.651386478762462,1.5193697443507426,-0.03682272703713951,0.022615976359496637,0.0760455121657384,-0.034509363927820114,-0.0325016950691831,-0.030186117165480697,3.0,-0.015841166694993025,-0.01702048804475831,1.0640202703746535,115.88848407894208,113.57071439736325,-0.020000000000000018,-40.00000000000004,1,1,SL,SL
CVX,2024-04-30,2024-05-01,2024-05-03,-0.030421572393464547,0.0200993891095684,1.5135570652235508,1.1193945398196883,0.00028845996191395606,0.028030378403175016,0.05324128761587921,-0.024261834122037418,-0.00970227755982156,0.031929965807511174,1.0,-0.015841166694993025,-0.01702048804475831,1.0640202703746535,144.87259471413785,141.97514281985508,-0.020000000000000018,-40.000000000000036,2,2,SL,SL
GOOGL,2024-04-30,2024-05-01,2024-05-07,-0.020282864025825353,0.030905008943272392,0.6562969796596891,1.11221682510079,0.03416067291007763,0.095413594522745,0.17467452537132533,0.043461571063920346,0.028560684304735684,0.05427443734550441,3.0,-0.015841166694993025,-0.01702048804475831,1.0640202703746535,162.85591967019158,169.37015645699924,0.040000000000000036,80.00000000000007,4,4,TP,TP
TSLA,2024-04-30,2024-05-01,2024-05-02,-0.05550118063944742,0.05564477078312474,0.997419521337648,1.112733026911982,0.10832269937665884,0.0469062857909639,-0.17140272944336776,0.07697735731175603,0.2667957427259193,0.16657117985665026,2.0,-0.015841166694993025,-0.01702048804475831,1.0640202703746535,182.0,178.35999999999999,-0.02000000000000013,-40.000000000000256,1,1,SL,SL
GE,2024-05-13,2024-05-14,2024-05-21,-0.023748638219491358,0.025055988462786314,0.9478228430206751,1.1418861861992076,-0.008636635619721944,0.07139689287085837,0.4547209968175412,-0.05543084720553493,-0.050425827075078034,-0.030336392909038334,3.0,0.00013406676922245175,0.016300582020570165,0.5818665198545762,156.56242746008064,158.8915252685547,0.014876479920879593,29.752959841759186,5,5,TIME,TIME
JPM,2024-05-20,2024-05-21,2024-05-29,-0.04497292288984267,0.017917404293382216,2.5100132895060807,2.0655659937117425,-9.984356479209033e-05,0.011466511308060756,0.1793869856078898,-0.03230921003763132,-0.015850838242044918,0.018645765675743275,1.0,0.0011519354291060768,0.030395817839614203,0.667127857015917,188.01476428528767,189.0741424560547,0.005634547769661102,11.269095539322207,5,5,TIME,TIME
AMD,2024-05-29,2024-05-30,2024-05-30,-0.037701772610522655,0.03990985542773165,0.9446732444018153,1.120983765240472,0.045289106871835294,0.009619321186516316,0.1637108804582399,0.029358641955346876,0.002915071765235977,0.07821882633254873,2.0,-0.007002393996021206,0.018847432283621846,0.8895353620930142,167.89999389648438,164.54199401855467,-0.02000000000000013,-40.000000000000256,0,0,SL,SL
NVDA,2024-05-30,2024-05-31,2024-05-31,-0.037666006427036436,0.03734325179877915,1.0086429170656166,1.143886342475869,0.148547181277501,0.217775261226689,0.7373444627554311,0.03786082216513287,0.16377034121960232,0.16770587040002538,1.0,-0.006633697151315676,0.011818294913051197,0.9443831746926421,112.3256250740568,110.07911257257567,-0.020000000000000018,-40.00000000000004,0,0,SL,SL
AMD,2024-06-03,2024-06-04,2024-06-04,-0.02007184522010419,0.046010382853719646,0.43624599438605866,1.195393184830621,0.017143131259052202,0.005137868364778475,0.14577753274201122,-0.009628172119215184,-0.016891064849027804,-0.005593714124868088,2.0,0.0008150025120428062,0.02137244358464674,0.9514691939661889,162.83999633789062,159.5831964111328,-0.020000000000000018,-40.000000000000036,0,0,SL,SL
NEE,2024-06-03,2024-06-04,2024-06-07,-0.02257714994204363,0.019529402249420146,1.1560594458396172,1.3648843738652165,0.032060955768128396,0.1313353995336466,0.27584691569892583,0.019996816127288097,0.020928963111121357,0.027905966974880902,2.0,0.0008150025120428062,0.02137244358464674,0.9514691939661889,72.69400714592432,71.24012700300582,-0.02000000000000013,-40.000000000000256,3,3,SL,SL
UNH,2024-06-07,2024-06-10,2024-06-17,-0.022374097433576545,0.02171577500232433,1.0303154011856244,1.0207645799501315,-0.03341741475594118,0.001295350276024232,-0.032432377429720605,-0.029278551862068847,-0.009447538292600588,-0.05057766883173964,3.0,-0.0012156246633115986,0.031443067316814455,0.9049868966431245,467.3484424321338,467.6391906738281,0.0006221230570091496,1.2442461140182992,5,5,TIME,TIME
BAC,2024-06-11,2024-06-12,2024-06-13,-0.020418283028928563,0.02116628022409398,0.9646609046442673,1.292706544404726,-0.0076054416477532305,0.027073227033925562,0.1963446449593813,-0.015205181399585044,-0.01470872182623817,-0.005688001064277803,3.0,0.002408338954078104,0.03602581469614141,0.7754584992102806,38.01972169170514,37.25932725787104,-0.019999999999999907,-39.999999999999815,1,1,SL,SL
NEE,2024-06-11,2024-06-12,2024-06-12,-0.05495632238353099,0.026271370037333652,2.0918712006809614,2.0688383801462713,-0.046497936508263615,0.03442524799623636,0.18809049378994924,-0.051629550862646534,-0.05716116737535859,-0.0557051966724158,4.0,0.002408338954078104,0.03602581469614141,0.7754584992102806,69.11597707739158,67.73365753584375,-0.020000000000000018,-40.000000000000036,0,0,SL,SL
NKE,2024-06-12,2024-06-13,2024-06-17,-0.022843363878087386,0.018951115143757767,1.2053836254386154,1.0468593582302979,0.004613055080117556,0.011503944661601873,-0.061617808168743515,-0.029725449356460265,-0.006785424099515547,0.02592010520425192,3.0,0.008212992649689665,0.04362774606721209,1.33994685022043,88.66656888078923,86.89323750317344,-0.020000000000000018,-40.000000000000036,2,2,SL,SL
TSLA,2024-06-14,2024-06-17,2024-06-17,-0.024442410719736185,0.03898255992617218,0.6270088666836371,1.1242541152351493,0.0041149166219227595,0.031266445444088964,-0.1494286575781656,0.04306803402675907,0.002986245165965018,-0.00039312288577564303,3.0,0.0006080388701155126,0.0442413861123403,0.8722896452716191,177.9199981689453,185.03679809570312,0.040000000000000036,80.00000000000007,0,0,TP,TP
AAPL,2024-06-20,2024-06-21,2024-06-28,-0.021512817604241508,0.025348136952372674,0.8486942312432091,1.153798312480008,0.051578385795791215,0.12782985485797238,0.14950376557237988,-0.013224274397151126,-0.01591017519425919,0.07050592241852338,3.0,-0.0027166727044789507,0.048884429018714703,1.4707734075772596,208.40341856791886,208.63124084472656,0.0010931791732267104,2.186358346453421,5,5,TIME,TIME
AVGO,2024-06-20,2024-06-21,2024-06-21,-0.0377027451435038,0.04035114187209143,0.9343662507251284,1.5896787616006642,0.16648949969906068,0.25159786032789877,0.5150038657058518,-0.00027675081065781093,0.15984523235116876,0.22749437899558145,2.0,-0.0027166727044789507,0.048884429018714703,1.4707734075772596,165.9090463126575,162.59086538640435,-0.020000000000000018,-40.000000000000036,0,0,SL,SL
NVDA,2024-06-20,2024-06-21,2024-06-21,-0.03540332389068834,0.0420471272987665,0.8419915025140597,1.1411369139207046,0.10063370887607204,0.30537023131158136,0.895084535598629,-0.008340918515098439,0.04456873564040653,0.06820268460875045,2.0,-0.0027166727044789507,0.048884429018714703,1.4707734075772596,126.91082285827493,124.37260640110942,-0.020000000000000018,-40.000000000000036,0,0,SL,SL
AVGO,2024-06-21,2024-06-24,2024-06-24,-0.04377478601168283,0.043331820444497224,1.0102226392208238,2.1220563358307127,0.10552411029776443,0.19102975886215545,0.44364869579157307,-0.09308491928376739,-0.01212636971299974,0.18366186768604886,3.0,-0.0013404933262958219,0.04618862128010681,1.323442337315026,161.17383558386638,157.95035887218904,-0.020000000000000018,-40.00000000000003,0,0,SL,SL
NVDA,2024-06-21,2024-06-24,2024-06-24,-0.032191517869925246,0.04384271126152195,0.7342501625390526,1.4156233492892885,0.05121222102268441,0.25345494329497553,0.8237673225348727,-0.03366924238428526,-0.02345502623540352,0.04613621493055886,3.0,-0.0013404933262958219,0.04618862128010681,1.323442337315026,123.03719724453093,120.5764532996403,-0.020000000000000018,-40.000000000000036,0,0,SL,SL
AVGO,2024-06-24,2024-06-25,2024-06-25,-0.03699698276632091,0.04589512444643427,0.8061201099803383,1.2161105845739253,0.057434847210542816,0.14343779270692747,0.3857911677987622,-0.11387072242030138,-0.07940707914012557,0.1355184803471141,4.0,-0.0032506247891551654,0.0417308208671614,0.9479130535081279,157.05922394772028,153.91803946876587,-0.020000000000000018,-40.00000000000003,0,0,SL,SL
NFLX,2024-06-24,2024-06-25,2024-07-02,-0.024922740871013316,0.021319035952923206,1.169036954862679,1.3514292270768955,0.020879337553548538,0.07796152466195827,0.2701578238354603,-0.024282831142109274,-0.0005378575829713128,0.04294818334618644,2.0,-0.0032506247891551654,0.0417308208671614,0.9479130535081279,67.34400177001953,67.95800018310547,0.009117343741804174,18.234687483608347,5,5,TIME,TIME
NVDA,2024-06-24,2024-06-25,2024-06-25,-0.06684051740065078,0.04889622978519292,1.3669871418366877,1.0799439925580507,-0.02485002739301756,0.16333658464190703,0.6931974173115432,-0.128853775481642,-0.10441318507403119,-0.022899784165293702,4.0,-0.0032506247891551654,0.0417308208671614,0.9479130535081279,121.00055473590018,125.8405769253362,0.040000000000000036,80.00000000000006,0,0,TP,TP
HD,2024-06-25,2024-06-26,2024-07-02,-0.0357956542587452,0.02119924867412455,1.6885340989672326,1.314467738350989,-0.00019955871421373228,0.00585181628452025,0.017231303842470513,-0.042779620010052755,-0.031988625483125976,0.017320367562882355,3.0,0.003850753763464221,0.044314191458369345,0.7926044312362974,322.8819783754379,316.42433880792913,-0.020000000000000018,-40.000000000000036,4,4,SL,SL
NKE,2024-06-25,2024-06-26,2024-06-28,-0.024904986201878865,0.021326804647490916,1.1677786060092654,1.0001265912745299,0.0005166404391754309,0.013733120630825768,-0.04928288423853422,-0.008580207955677155,-0.0026317795601407123,-0.01302098369283633,3.0,0.003850753763464221,0.044314191458369345,0.7926044312362974,88.7137170905087,86.93944274869853,-0.019999999999999907,-39.99999999999981,2,2,SL,SL
WMT,2024-06-25,2024-06-26,2024-07-03,-0.021480311627175452,0.01571173972099345,1.3671504243717993,1.3543425638096969,0.010696035095040024,0.06632095242304903,0.18392912222469393,-0.008675146078783613,0.0,0.006869765561861918,2.0,0.003850753763464221,0.044314191458369345,0.7926044312362974,66.00372795461487,66.82630920410156,0.012462648322717484,24.92529664543497,5,5,TIME,TIME
GS,2024-06-27,2024-06-28,2024-07-03,-0.021717240686858208,0.01936751339514162,1.1213231272273714,1.4202131922737837,-0.016428845506682666,0.0019886403339288705,0.17799730976607497,-0.034906629259662925,-0.026394424811096773,-0.006106513761794385,4.0,0.001576461654494432,0.04377918505060818,0.7381925064238853,430.0469958573777,447.2488756916728,0.040000000000000036,80.00000000000007,3,3,TP,TP
AMZN,2024-06-28,2024-07-01,2024-07-09,-0.023249966952787915,0.022269462397922057,1.0440291075440307,1.7696095367743365,0.041206450119872784,0.05210835233869959,0.19568415210012047,0.03708277234040214,0.022054147073000685,0.05124298577553499,2.0,-0.003935179546855183,0.037876165970472275,1.5553129877300125,193.49000549316406,199.33999633789062,0.030234072451526428,60.46814490305286,5,5,TIME,TIME
META,2024-06-28,2024-07-01,2024-07-01,-0.02952502267994317,0.021659162083224846,1.3631655078111484,1.3047499841587646,0.011029780588083682,0.051061634302067116,0.22749318052259704,-0.012495294010262614,0.019079043490209724,0.0012310326624767054,1.0,-0.003935179546855183,0.037876165970472275,1.5553129877300125,501.58300786062364,491.5513477034112,-0.020000000000000018,-40.000000000000036,0,0,SL,SL
ORCL,2024-07-09,2024-07-10,2024-07-15,-0.029993719050147805,0.021294526439890587,1.4085177773177056,1.1805259584021532,0.005913417136388821,0.09973957136695599,0.21254914570895833,-0.025626831097195546,-0.016842369398358592,0.0056477135150061475,1.0,0.0009725098044246483,0.047521711558519364,0.6039769742589886,137.69603878125594,143.20388033250617,0.040000000000000036,80.00000000000007,3,3,TP,TP
COST,2024-07-11,2024-07-12,2024-07-18,-0.042654819949582756,0.01842517105285618,2.315029794145147,3.0311161228938346,-0.016274807244620604,0.031684961395221256,0.22075697290812313,-0.03888337792768837,-0.01862836506254628,-0.01196268435785719,3.0,-0.008622676907853233,0.044719100723199734,1.1491642197868464,839.450885690491,822.6618679766812,-0.020000000000000018,-40.000000000000036,4,4,SL,SL
GOOGL,2024-07-11,2024-07-12,2024-07-17,-0.029343932179566434,0.018306507179173034,1.6029235884467612,1.170540482763787,0.016237341737163735,0.0521710397472297,0.23987565340019446,-0.018303850358389218,-0.001345335377678225,0.009190912845544519,3.0,-0.008622676907853233,0.044719100723199734,1.1491642197868464,183.66384869720036,179.99057172325635,-0.020000000000000018,-40.00000000000003,3,3,SL,SL
META,2024-07-11,2024-07-12,2024-07-16,-0.041126605474223865,0.02791940126777621,1.4730475442426854,1.32912964107774,0.0017716598250818727,0.05107855899956637,0.22200971961941107,-0.03139879257781397,0.0053729321576119204,-0.000818594353986124,2.0,-0.008622676907853233,0.044719100723199734,1.1491642197868464,494.4409036740209,484.55208560054047,-0.020000000000000018,-40.00000000000004,2,2,SL,SL
MSFT,2024-07-11,2024-07-12,2024-07-17,-0.024772227205169584,0.015748242540204155,1.5730153470730357,1.2666065639805881,0.004079609389948002,0.05319643168732702,0.15429141273923586,-0.024751310588403297,-0.01317351628180019,0.0056174149478953606,3.0,-0.008622676907853233,0.044719100723199734,1.1491642197868464,446.45987718044813,437.5306796368392,-0.020000000000000018,-40.00000000000003,3,3,SL,SL
NFLX,2024-07-11,2024-07-12,2024-07-17,-0.03674460099161303,0.021330629490779567,1.722621501043668,1.7430542874063253,-0.033386809270269935,0.014548284863507899,0.20250079096026874,-0.04810855560516414,-0.0436037266671101,-0.03680142498529149,3.0,-0.008622676907853233,0.044719100723199734,1.1491642197868464,65.2750015258789,63.96950149536133,-0.020000000000000018,-40.000000000000036,3,3,SL,SL
NVDA,2024-07-11,2024-07-12,2024-07-16,-0.055666900610235825,0.04492040984181471,1.2392340320639197,1.1494670940501628,-0.0014499706285665548,0.1388892617380706,0.7049130104081867,-0.0062401275076405804,-0.006859901033274385,0.007911433444220517,2.0,-0.008622676907853233,0.044719100723199734,1.1491642197868464,128.04896049446677,125.48798128457743,-0.020000000000000018,-40.000000000000036,2,2,SL,SL
TSLA,2024-07-11,2024-07-12,2024-07-12,-0.08444127539962887,0.051721476403180325,1.6326153325823587,1.922632252711412,0.14917374197689015,0.2681584450792114,0.17325191432394504,-0.04708627954120592,-0.02175413216294997,0.22742783914343767,1.0,-0.008622676907853233,0.044719100723199734,1.1491642197868464,235.8000030517578,245.23200317382813,0.040000000000000036,80.00000000000007,0,0,TP,TP
META,2024-07-12,2024-07-15,2024-07-16,-0.0269748633894189,0.029754370852660483,0.9065849021978883,1.5464958856420692,-0.024348787021927443,0.019835330081727776,0.18623778861044515,-0.05873590738657797,-0.0760126438220533,-0.03982214856258648,3.0,0.006307739308701876,0.04896056980805685,1.1626197907786355,495.3051241917836,485.3990217079479,-0.020000000000000018,-40.00000000000003,1,1,SL,SL
AMZN,2024-07-17,2024-07-18,2024-07-18,-0.02637038381521739,0.02386526736142445,1.1049691342591947,1.0438794994356775,-0.029043987078148703,0.0002692825895793671,0.13654193073421106,-0.033729305527801956,-0.0593623354967836,-0.06035003662109373,4.0,-0.014021126594645938,0.0365858244858126,1.2599674723290901,189.58999633789062,185.7981964111328,-0.020000000000000018,-40.000000000000036,0,0,SL,SL
LLY,2024-07-17,2024-07-18,2024-07-18,-0.03824330656404329,0.022491264307332916,1.7003626848836004,1.476433165793821,-0.008981672456929157,0.06151973047568937,0.27629593893412197,-0.04513911238900359,-0.03638081392856629,-0.0012350692405010966,3.0,-0.014021126594645938,0.0365858244858126,1.2599674723290901,893.2564339640751,875.3913052847936,-0.020000000000000018,-40.000000000000036,0,0,SL,SL
NVDA,2024-07-17,2024-07-18,2024-07-18,-0.06623935100110345,0.04492513488314613,1.4744385559085644,1.2135734829573148,-0.06950153918306723,0.025789750312276594,0.5446323524737895,-0.08704753831538714,-0.12541714744052712,-0.03815116297541543,4.0,-0.014021126594645938,0.0365858244858126,1.2599674723290901,121.64949097287113,119.21650115341372,-0.020000000000000018,-40.00000000000003,0,0,SL,SL
ORCL,2024-07-17,2024-07-18,2024-07-25,-0.02349056989588061,0.021714182863971355,1.0818076850064975,1.0111466858361615,-0.018448921069645463,0.06446694806567388,0.1923425032573851,-0.03806018493284813,-0.01701149734000662,-0.025312565179708035,3.0,-0.014021126594645938,0.0365858244858126,1.2599674723290901,136.3626757350265,134.85580444335938,-0.011050467318456048,-22.100934636912097,5,5,TIME,TIME
BAC,2024-07-18,2024-07-19,2024-07-22,-0.022055336463644437,0.021157868359144537,1.042417699612542,1.258758138796252,0.0498694584619479,0.08106361784346983,0.2614270851281435,0.026736756168913356,0.028701288244689538,0.05158941510145243,3.0,-0.007684866404461421,0.02717635134937657,1.2211879706786757,40.942844565138664,40.12398767383589,-0.020000000000000018,-40.000000000000036,1,1,SL,SL
GS,2024-07-18,2024-07-19,2024-07-26,-0.0318013742002764,0.022537308965814372,1.411054631611706,1.2653273551487527,0.03415160193911149,0.05509754202755457,0.24941386364984508,-0.012230129883647134,0.014564989492319436,0.03908778156648052,2.0,-0.007684866404461421,0.02717635134937657,1.2211879706786757,467.3285846312912,476.79705810546875,0.020260848117492847,40.5216962349857,5,5,TIME,TIME
JPM,2024-07-18,2024-07-19,2024-07-26,-0.03177033520886263,0.020494108426633927,1.5502179722819385,1.1969003278795995,0.02655771548424446,0.049678509082975,0.19264036699733822,-0.0003333643433831579,0.012195598642717576,0.011756690539763248,2.0,-0.007684866404461421,0.02717635134937657,1.2211879706786757,202.68401496985885,203.6820831298828,0.00492425690389231,9.84851380778462,5,5,TIME,TIME
MS,2024-07-18,2024-07-19,2024-07-19,-0.020101022068266805,0.02256462745586908,0.8908200282756502,1.216298752290376,0.03999316570672096,0.05855846457523106,0.19433002535603694,-0.004275167541754832,0.0016246189587485471,0.0460079504630595,2.0,-0.007684866404461421,0.02717635134937657,1.2211879706786757,98.53398139409487,96.56330176621297,-0.019999999999999907,-39.999999999999815,0,0,SL,SL
CAT,2024-07-19,2024-07-22,2024-07-24,-0.023593479552832308,0.02348350178244308,1.0046831929670494,1.0476521844366453,0.036702022461432726,0.026372275970560244,0.12336905521834929,-0.03591426482482729,0.035877228627886115,0.05871794162994215,3.0,-0.006640527977257338,0.019085832638018108,1.4291609340003715,339.5208802453267,332.7304626404201,-0.02000000000000013,-40.000000000000256,2,2,SL,SL
MS,2024-07-19,2024-07-22,2024-07-29,-0.02595166429328022,0.024236297693419076,1.070776758957162,1.581963257741363,0.010671979385903141,0.029776642834384193,0.16173719970803857,-0.03888173480281676,-0.019214204068597973,0.025102944680682082,2.0,-0.006640527977257338,0.019085832638018108,1.4291609340003715,96.42610231220843,96.43551635742188,9.76296354171513e-05,0.19525927083430264,5,5,TIME,TIME
XOM,2024-07-19,2024-07-22,2024-07-29,-0.022979888266614013,0.018997173020136288,1.209647785081296,1.0266291241371928,0.01539665127173806,0.015117907781945217,0.07573740148817243,0.00025841840165141683,0.02471959273930202,0.023815671711852282,1.0,-0.006640527977257338,0.019085832638018108,1.4291609340003715,107.1669513343649,108.02294921875,0.007987517361713214,15.97503472342643,5,5,TIME,TIME
AAPL,2024-07-24,2024-07-25,2024-08-01,-0.02875426438911277,0.025016685678699614,1.1494034325096674,1.0927860582110727,-0.025369212633737148,0.048283214622129256,0.16363136948516077,-0.025723385004712718,-0.04517659452020151,-0.06197962009353486,3.0,-0.02266241904264188,0.0010955852891259,1.6177047810837308,216.86277641061952,216.29815673828125,-0.0026035803916352185,-5.207160783270437,5,5,TIME,TIME
BLK,2024-07-24,2024-07-25,2024-07-29,-0.020173046215986923,0.017244162682318202,1.1698478254715108,1.079530127277632,0.018796596511641894,0.042858715457453345,0.08904722784807984,-0.0036717265101443575,-0.015979328412629945,0.019273398015284382,2.0,-0.02266241904264188,0.0010955852891259,1.6177047810837308,790.7898273637953,822.4214204583471,0.040000000000000036,80.00000000000007,2,2,TP,TP
GE,2024-07-24,2024-07-25,2024-07-26,-0.05639518068050875,0.030339871019477164,1.8587811610769527,1.2936244658543596,0.005377390981721408,0.004201906097501595,0.27693912696493084,0.019920871724372402,0.03600164499677039,-0.018860887633864398,1.0,-0.02266241904264188,0.0010955852891259,1.6177047810837308,161.43418647614683,167.89155393519272,0.040000000000000036,80.00000000000009,1,1,TP,TP
HD,2024-07-24,2024-07-25,2024-07-30,-0.025888387416058367,0.02201927637260782,1.1757147227718963,1.0679358952308036,0.00039273116308091716,0.02301030167384588,0.0389746315378372,-0.03591471903221033,-0.05802794037564418,0.01781042964172741,5.0,-0.02266241904264188,0.0010955852891259,1.6177047810837308,333.0974683354651,346.42136706888374,0.040000000000000036,80.00000000000007,3,3,TP,TP
PLD,2024-07-24,2024-07-25,2024-07-25,-0.02068726309230251,0.025128838254451034,0.8232478908426341,1.0821219928538863,0.04279468810359277,0.09435438423379128,0.05263032389884437,-0.005413963769350438,-0.0010549303552752631,0.05611817238684802,3.0,-0.02266241904264188,0.0010955852891259,1.6177047810837308,115.79785027596232,113.48189327044307,-0.020000000000000018,-40.000000000000036,0,0,SL,SL
TSLA,2024-07-24,2024-07-25,2024-07-25,-0.12334604589403697,0.07300602678402698,1.6895323759904148,1.235993793348777,-0.09219289193751845,0.0682854187180264,0.05237260386331988,-0.0970317380902821,-0.1308249275929012,-0.1795563417115439,3.0,-0.02266241904264188,0.0010955852891259,1.6177047810837308,216.8000030517578,225.47200317382814,0.040000000000000036,80.00000000000009,0,0,TP,TP
JNJ,2024-07-31,2024-08-01,2024-08-02,-0.021570665817898127,0.01836735777219202,1.1744022240670828,1.178655941104155,0.03118045097309352,0.05571448865524453,0.039627787592513064,-0.017367876187885045,0.010046202771086143,0.008111012506848647,2.0,0.01625473240430919,0.015181688596663134,1.3712257352754615,149.0031162137646,154.9632408623152,0.040000000000000036,80.00000000000007,1,1,TP,TP
PFE,2024-07-31,2024-08-01,2024-08-01,-0.027078671873445148,0.025439800062223187,1.0644215680631706,1.1183521875900178,0.049754716791513554,0.07729607780032355,0.11012539044032255,-0.007474873390853509,0.03305566451989872,0.031335678077624385,2.0,0.01625473240430919,0.015181688596663134,1.3712257352754615,26.824509063402267,26.28801888213422,-0.020000000000000018,-40.000000000000036,0,0,SL,SL
HD,2024-08-01,2024-08-02,2024-08-02,-0.026021396094420113,0.024027313104113733,1.0829923421593475,1.1810188683394887,0.004988676152141158,0.03961977303865494,0.05678163025522176,-0.008543940022181506,0.01497350980987977,-0.020487501931439667,1.0,-0.014160869859156988,0.00026549882020598936,1.5264801272095068,337.5964702292152,330.8445408246309,-0.020000000000000018,-40.00000000000004,0,0,SL,SL
JPM,2024-08-01,2024-08-02,2024-08-02,-0.02274433381010632,0.021322771648567402,1.0666687326098354,1.1816999179630596,-0.00853154499781561,0.026365101898595533,0.15857408376330406,-0.013706417882636601,-0.0034023982667450436,-0.009619753865692249,3.0,-0.014160869859156988,0.00026549882020598936,1.5264801272095068,195.6591542348571,191.74597115015996,-0.020000000000000018,-40.000000000000036,0,0,SL,SL
ADBE,2024-08-02,2024-08-05,2024-08-07,-0.03704176576041618,0.02596388359984392,1.426665067957663,1.1962548819349776,-0.04608931201295596,0.011473210702231285,-0.03679167310021536,-0.023277901934292355,-0.029994136601323884,-0.04506355188719369,3.0,-0.01861848434454616,-0.01847540945917181,1.5880174827683173,504.2300109863281,524.3992114257812,0.040000000000000036,80.00000000000007,2,2,TP,TP
GS,2024-08-02,2024-08-05,2024-08-05,-0.0589459039429131,0.030024483651271108,1.9632612046741256,2.159027722614981,-0.037450529001768706,0.003653775589542496,0.17819215476667716,-0.06927447643550788,-0.05689028824568032,-0.029468111494995286,3.0,-0.01861848434454616,-0.01847540945917181,1.5880174827683173,427.64882018075133,419.0958437771363,-0.020000000000000018,-40.000000000000036,0,0,SL,SL
PLD,2024-08-02,2024-08-05,2024-08-12,-0.029282767055363035,0.03018919835304171,0.9699749795579666,1.4340825226434082,0.014362939169627165,0.08184841853177405,0.055066533016074004,-0.01673401286232057,0.010596738920018778,0.0018586763020320696,2.0,-0.01861848434454616,-0.01847540945917181,1.5880174827683173,112.29790892758452,112.2885513305664,-8.332832826074554e-05,-0.1666566565214911,5,5,TIME,TIME
ABBV,2024-08-05,2024-08-06,2024-08-13,-0.026044732056073938,0.02992206145734987,0.8704190415890103,1.2161280574767503,0.043384755847562406,0.0883945775754329,0.1451896918752087,-0.005180446914553549,0.013301029140854626,0.061920223548715736,3.0,-0.029123810062021582,-0.046683765576564396,2.5375378644522653,173.6405142318289,179.07176208496094,0.031278690213280225,62.55738042656045,5,5,TIME,TIME
AMT,2024-08-05,2024-08-06,2024-08-12,-0.036012677386460856,0.024846384737552202,1.4494131748685433,2.034218433225192,0.061302020371142074,0.1251668440172371,0.17274779843881216,0.026270447421086862,0.052389144039421964,0.08033625852128923,2.0,-0.029123810062021582,-0.046683765576564396,2.5375378644522653,209.80108416209413,205.60506247885223,-0.020000000000000018,-40.000000000000036,4,4,SL,SL
DUK,2024-08-05,2024-08-06,2024-08-13,-0.02554420180301087,0.020120447785310813,1.2695642798596032,1.5742585506912405,0.0321471126066899,0.06916389766932363,0.15778469720752542,0.01592392993661451,0.021439071195416437,0.03226711462994403,2.0,-0.029123810062021582,-0.046683765576564396,2.5375378644522653,103.82718915975033,104.96247100830078,0.0109343405878366,21.8686811756732,5,5,TIME,TIME
MCD,2024-08-05,2024-08-06,2024-08-13,-0.029780477932511484,0.024290249954385116,1.2260259976095973,1.4113656591714674,0.03865618128457737,0.047710405593162974,-0.0153296172923717,0.011492311174613912,0.026891672377158615,0.0343300804308182,2.0,-0.029123810062021582,-0.046683765576564396,2.5375378644522653,255.60524597563108,256.0314636230469,0.0016674839586681145,3.334967917336229,5,5,TIME,TIME
NEE,2024-08-05,2024-08-06,2024-08-13,-0.03181813600533312,0.026138279541467066,1.2173003182881736,1.0860299459206901,0.035824288304356244,0.03529804045362073,0.20510357869243245,0.0037963949176247347,0.031476892785395005,0.05185182950524836,2.0,-0.029123810062021582,-0.046683765576564396,2.5375378644522653,71.98214957925727,73.1717300415039,0.01652604804385338,33.05209608770676,5,5,TIME,TIME
PEP,2024-08-05,2024-08-06,2024-08-08,-0.022466902831185465,0.02097630726224269,1.0710609141212306,1.2437737125293338,0.02798539484246798,0.03374560155917772,0.039836898149490985,0.007934074664547985,0.004791657530795801,0.03805314411898153,3.0,-0.029123810062021582,-0.046683765576564396,2.5375378644522653,160.82229397675243,157.60584809721738,-0.020000000000000018,-40.000000000000036,2,2,SL,SL
PLD,2024-08-05,2024-08-06,2024-08-07,-0.04065167408141945,0.03397871332862167,1.1963865049350433,1.2448091718207874,-0.028672626955045688,0.03594334958496481,0.011608272381298468,-0.05640622613987101,-0.04041940291301793,-0.06095054448300863,3.0,-0.029123810062021582,-0.046683765576564396,2.5375378644522653,111.32465113633786,115.77763718179138,0.040000000000000036,80.00000000000007,1,1,TP,TP
LOW,2024-08-07,2024-08-08,2024-08-15,-0.037648036288052245,0.029411518952349818,1.2800439293545691,1.3102220278491492,-0.024726215353662706,0.02406747341427984,0.0467857840035919,-0.03672749159117028,-0.05669840205800303,-0.0003454666444486776,4.0,-0.006684103806042452,-0.04393079251510246,1.1381262964206114,223.19809324399364,232.1260169737534,0.040000000000000036,80.00000000000006,5,5,TP,TP
LOW,2024-08-12,2024-08-13,2024-08-14,-0.020183990871804114,0.030497859121752024,0.6618166472350271,1.051455318320462,-0.029080575985211632,0.01626399067871942,0.04094225795996542,-0.002245144009030975,-0.02510328466290479,-0.03640522475619623,3.0,0.0005254051316678776,-0.017849159067946263,0.682268251939894,219.93937204315412,228.7369469248803,0.040000000000000036,80.00000000000007,1,1,TP,TP
XOM,2024-08-20,2024-08-21,2024-08-28,-0.033324896778013646,0.021467568007099234,1.5523368444433596,1.1444938074919244,-0.01591739920988,0.004875355979411022,0.058908110181401296,-0.03495325290771267,-0.02000282048333235,0.011759422740534431,2.0,-0.0016260603752510372,0.023901608159280885,0.5499099752948636,107.87029463529548,109.28656005859375,0.013129336747309317,26.258673494618638,5,5,TIME,TIME
AVGO,2024-08-22,2024-08-23,2024-08-26,-0.020750369256272716,0.049244085270654596,0.42137790035544065,1.147715265611976,0.057844627393524695,0.010730911811597243,0.24244351886896043,-0.0320194784055694,-0.022813419938414015,0.1139016463528586,4.0,-0.00784851342649362,0.0175781746911281,0.9441766283162645,161.98359682629626,158.74392488977034,-0.020000000000000018,-40.000000000000036,1,1,SL,SL
NVDA,2024-08-22,2024-08-23,2024-08-26,-0.037042799075779564,0.05413423930952168,0.684276708202753,1.0148455952799627,0.0876424318410034,0.024203712348312312,0.44468146597955593,-0.048153817575590896,0.007162526758710319,0.17881291101885055,2.0,-0.00784851342649362,0.0175781746911281,0.9441766283162645,125.65288601497598,130.67900145557502,0.040000000000000036,80.00000000000007,1,1,TP,TP
CRM,2024-08-28,2024-08-29,2024-08-29,-0.02006032721238149,0.019679465042861957,1.019353278592178,2.166277409122829,0.014824655665958808,0.022159736822130904,-0.03028467528028722,-0.019318133048342623,-0.008387838931865788,0.014021764131098902,3.0,-0.005805296430382967,0.01854815092301454,0.7184497119754244,267.16436098575383,261.82107376603875,-0.020000000000000018,-40.000000000000036,0,0,SL,SL
NVDA,2024-08-28,2024-08-29,2024-08-29,-0.020966571421015434,0.04299588469089607,0.48764135385856794,1.2245553376797336,0.07371825790677322,0.04104855279123765,0.4392463895288483,-0.02906376558874535,-0.02249016891786615,0.06377031637350772,3.0,-0.005805296430382967,0.01854815092301454,0.7184497119754244,121.16030816238968,118.73710199914188,-0.020000000000000018,-40.000000000000036,0,0,SL,SL
AAPL,2024-09-03,2024-09-04,2024-09-09,-0.027205228538244586,0.017583808991729923,1.547174935250937,1.1339441059672672,0.0011366935588776883,0.004690347598861555,0.14912700883823948,-0.01642460329106188,-0.019412043027823067,-0.013812029003789639,3.0,-0.020578915993978097,0.005819622867078156,1.2123488530068454,219.82116129878526,215.42473807280956,-0.019999999999999907,-39.999999999999815,3,3,SL,SL
CAT,2024-09-03,2024-09-04,2024-09-05,-0.0445380620367829,0.020166446884019352,2.2085230131479694,1.3952934889746578,-0.006359145552890411,0.005104841125568971,0.05450139052851699,-0.022860423030745647,-0.031096845982574672,-0.012795505522528727,3.0,-0.020578915993978097,0.005819622867078156,1.2123488530068454,330.340147172627,323.73334422917446,-0.019999999999999907,-39.999999999999815,1,1,SL,SL
GS,2024-09-03,2024-09-04,2024-09-10,-0.04466425808292007,0.019531852691299402,2.286739450109414,1.4617473719215919,-0.01304540832734602,0.008518668945344254,0.1689476593420134,-0.025800417316297453,-0.034509086220830265,-0.028406429182527337,3.0,-0.020578915993978097,0.005819622867078156,1.2123488530068454,467.76746222073217,458.41211297631753,-0.020000000000000018,-40.000000000000036,4,4,SL,SL
JPM,2024-09-03,2024-09-04,2024-09-05,-0.02001789446509339,0.013040665773929407,1.5350362329745997,1.2932557523318704,0.032345665234732035,0.05237105455018143,0.17588335165332847,-0.004473801800341515,0.005155771117104635,0.022511004291756898,1.0,-0.020578915993978097,0.005819622867078156,1.2123488530068454,212.12723207920712,207.88468743762297,-0.020000000000000018,-40.000000000000036,1,1,SL,SL
NFLX,2024-09-03,2024-09-04,2024-09-11,-0.037114199419432836,0.025308647175722718,1.466463187927112,1.0680695850206705,0.010768913994264606,0.02445633941804215,0.14447793597071623,-0.012459127448280927,-0.01905763836533436,-0.019185790109366496,2.0,-0.020578915993978097,0.005819622867078156,1.2123488530068454,67.33100128173828,68.14700317382812,0.012119259725180465,24.23851945036093,5,5,TIME,TIME
XOM,2024-09-03,2024-09-04,2024-09-06,-0.02094285830944198,0.019066080888789843,1.0984354063952186,1.2737139114999232,-0.0110830211883991,0.001815738209962392,0.06052603278390278,-0.009011332265877914,-0.028112010411115218,-0.025816271040718597,4.0,-0.020578915993978097,0.005819622867078156,1.2123488530068454,108.13292466802257,105.97026617466211,-0.020000000000000018,-40.000000000000036,2,2,SL,SL
ABBV,2024-09-05,2024-09-06,2024-09-13,-0.021064796989932688,0.014507173884792994,1.4520262290378734,1.4001114813980242,-0.009277343958448703,0.055751980249461264,0.15403109685215588,-0.01757424255051132,-0.012998895806441202,-0.018673971812231294,3.0,-0.0024321808589056193,0.0008456056039185533,0.9461433601391931,181.169361866873,181.86231994628906,0.003824918696381241,7.649837392762482,5,5,TIME,TIME
JPM,2024-09-06,2024-09-09,2024-09-10,-0.023755901733435114,0.016026557259881915,1.4822835215459211,1.1592954190911822,-0.014694211714279093,0.009296340068269071,0.12791715442087725,-0.03558771334959843,-0.04387732723315818,-0.01924935833025676,4.0,-0.016829978520024547,-0.015814007129143826,1.455927580495904,206.51312105129102,202.3828586302652,-0.020000000000000018,-40.000000000000036,1,1,SL,SL
NFLX,2024-09-06,2024-09-09,2024-09-16,-0.026110939490715968,0.02592594963315426,1.0071353165526922,1.087998661506678,-0.01660018207991998,0.009664332402511633,0.12226181166795658,-0.014141358681198812,-0.03857147610404654,-0.03365943042878683,2.0,-0.016829978520024547,-0.015814007129143826,1.455927580495904,67.4000015258789,70.09600158691407,0.040000000000000036,80.00000000000007,5,5,TP,TP
ABBV,2024-09-11,2024-09-12,2024-09-19,-0.023877700503851296,0.016866959890609205,1.4156493321090642,1.1384623233508495,-0.006012254105489223,0.052781018609261876,0.1559026281743976,0.006153013202071733,-0.012283586900341481,-0.006788473443063769,2.0,0.010259077279622053,0.00929090759700757,1.5800398513412057,182.396077266414,181.30979919433594,-0.005955599968805347,-11.911199937610697,5,5,TIME,TIME
WMT,2024-09-17,2024-09-18,2024-09-25,-0.02432986505448609,0.014503833706247228,1.6774782135020274,1.331039313108171,0.01723208837427781,0.08198552408252047,0.262262918207983,-0.01330656403911945,-0.002664662846514898,0.01853049443308996,2.0,0.0004087336229028349,0.023672775841268257,1.04632093164801,77.23037940101375,79.94090270996094,0.03509659450037095,70.1931890007419,5,5,TIME,TIME
NFLX,2024-09-18,2024-09-19,2024-09-26,-0.02325621051865867,0.02520330572751489,0.9227444514657241,1.2279005468033195,0.004518660612631065,0.04549908502853195,0.14753347142718543,-0.00945405272585087,0.013206654065017087,0.015875039932865542,2.0,-0.0029656033947648153,0.0204299264107195,1.2198559288724344,70.5,71.14299774169922,0.009120535343251301,18.2410706865026,5,5,TIME,TIME
NEE,2024-09-19,2024-09-20,2024-09-27,-0.023611496675112642,0.018844470226245438,1.2529668593297985,1.7924393897193875,0.010789516175665703,0.058709064354435014,0.22488238621402123,-0.027764442027701675,-0.014018519856313305,0.024399355266327305,3.0,0.017064154346870808,0.0374783693065357,1.5035068618068472,77.53908310739074,79.69792175292969,0.027841941883024024,55.68388376604805,5,5,TIME,TIME
PLD,2024-09-20,2024-09-23,2024-09-30,-0.02357977131042066,0.02228251146304356,1.05821874475544,2.494886514790947,-0.018428831989668826,0.007801180375533789,0.04268354290358256,-0.026383266513717807,-0.027515216313159674,-0.006495476689416302,3.0,-0.0017286028901163375,0.0351766386404615,1.5148478469498048,119.3558272761903,119.05413818359375,-0.00252764443497544,-5.055288869950881,5,5,TIME,TIME
TSLA,2024-09-20,2024-09-23,2024-09-24,-0.02324531900421767,0.04622694406350716,0.502852167175121,1.292679566529108,0.07453410280231632,0.07330262486896721,0.17787551744705254,0.04555231098975687,0.034565143714155866,0.1305936735653077,3.0,-0.0017286028901163375,0.0351766386404615,1.5148478469498048,242.61000061035156,252.31440063476563,0.040000000000000036,80.00000000000007,1,1,TP,TP
V,2024-09-24,2024-09-25,2024-09-25,-0.05491450578898138,0.019712397462129973,2.785785234620961,1.7497341567657103,-0.032212801524931445,0.007350171082147305,0.004858383893694862,-0.04368248952559661,-0.06441221163496336,-0.04401772981273133,4.0,0.002861378152297034,0.039865950952758133,0.9108465696499681,270.11763709877465,264.71528435679915,-0.020000000000000018,-40.000000000000036,0,0,SL,SL
AAPL,2024-10-01,2024-10-02,2024-10-07,-0.02914163785067525,0.021392901081439233,1.3622106576259976,1.0164696676119291,0.010181753043884356,0.01786133750215746,0.14732484708503013,-0.005757806405670363,-0.0051017425100005065,0.0434522103615369,2.0,-0.008958496969196927,0.03173577897807878,1.3749268014875262,224.0160654907427,219.53574418092785,-0.020000000000000018,-40.000000000000036,3,3,SL,SL
DIS,2024-10-01,2024-10-02,2024-10-08,-0.022247648693928035,0.01739956732193664,1.278632294831788,1.118597942392073,0.023244691685914587,0.039120902369732535,-0.06323678961402668,-0.012079774388191633,0.0038424936751475514,0.012814981036609385,1.0,-0.008958496969196927,0.03173577897807878,1.3749268014875262,91.45715143597444,89.62800840725495,-0.020000000000000018,-40.000000000000036,4,4,SL,SL
MSFT,2024-10-01,2024-10-02,2024-10-07,-0.02233322930471715,0.01634389245036614,1.3664571871443536,1.0164518813215806,-0.009664626797174836,0.003853057028024409,0.014313913426347913,-0.024622564645705003,-0.01975911464211566,-0.03322994176209726,3.0,-0.008958496969196927,0.03173577897807878,1.3749268014875262,416.0082934736332,407.68812760416057,-0.019999999999999907,-39.999999999999815,3,3,SL,SL
NKE,2024-10-02,2024-10-03,2024-10-07,-0.0676540871527389,0.029620102303633832,2.2840598745818315,2.315411429175029,-0.0016879769833251235,0.03802447671194997,-0.09003872885688358,-0.0708856513682603,-0.055681936356073214,0.02719382475969212,2.0,0.00042218331212562354,0.03154347186096529,0.7271058875216748,78.03822725864893,76.47746271347594,-0.02000000000000013,-40.000000000000256,2,2,SL,SL
TSLA,2024-10-02,2024-10-03,2024-10-03,-0.03488095932262847,0.03945752490897874,0.884012856941545,1.149535058783411,0.04187457961145724,0.11655044853695085,0.22769226539605958,-0.04392224356112007,-0.031125924376198544,0.09603876592124028,3.0,0.00042218331212562354,0.03154347186096529,0.7271058875216748,244.47999572753906,239.59039581298828,-0.020000000000000018,-40.00000000000004,0,0,SL,SL
TSLA,2024-10-03,2024-10-04,2024-10-07,-0.03357160254966751,0.0424991941813891,0.7899350375064031,1.0113032706583414,0.004692426749327128,0.07668411672602926,0.18685232161741427,-0.0801513619590225,-0.0533396172350008,-0.013365015297261418,3.0,-0.0018281779867485026,0.028603965151006827,0.7821163584414197,246.69000244140625,241.75620239257813,-0.020000000000000018,-40.00000000000004,1,1,SL,SL
AMZN,2024-10-07,2024-10-08,2024-10-11,-0.03061493551686767,0.022724406826943187,1.3472270475535177,1.1157910927821584,-0.033728634241876776,0.008815993951709622,0.02078784155204616,-0.021433165040127822,-0.029678520501013717,-0.06746441872105724,4.0,-0.00904048317953321,0.026290643511426293,0.9716256952153395,181.9199981689453,189.19679809570314,0.040000000000000036,80.00000000000006,3,3,TP,TP
DIS,2024-10-07,2024-10-08,2024-10-15,-0.029006952738037994,0.01873272838373903,1.5484638512784672,1.2192573235095878,-0.006243998162162145,0.01730927492695189,-0.07990142838395975,-0.018693694440758968,-0.03950523733100619,-0.006238632173387826,3.0,-0.00904048317953321,0.026290643511426293,0.9716256952153395,90.41153828525263,92.07278442382812,0.018374271360522387,36.74854272104477,5,5,TIME,TIME
NFLX,2024-10-07,2024-10-08,2024-10-10,-0.024704735970161762,0.022027348393844973,1.1215483374778292,1.2659896889933677,-0.0016115256940970601,0.03702453824884344,0.13657554097621705,-0.012895692555651372,-0.0103627756723359,-0.0048910672152910895,3.0,-0.00904048317953321,0.026290643511426293,0.9716256952153395,70.38800048828125,73.2035205078125,0.040000000000000036,80.00000000000007,2,2,TP,TP
AMD,2024-10-10,2024-10-11,2024-10-15,-0.03999538899427524,0.033243126799870945,1.2031175417118256,2.2131949124001626,0.01929250043301023,0.09225992298552899,0.012189633997446547,-0.03971461950308308,0.008166942108803088,-0.019762449751175803,2.0,-0.0017500368840644986,0.03782494337324449,0.8966943890701778,164.19000244140625,160.9062023925781,-0.02000000000000013,-40.000000000000256,2,2,SL,SL
PFE,2024-10-10,2024-10-11,2024-10-18,-0.028155002064953916,0.02088810698085959,1.3478962976756679,1.1243843910592526,0.0033341931118848755,0.008455364934539134,0.05947356575100393,0.004794543348415559,0.03528581700611366,0.012771921422097376,2.0,-0.0017500368840644986,0.03782494337324449,0.8966943890701778,25.63696544153383,25.51471710205078,-0.004768440311777256,-9.536880623554513,5,5,TIME,TIME
CAT,2024-10-14,2024-10-15,2024-10-22,-0.020073576816440286,0.022796587502060803,0.8805518288483153,1.1600651405461309,0.022041580159745555,0.09980767985548766,0.16405390551414234,-0.00565393895501809,-0.010797216093474837,0.007235714093203782,2.0,0.008178455361924408,0.049128168191171495,0.7338985518567681,381.1122196570243,380.35675048828125,-0.001982274851808574,-3.9645497036171484,5,5,TIME,TIME
AMD,2024-10-15,2024-10-16,2024-10-21,-0.05221761154301929,0.03829527034454307,1.3635524980817928,1.408740696589642,-0.03784966864958028,0.029774300992509772,-0.03582776693704015,-0.04592516519977319,-0.09351853805968424,-0.01946792244351525,4.0,-0.007769602322363345,0.03859063332824331,1.0929646885958222,158.07000732421875,154.90860717773438,-0.019999999999999907,-39.999999999999815,3,3,SL,SL
AVGO,2024-10-15,2024-10-16,2024-10-23,-0.034721057130759236,0.03471172283837752,1.0002689089338832,1.0887703616689848,0.005565508603395886,0.07526779104035453,0.232720582092945,-0.05229145068467822,-0.026282253747369255,0.050814811196145726,3.0,-0.007769602322363345,0.03859063332824331,1.0929646885958222,175.7910623441153,172.275241097233,-0.019999999999999907,-39.99999999999981,5,5,SL,SL
NVDA,2024-10-15,2024-10-16,2024-10-17,-0.04686024223529539,0.03744028712944443,1.2515994354766249,1.3547374810906283,0.05663777260793901,0.1009324671316143,0.3283512273802782,-0.023811248565233978,-0.009707213806878334,0.12478641052714701,3.0,-0.007769602322363345,0.03859063332824331,1.0929646885958222,133.77097927850218,139.12181844964226,0.040000000000000036,80.00000000000007,1,1,TP,TP
XOM,2024-10-15,2024-10-16,2024-10-23,-0.03006123458564225,0.02252360805763913,1.3346544882469062,1.0114965676407424,0.006940232743547048,0.028565325750992354,0.07886295433350687,-0.02265719132475108,-0.013847953587449835,0.003502057873586928,1.0,-0.007769602322363345,0.03859063332824331,1.0929646885958222,113.38528113909746,112.80377197265625,-0.005128612467149352,-10.257224934298701,5,5,TIME,TIME
HD,2024-10-21,2024-10-22,2024-10-29,-0.02072300440837982,0.01747750396798896,1.1856958777600723,1.1835691993671849,-0.0070913713572606785,0.05490203490291523,0.13511622842645732,-0.029168005257203977,-0.021713081209834728,-0.0040681321080847654,3.0,-0.0016422798462758514,0.036763646419638585,0.8330264264540242,381.34093416063297,373.7141154774203,-0.020000000000000018,-40.000000000000036,5,5,SL,SL
MS,2024-10-21,2024-10-22,2024-10-29,-0.022963851744688735,0.022954033249736525,1.0004277459584285,1.215715380896808,0.08277330685797457,0.14092566066577028,0.2444830469146062,-0.010292081299878242,0.05343766462188726,0.09884786775136023,3.0,-0.0016422798462758514,0.036763646419638585,0.8330264264540242,111.7066142903585,113.27324676513672,0.014024527417025423,28.04905483405085,5,5,TIME,TIME
UPS,2024-10-21,2024-10-22,2024-10-24,-0.033840831849607955,0.01612076037118534,2.099208168250917,1.3201083242489902,-0.013553986929856654,0.009455092704439227,-0.053450292600933036,-0.03320091893201327,-0.024076750053792617,0.000990799241206597,3.0,-0.0016422798462758514,0.036763646419638585,0.8330264264540242,115.43782759325,120.05534069698001,0.040000000000000036,80.00000000000007,2,2,TP,TP
AAPL,2024-10-23,2024-10-24,2024-10-31,-0.02162307090636173,0.018296666953078203,1.1818038204342949,1.3021560024580259,0.004496569838421838,0.018849258975162764,0.15202218697061443,-0.01804265341434408,-0.00440077985008025,0.005314935215973815,2.0,-0.009137472564623828,0.02349779017838438,1.129614946268123,228.0721400698136,223.51069726841732,-0.020000000000000018,-40.000000000000036,5,5,SL,SL
AMZN,2024-10-23,2024-10-24,2024-10-30,-0.026304640562205495,0.020905361629582016,1.2582724483934906,1.029705875240805,-0.009624376525927514,0.009660986555451334,0.03016316439908162,-0.022646693766309678,-0.011664576397349968,-0.002484157582906321,1.0,-0.009137472564623828,0.02349779017838438,1.129614946268123,185.25,192.66,0.040000000000000036,80.00000000000009,4,4,TP,TP
AVGO,2024-10-23,2024-10-24,2024-10-24,-0.03272383512840471,0.033839137313426734,0.9670410573800445,1.0253186239480785,-0.022005029629229567,0.035496185696495264,0.1971938667596067,-0.03546610357455249,-0.01871967716989109,-0.06689968438781269,3.0,-0.009137472564623828,0.02349779017838438,1.129614946268123,171.60580866000575,168.17369248680563,-0.020000000000000018,-40.000000000000036,0,0,SL,SL
MCD,2024-10-23,2024-10-24,2024-10-25,-0.051224971752562576,0.017093406752248352,2.9967678471013266,5.629760558422396,-0.026979107420428305,0.008056634930079243,0.07867782390587319,-0.056829710720544435,-0.04585835599512522,-0.017312401626294105,3.0,-0.009137472564623828,0.02349779017838438,1.129614946268123,284.96825295712824,279.2688878979857,-0.020000000000000018,-40.000000000000036,1,1,SL,SL
META,2024-10-23,2024-10-24,2024-10-29,-0.03147724146892594,0.02100573772078009,1.4985068311972132,1.3813301715901671,-0.02856713471204886,0.02597780749265488,0.14139306218623449,-0.022169440375769844,-0.022711843157355083,-0.04541854876703455,3.0,-0.009137472564623828,0.02349779017838438,1.129614946268123,563.885798473118,586.4412304120427,0.040000000000000036,80.00000000000007,3,3,TP,TP
NVDA,2024-10-23,2024-10-24,2024-10-30,-0.028066224369082016,0.03339066346704823,0.8405410810952988,1.0851340468634605,0.0651198742370469,0.1298068714405225,0.3711251000145013,0.011304273964853673,0.02829347335279886,0.052091940494399136,2.0,-0.009137472564623828,0.02349779017838438,1.129614946268123,140.6003124972593,137.7883062473141,-0.02000000000000013,-40.000000000000256,4,4,SL,SL
HON,2024-10-24,2024-10-25,2024-10-28,-0.05101207519710327,0.019413150306805623,2.627707218607383,2.4561399102660992,-0.01675429040804033,0.010182909858506894,0.03533320663069772,-0.055981993014626585,-0.0475974259091253,-0.02106741868819839,3.0,0.0021628025973028375,0.024363564620627942,0.813707261346166,198.59721598497194,194.6252716652725,-0.020000000000000018,-40.000000000000036,1,1,SL,SL
NEE,2024-10-24,2024-10-25,2024-10-29,-0.02530590643245334,0.021218948145159674,1.1926089012204857,1.0634251799613532,-0.006234170306487874,0.008356488821110286,0.17990880633540973,-0.014518430683876482,-0.01157776623762008,0.02310362028741575,3.0,0.0021628025973028375,0.024363564620627942,0.813707261346166,78.1518583382883,76.58882117152254,-0.020000000000000018,-40.00000000000004,2,2,SL,SL
TSLA,2024-10-28,2024-10-29,2024-10-29,-0.024815158866218545,0.04307319658038125,0.576116026585341,1.259314772016961,0.11114641511368895,0.13396623530455876,0.3011774297993084,0.22869186644027617,0.19949738379928705,0.19780071810160504,3.0,0.0030914301936280086,0.025149399570254527,0.7257451980083478,264.510009765625,259.2198095703125,-0.019999999999999907,-39.999999999999815,0,0,SL,SL
CAT,2024-10-30,2024-10-31,2024-11-06,-0.02134150510132271,0.020539640185549164,1.039039871610687,1.8540926655997503,-0.028992239182340285,0.02570916320237382,0.10459472796843028,-0.017436556204243003,-0.01682546805935803,-0.03307121479442654,3.0,-0.0030255297407282278,0.022010448541243566,1.0293078159682343,369.47851365612917,384.25765420237434,0.040000000000000036,80.00000000000006,4,4,TP,TP
AMZN,2024-10-31,2024-11-01,2024-11-04,-0.03284388507953562,0.02111435590378215,1.5555238923320598,2.3340215599475407,-0.00463244507070204,0.011094886516302305,0.033456169688669046,-0.01056322256813702,0.00010724870237255324,-0.006025728630982385,1.0,-0.0196031957578906,0.0016321729697299503,1.4599328987597515,199.0,195.02,-0.019999999999999907,-39.999999999999815,1,1,SL,SL
AVGO,2024-10-31,2024-11-01,2024-11-06,-0.038892687148496474,0.033124628789034785,1.1741320150694363,1.3411702708781852,-0.04543151790141253,0.006415287853874574,0.15583303714380103,-0.013079869170682601,-0.009221006652406771,-0.06478271438945915,3.0,-0.0196031957578906,0.0016321729697299503,1.4599328987597515,165.69718646200965,172.32507392049004,0.040000000000000036,80.00000000000006,3,3,TP,TP
MA,2024-10-31,2024-11-01,2024-11-06,-0.027448395484193533,0.0154412206421607,1.7776052891342313,2.4108528316052054,-0.013631595855774892,0.01083826871650917,0.07352476633692628,-0.016961446975442773,-0.021601175702392172,-0.027580817015680825,3.0,-0.0196031957578906,0.0016321729697299503,1.4599328987597515,495.1524691313103,514.9585678965627,0.040000000000000036,80.00000000000007,3,3,TP,TP
META,2024-10-31,2024-11-01,2024-11-06,-0.040925935415129344,0.02311063728761405,1.770870050263099,2.308547511045605,-0.02456620860578973,0.022185400794129118,0.1346737638467086,-0.018299417936425866,-0.0003522431009328475,-0.01620635709527285,2.0,-0.0196031957578906,0.0016321729697299503,1.4599328987597515,564.3630263338429,553.075765807166,-0.020000000000000018,-40.000000000000036,3,3,SL,SL
NVDA,2024-10-31,2024-11-01,2024-11-05,-0.04722260609769735,0.03552059794251594,1.3294428819615909,1.1189040789840383,-0.02768062131252469,0.0602325308126197,0.2726570387452514,-0.05522345790294292,-0.05448327160852606,-0.030453540211912156,3.0,-0.0196031957578906,0.0016321729697299503,1.4599328987597515,134.48984636430032,139.86944021887234,0.040000000000000036,80.00000000000007,2,2,TP,TP
ORCL,2024-10-31,2024-11-01,2024-11-06,-0.03849663662380998,0.017657128916265422,2.180231950866462,1.6485533085869146,-0.0345099991372767,0.03279412527549708,0.25297457098912424,-0.026562902555555157,-0.037504206998232203,-0.04462642901685021,3.0,-0.0196031957578906,0.0016321729697299503,1.4599328987597515,166.86478450753503,173.53937588783643,0.040000000000000036,80.00000000000007,3,3,TP,TP
CAT,2024-11-07,2024-11-08,2024-11-08,-0.02079740597830193,0.02422595532287131,0.85847619634085,1.3453916220451327,0.04758805317263248,0.08851512442378473,0.17784839022202736,0.0841654704492989,0.08508758158021745,0.054642495099895605,2.0,0.007732061978746874,0.0449508162824801,1.1102188332115577,392.59597584055376,384.74405632374265,-0.02000000000000013,-40.000000000000256,0,0,SL,SL
GS,2024-11-07,2024-11-08,2024-11-15,-0.023171661607365834,0.02563801419586378,0.9038009508202922,1.8441063463776923,0.10205524503273944,0.15025909904482737,0.2884268290710943,0.13822911921322545,0.12433620254257516,0.109952500419082,2.0,0.007732061978746874,0.0449508162824801,1.1102188332115577,563.608279614201,570.4513549804688,0.012141545136547638,24.283090273095276,5,5,TIME,TIME
JPM,2024-11-07,2024-11-08,2024-11-15,-0.04322840728841926,0.02496284427904345,1.7317100088914918,1.8276532668089809,0.05062673288449582,0.09292225570308288,0.1854091636637616,0.07553005839324745,0.06515858215930148,0.050671163096495775,2.0,0.007732061978746874,0.0449508162824801,1.1102188332115577,231.09688077350958,236.8612823486328,0.024943658070282426,49.88731614056485,5,5,TIME,TIME
CAT,2024-11-08,2024-11-11,2024-11-13,-0.036353809139467064,0.027300698792001005,1.331607275566096,1.3665017367669792,0.01043914606660401,0.046544103598508135,0.1334596689162595,0.02608432807833294,0.03619300957084115,0.01917255656213457,3.0,0.004331712096133478,0.047949505054178276,1.0863569690844292,389.60960551118654,381.8174134009628,-0.02000000000000013,-40.000000000000256,2,2,SL,SL
TSLA,2024-11-12,2024-11-13,2024-11-13,-0.06145717075892854,0.060806378746430544,1.0107026931370453,1.5225316618068505,0.2632044093132895,0.3339196686350796,0.5952334324971433,0.10636215076203492,0.30643488325181645,0.26575988031915987,1.0,-0.0031065441012853023,0.042646081583235906,1.0176189933650004,335.8500061035156,329.1330059814453,-0.020000000000000018,-40.000000000000036,0,0,SL,SL
CRM,2024-11-14,2024-11-15,2024-11-18,-0.0294688302256918,0.028056671070302682,1.0503323844746448,1.4775413940465378,0.08724499721005041,0.16397265256107207,0.20895272814561205,-0.029497008024427784,0.06715336830005358,0.13824332837907494,2.0,-0.006429998524105307,0.03307628384608896,0.8980596223353207,322.7967888965877,316.34085311865596,-0.020000000000000018,-40.00000000000004,1,1,SL,SL
TSLA,2024-11-14,2024-11-15,2024-11-15,-0.05771559508909463,0.059444243991451505,0.9709198269456423,1.1018541601951293,0.15249715406247333,0.2442421844382312,0.5015991339393362,-0.11091430664062496,0.04806166460430705,0.2454672206285875,2.0,-0.006429998524105307,0.03307628384608896,0.8980596223353207,310.57000732421875,322.9928076171875,0.040000000000000036,80.00000000000007,0,0,TP,TP
AMZN,2024-11-15,2024-11-18,2024-11-19,-0.041942478231440816,0.029796861232015068,1.4076139733260213,1.9381880533343003,0.023668000795806332,0.05988305339745703,0.10693224698937875,-0.030156540813370603,-0.026755655016783342,0.023644763844539618,3.0,-0.012808639480448747,0.018176108115189438,1.6793559604652282,204.14999389648438,200.06699401855468,-0.020000000000000018,-40.000000000000036,1,1,SL,SL
NVDA,2024-11-15,2024-11-18,2024-11-19,-0.032570250018275404,0.032247990648391886,1.0099931612297086,1.2105360471488475,-0.0017999071197298822,0.08408951302488732,0.30402263413149266,-0.04255166095203944,-0.0382713844793755,0.048596740532725,3.0,-0.012808639480448747,0.018176108115189438,1.6793559604652282,139.28235565663965,144.85364988290524,0.040000000000000036,80.00000000000007,1,1,TP,TP
BLK,2024-11-19,2024-11-20,2024-11-27,-0.02081964100013567,0.02161175850351162,0.9633478458845798,1.1929327370145686,0.014600100340622868,0.05415779488742789,0.21510323106572682,-0.018117054474303784,-0.00795085684444874,0.013565291514547662,2.0,0.003655368297286854,0.02300518532412843,1.0732798242855082,995.445796711894,983.0069580078125,-0.01249574687558963,-24.99149375117926,5,5,TIME,TIME
AMZN,2024-11-21,2024-11-22,2024-11-26,-0.022180598835253806,0.027955006077319752,0.7934392421130326,1.2446701973246788,-0.012105882764292697,0.029024125073658924,0.08011136850452716,-0.01646005015201668,-0.061944349864674564,-0.055558190904047455,4.0,0.005368564834539624,0.026211107239199727,1.0018764436036118,198.25,206.18,0.040000000000000036,80.00000000000007,2,2,TP,TP
GOOGL,2024-11-21,2024-11-22,2024-12-02,-0.04744849111218852,0.026307918961649673,1.803582076611855,1.9522152644929378,-0.03635164178579042,0.0008286972945896753,0.02420958380881011,-0.04375358005298502,-0.04527845053260837,-0.0725863359440776,3.0,0.005368564834539624,0.026211107239199727,1.0018764436036118,164.79936934193785,170.40362548828125,0.0340065387915125,68.013077583025,5,5,TIME,TIME
NVDA,2024-11-22,2024-11-25,2024-11-25,-0.032181153402513485,0.03816736340827648,0.8431589328891159,1.0808156167542966,-0.006501966775531165,0.05927620227575603,0.281485200233075,-0.034419445585943564,-0.00021118837701838977,-0.038474490384819426,3.0,0.00309939412825333,0.028139906852956198,0.8272205649563467,141.76848775116036,138.93311799613716,-0.020000000000000018,-40.000000000000036,0,0,SL,SL
NFLX,2024-11-25,2024-11-26,2024-12-02,-0.03586586222594357,0.025472307509458753,1.4080334972646402,1.854577468589023,0.062319297770775384,0.1407179063220032,0.3029370101312019,-0.020659659265560015,0.02188768356977655,0.07467967179887047,1.0,0.003392105066349016,0.030332060149494744,0.9064029898352308,86.7490005493164,90.21896057128906,0.040000000000000036,80.00000000000007,3,3,TP,TP
NVDA,2024-11-25,2024-11-26,2024-11-27,-0.04177525283899508,0.04083434362166223,1.0230421046080855,1.517580913500454,-0.04650407145107649,0.01211837165522911,0.22441903370606786,-0.06765369132269394,-0.029468275586824744,-0.06360998587361244,3.0,0.003392105066349016,0.030332060149494744,0.9064029898352308,137.4851722903331,134.73546884452645,-0.020000000000000018,-40.000000000000036,1,1,SL,SL
ORCL,2024-11-25,2024-11-26,2024-11-27,-0.02236191620718231,0.024575772556386627,0.9099171208504291,2.011790205571111,0.026902987426675073,0.06910107379814123,0.3420834473085226,-0.014469362365644334,0.012168144929022295,-0.0060277196125640975,2.0,0.003392105066349016,0.030332060149494744,0.9064029898352308,184.68398963627945,180.99030984355386,-0.020000000000000018,-40.00000000000004,1,1,SL,SL
CRM,2024-11-27,2024-11-29,2024-12-04,-0.03837639286998995,0.032962189192468815,1.164254978512112,1.1738865046651443,0.021037324780086575,0.1016181311646629,0.19396097927104905,-0.03511496504851419,0.0132328842625824,-0.034267978989354075,2.0,-0.003029984694522536,0.02978763734678469,0.7298014940880524,325.17633883953357,338.1833923931149,0.040000000000000036,80.00000000000006,3,3,TP,TP
ORCL,2024-11-27,2024-11-29,2024-12-03,-0.04029005155941823,0.023766519658358184,1.6952440718533672,1.0774233915508624,-0.008783737047793339,0.03409856032818448,0.29758078514145603,-0.04987247342963819,-0.04220201461251516,-0.03654496307900035,3.0,-0.003029984694522536,0.02978763734678469,0.7298014940880524,180.45720271342745,176.8480586591589,-0.019999999999999907,-39.99999999999981,2,2,SL,SL
CVX,2024-12-04,2024-12-05,2024-12-06,-0.0222331103883342,0.01515567281765131,1.4669827368165425,1.0441402810774059,-0.006599168905822128,0.03679140097844247,0.04723895135812395,-0.022293560751754593,-0.025902724876422867,-0.008019969148348571,4.0,0.006209510619023417,0.03998968569887906,0.9726245058749452,148.0974157092234,145.13546739503894,-0.020000000000000018,-40.000000000000036,1,1,SL,SL
CVX,2024-12-06,2024-12-09,2024-12-13,-0.025670184329661172,0.016297352580492728,1.57511376175216,1.3253308306728906,-0.02691920264148817,0.01244444364524444,0.026414370048589486,-0.04125507895277514,-0.04131435328443889,-0.039534977232600355,3.0,0.0018955917276137768,0.037684488998116494,0.7578965499046914,145.96834413289952,143.04897725024153,-0.019999999999999907,-39.999999999999815,4,4,SL,SL
NFLX,2024-12-09,2024-12-10,2024-12-17,-0.022519585655164542,0.02494671270413556,0.9027075399570116,1.034198535495104,0.044591432948345444,0.15120996937433695,0.34572086334888374,0.002886752575860685,0.017766849910145988,0.017710199257906067,1.0,-0.005149570589002672,0.03117155338517108,0.8549688990473153,91.3759994506836,91.91300201416016,0.005876844759070243,11.753689518140487,5,5,TIME,TIME
AVGO,2024-12-17,2024-12-18,2024-12-18,-0.0390800405914028,0.0501632296837496,0.7790575056227449,1.985130300256807,0.3372335615184463,0.3517041453867795,0.5456065766921046,0.32973532085699087,0.398230683880461,0.42866505160785584,2.0,-0.004119888826441431,0.023176767160245637,1.45684032026012,235.76349667225452,231.04822673880943,-0.020000000000000018,-40.000000000000036,0,0,SL,SL
AAPL,2024-12-18,2024-12-19,2024-12-24,-0.021421712416383354,0.015112163071432047,1.4175146413605637,1.2986147660843794,0.027466832670760555,0.06096570261457179,0.18275783705232063,-0.00032234310983547676,0.006328883452769496,0.020739905137902026,1.0,-0.029803561159425507,-0.007758057031395871,2.6257567637092527,245.71681628677703,255.54548893824813,0.040000000000000036,80.00000000000007,3,3,TP,TP
AMZN,2024-12-18,2024-12-19,2024-12-20,-0.045987410359975445,0.024691626199452213,1.8624698911485904,1.1520599392499689,0.01771495962505032,0.08122103823522697,0.17433078602818042,-0.030510868884904285,-0.04229996728366048,0.01081775105764482,4.0,-0.029803561159425507,-0.007758057031395871,2.6257567637092527,224.91000366210938,220.41180358886717,-0.020000000000000018,-40.000000000000036,1,1,SL,SL
AVGO,2024-12-18,2024-12-19,2024-12-19,-0.06914201547531607,0.05830041285225324,1.1859609922581158,1.4484966573370877,0.22490906901215157,0.2522007326725022,0.43455111049154627,-0.0052489999205271864,0.2206332820928123,0.3110931154080747,3.0,-0.029803561159425507,-0.007758057031395871,2.6257567637092527,224.43866508306203,219.9498917814008,-0.020000000000000018,-40.00000000000004,0,0,SL,SL
BLK,2024-12-18,2024-12-19,2024-12-19,-0.027563359407717036,0.021029322945342932,1.3107107384938945,1.1149569757323794,-0.016041467410212618,0.0045623050022043365,0.17656845168193747,-0.03430059462153756,-0.042205701249313776,-0.009321366867976466,4.0,-0.029803561159425507,-0.007758057031395871,2.6257567637092527,1008.2920860184389,988.1262442980701,-0.020000000000000018,-40.000000000000036,0,0,SL,SL
CRM,2024-12-18,2024-12-19,2024-12-20,-0.03805229150723155,0.03351922039056916,1.1352379638858723,1.1031294732556765,-0.02322754662214155,0.05420978837511803,0.20513468282011904,-0.04712039829535286,-0.048570543112089415,-0.08224422064016812,3.0,-0.029803561159425507,-0.007758057031395871,2.6257567637092527,337.76504166232553,331.009740829079,-0.020000000000000018,-40.00000000000003,1,1,SL,SL
GOOGL,2024-12-18,2024-12-19,2024-12-20,-0.035922614641908046,0.028210825342657342,1.2733627678588253,1.042259493361968,0.05732038559625341,0.08811556964146905,0.12872568981395238,-0.007480806283172603,-0.03582400614795522,0.08169926150500739,4.0,-0.029803561159425507,-0.007758057031395871,2.6257567637092527,190.63425468245924,186.82156958881006,-0.020000000000000018,-40.000000000000036,1,1,SL,SL
HON,2024-12-18,2024-12-19,2024-12-27,-0.026894696349970215,0.021970755510905077,1.2241134055049296,1.5908648568035657,-0.009202147143578032,0.023691900331168414,0.09923458327724366,-0.0033387939239948317,-0.009604441699208155,-0.012750677270153443,4.0,-0.029803561159425507,-0.007758057031395871,2.6257567637092527,218.20569094870814,219.05514526367188,0.0038929063273762665,7.785812654752533,5,5,TIME,TIME
MA,2024-12-18,2024-12-19,2024-12-27,-0.020809591287136664,0.015767705188977712,1.3197602972487996,1.2264606099049487,-0.012411418912783856,0.002884205231905579,0.09111003703666487,-0.01708891115111888,-0.027112232903566014,-0.002264402690105638,3.0,-0.029803561159425507,-0.007758057031395871,2.6257567637092527,518.6218062091313,526.576904296875,0.015338919406207685,30.67783881241537,5,5,TIME,TIME
META,2024-12-18,2024-12-19,2024-12-19,-0.03591953966080563,0.02829648289178275,1.2693994443824186,1.5142190538602809,-0.0023794811709576535,0.020129778262566456,0.1414499002930678,-0.036557478842333624,-0.05533326392750382,-0.026244356110252887,4.0,-0.029803561159425507,-0.007758057031395871,2.6257567637092527,607.3878634532757,595.2401061842102,-0.020000000000000018,-40.000000000000036,0,0,SL,SL
MSFT,2024-12-18,2024-12-19,2024-12-20,-0.037561104854187066,0.01808456464947105,2.076970365735936,1.1525485422874207,0.005244692780505433,0.02785662860815652,0.0341491479229854,-0.02208956000238227,-0.02583579054947538,-6.853520463911966e-05,2.0,-0.029803561159425507,-0.007758057031395871,2.6257567637092527,435.6224481744677,426.90999921097836,-0.020000000000000018,-40.00000000000004,1,1,SL,SL
TSLA,2024-12-18,2024-12-19,2024-12-19,-0.0827949436951747,0.049311719864819324,1.6790114788562356,1.771247367649812,0.1480943455888979,0.40605204805318174,0.926520591784701,0.008940223731206398,0.03616078411002399,0.22965388173404433,2.0,-0.029803561159425507,-0.007758057031395871,2.6257567637092527,451.8800048828125,442.84240478515625,-0.020000000000000018,-40.00000000000004,0,0,SL,SL
V,2024-12-18,2024-12-19,2024-12-27,-0.026767422934452112,0.014099873318982747,1.8984158459363578,1.7057447128864365,-0.008555083978439626,0.030389926894706765,0.10810794091623266,-0.015759164684995053,-0.012779524068479708,-0.0003873092661497157,1.0,-0.029803561159425507,-0.007758057031395871,2.6257567637092527,307.78259909112774,314.52398681640625,0.021903082712231292,43.80616542446258,5,5,TIME,TIME
AVGO,2024-12-19,2024-12-20,2024-12-20,-0.023700826444448486,0.06196013702176731,0.3825173342680329,1.06271095730418,0.17810867957970644,0.21810661456877778,0.3967537859853594,-0.1267198989293159,0.20845798240046665,0.2806947507212256,3.0,-0.00030704650479618234,-0.008363470456468125,1.9971961917300907,217.00363491174852,225.68378030821847,0.040000000000000036,80.00000000000006,0,0,TP,TP
TSLA,2024-12-20,2024-12-23,2024-12-23,-0.034642491239586515,0.058055845691812574,0.5967097856688708,1.4587698119311205,0.0737628543823452,0.3134581180426561,0.8230175651127944,-0.12253571789256357,-0.03477526315402868,0.08180462524544341,3.0,0.012010906155728973,0.002969693498226178,2.6766241458615347,431.0,422.38,-0.020000000000000018,-40.000000000000036,0,0,SL,SL
WMT,2024-12-23,2024-12-24,2025-01-02,-0.020489974808551414,0.019027091404978817,1.0768842369249252,1.3207188673187926,-0.03141896218055873,0.03483574080801066,0.2414836269297258,-0.03420624620453305,-0.04764406919115616,-0.034955017938759436,4.0,0.005988313845908255,0.008392238987786849,1.2022774847540147,88.94675785137672,88.58257293701172,-0.0040944147168749945,-8.188829433749987,5,5,TIME,TIME
BA,2024-12-30,2024-12-31,2025-01-02,-0.023074358902049452,0.03298539360359624,0.6995326228132007,1.5817786185253628,0.046901568592810916,0.1195435563188112,0.04030958230460957,-0.015557005370270272,-0.004510871295323571,0.04067202713537155,1.0,-0.011411792655248942,-0.004770284407640379,1.1287946499824433,177.5399932861328,173.98919342041015,-0.020000000000000018,-40.000000000000036,1,1,SL,SL
AAPL,2025-01-02,2025-01-03,2025-01-10,-0.026236021389423825,0.01918922638135995,1.3672266337380332,1.1776303328749844,-0.02409058872483205,0.025937197509566134,0.14259751992881364,-0.04593286105677552,-0.055577242729598075,-0.03799112305144092,4.0,-0.002457018332623462,-0.01104215798698327,0.955294904297828,241.60665893554688,236.77452575683594,-0.020000000000000018,-40.000000000000036,4,4,SL,SL
BA,2025-01-02,2025-01-03,2025-01-10,-0.028983078433968967,0.03307732530360817,0.8762219486594162,1.0613679541045742,0.007993782759577517,0.08518035174432415,0.01313589946563365,-0.04897081697508188,-0.04165273432162375,-0.006704060973779402,2.0,-0.002457018332623462,-0.01104215798698327,0.955294904297828,171.39999389648438,167.97199401855468,-0.020000000000000018,-40.000000000000036,4,4,SL,SL
TSLA,2025-01-02,2025-01-03,2025-01-03,-0.06081615932376483,0.0717600111147729,0.8474937277600963,1.169110841518398,-0.09759266243273368,0.08554412510072673,0.5812247416040932,-0.12134551368769853,-0.17954486505834333,-0.20960277923273207,5.0,-0.002457018332623462,-0.01104215798698327,0.955294904297828,381.4800109863281,396.73921142578126,0.040000000000000036,80.00000000000009,0,0,TP,TP
NVDA,2025-01-07,2025-01-08,2025-01-08,-0.06216953442159834,0.04327305317898387,1.4366801012273338,1.6743015921947897,0.022017032160975614,0.001096279328973937,0.1785102376911436,0.013231145297536218,0.019274197725357434,0.04038602607920061,2.0,-0.0113040442551956,-0.00567957994083812,1.1038386719961601,142.36736432306787,139.5200170366065,-0.02000000000000013,-40.000000000000256,0,0,SL,SL
META,2025-01-14,2025-01-15,2025-01-23,-0.023145521946371872,0.0287084559363505,0.806226639206504,1.0464854082316644,-0.018593588354410162,0.0027525023696324258,0.117740742902531,-0.026968243481705345,-0.05704549739240583,-0.009269603661987924,4.0,0.001375736572713837,-0.017212322247826983,0.8215378703141681,607.2087300599234,631.4970792623203,0.040000000000000036,80.00000000000007,5,5,TP,TP
CVX,2025-01-21,2025-01-22,2025-01-29,-0.020003573700249522,0.01833558847741464,1.0909698221515753,1.1295868491000232,0.05802992133921414,0.025714967694966173,0.04521448259442029,-0.0005683503194029438,0.018603277283616437,0.0702740396158763,1.0,0.009153480443916395,0.01435300225074121,0.7488313182758018,146.60055259414005,144.75039672851562,-0.012620388074160549,-25.240776148321096,5,5,TIME,TIME
GE,2025-01-24,2025-01-27,2025-01-30,-0.020169328719712554,0.026320565228643702,0.7662954250603636,1.3794396472048378,0.1107469735957185,0.11932433769912043,0.15608944557105442,0.049333329941299464,0.09463672895846531,0.13800678288554047,1.0,-0.002919264959769352,0.021072398142207405,0.6986179740892349,192.71752413869822,200.42622510424616,0.040000000000000036,80.00000000000009,3,3,TP,TP
NVDA,2025-01-24,2025-01-27,2025-01-27,-0.031245854449044264,0.045104864823370804,0.692738013325215,1.1683123330205156,0.023260430105200847,0.022099852907854434,0.17301668499236644,0.012710306173039365,0.06775457949634989,0.017914491432946544,1.0,-0.002919264959769352,0.021072398142207405,0.6986179740892349,124.61389107098998,122.12161324957017,-0.020000000000000018,-40.000000000000036,0,0,SL,SL
CAT,2025-01-27,2025-01-28,2025-01-30,-0.031033089686944848,0.023531699342093235,1.3187780973995877,1.4748148645656873,0.05595306431017644,0.03637572899331132,0.10203154747537124,-0.00661456159511753,0.026962407845981806,0.12942449714504467,2.0,-0.014145458332822769,0.006540334486198729,1.3690759835020752,387.2347967060406,379.49010077191974,-0.02000000000000013,-40.000000000000256,2,2,SL,SL
GOOGL,2025-01-27,2025-01-28,2025-01-30,-0.041956097192116903,0.02673778991642901,1.569168481136768,1.7976049395160856,-0.011293758279924848,0.033996104992376264,0.11126719623110537,-0.033069495643836544,-0.021377473126143243,-0.0011975907292388621,2.0,-0.014145458332822769,0.006540334486198729,1.3690759835020752,191.7484641400102,199.41840270561062,0.040000000000000036,80.00000000000007,2,2,TP,TP
MSFT,2025-01-27,2025-01-28,2025-01-30,-0.02139348154687859,0.022073235783177558,0.9692045949684902,1.8791819650656172,0.014919243719815789,0.009082184782676972,0.023773608922345923,-0.02608698787368302,0.01288960708140574,0.03725975624210087,3.0,-0.014145458332822769,0.006540334486198729,1.3690759835020752,428.69784983641483,420.1238928396865,-0.020000000000000018,-40.000000000000036,2,2,SL,SL
BA,2025-01-29,2025-01-30,2025-01-31,-0.023174683009769992,0.034106051406008475,0.6794888899301694,1.2912501704416532,0.0044827751496128165,0.049655259686486986,0.030173191871240235,-0.013631681982079091,-0.0065217355248609055,0.039755713206763854,3.0,-0.0044828644654661964,0.01008686048010965,0.7411135162105998,174.58999633789062,181.57359619140627,0.040000000000000036,80.00000000000009,1,1,TP,TP
CRM,2025-01-30,2025-01-31,2025-01-31,-0.029463235274879707,0.031286991723109676,0.9417087950043187,1.2290015283390323,0.03499754065624949,0.01666045814788597,0.20858045613661313,-0.010169891932557018,0.0266240646207907,0.06977835596761994,3.0,0.005367082266790391,0.015041948635984514,0.7967911151805794,343.9925143071796,337.112664021036,-0.020000000000000018,-40.000000000000036,0,0,SL,SL
AMZN,2025-02-05,2025-02-06,2025-02-07,-0.024332807771026643,0.02410793899426822,1.0093275819559644,1.164762354469745,0.025945101674684112,0.054280457589702236,0.2095343996898238,-0.006353056855297523,-0.003796385571636529,0.004935975870062892,3.0,0.004054423062778145,0.011670604615576119,0.6194436321875223,238.00999450683594,233.2497946166992,-0.020000000000000018,-40.000000000000036,1,1,SL,SL
GOOGL,2025-02-05,2025-02-06,2025-02-07,-0.07292366683062013,0.030108792065718763,2.42200572747817,2.4525966216195023,-0.02570788022331061,0.014134610210129406,0.098795166442041,-0.06219966950300648,-0.02087913450772727,-0.03548907527937628,2.0,0.004054423062778145,0.011670604615576119,0.6194436321875223,188.51533691421105,184.74503017592681,-0.020000000000000018,-40.000000000000036,1,1,SL,SL
AMZN,2025-02-07,2025-02-10,2025-02-18,-0.04053095448794508,0.026165030764242328,1.549050519112537,2.0668854322312553,-0.009657112833431292,0.016365609974511974,0.17010243220227816,-0.05333389982780756,-0.03588858567045072,-0.02427086250327304,3.0,-0.009153512076646275,0.005157364079928062,1.0487424630379119,230.5500030517578,225.93900299072266,-0.020000000000000018,-40.000000000000036,5,5,SL,SL
DUK,2025-02-13,2025-02-14,2025-02-18,-0.02079581868212721,0.018272437466592448,1.1380976796417155,1.6901261210134484,0.014006498248602561,0.03315333526970332,0.048892832854026125,-0.01427344062992697,-0.004977296715284463,0.01505429492474164,2.0,0.01055729452080878,0.019065777866101197,0.9254790281738574,107.51378120874593,105.363505584571,-0.020000000000000018,-40.000000000000036,1,1,SL,SL
META,2025-02-18,2025-02-19,2025-02-21,-0.02755640875363241,0.0256481631536674,1.074400867950349,1.275012117401053,0.0391216935748353,0.11658235445232257,0.2944342870773984,-0.012421178009149658,-0.001435781297839278,0.027112612359478927,1.0,0.0029357955473410247,0.021403155742860225,0.6394723379026436,700.6368658835008,686.6241285658308,-0.020000000000000018,-40.00000000000004,2,2,SL,SL
BA,2025-02-20,2025-02-21,2025-02-21,-0.028310444192667816,0.02698316770601317,1.0491890537506783,1.0317462400243536,0.003066675840313282,0.03326348210774599,0.06738237528054491,-0.01919527882702754,-0.028832188548657767,-0.005279319590912768,3.0,-0.004160143969300423,0.0191044392520483,0.8987596015992482,181.27999877929688,177.65439880371093,-0.020000000000000018,-40.00000000000004,0,0,SL,SL
COST,2025-02-20,2025-02-21,2025-02-28,-0.026079238803237814,0.01971017650315443,1.3231357313854635,1.050817988659255,0.016055507493119903,0.05959048259999111,0.15707675033444524,-0.03453855688120744,-0.028438062253180796,-0.00662264178147387,3.0,-0.004160143969300423,0.0191044392520483,0.8987596015992482,1025.8487718311605,1039.730224609375,0.01353167558356172,27.06335116712344,5,5,TIME,TIME
GS,2025-02-20,2025-02-21,2025-02-21,-0.03874879802883824,0.021898100148204393,1.7695050148912381,1.6418000881699717,-0.007015312431235654,0.05363285651910332,0.2262110788989622,-0.027688924927494418,-0.010384985236916222,-0.004942316147865888,3.0,-0.004160143969300423,0.0191044392520483,0.8987596015992482,622.7391279904155,610.2843454306071,-0.020000000000000018,-40.000000000000036,0,0,SL,SL
JPM,2025-02-20,2025-02-21,2025-02-21,-0.04458366137653835,0.01856928320864291,2.4009360445204084,1.7735274132925858,-0.016253134874679276,0.049049539122006935,0.20190025254257415,-0.03539525721356185,-0.031403091268551564,-0.013422800063392137,2.0,-0.004160143969300423,0.0191044392520483,0.8987596015992482,260.4168439978953,255.2085071179374,-0.020000000000000018,-40.000000000000036,0,0,SL,SL
MS,2025-02-20,2025-02-21,2025-02-21,-0.04513485821348118,0.022453670778510165,2.0101327154346005,1.6392162811649595,-0.026545571639866927,0.02296885328367715,0.20537138835478141,-0.03317758612690569,-0.020202786846233667,-0.033038260642539785,3.0,-0.004160143969300423,0.0191044392520483,0.8987596015992482,130.2266089065534,127.62207672842233,-0.020000000000000018,-40.000000000000036,0,0,SL,SL
WMT,2025-02-20,2025-02-21,2025-02-21,-0.06528856907438096,0.021874612860636883,2.9846731226894994,3.2635329215678945,-0.03149322616260575,0.01627453056151862,0.21930409479340618,-0.0656479136996706,-0.061770208668063376,-0.05123961152456247,3.0,-0.004160143969300423,0.0191044392520483,0.8987596015992482,95.00973143323733,93.10953680457258,-0.020000000000000018,-40.000000000000036,0,0,SL,SL
BA,2025-02-21,2025-02-24,2025-02-26,-0.020621466638862107,0.028135968889271598,0.7329218595605281,1.1639735016934083,-0.017250165586169985,0.009278608560868484,0.0454528196067594,-0.04227716533822179,-0.04470453211701875,-0.04139615275401731,3.0,-0.01710420781148192,0.0018685464281678055,1.8030115225037138,177.47999572753906,173.93039581298828,-0.020000000000000018,-40.000000000000036,2,2,SL,SL
GE,2025-02-21,2025-02-24,2025-02-24,-0.04268476475766925,0.022183136920605865,1.9241987691118414,1.1510866240739481,-0.021771889133803346,0.07849772269059074,0.143773380736814,-0.048791015392963044,-0.040938758208355575,-0.03023393908094374,3.0,-0.01710420781148192,0.0018685464281678055,1.8030115225037138,200.9383275716839,196.91956102025023,-0.020000000000000018,-40.000000000000036,0,0,SL,SL
GS,2025-02-21,2025-02-24,2025-02-24,-0.025939838379401836,0.023795428396104854,1.0901185701556022,1.2430768720924934,-0.03173273794492015,0.025429725811927595,0.19218695294265142,-0.0693108930668519,-0.0359812850226624,-0.04955800707691749,3.0,-0.01710420781148192,0.0018685464281678055,1.8030115225037138,611.8829208190689,599.6452624026875,-0.019999999999999907,-39.999999999999815,0,0,SL,SL
NFLX,2025-02-21,2025-02-24,2025-02-24,-0.02087766108954514,0.025034002823312137,0.8339721472789589,1.0185001048820554,-0.0036322576194297573,0.06674010706625921,0.31667486411050083,-0.031568245131708195,-0.03884295841169061,-0.012336546375455448,3.0,-0.01710420781148192,0.0018685464281678055,1.8030115225037138,100.80000305175781,98.78400299072266,-0.020000000000000018,-40.000000000000036,0,0,SL,SL
MCD,2025-02-26,2025-02-27,2025-03-06,-0.020758292644110665,0.020498693059867658,1.0126642017364147,1.2391281904730556,0.012810381979687868,0.03586641068377694,0.08046242434613382,-0.0017714943596426336,0.0077166787045335195,-0.019148252378622388,1.0,0.0005045885696586261,-0.006390645588091104,1.0172659966625421,292.5001377859469,299.1822204589844,0.022844716326005488,45.68943265201098,5,5,TIME,TIME
PEP,2025-02-26,2025-02-27,2025-03-04,-0.031389833046931215,0.020451252560769052,1.5348611511035404,1.237167783341273,0.0242179534604523,0.014333638634687729,-0.07170849927909706,-0.012964200231814882,0.03909213356180308,0.04030484159992076,1.0,0.0005045885696586261,-0.006390645588091104,1.0172659966625421,142.31930286444558,148.0120749790234,0.040000000000000036,80.00000000000007,3,3,TP,TP
NFLX,2025-02-27,2025-02-28,2025-03-04,-0.027260949714238647,0.02913821936037546,0.9355736319052605,1.0153272196973373,-0.044361057286352756,0.01914088056997776,0.25179224087789986,-0.025696287316667066,-0.05999768706942987,-0.06253227774973014,4.0,-0.015961704022717016,-0.021686181913705527,1.6696952805606644,96.95600128173828,95.01688125610352,-0.020000000000000018,-40.000000000000036,2,2,SL,SL
CVX,2025-03-03,2025-03-04,2025-03-05,-0.03486316999364214,0.02052101440963617,1.6989009070268595,1.3543678580184533,-0.009493786992049946,0.01148117313941599,0.023094543657344424,-0.013213749422454901,-0.030400792012842404,-0.014484195796099386,3.0,-0.01751987501654706,-0.02287935107798933,1.5699322490288252,142.14451516707013,139.30162486372873,-0.019999999999999907,-39.999999999999815,1,1,SL,SL
GE,2025-03-03,2025-03-04,2025-03-04,-0.024253543963284052,0.02644794536446623,0.917029418696152,1.2961411570140344,-0.015220826892263895,0.06653823846717155,0.14877358271065066,0.0017360171663141077,0.01635542930436862,-0.030297301147110045,2.0,-0.01751987501654706,-0.02287935107798933,1.5699322490288252,196.34695892424963,192.42001974576465,-0.020000000000000018,-40.000000000000036,0,0,SL,SL
KO,2025-03-04,2025-03-05,2025-03-10,-0.029452441663687656,0.019772826179824753,1.4895413228150218,1.3333434773894237,0.024521908605036336,0.08364383355455707,0.07364286393133601,-0.009595153331747541,-0.018184281788507173,0.016509763738991712,2.0,-0.011836867992038314,-0.033623594869063744,2.2158280214392208,67.00057699848895,69.68060007842851,0.040000000000000036,80.00000000000007,3,3,TP,TP
MA,2025-03-04,2025-03-05,2025-03-07,-0.03452660048499512,0.016893623303142067,2.04376526370003,1.4192439054122548,-0.017095945447055283,0.021682049042925478,0.12065726989777059,-0.017262122221701204,-0.015885716844283082,-0.023812458970931427,3.0,-0.011836867992038314,-0.033623594869063744,2.2158280214392208,547.547394922644,536.5964470241911,-0.020000000000000018,-40.000000000000036,2,2,SL,SL
V,2025-03-04,2025-03-05,2025-03-06,-0.026504951448665937,0.01700190019905296,1.5589405383136126,1.3990879792287971,-0.00021359033552381668,0.05674883624992133,0.20046879991140298,-0.009866854942264802,0.0003974856882358324,-0.012614582944860953,3.0,-0.011836867992038314,-0.033623594869063744,2.2158280214392208,346.8590742868907,339.92189280115286,-0.020000000000000018,-40.00000000000003,1,1,SL,SL
COST,2025-03-06,2025-03-07,2025-03-07,-0.020167064509249433,0.02060856006805334,0.9785770787795943,1.3178083931178972,-0.020765243894831142,0.039334365525115045,0.13093964664654334,-0.01932483815459074,0.004805534661068034,-0.007933636625368501,3.0,-0.017751050248379863,-0.040168010698876766,1.4875141146405966,986.7230367734217,966.9885760379532,-0.020000000000000018,-40.000000000000036,0,0,SL,SL
GE,2025-03-06,2025-03-07,2025-03-07,-0.03185183862458485,0.03007249852419636,1.0591683494125648,1.2829062228277615,-0.040870064864500066,0.023697496208659352,0.11151978870078927,-0.02926320619092304,-0.026709097781418722,-0.060793421563689276,3.0,-0.017751050248379863,-0.040168010698876766,1.4875141146405966,193.44144432688566,189.57261544034793,-0.02000000000000013,-40.000000000000256,0,0,SL,SL
PLD,2025-03-06,2025-03-07,2025-03-07,-0.030151550694512252,0.019665109134897673,1.5332511245007716,1.2515067955328305,-0.007961817007780425,0.04432527737348946,0.034178870975208886,-0.02622633279354003,-0.020118835881985375,-0.004962763843204043,3.0,-0.017751050248379863,-0.040168010698876766,1.4875141146405966,114.83254591379796,112.535894995522,-0.020000000000000018,-40.00000000000004,0,0,SL,SL
V,2025-03-06,2025-03-07,2025-03-11,-0.0241579308185772,0.01901319419219385,1.2705877073772063,1.2813469536556876,-0.023593368665356218,0.028020329806669464,0.17018995248782787,-0.04880888570928166,-0.03255198786562963,-0.018060455683172938,3.0,-0.017751050248379863,-0.040168010698876766,1.4875141146405966,337.01185432851344,330.27161724194315,-0.020000000000000018,-40.000000000000036,2,2,SL,SL
LLY,2025-03-07,2025-03-10,2025-03-10,-0.04730696622361674,0.030857240709075643,1.5330912659894103,1.3979324491744014,-0.019732167234489895,0.05217209533853229,0.01990350156736853,-0.04552928610062601,-0.05545101869449609,-0.0046927336122851715,3.0,0.005604885237354251,-0.03429527713432057,1.4463157386374723,844.9665478019526,828.0672168459135,-0.020000000000000018,-40.00000000000004,0,0,SL,SL
LLY,2025-03-10,2025-03-11,2025-03-13,-0.045792298500593964,0.03451943818944211,1.326565578770042,1.6923565957036184,-0.06213430643117046,0.0031447107658848505,-0.027087264362610664,-0.10751613830113238,-0.10751613830113238,-0.05858864467418712,4.0,-0.02663561657302338,-0.058940927323705816,1.6966994282817174,818.5362656333486,802.1655403206817,-0.020000000000000018,-40.000000000000036,2,2,SL,SL
NKE,2025-03-10,2025-03-11,2025-03-11,-0.02786628526004664,0.029054150395850943,0.9591154750829013,1.1863278315361396,-0.002841490532916824,0.022306721711026878,-0.03197859435095929,-0.01812112321796011,-0.025634610512638267,-0.04351425427704192,3.0,-0.02663561657302338,-0.058940927323705816,1.6966994282817174,72.62444130351646,71.17195247744613,-0.02000000000000013,-40.000000000000256,0,0,SL,SL
CVX,2025-03-11,2025-03-12,2025-03-18,-0.022148871551832316,0.024541969695708567,0.902489564874057,1.3899570315586633,-0.008846099056082024,0.008663205092117154,0.03018332531598311,0.007388161685244254,0.013684168260315932,-0.014959704475271951,2.0,-0.008312890256780947,-0.06533979160966352,1.4292140613142552,144.42881447286427,150.20596705177886,0.040000000000000036,80.00000000000007,4,4,TP,TP
MCD,2025-03-11,2025-03-12,2025-03-12,-0.03306552691768816,0.02482296605045396,1.3320538267055102,1.192886189337742,-0.0011258652902996769,0.03919917931521466,0.08768106189218594,-0.011631437951944767,0.003237628804977355,-0.0070446573932779755,2.0,-0.008312890256780947,-0.06533979160966352,1.4292140613142552,292.7430346815478,286.88817398791684,-0.019999999999999907,-39.999999999999815,0,0,SL,SL
NEE,2025-03-11,2025-03-12,2025-03-17,-0.02796743323578832,0.026430076574283923,1.0581669393648379,1.2222569591613048,0.052069650922343946,0.056198232374524926,-0.00838970034307629,0.0574203940912732,0.044883699417073375,0.0471380410622908,3.0,-0.008312890256780947,-0.06533979160966352,1.4292140613142552,69.85094954157717,68.45393055074562,-0.019999999999999907,-39.999999999999815,3,3,SL,SL
PEP,2025-03-11,2025-03-12,2025-03-19,-0.025087995552958153,0.028674165528382436,0.8749337632206037,1.0055185350591695,0.016662137962651924,0.02891529108778057,-0.052771352825514595,-0.0060358806372975415,-0.0033284045399182283,-0.017537343458872368,2.0,-0.008312890256780947,-0.06533979160966352,1.4292140613142552,140.38066841557858,140.92300415039062,0.0038633220722850137,7.726644144570027,5,5,TIME,TIME
XOM,2025-03-11,2025-03-12,2025-03-17,-0.023613692285145316,0.026317874242027136,0.8972492256778285,1.175094007461561,-0.00210713346367708,0.0064959225282468225,-0.02923254532581654,0.014309593311613966,0.015064198777705151,-0.005194583542058706,2.0,-0.008312890256780947,-0.06533979160966352,1.4292140613142552,104.04313204500157,108.20485732680164,0.040000000000000036,80.00000000000007,3,3,TP,TP
MCD,2025-03-12,2025-03-13,2025-03-20,-0.02399249172280349,0.02673541878912117,0.8974047465666107,1.1958538891818915,-0.02365607654153079,0.013833975255858055,0.06083373158619754,-0.06813144366721091,-0.026183123493389693,-0.010324149300248608,3.0,0.005306376283698455,-0.059036354925102064,1.0938047068770407,289.6005301343105,295.93365478515625,0.02186848431495836,43.73696862991672,5,5,TIME,TIME
PEP,2025-03-12,2025-03-13,2025-03-20,-0.027308978277066354,0.030282681186351613,0.9018018618963797,1.0365322172733387,-0.012356379195988865,0.001213505698840489,-0.07783473322263768,-0.0405981490392453,-0.028593459668890375,-0.013398126718280112,2.0,0.005306376283698455,-0.059036354925102064,1.0938047068770407,141.1703735394255,140.00958251953125,-0.008222624838277848,-16.445249676555697,5,5,TIME,TIME
ABBV,2025-03-25,2025-03-26,2025-03-26,-0.03743364475591637,0.024070872295715147,1.5551428421885622,1.4151411164621963,-0.043869685864165064,0.030594503415756424,0.0929202078375102,-0.05010369199096476,-0.05849887021020683,-0.05735280158390854,5.0,0.0024038215328545665,-0.021394975071721167,0.5320343913626545,193.53270268507256,189.6620486313711,-0.020000000000000018,-40.00000000000003,0,0,SL,SL
AMD,2025-03-26,2025-03-27,2025-03-28,-0.04024035550414207,0.03980786088450766,1.0108645531315832,1.107723187140798,0.07022146655450645,0.0015634052290884881,-0.2042483265946372,0.035231115313665295,0.03727759539992692,0.09326323484962651,2.0,-0.011938228305225729,-0.03271404701324698,0.7149630258227326,106.11000061035156,103.98780059814453,-0.020000000000000018,-40.000000000000036,1,1,SL,SL
XOM,2025-04-03,2025-04-04,2025-04-04,-0.05258278532153393,0.019720201895874263,2.666442544512436,1.2054386461085427,-0.017752573477681777,0.012551801098990012,-0.0038081821963833473,-0.05465392437163619,-0.04631429777262086,-0.029939505000772693,3.0,-0.04928091072982521,-0.08012244466681628,1.7769801478682297,104.82546559619476,102.72895628427086,-0.020000000000000018,-40.00000000000004,0,0,SL,SL
AMT,2025-04-04,2025-04-07,2025-04-07,-0.03514614627514412,0.02507479006644403,1.4016526631733572,2.8717632624105227,0.027564165191382717,0.08949531401876087,0.06650199230417231,0.0033267031667088,0.021386197789718953,0.01822134705576084,2.0,-0.05854288397358964,-0.13091691127681593,2.8037973095958604,205.93759473275426,201.8188428380992,-0.019999999999999907,-39.999999999999815,0,0,SL,SL
DUK,2025-04-04,2025-04-07,2025-04-08,-0.04127375017972623,0.020894642906336806,1.9753268990880417,1.6661417858146201,-0.003151638674754431,0.025510084672201838,0.07231257013856252,-0.017675805018226076,-0.004019942739375559,-0.001427446879215477,3.0,-0.05854288397358964,-0.13091691127681593,2.8037973095958604,111.73764522567534,109.50289232116182,-0.020000000000000018,-40.00000000000004,1,1,SL,SL
KO,2025-04-04,2025-04-07,2025-04-07,-0.04441119687888928,0.019795313825246706,2.2435207277314175,1.3843431139928426,-0.003224184144303366,0.024667312347208314,0.06063313022862604,-0.026993302795482066,-0.006252729842951887,0.018348564739247397,2.0,-0.05854288397358964,-0.13091691127681593,2.8037973095958604,63.95129155230345,66.5093432143956,0.040000000000000036,80.00000000000007,0,0,TP,TP
UNH,2025-04-04,2025-04-07,2025-04-08,-0.028476810287069942,0.021494548506801842,1.3248387272735038,2.2227675125015267,0.03283515387359581,0.03335722257314888,-0.03171387243720547,0.0036894309768025213,0.017460007230718055,0.01586536920435022,2.0,-0.05854288397358964,-0.13091691127681593,2.8037973095958604,496.48434586876306,516.3437197035136,0.040000000000000036,80.00000000000006,1,1,TP,TP
AMT,2025-04-07,2025-04-08,2025-04-08,-0.030794357840908115,0.02766230701053053,1.1132244982020216,1.4580141721892304,-0.0041533798734099125,0.05299472423373186,0.03306706123381287,-0.020697424096535855,-0.019347389095304424,0.00277255722315628,3.0,-0.0017811884523963872,-0.1294171967558706,2.99767451070044,203.79625440504975,199.72032931694875,-0.020000000000000018,-40.00000000000003,0,0,SL,SL
AMT,2025-04-08,2025-04-09,2025-04-09,-0.040910974209893536,0.032576693437443495,1.2558356878193986,1.5054318353987601,-0.043752010259208274,0.008659403196864313,-0.009522544177892556,-0.10311576312787085,-0.06735315298878919,-0.023102526889324793,4.0,-0.01566275431689801,-0.14005187524513674,1.8529227237047503,191.49778337501158,187.66782770751135,-0.020000000000000018,-40.000000000000036,0,0,SL,SL
AMT,2025-04-23,2025-04-24,2025-04-25,-0.03787833773625304,0.044083502138819994,0.8592406659746147,1.837431872115159,-0.010468174219815718,0.02561834936526175,0.030899276842094592,-0.0451808328739175,-0.024815205681308017,0.04734299722182489,3.0,0.015495480308824972,-0.04961317624701056,0.8294871379897825,204.74698914655892,200.65204936362773,-0.020000000000000018,-40.000000000000036,1,1,SL,SL
HON,2025-05-06,2025-05-07,2025-05-14,-0.02016329011122675,0.02353843680194471,0.8566112644133144,1.0151122002394533,0.043298973113215844,0.01833263384067574,-0.004663727829698927,-0.003843585094432611,-0.007376142832201227,0.05827499735862807,2.0,-0.008358436431223693,0.0075933773379870395,0.5623107439476219,205.24886266384723,208.3961944580078,0.015334222822541044,30.66844564508209,5,5,TIME,TIME
DUK,2025-05-08,2025-05-09,2025-05-12,-0.02120711845553891,0.01804761722383515,1.1750647297378993,1.0489292773833896,-0.00714847036229127,0.0053973683623111945,0.05930380895907983,-0.006211091231489108,-0.01096178743926468,-0.005799450761306502,3.0,0.006967652273661029,0.02105370605492851,0.9111173486684917,114.12957387234526,111.84698239489835,-0.02000000000000013,-40.000000000000256,1,1,SL,SL
NFLX,2025-05-12,2025-05-13,2025-05-15,-0.026503684286453333,0.027461396834718366,0.9651251335090779,1.2011312223485933,0.027874380328961834,0.12085254323931616,0.2978020828992276,-0.03930206897826827,-0.02121579341069113,-0.0003422433173402295,3.0,0.03304754271395138,0.05453402990892475,1.2284301676507605,111.44599914550781,115.90383911132812,0.040000000000000036,80.00000000000009,2,2,TP,TP
AMD,2025-05-15,2025-05-16,2025-05-19,-0.023190650090253895,0.0399040857141587,0.5811597904127753,1.0286714190758166,0.1594772633095427,0.15930425596497444,-0.09578834575135886,0.06354046376866829,0.13067847900025975,0.18975681374386655,1.0,0.004884179799500954,0.06702565365907254,1.1108067451006185,118.06999969482422,115.70859970092773,-0.020000000000000018,-40.00000000000004,1,1,SL,SL
AMZN,2025-05-15,2025-05-16,2025-05-19,-0.024161720956264898,0.03175067287829717,0.7609829577117523,1.3015620208695569,0.08281413774401081,0.07782033421997259,0.027429406056416417,-0.01663152430432424,0.06814866833145916,0.07870663228652308,2.0,0.004884179799500954,0.06702565365907254,1.1108067451006185,206.85000610351562,202.71300598144532,-0.019999999999999907,-39.999999999999815,1,1,SL,SL
ORCL,2025-05-15,2025-05-16,2025-05-21,-0.02178580112786599,0.026277077067595585,0.8290800788772601,1.2440217727053364,0.10205031121584773,0.11013966312790502,-0.0010883936730846644,0.013865925309191951,0.060545506985762776,0.09560776389212955,1.0,0.004884179799500954,0.06702565365907254,1.1108067451006185,157.8614991833425,154.70426919967562,-0.02000000000000013,-40.000000000000256,3,3,SL,SL
BAC,2025-05-21,2025-05-22,2025-05-30,-0.03222194703467285,0.023121394060915353,1.393598800737589,1.4268459789856667,0.029026870515383774,0.06846579360220661,0.025848790978950653,-0.03222194703467285,-0.03330353762671934,0.05668210609322033,3.0,-0.016850879747133396,0.04925577996610753,1.5022102512388997,42.011867244581815,42.93617248535156,0.022001051164631358,44.00210232926271,5,5,TIME,TIME
BLK,2025-05-21,2025-05-22,2025-05-23,-0.02493719176276399,0.018095952078884606,1.3780535919887926,1.0815094515535044,0.03234410682704025,0.05352858424994644,0.019581563034846594,-0.017055504841905322,0.005966491723336409,0.05701026511346585,1.0,-0.016850879747133396,0.04925577996610753,1.5022102512388997,947.0360319484644,928.0953113094951,-0.020000000000000018,-40.000000000000036,1,1,SL,SL
CRM,2025-05-21,2025-05-22,2025-05-23,-0.020065249084227132,0.020546954324173115,0.9765558811127902,1.1088396530320717,0.014108085510365465,0.04532733180719073,-0.04068335241518051,-0.030465239263108734,-0.02909800982903621,0.014556384733306116,2.0,-0.016850879747133396,0.04925577996610753,1.5022102512388997,279.6855269353524,274.09181639664536,-0.020000000000000018,-40.000000000000036,1,1,SL,SL
GS,2025-05-21,2025-05-22,2025-05-27,-0.021532775391824743,0.02429335721031135,0.8863647459431884,1.1419473627206758,0.032047751639893596,0.08403898029483736,0.07508392397467634,-0.041306720365555494,-0.029660007548556466,0.07526446456030778,3.0,-0.016850879747133396,0.04925577996610753,1.5022102512388997,575.159195193085,598.1655630008084,0.040000000000000036,80.00000000000007,2,2,TP,TP
MS,2025-05-21,2025-05-22,2025-05-30,-0.029660086785317064,0.02475203504862569,1.1982888165376886,1.03070553246352,0.02269871478765384,0.0765443183266119,0.06781066943088687,-0.05205023487042748,-0.04380334943195563,0.05205709122270541,4.0,-0.016850879747133396,0.04925577996610753,1.5022102512388997,121.00710349423676,124.3282241821289,0.027445667171517085,54.891334343034174,5,5,TIME,TIME
NEE,2025-05-21,2025-05-22,2025-05-22,-0.03857006511013694,0.02770681789469031,1.3920784861233901,1.2423169031979855,0.03092478073432381,0.03447268938416337,-0.030939672988009148,-0.04613346382689376,-0.009004171123762506,0.062054562030533056,2.0,-0.016850879747133396,0.04925577996610753,1.5022102512388997,65.92780179194692,64.60924575610798,-0.020000000000000018,-40.000000000000036,0,0,SL,SL
V,2025-05-21,2025-05-22,2025-05-30,-0.02328000495283511,0.01573182999460458,1.4798027286602555,1.0871098814215219,0.02124514453053683,0.052108568029305635,0.14503263788503062,-0.018678939185269194,0.005161724019972169,0.025853859096375276,2.0,-0.016850879747133396,0.04925577996610753,1.5022102512388997,354.29805254441374,361.6561584472656,0.0207681240413522,41.5362480827044,5,5,TIME,TIME
CRM,2025-05-23,2025-05-27,2025-05-29,-0.03630638130150998,0.02286715389719715,1.5877087924772348,1.6986184081018736,-0.022975850718222057,0.01136084960100514,-0.07305754332155934,-0.05182944837900283,-0.06189232696918223,-0.008314558025466212,3.0,-0.0068258512570531504,0.040435880555617976,1.1796087752690052,270.44852736238744,265.0395568151397,-0.020000000000000018,-40.000000000000036,2,2,SL,SL
NVDA,2025-05-30,2025-06-02,2025-06-03,-0.02916867471202156,0.03617150512345691,0.8063992530160411,1.4739850221281863,0.05490379118051236,0.16289286938988612,0.06608474029833156,-0.002730471260868117,0.01731549791302478,0.002225105064646904,3.0,-0.0011184010326800164,0.0548503304920569,1.3532802608540115,135.30038976970178,140.71240536048987,0.040000000000000036,80.00000000000007,1,1,TP,TP
TSLA,2025-05-30,2025-06-02,2025-06-02,-0.03339564619395741,0.04484746602559643,0.7446495678238997,1.1783497068963074,0.06265639279359192,0.20965006973989841,0.14574081128140337,-0.04527548990091812,0.015892513412960163,0.010617770413314576,3.0,-0.0011184010326800164,0.0548503304920569,1.3532802608540115,343.5,336.63,-0.020000000000000018,-40.000000000000036,0,0,SL,SL
ADBE,2025-06-02,2025-06-03,2025-06-05,-0.028162573284205017,0.019562277977401926,1.4396366985858209,1.482233502538071,0.0006908482675356264,0.05700377276930402,-0.12185838006918881,-0.02142012190892284,-0.010522721968239668,-0.032915424029938634,2.0,0.005632920704039535,0.05969538865730217,0.9199270661826404,403.4599914550781,419.59839111328125,0.040000000000000036,80.00000000000006,2,2,TP,TP
COST,2025-06-05,2025-06-06,2025-06-09,-0.03887057369999147,0.01989491180406291,1.9537947231338506,1.521278662140538,-0.01078938067272317,0.022062459435648663,0.06380579061596747,-0.04356351695352512,0.0020520953836751232,-0.014132477897336071,3.0,-0.004832756264298466,0.057597205153289366,1.3083731317794034,1013.3057862037917,993.0396704797159,-0.020000000000000018,-40.000000000000036,1,1,SL,SL
AVGO,2025-06-06,2025-06-09,2025-06-12,-0.05001341342743948,0.032123041058993045,1.5569327118061855,1.812125833716303,0.04201305565341795,0.21940379042358438,0.2752543617599639,-0.03862171756609378,0.020076853732235556,0.07114047796343259,2.0,0.010269030973764526,0.06729477263332617,0.9431527951521085,242.69632428504522,252.40417725644704,0.040000000000000036,80.00000000000009,3,3,TP,TP
GE,2025-06-10,2025-06-11,2025-06-13,-0.03742889641071545,0.02214876954859581,1.6898860376236282,1.8047651301680965,0.008997643947999068,0.1387657211814144,0.26293613906952373,-0.03937745904500267,-0.02760470013615879,0.0009100355591027398,2.0,0.005669717805285801,0.07125939985039875,0.9365445046310512,241.06197371507506,236.24073424077355,-0.020000000000000018,-40.000000000000036,2,2,SL,SL
AMZN,2025-06-11,2025-06-12,2025-06-20,-0.020265629565462184,0.021934468693997834,0.9239170480116388,1.0253106455825227,0.02827265839429316,0.09923536672506317,0.05139583334990383,-0.0017325015839646518,0.028808576672232133,0.04142240952019627,1.0,-0.002852077351950366,0.06661372173577962,1.037131072719083,211.77999877929688,209.69000244140625,-0.009868714467548334,-19.73742893509667,5,5,TIME,TIME
AMD,2025-06-12,2025-06-13,2025-06-16,-0.02179296188665847,0.033845681896980014,0.6438919432319966,1.2298595387999227,0.025228408563900295,0.14347802814514155,-0.0492634021326499,-0.026534159762262255,0.024289026703210093,0.04839424294238803,2.0,0.003974378305442006,0.06923023646136395,0.9043285692820897,116.05000305175781,120.69200317382813,0.040000000000000036,80.00000000000009,1,1,TP,TP
BA,2025-06-12,2025-06-13,2025-06-13,-0.04789719626168221,0.02669236954631354,1.7944152982962596,3.6819651528684965,-0.02035733704829301,0.09356399047719033,0.20113587711397396,-0.06326143558614028,-0.025212918212322855,-0.021279627397626566,3.0,0.003974378305442006,0.06923023646136395,0.9043285692820897,200.67999267578125,196.66639282226564,-0.019999999999999907,-39.999999999999815,0,0,SL,SL
GE,2025-06-12,2025-06-13,2025-06-23,-0.022523616965455573,0.02427781691010647,0.9277447411706672,1.3936349765523321,-0.007799406041561596,0.12070394562799591,0.2476834242195829,-0.045423825439539045,-0.047356203690240295,-0.017078915260821947,3.0,0.003974378305442006,0.06923023646136395,0.9043285692820897,233.47167882403883,242.8105459770004,0.040000000000000036,80.00000000000007,5,5,TP,TP
ADBE,2025-06-13,2025-06-16,2025-06-17,-0.053181203803690735,0.02194393178512631,2.4235038790877566,3.1536942729016437,-0.05135699207043509,0.016098057958987555,-0.1350886462064893,-0.05859732977424503,-0.060539239995798466,-0.05639741711109125,4.0,-0.0111801611547373,0.05606114642192361,1.2461629108859722,392.989990234375,385.1301904296875,-0.020000000000000018,-40.000000000000036,1,1,SL,SL
MA,2025-06-13,2025-06-16,2025-06-18,-0.046242921759501954,0.016911920663675417,2.734338853588976,2.5890259915341733,-0.03154299427508811,0.015563801993838444,0.05983893394004158,-0.04666337653174091,-0.04760055216594661,-0.04024934237665201,3.0,-0.0111801611547373,0.05606114642192361,1.2461629108859722,559.650569620386,548.4575582279783,-0.019999999999999907,-39.999999999999815,2,2,SL,SL
NKE,2025-06-13,2025-06-16,2025-06-17,-0.03614647428795714,0.0292188300789425,1.2370951947869835,1.232087392479578,-0.020586018753298907,0.027102990748110845,-0.15670273041430705,-0.05229370019273294,-0.03614647428795714,0.005648717760744715,4.0,-0.0111801611547373,0.05606114642192361,1.2461629108859722,59.11357635760545,57.93130483045334,-0.020000000000000018,-40.000000000000036,1,1,SL,SL
V,2025-06-13,2025-06-16,2025-06-18,-0.04994603090920058,0.018911338461611877,2.641062715396164,2.478698507191384,-0.03161348198872882,0.012778707394352162,0.0988071035510596,-0.04815215525428829,-0.046917935667764255,-0.03379052243870828,3.0,-0.0111801611547373,0.05606114642192361,1.2461629108859722,353.04036718163275,345.97955983800006,-0.02000000000000013,-40.000000000000256,2,2,SL,SL
COP,2025-06-16,2025-06-17,2025-06-18,-0.02021446345101341,0.026255641862170536,0.769909322999209,1.2291627500767452,0.07222271719920492,0.07362167789767993,-0.03619861325197993,0.017675541171868536,0.07905500703311819,0.09547975442967926,1.0,0.009514136167775744,0.06362583252087672,1.1105527931234231,92.2371779255452,90.3924343670343,-0.019999999999999907,-39.999999999999815,1,1,SL,SL
MRK,2025-06-17,2025-06-18,2025-06-24,-0.03310274990964912,0.022851505955020807,1.4486025548953358,1.0501236871677602,0.006550725887753517,0.0001250308396643085,-0.16161213887430692,-0.03368649231145371,-0.028103612124496524,0.024938744055708728,3.0,-0.008544966880486782,0.051114641869570265,1.1304312851650953,75.5250615157793,78.54606397641048,0.040000000000000036,80.00000000000006,3,3,TP,TP
NKE,2025-06-17,2025-06-18,2025-06-26,-0.030694636670838604,0.02891603197894131,1.0615092932942043,1.0214127234155594,-0.027222921610693618,0.014729763223328973,-0.1615956305466646,-0.0445859539170832,-0.06059179507775114,-0.03799898756583253,4.0,-0.008544966880486782,0.051114641869570265,1.1304312851650953,57.78453068741667,60.09591191491334,0.040000000000000036,80.00000000000009,5,5,TP,TP
GOOGL,2025-06-20,2025-06-23,2025-06-23,-0.03854149808910856,0.02452513107506897,1.571510381377245,1.9519972136402628,-0.03289873370810892,0.015104742475282151,-0.027819973413034882,-0.05730617057275267,-0.05156515635015746,-0.008134228848108549,4.0,-0.002348474253184407,0.041430571204772004,1.2802007346650264,165.7970070061314,162.48106686600877,-0.019999999999999907,-39.999999999999815,0,0,SL,SL
ORCL,2025-06-20,2025-06-23,2025-06-24,-0.027030918084428812,0.03548279815092658,0.7618034510540128,1.3365001901138251,0.14051443205471004,0.29338869297047454,0.24644557926830113,-0.02809108246083203,0.026568682915422137,0.19884295247283457,3.0,-0.002348474253184407,0.041430571204772004,1.2802007346650264,202.76321678497837,210.87374545637752,0.040000000000000036,80.00000000000006,1,1,TP,TP
COP,2025-06-23,2025-06-24,2025-07-01,-0.03147114591192024,0.030383031406359957,1.035813230451143,1.055625030451659,0.02221431953965136,0.028884537463883975,-0.06654635607332793,-0.03968586317832545,-0.054145998230044734,0.05147897265853363,3.0,0.009877485739587577,0.04976186801432414,1.1767506346203815,86.76621429375037,88.44883728027344,0.019392605753507874,38.785211507015745,5,5,TIME,TIME
XOM,2025-06-23,2025-06-24,2025-07-01,-0.025806444036299725,0.022942272622786235,1.1248425324119284,1.3653277471535912,0.04509991521506396,0.05484554386824558,0.014275804387614777,-0.019824625055430256,-0.003389352824420655,0.07164091703644448,2.0,0.009877485739587577,0.04976186801432414,1.1767506346203815,105.19396005659019,105.18431854248047,-9.165463591764844e-05,-0.18330927183529688,5,5,TIME,TIME
COP,2025-06-24,2025-06-25,2025-07-02,-0.02529711331143769,0.030732092256511193,0.8231497257098727,1.1660710807766892,-0.005971464491637435,0.0013282864664783123,-0.08938860294096995,-0.0470148947554303,-0.059052627824732085,0.01533397330037789,3.0,0.011047186039507384,0.05825838247351012,0.9168319916707871,85.87200063524057,89.3068806606502,0.040000000000000036,80.00000000000007,5,5,TP,TP
CVX,2025-06-24,2025-06-25,2025-07-02,-0.02253861327972506,0.02171967997122102,1.037704667361082,1.0829009375315537,0.009802513716331562,0.035464531604226135,-0.021721059082563166,-0.0313111660346278,-0.016982907385187707,0.019820985998837415,3.0,0.011047186039507384,0.05825838247351012,0.9168319916707871,136.45419022019502,140.8025360107422,0.03186670767332456,63.73341534664911,5,5,TIME,TIME
XOM,2025-06-24,2025-06-25,2025-07-02,-0.030427732230226767,0.024572084218940565,1.2383048975052988,1.2325642641601322,0.010789885130737087,0.020952088030101512,-0.01646292064254118,-0.04284837056221835,-0.03680661398002261,0.032104371571417545,3.0,0.011047186039507384,0.05825838247351012,0.9168319916707871,104.09627706097525,106.92713165283203,0.027194580553525194,54.389161107050384,5,5,TIME,TIME
AMD,2025-07-01,2025-07-02,2025-07-10,-0.040803337104838744,0.04270180355820603,0.9555413051633868,1.007458322413027,0.0658700091112292,0.195150917667541,0.09738340781237809,-0.052686473074310514,-0.016759316536723134,0.07690482844878632,2.0,-0.0003235144354958308,0.06186335727729353,0.9313691133014295,135.52999877929688,140.95119873046875,0.040000000000000036,80.00000000000007,5,5,TP,TP
AVGO,2025-07-01,2025-07-02,2025-07-03,-0.03957923441567435,0.03110122319116547,1.272594141149957,1.0473763943110204,0.032305972965499086,0.14980410944033817,0.3149234541436121,-0.02009868081570343,0.003677240559152306,0.052610356404210634,2.0,-0.0003235144354958308,0.06186335727729353,0.9313691133014295,262.0697825574709,272.5525738597697,0.040000000000000036,80.00000000000007,1,1,TP,TP
META,2025-07-01,2025-07-02,2025-07-10,-0.02556598114003228,0.021412584599381904,1.193969883522154,1.0641874292107216,0.026496600459039232,0.12216126662201265,0.1761456018427232,-0.009461773102477755,0.009856786837096898,0.02435479856277123,2.0,-0.0003235144354958308,0.06186335727729353,0.9313691133014295,712.9932128907722,724.8642578125,0.016649590356684785,33.299180713369566,5,5,TIME,TIME
NFLX,2025-07-01,2025-07-02,2025-07-08,-0.0339996412994259,0.020953148902152274,1.6226506792940085,1.7309858813170966,0.03509240604669972,0.08902823136360771,0.3595903030575254,-0.010002577249461742,0.011328169291900947,0.05569834532393814,2.0,-0.0003235144354958308,0.06186335727729353,0.9313691133014295,129.6959991455078,127.10207916259765,-0.020000000000000018,-40.000000000000036,3,3,SL,SL
NVDA,2025-07-01,2025-07-02,2025-07-03,-0.029685420899917325,0.023693061183440826,1.2529162302026462,1.111055364094236,0.046501862860963694,0.16435269911255102,0.18272048642375416,-0.011095245881652227,0.03651129595498137,0.05950659312333295,1.0,-0.0003235144354958308,0.06186335727729353,0.9313691133014295,152.77650803107835,158.8875683523215,0.040000000000000036,80.00000000000007,1,1,TP,TP
UPS,2025-07-07,2025-07-08,2025-07-15,-0.03149908734270346,0.020213887678324785,1.5582894218057675,1.0554763365224527,-0.0012082855205086673,0.026203170530531672,-0.11714730598088352,-0.03465112924652436,-0.003261560872535485,0.01591625623163062,3.0,-0.007452168554898053,0.05637301736796618,1.0089606119050192,93.28508613657249,91.66417694091797,-0.017375866419648833,-34.75173283929767,5,5,TIME,TIME
BAC,2025-07-08,2025-07-09,2025-07-15,-0.03103168275701751,0.018830488892337686,1.6479488628489414,2.0531567052716175,0.018457544656725222,0.0690369843062908,0.09563419267239581,-0.03202625309979101,-0.0035925278978151676,0.018358442677126385,2.0,-0.0005476359239223738,0.05309664430221783,0.8000963510953668,46.15459300758366,45.231501147431985,-0.020000000000000018,-40.00000000000003,4,4,SL,SL
JPM,2025-07-08,2025-07-09,2025-07-16,-0.0314758312464668,0.018733760421191382,1.6801662100291277,1.6441409065886383,0.01620305785092513,0.06483314961644782,0.15807998653660116,-0.026909988204799618,-0.019894784306534796,0.021102866394258513,2.0,-0.0005476359239223738,0.05309664430221783,0.8000963510953668,281.7891933154563,280.4547119140625,-0.004735743715692853,-9.471487431385706,5,5,TIME,TIME
NEE,2025-07-08,2025-07-09,2025-07-14,-0.03063536561081015,0.02968139136696023,1.0321404826362632,1.5557006429866473,0.002206162320921079,0.02988608986651964,0.003584108301241784,-0.007668991919834611,0.043791611099749383,0.024459149614921127,2.0,-0.0005476359239223738,0.05309664430221783,0.8000963510953668,70.29074611908601,73.10237596384945,0.040000000000000036,80.00000000000007,3,3,TP,TP
NFLX,2025-07-10,2025-07-11,2025-07-11,-0.029256099109402633,0.024528993626586906,1.19271501940838,1.4594451017796344,-0.011510091730034921,0.030282253588618024,0.2906225086136667,-0.030264786040696934,-0.02667212401035668,-0.019337411397468696,3.0,0.002820258275139098,0.05695786595428243,0.7775154779357057,125.97899627685547,123.45941635131835,-0.020000000000000018,-40.000000000000036,0,0,SL,SL
CVX,2025-07-14,2025-07-15,2025-07-18,-0.02356569575164491,0.01851067677829159,1.2730866641938017,1.0505152590768265,0.024558347281199433,0.06724264170208039,0.028282848253343484,-0.008953024628703954,0.028833155795478627,0.05466299694926291,2.0,0.0019080849682644452,0.05018502647321044,0.7121100698773056,144.24693867852642,141.3619999049559,-0.020000000000000018,-40.000000000000036,3,3,SL,SL
BLK,2025-07-15,2025-07-16,2025-07-17,-0.058751442973734136,0.019736791061323887,2.976747475878344,2.9923701812178396,0.003391038724108064,0.05049051737326593,0.07167859954274491,-0.05243420664226217,-0.026845895899812455,-0.0029448690766773478,2.0,-0.004273310957695342,0.04340627681142428,1.0304608470967667,1032.9463740435792,1074.2642290053225,0.040000000000000036,80.00000000000007,1,1,TP,TP
LLY,2025-07-15,2025-07-16,2025-07-23,-0.03451612401436466,0.024031658428716303,1.436277238907494,1.3532040569213886,-0.014729652082525968,0.0043080053310555755,-0.04758719850467996,-0.023904423723258184,-0.007599746675110874,-0.009980527417964069,1.0,-0.004273310957695342,0.04340627681142428,1.0304608470967667,766.9676730048795,792.1432495117188,0.03282482090569028,65.64964181138055,5,5,TIME,TIME
PFE,2025-07-15,2025-07-16,2025-07-23,-0.029191226054264385,0.01927207823342347,1.5146900972847954,1.3854055671893588,-0.005797109144396573,0.030798190871540898,-0.014943380020512542,-0.045384028553875355,-0.039422325010622816,0.015264061174451893,4.0,-0.004273310957695342,0.04340627681142428,1.0304608470967667,22.671371652346004,23.29602813720703,0.02755265514763816,55.105310295276325,5,5,TIME,TIME
GE,2025-07-17,2025-07-18,2025-07-21,-0.022165412650097416,0.02427097428106945,0.9132477499012348,1.9227299117991021,0.035160362625082486,0.07761638343764954,0.29685873288987574,-0.007852404125747947,0.03052609681073193,0.06500550747354095,1.0,0.006119637877514572,0.04889216738569546,0.958017401847327,264.0590008558239,258.77782083870744,-0.020000000000000018,-40.000000000000036,1,1,SL,SL
NVDA,2025-07-22,2025-07-23,2025-07-28,-0.025382153858991896,0.02319086552473883,1.0944892863923303,1.0687025519928042,0.030108377165443345,0.13327763790199398,0.25690485242032635,-0.03450862377775943,-0.021499599672935688,0.043937568403866756,3.0,0.0001431954391026835,0.043113335893242066,0.8771971087671648,169.30450383433347,176.07668398770682,0.040000000000000036,80.00000000000007,3,3,TP,TP
NEE,2025-07-23,2025-07-24,2025-07-24,-0.06087178889282285,0.026846991316622472,2.267359801138451,1.7950825254073186,-0.01171901927794905,0.00845592656017602,0.0142183442953141,-0.04121129769443799,-0.026079905895992628,-0.01126950569848939,1.0,0.008507378219608341,0.0494969312493414,1.0279883387449813,70.34861939942917,68.94164701144058,-0.020000000000000018,-40.000000000000036,0,0,SL,SL
AMT,2025-07-28,2025-07-29,2025-07-29,-0.024622569462614097,0.018006091986949253,1.367457718224501,1.2211825769797293,0.001140897628440607,0.02841755920913469,0.09494838252261806,-0.025936211315629065,-0.010110332382555987,0.010956918717029085,3.0,-0.0002510690047468067,0.048593121157325614,0.8270691808668555,210.85473990022908,206.6376451022245,-0.020000000000000018,-40.000000000000036,0,0,SL,SL
BA,2025-07-29,2025-07-30,2025-07-31,-0.04369528222595398,0.025572495527705234,1.7086827595145935,2.6450621859057524,-0.00045758456047617635,0.05609032660048063,0.26513994509335737,-0.022441312515789402,-0.01050417516352875,-0.017043470299762276,2.0,-0.0026375648019045794,0.044227223123121995,0.9344771295663961,227.83999633789062,223.28319641113282,-0.020000000000000018,-40.000000000000036,1,1,SL,SL
META,2025-07-29,2025-07-30,2025-07-30,-0.02456695144053711,0.019339795732306993,1.2702797785758508,1.2806305949763217,-0.019932436556990174,0.010406729674004911,0.11815349069295689,-0.020705003262222355,-0.006824482924804753,-0.014625713095423487,2.0,-0.0026375648019045794,0.044227223123121995,0.9344771295663961,705.7768943450448,691.6613564581438,-0.020000000000000018,-40.000000000000036,0,0,SL,SL
NKE,2025-07-30,2025-07-31,2025-07-31,-0.02106450483127087,0.023911976301702116,0.8809186060364004,1.0445715430316949,0.023813046626178114,0.13615442829302138,0.09303020004910745,0.005375824194542966,-0.0009118192166157613,0.06352302873915883,3.0,-0.0012594666428340506,0.04147362038892277,1.2311193319532423,73.53082300454676,72.06020654445582,-0.020000000000000018,-40.000000000000036,0,0,SL,SL
AVGO,2025-07-31,2025-08-01,2025-08-04,-0.029475762287383245,0.028605505456982407,1.0304227041787306,1.5423809069963406,0.035358023794967997,0.11284647104666012,0.3781505577077495,-0.002038549220633068,0.017283891462988032,0.025309829161872743,1.0,-0.003751164153554032,0.036240664580046156,1.5392601396713774,284.45579610141215,295.8340279454686,0.040000000000000036,80.00000000000007,1,1,TP,TP
GOOGL,2025-07-31,2025-08-01,2025-08-05,-0.023558780585949624,0.020233754143784952,1.1643306733163008,1.2911690758551644,0.033370489268373715,0.0807866678700131,0.09918113703462339,-0.003531023110728171,-0.0014049753997916747,0.04532080229226354,2.0,-0.003751164153554032,0.036240664580046156,1.5392601396713774,188.49227361862017,196.031964563365,0.040000000000000036,80.00000000000007,2,2,TP,TP
NKE,2025-07-31,2025-08-01,2025-08-08,-0.025952090451046517,0.02469253498883643,1.0510095647441438,1.287632902798751,-0.0016239900122657636,0.10241544710447448,0.06512269427584916,-0.05742042378199441,-0.00967896950086844,0.023431171084195013,3.0,-0.003751164153554032,0.036240664580046156,1.5392601396713774,70.72827087240049,71.4505844116211,0.010212515169835346,20.42503033967069,5,5,TIME,TIME
PEP,2025-07-31,2025-08-01,2025-08-08,-0.03457941548807908,0.024159989859553723,1.431267798086643,1.2183579677601075,-0.011928324116867839,0.02895051812437277,-0.04944296160050721,-0.025782484476030598,-0.04560257582829452,-0.05170523147062511,4.0,-0.003751164153554032,0.036240664580046156,1.5392601396713774,133.80241771945762,139.15451442823593,0.040000000000000036,80.00000000000009,5,5,TP,TP
AMD,2025-08-01,2025-08-04,2025-08-06,-0.02614713104297728,0.040406839517768425,0.6470966637091077,1.324403976403662,0.08721803810965789,0.24640485741415286,0.39022033589585914,-0.032348993542532845,0.03141704624970365,0.09370017797546137,2.0,-0.016390515253635662,0.018233949784119963,1.9562786448350091,174.61000061035156,171.11780059814453,-0.020000000000000018,-40.000000000000036,2,2,SL,SL
CAT,2025-08-01,2025-08-04,2025-08-07,-0.02130039862236832,0.019884428801632808,1.0712099821856207,1.4723942081123718,0.02995625965045723,0.1190933282969342,0.18656278297922135,-0.003162358157145606,-0.011665714560955998,0.04000487058948332,3.0,-0.016390515253635662,0.018233949784119963,1.9562786448350091,427.0161509616799,418.4758279424463,-0.020000000000000018,-40.000000000000036,3,3,SL,SL
COP,2025-08-01,2025-08-04,2025-08-11,-0.027061037558937073,0.021946027957708263,1.2330722266045517,1.1072155078530652,-0.01627862865941787,0.012040687446420284,-0.03922908732300989,-0.05337263804885195,-0.023064705978211086,0.012221863655188514,3.0,-0.016390515253635662,0.018233949784119963,1.9562786448350091,88.69883243967664,89.92955017089844,0.0138752416167236,27.750483233447202,5,5,TIME,TIME
JPM,2025-08-01,2025-08-04,2025-08-11,-0.023190616918284168,0.018268733351491272,1.269415699057818,1.287198819479025,-0.007322277224205087,0.03583194864040107,0.14892000817154671,-0.025821366926700118,-0.03097569378771803,-0.006523104271538793,4.0,-0.016390515253635662,0.018233949784119963,1.9562786448350091,284.8113235431083,284.1244812011719,-0.002411569643341327,-4.823139286682654,5,5,TIME,TIME
META,2025-08-01,2025-08-04,2025-08-11,-0.030293150531358504,0.026600577446060623,1.138815523564686,1.4594671085505841,0.04519439586681995,0.07322815121664261,0.19366447762633898,0.07144293045763517,0.05237986239350345,0.06493167512199571,3.0,-0.016390515253635662,0.018233949784119963,1.9562786448350091,757.5171630668631,763.3679809570312,0.007723677000902152,15.447354001804303,5,5,TIME,TIME
MS,2025-08-01,2025-08-04,2025-08-11,-0.023655803734414338,0.01908032947694964,1.2398005895543989,1.1645374501189647,-0.014266248248531843,0.026792778707652065,0.10601869069467185,-0.02440577558516166,-0.02065371191293397,-0.0054939525239490195,3.0,-0.016390515253635662,0.018233949784119963,1.9562786448350091,137.07263540111225,140.69064331054688,0.026394822707299204,52.78964541459841,5,5,TIME,TIME
NVDA,2025-08-01,2025-08-04,2025-08-07,-0.023331592131278556,0.025624139228168686,0.9105317421016068,1.2496999923256693,0.021509809148924974,0.1243364128265465,0.2892082012621169,-0.010198900053756788,0.0012680341956212704,0.007598080615496272,3.0,-0.016390515253635662,0.018233949784119963,1.9562786448350091,174.9270307365029,181.92411196596302,0.040000000000000036,80.00000000000007,3,3,TP,TP
ORCL,2025-08-01,2025-08-04,2025-08-05,-0.03684443090865708,0.027005614931006137,1.3643248266253931,1.1316237049994684,0.013274224094797171,0.16078166175534658,0.3986932623837891,-0.02224178696855783,-0.002855792999299722,-0.004196350022408701,1.0,-0.016390515253635662,0.018233949784119963,1.9562786448350091,243.12888392325146,252.85403928018152,0.040000000000000036,80.00000000000006,1,1,TP,TP
AMD,2025-08-06,2025-08-07,2025-08-07,-0.06419598759758327,0.044997533395773955,1.426655702057046,2.0506091941209807,0.00021458300768384397,0.1537797396841012,0.31881863381585096,-0.04997089099332408,-0.09130410501474495,0.02817523726864879,4.0,0.007659758716372034,0.031213607941013022,0.895083290067903,166.83999633789062,173.51359619140626,0.040000000000000036,80.00000000000009,0,0,TP,TP
CAT,2025-08-07,2025-08-08,2025-08-11,-0.024782633704937607,0.02354751740856364,1.0524520812510274,1.4571574640378488,-0.012350112988167794,0.07016032303172004,0.1518732046275202,-0.038229221402490965,-0.04771475442657547,-0.028869486869584238,3.0,-0.0008376363499652539,0.02891308244045998,1.0202217722781766,416.76842264300916,408.433054190149,-0.019999999999999907,-39.999999999999815,1,1,SL,SL
ORCL,2025-08-07,2025-08-08,2025-08-13,-0.027453819845580263,0.02716913809083168,1.0104781297734524,1.1542680359811983,0.01744082517640355,0.14281228379522926,0.4142236890666515,-0.012434104070193186,-0.017259730381061322,0.02701482646676623,2.0,-0.0008376363499652539,0.02891308244045998,1.0202217722781766,247.21235311830205,242.26810605593602,-0.019999999999999907,-39.999999999999815,3,3,SL,SL
GE,2025-08-13,2025-08-14,2025-08-15,-0.03851537505296643,0.024165498859614793,1.5938166754476997,1.4402374242651086,-0.003201523309673604,0.04580951113563203,0.2889078565153125,-0.022362830044276194,-0.012560787771441873,-0.017145013200245085,2.0,0.0034232284065640606,0.04243437688584861,0.8443300239405375,271.61066569075984,266.1784523769446,-0.02000000000000013,-40.000000000000256,1,1,SL,SL
ORCL,2025-08-13,2025-08-14,2025-08-19,-0.03813134807146534,0.03168623552648788,1.2034041733859397,1.392006862814382,-0.01678492682979127,0.0848048653536706,0.3726306719597088,-0.02347536090647151,-0.04777133044920767,-0.025618595212635098,2.0,0.0034232284065640606,0.04243437688584861,0.8443300239405375,242.18959644503747,237.34580451613672,-0.020000000000000018,-40.00000000000004,3,3,SL,SL
WMT,2025-08-13,2025-08-14,2025-08-21,-0.025381373279448893,0.01668483462609408,1.5212241444547465,1.318172721839632,0.020585428231150837,0.03459569356307268,0.08031422493926299,-0.02641481436104709,-0.022929699172248963,0.034839620196349896,3.0,0.0034232284065640606,0.04243437688584861,0.8443300239405375,100.1409913616483,98.13817153441533,-0.020000000000000018,-40.00000000000003,5,5,SL,SL
BLK,2025-08-15,2025-08-18,2025-08-25,-0.021678102399844246,0.018445406666271313,1.1752574932101734,1.1638529890951252,0.011865049661553773,0.061027961118189866,0.14083723774595058,-0.021213995495759308,0.008924715768408475,0.0395768900878104,1.0,-0.002341293610408912,0.036742575997593896,0.9682352357448297,1110.7266146955628,1113.76318359375,0.00273385805112758,5.46771610225516,5,5,TIME,TIME
MS,2025-08-15,2025-08-18,2025-08-20,-0.026126073683257145,0.020753111993383828,1.2588990842234282,1.0195818610129563,0.014139828929054854,0.041201235713983486,0.1366082441150065,-0.018059453169166018,0.010127140455234773,0.03983040255832204,1.0,-0.002341293610408912,0.036742575997593896,0.9682352357448297,140.915532307343,138.09722166119613,-0.020000000000000018,-40.000000000000036,2,2,SL,SL
META,2025-08-18,2025-08-19,2025-08-19,-0.022744904150140632,0.031192791071932673,0.7291718172217855,1.240169484397342,0.023447256070304956,0.05776885272692134,0.20044618589906626,-0.016293250085033573,0.0019586598599299343,-0.011592310157415464,2.0,-0.00021752076014103228,0.03478313957139645,0.6269997695532625,764.613945820292,749.3216669038861,-0.020000000000000018,-40.000000000000036,0,0,SL,SL
AVGO,2025-08-19,2025-08-20,2025-08-20,-0.03548537355773784,0.03484597945442471,1.0183491499829815,1.156082232069038,-0.014399140023356405,0.05447283083754484,0.33238225922185927,-0.05243711011749663,-0.057283473058988066,0.00675932433412374,4.0,-0.005425292366708079,0.02776602173592968,0.9914879305502013,293.31086698084704,287.4446496412301,-0.019999999999999907,-39.999999999999815,0,0,SL,SL
BA,2025-08-19,2025-08-20,2025-08-22,-0.031883324922977296,0.023165084596664186,1.3763526219787063,1.250924964658067,-0.016773835958100336,0.0211259658030305,0.2211075793802375,-0.03512158478348215,-0.03271570693600223,0.000622606907713319,3.0,-0.005425292366708079,0.02776602173592968,0.9914879305502013,224.49000549316406,233.46960571289063,0.040000000000000036,80.00000000000007,2,2,TP,TP
NVDA,2025-08-19,2025-08-20,2025-08-20,-0.034997993677144845,0.027283879204440496,1.2827352523774869,1.2011744752531568,-0.01580739707286183,0.06437385210737512,0.27982784654411175,-0.035051051393876986,-0.041057064929050036,-0.014697638825985404,3.0,-0.005425292366708079,0.02776602173592968,0.9914879305502013,174.93699721113848,171.4382572669157,-0.019999999999999907,-39.999999999999815,0,0,SL,SL
ORCL,2025-08-19,2025-08-20,2025-08-27,-0.05801585651744634,0.03793368511795975,1.5294020693491406,1.6558919273877908,-0.05548449946069178,0.01562400679536613,0.30826999545271105,-0.042210926298634655,-0.07578979377103867,-0.08233260492723804,2.0,-0.005425292366708079,0.02776602173592968,0.9914879305502013,229.56350702248955,233.15260314941406,0.015634436733765744,31.26887346753149,5,5,TIME,TIME
WMT,2025-08-21,2025-08-22,2025-08-25,-0.04494492006972495,0.020351703746350626,2.2084106878660843,3.005220346157805,-0.022833552156225845,0.0028139507893025772,0.04393771633034316,-0.027209477942428117,-0.026387667556221683,-0.0478201420513692,2.0,-0.004011713095880665,0.018487182742325192,0.7780116297590322,97.25119024061061,95.3061664357984,-0.020000000000000018,-40.000000000000036,1,1,SL,SL
AVGO,2025-08-29,2025-09-02,2025-09-03,-0.03648136401017621,0.033330451141900336,1.0945355601357223,1.2257971748587557,-0.011732269422381925,0.035304666583350075,0.3144932508824698,-0.0020804273747436763,0.011530662029139771,-0.029215864031532313,1.0,-0.005963639392962183,0.02437413137591382,1.1608327404984549,287.23542079872874,298.7248376306779,0.040000000000000036,80.00000000000007,1,1,TP,TP
CAT,2025-08-29,2025-09-02,2025-09-09,-0.03649031828322202,0.022202093831792603,1.6435530162010754,1.1367148884031133,-0.00731882404918438,0.018745931747423228,0.14793352944669902,-0.028335598045818866,-0.0381710681863191,0.027587708246606724,3.0,-0.005963639392962183,0.02437413137591382,1.1608327404984549,410.2174249912014,414.3600769042969,0.01009867368063233,20.197347361264658,5,5,TIME,TIME
NVDA,2025-08-29,2025-09-02,2025-09-05,-0.033246505487318556,0.02942357476252892,1.1299274733149747,1.4290952942668673,-0.030712538870444228,0.02145168094900729,0.2554408175644636,-0.041756180781891805,-0.02140586362816177,-0.034746539041836666,3.0,-0.005963639392962183,0.02437413137591382,1.1608327404984549,169.77387989783634,166.3784022998796,-0.020000000000000018,-40.000000000000036,3,3,SL,SL
TSLA,2025-08-29,2025-09-02,2025-09-03,-0.03500206799409333,0.035862963407319794,0.975994861231943,1.071885451313116,0.003907426946667014,0.03111726367521417,0.011599275903283912,-0.050615684109798664,-0.018058334966873257,0.010013303433689114,3.0,-0.005963639392962183,0.02437413137591382,1.1608327404984549,328.2300109863281,341.35921142578127,0.040000000000000036,80.00000000000007,1,1,TP,TP
NKE,2025-09-02,2025-09-03,2025-09-10,-0.03481891169987805,0.024558871646428528,1.4177732674840373,1.6449951507733125,-0.023111874661130405,0.0056093006691742,0.0677796481586026,-0.04335036790286029,-0.0567629646566048,-0.03556663328954779,5.0,-0.007410251972675752,0.015300219505614665,1.2683980845500222,72.02518815694856,71.8799819946289,-0.0020160469696134387,-4.032093939226877,5,5,TIME,TIME
PLD,2025-09-02,2025-09-03,2025-09-10,-0.02179642414812133,0.021460665776936123,1.0156452914683591,1.1480051044985506,0.024541082648110057,0.030832314043444775,0.02382855650250515,-0.012247109430107872,-0.0028668777149318814,0.055576563359070574,3.0,-0.007410251972675752,0.015300219505614665,1.2683980845500222,107.51687880670352,107.49750518798828,-0.00018019141673619732,-0.3603828334723946,5,5,TIME,TIME
BA,2025-09-03,2025-09-04,2025-09-05,-0.021063273642059066,0.023443739752336837,0.8984604787706496,1.0054310708201244,0.00653832112131103,0.029655228558354896,0.2340388526181303,-0.016006092143804218,-0.010433066171863348,0.03280002170138885,2.0,0.005419545640653167,0.019393429026117737,1.0933548275741756,233.00999450683594,228.34979461669923,-0.019999999999999907,-39.99999999999981,1,1,SL,SL
COP,2025-09-03,2025-09-04,2025-09-05,-0.043842764667024525,0.020219659232097415,2.168323618304454,1.444342273797506,-0.007250718456090266,0.010105139079375158,-0.0013129808595223613,-0.03859835280802748,-0.02472963918129778,0.00949217011588499,1.0,0.005419545640653167,0.019393429026117737,1.0933548275741756,91.66027248874585,89.82706703897092,-0.020000000000000018,-40.000000000000036,1,1,SL,SL
CVX,2025-09-03,2025-09-04,2025-09-05,-0.02329614391755086,0.01584996515290669,1.4697914911995014,1.215859961269998,0.0164702477890728,0.043339396290368315,0.07139978159491522,-0.007908725231477454,0.004448294560048804,0.03986843246165961,1.0,0.005419545640653167,0.019393429026117737,1.0933548275741756,152.0678060501505,149.02644992914747,-0.020000000000000018,-40.000000000000036,1,1,SL,SL
XOM,2025-09-03,2025-09-04,2025-09-05,-0.024239191749491518,0.015241406209707552,1.5903514030124792,1.0021466751387347,0.027069341309560624,0.022438124571607876,0.03589262963134909,-0.012703981786529206,0.0037673180127753003,0.0417986200429008,1.0,0.005419545640653167,0.019393429026117737,1.0933548275741756,108.9522753120418,106.77322980580097,-0.020000000000000018,-40.00000000000004,1,1,SL,SL
CVX,2025-09-05,2025-09-08,2025-09-15,-0.025556527692440656,0.016888005492780554,1.5132946103887641,1.3671131549118467,-0.014607107154690269,0.010596156278036784,0.04140752486256205,-0.0504851219469169,-0.03552605028330991,-0.012150506486921397,3.0,-0.002896288899897903,0.02226605419875405,1.3031134993164608,148.07512815587538,151.3462371826172,0.022090874189879983,44.181748379759966,5,5,TIME,TIME
JPM,2025-09-05,2025-09-08,2025-09-12,-0.03107099701781979,0.016783445125824813,1.8512883847673571,1.4197403028477211,-0.002294418345396232,0.005919365774328389,0.1311718996590734,-0.017751043925721133,-0.02222065890510705,0.00998388322852728,3.0,-0.002896288899897903,0.02226605419875405,1.3031134993164608,289.3544641521949,300.92864271828273,0.040000000000000036,80.00000000000007,4,4,TP,TP
PEP,2025-09-08,2025-09-09,2025-09-16,-0.0319694326921075,0.0236626564744717,1.3510500279880882,1.280861550786812,-0.035209149470309176,0.001919051280398154,0.0021455978576641055,-0.03729643880362998,-0.0373612634590732,-0.04372989440194852,3.0,0.0024566730815143156,0.023582384114861243,0.9665238334099692,137.13168562605193,136.0146484375,-0.008145726375726303,-16.291452751452606,5,5,TIME,TIME
AVGO,2025-09-09,2025-09-10,2025-09-10,-0.02598001365009961,0.03984401938213999,0.65204299297538,1.1315253544734756,0.097109504872265,0.1439936229093921,0.45901064460875984,0.09986938260332145,0.12885589287753696,0.14424084754262778,1.0,0.002311789288386157,0.024803412017797566,1.0067676891538024,348.9631095115502,362.9216338920122,0.040000000000000036,80.00000000000009,0,0,TP,TP
AAPL,2025-09-10,2025-09-11,2025-09-15,-0.032259460089661185,0.019350818742736354,1.6670850220107767,1.709741395897029,-0.02164723736332741,0.0303260180425029,0.026104773312002116,-0.05381952065335116,-0.04897895118391726,-0.010989496853317071,4.0,0.002890805295761023,0.026654149159095475,1.1760238790062831,226.04499474029723,235.08679452990913,0.040000000000000036,80.00000000000007,2,2,TP,TP
AMZN,2025-09-10,2025-09-11,2025-09-12,-0.03320182790348514,0.021494004567235825,1.5447018167147883,1.7040815427234635,0.0034438611563767374,0.0173272103197748,0.07789276959121327,-0.00860844481658618,0.019204372903216305,0.007083184249188745,2.0,0.002890805295761023,0.026654149159095475,1.1760238790062831,231.49000549316406,226.86020538330078,-0.020000000000000018,-40.000000000000036,1,1,SL,SL
MCD,2025-09-10,2025-09-11,2025-09-18,-0.02105447771613833,0.012596487672021532,1.671456223698223,1.1275643217195883,-0.01602582117787099,0.009519556067500323,0.02221055385901849,-0.026846303827772644,-0.03302885304134673,-0.016818189682888063,4.0,0.002890805295761023,0.026654149159095475,1.1760238790062831,298.5510767423181,292.58005520747173,-0.02000000000000013,-40.000000000000256,5,5,SL,SL
AVGO,2025-09-11,2025-09-12,2025-09-17,-0.026896142932813727,0.043642079182500966,0.6162892198682915,1.1270178862187121,0.15179640124439397,0.2065294964796036,0.5450119662601065,0.040445579521791064,0.1748775725531131,0.19776855354566414,2.0,0.008310290457562264,0.03388463068822034,1.046192326909671,360.2702457908928,353.06484087507494,-0.019999999999999907,-39.99999999999981,3,3,SL,SL
ORCL,2025-09-11,2025-09-12,2025-09-12,-0.06234589859474182,0.05085105301783412,1.2260493125457266,3.2618298191349715,0.2632407851036831,0.26383568868571405,0.669841668497277,0.29092588328739377,0.3805380740014037,0.30554259916416937,1.0,0.008310290457562264,0.03388463068822034,1.046192326909671,302.34396963830454,296.29709024553847,-0.019999999999999907,-39.999999999999815,0,0,SL,SL
ORCL,2025-09-12,2025-09-15,2025-09-15,-0.05093233361469052,0.05582422309408771,0.9123697705357715,2.200594368164033,0.18739762312567332,0.19332362317803264,0.5804501907967523,0.20980490163288512,0.2550685790756009,0.21579537593034015,2.0,-0.00033472424849623206,0.03233886381241846,1.0779166172363044,302.9965343141477,296.93660362786477,-0.019999999999999907,-39.999999999999815,0,0,SL,SL
AVGO,2025-09-17,2025-09-18,2025-09-19,-0.038416576193650354,0.047848089304902655,0.8028863169195364,1.5882985490032084,0.07230311665318556,0.13553763102829475,0.4627512359038206,-0.03806920034220462,-0.06331683688815426,0.14477989541552905,3.0,-0.001242457061691904,0.0314343171868261,1.4615439807369937,347.4541836475093,340.50509997455913,-0.019999999999999907,-39.999999999999815,1,1,SL,SL
MA,2025-09-18,2025-09-19,2025-09-23,-0.021014722771039995,0.01739611858072302,1.2080121593518465,1.373814706397458,-0.005879449856035612,0.017820368977847112,0.060217196076795654,0.005300426134792424,-0.004552255644862724,-0.01610037975862111,2.0,0.004672405917850231,0.03501629014151275,1.2953284852355447,584.9746371243326,573.275144381846,-0.020000000000000018,-40.000000000000036,2,2,SL,SL
TSLA,2025-09-18,2025-09-19,2025-09-22,-0.021157139806429193,0.03808151192234363,0.5555751003156896,1.0150698104921352,0.15455884126603547,0.23346286046645814,0.2542096778894063,0.016608129491460843,0.13025679581066574,0.2313532260261495,1.0,0.004672405917850231,0.03501629014151275,1.2953284852355447,421.82000732421875,438.6928076171875,0.040000000000000036,80.00000000000009,1,1,TP,TP
ORCL,2025-09-23,2025-09-24,2025-09-24,-0.04363859847438445,0.06698576605624189,0.6514607661237324,1.0595057139558004,0.16086285266569522,0.2290670672830677,0.6587282788773534,0.05802023951437829,0.02341432923975373,0.29944928933901815,3.0,-0.005443378865093829,0.03532881527273957,1.1226507279535138,308.3455653224429,302.178654015994,-0.020000000000000018,-40.000000000000036,0,0,SL,SL
ORCL,2025-09-25,2025-09-26,2025-09-26,-0.055533919728725456,0.07659207462050478,0.7250609152955133,1.0885925328875659,0.052376814231722246,0.1300155939561678,0.5305674191847116,-0.11220476458812623,-0.01783433949573121,-0.05369323658977454,3.0,-0.004613374905433676,0.024834158835085995,1.184362082271723,289.6981253102654,283.9041628040601,-0.02000000000000013,-40.000000000000256,0,0,SL,SL
TSLA,2025-09-25,2025-09-26,2025-09-29,-0.04381307961359793,0.04187290046405359,1.046334959557194,1.0362873119490301,0.1046983771171075,0.2112687130823232,0.2668124847041553,-0.024918765158723932,0.015689117066482128,0.14798952699532641,2.0,-0.004613374905433676,0.024834158835085995,1.184362082271723,428.29998779296875,445.43198730468754,0.040000000000000036,80.00000000000006,1,1,TP,TP
COP,2025-09-29,2025-09-30,2025-10-07,-0.026705952348130557,0.02537445025441982,1.052474125758796,1.2077754055532266,0.01706247234959135,0.01446701538394124,0.023064093778159434,0.0023005719704993766,0.041734537369001456,0.03812407576571064,1.0,0.0028104467833012237,0.03124609734561168,0.9670536139844433,91.71844378702576,89.88407491128524,-0.02000000000000013,-40.000000000000256,5,5,SL,SL
CVX,2025-09-29,2025-09-30,2025-10-07,-0.025349652080879914,0.017397273408686596,1.4571048856553943,1.069451107444139,-0.010415654160629395,0.00551163856146486,0.05638961082491489,-0.01934911188953392,0.000320351801567309,-0.007691790406071375,2.0,0.0028104467833012237,0.03124609734561168,0.9670536139844433,149.01798698683243,146.03762724709577,-0.020000000000000018,-40.000000000000036,5,5,SL,SL
XOM,2025-09-29,2025-09-30,2025-10-02,-0.025592930813542858,0.017259955225317942,1.4827924220800761,1.1493733769899515,0.009831341921480385,0.03414771151105955,0.05899051704842884,-0.0029678590777810765,0.019639463577554528,0.01664448934024443,1.0,0.0028104467833012237,0.03124609734561168,0.9670536139844433,110.15734800250948,107.95420104245929,-0.020000000000000018,-40.00000000000004,2,2,SL,SL
BLK,2025-10-01,2025-10-02,2025-10-09,-0.021271717431685766,0.017650098162698826,1.2051897522383619,1.083023432949505,0.0097199668052379,0.014646242612858629,0.1303023440939326,-0.013299448740740405,0.011604773915959044,0.008208120550605713,2.0,0.0034075722246513784,0.03606675822626282,0.9507358513376837,1127.3271079167791,1148.869140625,0.019108945892402973,38.21789178480594,5,5,TIME,TIME
ABBV,2025-10-02,2025-10-03,2025-10-06,-0.03199934851679742,0.02179152984488497,1.4684305665812851,1.3050571225065493,0.0699013303740017,0.12898790634764712,0.23192853525046475,0.06004657328510565,0.08245635088291658,0.06563348498542254,1.0,0.0011517326256851312,0.036079282117959854,0.7497333416877157,229.77181892325189,225.17638254478683,-0.020000000000000018,-40.000000000000036,1,1,SL,SL
TSLA,2025-10-02,2025-10-03,2025-10-03,-0.051059922281332826,0.04384830019889622,1.1644675403544638,1.369475721665047,0.062479134067690234,0.20717438254713927,0.3006329557290486,-0.016267664524907022,0.02978337919006724,0.045939771179297706,1.0,0.0011517326256851312,0.036079282117959854,0.7497333416877157,443.2900085449219,434.4242083740234,-0.020000000000000018,-40.000000000000036,0,0,SL,SL
PFE,2025-10-06,2025-10-07,2025-10-08,-0.03434413158116112,0.025674287003960978,1.3376858946798629,1.0041616195842273,0.06755535929043588,0.06949497894116896,0.08996680199503637,-0.028665855471483037,0.10817620311125875,0.09941777268121554,2.0,0.003586271966467658,0.037440491569103784,0.730955751880806,24.688537690350756,24.19476693654374,-0.020000000000000018,-40.00000000000004,1,1,SL,SL
AAPL,2025-10-10,2025-10-13,2025-10-20,-0.034522098610332286,0.018108334189929024,1.90642044973589,1.1254517529074743,-0.023328688588799773,0.03493827817532735,0.10539401874566878,-0.043707127285308234,-0.04941473336719027,-0.039888826339716354,4.0,-0.027027862178845674,0.004544377044605197,2.0356119016361687,248.46219085423505,258.4006784884045,0.040000000000000036,80.00000000000007,5,5,TP,TP
AMD,2025-10-10,2025-10-13,2025-10-13,-0.07724679265022871,0.06076580378176565,1.271221441053473,1.7156484899012268,0.22153629689468457,0.2602966920173606,0.6473169711636879,0.016027608518229597,0.3050342884925823,0.3476733026990142,2.0,-0.027027862178845674,0.004544377044605197,2.0356119016361687,220.1999969482422,215.79599700927733,-0.020000000000000018,-40.00000000000003,0,0,SL,SL
AVGO,2025-10-10,2025-10-13,2025-10-13,-0.05909793188592327,0.03514551308139901,1.681521386501005,1.2488715665849073,-0.045207051220836125,0.007909373935684583,0.305192401473402,-0.03501671676374396,-0.040606327800218334,-0.029593726693202926,3.0,-0.027027862178845674,0.004544377044605197,2.0356119016361687,350.8040064602497,343.7879263310447,-0.02000000000000013,-40.000000000000256,0,0,SL,SL
BLK,2025-10-10,2025-10-13,2025-10-14,-0.030040367480929753,0.022077160933584923,1.3606988494263674,1.1170614427191377,-0.013600473187721951,0.0007391372592271406,0.11642881615616996,-0.029042332252909087,-0.024407838285794736,-0.020831022743922567,3.0,-0.027027862178845674,0.004544377044605197,2.0356119016361687,1129.3741244002722,1174.549089376283,0.040000000000000036,80.00000000000007,1,1,TP,TP
GOOGL,2025-10-10,2025-10-13,2025-10-15,-0.020535638722347094,0.023414982908762323,0.8770298403533011,1.03829223437655,-0.04313894180468458,0.04794546726841453,0.26211665570577636,-0.03739409972518881,-0.03578558360962669,-0.0404395643647687,4.0,-0.027027862178845674,0.004544377044605197,2.0356119016361687,239.74092459803205,249.33056158195333,0.040000000000000036,80.00000000000007,2,2,TP,TP
GS,2025-10-10,2025-10-13,2025-10-14,-0.020001077210026086,0.024640582851829157,0.8117128288035336,1.4187913806937238,-0.03489897419284749,0.007778779329240315,0.1927133549739144,-0.03202684915195553,-0.03243116980314531,-0.04753826880581846,3.0,-0.027027862178845674,0.004544377044605197,2.0356119016361687,762.8754690539175,747.6179596728392,-0.019999999999999907,-39.99999999999981,1,1,SL,SL
NVDA,2025-10-10,2025-10-13,2025-10-14,-0.04886532988389891,0.032028983825234385,1.5256597009300004,1.479828098952228,0.006838355834793308,0.02241660982018301,0.2680928091987973,-0.010159904763587524,-0.023771353579636,0.02789157321217517,3.0,-0.027027862178845674,0.004544377044605197,2.0356119016361687,187.73056363822363,183.97595236545916,-0.019999999999999907,-39.999999999999815,1,1,SL,SL
TSLA,2025-10-10,2025-10-13,2025-10-15,-0.05062684914805626,0.05076129204083982,0.9973514682668954,1.1254129653294838,-0.04443542691949176,0.10163352307778895,0.2348200527388553,-0.04525619679338888,-0.03801502186526362,-0.06110355139658463,3.0,-0.027027862178845674,0.004544377044605197,2.0356119016361687,423.5299987792969,440.47119873046876,0.040000000000000036,80.00000000000009,2,2,TP,TP
UNH,2025-10-10,2025-10-13,2025-10-20,-0.035872686105760776,0.026066908977577026,1.3761772113685884,1.3592737108030606,0.013078501795632969,0.12300272859549932,-0.09915914298153838,-0.025188439575607457,-0.015824590088965862,0.030283606206513047,3.0,-0.027027862178845674,0.004544377044605197,2.0356119016361687,347.6668450586018,357.2126770019531,0.02745683713884861,54.913674277697226,5,5,TIME,TIME
GS,2025-10-14,2025-10-15,2025-10-15,-0.02036148358992207,0.026962235986026387,0.7551852747107004,2.3971646002478177,-0.02591117743616478,0.01275622878607141,0.19875826963864163,-0.01179560937172719,-0.02392207232729504,-0.032134086636890546,3.0,-0.0012216462876413203,0.016340640929152217,1.103034003245007,763.6012970748222,748.3292711333257,-0.02000000000000013,-40.000000000000256,0,0,SL,SL
NVDA,2025-10-14,2025-10-15,2025-10-15,-0.04402094463751838,0.03408957347639889,1.2913316345244166,1.1104247351095615,-0.01462500588398552,0.003303566254772461,0.24261456009166626,-0.06511928729743244,-0.027075299880260917,-0.0351056666522821,2.0,-0.0012216462876413203,0.016340640929152217,1.103034003245007,184.56460739230218,180.87331524445614,-0.020000000000000018,-40.000000000000036,0,0,SL,SL
BAC,2025-10-16,2025-10-17,2025-10-24,-0.03519513925564288,0.025376688067770107,1.3869082979485723,1.4494710867507605,-0.009105489728470362,0.013067441592684581,0.11927541570938027,0.03233720094648018,0.013054789430329006,-0.0007924472406365402,2.0,-0.006810134562330372,0.011771827894003106,1.3738077624904392,50.14114888620818,51.73542785644531,0.03179582051171659,63.591641023433176,5,5,TIME,TIME
BLK,2025-10-16,2025-10-17,2025-10-21,-0.025968987890339634,0.0282095734069885,0.9205735767668931,1.8415354475688255,0.010669568811416452,0.029634349181898667,0.15150499852247123,0.01405904623306653,0.003366294300951589,0.009323225014135295,2.0,-0.006810134562330372,0.011771827894003106,1.3738077624904392,1150.4732751571794,1127.4638096540357,-0.02000000000000013,-40.000000000000256,2,2,SL,SL
LLY,2025-10-17,2025-10-20,2025-10-27,-0.020198141250787782,0.03261498587928666,0.619290203759228,1.0900636714318752,0.005968816390395704,0.06914085727407482,0.023852072141742786,-0.011719076945200912,-0.03678514463370963,-0.04410206704031949,4.0,0.005676205164253156,0.016459775957486267,1.200152175389225,800.5510267310221,821.2305297851562,0.02583158644936967,51.66317289873934,5,5,TIME,TIME
ORCL,2025-10-17,2025-10-20,2025-10-20,-0.06929713340683574,0.04917945488313035,1.4090667245400113,1.4350828260761026,-0.015157007993987559,0.07216584744932542,0.4592552347417791,-0.02571920620212298,-0.005632202682308796,0.01983469630194379,2.0,0.005676205164253156,0.016459775957486267,1.200152175389225,286.1895264812807,280.4657359516551,-0.019999999999999907,-39.999999999999815,0,0,SL,SL
ORCL,2025-10-20,2025-10-21,2025-10-21,-0.0485050852233424,0.05372594056817877,0.9028243100144325,1.278861965757165,-0.05487469431688474,0.018094717018928952,0.3845836200030033,-0.08708264169183333,-0.10009423345287582,-0.04776914083567041,3.0,0.010400500262923273,0.025905106356013397,0.7565525852659003,275.453075630662,269.94401411804876,-0.020000000000000018,-40.000000000000036,0,0,SL,SL
GOOGL,2025-10-21,2025-10-22,2025-10-27,-0.023738071519987414,0.025028229902208897,0.9484518726549008,1.6651957679648646,0.015267945519799264,0.07336172119382489,0.3218443553922963,-0.003976774344017331,0.020411540812679485,0.01912436798877737,1.0,-1.494287878323064e-05,0.02472690468652816,0.714851387379643,253.87326076642051,264.0281911970773,0.040000000000000036,80.00000000000007,3,3,TP,TP
CAT,2025-10-22,2025-10-23,2025-10-29,-0.02047074700464846,0.029708942076500194,0.6890432837337834,1.3551206511372693,0.02749320837009117,0.12045216657213587,0.3475812460583121,-0.022185653583472797,-0.03494712467920502,0.02642094817327023,3.0,-0.005198916065879078,0.018563339012751756,1.0158065700735874,515.1817592483561,535.7890296182903,0.040000000000000036,80.00000000000007,4,4,TP,TP
GE,2025-10-22,2025-10-23,2025-10-27,-0.02850346469747178,0.02590121415442619,1.1004682841325761,1.440092834348709,-0.003960187846796304,0.03685936872632989,0.2607970240050217,-0.0074965926666572535,-0.007430436565836418,-0.015435016041015603,2.0,-0.005198916065879078,0.018563339012751756,1.0158065700735874,298.00214543445765,309.92223125183597,0.040000000000000036,80.00000000000007,2,2,TP,TP
HON,2025-10-24,2025-10-27,2025-10-28,-0.02052832316032438,0.023880014298369952,0.8596445087441025,1.7454141725072996,0.03871771213068498,0.019598602332510096,0.0069739202708776205,0.03376710151885853,0.06493904909689374,0.0758052096805264,2.0,0.008172554694480416,0.031003908067573915,0.9488076565593564,212.27704132861285,208.0315005020406,-0.020000000000000018,-40.000000000000036,1,1,SL,SL
TSLA,2025-10-24,2025-10-27,2025-10-27,-0.03398817183887881,0.04346121809227463,0.7820344972089109,1.0665598693391594,-0.01059957046289195,0.08975367679054846,0.2916656167875953,-0.020063273294975148,-0.012724491518418146,0.04892503195751208,3.0,0.008172554694480416,0.031003908067573915,0.9488076565593564,439.9800109863281,457.57921142578124,0.040000000000000036,80.00000000000006,0,0,TP,TP
NEE,2025-10-28,2025-10-29,2025-10-29,-0.028594812534565417,0.023521771910198743,1.2156742546324526,1.3314354632217122,0.002940205614891722,0.08537542891954186,0.16846296383058967,0.003843814297695758,-0.005000656001441284,-0.012641861614966499,2.0,0.002656016019079832,0.04310770868355762,0.8056343420623295,80.97293155001661,79.35347291901628,-0.019999999999999907,-39.999999999999815,0,0,SL,SL
KO,2025-10-29,2025-10-30,2025-11-06,-0.0257983005838206,0.01655347194362065,1.5584827564686636,1.2618013327288806,0.00420185843139631,0.010417299410956149,0.00012779583573596653,-0.019509507532893156,-0.03474089357507548,0.018932569304882296,3.0,0.0004803706386860007,0.04204732797679389,1.1082775714728028,67.0753260451263,67.6730728149414,0.008911574569357317,17.823149138714633,5,5,TIME,TIME
NEE,2025-10-29,2025-10-30,2025-11-06,-0.02165832698062109,0.02523937061131468,0.8581167618701147,1.129151915711127,-0.02059779910939319,0.06026044303007705,0.14184799948079974,-0.03139443090515692,-0.013037161257925978,-0.04697510231658375,2.0,0.0004803706386860007,0.04204732797679389,1.1082775714728028,79.53427051022446,79.70924377441406,0.0021999732073623157,4.399946414724631,5,5,TIME,TIME
PEP,2025-10-29,2025-10-30,2025-11-03,-0.026378815826829105,0.020657404171558733,1.2769666318068973,1.0788235939536657,-0.01516067481478256,0.0036774154230363454,0.04073615679686671,-0.035565822686270177,-0.04489315955261031,-0.03307745005485141,3.0,0.0004803706386860007,0.04204732797679389,1.1082775714728028,142.1437207931667,139.30084637730334,-0.02000000000000013,-40.000000000000256,2,2,SL,SL
UNH,2025-10-29,2025-10-30,2025-10-31,-0.03419963514926294,0.02739643247379101,1.2483244007036414,1.3893256770606652,-0.01655945630973854,0.04142221401104518,-0.0753048275275865,-0.019972328443695342,-0.017234036688396737,-0.016308907190959454,2.0,0.0004803706386860007,0.04204732797679389,1.1082775714728028,340.5908266262187,333.7790100936943,-0.02000000000000013,-40.000000000000256,1,1,SL,SL
AVGO,2025-10-30,2025-10-31,2025-10-31,-0.024638579257182824,0.037185643793497404,0.6625831031461484,1.1487215518211469,0.07422444862760047,0.11578646005881144,0.4622640674478844,0.03982881514526038,0.0934677372127184,0.06302424742077939,1.0,-0.010998187142508109,0.029229762910530255,0.9754067442469047,376.1619333582533,368.63869469108823,-0.020000000000000018,-40.00000000000004,0,0,SL,SL
MSFT,2025-10-30,2025-10-31,2025-10-31,-0.02915713910891493,0.01760311025881021,1.6563629199744416,2.1005956699866406,0.007742598157930436,0.02376764350781002,0.143621702416739,-0.010836993113288451,0.009989296928547109,0.02765776166884648,2.0,-0.010998187142508109,0.029229762910530255,0.9754067442469047,524.5640198650095,514.0727394677093,-0.020000000000000018,-40.000000000000036,0,0,SL,SL
NVDA,2025-10-30,2025-10-31,2025-10-31,-0.020044438573744605,0.03059012703385601,0.6552584286936818,1.0103722160689348,0.08173387177952929,0.1186756834109357,0.3720794559654932,0.059533156851679925,0.11380107627123115,0.1159452040151856,1.0,-0.010998187142508109,0.029229762910530255,0.9754067442469047,206.18701808603035,202.06327772430973,-0.020000000000000018,-40.000000000000036,0,0,SL,SL
UNH,2025-10-30,2025-10-31,2025-10-31,-0.029583975805869134,0.027148038831093388,1.0897279169936136,1.31650390484546,-0.04446720127428272,0.007848048155539633,-0.10044260766280855,-0.05800856541251842,-0.0435566746025281,-0.033420202964311585,2.0,-0.010998187142508109,0.029229762910530255,0.9754067442469047,337.52322317661793,330.7727587130856,-0.020000000000000018,-40.000000000000036,0,0,SL,SL
UPS,2025-10-30,2025-10-31,2025-11-04,-0.02402473018351048,0.02688526986996653,0.8936019723703219,1.2389592771589637,0.08547570915675329,0.10402136477579282,-0.026149409868153506,0.06545609597421853,0.09226695734677914,0.1099953090871082,1.0,-0.010998187142508109,0.029229762910530255,0.9754067442469047,89.06942223164842,87.28803378701545,-0.020000000000000018,-40.000000000000036,2,2,SL,SL
AVGO,2025-11-04,2025-11-05,2025-11-07,-0.029264932834663693,0.03520486282989232,0.8312752978493343,1.1068013223163318,-0.0062402932615565065,0.030392657044537197,0.35660093375931545,-0.0651579496619542,-0.0563852567007741,0.027082203199098265,4.0,-0.01185354736001909,0.018499052564093788,0.9858967871269614,348.93452000871264,341.95582960853835,-0.02000000000000013,-40.000000000000256,2,2,SL,SL
CAT,2025-11-04,2025-11-05,2025-11-06,-0.040326672023380694,0.030998059374241816,1.3009418278903806,1.0425858140211384,0.028816524876668526,0.13471005113444767,0.40468503659530985,-0.06099619030489567,0.04406371169469936,0.04370553352166029,4.0,-0.01185354736001909,0.018499052564093788,0.9858967871269614,548.5876236673902,570.5311286140858,0.040000000000000036,80.00000000000007,1,1,TP,TP
NVDA,2025-11-04,2025-11-05,2025-11-05,-0.03958815778988811,0.031434466293895014,1.2593869868748704,1.0339872009402467,0.04544520475195535,0.08649501939942628,0.3346221809464327,-0.020700903381426383,-0.011640136766287057,0.09676532197927745,3.0,-0.01185354736001909,0.018499052564093788,0.9858967871269614,198.51681234435117,194.54647609746414,-0.020000000000000018,-40.000000000000036,0,0,SL,SL
TSLA,2025-11-04,2025-11-05,2025-11-05,-0.05147636612701911,0.042915668360284175,1.1994772094626713,1.0646801895752536,0.003802749209186551,0.07009193500479172,0.3166657527156722,0.009452405372452732,-0.03537070558921951,0.0037505730664655346,2.0,-0.01185354736001909,0.018499052564093788,0.9858967871269614,452.04998779296875,443.00898803710936,-0.020000000000000018,-40.00000000000003,0,0,SL,SL
BAC,2025-11-05,2025-11-06,2025-11-13,-0.020358627679888497,0.019338139306719057,1.0527707633595789,1.4547377684328628,0.013644106482187501,0.0245599156433145,0.1500418966918844,-0.018709049342831463,-0.002472444678515817,0.026418773777965976,2.0,0.003465476340313245,0.02097516815292555,0.927318694010967,52.57192991371738,52.030662536621094,-0.010295748662539794,-20.591497325079587,5,5,TIME,TIME
AMD,2025-11-06,2025-11-07,2025-11-07,-0.0726797120896786,0.049395981116076765,1.4713689342233502,1.0748216792761478,-0.01960784992433906,0.20022619614264436,0.6739047432589753,-0.08453686679843742,-0.06725788587330939,0.011532369001782783,2.0,-0.010729453719183435,0.009246071844459358,1.0477414680711663,230.94000244140625,226.32120239257813,-0.020000000000000018,-40.00000000000004,0,0,SL,SL
NVDA,2025-11-06,2025-11-07,2025-11-07,-0.03652480823530613,0.037632158637195705,0.9705743586870653,1.1941400827749757,-0.010800302107319082,0.026238425049425418,0.2593165338532075,-0.09087391107936837,-0.07299523135453301,0.032498909025884926,4.0,-0.010729453719183435,0.009246071844459358,1.0477414680711663,184.66447901682176,180.97118943648533,-0.019999999999999907,-39.999999999999815,0,0,SL,SL
TSLA,2025-11-06,2025-11-07,2025-11-07,-0.03497306340156037,0.04629377935716012,0.755459240684163,1.2872806252716258,0.0037038818840595678,0.06347611243883677,0.32020990164997865,-0.0479535232598719,0.013201539372910576,-0.006837737202318839,2.0,-0.010729453719183435,0.009246071844459358,1.0477414680711663,437.9200134277344,429.1616131591797,-0.020000000000000018,-40.00000000000004,0,0,SL,SL
GOOGL,2025-11-07,2025-11-10,2025-11-13,-0.020790194478004564,0.030425605865975855,0.683312423410233,1.0288468367068642,0.0521449799510727,0.10997811823053816,0.4327663679638052,0.004647959587826822,-0.008392851705734228,0.07275305111143249,2.0,0.000984565078659072,0.009514894987791234,1.2860342935574594,283.8645774088431,278.18728586066624,-0.020000000000000018,-40.000000000000036,3,3,SL,SL
TSLA,2025-11-07,2025-11-10,2025-11-12,-0.03675632866235745,0.05031198394236016,0.7305680631570259,1.2212385495054745,-0.034929676362039364,0.02032087577069608,0.2713612468661648,-0.033178815171163833,-0.05922553156105537,-0.009683694999562675,3.0,0.000984565078659072,0.009514894987791234,1.2860342935574594,439.6000061035156,430.8080059814453,-0.020000000000000018,-40.000000000000036,2,2,SL,SL
UPS,2025-11-10,2025-11-11,2025-11-18,-0.030119759109038968,0.032383081398135075,0.9301078775898562,1.1480199624998237,0.02612735721024162,0.06923488810373724,-0.035984555016393416,0.0016143805886486007,-0.010946971870370414,0.043039712134208985,3.0,0.01560437034633999,0.0240913819566273,0.9719313648417657,88.02783389297394,88.62252807617188,0.006755751640111551,13.511503280223105,5,5,TIME,TIME
AMD,2025-11-11,2025-11-12,2025-11-12,-0.026477545570138594,0.05212491968702303,0.5079632876006218,1.0828094067752028,-0.033432265900303904,0.17307616917805113,0.6520366839272387,-0.0007572262435512345,-0.05010997251099125,-0.07941554481462587,3.0,0.002289177027853917,0.025064658057018185,0.7702110772697951,253.1300048828125,263.255205078125,0.040000000000000036,80.00000000000007,0,0,TP,TP
AMD,2025-11-13,2025-11-14,2025-11-14,-0.04221873118363728,0.05390557500588406,0.7831978636537853,1.121348260363028,0.002182552015637551,0.2029022122844324,0.7082935669267296,0.016312857840905748,0.04316369329974812,-0.026997291331386286,3.0,-0.016593996414786205,0.006617350178298231,1.3754559385735383,240.11000061035156,235.30780059814452,-0.020000000000000018,-40.000000000000036,0,0,SL,SL
BAC,2025-11-13,2025-11-14,2025-11-17,-0.02291634505002893,0.01903590652951318,1.2038483701577087,1.0475319558752358,0.0019994182765152857,0.02496196454896471,0.15342840612728303,-0.010295820814361867,-0.007881433928826453,-0.0030170745837854174,2.0,-0.016593996414786205,0.006617350178298231,1.3754559385735383,52.02082284809795,50.98040639113599,-0.019999999999999907,-39.999999999999815,1,1,SL,SL
CAT,2025-11-13,2025-11-14,2025-11-21,-0.03397808909912914,0.03790985091513725,0.8962865397490082,1.2184806599178801,0.004488339708892175,0.10114264812725948,0.3982927665897522,-0.030305833724809994,-0.028484869713291117,-0.05075893785136065,3.0,-0.016593996414786205,0.006617350178298231,1.3754559385735383,545.6257647642421,534.7132494689573,-0.020000000000000018,-40.000000000000036,5,5,SL,SL
GS,2025-11-13,2025-11-14,2025-11-14,-0.03989408736027267,0.02646536401965339,1.5074074677622797,1.3114535524730135,0.02661551130669726,0.027574188284034795,0.2129441721823695,0.010411427995065559,0.022753161188553417,0.019413816675405426,2.0,-0.016593996414786205,0.006617350178298231,1.3754559385735383,780.204688586814,764.6005948150777,-0.020000000000000018,-40.000000000000036,0,0,SL,SL
JPM,2025-11-13,2025-11-14,2025-11-14,-0.03411238236068603,0.019992047588351863,1.7062975770706559,1.2251794425776925,0.007751718055123424,0.009015602303015235,0.12586247134744122,-0.02338338575329546,-0.012570863370060303,0.0001294289662026049,2.0,-0.016593996414786205,0.006617350178298231,1.3754559385735383,303.20448907001065,297.1403992886104,-0.02000000000000013,-40.000000000000256,0,0,SL,SL
MS,2025-11-13,2025-11-14,2025-11-14,-0.02536502350181946,0.02240934476055852,1.1318949203040989,1.195245626910835,0.015524052231470353,0.0432138079275628,0.21553821953673746,0.0033928070685860234,0.01340098046324667,0.008218668962582276,2.0,-0.016593996414786205,0.006617350178298231,1.3754559385735383,161.53765440578357,158.3069013176679,-0.020000000000000018,-40.000000000000036,0,0,SL,SL
NEE,2025-11-13,2025-11-14,2025-11-21,-0.022121346477965154,0.023191521242469544,0.95385491303845,1.2838853139100836,0.005783912877305397,0.059890938081025746,0.1602466359982031,-0.00920136111259251,0.024268232569046644,0.028784875514599406,1.0,-0.016593996414786205,0.006617350178298231,1.3754559385735383,81.17706136599108,81.6973876953125,0.006409770451969221,12.819540903938442,5,5,TIME,TIME
NVDA,2025-11-13,2025-11-14,2025-11-14,-0.03581023089314139,0.04627606705104499,0.7738391176078292,1.1163744583240156,-0.02943490538357696,0.009266044677787244,0.23869806213081368,-0.06124102676284171,-0.00648667661496749,-0.07900841150926885,2.0,-0.016593996414786205,0.006617350178298231,1.3754559385735383,182.62707860640327,189.93216175065942,0.040000000000000036,80.00000000000009,0,0,TP,TP
PFE,2025-11-14,2025-11-17,2025-11-20,-0.028305603077742214,0.026321277704208453,1.075388641684993,1.0222863110541547,0.02349009686315351,0.026315523450201272,0.05373269934302405,-0.017640233927251336,0.02578790515564333,0.03453417982068152,3.0,-0.0001635496688257021,0.005654983046505135,1.2872664540289656,23.877563470234623,23.40001220082993,-0.020000000000000018,-40.00000000000004,3,3,SL,SL
MS,2025-11-17,2025-11-18,2025-11-20,-0.026913248391256417,0.025718193670926943,1.0464672883181692,1.1382553323422557,-0.02362936152132744,0.0008514148795906173,0.1681120458908727,-0.061617449491671694,-0.03392929233697728,-0.025664595976598426,3.0,-0.009316620573407763,-0.004269711760414352,1.1788495933666716,156.06783274030857,162.31054604992093,0.040000000000000036,80.00000000000007,2,2,TP,TP
ABBV,2025-11-24,2025-11-25,2025-11-28,-0.02865251246265832,0.027219485401749552,1.0526471033437192,1.5849587094534272,0.015638796814818834,0.014208299744866482,0.14294911811793654,-0.014597991407265587,-0.01918809143635103,0.04938039544595396,4.0,0.014718606876234608,-0.0006961164107617268,0.9071629682890109,225.00024828604296,220.50024332032208,-0.02000000000000013,-40.00000000000026,2,2,SL,SL
AVGO,2025-12-01,2025-12-02,2025-12-02,-0.04188999031042506,0.046505904601275766,0.900745629389949,1.0336429624193078,0.07234166623376459,0.09703507519405452,0.42173671502584864,0.002727087740491241,0.13486179168934265,0.12737248359917097,1.0,-0.004565470301164498,0.014163143049592097,0.7092216416131115,386.1460022440912,378.4230821992094,-0.020000000000000018,-40.00000000000004,0,0,SL,SL
MCD,2025-12-01,2025-12-02,2025-12-09,-0.02061566826123895,0.016047212878522153,1.2846884014875437,1.0108571988276336,0.0016943446868347145,0.005738251411510298,0.00474215678648271,-0.01629364126926569,-0.012795730837038444,-0.005336098560459468,3.0,-0.004565470301164498,0.014163143049592097,0.7092216416131115,297.9593101826422,304.81494140625,0.023008615570379254,46.01723114075851,5,5,TIME,TIME
UPS,2025-12-04,2025-12-05,2025-12-10,-0.035128745401019956,0.023965442070413723,1.4658083626334508,1.4513611357450256,0.006647979036412011,0.059921184988394494,0.013149622654989646,-0.00483080353789489,-0.009511745754681389,0.02543020088335779,2.0,0.000731139787988333,0.018523952982792302,0.7299693613423314,90.69418119357117,94.32194844131402,0.040000000000000036,80.00000000000007,3,3,TP,TP
ADBE,2025-12-08,2025-12-09,2025-12-11,-0.020620384817959247,0.026842597923934577,0.7681963152893183,1.1600985121850063,0.03856488580924178,0.006548247854613276,-0.08119299765329646,0.037762397894569144,0.050394885259674504,0.046053217444543826,2.0,-0.0030042091058060105,0.015897612451886145,0.6708011167569717,341.3999938964844,334.5719940185547,-0.020000000000000018,-40.000000000000036,2,2,SL,SL
MRK,2025-12-09,2025-12-10,2025-12-17,-0.02062066958283737,0.03062382682031112,0.6733537811532032,1.0067995245433623,-0.0125356835925724,0.06371531588042556,0.15393670997253062,-0.03964717857856459,-0.04097790259628209,-0.03496015768957528,4.0,-0.0008631180942337835,0.014437075094790641,0.7158128006038793,95.81525746064209,97.74787902832031,0.020170290399439628,40.34058079887926,5,5,TIME,TIME
CAT,2025-12-12,2025-12-15,2025-12-15,-0.04430856865548927,0.027335417335356563,1.6209216092040069,1.8077889893413415,0.03509414551801582,0.08155436056661958,0.4285674004346345,0.005939344421845405,-0.008753640817595665,0.03843618720053721,3.0,-0.010752075575282682,0.01089507494599773,1.3395862978773425,598.8703742952125,586.8929668093083,-0.019999999999999907,-39.999999999999815,0,0,SL,SL
GS,2025-12-12,2025-12-15,2025-12-17,-0.02532300036693691,0.02287898074936926,1.106823797980381,1.2695829855680323,0.07925393005645187,0.11517975242292833,0.30553022494224624,0.01298227131534091,0.03908445736056887,0.08028932887860396,1.0,-0.010752075575282682,0.01089507494599773,1.3395862978773425,879.1311248961666,861.5485023982433,-0.020000000000000018,-40.00000000000004,2,2,SL,SL
CRM,2025-12-15,2025-12-16,2025-12-19,-0.029172841387934745,0.028360443181120885,1.0286454693823213,1.112587200123912,0.050091570190317514,0.034688780040001754,-0.011804368921292996,-0.03641182678814214,-0.019072897604274996,0.09341585433189392,3.0,-0.0015108085502177904,0.009023094116468844,1.078870621064322,252.3068168853155,258.59417724609375,0.02491950252630759,49.83900505261518,3,3,FINAL,FINAL
COP,2025-12-16,2025-12-17,2025-12-19,-0.03804580420640824,0.02571646434375824,1.479433708220567,1.2979214118927902,-0.00314095553540783,0.01809211884518369,-0.0010379945255243328,-0.06142077385679223,-0.02847052667202754,0.016575144827950083,4.0,-0.002732285145230273,0.006049627229135934,1.4230806974215637,89.94726295199213,89.95704650878906,0.00010876992223929349,0.21753984447858699,2,2,FINAL,FINAL
JNJ,2025-12-16,2025-12-17,2025-12-19,-0.022738941019252,0.01802264291226812,1.2616873745955133,1.0379685035427255,0.01999219695185772,0.06898032558138456,0.23324296973914493,-0.0033807921923884043,0.046709284914107974,0.018888095052281173,1.0,-0.002732285145230273,0.006049627229135934,1.4230806974215637,206.0753812226996,203.10321044921875,-0.014422735776812301,-28.845471553624606,2,2,FINAL,FINAL
PFE,2025-12-16,2025-12-17,2025-12-19,-0.03405216420692925,0.022970191475285895,1.4824501677997188,2.149092207658773,0.0004507293570663595,0.02479521340285129,0.06966377362170784,-0.010464970011790697,0.007895852539379078,0.015109508104573566,1.0,-0.002732285145230273,0.006049627229135934,1.4230806974215637,24.153330260892364,23.953638076782227,-0.00826768739354622,-16.535374787092437,2,2,FINAL,FINAL
CAT,2025-12-17,2025-12-18,2025-12-19,-0.04591382465611793,0.03142835749902417,1.460904365032233,1.387569802713179,-0.03455324227174339,0.006783923931455771,0.33064191040613733,-0.06021179228481521,-0.08687741993814979,-0.05004303314642378,4.0,-0.011003593983400228,-0.005087768148525629,1.2929714258798823,565.0470153417933,572.7201538085938,0.013579646044425076,27.15929208885015,1,1,FINAL,FINAL
NKE,2025-12-17,2025-12-18,2025-12-19,-0.021305111868798354,0.025460336167203272,0.836796173030996,1.0235905234841376,0.014815415756521899,0.010734013639395856,-0.01394398931601204,-0.026382148532342886,-0.0015200670755411982,0.0006091803006096352,3.0,-0.011003593983400228,-0.005087768148525629,1.2929714258798823,64.31097407870494,63.024754597130844,-0.020000000000000018,-40.000000000000036,1,1,SL,SL
TSLA,2025-12-17,2025-12-18,2025-12-19,-0.04617456293730249,0.034340014117792125,1.344628536811774,1.354684750433761,0.06505411540986006,0.06702828495349178,0.33887441973168353,0.018084404882945604,0.03502048317886275,0.04593280203208239,2.0,-0.011003593983400228,-0.005087768148525629,1.2929714258798823,478.1600036621094,481.20001220703125,0.006357722355778916,12.715444711557835,1,1,FINAL,FINAL
COP,2025-12-18,2025-12-19,2025-12-19,-0.028748865796529022,0.027942536705291236,1.0288566889879078,1.014489547310536,0.0076203145433073605,0.034480056409573745,0.014345465736325336,-0.022573045010483628,-0.046323994388586476,-0.009557551468827308,4.0,0.00755126270975226,0.002325265454094838,1.2596201005504006,90.45604148760587,89.95704650878906,-0.005516436167341876,-11.032872334683752,0,0,FINAL,FINAL
