Date,Strategy,Cash,Open_Position_Value,Open_Positions,Equity,Peak,Drawdown,Daily_Return
2018-10-25,SCORE_3,10000.0,0.0,0,10000.0,10000.0,0.0,0.0
2018-10-26,SCORE_3,10000.0,0.0,0,10000.0,10000.0,0.0,0.0
2018-10-27,SCORE_3,10000.0,0.0,0,10000.0,10000.0,0.0,0.0
2018-10-28,SCORE_3,10000.0,0.0,0,10000.0,10000.0,0.0,0.0
2018-10-29,SCORE_3,6000.0,4116.301584544865,2,10116.301584544864,10116.301584544864,0.0,0.01163015845448645
2018-10-30,SCORE_3,8080.0,2036.3015845448654,1,10116.301584544864,10116.301584544864,0.0,0.0
2018-10-31,SCORE_3,8080.0,2036.3015845448654,1,10116.301584544864,10116.301584544864,0.0,0.0
2018-11-01,SCORE_3,4048.0,6108.621584544865,3,10156.621584544864,10156.621584544864,0.0,0.003985646301964518
2018-11-02,SCORE_3,6023.68,4132.941584544866,2,10156.621584544866,10156.621584544866,0.0,2.220446049250313e-16
2018-11-03,SCORE_3,6023.68,4132.941584544866,2,10156.621584544866,10156.621584544866,0.0,0.0
2018-11-04,SCORE_3,6023.68,4132.941584544866,2,10156.621584544866,10156.621584544866,0.0,0.0
2018-11-05,SCORE_3,8059.981584544866,2096.64,1,10156.621584544866,10156.621584544866,0.0,0.0
2018-11-06,SCORE_3,8059.981584544866,2096.64,1,10156.621584544866,10156.621584544866,0.0,0.0
2018-11-07,SCORE_3,10156.621584544866,0.0,0,10156.621584544866,10156.621584544866,0.0,0.0
2018-11-08,SCORE_3,10156.621584544866,0.0,0,10156.621584544866,10156.621584544866,0.0,0.0
2018-11-09,SCORE_3,10156.621584544866,0.0,0,10156.621584544866,10156.621584544866,0.0,0.0
2018-11-10,SCORE_3,10156.621584544866,0.0,0,10156.621584544866,10156.621584544866,0.0,0.0
2018-11-11,SCORE_3,10156.621584544866,0.0,0,10156.621584544866,10156.621584544866,0.0,0.0
2018-11-12,SCORE_3,10156.621584544866,0.0,0,10156.621584544866,10156.621584544866,0.0,0.0
2018-11-13,SCORE_3,10156.621584544866,0.0,0,10156.621584544866,10156.621584544866,0.0,0.0
2018-11-14,SCORE_3,10156.621584544866,0.0,0,10156.621584544866,10156.621584544866,0.0,0.0
2018-11-15,SCORE_3,10156.621584544866,0.0,0,10156.621584544866,10156.621584544866,0.0,0.0
2018-11-16,SCORE_3,10156.621584544866,0.0,0,10156.621584544866,10156.621584544866,0.0,0.0
2018-11-17,SCORE_3,10156.621584544866,0.0,0,10156.621584544866,10156.621584544866,0.0,0.0
2018-11-18,SCORE_3,10156.621584544866,0.0,0,10156.621584544866,10156.621584544866,0.0,0.0
2018-11-19,SCORE_3,10156.621584544866,0.0,0,10156.621584544866,10156.621584544866,0.0,0.0
2018-11-20,SCORE_3,8125.297267635893,1990.6978305707935,1,10115.995098206688,10156.621584544866,-0.0039999999999998925,-0.0039999999999998925
2018-11-21,SCORE_3,4062.6486338179466,6086.083262443553,3,10148.731896261499,10156.621584544866,-0.0007768024256582517,0.0032361421429134563
2018-11-22,SCORE_3,4062.6486338179466,6086.083262443553,3,10148.731896261499,10156.621584544866,-0.0007768024256582517,0.0
2018-11-23,SCORE_3,2031.3243169089728,8198.660552028887,4,10229.98486893786,10229.98486893786,0.0,0.008006219250534352
2018-11-24,SCORE_3,2031.3243169089728,8198.660552028887,4,10229.98486893786,10229.98486893786,0.0,0.0
2018-11-25,SCORE_3,2031.3243169089728,8198.660552028887,4,10229.98486893786,10229.98486893786,0.0,0.0
2018-11-26,SCORE_3,2031.3243169089728,8198.660552028887,4,10229.98486893786,10229.98486893786,0.0,0.0
2018-11-27,SCORE_3,4022.0221474797663,6207.962721458093,3,10229.98486893786,10229.98486893786,0.0,0.0
2018-11-28,SCORE_3,4022.0221474797663,6207.962721458093,3,10229.98486893786,10229.98486893786,0.0,0.0
2018-11-29,SCORE_3,10229.98486893786,0.0,0,10229.98486893786,10229.98486893786,0.0,0.0
2018-11-30,SCORE_3,10229.98486893786,0.0,0,10229.98486893786,10229.98486893786,0.0,0.0
2018-12-01,SCORE_3,10229.98486893786,0.0,0,10229.98486893786,10229.98486893786,0.0,0.0
2018-12-02,SCORE_3,10229.98486893786,0.0,0,10229.98486893786,10229.98486893786,0.0,0.0
2018-12-03,SCORE_3,10229.98486893786,0.0,0,10229.98486893786,10229.98486893786,0.0,0.0
2018-12-04,SCORE_3,8183.987895150288,2005.0770343118202,1,10189.064929462107,10229.98486893786,-0.004000000000000115,-0.004000000000000115
2018-12-05,SCORE_3,8183.987895150288,2005.0770343118202,1,10189.064929462107,10229.98486893786,-0.004000000000000115,0.0
2018-12-06,SCORE_3,4075.6259717848425,6113.4389576772655,3,10189.064929462107,10229.98486893786,-0.004000000000000115,0.0
2018-12-07,SCORE_3,8069.73942413399,2119.3255053281187,1,10189.064929462109,10229.98486893786,-0.0039999999999998925,2.220446049250313e-16
2018-12-08,SCORE_3,8069.73942413399,2119.3255053281187,1,10189.064929462109,10229.98486893786,-0.0039999999999998925,0.0
2018-12-09,SCORE_3,8069.73942413399,2119.3255053281187,1,10189.064929462109,10229.98486893786,-0.0039999999999998925,0.0
2018-12-10,SCORE_3,4026.7184601234253,6081.486050058473,3,10108.204510181899,10229.98486893786,-0.011904255999999891,-0.007935999999999943
2018-12-11,SCORE_3,10108.204510181899,0.0,0,10108.204510181899,10229.98486893786,-0.011904255999999891,0.0
2018-12-12,SCORE_3,10108.204510181899,0.0,0,10108.204510181899,10229.98486893786,-0.011904255999999891,0.0
2018-12-13,SCORE_3,10108.204510181899,0.0,0,10108.204510181899,10229.98486893786,-0.011904255999999891,0.0
2018-12-14,SCORE_3,10108.204510181899,0.0,0,10108.204510181899,10229.98486893786,-0.011904255999999891,0.0
2018-12-15,SCORE_3,10108.204510181899,0.0,0,10108.204510181899,10229.98486893786,-0.011904255999999891,0.0
2018-12-16,SCORE_3,10108.204510181899,0.0,0,10108.204510181899,10229.98486893786,-0.011904255999999891,0.0
2018-12-17,SCORE_3,4043.281804072759,5943.624251986957,3,9986.906056059715,10229.98486893786,-0.02376140492799983,-0.01200000000000001
2018-12-18,SCORE_3,1997.381211211943,7829.734347950816,4,9827.11555916276,10229.98486893786,-0.039381222449151876,-0.016000000000000014
2018-12-19,SCORE_3,1965.423111832552,7821.904613602866,4,9787.327725435418,10229.98486893786,-0.04327055701191873,-0.004048780487804882
2018-12-20,SCORE_3,5864.439068515783,3883.579555520997,2,9748.01862403678,10229.98486893786,-0.047113094601392125,-0.004016326264060899
2018-12-21,SCORE_3,9748.01862403678,0.0,0,9748.01862403678,10229.98486893786,-0.047113094601392125,0.0
2018-12-22,SCORE_3,9748.01862403678,0.0,0,9748.01862403678,10229.98486893786,-0.047113094601392125,0.0
2018-12-23,SCORE_3,9748.01862403678,0.0,0,9748.01862403678,10229.98486893786,-0.047113094601392125,0.0
2018-12-24,SCORE_3,9748.01862403678,0.0,0,9748.01862403678,10229.98486893786,-0.047113094601392125,0.0
2018-12-25,SCORE_3,9748.01862403678,0.0,0,9748.01862403678,10229.98486893786,-0.047113094601392125,0.0
2018-12-26,SCORE_3,9748.01862403678,0.0,0,9748.01862403678,10229.98486893786,-0.047113094601392125,0.0
2018-12-27,SCORE_3,9748.01862403678,0.0,0,9748.01862403678,10229.98486893786,-0.047113094601392125,0.0
2018-12-28,SCORE_3,9748.01862403678,0.0,0,9748.01862403678,10229.98486893786,-0.047113094601392125,0.0
2018-12-29,SCORE_3,9748.01862403678,0.0,0,9748.01862403678,10229.98486893786,-0.047113094601392125,0.0
2018-12-30,SCORE_3,9748.01862403678,0.0,0,9748.01862403678,10229.98486893786,-0.047113094601392125,0.0
2018-12-31,SCORE_3,9748.01862403678,0.0,0,9748.01862403678,10229.98486893786,-0.047113094601392125,0.0
2019-01-01,SCORE_3,9748.01862403678,0.0,0,9748.01862403678,10229.98486893786,-0.047113094601392125,0.0
2019-01-02,SCORE_3,9748.01862403678,0.0,0,9748.01862403678,10229.98486893786,-0.047113094601392125,0.0
2019-01-03,SCORE_3,7798.414899229424,1910.6116503112091,1,9709.026549540633,10229.98486893786,-0.05092464222298654,-0.0040000000000000036
2019-01-04,SCORE_3,9709.026549540633,0.0,0,9709.026549540633,10229.98486893786,-0.05092464222298654,0.0
2019-01-05,SCORE_3,9709.026549540633,0.0,0,9709.026549540633,10229.98486893786,-0.05092464222298654,0.0
2019-01-06,SCORE_3,9709.026549540633,0.0,0,9709.026549540633,10229.98486893786,-0.05092464222298654,0.0
2019-01-07,SCORE_3,9709.026549540633,0.0,0,9709.026549540633,10229.98486893786,-0.05092464222298654,0.0
2019-01-08,SCORE_3,9709.026549540633,0.0,0,9709.026549540633,10229.98486893786,-0.05092464222298654,0.0
2019-01-09,SCORE_3,9709.026549540633,0.0,0,9709.026549540633,10229.98486893786,-0.05092464222298654,0.0
2019-01-10,SCORE_3,5825.4159297243805,3805.938407419928,2,9631.354337144308,10229.98486893786,-0.05851724508520262,-0.007999999999999896
2019-01-11,SCORE_3,5794.34704476585,3914.3688159251983,2,9708.715860691049,10229.98486893786,-0.05095501263443536,0.00803225806451624
2019-01-12,SCORE_3,7805.746656981084,1902.9692037099642,1,9708.715860691049,10229.98486893786,-0.05095501263443536,0.0
2019-01-13,SCORE_3,7805.746656981084,1902.9692037099642,1,9708.715860691049,10229.98486893786,-0.05095501263443536,0.0
2019-01-14,SCORE_3,9708.715860691049,0.0,0,9708.715860691049,10229.98486893786,-0.05095501263443536,0.0
2019-01-15,SCORE_3,9708.715860691049,0.0,0,9708.715860691049,10229.98486893786,-0.05095501263443536,0.0
2019-01-16,SCORE_3,7766.972688552839,1902.9083086954456,1,9669.880997248285,10229.98486893786,-0.05475119258389749,-0.0040000000000000036
2019-01-17,SCORE_3,9669.880997248285,0.0,0,9669.880997248285,10229.98486893786,-0.05475119258389749,0.0
2019-01-18,SCORE_3,9669.880997248285,0.0,0,9669.880997248285,10229.98486893786,-0.05475119258389749,0.0
2019-01-19,SCORE_3,9669.880997248285,0.0,0,9669.880997248285,10229.98486893786,-0.05475119258389749,0.0
2019-01-20,SCORE_3,9669.880997248285,0.0,0,9669.880997248285,10229.98486893786,-0.05475119258389749,0.0
2019-01-21,SCORE_3,9669.880997248285,0.0,0,9669.880997248285,10229.98486893786,-0.05475119258389749,0.0
2019-01-22,SCORE_3,5801.928598348972,3829.6076705956266,2,9631.536268944597,10229.98486893786,-0.058499460914197554,-0.0039653774761653215
2019-01-23,SCORE_3,1918.5043898540598,7597.457461411426,4,9515.961851265485,10229.98486893786,-0.06979707466043483,-0.01199958287565861
2019-01-24,SCORE_3,5693.935367371702,3822.0264838937837,2,9515.961851265485,10229.98486893786,-0.06979707466043483,0.0
2019-01-25,SCORE_3,5693.935367371702,3822.0264838937837,2,9515.961851265485,10229.98486893786,-0.06979707466043483,0.0
2019-01-26,SCORE_3,5693.935367371702,3822.0264838937837,2,9515.961851265485,10229.98486893786,-0.06979707466043483,0.0
2019-01-27,SCORE_3,5693.935367371702,3822.0264838937837,2,9515.961851265485,10229.98486893786,-0.06979707466043483,0.0
2019-01-28,SCORE_3,7581.650856130524,1934.3109951349627,1,9515.961851265487,10229.98486893786,-0.06979707466043461,2.220446049250313e-16
2019-01-29,SCORE_3,9515.961851265485,0.0,0,9515.961851265485,10229.98486893786,-0.06979707466043483,-2.220446049250313e-16
2019-01-30,SCORE_3,9515.961851265485,0.0,0,9515.961851265485,10229.98486893786,-0.06979707466043483,0.0
2019-01-31,SCORE_3,9515.961851265485,0.0,0,9515.961851265485,10229.98486893786,-0.06979707466043483,0.0
2019-02-01,SCORE_3,5709.577110759292,3730.2570456960702,2,9439.834156455363,10229.98486893786,-0.0772386980631512,-0.007999999999999785
2019-02-02,SCORE_3,5709.577110759292,3730.2570456960702,2,9439.834156455363,10229.98486893786,-0.0772386980631512,0.0
2019-02-03,SCORE_3,5709.577110759292,3730.2570456960702,2,9439.834156455363,10229.98486893786,-0.0772386980631512,0.0
2019-02-04,SCORE_3,5709.577110759292,3730.2570456960702,2,9439.834156455363,10229.98486893786,-0.0772386980631512,0.0
2019-02-05,SCORE_3,5709.577110759292,3730.2570456960702,2,9439.834156455363,10229.98486893786,-0.0772386980631512,0.0
2019-02-06,SCORE_3,3806.3847405061947,5595.385568544105,3,9401.7703090503,10229.98486893786,-0.0809595097645095,-0.0040322580645162365
2019-02-07,SCORE_3,7521.41624724024,1909.7479286008895,1,9431.16417584113,10229.98486893786,-0.07808620475307393,0.0031264183047030603
2019-02-08,SCORE_3,3760.70812362012,5694.038264411826,3,9454.746388031946,10229.98486893786,-0.07578099976079467,0.002500456120912986
2019-02-09,SCORE_3,5603.455104193979,3851.291283837967,2,9454.746388031946,10229.98486893786,-0.07578099976079467,0.0
2019-02-10,SCORE_3,5603.455104193979,3851.291283837967,2,9454.746388031946,10229.98486893786,-0.07578099976079467,0.0
2019-02-11,SCORE_3,1857.7898130683388,7746.7831866086335,4,9604.572999676973,10229.98486893786,-0.06113517050840178,0.01584670867900595
2019-02-12,SCORE_3,1857.7898130683388,7746.7831866086335,4,9604.572999676973,10229.98486893786,-0.06113517050840178,0.0
2019-02-13,SCORE_3,3805.5357644536716,5799.037235223301,3,9604.572999676973,10229.98486893786,-0.06113517050840178,0.0
2019-02-14,SCORE_3,5715.283693054561,3889.289306622411,2,9604.572999676971,10229.98486893786,-0.061135170508402004,-2.220446049250313e-16
2019-02-15,SCORE_3,7656.827048291639,1947.7459513853332,1,9604.572999676971,10229.98486893786,-0.061135170508402004,0.0
2019-02-16,SCORE_3,7656.827048291639,1947.7459513853332,1,9604.572999676971,10229.98486893786,-0.061135170508402004,0.0
2019-02-17,SCORE_3,7656.827048291639,1947.7459513853332,1,9604.572999676971,10229.98486893786,-0.061135170508402004,0.0
2019-02-18,SCORE_3,7656.827048291639,1947.7459513853332,1,9604.572999676971,10229.98486893786,-0.061135170508402004,0.0
2019-02-19,SCORE_3,9604.572999676971,0.0,0,9604.572999676971,10229.98486893786,-0.061135170508402004,0.0
2019-02-20,SCORE_3,9604.572999676971,0.0,0,9604.572999676971,10229.98486893786,-0.061135170508402004,0.0
2019-02-21,SCORE_3,7683.658399741577,1882.4963079366864,1,9566.154707678264,10229.98486893786,-0.06489062982636828,-0.0039999999999998925
2019-02-22,SCORE_3,7683.658399741577,1882.4963079366864,1,9566.154707678264,10229.98486893786,-0.06489062982636828,0.0
2019-02-23,SCORE_3,7683.658399741577,1882.4963079366864,1,9566.154707678264,10229.98486893786,-0.06489062982636828,0.0
2019-02-24,SCORE_3,7683.658399741577,1882.4963079366864,1,9566.154707678264,10229.98486893786,-0.06489062982636828,0.0
2019-02-25,SCORE_3,7683.658399741577,1882.4963079366864,1,9566.154707678264,10229.98486893786,-0.06489062982636828,0.0
2019-02-26,SCORE_3,7683.658399741577,1882.4963079366864,1,9566.154707678264,10229.98486893786,-0.06489062982636828,0.0
2019-02-27,SCORE_3,7652.923766142611,1874.96632270494,1,9527.890088847551,10229.98486893786,-0.06863106730706281,-0.0040000000000000036
2019-02-28,SCORE_3,5739.692824606958,3776.8389554389423,2,9516.531780045902,10229.98486893786,-0.06974136306479539,-0.0011921116528142983
2019-03-01,SCORE_3,3826.4618830713052,5651.805278143882,3,9478.267161215186,10229.98486893786,-0.07348180054549014,-0.004020857568189706
2019-03-02,SCORE_3,5701.428205776245,3776.8389554389423,2,9478.267161215186,10229.98486893786,-0.07348180054549014,0.0
2019-03-03,SCORE_3,5701.428205776245,3776.8389554389423,2,9478.267161215186,10229.98486893786,-0.07348180054549014,0.0
2019-03-04,SCORE_3,5701.428205776245,3776.8389554389423,2,9478.267161215186,10229.98486893786,-0.07348180054549014,0.0
2019-03-05,SCORE_3,0.0,9415.328211436045,5,9415.328211436045,10229.98486893786,-0.0796341996531611,-0.00664034350463194
2019-03-06,SCORE_3,3727.4330495374197,5687.895161898625,3,9415.328211436045,10229.98486893786,-0.0796341996531611,0.0
2019-03-07,SCORE_3,7496.772139685543,1918.556071750502,1,9415.328211436045,10229.98486893786,-0.0796341996531611,0.0
2019-03-08,SCORE_3,3735.832076703522,5829.933737251805,3,9565.765813955328,10229.98486893786,-0.06492864490927597,0.015977945658501636
2019-03-09,SCORE_3,3735.832076703522,5829.933737251805,3,9565.765813955328,10229.98486893786,-0.06492864490927597,0.0
2019-03-10,SCORE_3,3735.832076703522,5829.933737251805,3,9565.765813955328,10229.98486893786,-0.06492864490927597,0.0
2019-03-11,SCORE_3,5691.520909454173,3874.2449045011535,2,9565.765813955328,10229.98486893786,-0.06492864490927597,0.0
2019-03-12,SCORE_3,5711.967578665538,3929.722611391354,2,9641.690190056892,10229.98486893786,-0.05750689628752581,0.007937093336614964
2019-03-13,SCORE_3,9641.690190056892,0.0,0,9641.690190056892,10229.98486893786,-0.05750689628752581,0.0
2019-03-14,SCORE_3,9641.690190056892,0.0,0,9641.690190056892,10229.98486893786,-0.05750689628752581,0.0
2019-03-15,SCORE_3,9641.690190056892,0.0,0,9641.690190056892,10229.98486893786,-0.05750689628752581,0.0
2019-03-16,SCORE_3,9641.690190056892,0.0,0,9641.690190056892,10229.98486893786,-0.05750689628752581,0.0
2019-03-17,SCORE_3,9641.690190056892,0.0,0,9641.690190056892,10229.98486893786,-0.05750689628752581,0.0
2019-03-18,SCORE_3,5785.014114034135,3856.8096065962864,2,9641.823720630422,10229.98486893786,-0.057493843426232205,1.3849291036871492e-05
2019-03-19,SCORE_3,5754.160705425953,3964.4880026388423,2,9718.648708064795,10229.98486893786,-0.04998405837585118,0.007967889650377202
2019-03-20,SCORE_3,5754.160705425953,3964.4880026388423,2,9718.648708064795,10229.98486893786,-0.04998405837585118,0.0
2019-03-21,SCORE_3,0.0,9603.565493956276,5,9603.565493956276,10229.98486893786,-0.06123365606176334,-0.01184148306677868
2019-03-22,SCORE_3,5639.077491317434,3964.4880026388423,2,9603.565493956276,10229.98486893786,-0.06123365606176334,0.0
2019-03-23,SCORE_3,5639.077491317434,3964.4880026388423,2,9603.565493956276,10229.98486893786,-0.06123365606176334,0.0
2019-03-24,SCORE_3,5639.077491317434,3964.4880026388423,2,9603.565493956276,10229.98486893786,-0.06123365606176334,0.0
2019-03-25,SCORE_3,0.0,9742.528911713329,5,9742.528911713329,10229.98486893786,-0.047649724165734875,0.014469981783797436
2019-03-26,SCORE_3,3864.6908125719992,5877.8380991413305,3,9742.528911713329,10229.98486893786,-0.047649724165734875,0.0
2019-03-27,SCORE_3,3864.6908125719992,5877.8380991413305,3,9742.528911713329,10229.98486893786,-0.047649724165734875,0.0
2019-03-28,SCORE_3,1951.5991061859615,7867.453473782809,4,9819.052579968771,10229.98486893786,-0.040169393624113314,0.007854600068308626
2019-03-29,SCORE_3,1951.5991061859615,7867.453473782809,4,9819.052579968771,10229.98486893786,-0.040169393624113314,0.0
2019-03-30,SCORE_3,1951.5991061859615,7867.453473782809,4,9819.052579968771,10229.98486893786,-0.040169393624113314,0.0
2019-03-31,SCORE_3,1951.5991061859615,7867.453473782809,4,9819.052579968771,10229.98486893786,-0.040169393624113314,0.0
2019-04-01,SCORE_3,9819.05257996877,0.0,0,9819.05257996877,10229.98486893786,-0.040169393624113536,-2.220446049250313e-16
2019-04-02,SCORE_3,7855.242063975015,2001.662318376923,1,9856.904382351939,10229.98486893786,-0.03646930971703932,0.0038549342795441977
2019-04-03,SCORE_3,7855.242063975015,2001.662318376923,1,9856.904382351939,10229.98486893786,-0.03646930971703932,0.0
2019-04-04,SCORE_3,7855.242063975015,2001.662318376923,1,9856.904382351939,10229.98486893786,-0.03646930971703932,0.0
2019-04-05,SCORE_3,5891.431547981261,3978.758960691578,2,9870.19050867284,10229.98486893786,-0.03517056622023873,0.0013479004975121
2019-04-06,SCORE_3,5891.431547981261,3978.758960691578,2,9870.19050867284,10229.98486893786,-0.03517056622023873,0.0
2019-04-07,SCORE_3,5891.431547981261,3978.758960691578,2,9870.19050867284,10229.98486893786,-0.03517056622023873,0.0
2019-04-08,SCORE_3,5891.431547981261,3978.758960691578,2,9870.19050867284,10229.98486893786,-0.03517056622023873,0.0
2019-04-09,SCORE_3,7893.093866358184,1977.0966423146551,1,9870.190508672838,10229.98486893786,-0.03517056622023895,-2.220446049250313e-16
2019-04-10,SCORE_3,7893.093866358184,1977.0966423146551,1,9870.190508672838,10229.98486893786,-0.03517056622023895,0.0
2019-04-11,SCORE_3,7893.093866358184,1977.0966423146551,1,9870.190508672838,10229.98486893786,-0.03517056622023895,0.0
2019-04-12,SCORE_3,9870.190508672838,0.0,0,9870.190508672838,10229.98486893786,-0.03517056622023895,0.0
2019-04-13,SCORE_3,9870.190508672838,0.0,0,9870.190508672838,10229.98486893786,-0.03517056622023895,0.0
2019-04-14,SCORE_3,9870.190508672838,0.0,0,9870.190508672838,10229.98486893786,-0.03517056622023895,0.0
2019-04-15,SCORE_3,9870.190508672838,0.0,0,9870.190508672838,10229.98486893786,-0.03517056622023895,0.0
2019-04-16,SCORE_3,7896.15240693827,2052.9996258039505,1,9949.15203274222,10229.98486893786,-0.027451930750000852,0.008000000000000007
2019-04-17,SCORE_3,9949.15203274222,0.0,0,9949.15203274222,10229.98486893786,-0.027451930750000852,0.0
2019-04-18,SCORE_3,9949.15203274222,0.0,0,9949.15203274222,10229.98486893786,-0.027451930750000852,0.0
2019-04-19,SCORE_3,9949.15203274222,0.0,0,9949.15203274222,10229.98486893786,-0.027451930750000852,0.0
2019-04-20,SCORE_3,9949.15203274222,0.0,0,9949.15203274222,10229.98486893786,-0.027451930750000852,0.0
2019-04-21,SCORE_3,9949.15203274222,0.0,0,9949.15203274222,10229.98486893786,-0.027451930750000852,0.0
2019-04-22,SCORE_3,7959.321626193776,1950.033798417475,1,9909.35542461125,10229.98486893786,-0.03134212302700101,-0.004000000000000115
2019-04-23,SCORE_3,7959.321626193776,1950.033798417475,1,9909.35542461125,10229.98486893786,-0.03134212302700101,0.0
2019-04-24,SCORE_3,7959.321626193776,1950.033798417475,1,9909.35542461125,10229.98486893786,-0.03134212302700101,0.0
2019-04-25,SCORE_3,5969.4912196453315,3900.0675968349506,2,9869.558816480283,10229.98486893786,-0.03523231530400084,-0.004016064257028051
2019-04-26,SCORE_3,5937.653933140557,3892.2674616412805,2,9829.921394781837,10229.98486893786,-0.03910694681189297,-0.00401612903225812
2019-04-27,SCORE_3,7879.887596364362,1950.033798417475,1,9829.921394781837,10229.98486893786,-0.03910694681189297,0.0
2019-04-28,SCORE_3,7879.887596364362,1950.033798417475,1,9829.921394781837,10229.98486893786,-0.03910694681189297,0.0
2019-04-29,SCORE_3,7863.93711582547,1926.6645933772404,1,9790.60170920271,10229.98486893786,-0.042950519024645306,-0.0039999999999998925
2019-04-30,SCORE_3,7863.93711582547,1926.6645933772404,1,9790.60170920271,10229.98486893786,-0.042950519024645306,0.0
2019-05-01,SCORE_3,7863.93711582547,1926.6645933772404,1,9790.60170920271,10229.98486893786,-0.042950519024645306,0.0
2019-05-02,SCORE_3,0.0,9712.276895529089,5,9712.276895529089,10229.98486893786,-0.05060691487244817,-0.008000000000000007
2019-05-03,SCORE_3,2036.4451555141638,7675.831740014924,4,9712.276895529089,10229.98486893786,-0.05060691487244817,0.0
2019-05-04,SCORE_3,2036.4451555141638,7675.831740014924,4,9712.276895529089,10229.98486893786,-0.05060691487244817,0.0
2019-05-05,SCORE_3,2036.4451555141638,7675.831740014924,4,9712.276895529089,10229.98486893786,-0.05060691487244817,0.0
2019-05-06,SCORE_3,5874.361025521626,3837.915870007462,2,9712.276895529089,10229.98486893786,-0.05060691487244817,0.0
2019-05-07,SCORE_3,9712.276895529089,0.0,0,9712.276895529089,10229.98486893786,-0.05060691487244817,0.0
2019-05-08,SCORE_3,0.0,9573.084719571492,5,9573.084719571492,10229.98486893786,-0.06421320830698063,-0.014331569976312242
2019-05-09,SCORE_3,1903.6062715237015,7669.47844804779,4,9573.084719571492,10229.98486893786,-0.06421320830698063,0.0
2019-05-10,SCORE_3,3807.2125430474025,5765.872176524089,3,9573.084719571492,10229.98486893786,-0.06421320830698063,0.0
2019-05-11,SCORE_3,3807.2125430474025,5765.872176524089,3,9573.084719571492,10229.98486893786,-0.06421320830698063,0.0
2019-05-12,SCORE_3,3807.2125430474025,5765.872176524089,3,9573.084719571492,10229.98486893786,-0.06421320830698063,0.0
2019-05-13,SCORE_3,7614.425086094806,1958.659633476686,1,9573.084719571492,10229.98486893786,-0.06421320830698063,0.0
2019-05-14,SCORE_3,0.0,9793.359327811853,5,9793.359327811853,10229.98486893786,-0.04268095668956151,0.023009783647900406
2019-05-15,SCORE_3,1958.6596334766857,7834.699694335168,4,9793.359327811853,10229.98486893786,-0.04268095668956151,0.0
2019-05-16,SCORE_3,5901.999449491825,3891.3598783200287,2,9793.359327811853,10229.98486893786,-0.04268095668956151,0.0
2019-05-17,SCORE_3,5901.999449491825,3891.3598783200287,2,9793.359327811853,10229.98486893786,-0.04268095668956151,0.0
2019-05-18,SCORE_3,5901.999449491825,3891.3598783200287,2,9793.359327811853,10229.98486893786,-0.04268095668956151,0.0
2019-05-19,SCORE_3,5901.999449491825,3891.3598783200287,2,9793.359327811853,10229.98486893786,-0.04268095668956151,0.0
2019-05-20,SCORE_3,5901.999449491825,3891.3598783200287,2,9793.359327811853,10229.98486893786,-0.04268095668956151,0.0
2019-05-21,SCORE_3,7834.687462249482,1974.873335633749,1,9809.560797883232,10229.98486893786,-0.0410972329324939,0.0016543322397422067
2019-05-22,SCORE_3,7834.687462249482,1974.873335633749,1,9809.560797883232,10229.98486893786,-0.0410972329324939,0.0
2019-05-23,SCORE_3,7834.687462249482,1974.873335633749,1,9809.560797883232,10229.98486893786,-0.0410972329324939,0.0
2019-05-24,SCORE_3,3917.3437311247408,5813.870192135996,3,9731.213923260737,10229.98486893786,-0.048755785278977504,-0.007986787200442436
2019-05-25,SCORE_3,3917.3437311247408,5813.870192135996,3,9731.213923260737,10229.98486893786,-0.048755785278977504,0.0
2019-05-26,SCORE_3,3917.3437311247408,5813.870192135996,3,9731.213923260737,10229.98486893786,-0.048755785278977504,0.0
2019-05-27,SCORE_3,3917.3437311247408,5813.870192135996,3,9731.213923260737,10229.98486893786,-0.048755785278977504,0.0
2019-05-28,SCORE_3,3917.3437311247408,5813.870192135996,3,9731.213923260737,10229.98486893786,-0.048755785278977504,0.0
2019-05-29,SCORE_3,3930.304907181843,5761.67077288736,3,9691.975680069203,10229.98486893786,-0.05259139634724763,-0.004032204358157432
2019-05-30,SCORE_3,1968.392747605197,7684.344689272473,4,9652.737436877671,10229.98486893786,-0.05642700741551754,-0.0040485288538457676
2019-05-31,SCORE_3,3891.06666399031,5761.67077288736,3,9652.73743687767,10229.98486893786,-0.05642700741551765,-2.220446049250313e-16
2019-06-01,SCORE_3,3891.06666399031,5761.67077288736,3,9652.73743687767,10229.98486893786,-0.05642700741551765,0.0
2019-06-02,SCORE_3,3891.06666399031,5761.67077288736,3,9652.73743687767,10229.98486893786,-0.05642700741551765,0.0
2019-06-03,SCORE_3,7730.063520492557,1922.6739163851132,1,9652.73743687767,10229.98486893786,-0.05642700741551765,0.0
2019-06-04,SCORE_3,9652.73743687767,0.0,0,9652.73743687767,10229.98486893786,-0.05642700741551765,0.0
2019-06-05,SCORE_3,9652.73743687767,0.0,0,9652.73743687767,10229.98486893786,-0.05642700741551765,0.0
2019-06-06,SCORE_3,9652.73743687767,0.0,0,9652.73743687767,10229.98486893786,-0.05642700741551765,0.0
2019-06-07,SCORE_3,9652.73743687767,0.0,0,9652.73743687767,10229.98486893786,-0.05642700741551765,0.0
2019-06-08,SCORE_3,9652.73743687767,0.0,0,9652.73743687767,10229.98486893786,-0.05642700741551765,0.0
2019-06-09,SCORE_3,9652.73743687767,0.0,0,9652.73743687767,10229.98486893786,-0.05642700741551765,0.0
2019-06-10,SCORE_3,9652.73743687767,0.0,0,9652.73743687767,10229.98486893786,-0.05642700741551765,0.0
2019-06-11,SCORE_3,7722.189949502135,1951.6376969502476,1,9673.827646452382,10229.98486893786,-0.0543654003022217,0.002184894151801897
2019-06-12,SCORE_3,7722.189949502135,1951.6376969502476,1,9673.827646452382,10229.98486893786,-0.0543654003022217,0.0
2019-06-13,SCORE_3,7722.189949502135,1951.6376969502476,1,9673.827646452382,10229.98486893786,-0.0543654003022217,0.0
2019-06-14,SCORE_3,7722.189949502135,1951.6376969502476,1,9673.827646452382,10229.98486893786,-0.0543654003022217,0.0
2019-06-15,SCORE_3,7722.189949502135,1951.6376969502476,1,9673.827646452382,10229.98486893786,-0.0543654003022217,0.0
2019-06-16,SCORE_3,7722.189949502135,1951.6376969502476,1,9673.827646452382,10229.98486893786,-0.0543654003022217,0.0
2019-06-17,SCORE_3,7722.189949502135,1951.6376969502476,1,9673.827646452382,10229.98486893786,-0.0543654003022217,0.0
2019-06-18,SCORE_3,9673.827646452382,0.0,0,9673.827646452382,10229.98486893786,-0.0543654003022217,0.0
2019-06-19,SCORE_3,9673.827646452382,0.0,0,9673.827646452382,10229.98486893786,-0.0543654003022217,0.0
2019-06-20,SCORE_3,9673.827646452382,0.0,0,9673.827646452382,10229.98486893786,-0.0543654003022217,0.0
2019-06-21,SCORE_3,9673.827646452382,0.0,0,9673.827646452382,10229.98486893786,-0.0543654003022217,0.0
2019-06-22,SCORE_3,9673.827646452382,0.0,0,9673.827646452382,10229.98486893786,-0.0543654003022217,0.0
2019-06-23,SCORE_3,9673.827646452382,0.0,0,9673.827646452382,10229.98486893786,-0.0543654003022217,0.0
2019-06-24,SCORE_3,9673.827646452382,0.0,0,9673.827646452382,10229.98486893786,-0.0543654003022217,0.0
2019-06-25,SCORE_3,9673.827646452382,0.0,0,9673.827646452382,10229.98486893786,-0.0543654003022217,0.0
2019-06-26,SCORE_3,3869.531058580953,6003.864032274651,3,9873.395090855603,10229.98486893786,-0.034857312366609494,0.02062962580033223
2019-06-27,SCORE_3,0.0,9870.06893075264,5,9870.06893075264,10229.98486893786,-0.03518245068749426,-0.00033688109027896207
2019-06-28,SCORE_3,0.0,9870.06893075264,5,9870.06893075264,10229.98486893786,-0.03518245068749426,0.0
2019-06-29,SCORE_3,0.0,9870.06893075264,5,9870.06893075264,10229.98486893786,-0.03518245068749426,0.0
2019-06-30,SCORE_3,0.0,9870.06893075264,5,9870.06893075264,10229.98486893786,-0.03518245068749426,0.0
2019-07-01,SCORE_3,3908.2263691667627,5961.842561585878,3,9870.06893075264,10229.98486893786,-0.03518245068749426,0.0
2019-07-02,SCORE_3,3908.2263691667627,5961.842561585878,3,9870.06893075264,10229.98486893786,-0.03518245068749426,0.0
2019-07-03,SCORE_3,7899.934250979318,1970.1346797733227,1,9870.06893075264,10229.98486893786,-0.03518245068749426,0.0
2019-07-04,SCORE_3,7899.934250979318,1970.1346797733227,1,9870.06893075264,10229.98486893786,-0.03518245068749426,0.0
2019-07-05,SCORE_3,7896.055144602113,1934.5335104275175,1,9830.58865502963,10229.98486893786,-0.039041720884744224,-0.0039999999999998925
2019-07-06,SCORE_3,7896.055144602113,1934.5335104275175,1,9830.58865502963,10229.98486893786,-0.039041720884744224,0.0
2019-07-07,SCORE_3,7896.055144602113,1934.5335104275175,1,9830.58865502963,10229.98486893786,-0.039041720884744224,0.0
2019-07-08,SCORE_3,9830.58865502963,0.0,0,9830.58865502963,10229.98486893786,-0.039041720884744224,0.0
2019-07-09,SCORE_3,5898.353193017778,4035.059960728295,2,9933.413153746073,10229.98486893786,-0.028990435371247902,0.010459648178223091
2019-07-10,SCORE_3,5898.353193017778,4035.059960728295,2,9933.413153746073,10229.98486893786,-0.028990435371247902,0.0
2019-07-11,SCORE_3,5898.353193017778,4035.059960728295,2,9933.413153746073,10229.98486893786,-0.028990435371247902,0.0
2019-07-12,SCORE_3,0.0,9933.413153746073,5,9933.413153746073,10229.98486893786,-0.028990435371247902,0.0
2019-07-13,SCORE_3,1926.7953763858077,8006.617777360265,4,9933.413153746073,10229.98486893786,-0.028990435371247902,0.0
2019-07-14,SCORE_3,1926.7953763858077,8006.617777360265,4,9933.413153746073,10229.98486893786,-0.028990435371247902,0.0
2019-07-15,SCORE_3,3971.5578166319697,5961.855337114102,3,9933.413153746073,10229.98486893786,-0.028990435371247902,0.0
2019-07-16,SCORE_3,9933.413153746073,0.0,0,9933.413153746073,10229.98486893786,-0.028990435371247902,0.0
2019-07-17,SCORE_3,9933.413153746073,0.0,0,9933.413153746073,10229.98486893786,-0.028990435371247902,0.0
2019-07-18,SCORE_3,7946.730522996858,2066.1499359791833,1,10012.88045897604,10229.98486893786,-0.02122235885421797,0.008000000000000007
2019-07-19,SCORE_3,3973.3652614984285,5960.047892247644,3,9933.413153746073,10229.98486893786,-0.028990435371247902,-0.007936507936507797
2019-07-20,SCORE_3,3973.3652614984285,5960.047892247644,3,9933.413153746073,10229.98486893786,-0.028990435371247902,0.0
2019-07-21,SCORE_3,3973.3652614984285,5960.047892247644,3,9933.413153746073,10229.98486893786,-0.028990435371247902,0.0
2019-07-22,SCORE_3,5920.314239632658,4013.0989141134137,2,9933.413153746073,10229.98486893786,-0.028990435371247902,0.0
2019-07-23,SCORE_3,5920.314239632658,4013.0989141134137,2,9933.413153746073,10229.98486893786,-0.028990435371247902,0.0
2019-07-24,SCORE_3,9933.413153746073,0.0,0,9933.413153746073,10229.98486893786,-0.028990435371247902,0.0
2019-07-25,SCORE_3,7946.730522996858,1946.9489781342306,1,9893.679501131088,10229.98486893786,-0.032874473629762924,-0.0040000000000000036
2019-07-26,SCORE_3,7914.94360090487,1939.1611822216933,1,9854.104783126564,10229.98486893786,-0.03674297573524388,-0.0039999999999998925
2019-07-27,SCORE_3,7914.94360090487,1939.1611822216933,1,9854.104783126564,10229.98486893786,-0.03674297573524388,0.0
2019-07-28,SCORE_3,7914.94360090487,1939.1611822216933,1,9854.104783126564,10229.98486893786,-0.03674297573524388,0.0
2019-07-29,SCORE_3,7914.94360090487,1939.1611822216933,1,9854.104783126564,10229.98486893786,-0.03674297573524388,0.0
2019-07-30,SCORE_3,5936.207700678653,3878.3223644433865,2,9814.530065122039,10229.98486893786,-0.04061147784072494,-0.004016064257028273
2019-07-31,SCORE_3,7875.368882900346,1939.161182221693,1,9814.530065122039,10229.98486893786,-0.04061147784072494,0.0
2019-08-01,SCORE_3,0.0,9618.239463819598,5,9618.239463819598,10229.98486893786,-0.05979924828391037,-0.019999999999999907
2019-08-02,SCORE_3,0.0,9502.820590253763,5,9502.820590253763,10229.98486893786,-0.07108165730450344,-0.01200000000000001
2019-08-03,SCORE_3,1854.3965686244176,7648.424021629345,4,9502.820590253763,10229.98486893786,-0.07108165730450344,0.0
2019-08-04,SCORE_3,1854.3965686244176,7648.424021629345,4,9502.820590253763,10229.98486893786,-0.07108165730450344,0.0
2019-08-05,SCORE_3,5701.692354152257,3725.1056713794756,2,9426.798025531732,10229.98486893786,-0.07851300404606743,-0.008000000000000007
2019-08-06,SCORE_3,5656.078815319039,3783.4976064987527,2,9439.576421817792,10229.98486893786,-0.07726389210213291,0.0013555394155524425
2019-08-07,SCORE_3,7503.731228323259,1935.845193494533,1,9439.576421817792,10229.98486893786,-0.07726389210213291,0.0
2019-08-08,SCORE_3,7503.731228323259,1935.845193494533,1,9439.576421817792,10229.98486893786,-0.07726389210213291,0.0
2019-08-09,SCORE_3,7503.731228323259,1935.845193494533,1,9439.576421817792,10229.98486893786,-0.07726389210213291,0.0
2019-08-10,SCORE_3,7503.731228323259,1935.845193494533,1,9439.576421817792,10229.98486893786,-0.07726389210213291,0.0
2019-08-11,SCORE_3,7503.731228323259,1935.845193494533,1,9439.576421817792,10229.98486893786,-0.07726389210213291,0.0
2019-08-12,SCORE_3,7503.731228323259,1935.845193494533,1,9439.576421817792,10229.98486893786,-0.07726389210213291,0.0
2019-08-13,SCORE_3,9439.576421817792,0.0,0,9439.576421817792,10229.98486893786,-0.07726389210213291,0.0
2019-08-14,SCORE_3,9439.576421817792,0.0,0,9439.576421817792,10229.98486893786,-0.07726389210213291,0.0
2019-08-15,SCORE_3,7551.6611374542335,1963.4318957381008,1,9515.093033192334,10229.98486893786,-0.06988200323895011,0.008000000000000007
2019-08-16,SCORE_3,7551.6611374542335,1963.4318957381008,1,9515.093033192334,10229.98486893786,-0.06988200323895011,0.0
2019-08-17,SCORE_3,7551.6611374542335,1963.4318957381008,1,9515.093033192334,10229.98486893786,-0.06988200323895011,0.0
2019-08-18,SCORE_3,7551.6611374542335,1963.4318957381008,1,9515.093033192334,10229.98486893786,-0.06988200323895011,0.0
2019-08-19,SCORE_3,7551.6611374542335,1963.4318957381008,1,9515.093033192334,10229.98486893786,-0.06988200323895011,0.0
2019-08-20,SCORE_3,7551.6611374542335,1963.4318957381008,1,9515.093033192334,10229.98486893786,-0.06988200323895011,0.0
2019-08-21,SCORE_3,9515.093033192334,0.0,0,9515.093033192334,10229.98486893786,-0.06988200323895011,0.0
2019-08-22,SCORE_3,9515.093033192334,0.0,0,9515.093033192334,10229.98486893786,-0.06988200323895011,0.0
2019-08-23,SCORE_3,9515.093033192334,0.0,0,9515.093033192334,10229.98486893786,-0.06988200323895011,0.0
2019-08-24,SCORE_3,9515.093033192334,0.0,0,9515.093033192334,10229.98486893786,-0.06988200323895011,0.0
2019-08-25,SCORE_3,9515.093033192334,0.0,0,9515.093033192334,10229.98486893786,-0.06988200323895011,0.0
2019-08-26,SCORE_3,0.0,9691.66367624911,5,9691.66367624911,10229.98486893786,-0.05262189529950312,0.018556901381923563
2019-08-27,SCORE_3,1979.1393509040054,7712.524325345104,4,9691.66367624911,10229.98486893786,-0.05262189529950312,0.0
2019-08-28,SCORE_3,1979.1393509040054,7712.524325345104,4,9691.66367624911,10229.98486893786,-0.05262189529950312,0.0
2019-08-29,SCORE_3,1979.1393509040054,7712.524325345104,4,9691.66367624911,10229.98486893786,-0.05262189529950312,0.0
2019-08-30,SCORE_3,1979.1393509040054,7712.524325345104,4,9691.66367624911,10229.98486893786,-0.05262189529950312,0.0
2019-08-31,SCORE_3,1979.1393509040054,7712.524325345104,4,9691.66367624911,10229.98486893786,-0.05262189529950312,0.0
2019-09-01,SCORE_3,1979.1393509040054,7712.524325345104,4,9691.66367624911,10229.98486893786,-0.05262189529950312,0.0
2019-09-02,SCORE_3,1979.1393509040054,7712.524325345104,4,9691.66367624911,10229.98486893786,-0.05262189529950312,0.0
2019-09-03,SCORE_3,9691.66367624911,0.0,0,9691.66367624911,10229.98486893786,-0.05262189529950312,0.0
2019-09-04,SCORE_3,7753.330940999289,2015.866044659815,1,9769.196985659104,10229.98486893786,-0.04504287046189903,0.008000000000000007
2019-09-05,SCORE_3,7753.330940999289,2015.866044659815,1,9769.196985659104,10229.98486893786,-0.04504287046189903,0.0
2019-09-06,SCORE_3,5814.998205749467,3915.432125204641,2,9730.430330954108,10229.98486893786,-0.04883238288070102,-0.003968253968253843
2019-09-07,SCORE_3,5814.998205749467,3915.432125204641,2,9730.430330954108,10229.98486893786,-0.04883238288070102,0.0
2019-09-08,SCORE_3,5814.998205749467,3915.432125204641,2,9730.430330954108,10229.98486893786,-0.04883238288070102,0.0
2019-09-09,SCORE_3,7714.564286294293,2015.866044659815,1,9730.430330954108,10229.98486893786,-0.04883238288070102,0.0
2019-09-10,SCORE_3,0.0,9663.389148395521,5,9663.389148395521,10229.98486893786,-0.05538578285318285,-0.006889847650963343
2019-09-11,SCORE_3,5768.850379988639,3919.3053271785134,2,9688.155707167152,10229.98486893786,-0.05296480578538365,0.0025629267735474137
2019-09-12,SCORE_3,3845.9312666495234,5825.60108538578,3,9671.532352035303,10229.98486893786,-0.054589769589809656,-0.0017158431010302344
2019-09-13,SCORE_3,3845.9312666495234,5825.60108538578,3,9671.532352035303,10229.98486893786,-0.054589769589809656,0.0
2019-09-14,SCORE_3,3845.9312666495234,5825.60108538578,3,9671.532352035303,10229.98486893786,-0.054589769589809656,0.0
2019-09-15,SCORE_3,3845.9312666495234,5825.60108538578,3,9671.532352035303,10229.98486893786,-0.054589769589809656,0.0
2019-09-16,SCORE_3,1923.0121533104077,7757.146796577888,4,9680.158949888297,10229.98486893786,-0.05374650364528344,0.0008919577104220533
2019-09-17,SCORE_3,3894.6318083781725,5785.527141510123,3,9680.158949888297,10229.98486893786,-0.05374650364528344,0.0
2019-09-18,SCORE_3,5842.31748048892,3837.8414693993755,2,9680.158949888297,10229.98486893786,-0.05374650364528344,0.0
2019-09-19,SCORE_3,7748.613238696186,1931.5457111921091,1,9680.158949888295,10229.98486893786,-0.05374650364528355,-2.220446049250313e-16
2019-09-20,SCORE_3,7748.613238696186,1931.5457111921091,1,9680.158949888295,10229.98486893786,-0.05374650364528355,0.0
2019-09-21,SCORE_3,7748.613238696186,1931.5457111921091,1,9680.158949888295,10229.98486893786,-0.05374650364528355,0.0
2019-09-22,SCORE_3,7748.613238696186,1931.5457111921091,1,9680.158949888295,10229.98486893786,-0.05374650364528355,0.0
2019-09-23,SCORE_3,5808.095369932977,3848.7006127677287,2,9656.795982700705,10229.98486893786,-0.05603027703174568,-0.002413490037563859
2019-09-24,SCORE_3,7705.406524111082,1951.3894585896228,1,9656.795982700705,10229.98486893786,-0.05603027703174568,0.0
2019-09-25,SCORE_3,5777.118861293334,3841.111368151016,2,9618.23022944435,10229.98486893786,-0.05980015096122282,-0.003993638606991534
2019-09-26,SCORE_3,5777.118861293334,3841.111368151016,2,9618.23022944435,10229.98486893786,-0.05980015096122282,0.0
2019-09-27,SCORE_3,5777.118861293334,3841.111368151016,2,9618.23022944435,10229.98486893786,-0.05980015096122282,0.0
2019-09-28,SCORE_3,5777.118861293334,3841.111368151016,2,9618.23022944435,10229.98486893786,-0.05980015096122282,0.0
2019-09-29,SCORE_3,5777.118861293334,3841.111368151016,2,9618.23022944435,10229.98486893786,-0.05980015096122282,0.0
2019-09-30,SCORE_3,5797.149123342815,3898.3354739631395,2,9695.484597305955,10229.98486893786,-0.05224839317747687,0.00803207721365462
2019-10-01,SCORE_3,9695.484597305955,0.0,0,9695.484597305955,10229.98486893786,-0.05224839317747687,0.0
2019-10-02,SCORE_3,7756.387677844764,1950.0037191209308,1,9706.391396965695,10229.98486893786,-0.051182233276023115,0.0011249359998748432
2019-10-03,SCORE_3,0.0,9868.066048326511,5,9868.066048326511,10229.98486893786,-0.035378236160472976,0.016656514738459638
2019-10-04,SCORE_3,2016.6607962396386,7851.405252086872,4,9868.066048326511,10229.98486893786,-0.035378236160472976,0.0
2019-10-05,SCORE_3,2016.6607962396386,7851.405252086872,4,9868.066048326511,10229.98486893786,-0.035378236160472976,0.0
2019-10-06,SCORE_3,2016.6607962396386,7851.405252086872,4,9868.066048326511,10229.98486893786,-0.035378236160472976,0.0
2019-10-07,SCORE_3,2016.6607962396386,7851.405252086872,4,9868.066048326511,10229.98486893786,-0.035378236160472976,0.0
2019-10-08,SCORE_3,2016.6607962396386,7851.405252086872,4,9868.066048326511,10229.98486893786,-0.035378236160472976,0.0
2019-10-09,SCORE_3,2009.873460611741,7936.464229904723,4,9946.337690516464,10229.98486893786,-0.027727037923844455,0.007931811745750084
2019-10-10,SCORE_3,7911.274993577682,2035.0626969387818,1,9946.337690516464,10229.98486893786,-0.027727037923844455,0.0
2019-10-11,SCORE_3,9946.337690516464,0.0,0,9946.337690516464,10229.98486893786,-0.027727037923844455,0.0
2019-10-12,SCORE_3,9946.337690516464,0.0,0,9946.337690516464,10229.98486893786,-0.027727037923844455,0.0
2019-10-13,SCORE_3,9946.337690516464,0.0,0,9946.337690516464,10229.98486893786,-0.027727037923844455,0.0
2019-10-14,SCORE_3,9946.337690516464,0.0,0,9946.337690516464,10229.98486893786,-0.027727037923844455,0.0
2019-10-15,SCORE_3,9946.337690516464,0.0,0,9946.337690516464,10229.98486893786,-0.027727037923844455,0.0
2019-10-16,SCORE_3,9946.337690516464,0.0,0,9946.337690516464,10229.98486893786,-0.027727037923844455,0.0
2019-10-17,SCORE_3,9946.337690516464,0.0,0,9946.337690516464,10229.98486893786,-0.027727037923844455,0.0
2019-10-18,SCORE_3,9946.337690516464,0.0,0,9946.337690516464,10229.98486893786,-0.027727037923844455,0.0
2019-10-19,SCORE_3,9946.337690516464,0.0,0,9946.337690516464,10229.98486893786,-0.027727037923844455,0.0
2019-10-20,SCORE_3,9946.337690516464,0.0,0,9946.337690516464,10229.98486893786,-0.027727037923844455,0.0
2019-10-21,SCORE_3,7957.070152413171,1949.482187341227,1,9906.552339754398,10229.98486893786,-0.031616129772149115,-0.0040000000000000036
2019-10-22,SCORE_3,9906.552339754398,0.0,0,9906.552339754398,10229.98486893786,-0.031616129772149115,0.0
2019-10-23,SCORE_3,9906.552339754398,0.0,0,9906.552339754398,10229.98486893786,-0.031616129772149115,0.0
2019-10-24,SCORE_3,7925.241871803519,1941.684258591862,1,9866.92613039538,10229.98486893786,-0.03548966525306052,-0.0040000000000000036
2019-10-25,SCORE_3,9866.92613039538,0.0,0,9866.92613039538,10229.98486893786,-0.03548966525306052,0.0
2019-10-26,SCORE_3,9866.92613039538,0.0,0,9866.92613039538,10229.98486893786,-0.03548966525306052,0.0
2019-10-27,SCORE_3,9866.92613039538,0.0,0,9866.92613039538,10229.98486893786,-0.03548966525306052,0.0
2019-10-28,SCORE_3,9866.92613039538,0.0,0,9866.92613039538,10229.98486893786,-0.03548966525306052,0.0
2019-10-29,SCORE_3,9866.92613039538,0.0,0,9866.92613039538,10229.98486893786,-0.03548966525306052,0.0
2019-10-30,SCORE_3,5920.155678237228,3963.6831305754486,2,9883.838808812678,10229.98486893786,-0.03383641956071837,0.0017140777374624605
2019-10-31,SCORE_3,7854.073199794723,2029.7656090179535,1,9883.838808812678,10229.98486893786,-0.03383641956071837,0.0
2019-11-01,SCORE_3,7854.073199794723,2029.7656090179535,1,9883.838808812678,10229.98486893786,-0.03383641956071837,0.0
2019-11-02,SCORE_3,7854.073199794723,2029.7656090179535,1,9883.838808812678,10229.98486893786,-0.03383641956071837,0.0
2019-11-03,SCORE_3,7854.073199794723,2029.7656090179535,1,9883.838808812678,10229.98486893786,-0.03383641956071837,0.0
2019-11-04,SCORE_3,7854.073199794723,2029.7656090179535,1,9883.838808812678,10229.98486893786,-0.03383641956071837,0.0
2019-11-05,SCORE_3,5888.581514619963,3955.9474604892184,2,9844.52897510918,10229.98486893786,-0.03767902873435036,-0.003977182799505763
2019-11-06,SCORE_3,7918.347123637916,1926.1818514712647,1,9844.52897510918,10229.98486893786,-0.03767902873435036,0.0
2019-11-07,SCORE_3,7875.623180087345,1929.5276791213994,1,9805.150859208745,10229.98486893786,-0.04152831261941281,-0.0039999999999998925
2019-11-08,SCORE_3,7875.623180087345,1929.5276791213994,1,9805.150859208745,10229.98486893786,-0.04152831261941281,0.0
2019-11-09,SCORE_3,7875.623180087345,1929.5276791213994,1,9805.150859208745,10229.98486893786,-0.04152831261941281,0.0
2019-11-10,SCORE_3,7875.623180087345,1929.5276791213994,1,9805.150859208745,10229.98486893786,-0.04152831261941281,0.0
2019-11-11,SCORE_3,7875.623180087345,1929.5276791213994,1,9805.150859208745,10229.98486893786,-0.04152831261941281,0.0
2019-11-12,SCORE_3,9805.150859208745,0.0,0,9805.150859208745,10229.98486893786,-0.04152831261941281,0.0
2019-11-13,SCORE_3,9805.150859208745,0.0,0,9805.150859208745,10229.98486893786,-0.04152831261941281,0.0
2019-11-14,SCORE_3,7844.120687366996,2039.4713787154192,1,9883.592066082416,10229.98486893786,-0.033860539120368016,0.008000000000000007
2019-11-15,SCORE_3,9883.592066082416,0.0,0,9883.592066082416,10229.98486893786,-0.033860539120368016,0.0
2019-11-16,SCORE_3,9883.592066082416,0.0,0,9883.592066082416,10229.98486893786,-0.033860539120368016,0.0
2019-11-17,SCORE_3,9883.592066082416,0.0,0,9883.592066082416,10229.98486893786,-0.033860539120368016,0.0
2019-11-18,SCORE_3,7906.873652865933,2055.7871497451424,1,9962.660802611075,10229.98486893786,-0.02613142343333097,0.008000000000000007
2019-11-19,SCORE_3,9962.660802611075,0.0,0,9962.660802611075,10229.98486893786,-0.02613142343333097,0.0
2019-11-20,SCORE_3,7970.12864208886,2072.233446943104,1,10042.362089031963,10229.98486893786,-0.018340474820797703,0.008000000000000007
2019-11-21,SCORE_3,5977.596481566645,4086.3460406522454,2,10063.942522218891,10229.98486893786,-0.016230947439926036,0.002148939960101348
2019-11-22,SCORE_3,3985.0643210444296,6039.0275579640165,3,10024.091879008447,10229.98486893786,-0.020126421746192613,-0.003959744714604918
2019-11-23,SCORE_3,5937.745838356201,4086.3460406522454,2,10024.091879008447,10229.98486893786,-0.020126421746192613,0.0
2019-11-24,SCORE_3,5937.745838356201,4086.3460406522454,2,10024.091879008447,10229.98486893786,-0.020126421746192613,0.0
2019-11-25,SCORE_3,8009.979285299305,2014.1125937091415,1,10024.091879008447,10229.98486893786,-0.020126421746192613,0.0
2019-11-26,SCORE_3,8009.979285299305,2014.1125937091415,1,10024.091879008447,10229.98486893786,-0.020126421746192613,0.0
2019-11-27,SCORE_3,8009.979285299305,2014.1125937091415,1,10024.091879008447,10229.98486893786,-0.020126421746192613,0.0
2019-11-28,SCORE_3,8009.979285299305,2014.1125937091415,1,10024.091879008447,10229.98486893786,-0.020126421746192613,0.0
2019-11-29,SCORE_3,10024.091879008447,0.0,0,10024.091879008447,10229.98486893786,-0.020126421746192613,0.0
2019-11-30,SCORE_3,10024.091879008447,0.0,0,10024.091879008447,10229.98486893786,-0.020126421746192613,0.0
2019-12-01,SCORE_3,10024.091879008447,0.0,0,10024.091879008447,10229.98486893786,-0.020126421746192613,0.0
2019-12-02,SCORE_3,10024.091879008447,0.0,0,10024.091879008447,10229.98486893786,-0.020126421746192613,0.0
2019-12-03,SCORE_3,4009.636751603379,6191.800911269986,3,10201.437662873364,10229.98486893786,-0.0027905423546789043,0.017691955142220772
2019-12-04,SCORE_3,2052.934016820929,8272.626805734755,4,10325.560822555684,10325.560822555684,0.0,0.012167222286133983
2019-12-05,SCORE_3,32.07709401282614,10330.464819359855,5,10362.541913372681,10362.541913372681,0.0,0.0035815091744182403
2019-12-06,SCORE_3,2133.768293733253,8228.773619639427,4,10362.54191337268,10362.541913372681,-2.220446049250313e-16,-2.220446049250313e-16
2019-12-07,SCORE_3,2133.768293733253,8228.773619639427,4,10362.54191337268,10362.541913372681,-2.220446049250313e-16,0.0
2019-12-08,SCORE_3,2133.768293733253,8228.773619639427,4,10362.54191337268,10362.541913372681,-2.220446049250313e-16,0.0
2019-12-09,SCORE_3,4218.77940456701,6143.762508805671,3,10362.541913372681,10362.541913372681,0.0,2.220446049250313e-16
2019-12-10,SCORE_3,6240.558094169482,4121.983819203198,2,10362.54191337268,10362.541913372681,-2.220446049250313e-16,-2.220446049250313e-16
2019-12-11,SCORE_3,6239.591735236444,4205.554664716683,2,10445.146399953126,10445.146399953126,0.0,0.007971450178054118
2019-12-12,SCORE_3,8297.429748861545,2147.7166510915827,1,10445.146399953128,10445.146399953128,0.0,2.220446049250313e-16
2019-12-13,SCORE_3,6224.921366187008,4303.125369073101,2,10528.046735260108,10528.046735260108,0.0,0.00793673273046247
2019-12-14,SCORE_3,6224.921366187008,4303.125369073101,2,10528.046735260108,10528.046735260108,0.0,0.0
2019-12-15,SCORE_3,6224.921366187008,4303.125369073101,2,10528.046735260108,10528.046735260108,0.0,0.0
2019-12-16,SCORE_3,2079.9046008379346,8613.942805036138,4,10693.847405874072,10693.847405874072,0.0,0.015748474031623605
2019-12-17,SCORE_3,4227.621251929517,6466.226153944555,3,10693.847405874072,10693.847405874072,0.0,0.0
2019-12-18,SCORE_3,8538.438687892552,2155.4087179815183,1,10693.84740587407,10693.847405874072,-2.220446049250313e-16,-2.220446049250313e-16
2019-12-19,SCORE_3,8538.438687892552,2155.4087179815183,1,10693.84740587407,10693.847405874072,-2.220446049250313e-16,0.0
2019-12-20,SCORE_3,10693.84740587407,0.0,0,10693.84740587407,10693.847405874072,-2.220446049250313e-16,0.0
2019-12-21,SCORE_3,10693.84740587407,0.0,0,10693.84740587407,10693.847405874072,-2.220446049250313e-16,0.0
2019-12-22,SCORE_3,10693.84740587407,0.0,0,10693.84740587407,10693.847405874072,-2.220446049250313e-16,0.0
2019-12-23,SCORE_3,10693.84740587407,0.0,0,10693.84740587407,10693.847405874072,-2.220446049250313e-16,0.0
2019-12-24,SCORE_3,10693.84740587407,0.0,0,10693.84740587407,10693.847405874072,-2.220446049250313e-16,0.0
2019-12-25,SCORE_3,10693.84740587407,0.0,0,10693.84740587407,10693.847405874072,-2.220446049250313e-16,0.0
2019-12-26,SCORE_3,10693.84740587407,0.0,0,10693.84740587407,10693.847405874072,-2.220446049250313e-16,0.0
2019-12-27,SCORE_3,10693.84740587407,0.0,0,10693.84740587407,10693.847405874072,-2.220446049250313e-16,0.0
2019-12-28,SCORE_3,10693.84740587407,0.0,0,10693.84740587407,10693.847405874072,-2.220446049250313e-16,0.0
2019-12-29,SCORE_3,10693.84740587407,0.0,0,10693.84740587407,10693.847405874072,-2.220446049250313e-16,0.0
2019-12-30,SCORE_3,10693.84740587407,0.0,0,10693.84740587407,10693.847405874072,-2.220446049250313e-16,0.0
2019-12-31,SCORE_3,8555.077924699257,2224.320260421807,1,10779.398185121063,10779.398185121063,0.0,0.008000000000000007
2020-01-01,SCORE_3,10779.398185121063,0.0,0,10779.398185121063,10779.398185121063,0.0,0.0
2020-01-02,SCORE_3,10779.398185121063,0.0,0,10779.398185121063,10779.398185121063,0.0,0.0
2020-01-03,SCORE_3,10779.398185121063,0.0,0,10779.398185121063,10779.398185121063,0.0,0.0
2020-01-04,SCORE_3,10779.398185121063,0.0,0,10779.398185121063,10779.398185121063,0.0,0.0
2020-01-05,SCORE_3,10779.398185121063,0.0,0,10779.398185121063,10779.398185121063,0.0,0.0
2020-01-06,SCORE_3,8623.51854809685,2196.6043888624154,1,10820.122936959266,10820.122936959266,0.0,0.0037780172082719776
2020-01-07,SCORE_3,8623.51854809685,2196.6043888624154,1,10820.122936959266,10820.122936959266,0.0,0.0
2020-01-08,SCORE_3,6467.638911072638,4411.770924773648,2,10879.409835846287,10879.409835846287,0.0,0.00547931841740068
2020-01-09,SCORE_3,4311.759274048425,6584.344399431146,3,10896.10367347957,10896.10367347957,0.0,0.0015344433094413024
2020-01-10,SCORE_3,4311.759274048425,6584.344399431146,3,10896.10367347957,10896.10367347957,0.0,0.0
2020-01-11,SCORE_3,4311.759274048425,6584.344399431146,3,10896.10367347957,10896.10367347957,0.0,0.0
2020-01-12,SCORE_3,4311.759274048425,6584.344399431146,3,10896.10367347957,10896.10367347957,0.0,0.0
2020-01-13,SCORE_3,6508.3636629108405,4387.74001056873,2,10896.10367347957,10896.10367347957,0.0,0.0
2020-01-14,SCORE_3,4344.339075518987,6638.325581456257,3,10982.664656975245,10982.664656975245,0.0,0.007944214380628312
2020-01-15,SCORE_3,8810.091182317747,2172.5734746574967,1,10982.664656975243,10982.664656975245,-1.1102230246251565e-16,-1.1102230246251565e-16
2020-01-16,SCORE_3,10982.664656975243,0.0,0,10982.664656975243,10982.664656975245,-1.1102230246251565e-16,0.0
2020-01-17,SCORE_3,10982.664656975243,0.0,0,10982.664656975243,10982.664656975245,-1.1102230246251565e-16,0.0
2020-01-18,SCORE_3,10982.664656975243,0.0,0,10982.664656975243,10982.664656975245,-1.1102230246251565e-16,0.0
2020-01-19,SCORE_3,10982.664656975243,0.0,0,10982.664656975243,10982.664656975245,-1.1102230246251565e-16,0.0
2020-01-20,SCORE_3,10982.664656975243,0.0,0,10982.664656975243,10982.664656975245,-1.1102230246251565e-16,0.0
2020-01-21,SCORE_3,10982.664656975243,0.0,0,10982.664656975243,10982.664656975245,-1.1102230246251565e-16,0.0
2020-01-22,SCORE_3,8786.131725580195,2152.602272767148,1,10938.733998347343,10982.664656975245,-0.004000000000000115,-0.0039999999999998925
2020-01-23,SCORE_3,8750.987198677874,2275.2566716562474,1,11026.243870334121,11026.243870334121,0.0,0.008000000000000007
2020-01-24,SCORE_3,11026.243870334121,0.0,0,11026.243870334121,11026.243870334121,0.0,0.0
2020-01-25,SCORE_3,11026.243870334121,0.0,0,11026.243870334121,11026.243870334121,0.0,0.0
2020-01-26,SCORE_3,11026.243870334121,0.0,0,11026.243870334121,11026.243870334121,0.0,0.0
2020-01-27,SCORE_3,2205.248774066825,8801.040388980178,4,11006.289163047004,11026.243870334121,-0.0018097465938337054,-0.0018097465938337054
2020-01-28,SCORE_3,4.547473508864641e-13,11144.217650688443,5,11144.217650688443,11144.217650688443,0.0,0.012531788470952154
2020-01-29,SCORE_3,2293.4587250294976,8850.758925658945,4,11144.217650688443,11144.217650688443,0.0,0.0
2020-01-30,SCORE_3,2293.4587250294976,8850.758925658945,4,11144.217650688443,11144.217650688443,0.0,0.0
2020-01-31,SCORE_3,4454.602523614985,6689.615127073457,3,11144.217650688443,11144.217650688443,0.0,0.0
2020-02-01,SCORE_3,4454.602523614985,6689.615127073457,3,11144.217650688443,11144.217650688443,0.0,0.0
2020-02-02,SCORE_3,4454.602523614985,6689.615127073457,3,11144.217650688443,11144.217650688443,0.0,0.0
2020-02-03,SCORE_3,9.66010727768662,11267.162273073096,5,11276.822380350783,11276.822380350783,0.0,0.011898971629843214
2020-02-04,SCORE_3,6679.858418722992,4596.96396162779,2,11276.822380350783,11276.822380350783,0.0,0.0
2020-02-05,SCORE_3,4459.855203896126,6772.567112158118,3,11232.422316054244,11276.822380350783,-0.003937285061251239,-0.003937285061251239
2020-02-06,SCORE_3,8933.94033524035,2298.481980813895,1,11232.422316054244,11276.822380350783,-0.003937285061251239,0.0
2020-02-07,SCORE_3,11232.422316054244,0.0,0,11232.422316054244,11276.822380350783,-0.003937285061251239,0.0
2020-02-08,SCORE_3,11232.422316054244,0.0,0,11232.422316054244,11276.822380350783,-0.003937285061251239,0.0
2020-02-09,SCORE_3,11232.422316054244,0.0,0,11232.422316054244,11276.822380350783,-0.003937285061251239,0.0
2020-02-10,SCORE_3,11232.422316054244,0.0,0,11232.422316054244,11276.822380350783,-0.003937285061251239,0.0
2020-02-11,SCORE_3,11232.422316054244,0.0,0,11232.422316054244,11276.822380350783,-0.003937285061251239,0.0
2020-02-12,SCORE_3,8985.937852843395,2201.554773946632,1,11187.492626790026,11276.822380350783,-0.007921535921006306,-0.004000000000000115
2020-02-13,SCORE_3,11187.492626790026,0.0,0,11187.492626790026,11276.822380350783,-0.007921535921006306,0.0
2020-02-14,SCORE_3,11187.492626790026,0.0,0,11187.492626790026,11276.822380350783,-0.007921535921006306,0.0
2020-02-15,SCORE_3,11187.492626790026,0.0,0,11187.492626790026,11276.822380350783,-0.007921535921006306,0.0
2020-02-16,SCORE_3,11187.492626790026,0.0,0,11187.492626790026,11276.822380350783,-0.007921535921006306,0.0
2020-02-17,SCORE_3,11187.492626790026,0.0,0,11187.492626790026,11276.822380350783,-0.007921535921006306,0.0
2020-02-18,SCORE_3,11187.492626790026,0.0,0,11187.492626790026,11276.822380350783,-0.007921535921006306,0.0
2020-02-19,SCORE_3,11187.492626790026,0.0,0,11187.492626790026,11276.822380350783,-0.007921535921006306,0.0
2020-02-20,SCORE_3,8949.994101432021,2192.7485548508453,1,11142.742656282866,11276.822380350783,-0.011889849777322326,-0.0040000000000000036
2020-02-21,SCORE_3,8949.994101432021,2192.7485548508453,1,11142.742656282866,11276.822380350783,-0.011889849777322326,0.0
2020-02-22,SCORE_3,8949.994101432021,2192.7485548508453,1,11142.742656282866,11276.822380350783,-0.011889849777322326,0.0
2020-02-23,SCORE_3,8949.994101432021,2192.7485548508453,1,11142.742656282866,11276.822380350783,-0.011889849777322326,0.0
2020-02-24,SCORE_3,2237.4985253580053,8770.994219403381,4,11008.492744761386,11276.822380350783,-0.02379479134627016,-0.012048192771084265
2020-02-25,SCORE_3,0.0,10788.322889866155,5,10788.322889866155,11276.822380350783,-0.04331889551934509,-0.02000000000000035
2020-02-26,SCORE_3,4315.3291559464615,6343.533859241299,3,10658.86301518776,11276.822380350783,-0.054799068773113024,-0.01200000000000001
2020-02-27,SCORE_3,10658.86301518776,0.0,0,10658.86301518776,11276.822380350783,-0.054799068773113024,0.0
2020-02-28,SCORE_3,8527.090412150208,2089.1371509768005,1,10616.22756312701,11276.822380350783,-0.058579872498020547,-0.0040000000000000036
2020-02-29,SCORE_3,10616.22756312701,0.0,0,10616.22756312701,11276.822380350783,-0.058579872498020547,0.0
2020-03-01,SCORE_3,10616.22756312701,0.0,0,10616.22756312701,11276.822380350783,-0.058579872498020547,0.0
2020-03-02,SCORE_3,10616.22756312701,0.0,0,10616.22756312701,11276.822380350783,-0.058579872498020547,0.0
2020-03-03,SCORE_3,10616.22756312701,0.0,0,10616.22756312701,11276.822380350783,-0.058579872498020547,0.0
2020-03-04,SCORE_3,10616.22756312701,0.0,0,10616.22756312701,11276.822380350783,-0.058579872498020547,0.0
2020-03-05,SCORE_3,10616.22756312701,0.0,0,10616.22756312701,11276.822380350783,-0.058579872498020547,0.0
2020-03-06,SCORE_3,10616.22756312701,0.0,0,10616.22756312701,11276.822380350783,-0.058579872498020547,0.0
2020-03-07,SCORE_3,10616.22756312701,0.0,0,10616.22756312701,11276.822380350783,-0.058579872498020547,0.0
2020-03-08,SCORE_3,10616.22756312701,0.0,0,10616.22756312701,11276.822380350783,-0.058579872498020547,0.0
2020-03-09,SCORE_3,10616.22756312701,0.0,0,10616.22756312701,11276.822380350783,-0.058579872498020547,0.0
2020-03-10,SCORE_3,10616.22756312701,0.0,0,10616.22756312701,11276.822380350783,-0.058579872498020547,0.0
2020-03-11,SCORE_3,10616.22756312701,0.0,0,10616.22756312701,11276.822380350783,-0.058579872498020547,0.0
2020-03-12,SCORE_3,10616.22756312701,0.0,0,10616.22756312701,11276.822380350783,-0.058579872498020547,0.0
2020-03-13,SCORE_3,10616.22756312701,0.0,0,10616.22756312701,11276.822380350783,-0.058579872498020547,0.0
2020-03-14,SCORE_3,10616.22756312701,0.0,0,10616.22756312701,11276.822380350783,-0.058579872498020547,0.0
2020-03-15,SCORE_3,10616.22756312701,0.0,0,10616.22756312701,11276.822380350783,-0.058579872498020547,0.0
2020-03-16,SCORE_3,10616.22756312701,0.0,0,10616.22756312701,11276.822380350783,-0.058579872498020547,0.0
2020-03-17,SCORE_3,10616.22756312701,0.0,0,10616.22756312701,11276.822380350783,-0.058579872498020547,0.0
2020-03-18,SCORE_3,10616.22756312701,0.0,0,10616.22756312701,11276.822380350783,-0.058579872498020547,0.0
2020-03-19,SCORE_3,10616.22756312701,0.0,0,10616.22756312701,11276.822380350783,-0.058579872498020547,0.0
2020-03-20,SCORE_3,8492.982050501607,2080.780602372894,1,10573.7626528745,11276.822380350783,-0.062345553008028576,-0.004000000000000115
2020-03-21,SCORE_3,10573.7626528745,0.0,0,10573.7626528745,11276.822380350783,-0.062345553008028576,0.0
2020-03-22,SCORE_3,10573.7626528745,0.0,0,10573.7626528745,11276.822380350783,-0.062345553008028576,0.0
2020-03-23,SCORE_3,10573.7626528745,0.0,0,10573.7626528745,11276.822380350783,-0.062345553008028576,0.0
2020-03-24,SCORE_3,10573.7626528745,0.0,0,10573.7626528745,11276.822380350783,-0.062345553008028576,0.0
2020-03-25,SCORE_3,10573.7626528745,0.0,0,10573.7626528745,11276.822380350783,-0.062345553008028576,0.0
2020-03-26,SCORE_3,10573.7626528745,0.0,0,10573.7626528745,11276.822380350783,-0.062345553008028576,0.0
2020-03-27,SCORE_3,10573.7626528745,0.0,0,10573.7626528745,11276.822380350783,-0.062345553008028576,0.0
2020-03-28,SCORE_3,10573.7626528745,0.0,0,10573.7626528745,11276.822380350783,-0.062345553008028576,0.0
2020-03-29,SCORE_3,10573.7626528745,0.0,0,10573.7626528745,11276.822380350783,-0.062345553008028576,0.0
2020-03-30,SCORE_3,10573.7626528745,0.0,0,10573.7626528745,11276.822380350783,-0.062345553008028576,0.0
2020-03-31,SCORE_3,10573.7626528745,0.0,0,10573.7626528745,11276.822380350783,-0.062345553008028576,0.0
2020-04-01,SCORE_3,10573.7626528745,0.0,0,10573.7626528745,11276.822380350783,-0.062345553008028576,0.0
2020-04-02,SCORE_3,10573.7626528745,0.0,0,10573.7626528745,11276.822380350783,-0.062345553008028576,0.0
2020-04-03,SCORE_3,10573.7626528745,0.0,0,10573.7626528745,11276.822380350783,-0.062345553008028576,0.0
2020-04-04,SCORE_3,10573.7626528745,0.0,0,10573.7626528745,11276.822380350783,-0.062345553008028576,0.0
2020-04-05,SCORE_3,10573.7626528745,0.0,0,10573.7626528745,11276.822380350783,-0.062345553008028576,0.0
2020-04-06,SCORE_3,10573.7626528745,0.0,0,10573.7626528745,11276.822380350783,-0.062345553008028576,0.0
2020-04-07,SCORE_3,10573.7626528745,0.0,0,10573.7626528745,11276.822380350783,-0.062345553008028576,0.0
2020-04-08,SCORE_3,8459.0101222996,2072.457479963402,1,10531.467602263001,11276.822380350783,-0.0660961707959965,-0.004000000000000115
2020-04-09,SCORE_3,8459.0101222996,2072.457479963402,1,10531.467602263001,11276.822380350783,-0.0660961707959965,0.0
2020-04-10,SCORE_3,8459.0101222996,2072.457479963402,1,10531.467602263001,11276.822380350783,-0.0660961707959965,0.0
2020-04-11,SCORE_3,8459.0101222996,2072.457479963402,1,10531.467602263001,11276.822380350783,-0.0660961707959965,0.0
2020-04-12,SCORE_3,8459.0101222996,2072.457479963402,1,10531.467602263001,11276.822380350783,-0.0660961707959965,0.0
2020-04-13,SCORE_3,10531.467602263001,0.0,0,10531.467602263001,11276.822380350783,-0.0660961707959965,0.0
2020-04-14,SCORE_3,10531.467602263001,0.0,0,10531.467602263001,11276.822380350783,-0.0660961707959965,0.0
2020-04-15,SCORE_3,10531.467602263001,0.0,0,10531.467602263001,11276.822380350783,-0.0660961707959965,0.0
2020-04-16,SCORE_3,10531.467602263001,0.0,0,10531.467602263001,11276.822380350783,-0.0660961707959965,0.0
2020-04-17,SCORE_3,10531.467602263001,0.0,0,10531.467602263001,11276.822380350783,-0.0660961707959965,0.0
2020-04-18,SCORE_3,10531.467602263001,0.0,0,10531.467602263001,11276.822380350783,-0.0660961707959965,0.0
2020-04-19,SCORE_3,10531.467602263001,0.0,0,10531.467602263001,11276.822380350783,-0.0660961707959965,0.0
2020-04-20,SCORE_3,10531.467602263001,0.0,0,10531.467602263001,11276.822380350783,-0.0660961707959965,0.0
2020-04-21,SCORE_3,10531.467602263001,0.0,0,10531.467602263001,11276.822380350783,-0.0660961707959965,0.0
2020-04-22,SCORE_3,10531.467602263001,0.0,0,10531.467602263001,11276.822380350783,-0.0660961707959965,0.0
2020-04-23,SCORE_3,6318.880561357801,4381.090522541409,2,10699.97108389921,11276.822380350783,-0.05115370952873233,0.016000000000000236
2020-04-24,SCORE_3,8509.425822628506,2190.5452612707045,1,10699.97108389921,11276.822380350783,-0.05115370952873233,0.0
2020-04-25,SCORE_3,8509.425822628506,2190.5452612707045,1,10699.97108389921,11276.822380350783,-0.05115370952873233,0.0
2020-04-26,SCORE_3,8509.425822628506,2190.5452612707045,1,10699.97108389921,11276.822380350783,-0.05115370952873233,0.0
2020-04-27,SCORE_3,10699.97108389921,0.0,0,10699.97108389921,11276.822380350783,-0.05115370952873233,0.0
2020-04-28,SCORE_3,10699.97108389921,0.0,0,10699.97108389921,11276.822380350783,-0.05115370952873233,0.0
2020-04-29,SCORE_3,8559.976867119369,2097.1943324442454,1,10657.171199563614,11276.822380350783,-0.05494909469061737,-0.0040000000000000036
2020-04-30,SCORE_3,2131.434239912721,8386.528155243526,4,10517.962395156246,11276.822380350783,-0.0672937783002423,-0.013062453609928748
2020-05-01,SCORE_3,4194.662584148236,6281.012155688142,3,10475.674739836379,11276.822380350783,-0.07104374029250982,-0.0040205178276109255
2020-05-02,SCORE_3,4194.662584148236,6281.012155688142,3,10475.674739836379,11276.822380350783,-0.07104374029250982,0.0
2020-05-03,SCORE_3,4194.662584148236,6281.012155688142,3,10475.674739836379,11276.822380350783,-0.07104374029250982,0.0
2020-05-04,SCORE_3,8355.563249936256,2120.1114899001213,1,10475.674739836377,11276.822380350783,-0.07104374029251004,-2.220446049250313e-16
2020-05-05,SCORE_3,8355.563249936256,2120.1114899001213,1,10475.674739836377,11276.822380350783,-0.07104374029251004,0.0
2020-05-06,SCORE_3,8355.563249936256,2120.1114899001213,1,10475.674739836377,11276.822380350783,-0.07104374029251004,0.0
2020-05-07,SCORE_3,10475.674739836377,0.0,0,10475.674739836377,11276.822380350783,-0.07104374029251004,0.0
2020-05-08,SCORE_3,8380.539791869101,2123.8198681549547,1,10504.359660024056,11276.822380350783,-0.0685000343423604,0.0027382408198106667
2020-05-09,SCORE_3,8380.539791869101,2123.8198681549547,1,10504.359660024056,11276.822380350783,-0.0685000343423604,0.0
2020-05-10,SCORE_3,8380.539791869101,2123.8198681549547,1,10504.359660024056,11276.822380350783,-0.0685000343423604,0.0
2020-05-11,SCORE_3,8380.539791869101,2123.8198681549547,1,10504.359660024056,11276.822380350783,-0.0685000343423604,0.0
2020-05-12,SCORE_3,8380.539791869101,2123.8198681549547,1,10504.359660024056,11276.822380350783,-0.0685000343423604,0.0
2020-05-13,SCORE_3,2095.1349479672754,8283.516615178745,4,10378.65156314602,11276.822380350783,-0.07964750945885013,-0.01196723084001372
2020-05-14,SCORE_3,0.0,10586.153728392697,5,10586.153728392697,11276.822380350783,-0.06124674386656437,0.019993171943791355
2020-05-15,SCORE_3,10586.153728392697,0.0,0,10586.153728392697,11276.822380350783,-0.06124674386656437,0.0
2020-05-16,SCORE_3,10586.153728392697,0.0,0,10586.153728392697,11276.822380350783,-0.06124674386656437,0.0
2020-05-17,SCORE_3,10586.153728392697,0.0,0,10586.153728392697,11276.822380350783,-0.06124674386656437,0.0
2020-05-18,SCORE_3,10586.153728392697,0.0,0,10586.153728392697,11276.822380350783,-0.06124674386656437,0.0
2020-05-19,SCORE_3,10586.153728392697,0.0,0,10586.153728392697,11276.822380350783,-0.06124674386656437,0.0
2020-05-20,SCORE_3,4234.461491357078,6224.658392294907,3,10459.119883651983,11276.822380350783,-0.0725117829401658,-0.012000000000000122
2020-05-21,SCORE_3,6283.9408531739045,4133.173172483817,2,10417.114025657722,11276.822380350783,-0.07623675586050316,-0.004016194331983747
2020-05-22,SCORE_3,6250.268415394634,4083.508698057827,2,10333.777113452461,11276.822380350783,-0.08362686181361911,-0.007999999999999896
2020-05-23,SCORE_3,8292.022764423547,2041.7543490289136,1,10333.777113452461,11276.822380350783,-0.08362686181361911,0.0
2020-05-24,SCORE_3,8292.022764423547,2041.7543490289136,1,10333.777113452461,11276.822380350783,-0.08362686181361911,0.0
2020-05-25,SCORE_3,8292.022764423547,2041.7543490289136,1,10333.777113452461,11276.822380350783,-0.08362686181361911,0.0
2020-05-26,SCORE_3,8292.022764423547,2041.7543490289136,1,10333.777113452461,11276.822380350783,-0.08362686181361911,0.0
2020-05-27,SCORE_3,2066.755422690492,8101.681256946729,4,10168.436679637221,11276.822380350783,-0.09828883202460115,-0.016000000000000014
2020-05-28,SCORE_3,8134.749343709777,2115.034829364542,1,10249.78417307432,11276.822380350783,-0.09107514268079786,0.008000000000000007
2020-05-29,SCORE_3,10249.78417307432,0.0,0,10249.78417307432,11276.822380350783,-0.09107514268079786,0.0
2020-05-30,SCORE_3,10249.78417307432,0.0,0,10249.78417307432,11276.822380350783,-0.09107514268079786,0.0
2020-05-31,SCORE_3,10249.78417307432,0.0,0,10249.78417307432,11276.822380350783,-0.09107514268079786,0.0
2020-06-01,SCORE_3,2049.956834614863,8404.823021920942,4,10454.779856535804,11276.822380350783,-0.072896645534414,0.019999999999999796
2020-06-02,SCORE_3,6313.8670506137805,4140.912805922025,2,10454.779856535806,11276.822380350783,-0.07289664553441388,2.220446049250313e-16
2020-06-03,SCORE_3,8445.822158613239,2008.9576979225665,1,10454.779856535804,11276.822380350783,-0.072896645534414,-2.220446049250313e-16
2020-06-04,SCORE_3,8445.822158613239,2008.9576979225665,1,10454.779856535804,11276.822380350783,-0.072896645534414,0.0
2020-06-05,SCORE_3,4181.911942614321,6147.410555643053,3,10329.322498257374,11276.822380350783,-0.08402188578800118,-0.012000000000000122
2020-06-06,SCORE_3,4181.911942614321,6147.410555643053,3,10329.322498257374,11276.822380350783,-0.08402188578800118,0.0
2020-06-07,SCORE_3,4181.911942614321,6147.410555643053,3,10329.322498257374,11276.822380350783,-0.08402188578800118,0.0
2020-06-08,SCORE_3,4181.911942614321,6147.410555643053,3,10329.322498257374,11276.822380350783,-0.08402188578800118,0.0
2020-06-09,SCORE_3,4181.911942614321,6147.410555643053,3,10329.322498257374,11276.822380350783,-0.08402188578800118,0.0
2020-06-10,SCORE_3,4148.456647073406,6139.214008235529,3,10287.670655308935,11276.822380350783,-0.087715465552192,-0.004032388663967601
2020-06-11,SCORE_3,8230.136524247147,2016.3834484405518,1,10246.5199726877,11276.822380350783,-0.09136460368998323,-0.0040000000000000036
2020-06-12,SCORE_3,6147.911983612619,4016.6358292935774,2,10164.547812906196,11276.822380350783,-0.09863368686046359,-0.00800000000000023
2020-06-13,SCORE_3,10164.547812906198,0.0,0,10164.547812906198,11276.822380350783,-0.09863368686046348,2.220446049250313e-16
2020-06-14,SCORE_3,10164.547812906198,0.0,0,10164.547812906198,11276.822380350783,-0.09863368686046348,0.0
2020-06-15,SCORE_3,8131.638250324958,2114.2259450844895,1,10245.864195409447,11276.822380350783,-0.09142275635534713,0.008000000000000007
2020-06-16,SCORE_3,10245.864195409447,0.0,0,10245.864195409447,11276.822380350783,-0.09142275635534713,0.0
2020-06-17,SCORE_3,10245.864195409447,0.0,0,10245.864195409447,11276.822380350783,-0.09142275635534713,0.0
2020-06-18,SCORE_3,10245.864195409447,0.0,0,10245.864195409447,11276.822380350783,-0.09142275635534713,0.0
2020-06-19,SCORE_3,10245.864195409447,0.0,0,10245.864195409447,11276.822380350783,-0.09142275635534713,0.0
2020-06-20,SCORE_3,10245.864195409447,0.0,0,10245.864195409447,11276.822380350783,-0.09142275635534713,0.0
2020-06-21,SCORE_3,10245.864195409447,0.0,0,10245.864195409447,11276.822380350783,-0.09142275635534713,0.0
2020-06-22,SCORE_3,0.0,10040.946911501256,5,10040.946911501256,11276.822380350783,-0.10959430122824043,-0.02000000000000024
2020-06-23,SCORE_3,0.0,10040.946911501256,5,10040.946911501256,11276.822380350783,-0.10959430122824043,0.0
2020-06-24,SCORE_3,8032.757529201006,2008.1893823002506,1,10040.946911501256,11276.822380350783,-0.10959430122824043,0.0
2020-06-25,SCORE_3,2008.1893823002513,8080.781746448189,4,10088.97112874844,11276.822380350783,-0.10533563547760627,0.004782837482406821
2020-06-26,SCORE_3,5944.240571608744,4144.7305571396955,2,10088.971128748439,11276.822380350783,-0.10533563547760638,-2.220446049250313e-16
2020-06-27,SCORE_3,5944.240571608744,4144.7305571396955,2,10088.971128748439,11276.822380350783,-0.10533563547760638,0.0
2020-06-28,SCORE_3,5944.240571608744,4144.7305571396955,2,10088.971128748439,11276.822380350783,-0.10533563547760638,0.0
2020-06-29,SCORE_3,0.0,10089.613749350776,5,10089.613749350776,11276.822380350783,-0.1052786495128849,6.369535546646432e-05
2020-06-30,SCORE_3,3873.074370279557,6216.539379071219,3,10089.613749350776,11276.822380350783,-0.1052786495128849,0.0
2020-07-01,SCORE_3,5961.591327871818,4128.022421478958,2,10089.613749350776,11276.822380350783,-0.1052786495128849,0.0
2020-07-02,SCORE_3,10089.613749350776,0.0,0,10089.613749350776,11276.822380350783,-0.1052786495128849,0.0
2020-07-03,SCORE_3,10089.613749350776,0.0,0,10089.613749350776,11276.822380350783,-0.1052786495128849,0.0
2020-07-04,SCORE_3,10089.613749350776,0.0,0,10089.613749350776,11276.822380350783,-0.1052786495128849,0.0
2020-07-05,SCORE_3,10089.613749350776,0.0,0,10089.613749350776,11276.822380350783,-0.1052786495128849,0.0
2020-07-06,SCORE_3,10089.613749350776,0.0,0,10089.613749350776,11276.822380350783,-0.1052786495128849,0.0
2020-07-07,SCORE_3,10089.613749350776,0.0,0,10089.613749350776,11276.822380350783,-0.1052786495128849,0.0
2020-07-08,SCORE_3,10089.613749350776,0.0,0,10089.613749350776,11276.822380350783,-0.1052786495128849,0.0
2020-07-09,SCORE_3,10089.613749350776,0.0,0,10089.613749350776,11276.822380350783,-0.1052786495128849,0.0
2020-07-10,SCORE_3,10089.613749350776,0.0,0,10089.613749350776,11276.822380350783,-0.1052786495128849,0.0
2020-07-11,SCORE_3,10089.613749350776,0.0,0,10089.613749350776,11276.822380350783,-0.1052786495128849,0.0
2020-07-12,SCORE_3,10089.613749350776,0.0,0,10089.613749350776,11276.822380350783,-0.1052786495128849,0.0
2020-07-13,SCORE_3,8071.690999480621,1977.564294872752,1,10049.255294353374,11276.822380350783,-0.1088575349148333,-0.0039999999999998925
2020-07-14,SCORE_3,4019.702117741349,6029.553176612025,3,10049.255294353374,11276.822380350783,-0.1088575349148333,0.0
2020-07-15,SCORE_3,8079.601256660112,1969.6540376932614,1,10049.255294353374,11276.822380350783,-0.1088575349148333,0.0
2020-07-16,SCORE_3,6061.710793553954,4068.260119323665,2,10129.97091287762,11276.822380350783,-0.1016998786352693,0.008032000000000039
2020-07-17,SCORE_3,8031.364831247216,2098.606081630404,1,10129.97091287762,11276.822380350783,-0.1016998786352693,0.0
2020-07-18,SCORE_3,8031.364831247216,2098.606081630404,1,10129.97091287762,11276.822380350783,-0.1016998786352693,0.0
2020-07-19,SCORE_3,8031.364831247216,2098.606081630404,1,10129.97091287762,11276.822380350783,-0.1016998786352693,0.0
2020-07-20,SCORE_3,10129.97091287762,0.0,0,10129.97091287762,11276.822380350783,-0.1016998786352693,0.0
2020-07-21,SCORE_3,10129.97091287762,0.0,0,10129.97091287762,11276.822380350783,-0.1016998786352693,0.0
2020-07-22,SCORE_3,8103.976730302095,2009.628914080987,1,10113.605644383082,11276.822380350783,-0.10315110912756231,-0.0016155296629463134
2020-07-23,SCORE_3,4051.988365151047,5980.577511929014,3,10032.565877080062,11276.822380350783,-0.11033751009848014,-0.008012945150578266
2020-07-24,SCORE_3,0.0,10194.645411686102,5,10194.645411686102,11276.822380350783,-0.09596470815664448,0.016155342171868536
2020-07-25,SCORE_3,4214.067899757089,5980.577511929014,3,10194.645411686102,11276.822380350783,-0.09596470815664448,0.0
2020-07-26,SCORE_3,4214.067899757089,5980.577511929014,3,10194.645411686102,11276.822380350783,-0.09596470815664448,0.0
2020-07-27,SCORE_3,6142.814361568989,4133.51913555856,2,10276.333497127549,11276.822380350783,-0.08872081597795922,0.008012842246362784
2020-07-28,SCORE_3,6142.814361568989,4133.51913555856,2,10276.333497127549,11276.822380350783,-0.08872081597795922,0.0
2020-07-29,SCORE_3,8221.066797702038,2014.161365437,1,10235.228163139038,11276.822380350783,-0.09236593271404747,-0.004000000000000115
2020-07-30,SCORE_3,8221.066797702038,2014.161365437,1,10235.228163139038,11276.822380350783,-0.09236593271404747,0.0
2020-07-31,SCORE_3,6141.136897883423,4091.63969839966,2,10232.776596283084,11276.822380350783,-0.09258333144334074,-0.00023952244316183258
2020-08-01,SCORE_3,6141.136897883423,4091.63969839966,2,10232.776596283084,11276.822380350783,-0.09258333144334074,0.0
2020-08-02,SCORE_3,6141.136897883423,4091.63969839966,2,10232.776596283084,11276.822380350783,-0.09258333144334074,0.0
2020-08-03,SCORE_3,6108.384167761379,4132.350932658551,2,10240.73510041993,11276.822380350783,-0.09187759148678043,0.0007777463000351315
2020-08-04,SCORE_3,6108.384167761379,4132.350932658551,2,10240.73510041993,11276.822380350783,-0.09187759148678043,0.0
2020-08-05,SCORE_3,6108.384167761379,4132.350932658551,2,10240.73510041993,11276.822380350783,-0.09187759148678043,0.0
2020-08-06,SCORE_3,6108.384167761379,4132.350932658551,2,10240.73510041993,11276.822380350783,-0.09187759148678043,0.0
2020-08-07,SCORE_3,8193.919146185788,2046.8159542341425,1,10240.73510041993,11276.822380350783,-0.09187759148678043,0.0
2020-08-08,SCORE_3,8193.919146185788,2046.8159542341425,1,10240.73510041993,11276.822380350783,-0.09187759148678043,0.0
2020-08-09,SCORE_3,8193.919146185788,2046.8159542341425,1,10240.73510041993,11276.822380350783,-0.09187759148678043,0.0
2020-08-10,SCORE_3,6144.4410602519565,4014.368159364613,2,10158.809219616569,11276.822380350783,-0.09914257075488642,-0.008000000000000118
2020-08-11,SCORE_3,6095.285531769941,4039.676974113334,2,10134.962505883275,11276.822380350783,-0.10125723683092969,-0.0023473926144066404
2020-08-12,SCORE_3,0.0,10341.030426187004,5,10341.030426187004,11276.822380350783,-0.08298365644158257,0.020332381119723797
2020-08-13,SCORE_3,6217.191242405341,4123.839183781664,2,10341.030426187004,11276.822380350783,-0.08298365644158257,0.0
2020-08-14,SCORE_3,6217.191242405341,4123.839183781664,2,10341.030426187004,11276.822380350783,-0.08298365644158257,0.0
2020-08-15,SCORE_3,6217.191242405341,4123.839183781664,2,10341.030426187004,11276.822380350783,-0.08298365644158257,0.0
2020-08-16,SCORE_3,6217.191242405341,4123.839183781664,2,10341.030426187004,11276.822380350783,-0.08298365644158257,0.0
2020-08-17,SCORE_3,6217.191242405341,4123.839183781664,2,10341.030426187004,11276.822380350783,-0.08298365644158257,0.0
2020-08-18,SCORE_3,6206.2409187943995,4093.5994935790177,2,10299.840412373418,11276.822380350783,-0.08663628236973031,-0.0039831633904953145
2020-08-19,SCORE_3,8281.529735507578,2018.3106768658395,1,10299.840412373418,11276.822380350783,-0.08663628236973031,0.0
2020-08-20,SCORE_3,8239.872329898735,2101.803627854424,1,10341.67595775316,11276.822380350783,-0.08292641233997466,0.004061766367708275
2020-08-21,SCORE_3,8239.872329898735,2101.803627854424,1,10341.67595775316,11276.822380350783,-0.08292641233997466,0.0
2020-08-22,SCORE_3,8239.872329898735,2101.803627854424,1,10341.67595775316,11276.822380350783,-0.08292641233997466,0.0
2020-08-23,SCORE_3,8239.872329898735,2101.803627854424,1,10341.67595775316,11276.822380350783,-0.08292641233997466,0.0
2020-08-24,SCORE_3,8239.872329898735,2101.803627854424,1,10341.67595775316,11276.822380350783,-0.08292641233997466,0.0
2020-08-25,SCORE_3,8239.872329898735,2101.803627854424,1,10341.67595775316,11276.822380350783,-0.08292641233997466,0.0
2020-08-26,SCORE_3,8239.872329898735,2101.803627854424,1,10341.67595775316,11276.822380350783,-0.08292641233997466,0.0
2020-08-27,SCORE_3,10341.67595775316,0.0,0,10341.67595775316,11276.822380350783,-0.08292641233997466,0.0
2020-08-28,SCORE_3,2068.335191550632,8231.974062371515,4,10300.309253922147,11276.822380350783,-0.08659470669061475,-0.0040000000000000036
2020-08-29,SCORE_3,2068.335191550632,8231.974062371515,4,10300.309253922147,11276.822380350783,-0.08659470669061475,0.0
2020-08-30,SCORE_3,2068.335191550632,8231.974062371515,4,10300.309253922147,11276.822380350783,-0.08659470669061475,0.0
2020-08-31,SCORE_3,4095.303679270251,6205.005574651896,3,10300.309253922147,11276.822380350783,-0.08659470669061475,0.0
2020-09-01,SCORE_3,2035.2418284858213,8223.866188420638,4,10259.108016906459,11276.822380350783,-0.09024832786385217,-0.0040000000000000036
2020-09-02,SCORE_3,2109.701895381644,8107.873950878477,4,10217.575846260122,11276.822380350783,-0.09393129539189482,-0.004048321801261245
2020-09-03,SCORE_3,8182.499484589624,2035.0763616704978,1,10217.575846260122,11276.822380350783,-0.09393129539189482,0.0
2020-09-04,SCORE_3,0.0,10013.22432933492,5,10013.22432933492,11276.822380350783,-0.1120526694840569,-0.020000000000000018
2020-09-05,SCORE_3,10013.22432933492,0.0,0,10013.22432933492,11276.822380350783,-0.1120526694840569,0.0
2020-09-06,SCORE_3,10013.22432933492,0.0,0,10013.22432933492,11276.822380350783,-0.1120526694840569,0.0
2020-09-07,SCORE_3,10013.22432933492,0.0,0,10013.22432933492,11276.822380350783,-0.1120526694840569,0.0
2020-09-08,SCORE_3,0.0,10053.27722665226,5,10053.27722665226,11276.822380350783,-0.10850088016199311,0.0040000000000000036
2020-09-09,SCORE_3,48.06347678080692,10126.814346126896,5,10174.877822907703,11276.822380350783,-0.09771764778020753,0.012095617529880531
2020-09-10,SCORE_3,2034.2065489530476,8140.671273954655,4,10174.877822907702,11276.822380350783,-0.09771764778020764,-2.220446049250313e-16
2020-09-11,SCORE_3,1954.2930082254913,8140.482865125675,4,10094.775873351166,11276.822380350783,-0.1048208854525603,-0.00787252200475519
2020-09-12,SCORE_3,5879.288536495799,4215.487336855367,2,10094.775873351166,11276.822380350783,-0.1048208854525603,0.0
2020-09-13,SCORE_3,5879.288536495799,4215.487336855367,2,10094.775873351166,11276.822380350783,-0.1048208854525603,0.0
2020-09-14,SCORE_3,5984.290443087309,4190.595100737304,2,10174.885543824614,11276.822380350783,-0.09771696310888345,0.007935755234043995
2020-09-15,SCORE_3,10174.885543824614,0.0,0,10174.885543824614,11276.822380350783,-0.09771696310888345,0.0
2020-09-16,SCORE_3,6104.931326294769,4110.653759705144,2,10215.585085999912,11276.822380350783,-0.09410783096131903,0.0040000000000000036
2020-09-17,SCORE_3,6170.050593775247,4004.5093537119656,2,10174.559947487212,11276.822380350783,-0.09774583616606392,-0.004015936254979979
2020-09-18,SCORE_3,10174.559947487212,0.0,0,10174.559947487212,11276.822380350783,-0.09774583616606392,0.0
2020-09-19,SCORE_3,10174.559947487212,0.0,0,10174.559947487212,11276.822380350783,-0.09774583616606392,0.0
2020-09-20,SCORE_3,10174.559947487212,0.0,0,10174.559947487212,11276.822380350783,-0.09774583616606392,0.0
2020-09-21,SCORE_3,6104.735968492327,4088.9035670259295,2,10193.639535518256,11276.822380350783,-0.09605390670335567,0.0018752248873186161
2020-09-22,SCORE_3,2018.6326935814623,8064.668657091581,4,10083.301350673042,11276.822380350783,-0.10583841701341168,-0.010824218814168951
2020-09-23,SCORE_3,2018.6326935814623,8064.668657091581,4,10083.301350673042,11276.822380350783,-0.10583841701341168,0.0
2020-09-24,SCORE_3,5991.106482998789,4092.194867674254,2,10083.301350673042,11276.822380350783,-0.10583841701341168,0.0
2020-09-25,SCORE_3,5991.106482998789,4092.194867674254,2,10083.301350673042,11276.822380350783,-0.10583841701341168,0.0
2020-09-26,SCORE_3,5991.106482998789,4092.194867674254,2,10083.301350673042,11276.822380350783,-0.10583841701341168,0.0
2020-09-27,SCORE_3,5991.106482998789,4092.194867674254,2,10083.301350673042,11276.822380350783,-0.10583841701341168,0.0
2020-09-28,SCORE_3,8085.796300317224,1997.5050503558182,1,10083.301350673042,11276.822380350783,-0.10583841701341168,0.0
2020-09-29,SCORE_3,10083.301350673042,0.0,0,10083.301350673042,11276.822380350783,-0.10583841701341168,0.0
2020-09-30,SCORE_3,10083.301350673042,0.0,0,10083.301350673042,11276.822380350783,-0.10583841701341168,0.0
2020-10-01,SCORE_3,10083.301350673042,0.0,0,10083.301350673042,11276.822380350783,-0.10583841701341168,0.0
2020-10-02,SCORE_3,10083.301350673042,0.0,0,10083.301350673042,11276.822380350783,-0.10583841701341168,0.0
2020-10-03,SCORE_3,10083.301350673042,0.0,0,10083.301350673042,11276.822380350783,-0.10583841701341168,0.0
2020-10-04,SCORE_3,10083.301350673042,0.0,0,10083.301350673042,11276.822380350783,-0.10583841701341168,0.0
2020-10-05,SCORE_3,10083.301350673042,0.0,0,10083.301350673042,11276.822380350783,-0.10583841701341168,0.0
2020-10-06,SCORE_3,10083.301350673042,0.0,0,10083.301350673042,11276.822380350783,-0.10583841701341168,0.0
2020-10-07,SCORE_3,10083.301350673042,0.0,0,10083.301350673042,11276.822380350783,-0.10583841701341168,0.0
2020-10-08,SCORE_3,10083.301350673042,0.0,0,10083.301350673042,11276.822380350783,-0.10583841701341168,0.0
2020-10-09,SCORE_3,10083.301350673042,0.0,0,10083.301350673042,11276.822380350783,-0.10583841701341168,0.0
2020-10-10,SCORE_3,10083.301350673042,0.0,0,10083.301350673042,11276.822380350783,-0.10583841701341168,0.0
2020-10-11,SCORE_3,10083.301350673042,0.0,0,10083.301350673042,11276.822380350783,-0.10583841701341168,0.0
2020-10-12,SCORE_3,8066.641080538434,1976.3270647319162,1,10042.96814527035,11276.822380350783,-0.10941506334535811,-0.0040000000000000036
2020-10-13,SCORE_3,8066.641080538434,1976.3270647319162,1,10042.96814527035,11276.822380350783,-0.10941506334535811,0.0
2020-10-14,SCORE_3,4033.3205402692174,5928.981194195749,3,9962.301734464967,11276.822380350783,-0.11656835600925064,-0.008032128514056103
2020-10-15,SCORE_3,1984.3937058124548,7977.908028652512,4,9962.301734464967,11276.822380350783,-0.11656835600925064,0.0
2020-10-16,SCORE_3,7985.97466973305,1976.3270647319162,1,9962.301734464967,11276.822380350783,-0.11656835600925064,0.0
2020-10-17,SCORE_3,7985.97466973305,1976.3270647319162,1,9962.301734464967,11276.822380350783,-0.11656835600925064,0.0
2020-10-18,SCORE_3,7985.97466973305,1976.3270647319162,1,9962.301734464967,11276.822380350783,-0.11656835600925064,0.0
2020-10-19,SCORE_3,7969.841387571973,1952.611139955134,1,9922.452527527108,11276.822380350783,-0.1201020825852136,-0.0039999999999998925
2020-10-20,SCORE_3,7937.962022021687,1944.8006953953134,1,9882.762717417,11276.822380350783,-0.1236216742548728,-0.0040000000000000036
2020-10-21,SCORE_3,7937.962022021687,1944.8006953953134,1,9882.762717417,11276.822380350783,-0.1236216742548728,0.0
2020-10-22,SCORE_3,5953.471516516265,4008.6708211209516,2,9962.142337637217,11276.822380350783,-0.1165824909155544,0.008032128514056325
2020-10-23,SCORE_3,8017.341642241903,1944.8006953953134,1,9962.142337637217,11276.822380350783,-0.1165824909155544,0.0
2020-10-24,SCORE_3,8017.341642241903,1944.8006953953134,1,9962.142337637217,11276.822380350783,-0.1165824909155544,0.0
2020-10-25,SCORE_3,8017.341642241903,1944.8006953953134,1,9962.142337637217,11276.822380350783,-0.1165824909155544,0.0
2020-10-26,SCORE_3,9962.142337637217,0.0,0,9962.142337637217,11276.822380350783,-0.1165824909155544,0.0
2020-10-27,SCORE_3,0.0,9762.899490884472,5,9762.899490884472,11276.822380350783,-0.13425084109724328,-0.020000000000000018
2020-10-28,SCORE_3,7810.319592707578,1913.5283002133565,1,9723.847892920934,11276.822380350783,-0.1377138377328544,-0.0040000000000000036
2020-10-29,SCORE_3,7779.078314336747,2022.5603617275547,1,9801.638676064302,11276.822380350783,-0.1308155484347172,0.008000000000000007
2020-10-30,SCORE_3,7779.078314336747,2022.5603617275547,1,9801.638676064302,11276.822380350783,-0.1308155484347172,0.0
2020-10-31,SCORE_3,7779.078314336747,2022.5603617275547,1,9801.638676064302,11276.822380350783,-0.1308155484347172,0.0
2020-11-01,SCORE_3,7779.078314336747,2022.5603617275547,1,9801.638676064302,11276.822380350783,-0.1308155484347172,0.0
2020-11-02,SCORE_3,7779.078314336747,2022.5603617275547,1,9801.638676064302,11276.822380350783,-0.1308155484347172,0.0
2020-11-03,SCORE_3,9801.638676064302,0.0,0,9801.638676064302,11276.822380350783,-0.1308155484347172,0.0
2020-11-04,SCORE_3,9801.638676064302,0.0,0,9801.638676064302,11276.822380350783,-0.1308155484347172,0.0
2020-11-05,SCORE_3,5880.98320563858,4077.48168924275,2,9958.46489488133,11276.822380350783,-0.11690859720967273,0.016000000000000014
2020-11-06,SCORE_3,5880.98320563858,4077.48168924275,2,9958.46489488133,11276.822380350783,-0.11690859720967273,0.0
2020-11-07,SCORE_3,5880.98320563858,4077.48168924275,2,9958.46489488133,11276.822380350783,-0.11690859720967273,0.0
2020-11-08,SCORE_3,5880.98320563858,4077.48168924275,2,9958.46489488133,11276.822380350783,-0.11690859720967273,0.0
2020-11-09,SCORE_3,9958.46489488133,0.0,0,9958.46489488133,11276.822380350783,-0.11690859720967273,0.0
2020-11-10,SCORE_3,5975.078936928798,3903.7182387934818,2,9878.79717572228,11276.822380350783,-0.12397332843199527,-0.007999999999999896
2020-11-11,SCORE_3,5927.278305433367,3901.166414474903,2,9828.44471990827,11276.822380350783,-0.12843845647212004,-0.005097022938962081
2020-11-12,SCORE_3,5895.666154471056,4011.4928213333696,2,9907.158975804425,11276.822380350783,-0.12145827595306613,0.008008821145090605
2020-11-13,SCORE_3,0.0,10025.38842040347,5,10025.38842040347,11276.822380350783,-0.11097398874774023,0.011933738510484071
2020-11-14,SCORE_3,2046.570653300033,7978.817767103437,4,10025.38842040347,11276.822380350783,-0.11097398874774023,0.0
2020-11-15,SCORE_3,2046.570653300033,7978.817767103437,4,10025.38842040347,11276.822380350783,-0.11097398874774023,0.0
2020-11-16,SCORE_3,6139.711959900099,3885.6764605033704,2,10025.38842040347,11276.822380350783,-0.11097398874774023,0.0
2020-11-17,SCORE_3,4124.627008958528,5906.836095693093,3,10031.46310465162,11276.822380350783,-0.11043530115976019,0.0006059300640948173
2020-11-18,SCORE_3,4000.1481013005105,6017.5714330521005,3,10017.719534352611,11276.822380350783,-0.11165404610718055,-0.0013700464384539535
2020-11-19,SCORE_3,3968.066858355219,6129.534970931167,3,10097.601829286386,11276.822380350783,-0.10457028684952252,0.007974099759914921
2020-11-20,SCORE_3,1971.009485010848,8134.580389136537,4,10105.589874147385,11276.822380350783,-0.10386192729648769,0.0007910833677191587
2020-11-21,SCORE_3,1971.009485010848,8134.580389136537,4,10105.589874147385,11276.822380350783,-0.10386192729648769,0.0
2020-11-22,SCORE_3,1971.009485010848,8134.580389136537,4,10105.589874147385,11276.822380350783,-0.10386192729648769,0.0
2020-11-23,SCORE_3,0.0,10066.169684447168,5,10066.169684447168,11276.822380350783,-0.10735760971220998,-0.0039008301535236045
2020-11-24,SCORE_3,3952.7489305003533,6113.420753946814,3,10066.169684447168,11276.822380350783,-0.10735760971220998,0.0
2020-11-25,SCORE_3,5984.184597963651,4081.985086483516,2,10066.169684447166,11276.822380350783,-0.1073576097122102,-2.220446049250313e-16
2020-11-26,SCORE_3,5984.184597963651,4081.985086483516,2,10066.169684447166,11276.822380350783,-0.1073576097122102,0.0
2020-11-27,SCORE_3,8061.124266241797,2005.0454182053702,1,10066.169684447168,11276.822380350783,-0.10735760971220998,2.220446049250313e-16
2020-11-28,SCORE_3,8061.124266241797,2005.0454182053702,1,10066.169684447168,11276.822380350783,-0.10735760971220998,0.0
2020-11-29,SCORE_3,8061.124266241797,2005.0454182053702,1,10066.169684447168,11276.822380350783,-0.10735760971220998,0.0
2020-11-30,SCORE_3,10066.169684447166,0.0,0,10066.169684447166,11276.822380350783,-0.1073576097122102,-2.220446049250313e-16
2020-12-01,SCORE_3,2013.233936889432,8108.624739702005,4,10121.858676591437,11276.822380350783,-0.10241925116882256,0.00553229221143714
2020-12-02,SCORE_3,2013.233936889432,8108.624739702005,4,10121.858676591437,11276.822380350783,-0.10241925116882256,0.0
2020-12-03,SCORE_3,2013.233936889432,8108.624739702005,4,10121.858676591437,11276.822380350783,-0.10241925116882256,0.0
2020-12-04,SCORE_3,1981.0221938992008,8140.248872001379,4,10121.271065900579,11276.822380350783,-0.10247135899415116,-5.805363517052964e-05
2020-12-05,SCORE_3,1981.0221938992008,8140.248872001379,4,10121.271065900579,11276.822380350783,-0.10247135899415116,0.0
2020-12-06,SCORE_3,1981.0221938992008,8140.248872001379,4,10121.271065900579,11276.822380350783,-0.10247135899415116,0.0
2020-12-07,SCORE_3,1981.0221938992008,8140.248872001379,4,10121.271065900579,11276.822380350783,-0.10247135899415116,0.0
2020-12-08,SCORE_3,8116.677675449561,2004.5933904510184,1,10121.271065900579,11276.822380350783,-0.10247135899415116,0.0
2020-12-09,SCORE_3,8116.677675449561,2004.5933904510184,1,10121.271065900579,11276.822380350783,-0.10247135899415116,0.0
2020-12-10,SCORE_3,2043.5624694946991,8199.170900524978,4,10242.733370019676,11276.822380350783,-0.09170039000817709,0.012000696684067114
2020-12-11,SCORE_3,6032.040160557639,4210.693209462038,2,10242.733370019676,11276.822380350783,-0.09170039000817709,0.0
2020-12-12,SCORE_3,6032.040160557639,4210.693209462038,2,10242.733370019676,11276.822380350783,-0.09170039000817709,0.0
2020-12-13,SCORE_3,6032.040160557639,4210.693209462038,2,10242.733370019676,11276.822380350783,-0.09170039000817709,0.0
2020-12-14,SCORE_3,8137.386765288658,2105.346604731019,1,10242.733370019678,11276.822380350783,-0.09170039000817698,2.220446049250313e-16
2020-12-15,SCORE_3,0.0,10115.997885495639,5,10115.997885495639,11276.822380350783,-0.10293897125468732,-0.012373209371532745
2020-12-16,SCORE_3,4015.151481047714,6100.846404447925,3,10115.997885495639,11276.822380350783,-0.10293897125468732,0.0
2020-12-17,SCORE_3,6022.72722157157,4093.2706639240687,2,10115.997885495639,11276.822380350783,-0.10293897125468732,0.0
2020-12-18,SCORE_3,8030.302962095428,2085.694923400212,1,10115.997885495639,11276.822380350783,-0.10293897125468732,0.0
2020-12-19,SCORE_3,8030.302962095428,2085.694923400212,1,10115.997885495639,11276.822380350783,-0.10293897125468732,0.0
2020-12-20,SCORE_3,8030.302962095428,2085.694923400212,1,10115.997885495639,11276.822380350783,-0.10293897125468732,0.0
2020-12-21,SCORE_3,3998.7631076556827,6059.528711570403,3,10058.291819226086,11276.822380350783,-0.10805619881429684,-0.0057044363712542845
2020-12-22,SCORE_3,6044.77606234112,3973.21302693716,2,10017.98908927828,11276.822380350783,-0.11163014266021842,-0.004006915952743384
2020-12-23,SCORE_3,6012.5338783828765,4085.738248951431,2,10098.272127334309,11276.822380350783,-0.10451084651914266,0.008013887551739485
2020-12-24,SCORE_3,6012.5338783828765,4085.738248951431,2,10098.272127334309,11276.822380350783,-0.10451084651914266,0.0
2020-12-25,SCORE_3,6012.5338783828765,4085.738248951431,2,10098.272127334309,11276.822380350783,-0.10451084651914266,0.0
2020-12-26,SCORE_3,6012.5338783828765,4085.738248951431,2,10098.272127334309,11276.822380350783,-0.10451084651914266,0.0
2020-12-27,SCORE_3,6012.5338783828765,4085.738248951431,2,10098.272127334309,11276.822380350783,-0.10451084651914266,0.0
2020-12-28,SCORE_3,8099.892867839591,1998.3792594947163,1,10098.272127334309,11276.822380350783,-0.10451084651914266,0.0
2020-12-29,SCORE_3,10098.272127334309,0.0,0,10098.272127334309,11276.822380350783,-0.10451084651914266,0.0
2020-12-30,SCORE_3,10098.272127334309,0.0,0,10098.272127334309,11276.822380350783,-0.10451084651914266,0.0
2020-12-31,SCORE_3,10098.272127334309,0.0,0,10098.272127334309,11276.822380350783,-0.10451084651914266,0.0
2021-01-01,SCORE_3,10098.272127334309,0.0,0,10098.272127334309,11276.822380350783,-0.10451084651914266,0.0
2021-01-02,SCORE_3,10098.272127334309,0.0,0,10098.272127334309,11276.822380350783,-0.10451084651914266,0.0
2021-01-03,SCORE_3,10098.272127334309,0.0,0,10098.272127334309,11276.822380350783,-0.10451084651914266,0.0
2021-01-04,SCORE_3,10098.272127334309,0.0,0,10098.272127334309,11276.822380350783,-0.10451084651914266,0.0
2021-01-05,SCORE_3,4.547473508864641e-13,10056.468289801407,5,10056.468289801407,11276.822380350783,-0.10821790477748172,-0.004139702020877989
2021-01-06,SCORE_3,3958.5226739150494,6097.945615886359,3,10056.468289801407,11276.822380350783,-0.10821790477748172,0.0
2021-01-07,SCORE_3,4039.308850933724,6097.945615886359,3,10137.254466820083,11276.822380350783,-0.10105399154963479,0.008033255283129925
2021-01-08,SCORE_3,6139.74945341926,3997.5050134008225,2,10137.254466820083,11276.822380350783,-0.10105399154963479,0.0
2021-01-09,SCORE_3,6139.74945341926,3997.5050134008225,2,10137.254466820083,11276.822380350783,-0.10105399154963479,0.0
2021-01-10,SCORE_3,6139.74945341926,3997.5050134008225,2,10137.254466820083,11276.822380350783,-0.10105399154963479,0.0
2021-01-11,SCORE_3,6139.74945341926,3997.5050134008225,2,10137.254466820083,11276.822380350783,-0.10105399154963479,0.0
2021-01-12,SCORE_3,8109.803573456066,2108.5489290985774,1,10218.352502554644,11276.822380350783,-0.09386242348203178,0.008000000000000007
2021-01-13,SCORE_3,6082.35268009205,4217.097858197155,2,10299.450538289206,11276.822380350783,-0.08667085541442876,0.00793650793650813
2021-01-14,SCORE_3,6147.231108679698,4111.3460195992875,2,10258.577128278986,11276.822380350783,-0.09029540572050065,-0.003968503937007983
2021-01-15,SCORE_3,8150.028199180408,2108.5489290985774,1,10258.577128278985,11276.822380350783,-0.09029540572050088,-2.220446049250313e-16
2021-01-16,SCORE_3,8150.028199180408,2108.5489290985774,1,10258.577128278985,11276.822380350783,-0.09029540572050088,0.0
2021-01-17,SCORE_3,8150.028199180408,2108.5489290985774,1,10258.577128278985,11276.822380350783,-0.09029540572050088,0.0
2021-01-18,SCORE_3,8150.028199180408,2108.5489290985774,1,10258.577128278985,11276.822380350783,-0.09029540572050088,0.0
2021-01-19,SCORE_3,2043.5407436537519,8092.9066355147,4,10136.447379168452,11276.822380350783,-0.10112556203504353,-0.011905135340247841
2021-01-20,SCORE_3,2100.3742470965326,7995.038823558803,4,10095.413070655337,11276.822380350783,-0.10476438041216152,-0.004048194301037422
2021-01-21,SCORE_3,8100.627168516628,1994.7859021387076,1,10095.413070655337,11276.822380350783,-0.10476438041216152,0.0
2021-01-22,SCORE_3,4046.1779737064226,5968.14611305271,3,10014.324086759132,11276.822380350783,-0.11195514578570298,-0.008032260129296587
2021-01-23,SCORE_3,4046.1779737064226,5968.14611305271,3,10014.324086759132,11276.822380350783,-0.11195514578570298,0.0
2021-01-24,SCORE_3,4046.1779737064226,5968.14611305271,3,10014.324086759132,11276.822380350783,-0.11195514578570298,0.0
2021-01-25,SCORE_3,4021.881261714063,5952.061172762447,3,9973.94243447651,11276.822380350783,-0.11553608826405448,-0.0040323891989888505
2021-01-26,SCORE_3,1978.5701731647425,7875.198418194673,4,9853.768591359416,11276.822380350783,-0.12619279979712694,-0.012048780500446332
2021-01-27,SCORE_3,9853.768591359416,0.0,0,9853.768591359416,11276.822380350783,-0.12619279979712694,0.0
2021-01-28,SCORE_3,0.0,9893.183665724853,5,9893.183665724853,11276.822380350783,-0.12269757099631551,0.0040000000000000036
2021-01-29,SCORE_3,0.0,9930.391495925827,5,9930.391495925827,11276.822380350783,-0.11939807500834931,0.003760956175298924
2021-01-30,SCORE_3,1915.887934755194,8014.503561170633,4,9930.391495925827,11276.822380350783,-0.11939807500834931,0.0
2021-01-31,SCORE_3,1915.887934755194,8014.503561170633,4,9930.391495925827,11276.822380350783,-0.11939807500834931,0.0
2021-02-01,SCORE_3,0.0,9967.923475698382,5,9967.923475698382,11276.822380350783,-0.11606983425872541,0.0037795065570127573
2021-02-02,SCORE_3,3950.0828954433064,6017.840580255075,3,9967.923475698382,11276.822380350783,-0.11606983425872541,0.0
2021-02-03,SCORE_3,7983.926292439712,1983.9971832586696,1,9967.92347569838,11276.822380350783,-0.11606983425872552,-2.220446049250313e-16
2021-02-04,SCORE_3,6005.603114094332,4041.4532887378637,2,10047.056402832197,11276.822380350783,-0.10905252703646218,0.007938757488130888
2021-02-05,SCORE_3,7989.600297353002,2057.4561054791943,1,10047.056402832197,11276.822380350783,-0.10905252703646218,0.0
2021-02-06,SCORE_3,7989.600297353002,2057.4561054791943,1,10047.056402832197,11276.822380350783,-0.10905252703646218,0.0
2021-02-07,SCORE_3,7989.600297353002,2057.4561054791943,1,10047.056402832197,11276.822380350783,-0.10905252703646218,0.0
2021-02-08,SCORE_3,7989.600297353002,2057.4561054791943,1,10047.056402832197,11276.822380350783,-0.10905252703646218,0.0
2021-02-09,SCORE_3,7989.600297353002,2057.4561054791943,1,10047.056402832197,11276.822380350783,-0.10905252703646218,0.0
2021-02-10,SCORE_3,7989.600297353002,2057.4561054791943,1,10047.056402832197,11276.822380350783,-0.10905252703646218,0.0
2021-02-11,SCORE_3,10047.056402832197,0.0,0,10047.056402832197,11276.822380350783,-0.10905252703646218,0.0
2021-02-12,SCORE_3,10047.056402832197,0.0,0,10047.056402832197,11276.822380350783,-0.10905252703646218,0.0
2021-02-13,SCORE_3,10047.056402832197,0.0,0,10047.056402832197,11276.822380350783,-0.10905252703646218,0.0
2021-02-14,SCORE_3,10047.056402832197,0.0,0,10047.056402832197,11276.822380350783,-0.10905252703646218,0.0
2021-02-15,SCORE_3,10047.056402832197,0.0,0,10047.056402832197,11276.822380350783,-0.10905252703646218,0.0
2021-02-16,SCORE_3,10047.056402832197,0.0,0,10047.056402832197,11276.822380350783,-0.10905252703646218,0.0
2021-02-17,SCORE_3,8037.645122265758,1969.2230549551105,1,10006.86817722087,11276.822380350783,-0.1126163169283162,-0.0039999999999998925
2021-02-18,SCORE_3,8037.645122265758,1969.2230549551105,1,10006.86817722087,11276.822380350783,-0.1126163169283162,0.0
2021-02-19,SCORE_3,10006.86817722087,0.0,0,10006.86817722087,11276.822380350783,-0.1126163169283162,0.0
2021-02-20,SCORE_3,10006.86817722087,0.0,0,10006.86817722087,11276.822380350783,-0.1126163169283162,0.0
2021-02-21,SCORE_3,10006.86817722087,0.0,0,10006.86817722087,11276.822380350783,-0.1126163169283162,0.0
2021-02-22,SCORE_3,6004.120906332522,3922.6923254705807,2,9926.813231803102,11276.822380350783,-0.1197153863928897,-0.008000000000000007
2021-02-23,SCORE_3,0.0,9798.4974877279,5,9798.4974877279,11276.822380350783,-0.13109410104736408,-0.012926176918903742
2021-02-24,SCORE_3,3875.4278856959313,5844.925728271215,3,9720.353613967147,11276.822380350783,-0.13802370152567922,-0.00797508739055397
2021-02-25,SCORE_3,7704.477699972878,2015.8759139942683,1,9720.353613967147,11276.822380350783,-0.13802370152567922,0.0
2021-02-26,SCORE_3,0.0,9669.101856627212,5,9669.101856627212,11276.822380350783,-0.14256857734364348,-0.005272622722931719
2021-02-27,SCORE_3,3798.4174157627317,5870.684440864481,3,9669.101856627212,11276.822380350783,-0.14256857734364348,0.0
2021-02-28,SCORE_3,3798.4174157627317,5870.684440864481,3,9669.101856627212,11276.822380350783,-0.14256857734364348,0.0
2021-03-01,SCORE_3,0.0,9708.481367794711,5,9708.481367794711,11276.822380350783,-0.1390765021970033,0.004072716551280164
2021-03-02,SCORE_3,2015.875913994268,7692.605453800444,4,9708.481367794711,11276.822380350783,-0.1390765021970033,0.0
2021-03-03,SCORE_3,5853.672840924499,3854.8085268702125,2,9708.481367794711,11276.822380350783,-0.1390765021970033,0.0
2021-03-04,SCORE_3,5777.554276749717,3892.349479314912,2,9669.903756064628,11276.822380350783,-0.14249746693590903,-0.003973598987175642
2021-03-05,SCORE_3,7735.923004851703,1895.3011361886672,1,9631.22414104037,11276.822380350783,-0.14592747706816545,-0.0040000000000000036
2021-03-06,SCORE_3,9631.22414104037,0.0,0,9631.22414104037,11276.822380350783,-0.14592747706816545,0.0
2021-03-07,SCORE_3,9631.22414104037,0.0,0,9631.22414104037,11276.822380350783,-0.14592747706816545,0.0
2021-03-08,SCORE_3,9631.22414104037,0.0,0,9631.22414104037,11276.822380350783,-0.14592747706816545,0.0
2021-03-09,SCORE_3,9631.22414104037,0.0,0,9631.22414104037,11276.822380350783,-0.14592747706816545,0.0
2021-03-10,SCORE_3,5778.734484624221,3891.0145529803094,2,9669.749037604532,11276.822380350783,-0.14251118697643805,0.0040000000000000036
2021-03-11,SCORE_3,5778.734484624221,3891.0145529803094,2,9669.749037604532,11276.822380350783,-0.14251118697643805,0.0
2021-03-12,SCORE_3,7782.029105960619,1887.7199316439126,1,9669.749037604532,11276.822380350783,-0.14251118697643805,0.0
2021-03-13,SCORE_3,7782.029105960619,1887.7199316439126,1,9669.749037604532,11276.822380350783,-0.14251118697643805,0.0
2021-03-14,SCORE_3,7782.029105960619,1887.7199316439126,1,9669.749037604532,11276.822380350783,-0.14251118697643805,0.0
2021-03-15,SCORE_3,5840.37431912688,3907.040909951001,2,9747.415229077882,11276.822380350783,-0.13562394615151563,0.00803187250996018
2021-03-16,SCORE_3,7797.932183262305,1910.493384899265,1,9708.42556816157,11276.822380350783,-0.13908145036690955,-0.0040000000000000036
2021-03-17,SCORE_3,7797.932183262305,1910.493384899265,1,9708.42556816157,11276.822380350783,-0.13908145036690955,0.0
2021-03-18,SCORE_3,7766.740454529257,2019.3525181776067,1,9786.092972706863,11276.822380350783,-0.13219410196984482,0.008000000000000007
2021-03-19,SCORE_3,3883.3702272646287,5825.055340896943,3,9708.425568161572,11276.822380350783,-0.13908145036690933,-0.007936507936507797
2021-03-20,SCORE_3,7689.073049983965,2019.3525181776067,1,9708.425568161572,11276.822380350783,-0.13908145036690933,0.0
2021-03-21,SCORE_3,7689.073049983965,2019.3525181776067,1,9708.425568161572,11276.822380350783,-0.13908145036690933,0.0
2021-03-22,SCORE_3,3836.7697845374532,5870.85036170986,3,9707.620146247315,11276.822380350783,-0.13915287313895386,-8.296112573591419e-05
2021-03-23,SCORE_3,5809.770395682429,3951.239573429881,2,9761.00996911231,11276.822380350783,-0.1344183990943839,0.005499784917484041
2021-03-24,SCORE_3,3875.7898885810073,5846.540470389274,3,9722.330358970281,11276.822380350783,-0.13784840879369664,-0.003962664751334888
2021-03-25,SCORE_3,5771.0907855404,3951.239573429881,2,9722.330358970281,11276.822380350783,-0.13784840879369664,0.0
2021-03-26,SCORE_3,5771.0907855404,3951.239573429881,2,9722.330358970281,11276.822380350783,-0.13784840879369664,0.0
2021-03-27,SCORE_3,5771.0907855404,3951.239573429881,2,9722.330358970281,11276.822380350783,-0.13784840879369664,0.0
2021-03-28,SCORE_3,5771.0907855404,3951.239573429881,2,9722.330358970281,11276.822380350783,-0.13784840879369664,0.0
2021-03-29,SCORE_3,7734.960029003863,1987.370329966418,1,9722.330358970281,11276.822380350783,-0.13784840879369664,0.0
2021-03-30,SCORE_3,7777.864287176225,1953.6113811596974,1,9731.475668335923,11276.822380350783,-0.13703742596030755,0.0009406499293869164
2021-03-31,SCORE_3,7777.864287176225,1953.6113811596974,1,9731.475668335923,11276.822380350783,-0.13703742596030755,0.0
2021-04-01,SCORE_3,7777.864287176225,1953.6113811596974,1,9731.475668335923,11276.822380350783,-0.13703742596030755,0.0
2021-04-02,SCORE_3,7777.864287176225,1953.6113811596974,1,9731.475668335923,11276.822380350783,-0.13703742596030755,0.0
2021-04-03,SCORE_3,7777.864287176225,1953.6113811596974,1,9731.475668335923,11276.822380350783,-0.13703742596030755,0.0
2021-04-04,SCORE_3,7777.864287176225,1953.6113811596974,1,9731.475668335923,11276.822380350783,-0.13703742596030755,0.0
2021-04-05,SCORE_3,7777.864287176225,1953.6113811596974,1,9731.475668335923,11276.822380350783,-0.13703742596030755,0.0
2021-04-06,SCORE_3,7777.864287176225,1953.6113811596974,1,9731.475668335923,11276.822380350783,-0.13703742596030755,0.0
2021-04-07,SCORE_3,9731.475668335923,0.0,0,9731.475668335923,11276.822380350783,-0.13703742596030755,0.0
2021-04-08,SCORE_3,9731.475668335923,0.0,0,9731.475668335923,11276.822380350783,-0.13703742596030755,0.0
2021-04-09,SCORE_3,9731.475668335923,0.0,0,9731.475668335923,11276.822380350783,-0.13703742596030755,0.0
2021-04-10,SCORE_3,9731.475668335923,0.0,0,9731.475668335923,11276.822380350783,-0.13703742596030755,0.0
2021-04-11,SCORE_3,9731.475668335923,0.0,0,9731.475668335923,11276.822380350783,-0.13703742596030755,0.0
2021-04-12,SCORE_3,9731.475668335923,0.0,0,9731.475668335923,11276.822380350783,-0.13703742596030755,0.0
2021-04-13,SCORE_3,9731.475668335923,0.0,0,9731.475668335923,11276.822380350783,-0.13703742596030755,0.0
2021-04-14,SCORE_3,9731.475668335923,0.0,0,9731.475668335923,11276.822380350783,-0.13703742596030755,0.0
2021-04-15,SCORE_3,5838.885401001553,3814.738461987682,2,9653.623862989236,11276.822380350783,-0.14394112655262503,-0.007999999999999896
2021-04-16,SCORE_3,5807.744678862879,3807.1089850637068,2,9614.853663926586,11276.822380350783,-0.1473791694475992,-0.004016129032258009
2021-04-17,SCORE_3,5807.744678862879,3807.1089850637068,2,9614.853663926586,11276.822380350783,-0.1473791694475992,0.0
2021-04-18,SCORE_3,5807.744678862879,3807.1089850637068,2,9614.853663926586,11276.822380350783,-0.1473791694475992,0.0
2021-04-19,SCORE_3,5807.744678862879,3807.1089850637068,2,9614.853663926586,11276.822380350783,-0.1473791694475992,0.0
2021-04-20,SCORE_3,1915.216692972787,7583.7916161546,4,9499.008309127386,11276.822380350783,-0.1576520416177819,-0.012048582209195025
2021-04-21,SCORE_3,1884.2934576375278,7817.917386117761,4,9702.210843755289,11276.822380350783,-0.13963255636083838,0.021391973563456013
2021-04-22,SCORE_3,1930.1362069704066,7695.47216241251,4,9625.608369382917,11276.822380350783,-0.14642546945183876,-0.007895362779265502
2021-04-23,SCORE_3,0.0,9665.104385303493,5,9665.104385303493,11276.822380350783,-0.14292306295926194,0.004103222820305508
2021-04-24,SCORE_3,0.0,9665.104385303493,5,9665.104385303493,11276.822380350783,-0.14292306295926194,0.0
2021-04-25,SCORE_3,0.0,9665.104385303493,5,9665.104385303493,11276.822380350783,-0.14292306295926194,0.0
2021-04-26,SCORE_3,61.16386354200745,9565.487285574369,5,9626.651149116376,11276.822380350783,-0.14633299839055147,-0.003978563981739125
2021-04-27,SCORE_3,61.16386354200745,9565.487285574369,5,9626.651149116376,11276.822380350783,-0.14633299839055147,0.0
2021-04-28,SCORE_3,3896.0497309334887,5730.601418182887,3,9626.651149116376,11276.822380350783,-0.14633299839055147,0.0
2021-04-29,SCORE_3,45.80638318032197,9546.724379048681,5,9592.530762229002,11276.822380350783,-0.14935870773814464,-0.0035443672320573105
2021-04-30,SCORE_3,5745.397298634492,3923.8386533196217,2,9669.235951954113,11276.822380350783,-0.14255668611024652,0.007996345451102504
2021-05-01,SCORE_3,5745.397298634492,3923.8386533196217,2,9669.235951954113,11276.822380350783,-0.14255668611024652,0.0
2021-05-02,SCORE_3,5745.397298634492,3923.8386533196217,2,9669.235951954113,11276.822380350783,-0.14255668611024652,0.0
2021-05-03,SCORE_3,3827.7675555067226,5918.173586172501,3,9745.941141679225,11276.822380350783,-0.1357546644823484,0.007932911153089472
2021-05-04,SCORE_3,0.0,9669.38579056909,5,9669.38579056909,11276.822380350783,-0.14254339880200295,-0.007855100907878554
2021-05-05,SCORE_3,7.879074919201685,9506.866655746224,5,9514.745730665425,11276.822380350783,-0.15625648700077743,-0.01599274899699321
2021-05-06,SCORE_3,5709.723847717287,3807.8880728007643,2,9517.611920518051,11276.822380350783,-0.15600232055601537,0.0003012366208998696
2021-05-07,SCORE_3,5709.723847717287,3807.8880728007643,2,9517.611920518051,11276.822380350783,-0.15600232055601537,0.0
2021-05-08,SCORE_3,5709.723847717287,3807.8880728007643,2,9517.611920518051,11276.822380350783,-0.15600232055601537,0.0
2021-05-09,SCORE_3,5709.723847717287,3807.8880728007643,2,9517.611920518051,11276.822380350783,-0.15600232055601537,0.0
2021-05-10,SCORE_3,5709.723847717287,3807.8880728007643,2,9517.611920518051,11276.822380350783,-0.15600232055601537,0.0
2021-05-11,SCORE_3,3798.1662892709865,5699.737559771271,3,9497.903849042257,11276.822380350783,-0.15774998233617554,-0.0020706950063079654
2021-05-12,SCORE_3,0.0,9384.64271999263,5,9384.64271999263,11276.822380350783,-0.16779369192292748,-0.011924855299630055
2021-05-13,SCORE_3,0.0,9602.073796454813,5,9602.073796454813,11276.822380350783,-0.14851245567316218,0.023168817710979894
2021-05-14,SCORE_3,1956.0732995516403,7646.000496903173,4,9602.073796454813,11276.822380350783,-0.14851245567316218,0.0
2021-05-15,SCORE_3,1956.0732995516403,7646.000496903173,4,9602.073796454813,11276.822380350783,-0.14851245567316218,0.0
2021-05-16,SCORE_3,1956.0732995516403,7646.000496903173,4,9602.073796454813,11276.822380350783,-0.14851245567316218,0.0
2021-05-17,SCORE_3,3912.1465991032806,5689.927197351533,3,9602.073796454813,11276.822380350783,-0.14851245567316218,0.0
2021-05-18,SCORE_3,3918.843327908796,5644.9384019705285,3,9563.781729879323,11276.822380350783,-0.15190809899217128,-0.003987895467917335
2021-05-19,SCORE_3,5753.221626604181,3816.048980444177,2,9569.270607048358,11276.822380350783,-0.15142135928980627,0.0005739232998058785
2021-05-20,SCORE_3,3838.9054718664493,5713.586407415891,3,9552.491879282341,11276.822380350783,-0.15290925430137026,-0.0017533967274013795
2021-05-21,SCORE_3,3838.9054718664493,5713.586407415891,3,9552.491879282341,11276.822380350783,-0.15290925430137026,0.0
2021-05-22,SCORE_3,3838.9054718664493,5713.586407415891,3,9552.491879282341,11276.822380350783,-0.15290925430137026,0.0
2021-05-23,SCORE_3,3838.9054718664493,5713.586407415891,3,9552.491879282341,11276.822380350783,-0.15290925430137026,0.0
2021-05-24,SCORE_3,3838.9054718664493,5713.586407415891,3,9552.491879282341,11276.822380350783,-0.15290925430137026,0.0
2021-05-25,SCORE_3,3838.9054718664493,5713.586407415891,3,9552.491879282341,11276.822380350783,-0.15290925430137026,0.0
2021-05-26,SCORE_3,5743.757915096628,3808.7339641857125,2,9552.491879282341,11276.822380350783,-0.15290925430137026,0.0
2021-05-27,SCORE_3,9552.491879282341,0.0,0,9552.491879282341,11276.822380350783,-0.15290925430137026,0.0
2021-05-28,SCORE_3,7641.993503425872,1872.288408339339,1,9514.28191176521,11276.822380350783,-0.1562976172841649,-0.004000000000000115
2021-05-29,SCORE_3,7641.993503425872,1872.288408339339,1,9514.28191176521,11276.822380350783,-0.1562976172841649,0.0
2021-05-30,SCORE_3,7641.993503425872,1872.288408339339,1,9514.28191176521,11276.822380350783,-0.1562976172841649,0.0
2021-05-31,SCORE_3,7641.993503425872,1872.288408339339,1,9514.28191176521,11276.822380350783,-0.1562976172841649,0.0
2021-06-01,SCORE_3,3820.9967517129353,5653.918392938411,3,9474.915144651346,11276.822380350783,-0.1597885623204598,-0.004137649848821923
2021-06-02,SCORE_3,3790.4287776992323,5687.824169673519,3,9478.252947372752,11276.822380350783,-0.15949257444295084,0.0003522778484501554
2021-06-03,SCORE_3,5662.7171860385715,3815.5357613341794,2,9478.252947372752,11276.822380350783,-0.15949257444295084,0.0
2021-06-04,SCORE_3,5662.7171860385715,3815.5357613341794,2,9478.252947372752,11276.822380350783,-0.15949257444295084,0.0
2021-06-05,SCORE_3,5662.7171860385715,3815.5357613341794,2,9478.252947372752,11276.822380350783,-0.15949257444295084,0.0
2021-06-06,SCORE_3,5662.7171860385715,3815.5357613341794,2,9478.252947372752,11276.822380350783,-0.15949257444295084,0.0
2021-06-07,SCORE_3,5662.7171860385715,3815.5357613341794,2,9478.252947372752,11276.822380350783,-0.15949257444295084,0.0
2021-06-08,SCORE_3,5677.075733368035,3812.0683032212387,2,9489.144036589274,11276.822380350783,-0.15852678028133493,0.0011490608318847073
2021-06-09,SCORE_3,7583.269918442482,1905.874118146792,1,9489.144036589274,11276.822380350783,-0.15852678028133493,0.0
2021-06-10,SCORE_3,7583.269918442482,1905.874118146792,1,9489.144036589274,11276.822380350783,-0.15852678028133493,0.0
2021-06-11,SCORE_3,3791.968739493381,5621.349273516911,3,9413.318013010292,11276.822380350783,-0.16525083968579135,-0.007990818063947969
2021-06-12,SCORE_3,3791.968739493381,5621.349273516911,3,9413.318013010292,11276.822380350783,-0.16525083968579135,0.0
2021-06-13,SCORE_3,3791.968739493381,5621.349273516911,3,9413.318013010292,11276.822380350783,-0.16525083968579135,0.0
2021-06-14,SCORE_3,3791.968739493381,5621.349273516911,3,9413.318013010292,11276.822380350783,-0.16525083968579135,0.0
2021-06-15,SCORE_3,7555.580435325232,1857.7375776850593,1,9413.318013010292,11276.822380350783,-0.16525083968579135,0.0
2021-06-16,SCORE_3,9413.318013010292,0.0,0,9413.318013010292,11276.822380350783,-0.16525083968579135,0.0
2021-06-17,SCORE_3,9413.318013010292,0.0,0,9413.318013010292,11276.822380350783,-0.16525083968579135,0.0
2021-06-18,SCORE_3,0.0,9450.971285062333,5,9450.971285062333,11276.822380350783,-0.16191184304453454,0.0040000000000000036
2021-06-19,SCORE_3,5535.030991650051,3915.940293412282,2,9450.971285062333,11276.822380350783,-0.16191184304453454,0.0
2021-06-20,SCORE_3,5535.030991650051,3915.940293412282,2,9450.971285062333,11276.822380350783,-0.16191184304453454,0.0
2021-06-21,SCORE_3,0.0,9643.22569443988,5,9643.22569443988,11276.822380350783,-0.14486320975998979,0.020342291133760293
2021-06-22,SCORE_3,1995.1414568759158,7724.289640578472,4,9719.431097454388,11276.822380350783,-0.13810550794965615,0.007902480500736164
2021-06-23,SCORE_3,1995.1414568759158,7724.289640578472,4,9719.431097454388,11276.822380350783,-0.13810550794965615,0.0
2021-06-24,SCORE_3,5926.620201372458,3792.81089608193,2,9719.431097454388,11276.822380350783,-0.13810550794965615,0.0
2021-06-25,SCORE_3,5926.620201372458,3792.81089608193,2,9719.431097454388,11276.822380350783,-0.13810550794965615,0.0
2021-06-26,SCORE_3,5926.620201372458,3792.81089608193,2,9719.431097454388,11276.822380350783,-0.13810550794965615,0.0
2021-06-27,SCORE_3,5926.620201372458,3792.81089608193,2,9719.431097454388,11276.822380350783,-0.13810550794965615,0.0
2021-06-28,SCORE_3,9719.431097454388,0.0,0,9719.431097454388,11276.822380350783,-0.13810550794965615,0.0
2021-06-29,SCORE_3,7775.54487796351,1905.0084951010601,1,9680.55337306457,11276.822380350783,-0.14155308591785754,-0.004000000000000115
2021-06-30,SCORE_3,9680.55337306457,0.0,0,9680.55337306457,11276.822380350783,-0.14155308591785754,0.0
2021-07-01,SCORE_3,9680.55337306457,0.0,0,9680.55337306457,11276.822380350783,-0.14155308591785754,0.0
2021-07-02,SCORE_3,9680.55337306457,0.0,0,9680.55337306457,11276.822380350783,-0.14155308591785754,0.0
2021-07-03,SCORE_3,9680.55337306457,0.0,0,9680.55337306457,11276.822380350783,-0.14155308591785754,0.0
2021-07-04,SCORE_3,9680.55337306457,0.0,0,9680.55337306457,11276.822380350783,-0.14155308591785754,0.0
2021-07-05,SCORE_3,9680.55337306457,0.0,0,9680.55337306457,11276.822380350783,-0.14155308591785754,0.0
2021-07-06,SCORE_3,9680.55337306457,0.0,0,9680.55337306457,11276.822380350783,-0.14155308591785754,0.0
2021-07-07,SCORE_3,7744.442698451656,1897.3884611206556,1,9641.831159572312,11276.822380350783,-0.14498687357418605,-0.0039999999999998925
2021-07-08,SCORE_3,9641.831159572312,0.0,0,9641.831159572312,11276.822380350783,-0.14498687357418605,0.0
2021-07-09,SCORE_3,5785.098695743387,3779.597814552346,2,9564.696510295733,11276.822380350783,-0.15182697858559258,-0.008000000000000007
2021-07-10,SCORE_3,5785.098695743387,3779.597814552346,2,9564.696510295733,11276.822380350783,-0.15182697858559258,0.0
2021-07-11,SCORE_3,5785.098695743387,3779.597814552346,2,9564.696510295733,11276.822380350783,-0.15182697858559258,0.0
2021-07-12,SCORE_3,5785.098695743387,3779.597814552346,2,9564.696510295733,11276.822380350783,-0.15182697858559258,0.0
2021-07-13,SCORE_3,5785.098695743387,3779.597814552346,2,9564.696510295733,11276.822380350783,-0.15182697858559258,0.0
2021-07-14,SCORE_3,7674.897603019561,1889.798907276173,1,9564.696510295733,11276.822380350783,-0.15182697858559258,0.0
2021-07-15,SCORE_3,7651.757208236588,1874.6805160179642,1,9526.437724254552,11276.822380350783,-0.15521967067124998,-0.0039999999999997815
2021-07-16,SCORE_3,1912.939302059147,7843.051138442503,4,9755.99044050165,11276.822380350783,-0.13486351815730424,0.02409638554216853
2021-07-17,SCORE_3,1912.939302059147,7843.051138442503,4,9755.99044050165,11276.822380350783,-0.13486351815730424,0.0
2021-07-18,SCORE_3,1912.939302059147,7843.051138442503,4,9755.99044050165,11276.822380350783,-0.13486351815730424,0.0
2021-07-19,SCORE_3,3787.619818077111,5968.370622424538,3,9755.99044050165,11276.822380350783,-0.13486351815730424,0.0
2021-07-20,SCORE_3,0.0,9907.495233224734,5,9907.495233224734,11276.822380350783,-0.12142845749810005,0.015529411764705792
2021-07-21,SCORE_3,1989.4568741415128,7918.038359083221,4,9907.495233224734,11276.822380350783,-0.12142845749810005,0.0
2021-07-22,SCORE_3,2043.0191745991685,7879.805042954327,4,9922.824217553496,11276.822380350783,-0.120069122056631,0.0015472108709531085
2021-07-23,SCORE_3,4032.476048740681,5890.348168812815,3,9922.824217553496,11276.822380350783,-0.120069122056631,0.0
2021-07-24,SCORE_3,4032.476048740681,5890.348168812815,3,9922.824217553496,11276.822380350783,-0.120069122056631,0.0
2021-07-25,SCORE_3,4032.476048740681,5890.348168812815,3,9922.824217553496,11276.822380350783,-0.120069122056631,0.0
2021-07-26,SCORE_3,7971.600659540877,1951.2235580126194,1,9922.824217553496,11276.822380350783,-0.120069122056631,0.0
2021-07-27,SCORE_3,7971.600659540877,1951.2235580126194,1,9922.824217553496,11276.822380350783,-0.120069122056631,0.0
2021-07-28,SCORE_3,5990.10161289593,3894.1504616261027,2,9884.252074522032,11276.822380350783,-0.12348960184521707,-0.003887214182755505
2021-07-29,SCORE_3,7941.325170908549,1942.9269036134833,1,9884.252074522032,11276.822380350783,-0.12348960184521707,0.0
2021-07-30,SCORE_3,7941.325170908549,1942.9269036134833,1,9884.252074522032,11276.822380350783,-0.12348960184521707,0.0
2021-07-31,SCORE_3,7941.325170908549,1942.9269036134833,1,9884.252074522032,11276.822380350783,-0.12348960184521707,0.0
2021-08-01,SCORE_3,7941.325170908549,1942.9269036134833,1,9884.252074522032,11276.822380350783,-0.12348960184521707,0.0
2021-08-02,SCORE_3,5956.760327397849,3887.800450253969,2,9844.560777651819,11276.822380350783,-0.1270093253569904,-0.004015609534334108
2021-08-03,SCORE_3,1987.6306403764509,7777.547543534939,4,9765.17818391139,11276.822380350783,-0.13404877238053747,-0.008063599335039529
2021-08-04,SCORE_3,7820.304637270905,1944.8735466404853,1,9765.17818391139,11276.822380350783,-0.13404877238053747,0.0
2021-08-05,SCORE_3,9765.17818391139,0.0,0,9765.17818391139,11276.822380350783,-0.13404877238053747,0.0
2021-08-06,SCORE_3,7812.142547129112,1941.9431299102928,1,9754.085677039406,11276.822380350783,-0.13503242774885404,-0.0011359246767519426
2021-08-07,SCORE_3,7812.142547129112,1941.9431299102928,1,9754.085677039406,11276.822380350783,-0.13503242774885404,0.0
2021-08-08,SCORE_3,7812.142547129112,1941.9431299102928,1,9754.085677039406,11276.822380350783,-0.13503242774885404,0.0
2021-08-09,SCORE_3,7812.142547129112,1941.9431299102928,1,9754.085677039406,11276.822380350783,-0.13503242774885404,0.0
2021-08-10,SCORE_3,5859.106910346834,3855.918053956925,2,9715.02496430376,11276.822380350783,-0.13849623265933186,-0.004004548865875979
2021-08-11,SCORE_3,7773.081834393467,1941.9431299102928,1,9715.02496430376,11276.822380350783,-0.13849623265933186,0.0
2021-08-12,SCORE_3,5827.858340158318,3964.975563914848,2,9792.833904073166,11276.822380350783,-0.13159633327765996,0.008009134310544841
2021-08-13,SCORE_3,9792.833904073166,0.0,0,9792.833904073166,11276.822380350783,-0.13159633327765996,0.0
2021-08-14,SCORE_3,9792.833904073166,0.0,0,9792.833904073166,11276.822380350783,-0.13159633327765996,0.0
2021-08-15,SCORE_3,9792.833904073166,0.0,0,9792.833904073166,11276.822380350783,-0.13159633327765996,0.0
2021-08-16,SCORE_3,9792.833904073166,0.0,0,9792.833904073166,11276.822380350783,-0.13159633327765996,0.0
2021-08-17,SCORE_3,9792.833904073166,0.0,0,9792.833904073166,11276.822380350783,-0.13159633327765996,0.0
2021-08-18,SCORE_3,7834.267123258533,2036.9094520472188,1,9871.176575305752,11276.822380350783,-0.12464910394388129,0.008000000000000007
2021-08-19,SCORE_3,3917.1335616292654,6110.728356141656,3,10027.861917770922,11276.822380350783,-0.11075464527632384,0.015873015873015817
2021-08-20,SCORE_3,3917.1335616292654,6110.728356141656,3,10027.861917770922,11276.822380350783,-0.11075464527632384,0.0
2021-08-21,SCORE_3,3917.1335616292654,6110.728356141656,3,10027.861917770922,11276.822380350783,-0.11075464527632384,0.0
2021-08-22,SCORE_3,3917.1335616292654,6110.728356141656,3,10027.861917770922,11276.822380350783,-0.11075464527632384,0.0
2021-08-23,SCORE_3,7990.952465723703,2036.9094520472188,1,10027.861917770922,11276.822380350783,-0.11075464527632384,0.0
2021-08-24,SCORE_3,8022.289534216738,2009.0076592427279,1,10031.297193459466,11276.822380350783,-0.11045001374337271,0.0003425730945154637
2021-08-25,SCORE_3,6016.717150662553,3974.468595125829,2,9991.185745788382,11276.822380350783,-0.11400699516226742,-0.0039986301768866195
2021-08-26,SCORE_3,7982.178086545653,2009.0076592427279,1,9991.185745788382,11276.822380350783,-0.11400699516226742,0.0
2021-08-27,SCORE_3,7982.178086545653,2009.0076592427279,1,9991.185745788382,11276.822380350783,-0.11400699516226742,0.0
2021-08-28,SCORE_3,7982.178086545653,2009.0076592427279,1,9991.185745788382,11276.822380350783,-0.11400699516226742,0.0
2021-08-29,SCORE_3,7982.178086545653,2009.0076592427279,1,9991.185745788382,11276.822380350783,-0.11400699516226742,0.0
2021-08-30,SCORE_3,7982.178086545653,2009.0076592427279,1,9991.185745788382,11276.822380350783,-0.11400699516226742,0.0
2021-08-31,SCORE_3,9991.185745788382,0.0,0,9991.185745788382,11276.822380350783,-0.11400699516226742,0.0
2021-09-01,SCORE_3,9991.185745788382,0.0,0,9991.185745788382,11276.822380350783,-0.11400699516226742,0.0
2021-09-02,SCORE_3,9991.185745788382,0.0,0,9991.185745788382,11276.822380350783,-0.11400699516226742,0.0
2021-09-03,SCORE_3,9991.185745788382,0.0,0,9991.185745788382,11276.822380350783,-0.11400699516226742,0.0
2021-09-04,SCORE_3,9991.185745788382,0.0,0,9991.185745788382,11276.822380350783,-0.11400699516226742,0.0
2021-09-05,SCORE_3,9991.185745788382,0.0,0,9991.185745788382,11276.822380350783,-0.11400699516226742,0.0
2021-09-06,SCORE_3,9991.185745788382,0.0,0,9991.185745788382,11276.822380350783,-0.11400699516226742,0.0
2021-09-07,SCORE_3,9991.185745788382,0.0,0,9991.185745788382,11276.822380350783,-0.11400699516226742,0.0
2021-09-08,SCORE_3,9991.185745788382,0.0,0,9991.185745788382,11276.822380350783,-0.11400699516226742,0.0
2021-09-09,SCORE_3,9991.185745788382,0.0,0,9991.185745788382,11276.822380350783,-0.11400699516226742,0.0
2021-09-10,SCORE_3,7992.948596630706,1958.2724061745228,1,9951.221002805229,11276.822380350783,-0.11755096718161828,-0.0039999999999998925
2021-09-11,SCORE_3,7992.948596630706,1958.2724061745228,1,9951.221002805229,11276.822380350783,-0.11755096718161828,0.0
2021-09-12,SCORE_3,7992.948596630706,1958.2724061745228,1,9951.221002805229,11276.822380350783,-0.11755096718161828,0.0
2021-09-13,SCORE_3,5994.71144747303,3916.5448123490455,2,9911.256259822076,11276.822380350783,-0.12109493920096925,-0.004016064257028051
2021-09-14,SCORE_3,7929.0050078576605,1942.606226925127,1,9871.611234782788,11276.822380350783,-0.12461055944416533,-0.0040000000000000036
2021-09-15,SCORE_3,3964.5025039288303,5827.81868077538,3,9792.321184704211,11276.822380350783,-0.13164179993055758,-0.008032128514056214
2021-09-16,SCORE_3,3964.5025039288303,5827.81868077538,3,9792.321184704211,11276.822380350783,-0.13164179993055758,0.0
2021-09-17,SCORE_3,3964.5025039288303,5827.81868077538,3,9792.321184704211,11276.822380350783,-0.13164179993055758,0.0
2021-09-18,SCORE_3,3964.5025039288303,5827.81868077538,3,9792.321184704211,11276.822380350783,-0.13164179993055758,0.0
2021-09-19,SCORE_3,3964.5025039288303,5827.81868077538,3,9792.321184704211,11276.822380350783,-0.13164179993055758,0.0
2021-09-20,SCORE_3,5875.392710822527,3838.5899044040507,2,9713.982615226578,11276.822380350783,-0.13858866553111304,-0.008000000000000007
2021-09-21,SCORE_3,0.0,9704.376192183912,5,9704.376192183912,11276.822380350783,-0.13944053875556006,-0.0009889273455778724
2021-09-22,SCORE_3,5844.2139601704275,3860.1622320134848,2,9704.376192183912,11276.822380350783,-0.13944053875556006,0.0
2021-09-23,SCORE_3,5844.2139601704275,3860.1622320134848,2,9704.376192183912,11276.822380350783,-0.13944053875556006,0.0
2021-09-24,SCORE_3,5844.2139601704275,3860.1622320134848,2,9704.376192183912,11276.822380350783,-0.13944053875556006,0.0
2021-09-25,SCORE_3,5844.2139601704275,3860.1622320134848,2,9704.376192183912,11276.822380350783,-0.13944053875556006,0.0
2021-09-26,SCORE_3,5844.2139601704275,3860.1622320134848,2,9704.376192183912,11276.822380350783,-0.13944053875556006,0.0
2021-09-27,SCORE_3,7763.508912372453,1940.8672798114592,1,9704.376192183912,11276.822380350783,-0.13944053875556006,0.0
2021-09-28,SCORE_3,9704.376192183912,0.0,0,9704.376192183912,11276.822380350783,-0.13944053875556006,0.0
2021-09-29,SCORE_3,0.0,9510.288668340234,5,9510.288668340234,11276.822380350783,-0.1566517279804489,-0.020000000000000018
2021-09-30,SCORE_3,0.0,9510.288668340234,5,9510.288668340234,11276.822380350783,-0.1566517279804489,0.0
2021-10-01,SCORE_3,5698.409700050393,3834.659127817519,2,9533.068827867912,11276.822380350783,-0.15463164122556916,0.0023953173580852916
2021-10-02,SCORE_3,5698.409700050393,3834.659127817519,2,9533.068827867912,11276.822380350783,-0.15463164122556916,0.0
2021-10-03,SCORE_3,5698.409700050393,3834.659127817519,2,9533.068827867912,11276.822380350783,-0.15463164122556916,0.0
2021-10-04,SCORE_3,7600.467433718441,1932.6013941494718,1,9533.068827867912,11276.822380350783,-0.15463164122556916,0.0
2021-10-05,SCORE_3,7600.467433718441,1932.6013941494718,1,9533.068827867912,11276.822380350783,-0.15463164122556916,0.0
2021-10-06,SCORE_3,7600.467433718441,1932.6013941494718,1,9533.068827867912,11276.822380350783,-0.15463164122556916,0.0
2021-10-07,SCORE_3,7600.467433718441,1932.6013941494718,1,9533.068827867912,11276.822380350783,-0.15463164122556916,0.0
2021-10-08,SCORE_3,9533.068827867912,0.0,0,9533.068827867912,11276.822380350783,-0.15463164122556916,0.0
2021-10-09,SCORE_3,9533.068827867912,0.0,0,9533.068827867912,11276.822380350783,-0.15463164122556916,0.0
2021-10-10,SCORE_3,9533.068827867912,0.0,0,9533.068827867912,11276.822380350783,-0.15463164122556916,0.0
2021-10-11,SCORE_3,9533.068827867912,0.0,0,9533.068827867912,11276.822380350783,-0.15463164122556916,0.0
2021-10-12,SCORE_3,7626.45506229433,1868.4814902621108,1,9494.93655255644,11276.822380350783,-0.1580131146606668,-0.0039999999999998925
2021-10-13,SCORE_3,9494.93655255644,0.0,0,9494.93655255644,11276.822380350783,-0.1580131146606668,0.0
2021-10-14,SCORE_3,7595.9492420451525,1974.94680293174,1,9570.896044976893,11276.822380350783,-0.15127721957795215,0.008000000000000007
2021-10-15,SCORE_3,7595.9492420451525,1974.94680293174,1,9570.896044976893,11276.822380350783,-0.15127721957795215,0.0
2021-10-16,SCORE_3,7595.9492420451525,1974.94680293174,1,9570.896044976893,11276.822380350783,-0.15127721957795215,0.0
2021-10-17,SCORE_3,7595.9492420451525,1974.94680293174,1,9570.896044976893,11276.822380350783,-0.15127721957795215,0.0
2021-10-18,SCORE_3,9570.896044976893,0.0,0,9570.896044976893,11276.822380350783,-0.15127721957795215,0.0
2021-10-19,SCORE_3,9570.896044976893,0.0,0,9570.896044976893,11276.822380350783,-0.15127721957795215,0.0
2021-10-20,SCORE_3,9570.896044976893,0.0,0,9570.896044976893,11276.822380350783,-0.15127721957795215,0.0
2021-10-21,SCORE_3,7656.716835981514,1990.746377355194,1,9647.463213336709,11276.822380350783,-0.1444874373345757,0.008000000000000007
2021-10-22,SCORE_3,9647.463213336709,0.0,0,9647.463213336709,11276.822380350783,-0.1444874373345757,0.0
2021-10-23,SCORE_3,9647.463213336709,0.0,0,9647.463213336709,11276.822380350783,-0.1444874373345757,0.0
2021-10-24,SCORE_3,9647.463213336709,0.0,0,9647.463213336709,11276.822380350783,-0.1444874373345757,0.0
2021-10-25,SCORE_3,9647.463213336709,0.0,0,9647.463213336709,11276.822380350783,-0.1444874373345757,0.0
2021-10-26,SCORE_3,9647.463213336709,0.0,0,9647.463213336709,11276.822380350783,-0.1444874373345757,0.0
2021-10-27,SCORE_3,9647.463213336709,0.0,0,9647.463213336709,11276.822380350783,-0.1444874373345757,0.0
2021-10-28,SCORE_3,1929.492642667341,7808.363460182834,4,9737.856102850175,11276.822380350783,-0.13647162521440148,0.009369601885447665
2021-10-29,SCORE_3,1929.492642667341,7808.363460182834,4,9737.856102850175,11276.822380350783,-0.13647162521440148,0.0
2021-10-30,SCORE_3,1929.492642667341,7808.363460182834,4,9737.856102850175,11276.822380350783,-0.13647162521440148,0.0
2021-10-31,SCORE_3,1929.492642667341,7808.363460182834,4,9737.856102850175,11276.822380350783,-0.13647162521440148,0.0
2021-11-01,SCORE_3,0.0,9699.266249996828,5,9699.266249996828,11276.822380350783,-0.13989367546506326,-0.003962869490549581
2021-11-02,SCORE_3,0.0,9850.538473181949,5,9850.538473181949,11276.822380350783,-0.12647923848246934,0.01559625432337941
2021-11-03,SCORE_3,13.460140675246294,9914.238280208734,5,9927.69842088398,11276.822380350783,-0.1196368900708743,0.007833069015678706
2021-11-04,SCORE_3,5930.920811044086,3996.777609839895,2,9927.69842088398,11276.822380350783,-0.1196368900708743,0.0
2021-11-05,SCORE_3,2026.3977596031732,7783.087027446932,4,9809.484787050105,11276.822380350783,-0.13011977521765605,-0.011907456171835307
2021-11-06,SCORE_3,3957.2204455564693,5852.264341493636,3,9809.484787050105,11276.822380350783,-0.13011977521765605,0.0
2021-11-07,SCORE_3,3957.2204455564693,5852.264341493636,3,9809.484787050105,11276.822380350783,-0.13011977521765605,0.0
2021-11-08,SCORE_3,1992.5218646344372,7856.5160979207585,4,9849.037962555196,11276.822380350783,-0.12661229995813528,0.004032135872956921
2021-11-09,SCORE_3,3884.3001916724706,5937.696720132272,3,9821.996911804743,11276.822380350783,-0.12901023173699977,-0.0027455524948994947
2021-11-10,SCORE_3,5799.206787535293,4022.790124269449,2,9821.996911804741,11276.822380350783,-0.12901023173699988,-2.220446049250313e-16
2021-11-11,SCORE_3,0.0,9929.13765970175,5,9929.13765970175,11276.822380350783,-0.11950926202378576,0.010908244917918752
2021-11-12,SCORE_3,2056.765126264719,7872.37253343703,4,9929.13765970175,11276.822380350783,-0.11950926202378576,0.0
2021-11-13,SCORE_3,2056.765126264719,7872.37253343703,4,9929.13765970175,11276.822380350783,-0.11950926202378576,0.0
2021-11-14,SCORE_3,2056.765126264719,7872.37253343703,4,9929.13765970175,11276.822380350783,-0.11950926202378576,0.0
2021-11-15,SCORE_3,2056.765126264719,7872.37253343703,4,9929.13765970175,11276.822380350783,-0.11950926202378576,0.0
2021-11-16,SCORE_3,4022.790124269449,5906.3475354323,3,9929.137659701748,11276.822380350783,-0.11950926202378587,-2.220446049250313e-16
2021-11-17,SCORE_3,2058.390741908501,7831.458930146029,4,9889.84967205453,11276.822380350783,-0.12299322109683786,-0.003956837843700378
2021-11-18,SCORE_3,5933.909803232718,3876.821071445376,2,9810.730874678095,11276.822380350783,-0.13000927532806306,-0.007999999999999896
2021-11-19,SCORE_3,9810.730874678095,0.0,0,9810.730874678095,11276.822380350783,-0.13000927532806306,0.0
2021-11-20,SCORE_3,9810.730874678095,0.0,0,9810.730874678095,11276.822380350783,-0.13000927532806306,0.0
2021-11-21,SCORE_3,9810.730874678095,0.0,0,9810.730874678095,11276.822380350783,-0.13000927532806306,0.0
2021-11-22,SCORE_3,3924.2923498712385,5931.884642265026,3,9856.176992136265,11276.822380350783,-0.1259792289262187,0.0046322866296810705
2021-11-23,SCORE_3,31.394338798969784,9754.047107773706,5,9785.441446572675,11276.822380350783,-0.13225187765453794,-0.007176773065259101
2021-11-24,SCORE_3,1969.6808162473715,7815.760630325304,4,9785.441446572675,11276.822380350783,-0.13225187765453794,0.0
2021-11-25,SCORE_3,1969.6808162473715,7815.760630325304,4,9785.441446572675,11276.822380350783,-0.13225187765453794,0.0
2021-11-26,SCORE_3,5830.8705451326805,3954.570901439996,2,9785.441446572677,11276.822380350783,-0.13225187765453783,2.220446049250313e-16
2021-11-27,SCORE_3,5830.8705451326805,3954.570901439996,2,9785.441446572677,11276.822380350783,-0.13225187765453783,0.0
2021-11-28,SCORE_3,5830.8705451326805,3954.570901439996,2,9785.441446572677,11276.822380350783,-0.13225187765453783,0.0
2021-11-29,SCORE_3,0.0,9786.074356442863,5,9786.074356442863,11276.822380350783,-0.13219575281290785,6.467872437254663e-05
2021-11-30,SCORE_3,1887.702215414907,7937.170258178828,4,9824.872473593734,11276.822380350783,-0.12875523421269708,0.0039646252151483985
2021-12-01,SCORE_3,0.0,9785.98226910672,5,9785.98226910672,11276.822380350783,-0.13220391888425642,-0.003958341911463825
2021-12-02,SCORE_3,3820.7085924867747,5965.273676619945,3,9785.98226910672,11276.822380350783,-0.13220391888425642,0.0
2021-12-03,SCORE_3,7758.66750574639,2027.3147633603294,1,9785.98226910672,11276.822380350783,-0.13220391888425642,0.0
2021-12-04,SCORE_3,7758.66750574639,2027.3147633603294,1,9785.98226910672,11276.822380350783,-0.13220391888425642,0.0
2021-12-05,SCORE_3,7758.66750574639,2027.3147633603294,1,9785.98226910672,11276.822380350783,-0.13220391888425642,0.0
2021-12-06,SCORE_3,7758.66750574639,2027.3147633603294,1,9785.98226910672,11276.822380350783,-0.13220391888425642,0.0
2021-12-07,SCORE_3,5871.589361464032,3953.536836719116,2,9825.126198183149,11276.822380350783,-0.12873273455979328,0.004000000000000226
2021-12-08,SCORE_3,9825.126198183147,0.0,0,9825.126198183147,11276.822380350783,-0.1287327345597935,-2.220446049250313e-16
2021-12-09,SCORE_3,9825.126198183147,0.0,0,9825.126198183147,11276.822380350783,-0.1287327345597935,0.0
2021-12-10,SCORE_3,9825.126198183147,0.0,0,9825.126198183147,11276.822380350783,-0.1287327345597935,0.0
2021-12-11,SCORE_3,9825.126198183147,0.0,0,9825.126198183147,11276.822380350783,-0.1287327345597935,0.0
2021-12-12,SCORE_3,9825.126198183147,0.0,0,9825.126198183147,11276.822380350783,-0.1287327345597935,0.0
2021-12-13,SCORE_3,9825.126198183147,0.0,0,9825.126198183147,11276.822380350783,-0.1287327345597935,0.0
2021-12-14,SCORE_3,7860.100958546517,1925.7247348438968,1,9785.825693390414,11276.822380350783,-0.13221780362155433,-0.0040000000000000036
2021-12-15,SCORE_3,3930.050479273258,5828.921839789003,3,9758.97231906226,11276.822380350783,-0.13459909273141424,-0.0027441092013615886
2021-12-16,SCORE_3,5855.775214117155,3903.197104945106,2,9758.97231906226,11276.822380350783,-0.13459909273141424,0.0
2021-12-17,SCORE_3,0.0,9954.217226872557,5,9954.217226872557,11276.822380350783,-0.11728526963258634,0.0200067078199333
2021-12-18,SCORE_3,1894.9131390863934,8059.304087786163,4,9954.217226872557,11276.822380350783,-0.11728526963258634,0.0
2021-12-19,SCORE_3,1894.9131390863934,8059.304087786163,4,9954.217226872557,11276.822380350783,-0.11728526963258634,0.0
2021-12-20,SCORE_3,7.8601009585459,10036.86500994688,5,10044.725110905425,11276.822380350783,-0.10925926009016662,0.009092416005201498
2021-12-21,SCORE_3,7.8601009585459,10036.86500994688,5,10044.725110905425,11276.822380350783,-0.10925926009016662,0.0
2021-12-22,SCORE_3,25.67790628875605,9979.85411332125,5,10005.532019610006,11276.822380350783,-0.11273480399548796,-0.0039018580262458746
2021-12-23,SCORE_3,4080.2323847453918,5925.299634864614,3,10005.532019610006,11276.822380350783,-0.11273480399548796,0.0
2021-12-24,SCORE_3,4080.2323847453918,5925.299634864614,3,10005.532019610006,11276.822380350783,-0.11273480399548796,0.0
2021-12-25,SCORE_3,4080.2323847453918,5925.299634864614,3,10005.532019610006,11276.822380350783,-0.11273480399548796,0.0
2021-12-26,SCORE_3,4080.2323847453918,5925.299634864614,3,10005.532019610006,11276.822380350783,-0.11273480399548796,0.0
2021-12-27,SCORE_3,4080.2323847453918,5925.299634864614,3,10005.532019610006,11276.822380350783,-0.11273480399548796,0.0
2021-12-28,SCORE_3,10005.532019610006,0.0,0,10005.532019610006,11276.822380350783,-0.11273480399548796,0.0
2021-12-29,SCORE_3,10005.532019610006,0.0,0,10005.532019610006,11276.822380350783,-0.11273480399548796,0.0
2021-12-30,SCORE_3,10005.532019610006,0.0,0,10005.532019610006,11276.822380350783,-0.11273480399548796,0.0
2021-12-31,SCORE_3,10005.532019610006,0.0,0,10005.532019610006,11276.822380350783,-0.11273480399548796,0.0
2022-01-01,SCORE_3,10005.532019610006,0.0,0,10005.532019610006,11276.822380350783,-0.11273480399548796,0.0
2022-01-02,SCORE_3,10005.532019610006,0.0,0,10005.532019610006,11276.822380350783,-0.11273480399548796,0.0
2022-01-03,SCORE_3,10005.532019610006,0.0,0,10005.532019610006,11276.822380350783,-0.11273480399548796,0.0
2022-01-04,SCORE_3,6003.319211766004,3922.168551687122,2,9925.487763453126,11276.822380350783,-0.11983292556352398,-0.008000000000000007
2022-01-05,SCORE_3,1985.0975526906257,7781.582406547251,4,9766.679959237876,11276.822380350783,-0.13391559875450765,-0.016000000000000014
2022-01-06,SCORE_3,1953.3359918475744,7657.077088042495,4,9610.41307989007,11276.822380350783,-0.1477729491744355,-0.016000000000000014
2022-01-07,SCORE_3,9610.41307989007,0.0,0,9610.41307989007,11276.822380350783,-0.1477729491744355,0.0
2022-01-08,SCORE_3,9610.41307989007,0.0,0,9610.41307989007,11276.822380350783,-0.1477729491744355,0.0
2022-01-09,SCORE_3,9610.41307989007,0.0,0,9610.41307989007,11276.822380350783,-0.1477729491744355,0.0
2022-01-10,SCORE_3,7688.330463912056,1883.6409636584538,1,9571.97142757051,11276.822380350783,-0.1511818573777377,-0.0039999999999998925
2022-01-11,SCORE_3,5743.182856542306,3867.0764567384867,2,9610.259313280792,11276.822380350783,-0.1477865848072486,0.0040000000000000036
2022-01-12,SCORE_3,5743.182856542306,3867.0764567384867,2,9610.259313280792,11276.822380350783,-0.1477865848072486,0.0
2022-01-13,SCORE_3,5804.443473678757,3767.22165080607,2,9571.665124484827,11276.822380350783,-0.15120901955830168,-0.004015936254980201
2022-01-14,SCORE_3,9571.665124484827,0.0,0,9571.665124484827,11276.822380350783,-0.15120901955830168,0.0
2022-01-15,SCORE_3,9571.665124484827,0.0,0,9571.665124484827,11276.822380350783,-0.15120901955830168,0.0
2022-01-16,SCORE_3,9571.665124484827,0.0,0,9571.665124484827,11276.822380350783,-0.15120901955830168,0.0
2022-01-17,SCORE_3,9571.665124484827,0.0,0,9571.665124484827,11276.822380350783,-0.15120901955830168,0.0
2022-01-18,SCORE_3,9571.665124484827,0.0,0,9571.665124484827,11276.822380350783,-0.15120901955830168,0.0
2022-01-19,SCORE_3,5742.999074690897,3791.6945527053576,2,9534.693627396255,11276.822380350783,-0.15448755812542436,-0.003862598263493111
2022-01-20,SCORE_3,1899.0183606977891,7521.274725130623,4,9420.293085828413,11276.822380350783,-0.16463230792366346,-0.011998344785734139
2022-01-21,SCORE_3,5620.84931303827,3761.767861100464,2,9382.617174138733,11276.822380350783,-0.16797331219055056,-0.003999441561574946
2022-01-22,SCORE_3,7466.968985832404,1915.6481883063311,1,9382.617174138735,11276.822380350783,-0.16797331219055034,2.220446049250313e-16
2022-01-23,SCORE_3,7466.968985832404,1915.6481883063311,1,9382.617174138735,11276.822380350783,-0.16797331219055034,0.0
2022-01-24,SCORE_3,3714.448181540656,5593.118576512244,3,9307.5667580529,11276.822380350783,-0.17462859269018882,-0.00799887863832871
2022-01-25,SCORE_3,7391.918569746569,1915.6481883063311,1,9307.5667580529,11276.822380350783,-0.17462859269018882,0.0
2022-01-26,SCORE_3,9307.5667580529,0.0,0,9307.5667580529,11276.822380350783,-0.17462859269018882,0.0
2022-01-27,SCORE_3,9307.5667580529,0.0,0,9307.5667580529,11276.822380350783,-0.17462859269018882,0.0
2022-01-28,SCORE_3,9307.5667580529,0.0,0,9307.5667580529,11276.822380350783,-0.17462859269018882,0.0
2022-01-29,SCORE_3,9307.5667580529,0.0,0,9307.5667580529,11276.822380350783,-0.17462859269018882,0.0
2022-01-30,SCORE_3,9307.5667580529,0.0,0,9307.5667580529,11276.822380350783,-0.17462859269018882,0.0
2022-01-31,SCORE_3,7446.053406442321,1935.9738856750034,1,9382.027292117324,11276.822380350783,-0.1680256214317103,0.008000000000000007
2022-02-01,SCORE_3,9382.027292117324,0.0,0,9382.027292117324,11276.822380350783,-0.1680256214317103,0.0
2022-02-02,SCORE_3,9382.027292117324,0.0,0,9382.027292117324,11276.822380350783,-0.1680256214317103,0.0
2022-02-03,SCORE_3,9382.027292117324,0.0,0,9382.027292117324,11276.822380350783,-0.1680256214317103,0.0
2022-02-04,SCORE_3,7505.621833693859,1838.8773492549954,1,9344.499182948854,11276.822380350783,-0.1713535189459835,-0.004000000000000115
2022-02-05,SCORE_3,7505.621833693859,1838.8773492549954,1,9344.499182948854,11276.822380350783,-0.1713535189459835,0.0
2022-02-06,SCORE_3,7505.621833693859,1838.8773492549954,1,9344.499182948854,11276.822380350783,-0.1713535189459835,0.0
2022-02-07,SCORE_3,5629.216375270395,3677.7546985099907,2,9306.971073780385,11276.822380350783,-0.1746814164602566,-0.004016064257028051
2022-02-08,SCORE_3,9306.971073780385,0.0,0,9306.971073780385,11276.822380350783,-0.1746814164602566,0.0
2022-02-09,SCORE_3,7445.576859024308,1824.1663304609556,1,9269.743189485263,11276.822380350783,-0.17798269079441564,-0.0040000000000000036
2022-02-10,SCORE_3,9269.743189485263,0.0,0,9269.743189485263,11276.822380350783,-0.17798269079441564,0.0
2022-02-11,SCORE_3,9269.743189485263,0.0,0,9269.743189485263,11276.822380350783,-0.17798269079441564,0.0
2022-02-12,SCORE_3,9269.743189485263,0.0,0,9269.743189485263,11276.822380350783,-0.17798269079441564,0.0
2022-02-13,SCORE_3,9269.743189485263,0.0,0,9269.743189485263,11276.822380350783,-0.17798269079441564,0.0
2022-02-14,SCORE_3,5561.845913691159,3633.739330278224,2,9195.585243969383,11276.822380350783,-0.18455882926806022,-0.007999999999999896
2022-02-15,SCORE_3,7378.715578830271,1816.869665139112,1,9195.585243969383,11276.822380350783,-0.18455882926806022,0.0
2022-02-16,SCORE_3,7378.715578830271,1816.869665139112,1,9195.585243969383,11276.822380350783,-0.18455882926806022,0.0
2022-02-17,SCORE_3,7378.715578830271,1816.869665139112,1,9195.585243969383,11276.822380350783,-0.18455882926806022,0.0
2022-02-18,SCORE_3,9195.585243969383,0.0,0,9195.585243969383,11276.822380350783,-0.18455882926806022,0.0
2022-02-19,SCORE_3,9195.585243969383,0.0,0,9195.585243969383,11276.822380350783,-0.18455882926806022,0.0
2022-02-20,SCORE_3,9195.585243969383,0.0,0,9195.585243969383,11276.822380350783,-0.18455882926806022,0.0
2022-02-21,SCORE_3,9195.585243969383,0.0,0,9195.585243969383,11276.822380350783,-0.18455882926806022,0.0
2022-02-22,SCORE_3,9195.585243969383,0.0,0,9195.585243969383,11276.822380350783,-0.18455882926806022,0.0
2022-02-23,SCORE_3,7356.4681951755065,1802.334707817999,1,9158.802902993506,11276.822380350783,-0.18782059395098782,-0.0039999999999998925
2022-02-24,SCORE_3,9158.802902993506,0.0,0,9158.802902993506,11276.822380350783,-0.18782059395098782,0.0
2022-02-25,SCORE_3,9158.802902993506,0.0,0,9158.802902993506,11276.822380350783,-0.18782059395098782,0.0
2022-02-26,SCORE_3,9158.802902993506,0.0,0,9158.802902993506,11276.822380350783,-0.18782059395098782,0.0
2022-02-27,SCORE_3,9158.802902993506,0.0,0,9158.802902993506,11276.822380350783,-0.18782059395098782,0.0
2022-02-28,SCORE_3,9158.802902993506,0.0,0,9158.802902993506,11276.822380350783,-0.18782059395098782,0.0
2022-03-01,SCORE_3,9158.802902993506,0.0,0,9158.802902993506,11276.822380350783,-0.18782059395098782,0.0
2022-03-02,SCORE_3,9158.802902993506,0.0,0,9158.802902993506,11276.822380350783,-0.18782059395098782,0.0
2022-03-03,SCORE_3,9158.802902993506,0.0,0,9158.802902993506,11276.822380350783,-0.18782059395098782,0.0
2022-03-04,SCORE_3,9158.802902993506,0.0,0,9158.802902993506,11276.822380350783,-0.18782059395098782,0.0
2022-03-05,SCORE_3,9158.802902993506,0.0,0,9158.802902993506,11276.822380350783,-0.18782059395098782,0.0
2022-03-06,SCORE_3,9158.802902993506,0.0,0,9158.802902993506,11276.822380350783,-0.18782059395098782,0.0
2022-03-07,SCORE_3,9158.802902993506,0.0,0,9158.802902993506,11276.822380350783,-0.18782059395098782,0.0
2022-03-08,SCORE_3,7327.042322394805,1795.1253689867274,1,9122.167691381532,11276.822380350783,-0.19106931157518392,-0.0040000000000000036
2022-03-09,SCORE_3,3648.867076552612,5473.30061482892,3,9122.167691381532,11276.822380350783,-0.19106931157518392,0.0
2022-03-10,SCORE_3,5414.918741604077,3671.052188378053,2,9085.97092998213,11276.822380350783,-0.19427914854685358,-0.0039679999999999715
2022-03-11,SCORE_3,5414.918741604077,3671.052188378053,2,9085.97092998213,11276.822380350783,-0.19427914854685358,0.0
2022-03-12,SCORE_3,5414.918741604077,3671.052188378053,2,9085.97092998213,11276.822380350783,-0.19427914854685358,0.0
2022-03-13,SCORE_3,5414.918741604077,3671.052188378053,2,9085.97092998213,11276.822380350783,-0.19427914854685358,0.0
2022-03-14,SCORE_3,7188.56005017477,1897.410879807359,1,9085.97092998213,11276.822380350783,-0.19427914854685358,0.0
2022-03-15,SCORE_3,7188.56005017477,1897.410879807359,1,9085.97092998213,11276.822380350783,-0.19427914854685358,0.0
2022-03-16,SCORE_3,9085.97092998213,0.0,0,9085.97092998213,11276.822380350783,-0.19427914854685358,0.0
2022-03-17,SCORE_3,9085.97092998213,0.0,0,9085.97092998213,11276.822380350783,-0.19427914854685358,0.0
2022-03-18,SCORE_3,9085.97092998213,0.0,0,9085.97092998213,11276.822380350783,-0.19427914854685358,0.0
2022-03-19,SCORE_3,9085.97092998213,0.0,0,9085.97092998213,11276.822380350783,-0.19427914854685358,0.0
2022-03-20,SCORE_3,9085.97092998213,0.0,0,9085.97092998213,11276.822380350783,-0.19427914854685358,0.0
2022-03-21,SCORE_3,9085.97092998213,0.0,0,9085.97092998213,11276.822380350783,-0.19427914854685358,0.0
2022-03-22,SCORE_3,9085.97092998213,0.0,0,9085.97092998213,11276.822380350783,-0.19427914854685358,0.0
2022-03-23,SCORE_3,9085.97092998213,0.0,0,9085.97092998213,11276.822380350783,-0.19427914854685358,0.0
2022-03-24,SCORE_3,7268.776743985703,1889.881953436283,1,9158.658697421986,11276.822380350783,-0.18783338173522846,0.008000000000000007
2022-03-25,SCORE_3,9158.658697421986,0.0,0,9158.658697421986,11276.822380350783,-0.18783338173522846,0.0
2022-03-26,SCORE_3,9158.658697421986,0.0,0,9158.658697421986,11276.822380350783,-0.18783338173522846,0.0
2022-03-27,SCORE_3,9158.658697421986,0.0,0,9158.658697421986,11276.822380350783,-0.18783338173522846,0.0
2022-03-28,SCORE_3,9158.658697421986,0.0,0,9158.658697421986,11276.822380350783,-0.18783338173522846,0.0
2022-03-29,SCORE_3,9158.658697421986,0.0,0,9158.658697421986,11276.822380350783,-0.18783338173522846,0.0
2022-03-30,SCORE_3,7326.926957937589,1795.0971046947095,1,9122.024062632298,11276.822380350783,-0.19108204820828767,-0.004000000000000115
2022-03-31,SCORE_3,7326.926957937589,1795.0971046947095,1,9122.024062632298,11276.822380350783,-0.19108204820828767,0.0
2022-04-01,SCORE_3,3648.809625052918,5473.214437579379,3,9122.024062632296,11276.822380350783,-0.19108204820828778,-2.220446049250313e-16
2022-04-02,SCORE_3,5436.726341328848,3685.2977213034483,2,9122.024062632296,11276.822380350783,-0.19108204820828778,0.0
2022-04-03,SCORE_3,5436.726341328848,3685.2977213034483,2,9122.024062632296,11276.822380350783,-0.19108204820828778,0.0
2022-04-04,SCORE_3,5436.726341328848,3685.2977213034483,2,9122.024062632296,11276.822380350783,-0.19108204820828778,0.0
2022-04-05,SCORE_3,5436.726341328848,3685.2977213034483,2,9122.024062632296,11276.822380350783,-0.19108204820828778,0.0
2022-04-06,SCORE_3,7297.619250105837,1851.1196952606447,1,9148.738945366482,11276.822380350783,-0.18871304018163526,0.0029286134909052297
2022-04-07,SCORE_3,4.547473508864641e-13,9002.786560364364,5,9002.786560364364,11276.822380350783,-0.2016557274103027,-0.01595327901186183
2022-04-08,SCORE_3,5363.75014882779,3639.0364115365746,2,9002.786560364366,11276.822380350783,-0.20165572741030258,2.220446049250313e-16
2022-04-09,SCORE_3,5363.75014882779,3639.0364115365746,2,9002.786560364366,11276.822380350783,-0.20165572741030258,0.0
2022-04-10,SCORE_3,5363.75014882779,3639.0364115365746,2,9002.786560364366,11276.822380350783,-0.20165572741030258,0.0
2022-04-11,SCORE_3,7151.66686510372,1851.1196952606447,1,9002.786560364364,11276.822380350783,-0.2016557274103027,-2.220446049250313e-16
2022-04-12,SCORE_3,3561.238194051648,5457.17264596018,3,9018.410840011828,11276.822380350783,-0.20027020592911948,0.0017354937321574226
2022-04-13,SCORE_3,7171.667938127807,1846.7429018840203,1,9018.410840011828,11276.822380350783,-0.20027020592911948,0.0
2022-04-14,SCORE_3,7171.667938127807,1846.7429018840203,1,9018.410840011828,11276.822380350783,-0.20027020592911948,0.0
2022-04-15,SCORE_3,7171.667938127807,1846.7429018840203,1,9018.410840011828,11276.822380350783,-0.20027020592911948,0.0
2022-04-16,SCORE_3,7171.667938127807,1846.7429018840203,1,9018.410840011828,11276.822380350783,-0.20027020592911948,0.0
2022-04-17,SCORE_3,7171.667938127807,1846.7429018840203,1,9018.410840011828,11276.822380350783,-0.20027020592911948,0.0
2022-04-18,SCORE_3,7171.667938127807,1846.7429018840203,1,9018.410840011828,11276.822380350783,-0.20027020592911948,0.0
2022-04-19,SCORE_3,7171.667938127807,1846.7429018840203,1,9018.410840011828,11276.822380350783,-0.20027020592911948,0.0
2022-04-20,SCORE_3,9018.410840011828,0.0,0,9018.410840011828,11276.822380350783,-0.20027020592911948,0.0
2022-04-21,SCORE_3,9018.410840011828,0.0,0,9018.410840011828,11276.822380350783,-0.20027020592911948,0.0
2022-04-22,SCORE_3,9018.410840011828,0.0,0,9018.410840011828,11276.822380350783,-0.20027020592911948,0.0
2022-04-23,SCORE_3,9018.410840011828,0.0,0,9018.410840011828,11276.822380350783,-0.20027020592911948,0.0
2022-04-24,SCORE_3,9018.410840011828,0.0,0,9018.410840011828,11276.822380350783,-0.20027020592911948,0.0
2022-04-25,SCORE_3,0.0,8946.263553291732,5,8946.263553291732,11276.822380350783,-0.2066680442816866,-0.008000000000000118
2022-04-26,SCORE_3,5411.046504007096,3535.2170492846367,2,8946.263553291732,11276.822380350783,-0.2066680442816866,0.0
2022-04-27,SCORE_3,8946.263553291732,0.0,0,8946.263553291732,11276.822380350783,-0.2066680442816866,0.0
2022-04-28,SCORE_3,8946.263553291732,0.0,0,8946.263553291732,11276.822380350783,-0.2066680442816866,0.0
2022-04-29,SCORE_3,8946.263553291732,0.0,0,8946.263553291732,11276.822380350783,-0.2066680442816866,0.0
2022-04-30,SCORE_3,8946.263553291732,0.0,0,8946.263553291732,11276.822380350783,-0.2066680442816866,0.0
2022-05-01,SCORE_3,8946.263553291732,0.0,0,8946.263553291732,11276.822380350783,-0.2066680442816866,0.0
2022-05-02,SCORE_3,3578.5054213166923,5260.402969335539,3,8838.908390652232,11276.822380350783,-0.21618802775030632,-0.0119999999999999
2022-05-03,SCORE_3,7071.1267125217855,1792.3431602038152,1,8863.4698727256,11276.822380350783,-0.2140099778311939,0.002778791338005515
2022-05-04,SCORE_3,7071.1267125217855,1792.3431602038152,1,8863.4698727256,11276.822380350783,-0.2140099778311939,0.0
2022-05-05,SCORE_3,7071.1267125217855,1792.3431602038152,1,8863.4698727256,11276.822380350783,-0.2140099778311939,0.0
2022-05-06,SCORE_3,5303.345034391339,3524.7692047716528,2,8828.114239162991,11276.822380350783,-0.21714522572019268,-0.003988915635783297
2022-05-07,SCORE_3,7035.7710789591765,1792.3431602038152,1,8828.114239162991,11276.822380350783,-0.21714522572019268,0.0
2022-05-08,SCORE_3,7035.7710789591765,1792.3431602038152,1,8828.114239162991,11276.822380350783,-0.21714522572019268,0.0
2022-05-09,SCORE_3,5275.060527541252,3549.970418823904,2,8825.030946365156,11276.822380350783,-0.21741864430335744,-0.0003492583709618913
2022-05-10,SCORE_3,7067.403687745067,1757.6272586200887,1,8825.030946365156,11276.822380350783,-0.21741864430335744,0.0
2022-05-11,SCORE_3,7067.403687745067,1757.6272586200887,1,8825.030946365156,11276.822380350783,-0.21741864430335744,0.0
2022-05-12,SCORE_3,7067.403687745067,1757.6272586200887,1,8825.030946365156,11276.822380350783,-0.21741864430335744,0.0
2022-05-13,SCORE_3,7067.403687745067,1757.6272586200887,1,8825.030946365156,11276.822380350783,-0.21741864430335744,0.0
2022-05-14,SCORE_3,7067.403687745067,1757.6272586200887,1,8825.030946365156,11276.822380350783,-0.21741864430335744,0.0
2022-05-15,SCORE_3,7067.403687745067,1757.6272586200887,1,8825.030946365156,11276.822380350783,-0.21741864430335744,0.0
2022-05-16,SCORE_3,8825.030946365156,0.0,0,8825.030946365156,11276.822380350783,-0.21741864430335744,0.0
2022-05-17,SCORE_3,8825.030946365156,0.0,0,8825.030946365156,11276.822380350783,-0.21741864430335744,0.0
2022-05-18,SCORE_3,8825.030946365156,0.0,0,8825.030946365156,11276.822380350783,-0.21741864430335744,0.0
2022-05-19,SCORE_3,8825.030946365156,0.0,0,8825.030946365156,11276.822380350783,-0.21741864430335744,0.0
2022-05-20,SCORE_3,8825.030946365156,0.0,0,8825.030946365156,11276.822380350783,-0.21741864430335744,0.0
2022-05-21,SCORE_3,8825.030946365156,0.0,0,8825.030946365156,11276.822380350783,-0.21741864430335744,0.0
2022-05-22,SCORE_3,8825.030946365156,0.0,0,8825.030946365156,11276.822380350783,-0.21741864430335744,0.0
2022-05-23,SCORE_3,8825.030946365156,0.0,0,8825.030946365156,11276.822380350783,-0.21741864430335744,0.0
2022-05-24,SCORE_3,8825.030946365156,0.0,0,8825.030946365156,11276.822380350783,-0.21741864430335744,0.0
2022-05-25,SCORE_3,8825.030946365156,0.0,0,8825.030946365156,11276.822380350783,-0.21741864430335744,0.0
2022-05-26,SCORE_3,8825.030946365156,0.0,0,8825.030946365156,11276.822380350783,-0.21741864430335744,0.0
2022-05-27,SCORE_3,8825.030946365156,0.0,0,8825.030946365156,11276.822380350783,-0.21741864430335744,0.0
2022-05-28,SCORE_3,8825.030946365156,0.0,0,8825.030946365156,11276.822380350783,-0.21741864430335744,0.0
2022-05-29,SCORE_3,8825.030946365156,0.0,0,8825.030946365156,11276.822380350783,-0.21741864430335744,0.0
2022-05-30,SCORE_3,8825.030946365156,0.0,0,8825.030946365156,11276.822380350783,-0.21741864430335744,0.0
2022-05-31,SCORE_3,8825.030946365156,0.0,0,8825.030946365156,11276.822380350783,-0.21741864430335744,0.0
2022-06-01,SCORE_3,5295.018567819094,3538.6551549407823,2,8833.673722759875,11276.822380350783,-0.21665222481893076,0.0009793479985789055
2022-06-02,SCORE_3,7024.724633306664,1808.9490894532119,1,8833.673722759875,11276.822380350783,-0.21665222481893076,0.0
2022-06-03,SCORE_3,5266.778468790725,3637.2131005497886,2,8903.991569340513,11276.822380350783,-0.21041661657673993,0.007960204189958242
2022-06-04,SCORE_3,5266.778468790725,3637.2131005497886,2,8903.991569340513,11276.822380350783,-0.21041661657673993,0.0
2022-06-05,SCORE_3,5266.778468790725,3637.2131005497886,2,8903.991569340513,11276.822380350783,-0.21041661657673993,0.0
2022-06-06,SCORE_3,7095.042479887302,1808.9490894532119,1,8903.991569340513,11276.822380350783,-0.21041661657673993,0.0
2022-06-07,SCORE_3,7095.042479887302,1808.9490894532119,1,8903.991569340513,11276.822380350783,-0.21041661657673993,0.0
2022-06-08,SCORE_3,8903.991569340513,0.0,0,8903.991569340513,11276.822380350783,-0.21041661657673993,0.0
2022-06-09,SCORE_3,8903.991569340513,0.0,0,8903.991569340513,11276.822380350783,-0.21041661657673993,0.0
2022-06-10,SCORE_3,7123.19325547241,1745.1823475907406,1,8868.37560306315,11276.822380350783,-0.21357495011043293,-0.0040000000000000036
2022-06-11,SCORE_3,8868.37560306315,0.0,0,8868.37560306315,11276.822380350783,-0.21357495011043293,0.0
2022-06-12,SCORE_3,8868.37560306315,0.0,0,8868.37560306315,11276.822380350783,-0.21357495011043293,0.0
2022-06-13,SCORE_3,8868.37560306315,0.0,0,8868.37560306315,11276.822380350783,-0.21357495011043293,0.0
2022-06-14,SCORE_3,8868.37560306315,0.0,0,8868.37560306315,11276.822380350783,-0.21357495011043293,0.0
2022-06-15,SCORE_3,8868.37560306315,0.0,0,8868.37560306315,11276.822380350783,-0.21357495011043293,0.0
2022-06-16,SCORE_3,8868.37560306315,0.0,0,8868.37560306315,11276.822380350783,-0.21357495011043293,0.0
2022-06-17,SCORE_3,7094.70048245052,1738.2016182003774,1,8832.902100650897,11276.822380350783,-0.21672065030999121,-0.0040000000000000036
2022-06-18,SCORE_3,8832.902100650897,0.0,0,8832.902100650897,11276.822380350783,-0.21672065030999121,0.0
2022-06-19,SCORE_3,8832.902100650897,0.0,0,8832.902100650897,11276.822380350783,-0.21672065030999121,0.0
2022-06-20,SCORE_3,8832.902100650897,0.0,0,8832.902100650897,11276.822380350783,-0.21672065030999121,0.0
2022-06-21,SCORE_3,8832.902100650897,0.0,0,8832.902100650897,11276.822380350783,-0.21672065030999121,0.0
2022-06-22,SCORE_3,8832.902100650897,0.0,0,8832.902100650897,11276.822380350783,-0.21672065030999121,0.0
2022-06-23,SCORE_3,8832.902100650897,0.0,0,8832.902100650897,11276.822380350783,-0.21672065030999121,0.0
2022-06-24,SCORE_3,8832.902100650897,0.0,0,8832.902100650897,11276.822380350783,-0.21672065030999121,0.0
2022-06-25,SCORE_3,8832.902100650897,0.0,0,8832.902100650897,11276.822380350783,-0.21672065030999121,0.0
2022-06-26,SCORE_3,8832.902100650897,0.0,0,8832.902100650897,11276.822380350783,-0.21672065030999121,0.0
2022-06-27,SCORE_3,8832.902100650897,0.0,0,8832.902100650897,11276.822380350783,-0.21672065030999121,0.0
2022-06-28,SCORE_3,8832.902100650897,0.0,0,8832.902100650897,11276.822380350783,-0.21672065030999121,0.0
2022-06-29,SCORE_3,7066.321680520718,1731.248811727576,1,8797.570492248293,11276.822380350783,-0.21985376770875142,-0.004000000000000115
2022-06-30,SCORE_3,7066.321680520718,1731.248811727576,1,8797.570492248293,11276.822380350783,-0.21985376770875142,0.0
2022-07-01,SCORE_3,8797.570492248295,0.0,0,8797.570492248295,11276.822380350783,-0.2198537677087512,2.220446049250313e-16
2022-07-02,SCORE_3,8797.570492248295,0.0,0,8797.570492248295,11276.822380350783,-0.2198537677087512,0.0
2022-07-03,SCORE_3,8797.570492248295,0.0,0,8797.570492248295,11276.822380350783,-0.2198537677087512,0.0
2022-07-04,SCORE_3,8797.570492248295,0.0,0,8797.570492248295,11276.822380350783,-0.2198537677087512,0.0
2022-07-05,SCORE_3,8797.570492248295,0.0,0,8797.570492248295,11276.822380350783,-0.2198537677087512,0.0
2022-07-06,SCORE_3,8797.570492248295,0.0,0,8797.570492248295,11276.822380350783,-0.2198537677087512,0.0
2022-07-07,SCORE_3,8797.570492248295,0.0,0,8797.570492248295,11276.822380350783,-0.2198537677087512,0.0
2022-07-08,SCORE_3,8797.570492248295,0.0,0,8797.570492248295,11276.822380350783,-0.2198537677087512,0.0
2022-07-09,SCORE_3,8797.570492248295,0.0,0,8797.570492248295,11276.822380350783,-0.2198537677087512,0.0
2022-07-10,SCORE_3,8797.570492248295,0.0,0,8797.570492248295,11276.822380350783,-0.2198537677087512,0.0
2022-07-11,SCORE_3,8797.570492248295,0.0,0,8797.570492248295,11276.822380350783,-0.2198537677087512,0.0
2022-07-12,SCORE_3,8797.570492248295,0.0,0,8797.570492248295,11276.822380350783,-0.2198537677087512,0.0
2022-07-13,SCORE_3,7038.056393798635,1829.8946623876454,1,8867.95105618628,11276.822380350783,-0.2136125978504213,0.008000000000000007
2022-07-14,SCORE_3,7038.056393798635,1829.8946623876454,1,8867.95105618628,11276.822380350783,-0.2136125978504213,0.0
2022-07-15,SCORE_3,7038.056393798635,1829.8946623876454,1,8867.95105618628,11276.822380350783,-0.2136125978504213,0.0
2022-07-16,SCORE_3,7038.056393798635,1829.8946623876454,1,8867.95105618628,11276.822380350783,-0.2136125978504213,0.0
2022-07-17,SCORE_3,7038.056393798635,1829.8946623876454,1,8867.95105618628,11276.822380350783,-0.2136125978504213,0.0
2022-07-18,SCORE_3,7038.056393798635,1829.8946623876454,1,8867.95105618628,11276.822380350783,-0.2136125978504213,0.0
2022-07-19,SCORE_3,5320.770633711769,3582.6522266992574,2,8903.422860411027,11276.822380350783,-0.21046704824182283,0.0040000000000000036
2022-07-20,SCORE_3,5320.770633711769,3582.6522266992574,2,8903.422860411027,11276.822380350783,-0.21046704824182283,0.0
2022-07-21,SCORE_3,7122.738288328821,1851.9119549654938,1,8974.650243294314,11276.822380350783,-0.2041507846277575,0.008000000000000007
2022-07-22,SCORE_3,7122.738288328821,1851.9119549654938,1,8974.650243294314,11276.822380350783,-0.2041507846277575,0.0
2022-07-23,SCORE_3,7122.738288328821,1851.9119549654938,1,8974.650243294314,11276.822380350783,-0.2041507846277575,0.0
2022-07-24,SCORE_3,7122.738288328821,1851.9119549654938,1,8974.650243294314,11276.822380350783,-0.2041507846277575,0.0
2022-07-25,SCORE_3,7122.738288328821,1851.9119549654938,1,8974.650243294314,11276.822380350783,-0.2041507846277575,0.0
2022-07-26,SCORE_3,7122.738288328821,1851.9119549654938,1,8974.650243294314,11276.822380350783,-0.2041507846277575,0.0
2022-07-27,SCORE_3,1780.6845720822046,7300.806745537042,4,9081.491317619246,11276.822380350783,-0.19467638920665942,0.011904761904761862
2022-07-28,SCORE_3,7229.579362653754,1851.9119549654934,1,9081.491317619248,11276.822380350783,-0.1946763892066593,2.220446049250313e-16
2022-07-29,SCORE_3,9081.491317619248,0.0,0,9081.491317619248,11276.822380350783,-0.1946763892066593,0.0
2022-07-30,SCORE_3,9081.491317619248,0.0,0,9081.491317619248,11276.822380350783,-0.1946763892066593,0.0
2022-07-31,SCORE_3,9081.491317619248,0.0,0,9081.491317619248,11276.822380350783,-0.1946763892066593,0.0
2022-08-01,SCORE_3,9081.491317619248,0.0,0,9081.491317619248,11276.822380350783,-0.1946763892066593,0.0
2022-08-02,SCORE_3,9081.491317619248,0.0,0,9081.491317619248,11276.822380350783,-0.1946763892066593,0.0
2022-08-03,SCORE_3,3632.596527047699,5666.850582194411,3,9299.44710924211,11276.822380350783,-0.17534862254761907,0.02400000000000002
2022-08-04,SCORE_3,5521.546721112502,3777.900388129607,2,9299.44710924211,11276.822380350783,-0.17534862254761907,0.0
2022-08-05,SCORE_3,3690.7180714804617,5681.962183746929,3,9372.680255227391,11276.822380350783,-0.16885449295018162,0.007874999999999854
2022-08-06,SCORE_3,3690.7180714804617,5681.962183746929,3,9372.680255227391,11276.822380350783,-0.16885449295018162,0.0
2022-08-07,SCORE_3,3690.7180714804617,5681.962183746929,3,9372.680255227391,11276.822380350783,-0.16885449295018162,0.0
2022-08-08,SCORE_3,5579.668265545265,3793.011989682126,2,9372.680255227391,11276.822380350783,-0.16885449295018162,0.0
2022-08-09,SCORE_3,5579.668265545265,3793.011989682126,2,9372.680255227391,11276.822380350783,-0.16885449295018162,0.0
2022-08-10,SCORE_3,29.060772216380883,9341.642523571354,5,9370.703295787735,11276.822380350783,-0.169029804697851,-0.00021092786543674968
2022-08-11,SCORE_3,3755.8142012451563,5614.889094542578,3,9370.703295787735,11276.822380350783,-0.169029804697851,0.0
2022-08-12,SCORE_3,3755.8142012451563,5614.889094542578,3,9370.703295787735,11276.822380350783,-0.169029804697851,0.0
2022-08-13,SCORE_3,3755.8142012451563,5614.889094542578,3,9370.703295787735,11276.822380350783,-0.169029804697851,0.0
2022-08-14,SCORE_3,3755.8142012451563,5614.889094542578,3,9370.703295787735,11276.822380350783,-0.169029804697851,0.0
2022-08-15,SCORE_3,5690.099199967515,3680.6040958202193,2,9370.703295787735,11276.822380350783,-0.169029804697851,0.0
2022-08-16,SCORE_3,5690.099199967515,3680.6040958202193,2,9370.703295787735,11276.822380350783,-0.169029804697851,0.0
2022-08-17,SCORE_3,9370.703295787735,0.0,0,9370.703295787735,11276.822380350783,-0.169029804697851,0.0
2022-08-18,SCORE_3,7496.562636630188,1836.6578459743962,1,9333.220482604584,11276.822380350783,-0.1723536854790596,-0.0040000000000000036
2022-08-19,SCORE_3,7496.562636630188,1836.6578459743962,1,9333.220482604584,11276.822380350783,-0.1723536854790596,0.0
2022-08-20,SCORE_3,7496.562636630188,1836.6578459743962,1,9333.220482604584,11276.822380350783,-0.1723536854790596,0.0
2022-08-21,SCORE_3,7496.562636630188,1836.6578459743962,1,9333.220482604584,11276.822380350783,-0.1723536854790596,0.0
2022-08-22,SCORE_3,1866.6440965209167,7317.2448583619935,4,9183.88895488291,11276.822380350783,-0.18559602651139462,-0.016000000000000014
2022-08-23,SCORE_3,0.0,9109.969848660681,5,9109.969848660681,11276.822380350783,-0.1921509853224006,-0.008048780487804996
2022-08-24,SCORE_3,1829.3112145904984,7280.658634070183,4,9109.969848660681,11276.822380350783,-0.1921509853224006,0.0
2022-08-25,SCORE_3,1829.3112145904984,7280.658634070183,4,9109.969848660681,11276.822380350783,-0.1921509853224006,0.0
2022-08-26,SCORE_3,7280.658634070183,1829.3112145904984,1,9109.969848660681,11276.822380350783,-0.1921509853224006,0.0
2022-08-27,SCORE_3,7280.658634070183,1829.3112145904984,1,9109.969848660681,11276.822380350783,-0.1921509853224006,0.0
2022-08-28,SCORE_3,7280.658634070183,1829.3112145904984,1,9109.969848660681,11276.822380350783,-0.1921509853224006,0.0
2022-08-29,SCORE_3,0.0,8927.77045168747,5,8927.77045168747,11276.822380350783,-0.20830796561595244,-0.019999999999999796
2022-08-30,SCORE_3,1785.5540903374936,7142.216361349975,4,8927.77045168747,11276.822380350783,-0.20830796561595244,0.0
2022-08-31,SCORE_3,0.0,8892.059369880719,5,8892.059369880719,11276.822380350783,-0.2114747337534887,-0.0040000000000000036
2022-09-01,SCORE_3,5320.805429688153,3535.5399431954643,2,8856.345372883618,11276.822380350783,-0.21464176040270955,-0.004016392099008281
2022-09-02,SCORE_3,8856.345372883618,0.0,0,8856.345372883618,11276.822380350783,-0.21464176040270955,0.0
2022-09-03,SCORE_3,8856.345372883618,0.0,0,8856.345372883618,11276.822380350783,-0.21464176040270955,0.0
2022-09-04,SCORE_3,8856.345372883618,0.0,0,8856.345372883618,11276.822380350783,-0.21464176040270955,0.0
2022-09-05,SCORE_3,8856.345372883618,0.0,0,8856.345372883618,11276.822380350783,-0.21464176040270955,0.0
2022-09-06,SCORE_3,7085.076298306894,1751.1054722829092,1,8836.181770589803,11276.822380350783,-0.21642981750015466,-0.002276740737274241
2022-09-07,SCORE_3,5313.807223730171,3593.225309842702,2,8907.032533572874,11276.822380350783,-0.21014695158337615,0.008018255488913661
2022-09-08,SCORE_3,7155.927061289964,1751.1054722829092,1,8907.032533572872,11276.822380350783,-0.21014695158337637,-2.220446049250313e-16
2022-09-09,SCORE_3,7155.927061289964,1751.1054722829092,1,8907.032533572872,11276.822380350783,-0.21014695158337637,0.0
2022-09-10,SCORE_3,7155.927061289964,1751.1054722829092,1,8907.032533572872,11276.822380350783,-0.21014695158337637,0.0
2022-09-11,SCORE_3,7155.927061289964,1751.1054722829092,1,8907.032533572872,11276.822380350783,-0.21014695158337637,0.0
2022-09-12,SCORE_3,7155.927061289964,1751.1054722829092,1,8907.032533572872,11276.822380350783,-0.21014695158337637,0.0
2022-09-13,SCORE_3,8907.032533572872,0.0,0,8907.032533572872,11276.822380350783,-0.21014695158337637,0.0
2022-09-14,SCORE_3,0.0,8728.891882901415,5,8728.891882901415,11276.822380350783,-0.22594401255170882,-0.020000000000000018
2022-09-15,SCORE_3,1745.778376580283,6983.113506321131,4,8728.891882901415,11276.822380350783,-0.22594401255170882,0.0
2022-09-16,SCORE_3,1717.2758724728485,6941.214825283205,4,8658.490697756053,11276.822380350783,-0.23218701104639394,-0.008065306122449156
2022-09-17,SCORE_3,3442.1049085341683,5216.385789221886,3,8658.490697756053,11276.822380350783,-0.23218701104639394,0.0
2022-09-18,SCORE_3,3442.1049085341683,5216.385789221886,3,8658.490697756053,11276.822380350783,-0.23218701104639394,0.0
2022-09-19,SCORE_3,0.0,8694.827970192538,5,8694.827970192538,11276.822380350783,-0.22896471391242457,0.004196721311475526
2022-09-20,SCORE_3,0.0,8694.827970192538,5,8694.827970192538,11276.822380350783,-0.22896471391242457,0.0
2022-09-21,SCORE_3,5314.665843684807,3380.16212650773,2,8694.827970192538,11276.822380350783,-0.22896471391242457,0.0
2022-09-22,SCORE_3,5293.772824113961,3366.1407049659338,2,8659.913529079895,11276.822380350783,-0.23206083797424193,-0.004015541334726369
2022-09-23,SCORE_3,8659.913529079895,0.0,0,8659.913529079895,11276.822380350783,-0.23206083797424193,0.0
2022-09-24,SCORE_3,8659.913529079895,0.0,0,8659.913529079895,11276.822380350783,-0.23206083797424193,0.0
2022-09-25,SCORE_3,8659.913529079895,0.0,0,8659.913529079895,11276.822380350783,-0.23206083797424193,0.0
2022-09-26,SCORE_3,8659.913529079895,0.0,0,8659.913529079895,11276.822380350783,-0.23206083797424193,0.0
2022-09-27,SCORE_3,8659.913529079895,0.0,0,8659.913529079895,11276.822380350783,-0.23206083797424193,0.0
2022-09-28,SCORE_3,8659.913529079895,0.0,0,8659.913529079895,11276.822380350783,-0.23206083797424193,0.0
2022-09-29,SCORE_3,8659.913529079895,0.0,0,8659.913529079895,11276.822380350783,-0.23206083797424193,0.0
2022-09-30,SCORE_3,8659.913529079895,0.0,0,8659.913529079895,11276.822380350783,-0.23206083797424193,0.0
2022-10-01,SCORE_3,8659.913529079895,0.0,0,8659.913529079895,11276.822380350783,-0.23206083797424193,0.0
2022-10-02,SCORE_3,8659.913529079895,0.0,0,8659.913529079895,11276.822380350783,-0.23206083797424193,0.0
2022-10-03,SCORE_3,6927.930823263916,1697.343051699659,1,8625.273874963576,11276.822380350783,-0.23513259462234493,-0.0040000000000000036
2022-10-04,SCORE_3,8625.273874963576,0.0,0,8625.273874963576,11276.822380350783,-0.23513259462234493,0.0
2022-10-05,SCORE_3,8625.273874963576,0.0,0,8625.273874963576,11276.822380350783,-0.23513259462234493,0.0
2022-10-06,SCORE_3,8625.273874963576,0.0,0,8625.273874963576,11276.822380350783,-0.23513259462234493,0.0
2022-10-07,SCORE_3,8625.273874963576,0.0,0,8625.273874963576,11276.822380350783,-0.23513259462234493,0.0
2022-10-08,SCORE_3,8625.273874963576,0.0,0,8625.273874963576,11276.822380350783,-0.23513259462234493,0.0
2022-10-09,SCORE_3,8625.273874963576,0.0,0,8625.273874963576,11276.822380350783,-0.23513259462234493,0.0
2022-10-10,SCORE_3,8625.273874963576,0.0,0,8625.273874963576,11276.822380350783,-0.23513259462234493,0.0
2022-10-11,SCORE_3,8625.273874963576,0.0,0,8625.273874963576,11276.822380350783,-0.23513259462234493,0.0
2022-10-12,SCORE_3,8625.273874963576,0.0,0,8625.273874963576,11276.822380350783,-0.23513259462234493,0.0
2022-10-13,SCORE_3,8625.273874963576,0.0,0,8625.273874963576,11276.822380350783,-0.23513259462234493,0.0
2022-10-14,SCORE_3,8625.273874963576,0.0,0,8625.273874963576,11276.822380350783,-0.23513259462234493,0.0
2022-10-15,SCORE_3,8625.273874963576,0.0,0,8625.273874963576,11276.822380350783,-0.23513259462234493,0.0
2022-10-16,SCORE_3,8625.273874963576,0.0,0,8625.273874963576,11276.822380350783,-0.23513259462234493,0.0
2022-10-17,SCORE_3,8625.273874963576,0.0,0,8625.273874963576,11276.822380350783,-0.23513259462234493,0.0
2022-10-18,SCORE_3,8625.273874963576,0.0,0,8625.273874963576,11276.822380350783,-0.23513259462234493,0.0
2022-10-19,SCORE_3,8625.273874963576,0.0,0,8625.273874963576,11276.822380350783,-0.23513259462234493,0.0
2022-10-20,SCORE_3,8625.273874963576,0.0,0,8625.273874963576,11276.822380350783,-0.23513259462234493,0.0
2022-10-21,SCORE_3,8625.273874963576,0.0,0,8625.273874963576,11276.822380350783,-0.23513259462234493,0.0
2022-10-22,SCORE_3,8625.273874963576,0.0,0,8625.273874963576,11276.822380350783,-0.23513259462234493,0.0
2022-10-23,SCORE_3,8625.273874963576,0.0,0,8625.273874963576,11276.822380350783,-0.23513259462234493,0.0
2022-10-24,SCORE_3,8625.273874963576,0.0,0,8625.273874963576,11276.822380350783,-0.23513259462234493,0.0
2022-10-25,SCORE_3,8625.273874963576,0.0,0,8625.273874963576,11276.822380350783,-0.23513259462234493,0.0
2022-10-26,SCORE_3,8625.273874963576,0.0,0,8625.273874963576,11276.822380350783,-0.23513259462234493,0.0
2022-10-27,SCORE_3,8625.273874963576,0.0,0,8625.273874963576,11276.822380350783,-0.23513259462234493,0.0
2022-10-28,SCORE_3,8625.273874963576,0.0,0,8625.273874963576,11276.822380350783,-0.23513259462234493,0.0
2022-10-29,SCORE_3,8625.273874963576,0.0,0,8625.273874963576,11276.822380350783,-0.23513259462234493,0.0
2022-10-30,SCORE_3,8625.273874963576,0.0,0,8625.273874963576,11276.822380350783,-0.23513259462234493,0.0
2022-10-31,SCORE_3,6900.21909997086,1759.872333695883,1,8660.091433666743,11276.822380350783,-0.2320450618468145,0.004036690220844186
2022-11-01,SCORE_3,5175.164324978145,3450.426013188744,2,8625.590338166889,11276.822380350783,-0.2351045314683251,-0.00398391815653687
2022-11-02,SCORE_3,5147.563448578261,3546.753071824337,2,8694.316520402597,11276.822380350783,-0.22901006798227608,0.007967707663045998
2022-11-03,SCORE_3,0.0,8797.129784992165,5,8797.129784992165,11276.822380350783,-0.21989284851017432,0.011825341802118583
2022-11-04,SCORE_3,3511.6595043571697,5355.0189689874205,3,8866.67847334459,11276.822380350783,-0.21372544726834852,0.00790583861466665
2022-11-05,SCORE_3,3511.6595043571697,5355.0189689874205,3,8866.67847334459,11276.822380350783,-0.21372544726834852,0.0
2022-11-06,SCORE_3,3511.6595043571697,5355.0189689874205,3,8866.67847334459,11276.822380350783,-0.21372544726834852,0.0
2022-11-07,SCORE_3,5271.5318380530525,3595.1466352915377,2,8866.67847334459,11276.822380350783,-0.21372544726834852,0.0
2022-11-08,SCORE_3,7058.412576181507,1808.2658971630838,1,8866.678473344591,11276.822380350783,-0.2137254472683483,2.220446049250313e-16
2022-11-09,SCORE_3,7058.412576181507,1808.2658971630838,1,8866.678473344591,11276.822380350783,-0.2137254472683483,0.0
2022-11-10,SCORE_3,8866.678473344591,0.0,0,8866.678473344591,11276.822380350783,-0.2137254472683483,0.0
2022-11-11,SCORE_3,8866.678473344591,0.0,0,8866.678473344591,11276.822380350783,-0.2137254472683483,0.0
2022-11-12,SCORE_3,8866.678473344591,0.0,0,8866.678473344591,11276.822380350783,-0.2137254472683483,0.0
2022-11-13,SCORE_3,8866.678473344591,0.0,0,8866.678473344591,11276.822380350783,-0.2137254472683483,0.0
2022-11-14,SCORE_3,3546.6713893378364,5522.91403347557,3,9069.585422813407,11276.822380350783,-0.195732173753429,0.02288421194913104
2022-11-15,SCORE_3,0.0,9211.45227838692,5,9211.45227838692,11276.822380350783,-0.18315178090972262,0.01564204414643533
2022-11-16,SCORE_3,1844.269122455675,7367.183155931245,4,9211.45227838692,11276.822380350783,-0.18315178090972262,0.0
2022-11-17,SCORE_3,56.7467422294053,9226.206431366565,5,9282.95317359597,11276.822380350783,-0.17681126291649463,0.007762173981709086
2022-11-18,SCORE_3,99.30679890145939,9203.018892191001,5,9302.325691092461,11276.822380350783,-0.17509335721193664,0.0020868916533580695
2022-11-19,SCORE_3,99.30679890145939,9203.018892191001,5,9302.325691092461,11276.822380350783,-0.17509335721193664,0.0
2022-11-20,SCORE_3,99.30679890145939,9203.018892191001,5,9302.325691092461,11276.822380350783,-0.17509335721193664,0.0
2022-11-21,SCORE_3,5622.220832377029,3680.104858715431,2,9302.325691092461,11276.822380350783,-0.17509335721193664,0.0
2022-11-22,SCORE_3,5624.653473093156,3751.935843388073,2,9376.58931648123,11276.822380350783,-0.16850784731526858,0.007983339635149633
2022-11-23,SCORE_3,5624.653473093156,3751.935843388073,2,9376.58931648123,11276.822380350783,-0.16850784731526858,0.0
2022-11-24,SCORE_3,5624.653473093156,3751.935843388073,2,9376.58931648123,11276.822380350783,-0.16850784731526858,0.0
2022-11-25,SCORE_3,3768.0628383739618,5571.394665412883,3,9339.457503786845,11276.822380350783,-0.1718006022636026,-0.003960055350735847
2022-11-26,SCORE_3,3768.0628383739618,5571.394665412883,3,9339.457503786845,11276.822380350783,-0.1718006022636026,0.0
2022-11-27,SCORE_3,3768.0628383739618,5571.394665412883,3,9339.457503786845,11276.822380350783,-0.1718006022636026,0.0
2022-11-28,SCORE_3,7408.603243678883,1930.8542601079623,1,9339.457503786845,11276.822380350783,-0.1718006022636026,0.0
2022-11-29,SCORE_3,0.0,9302.467765454045,5,9302.467765454045,11276.822380350783,-0.17508075841798643,-0.003960587466435017
2022-11-30,SCORE_3,3746.8322602739854,5555.635505180059,3,9302.467765454045,11276.822380350783,-0.17508075841798643,0.0
2022-12-01,SCORE_3,5673.992586980785,3628.475178473259,2,9302.467765454043,11276.822380350783,-0.17508075841798654,-2.220446049250313e-16
2022-12-02,SCORE_3,3798.6889311206974,5466.272761216145,3,9264.961692336843,11276.822380350783,-0.17840670183113738,-0.004031841234267253
2022-12-03,SCORE_3,3798.6889311206974,5466.272761216145,3,9264.961692336843,11276.822380350783,-0.17840670183113738,0.0
2022-12-04,SCORE_3,3798.6889311206974,5466.272761216145,3,9264.961692336843,11276.822380350783,-0.17840670183113738,0.0
2022-12-05,SCORE_3,9264.961692336843,0.0,0,9264.961692336843,11276.822380350783,-0.17840670183113738,0.0
2022-12-06,SCORE_3,1852.9923384673687,7263.729966792085,4,9116.722305259455,11276.822380350783,-0.19155219460183914,-0.015999999999999903
2022-12-07,SCORE_3,0.0,9481.391197469833,5,9481.391197469833,11276.822380350783,-0.15921428238591273,0.040000000000000036
2022-12-08,SCORE_3,3792.556478987933,5688.8347184818995,3,9481.391197469833,11276.822380350783,-0.15921428238591273,0.0
2022-12-09,SCORE_3,3792.556478987933,5688.8347184818995,3,9481.391197469833,11276.822380350783,-0.15921428238591273,0.0
2022-12-10,SCORE_3,3792.556478987933,5688.8347184818995,3,9481.391197469833,11276.822380350783,-0.15921428238591273,0.0
2022-12-11,SCORE_3,3792.556478987933,5688.8347184818995,3,9481.391197469833,11276.822380350783,-0.15921428238591273,0.0
2022-12-12,SCORE_3,3821.729990364763,5584.393547752847,3,9406.12353811761,11276.822380350783,-0.16588882746727995,-0.007938461538461672
2022-12-13,SCORE_3,5718.0082298587295,3688.1153082588808,2,9406.12353811761,11276.822380350783,-0.16588882746727995,0.0
2022-12-14,SCORE_3,3821.729990364763,5631.931170299127,3,9453.66116066389,11276.822380350783,-0.16167331170025745,0.005053901573122799
2022-12-15,SCORE_3,3777.0361709354584,5638.8499602572565,3,9415.886131192714,11276.822380350783,-0.16502310548055132,-0.003995809541847861
2022-12-16,SCORE_3,0.0,9401.4791911694,5,9401.4791911694,11276.822380350783,-0.16630067637218993,-0.0015300673587786973
2022-12-17,SCORE_3,3672.3926153894026,5729.086575779997,3,9401.4791911694,11276.822380350783,-0.16630067637218993,0.0
2022-12-18,SCORE_3,3672.3926153894026,5729.086575779997,3,9401.4791911694,11276.822380350783,-0.16630067637218993,0.0
2022-12-19,SCORE_3,0.0,9471.210014442591,5,9471.210014442591,11276.822380350783,-0.16011712386765686,0.0074170055429882975
2022-12-20,SCORE_3,0.0,9471.210014442591,5,9471.210014442591,11276.822380350783,-0.16011712386765686,0.0
2022-12-21,SCORE_3,1943.8158620402467,7527.394152402345,4,9471.210014442591,11276.822380350783,-0.16011712386765686,0.0
2022-12-22,SCORE_3,1943.8158620402467,7527.394152402345,4,9471.210014442591,11276.822380350783,-0.16011712386765686,0.0
2022-12-23,SCORE_3,5729.086575779997,3742.123438662595,2,9471.210014442591,11276.822380350783,-0.16011712386765686,0.0
2022-12-24,SCORE_3,5729.086575779997,3742.123438662595,2,9471.210014442591,11276.822380350783,-0.16011712386765686,0.0
2022-12-25,SCORE_3,5729.086575779997,3742.123438662595,2,9471.210014442591,11276.822380350783,-0.16011712386765686,0.0
2022-12-26,SCORE_3,5729.086575779997,3742.123438662595,2,9471.210014442591,11276.822380350783,-0.16011712386765686,0.0
2022-12-27,SCORE_3,9471.210014442591,0.0,0,9471.210014442591,11276.822380350783,-0.16011712386765686,0.0
2022-12-28,SCORE_3,9471.210014442591,0.0,0,9471.210014442591,11276.822380350783,-0.16011712386765686,0.0
2022-12-29,SCORE_3,9471.210014442591,0.0,0,9471.210014442591,11276.822380350783,-0.16011712386765686,0.0
2022-12-30,SCORE_3,9471.210014442591,0.0,0,9471.210014442591,11276.822380350783,-0.16011712386765686,0.0
2022-12-31,SCORE_3,9471.210014442591,0.0,0,9471.210014442591,11276.822380350783,-0.16011712386765686,0.0
2023-01-01,SCORE_3,9471.210014442591,0.0,0,9471.210014442591,11276.822380350783,-0.16011712386765686,0.0
2023-01-02,SCORE_3,9471.210014442591,0.0,0,9471.210014442591,11276.822380350783,-0.16011712386765686,0.0
2023-01-03,SCORE_3,9471.210014442591,0.0,0,9471.210014442591,11276.822380350783,-0.16011712386765686,0.0
2023-01-04,SCORE_3,9471.210014442591,0.0,0,9471.210014442591,11276.822380350783,-0.16011712386765686,0.0
2023-01-05,SCORE_3,7576.968011554073,1856.3571628307482,1,9433.325174384821,11276.822380350783,-0.16347665537218614,-0.0040000000000000036
2023-01-06,SCORE_3,5682.726008665555,3826.368845834807,2,9509.094854500363,11276.822380350783,-0.15675759236312736,0.008032128514056325
2023-01-07,SCORE_3,5682.726008665555,3826.368845834807,2,9509.094854500363,11276.822380350783,-0.15675759236312736,0.0
2023-01-08,SCORE_3,5682.726008665555,3826.368845834807,2,9509.094854500363,11276.822380350783,-0.15675759236312736,0.0
2023-01-09,SCORE_3,9509.094854500363,0.0,0,9509.094854500363,11276.822380350783,-0.15675759236312736,0.0
2023-01-10,SCORE_3,1901.8189709000726,7576.828826155642,4,9478.647797055713,11276.822380350783,-0.15945756017477808,-0.003201888077732251
2023-01-11,SCORE_3,5629.384153864215,3849.2636431914993,2,9478.647797055713,11276.822380350783,-0.15945756017477808,0.0
2023-01-12,SCORE_3,7607.27588360029,1871.3719134554237,1,9478.647797055713,11276.822380350783,-0.15945756017477808,0.0
2023-01-13,SCORE_3,7607.27588360029,1871.3719134554237,1,9478.647797055713,11276.822380350783,-0.15945756017477808,0.0
2023-01-14,SCORE_3,7607.27588360029,1871.3719134554237,1,9478.647797055713,11276.822380350783,-0.15945756017477808,0.0
2023-01-15,SCORE_3,7607.27588360029,1871.3719134554237,1,9478.647797055713,11276.822380350783,-0.15945756017477808,0.0
2023-01-16,SCORE_3,7607.27588360029,1871.3719134554237,1,9478.647797055713,11276.822380350783,-0.15945756017477808,0.0
2023-01-17,SCORE_3,7607.27588360029,1871.3719134554237,1,9478.647797055713,11276.822380350783,-0.15945756017477808,0.0
2023-01-18,SCORE_3,9478.647797055713,0.0,0,9478.647797055713,11276.822380350783,-0.15945756017477808,0.0
2023-01-19,SCORE_3,1895.729559411142,7648.2008358004905,4,9543.930395211632,11276.822380350783,-0.15366846498873798,0.006887332407919722
2023-01-20,SCORE_3,0.0,9655.55095166976,5,9655.55095166976,11276.822380350783,-0.14377023721735616,0.011695449551280435
2023-01-21,SCORE_3,1842.9524484771366,7812.598503192625,4,9655.550951669762,11276.822380350783,-0.14377023721735593,2.220446049250313e-16
2023-01-22,SCORE_3,1842.9524484771366,7812.598503192625,4,9655.550951669762,11276.822380350783,-0.14377023721735593,0.0
2023-01-23,SCORE_3,5738.7525222494105,3916.79842942035,2,9655.55095166976,11276.822380350783,-0.14377023721735616,-2.220446049250313e-16
2023-01-24,SCORE_3,7694.538794102698,1961.012157567062,1,9655.55095166976,11276.822380350783,-0.14377023721735616,0.0
2023-01-25,SCORE_3,5776.48512339993,3955.787975097942,2,9732.273098497872,11276.822380350783,-0.13696671187658327,0.007945910824989522
2023-01-26,SCORE_3,7737.497280966992,1994.7758175308795,1,9732.273098497872,11276.822380350783,-0.13696671187658327,0.0
2023-01-27,SCORE_3,9732.273098497872,0.0,0,9732.273098497872,11276.822380350783,-0.13696671187658327,0.0
2023-01-28,SCORE_3,9732.273098497872,0.0,0,9732.273098497872,11276.822380350783,-0.13696671187658327,0.0
2023-01-29,SCORE_3,9732.273098497872,0.0,0,9732.273098497872,11276.822380350783,-0.13696671187658327,0.0
2023-01-30,SCORE_3,9732.273098497872,0.0,0,9732.273098497872,11276.822380350783,-0.13696671187658327,0.0
2023-01-31,SCORE_3,5839.363859098723,3931.8383317931402,2,9771.202190891863,11276.822380350783,-0.13351457872408956,0.0040000000000000036
2023-02-01,SCORE_3,5808.22058518353,3924.208229683918,2,9732.428814867448,11276.822380350783,-0.13695290334397325,-0.00396812749003983
2023-02-02,SCORE_3,9732.428814867448,0.0,0,9732.428814867448,11276.822380350783,-0.13695290334397325,0.0
2023-02-03,SCORE_3,7785.943051893958,2024.3451934924294,1,9810.288245386388,11276.822380350783,-0.13004852657072496,0.008000000000000007
2023-02-04,SCORE_3,7785.943051893958,2024.3451934924294,1,9810.288245386388,11276.822380350783,-0.13004852657072496,0.0
2023-02-05,SCORE_3,7785.943051893958,2024.3451934924294,1,9810.288245386388,11276.822380350783,-0.13004852657072496,0.0
2023-02-06,SCORE_3,0.0,9888.147675905328,5,9888.147675905328,11276.822380350783,-0.12314414979747679,0.007936507936507908
2023-02-07,SCORE_3,2024.3451934924283,7863.802482412899,4,9888.147675905328,11276.822380350783,-0.12314414979747679,0.0
2023-02-08,SCORE_3,2024.3451934924283,7863.802482412899,4,9888.147675905328,11276.822380350783,-0.12314414979747679,0.0
2023-02-09,SCORE_3,2071.0608518037925,7812.429244554505,4,9883.490096358299,11276.822380350783,-0.1235571721356794,-0.0004710264955263277
2023-02-10,SCORE_3,7910.518140724262,1972.9719556340358,1,9883.490096358297,11276.822380350783,-0.12355717213567963,-2.220446049250313e-16
2023-02-11,SCORE_3,7910.518140724262,1972.9719556340358,1,9883.490096358297,11276.822380350783,-0.12355717213567963,0.0
2023-02-12,SCORE_3,7910.518140724262,1972.9719556340358,1,9883.490096358297,11276.822380350783,-0.12355717213567963,0.0
2023-02-13,SCORE_3,3955.259070362131,5849.125844588923,3,9804.384914951053,11276.822380350783,-0.13057201893729986,-0.008003769987728448
2023-02-14,SCORE_3,5893.336014839575,3911.04890011148,2,9804.384914951055,11276.822380350783,-0.13057201893729975,2.220446049250313e-16
2023-02-15,SCORE_3,5893.336014839575,3911.04890011148,2,9804.384914951055,11276.822380350783,-0.13057201893729975,0.0
2023-02-16,SCORE_3,7866.307970473611,1938.0769444774442,1,9804.384914951055,11276.822380350783,-0.13057201893729975,0.0
2023-02-17,SCORE_3,7843.507931960844,1921.659443330407,1,9765.16737529125,11276.822380350783,-0.1340497308615506,-0.004000000000000115
2023-02-18,SCORE_3,9765.16737529125,0.0,0,9765.16737529125,11276.822380350783,-0.1340497308615506,0.0
2023-02-19,SCORE_3,9765.16737529125,0.0,0,9765.16737529125,11276.822380350783,-0.1340497308615506,0.0
2023-02-20,SCORE_3,9765.16737529125,0.0,0,9765.16737529125,11276.822380350783,-0.1340497308615506,0.0
2023-02-21,SCORE_3,5859.100425174751,3851.14365454379,2,9710.24407971854,11276.822380350783,-0.138920189375503,-0.0056244090307844274
2023-02-22,SCORE_3,1953.0334750582501,7782.676265349333,4,9735.709740407583,11276.822380350783,-0.13666195919060498,0.002622556187050984
2023-02-23,SCORE_3,0.0,9696.649070906418,5,9696.649070906418,11276.822380350783,-0.14012576026715873,-0.004012102922403837
2023-02-24,SCORE_3,3827.945611114171,5868.703459792248,3,9696.64907090642,11276.822380350783,-0.14012576026715862,2.220446049250313e-16
2023-02-25,SCORE_3,3827.945611114171,5868.703459792248,3,9696.64907090642,11276.822380350783,-0.14012576026715862,0.0
2023-02-26,SCORE_3,3827.945611114171,5868.703459792248,3,9696.64907090642,11276.822380350783,-0.14012576026715862,0.0
2023-02-27,SCORE_3,3827.945611114171,5868.703459792248,3,9696.64907090642,11276.822380350783,-0.14012576026715862,0.0
2023-02-28,SCORE_3,5765.116460100876,3931.5326108055433,2,9696.64907090642,11276.822380350783,-0.14012576026715862,0.0
2023-03-01,SCORE_3,9696.649070906418,0.0,0,9696.649070906418,11276.822380350783,-0.14012576026715873,-2.220446049250313e-16
2023-03-02,SCORE_3,9696.649070906418,0.0,0,9696.649070906418,11276.822380350783,-0.14012576026715873,0.0
2023-03-03,SCORE_3,9696.649070906418,0.0,0,9696.649070906418,11276.822380350783,-0.14012576026715873,0.0
2023-03-04,SCORE_3,9696.649070906418,0.0,0,9696.649070906418,11276.822380350783,-0.14012576026715873,0.0
2023-03-05,SCORE_3,9696.649070906418,0.0,0,9696.649070906418,11276.822380350783,-0.14012576026715873,0.0
2023-03-06,SCORE_3,9696.649070906418,0.0,0,9696.649070906418,11276.822380350783,-0.14012576026715873,0.0
2023-03-07,SCORE_3,9696.649070906418,0.0,0,9696.649070906418,11276.822380350783,-0.14012576026715873,0.0
2023-03-08,SCORE_3,9696.649070906418,0.0,0,9696.649070906418,11276.822380350783,-0.14012576026715873,0.0
2023-03-09,SCORE_3,9696.649070906418,0.0,0,9696.649070906418,11276.822380350783,-0.14012576026715873,0.0
2023-03-10,SCORE_3,9696.649070906418,0.0,0,9696.649070906418,11276.822380350783,-0.14012576026715873,0.0
2023-03-11,SCORE_3,9696.649070906418,0.0,0,9696.649070906418,11276.822380350783,-0.14012576026715873,0.0
2023-03-12,SCORE_3,9696.649070906418,0.0,0,9696.649070906418,11276.822380350783,-0.14012576026715873,0.0
2023-03-13,SCORE_3,7757.319256725134,2016.9030067485353,1,9774.22226347367,11276.822380350783,-0.133246766349296,0.008000000000000007
2023-03-14,SCORE_3,7819.377810778936,1915.7475636408394,1,9735.125374419775,11276.822380350783,-0.13671377928389883,-0.0040000000000000036
2023-03-15,SCORE_3,9735.125374419775,0.0,0,9735.125374419775,11276.822380350783,-0.13671377928389883,0.0
2023-03-16,SCORE_3,9735.125374419775,0.0,0,9735.125374419775,11276.822380350783,-0.13671377928389883,0.0
2023-03-17,SCORE_3,9735.125374419775,0.0,0,9735.125374419775,11276.822380350783,-0.13671377928389883,0.0
2023-03-18,SCORE_3,9735.125374419775,0.0,0,9735.125374419775,11276.822380350783,-0.13671377928389883,0.0
2023-03-19,SCORE_3,9735.125374419775,0.0,0,9735.125374419775,11276.822380350783,-0.13671377928389883,0.0
2023-03-20,SCORE_3,9735.125374419775,0.0,0,9735.125374419775,11276.822380350783,-0.13671377928389883,0.0
2023-03-21,SCORE_3,7788.100299535819,1949.5036799866102,1,9737.60397952243,11276.822380350783,-0.13649398287148273,0.00025460433300295016
2023-03-22,SCORE_3,7788.100299535819,1949.5036799866102,1,9737.60397952243,11276.822380350783,-0.13649398287148273,0.0
2023-03-23,SCORE_3,7788.100299535819,1949.5036799866102,1,9737.60397952243,11276.822380350783,-0.13649398287148273,0.0
2023-03-24,SCORE_3,7788.100299535819,1949.5036799866102,1,9737.60397952243,11276.822380350783,-0.13649398287148273,0.0
2023-03-25,SCORE_3,7788.100299535819,1949.5036799866102,1,9737.60397952243,11276.822380350783,-0.13649398287148273,0.0
2023-03-26,SCORE_3,7788.100299535819,1949.5036799866102,1,9737.60397952243,11276.822380350783,-0.13649398287148273,0.0
2023-03-27,SCORE_3,7788.100299535819,1949.5036799866102,1,9737.60397952243,11276.822380350783,-0.13649398287148273,0.0
2023-03-28,SCORE_3,9737.60397952243,0.0,0,9737.60397952243,11276.822380350783,-0.13649398287148273,0.0
2023-03-29,SCORE_3,9737.60397952243,0.0,0,9737.60397952243,11276.822380350783,-0.13649398287148273,0.0
2023-03-30,SCORE_3,9737.60397952243,0.0,0,9737.60397952243,11276.822380350783,-0.13649398287148273,0.0
2023-03-31,SCORE_3,9737.60397952243,0.0,0,9737.60397952243,11276.822380350783,-0.13649398287148273,0.0
2023-04-01,SCORE_3,9737.60397952243,0.0,0,9737.60397952243,11276.822380350783,-0.13649398287148273,0.0
2023-04-02,SCORE_3,9737.60397952243,0.0,0,9737.60397952243,11276.822380350783,-0.13649398287148273,0.0
2023-04-03,SCORE_3,9737.60397952243,0.0,0,9737.60397952243,11276.822380350783,-0.13649398287148273,0.0
2023-04-04,SCORE_3,9737.60397952243,0.0,0,9737.60397952243,11276.822380350783,-0.13649398287148273,0.0
2023-04-05,SCORE_3,9737.60397952243,0.0,0,9737.60397952243,11276.822380350783,-0.13649398287148273,0.0
2023-04-06,SCORE_3,7790.083183617944,2025.4216277406656,1,9815.504811358609,11276.822380350783,-0.12958593473445457,0.008000000000000007
2023-04-07,SCORE_3,7790.083183617944,2025.4216277406656,1,9815.504811358609,11276.822380350783,-0.12958593473445457,0.0
2023-04-08,SCORE_3,7790.083183617944,2025.4216277406656,1,9815.504811358609,11276.822380350783,-0.12958593473445457,0.0
2023-04-09,SCORE_3,7790.083183617944,2025.4216277406656,1,9815.504811358609,11276.822380350783,-0.12958593473445457,0.0
2023-04-10,SCORE_3,7790.083183617944,2025.4216277406656,1,9815.504811358609,11276.822380350783,-0.12958593473445457,0.0
2023-04-11,SCORE_3,9815.504811358609,0.0,0,9815.504811358609,11276.822380350783,-0.12958593473445457,0.0
2023-04-12,SCORE_3,7852.403849086887,1923.8389430262876,1,9776.242792113175,11276.822380350783,-0.1330675909955168,-0.0040000000000000036
2023-04-13,SCORE_3,9776.242792113175,0.0,0,9776.242792113175,11276.822380350783,-0.1330675909955168,0.0
2023-04-14,SCORE_3,9776.242792113175,0.0,0,9776.242792113175,11276.822380350783,-0.1330675909955168,0.0
2023-04-15,SCORE_3,9776.242792113175,0.0,0,9776.242792113175,11276.822380350783,-0.1330675909955168,0.0
2023-04-16,SCORE_3,9776.242792113175,0.0,0,9776.242792113175,11276.822380350783,-0.1330675909955168,0.0
2023-04-17,SCORE_3,7820.99423369054,1916.1435872541824,1,9737.137820944721,11276.822380350783,-0.13653532063153484,-0.004000000000000115
2023-04-18,SCORE_3,7789.710256755777,1908.4790129051655,1,9698.189269660943,11276.822380350783,-0.13998917934900856,-0.0039999999999998925
2023-04-19,SCORE_3,7758.551415728754,1947.1812891130298,1,9705.732704841785,11276.822380350783,-0.1393202466544593,0.00077781892795592
2023-04-20,SCORE_3,5818.913561796566,3906.795998028205,2,9725.70955982477,11276.822380350783,-0.1375487498347706,0.0020582531572315155
2023-04-21,SCORE_3,3879.275707864377,5807.641094881749,3,9686.916802746127,11276.822380350783,-0.14098879311737456,-0.003988681426277618
2023-04-22,SCORE_3,3879.275707864377,5807.641094881749,3,9686.916802746127,11276.822380350783,-0.14098879311737456,0.0
2023-04-23,SCORE_3,3879.275707864377,5807.641094881749,3,9686.916802746127,11276.822380350783,-0.14098879311737456,0.0
2023-04-24,SCORE_3,1939.6378539321886,7708.486191735295,4,9648.124045667482,11276.822380350783,-0.1444288363999786,-0.004004654718170797
2023-04-25,SCORE_3,5741.328047639278,3906.795998028205,2,9648.124045667482,11276.822380350783,-0.1444288363999786,0.0
2023-04-26,SCORE_3,0.0,9840.126652849362,5,9840.126652849362,11276.822380350783,-0.12740253229533716,0.019900511879104466
2023-04-27,SCORE_3,1993.8437024406687,7846.282950408691,4,9840.12665284936,11276.822380350783,-0.12740253229533727,-2.220446049250313e-16
2023-04-28,SCORE_3,7809.2849959625755,2030.8416568867851,1,9840.126652849362,11276.822380350783,-0.12740253229533716,2.220446049250313e-16
2023-04-29,SCORE_3,7809.2849959625755,2030.8416568867851,1,9840.126652849362,11276.822380350783,-0.12740253229533716,0.0
2023-04-30,SCORE_3,7809.2849959625755,2030.8416568867851,1,9840.126652849362,11276.822380350783,-0.12740253229533716,0.0
2023-05-01,SCORE_3,7872.101322279489,1928.6648239584747,1,9800.766146237964,11276.822380350783,-0.13089292216615578,-0.0040000000000000036
2023-05-02,SCORE_3,5880.4596877427775,3959.509523080138,2,9839.969210822916,11276.822380350783,-0.12741649385482046,0.0040000000000000036
2023-05-03,SCORE_3,7871.975368658333,1928.6339653212915,1,9800.609333979624,11276.822380350783,-0.1309068278794011,-0.0040000000000000036
2023-05-04,SCORE_3,9800.609333979624,0.0,0,9800.609333979624,11276.822380350783,-0.1309068278794011,0.0
2023-05-05,SCORE_3,5880.365600387775,3841.8388589200126,2,9722.204459307788,11276.822380350783,-0.13785957325636589,-0.007999999999999896
2023-05-06,SCORE_3,5880.365600387775,3841.8388589200126,2,9722.204459307788,11276.822380350783,-0.13785957325636589,0.0
2023-05-07,SCORE_3,5880.365600387775,3841.8388589200126,2,9722.204459307788,11276.822380350783,-0.13785957325636589,0.0
2023-05-08,SCORE_3,5880.365600387775,3841.8388589200126,2,9722.204459307788,11276.822380350783,-0.13785957325636589,0.0
2023-05-09,SCORE_3,5880.365600387775,3841.8388589200126,2,9722.204459307788,11276.822380350783,-0.13785957325636589,0.0
2023-05-10,SCORE_3,9722.204459307788,0.0,0,9722.204459307788,11276.822380350783,-0.13785957325636589,0.0
2023-05-11,SCORE_3,9722.204459307788,0.0,0,9722.204459307788,11276.822380350783,-0.13785957325636589,0.0
2023-05-12,SCORE_3,9722.204459307788,0.0,0,9722.204459307788,11276.822380350783,-0.13785957325636589,0.0
2023-05-13,SCORE_3,9722.204459307788,0.0,0,9722.204459307788,11276.822380350783,-0.13785957325636589,0.0
2023-05-14,SCORE_3,9722.204459307788,0.0,0,9722.204459307788,11276.822380350783,-0.13785957325636589,0.0
2023-05-15,SCORE_3,9722.204459307788,0.0,0,9722.204459307788,11276.822380350783,-0.13785957325636589,0.0
2023-05-16,SCORE_3,9722.204459307788,0.0,0,9722.204459307788,11276.822380350783,-0.13785957325636589,0.0
2023-05-17,SCORE_3,9722.204459307788,0.0,0,9722.204459307788,11276.822380350783,-0.13785957325636589,0.0
2023-05-18,SCORE_3,9722.204459307788,0.0,0,9722.204459307788,11276.822380350783,-0.13785957325636589,0.0
2023-05-19,SCORE_3,9722.204459307788,0.0,0,9722.204459307788,11276.822380350783,-0.13785957325636589,0.0
2023-05-20,SCORE_3,9722.204459307788,0.0,0,9722.204459307788,11276.822380350783,-0.13785957325636589,0.0
2023-05-21,SCORE_3,9722.204459307788,0.0,0,9722.204459307788,11276.822380350783,-0.13785957325636589,0.0
2023-05-22,SCORE_3,9722.204459307788,0.0,0,9722.204459307788,11276.822380350783,-0.13785957325636589,0.0
2023-05-23,SCORE_3,7777.763567446231,1905.5520740243267,1,9683.315641470557,11276.822380350783,-0.14130813496334038,-0.0040000000000000036
2023-05-24,SCORE_3,1944.4408918615577,7835.042127612225,4,9779.483019473782,11276.822380350783,-0.13278025585345998,0.009931244788858429
2023-05-25,SCORE_3,5872.211493421904,3907.271526051879,2,9779.483019473784,11276.822380350783,-0.13278025585345976,2.220446049250313e-16
2023-05-26,SCORE_3,5872.211493421904,3907.271526051879,2,9779.483019473784,11276.822380350783,-0.13278025585345976,0.0
2023-05-27,SCORE_3,5872.211493421904,3907.271526051879,2,9779.483019473784,11276.822380350783,-0.13278025585345976,0.0
2023-05-28,SCORE_3,5872.211493421904,3907.271526051879,2,9779.483019473784,11276.822380350783,-0.13278025585345976,0.0
2023-05-29,SCORE_3,5872.211493421904,3907.271526051879,2,9779.483019473784,11276.822380350783,-0.13278025585345976,0.0
2023-05-30,SCORE_3,5872.211493421904,3907.271526051879,2,9779.483019473784,11276.822380350783,-0.13278025585345976,0.0
2023-05-31,SCORE_3,7777.763567446231,2001.719452027552,1,9779.483019473782,11276.822380350783,-0.13278025585345998,-2.220446049250313e-16
2023-06-01,SCORE_3,9779.483019473782,0.0,0,9779.483019473782,11276.822380350783,-0.13278025585345998,0.0
2023-06-02,SCORE_3,9779.483019473782,0.0,0,9779.483019473782,11276.822380350783,-0.13278025585345998,0.0
2023-06-03,SCORE_3,9779.483019473782,0.0,0,9779.483019473782,11276.822380350783,-0.13278025585345998,0.0
2023-06-04,SCORE_3,9779.483019473782,0.0,0,9779.483019473782,11276.822380350783,-0.13278025585345998,0.0
2023-06-05,SCORE_3,9779.483019473782,0.0,0,9779.483019473782,11276.822380350783,-0.13278025585345998,0.0
2023-06-06,SCORE_3,7823.586415579026,1916.7786718168613,1,9740.365087395887,11276.822380350783,-0.1362491348300462,-0.0040000000000000036
2023-06-07,SCORE_3,9740.365087395887,0.0,0,9740.365087395887,11276.822380350783,-0.1362491348300462,0.0
2023-06-08,SCORE_3,0.0,10097.63872467085,5,10097.63872467085,11276.822380350783,-0.10456701506042987,0.036679696712526466
2023-06-09,SCORE_3,4051.9918763566893,6045.64684831416,3,10097.63872467085,11276.822380350783,-0.10456701506042987,0.0
2023-06-10,SCORE_3,4051.9918763566893,6045.64684831416,3,10097.63872467085,11276.822380350783,-0.10456701506042987,0.0
2023-06-11,SCORE_3,4051.9918763566893,6045.64684831416,3,10097.63872467085,11276.822380350783,-0.10456701506042987,0.0
2023-06-12,SCORE_3,6077.987814535034,4019.6509101358147,2,10097.63872467085,11276.822380350783,-0.10456701506042987,0.0
2023-06-13,SCORE_3,8103.983752713379,1993.6549719574696,1,10097.638724670847,11276.822380350783,-0.10456701506043009,-2.220446049250313e-16
2023-06-14,SCORE_3,6093.572398674867,4084.4827801575216,2,10178.055178832388,11276.822380350783,-0.09743588791758695,0.007963887038765272
2023-06-15,SCORE_3,8087.227370632337,2090.827808200052,1,10178.055178832388,11276.822380350783,-0.09743588791758695,0.0
2023-06-16,SCORE_3,6067.699625698167,4069.964998235538,2,10137.664623933706,11276.822380350783,-0.10101761985734503,-0.003968396141404651
2023-06-17,SCORE_3,8046.836815733654,2090.827808200052,1,10137.664623933706,11276.822380350783,-0.10101761985734503,0.0
2023-06-18,SCORE_3,8046.836815733654,2090.827808200052,1,10137.664623933706,11276.822380350783,-0.10101761985734503,0.0
2023-06-19,SCORE_3,8046.836815733654,2090.827808200052,1,10137.664623933706,11276.822380350783,-0.10101761985734503,0.0
2023-06-20,SCORE_3,6082.598774360224,3973.964532582013,2,10056.563306942237,11276.822380350783,-0.10820947889848631,-0.008000000000000007
2023-06-21,SCORE_3,2011.3126613884476,8030.917839613156,4,10042.230501001603,11276.822380350783,-0.10948047576774689,-0.0014252190836147038
2023-06-22,SCORE_3,7956.363602131139,2085.866898870464,1,10042.230501001603,11276.822380350783,-0.10948047576774689,0.0
2023-06-23,SCORE_3,7956.363602131139,2085.866898870464,1,10042.230501001603,11276.822380350783,-0.10948047576774689,0.0
2023-06-24,SCORE_3,7956.363602131139,2085.866898870464,1,10042.230501001603,11276.822380350783,-0.10948047576774689,0.0
2023-06-25,SCORE_3,7956.363602131139,2085.866898870464,1,10042.230501001603,11276.822380350783,-0.10948047576774689,0.0
2023-06-26,SCORE_3,5961.206323087392,4041.1210323333357,2,10002.327355420728,11276.822380350783,-0.11301898548573308,-0.003973534124405376
2023-06-27,SCORE_3,1954.9305067675482,8285.858046644487,4,10240.788553412036,11276.822380350783,-0.09187285141104784,0.023840571250857368
2023-06-28,SCORE_3,4040.7974056380117,6199.991147774024,3,10240.788553412036,11276.822380350783,-0.09187285141104784,0.0
2023-06-29,SCORE_3,4040.7974056380117,6199.991147774024,3,10240.788553412036,11276.822380350783,-0.09187285141104784,0.0
2023-06-30,SCORE_3,6107.4611215626865,4133.3274318493495,2,10240.788553412036,11276.822380350783,-0.09187285141104784,0.0
2023-07-01,SCORE_3,6107.4611215626865,4133.3274318493495,2,10240.788553412036,11276.822380350783,-0.09187285141104784,0.0
2023-07-02,SCORE_3,6107.4611215626865,4133.3274318493495,2,10240.788553412036,11276.822380350783,-0.09187285141104784,0.0
2023-07-03,SCORE_3,6107.4611215626865,4133.3274318493495,2,10240.788553412036,11276.822380350783,-0.09187285141104784,0.0
2023-07-04,SCORE_3,6107.4611215626865,4133.3274318493495,2,10240.788553412036,11276.822380350783,-0.09187285141104784,0.0
2023-07-05,SCORE_3,10240.788553412036,0.0,0,10240.788553412036,11276.822380350783,-0.09187285141104784,0.0
2023-07-06,SCORE_3,8192.630842729628,2130.084019109704,1,10322.714861839333,11276.822380350783,-0.0846078342223362,0.008000000000000007
2023-07-07,SCORE_3,6144.47313204722,4260.168038219408,2,10404.641170266628,11276.822380350783,-0.07734281703362467,0.007936507936507908
2023-07-08,SCORE_3,6144.47313204722,4260.168038219408,2,10404.641170266628,11276.822380350783,-0.07734281703362467,0.0
2023-07-09,SCORE_3,6144.47313204722,4260.168038219408,2,10404.641170266628,11276.822380350783,-0.07734281703362467,0.0
2023-07-10,SCORE_3,0.0,10449.446977807323,5,10449.446977807323,11276.822380350783,-0.07336955169083037,0.004306328955268279
2023-07-11,SCORE_3,2080.928234053326,8450.772757415003,4,10531.70099146833,11276.822380350783,-0.06607547443336381,0.007871614051508935
2023-07-12,SCORE_3,4211.0122531630295,6320.688738305298,3,10531.700991468328,11276.822380350783,-0.06607547443336403,-2.220446049250313e-16
2023-07-13,SCORE_3,6349.616608349172,4182.084383119156,2,10531.700991468328,11276.822380350783,-0.06607547443336403,0.0
2023-07-14,SCORE_3,8479.700627458875,2052.0003640094524,1,10531.700991468328,11276.822380350783,-0.06607547443336403,0.0
2023-07-15,SCORE_3,8479.700627458875,2052.0003640094524,1,10531.700991468328,11276.822380350783,-0.06607547443336403,0.0
2023-07-16,SCORE_3,8479.700627458875,2052.0003640094524,1,10531.700991468328,11276.822380350783,-0.06607547443336403,0.0
2023-07-17,SCORE_3,10531.700991468328,0.0,0,10531.700991468328,11276.822380350783,-0.06607547443336403,0.0
2023-07-18,SCORE_3,10531.700991468328,0.0,0,10531.700991468328,11276.822380350783,-0.06607547443336403,0.0
2023-07-19,SCORE_3,8425.360793174663,2064.2133943277922,1,10489.574187502454,11276.822380350783,-0.06981117253563052,-0.0040000000000000036
2023-07-20,SCORE_3,10489.574187502454,0.0,0,10489.574187502454,11276.822380350783,-0.06981117253563052,0.0
2023-07-21,SCORE_3,2097.914837500489,8256.779842570551,4,10354.69468007104,11276.822380350783,-0.08177194507262064,-0.01285843495840977
2023-07-22,SCORE_3,8265.784459751932,2088.910220319108,1,10354.69468007104,11276.822380350783,-0.08177194507262064,0.0
2023-07-23,SCORE_3,8265.784459751932,2088.910220319108,1,10354.69468007104,11276.822380350783,-0.08177194507262064,0.0
2023-07-24,SCORE_3,2047.564881400478,8307.129798670561,4,10354.69468007104,11276.822380350783,-0.08177194507262064,0.0
2023-07-25,SCORE_3,4078.849943661953,6275.844736409087,3,10354.69468007104,11276.822380350783,-0.08177194507262064,0.0
2023-07-26,SCORE_3,6110.135005923428,4244.559674147612,2,10354.69468007104,11276.822380350783,-0.08177194507262064,0.0
2023-07-27,SCORE_3,4120.304740850963,6151.480344842058,3,10271.78508569302,11276.822380350783,-0.089124157564899,-0.008006956934963005
2023-07-28,SCORE_3,8240.500023431545,2031.285062261475,1,10271.78508569302,11276.822380350783,-0.089124157564899,0.0
2023-07-29,SCORE_3,8240.500023431545,2031.285062261475,1,10271.78508569302,11276.822380350783,-0.089124157564899,0.0
2023-07-30,SCORE_3,8240.500023431545,2031.285062261475,1,10271.78508569302,11276.822380350783,-0.089124157564899,0.0
2023-07-31,SCORE_3,8240.500023431545,2031.285062261475,1,10271.78508569302,11276.822380350783,-0.089124157564899,0.0
2023-08-01,SCORE_3,8217.428068554416,2136.531297824148,1,10353.959366378564,11276.822380350783,-0.0818371508254182,0.008000000000000007
2023-08-02,SCORE_3,8217.428068554416,2136.531297824148,1,10353.959366378564,11276.822380350783,-0.0818371508254182,0.0
2023-08-03,SCORE_3,4108.714034277209,6163.071051415813,3,10271.785085693022,11276.822380350783,-0.08912415756489889,-0.007936507936507686
2023-08-04,SCORE_3,2054.3570171386045,8176.3409282116445,4,10230.69794535025,11276.822380350783,-0.09276766093463928,-0.0040000000000000036
2023-08-05,SCORE_3,4067.6268939344372,6163.071051415813,3,10230.69794535025,11276.822380350783,-0.09276766093463928,0.0
2023-08-06,SCORE_3,4067.6268939344372,6163.071051415813,3,10230.69794535025,11276.822380350783,-0.09276766093463928,0.0
2023-08-07,SCORE_3,6204.158191758585,4026.539753591664,2,10230.69794535025,11276.822380350783,-0.09276766093463928,0.0
2023-08-08,SCORE_3,8217.428068554418,2013.269876795832,1,10230.69794535025,11276.822380350783,-0.09276766093463928,0.0
2023-08-09,SCORE_3,10230.69794535025,0.0,0,10230.69794535025,11276.822380350783,-0.09276766093463928,0.0
2023-08-10,SCORE_3,10230.69794535025,0.0,0,10230.69794535025,11276.822380350783,-0.09276766093463928,0.0
2023-08-11,SCORE_3,10230.69794535025,0.0,0,10230.69794535025,11276.822380350783,-0.09276766093463928,0.0
2023-08-12,SCORE_3,10230.69794535025,0.0,0,10230.69794535025,11276.822380350783,-0.09276766093463928,0.0
2023-08-13,SCORE_3,10230.69794535025,0.0,0,10230.69794535025,11276.822380350783,-0.09276766093463928,0.0
2023-08-14,SCORE_3,8184.5583562802,2005.216797288649,1,10189.77515356885,11276.822380350783,-0.09639659029090064,-0.0040000000000000036
2023-08-15,SCORE_3,10189.77515356885,0.0,0,10189.77515356885,11276.822380350783,-0.09639659029090064,0.0
2023-08-16,SCORE_3,8151.82012285508,1997.1959300994943,1,10149.016052954574,11276.822380350783,-0.10001100392973705,-0.0040000000000000036
2023-08-17,SCORE_3,8151.82012285508,1997.1959300994943,1,10149.016052954574,11276.822380350783,-0.10001100392973705,0.0
2023-08-18,SCORE_3,8119.212842363659,1989.2071463790962,1,10108.419988742755,11276.822380350783,-0.10361095991401814,-0.0040000000000000036
2023-08-19,SCORE_3,8119.212842363659,1989.2071463790962,1,10108.419988742755,11276.822380350783,-0.10361095991401814,0.0
2023-08-20,SCORE_3,8119.212842363659,1989.2071463790962,1,10108.419988742755,11276.822380350783,-0.10361095991401814,0.0
2023-08-21,SCORE_3,8119.212842363659,1989.2071463790962,1,10108.419988742755,11276.822380350783,-0.10361095991401814,0.0
2023-08-22,SCORE_3,6089.4096317727435,3978.4142927581925,2,10067.823924530936,11276.822380350783,-0.10721091589829923,-0.004016064257028162
2023-08-23,SCORE_3,6056.932780403289,4091.7585040375893,2,10148.691284440878,11276.822380350783,-0.10003980357761144,0.008032258064516018
2023-08-24,SCORE_3,10148.691284440878,0.0,0,10148.691284440878,11276.822380350783,-0.10003980357761144,0.0
2023-08-25,SCORE_3,8118.953027552702,2110.9277871637028,1,10229.880814716405,11276.822380350783,-0.09284012200623226,0.008000000000000007
2023-08-26,SCORE_3,8118.953027552702,2110.9277871637028,1,10229.880814716405,11276.822380350783,-0.09284012200623226,0.0
2023-08-27,SCORE_3,8118.953027552702,2110.9277871637028,1,10229.880814716405,11276.822380350783,-0.09284012200623226,0.0
2023-08-28,SCORE_3,6089.214770664526,4100.071278914115,2,10189.28604957864,11276.822380350783,-0.09643996279192191,-0.003968253968254065
2023-08-29,SCORE_3,10189.28604957864,0.0,0,10189.28604957864,11276.822380350783,-0.09643996279192191,0.0
2023-08-30,SCORE_3,10189.28604957864,0.0,0,10189.28604957864,11276.822380350783,-0.09643996279192191,0.0
2023-08-31,SCORE_3,10189.28604957864,0.0,0,10189.28604957864,11276.822380350783,-0.09643996279192191,0.0
2023-09-01,SCORE_3,8151.428839662913,1997.1000657174136,1,10148.528905380326,11276.822380350783,-0.10005420294075418,-0.0040000000000000036
2023-09-02,SCORE_3,8151.428839662913,1997.1000657174136,1,10148.528905380326,11276.822380350783,-0.10005420294075418,0.0
2023-09-03,SCORE_3,8151.428839662913,1997.1000657174136,1,10148.528905380326,11276.822380350783,-0.10005420294075418,0.0
2023-09-04,SCORE_3,8151.428839662913,1997.1000657174136,1,10148.528905380326,11276.822380350783,-0.10005420294075418,0.0
2023-09-05,SCORE_3,10148.528905380326,0.0,0,10148.528905380326,11276.822380350783,-0.10005420294075418,0.0
2023-09-06,SCORE_3,10148.528905380326,0.0,0,10148.528905380326,11276.822380350783,-0.10005420294075418,0.0
2023-09-07,SCORE_3,10148.528905380326,0.0,0,10148.528905380326,11276.822380350783,-0.10005420294075418,0.0
2023-09-08,SCORE_3,10148.528905380326,0.0,0,10148.528905380326,11276.822380350783,-0.10005420294075418,0.0
2023-09-09,SCORE_3,10148.528905380326,0.0,0,10148.528905380326,11276.822380350783,-0.10005420294075418,0.0
2023-09-10,SCORE_3,10148.528905380326,0.0,0,10148.528905380326,11276.822380350783,-0.10005420294075418,0.0
2023-09-11,SCORE_3,10148.528905380326,0.0,0,10148.528905380326,11276.822380350783,-0.10005420294075418,0.0
2023-09-12,SCORE_3,8118.823124304261,2053.0351683838066,1,10171.858292688068,11276.822380350783,-0.09798541205969968,0.002298794980558627
2023-09-13,SCORE_3,4059.4115621521305,6031.258499292895,3,10090.670061445026,11276.822380350783,-0.10518497843617358,-0.007981651818862234
2023-09-14,SCORE_3,4026.9362696549133,6023.302052631077,3,10050.23832228599,11276.822380350783,-0.10877036249165772,-0.00400684383820249
2023-09-15,SCORE_3,2005.3493117031521,8004.457271423802,4,10009.806583126954,11276.822380350783,-0.11235574654714175,-0.004022963223606402
2023-09-16,SCORE_3,2005.3493117031521,8004.457271423802,4,10009.806583126954,11276.822380350783,-0.11235574654714175,0.0
2023-09-17,SCORE_3,2005.3493117031521,8004.457271423802,4,10009.806583126954,11276.822380350783,-0.11235574654714175,0.0
2023-09-18,SCORE_3,0.0,9929.917363583801,5,9929.917363583801,11276.822380350783,-0.11944011986159209,-0.007981095226936574
2023-09-19,SCORE_3,5967.606925998349,3962.310437585452,2,9929.917363583801,11276.822380350783,-0.11944011986159209,0.0
2023-09-20,SCORE_3,5967.606925998349,3962.310437585452,2,9929.917363583801,11276.822380350783,-0.11944011986159209,0.0
2023-09-21,SCORE_3,7943.933890867042,1946.2638032624252,1,9890.197694129467,11276.822380350783,-0.12296235938214561,-0.0039999999999998925
2023-09-22,SCORE_3,5957.950418150282,3892.52760652485,2,9850.478024675132,11276.822380350783,-0.12648459890269914,-0.004016064257028051
2023-09-23,SCORE_3,5957.950418150282,3892.52760652485,2,9850.478024675132,11276.822380350783,-0.12648459890269914,0.0
2023-09-24,SCORE_3,5957.950418150282,3892.52760652485,2,9850.478024675132,11276.822380350783,-0.12648459890269914,0.0
2023-09-25,SCORE_3,5957.950418150282,3892.52760652485,2,9850.478024675132,11276.822380350783,-0.12648459890269914,0.0
2023-09-26,SCORE_3,7904.214221412707,1946.263803262425,1,9850.478024675132,11276.822380350783,-0.12648459890269914,0.0
2023-09-27,SCORE_3,7904.214221412707,1946.263803262425,1,9850.478024675132,11276.822380350783,-0.12648459890269914,0.0
2023-09-28,SCORE_3,7904.214221412707,1946.263803262425,1,9850.478024675132,11276.822380350783,-0.12648459890269914,0.0
2023-09-29,SCORE_3,9850.478024675132,0.0,0,9850.478024675132,11276.822380350783,-0.12648459890269914,0.0
2023-09-30,SCORE_3,9850.478024675132,0.0,0,9850.478024675132,11276.822380350783,-0.12648459890269914,0.0
2023-10-01,SCORE_3,9850.478024675132,0.0,0,9850.478024675132,11276.822380350783,-0.12648459890269914,0.0
2023-10-02,SCORE_3,7880.382419740106,1930.693692836326,1,9811.076112576433,11276.822380350783,-0.12997866050708828,-0.0039999999999998925
2023-10-03,SCORE_3,9811.076112576433,0.0,0,9811.076112576433,11276.822380350783,-0.12997866050708828,0.0
2023-10-04,SCORE_3,9811.076112576433,0.0,0,9811.076112576433,11276.822380350783,-0.12997866050708828,0.0
2023-10-05,SCORE_3,7848.860890061146,2040.7038314158983,1,9889.564721477045,11276.822380350783,-0.12301848979114494,0.008000000000000007
2023-10-06,SCORE_3,7848.860890061146,2040.7038314158983,1,9889.564721477045,11276.822380350783,-0.12301848979114494,0.0
2023-10-07,SCORE_3,7848.860890061146,2040.7038314158983,1,9889.564721477045,11276.822380350783,-0.12301848979114494,0.0
2023-10-08,SCORE_3,7848.860890061146,2040.7038314158983,1,9889.564721477045,11276.822380350783,-0.12301848979114494,0.0
2023-10-09,SCORE_3,7911.651777181636,2039.3531691497355,1,9951.004946331372,11276.822380350783,-0.11757012652159637,0.006212631858396822
2023-10-10,SCORE_3,7911.651777181636,2039.3531691497355,1,9951.004946331372,11276.822380350783,-0.11757012652159637,0.0
2023-10-11,SCORE_3,7911.651777181636,2039.3531691497355,1,9951.004946331372,11276.822380350783,-0.11757012652159637,0.0
2023-10-12,SCORE_3,7911.651777181636,2039.3531691497355,1,9951.004946331372,11276.822380350783,-0.11757012652159637,0.0
2023-10-13,SCORE_3,7911.651777181636,2039.3531691497355,1,9951.004946331372,11276.822380350783,-0.11757012652159637,0.0
2023-10-14,SCORE_3,7911.651777181636,2039.3531691497355,1,9951.004946331372,11276.822380350783,-0.11757012652159637,0.0
2023-10-15,SCORE_3,7911.651777181636,2039.3531691497355,1,9951.004946331372,11276.822380350783,-0.11757012652159637,0.0
2023-10-16,SCORE_3,3980.401978532548,5851.190908442846,3,9831.592886975395,11276.822380350783,-0.12815928500333718,-0.01200000000000001
2023-10-17,SCORE_3,7881.195917494447,1950.3969694809489,1,9831.592886975395,11276.822380350783,-0.12815928500333718,0.0
2023-10-18,SCORE_3,5906.916536142302,3885.19076320605,2,9792.107299348352,11276.822380350783,-0.13166076674129956,-0.004016194331983858
2023-10-19,SCORE_3,7857.313505623251,1934.7937937251013,1,9792.107299348352,11276.822380350783,-0.13166076674129956,0.0
2023-10-20,SCORE_3,5875.264379609011,3838.506061344555,2,9713.770440953565,11276.822380350783,-0.13860748060736916,-0.008000000000000007
2023-10-21,SCORE_3,7794.517410281288,1919.2530306722774,1,9713.770440953565,11276.822380350783,-0.13860748060736916,0.0
2023-10-22,SCORE_3,7794.517410281288,1919.2530306722774,1,9713.770440953565,11276.822380350783,-0.13860748060736916,0.0
2023-10-23,SCORE_3,7771.016352762852,1903.8990064268987,1,9674.91535918975,11276.822380350783,-0.14205305068493967,-0.004000000000000115
2023-10-24,SCORE_3,5828.2622645721385,3807.7980128537974,2,9636.060277425935,11276.822380350783,-0.1454986207625103,-0.004016064257028162
2023-10-25,SCORE_3,9636.060277425935,0.0,0,9636.060277425935,11276.822380350783,-0.1454986207625103,0.0
2023-10-26,SCORE_3,9636.060277425935,0.0,0,9636.060277425935,11276.822380350783,-0.1454986207625103,0.0
2023-10-27,SCORE_3,5781.636166455561,4008.6010754091894,2,9790.23724186475,11276.822380350783,-0.13182659869471047,0.016000000000000014
2023-10-28,SCORE_3,5781.636166455561,4008.6010754091894,2,9790.23724186475,11276.822380350783,-0.13182659869471047,0.0
2023-10-29,SCORE_3,5781.636166455561,4008.6010754091894,2,9790.23724186475,11276.822380350783,-0.13182659869471047,0.0
2023-10-30,SCORE_3,5781.636166455561,4008.6010754091894,2,9790.23724186475,11276.822380350783,-0.13182659869471047,0.0
2023-10-31,SCORE_3,5781.636166455561,4008.6010754091894,2,9790.23724186475,11276.822380350783,-0.13182659869471047,0.0
2023-11-01,SCORE_3,7785.936704160155,2004.3005377045947,1,9790.23724186475,11276.822380350783,-0.13182659869471047,0.0
2023-11-02,SCORE_3,9790.23724186475,0.0,0,9790.23724186475,11276.822380350783,-0.13182659869471047,0.0
2023-11-03,SCORE_3,9790.23724186475,0.0,0,9790.23724186475,11276.822380350783,-0.13182659869471047,0.0
2023-11-04,SCORE_3,9790.23724186475,0.0,0,9790.23724186475,11276.822380350783,-0.13182659869471047,0.0
2023-11-05,SCORE_3,9790.23724186475,0.0,0,9790.23724186475,11276.822380350783,-0.13182659869471047,0.0
2023-11-06,SCORE_3,9790.23724186475,0.0,0,9790.23724186475,11276.822380350783,-0.13182659869471047,0.0
2023-11-07,SCORE_3,9790.23724186475,0.0,0,9790.23724186475,11276.822380350783,-0.13182659869471047,0.0
2023-11-08,SCORE_3,9790.23724186475,0.0,0,9790.23724186475,11276.822380350783,-0.13182659869471047,0.0
2023-11-09,SCORE_3,9790.23724186475,0.0,0,9790.23724186475,11276.822380350783,-0.13182659869471047,0.0
2023-11-10,SCORE_3,7832.1897934918,1918.886499405491,1,9751.07629289729,11276.822380350783,-0.13529929229993165,-0.0040000000000000036
2023-11-11,SCORE_3,7832.1897934918,1918.886499405491,1,9751.07629289729,11276.822380350783,-0.13529929229993165,0.0
2023-11-12,SCORE_3,7832.1897934918,1918.886499405491,1,9751.07629289729,11276.822380350783,-0.13529929229993165,0.0
2023-11-13,SCORE_3,7800.8610343178325,2028.2238689226367,1,9829.08490324047,11276.822380350783,-0.12838168663833105,0.008000000000000007
2023-11-14,SCORE_3,7800.8610343178325,2028.2238689226367,1,9829.08490324047,11276.822380350783,-0.12838168663833105,0.0
2023-11-15,SCORE_3,9829.08490324047,0.0,0,9829.08490324047,11276.822380350783,-0.12838168663833105,0.0
2023-11-16,SCORE_3,7863.267922592376,1997.7221258390102,1,9860.990048431386,11276.822380350783,-0.12555241930443128,0.0032459934475077556
2023-11-17,SCORE_3,5897.450941944282,4017.8714688631258,2,9915.322410807408,11276.822380350783,-0.12073436324719544,0.005509828334596678
2023-11-18,SCORE_3,5897.450941944282,4017.8714688631258,2,9915.322410807408,11276.822380350783,-0.12073436324719544,0.0
2023-11-19,SCORE_3,5897.450941944282,4017.8714688631258,2,9915.322410807408,11276.822380350783,-0.12073436324719544,0.0
2023-11-20,SCORE_3,5897.450941944282,4017.8714688631258,2,9915.322410807408,11276.822380350783,-0.12073436324719544,0.0
2023-11-21,SCORE_3,5897.450941944282,4017.8714688631258,2,9915.322410807408,11276.822380350783,-0.12073436324719544,0.0
2023-11-22,SCORE_3,5897.450941944282,4017.8714688631258,2,9915.322410807408,11276.822380350783,-0.12073436324719544,0.0
2023-11-23,SCORE_3,5897.450941944282,4017.8714688631258,2,9915.322410807408,11276.822380350783,-0.12073436324719544,0.0
2023-11-24,SCORE_3,5922.975058097015,3952.903392516667,2,9875.878450613682,11276.822380350783,-0.12423215356997774,-0.003978081454087068
2023-11-25,SCORE_3,5922.975058097015,3952.903392516667,2,9875.878450613682,11276.822380350783,-0.12423215356997774,0.0
2023-11-26,SCORE_3,5922.975058097015,3952.903392516667,2,9875.878450613682,11276.822380350783,-0.12423215356997774,0.0
2023-11-27,SCORE_3,7943.12440112113,1932.7540494925513,1,9875.878450613682,11276.822380350783,-0.12423215356997774,0.0
2023-11-28,SCORE_3,7900.702760490945,1935.6721763202816,1,9836.374936811228,11276.822380350783,-0.12773522495569778,-0.0039999999999998925
2023-11-29,SCORE_3,5925.527070368209,3871.344352640563,2,9796.871423008772,11276.822380350783,-0.13123829634141804,-0.004016064257028273
2023-11-30,SCORE_3,5893.924259326245,3863.601663935282,2,9757.525923261528,11276.822380350783,-0.1347273554415951,-0.004016129032257898
2023-12-01,SCORE_3,5862.447859528449,3855.889945984822,2,9718.33780551327,11276.822380350783,-0.1382024583053717,-0.00401619406973186
2023-12-02,SCORE_3,5862.447859528449,3855.889945984822,2,9718.33780551327,11276.822380350783,-0.1382024583053717,0.0
2023-12-03,SCORE_3,5862.447859528449,3855.889945984822,2,9718.33780551327,11276.822380350783,-0.1382024583053717,0.0
2023-12-04,SCORE_3,7782.665629192989,1935.6721763202816,1,9718.33780551327,11276.822380350783,-0.1382024583053717,0.0
2023-12-05,SCORE_3,3887.335122205309,6036.722626711529,3,9924.057748916839,11276.822380350783,-0.11995973562473228,0.021168223159197197
2023-12-06,SCORE_3,3949.532484160594,6052.893940819904,3,10002.426424980498,11276.822380350783,-0.11301020024850672,0.007896837971565818
2023-12-07,SCORE_3,1990.3155825691183,7972.926504379549,4,9963.242086948667,11276.822380350783,-0.11648496793661967,-0.003917483255259979
2023-12-08,SCORE_3,1990.3155825691183,7972.926504379549,4,9963.242086948667,11276.822380350783,-0.11648496793661967,0.0
2023-12-09,SCORE_3,1990.3155825691183,7972.926504379549,4,9963.242086948667,11276.822380350783,-0.11648496793661967,0.0
2023-12-10,SCORE_3,1990.3155825691183,7972.926504379549,4,9963.242086948667,11276.822380350783,-0.11648496793661967,0.0
2023-12-11,SCORE_3,2036.963604035582,8005.269132596299,4,10042.23273663188,11276.822380350783,-0.1094802775177256,0.00792820740416289
2023-12-12,SCORE_3,5950.890267213237,4091.3424694186433,2,10042.23273663188,11276.822380350783,-0.1094802775177256,0.0
2023-12-13,SCORE_3,7988.4758448683715,2053.756891763509,1,10042.23273663188,11276.822380350783,-0.1094802775177256,0.0
2023-12-14,SCORE_3,10042.23273663188,0.0,0,10042.23273663188,11276.822380350783,-0.1094802775177256,0.0
2023-12-15,SCORE_3,4016.8930946527516,6150.756246057674,3,10167.649340710424,11276.822380350783,-0.09835865124319321,0.012488916296577335
2023-12-16,SCORE_3,4016.8930946527516,6150.756246057674,3,10167.649340710424,11276.822380350783,-0.09835865124319321,0.0
2023-12-17,SCORE_3,4016.8930946527516,6150.756246057674,3,10167.649340710424,11276.822380350783,-0.09835865124319321,0.0
2023-12-18,SCORE_3,4081.1633841671955,6045.99567414913,3,10127.159058316325,11276.822380350783,-0.10194922676424167,-0.0039822658155587165
2023-12-19,SCORE_3,2056.6492644622085,8101.291790865784,4,10157.941055327992,11276.822380350783,-0.09921955736151145,0.0030395490812784587
2023-12-20,SCORE_3,4040.673101773096,6117.267953554896,3,10157.941055327992,11276.822380350783,-0.09921955736151145,0.0
2023-12-21,SCORE_3,7.8409753207611175,10226.021948255582,5,10233.862923576344,11276.822380350783,-0.09248699869492816,0.00747413947716602
2023-12-22,SCORE_3,4069.812812159003,6164.050111417339,3,10233.862923576342,11276.822380350783,-0.09248699869492827,-2.220446049250313e-16
2023-12-23,SCORE_3,4069.812812159003,6164.050111417339,3,10233.862923576342,11276.822380350783,-0.09248699869492827,0.0
2023-12-24,SCORE_3,4069.812812159003,6164.050111417339,3,10233.862923576342,11276.822380350783,-0.09248699869492827,0.0
2023-12-25,SCORE_3,4069.812812159003,6164.050111417339,3,10233.862923576342,11276.822380350783,-0.09248699869492827,0.0
2023-12-26,SCORE_3,4069.812812159003,6164.050111417339,3,10233.862923576342,11276.822380350783,-0.09248699869492827,0.0
2023-12-27,SCORE_3,8222.181634630871,2011.6812889454711,1,10233.862923576342,11276.822380350783,-0.09248699869492827,0.0
2023-12-28,SCORE_3,8222.181634630871,2011.6812889454711,1,10233.862923576342,11276.822380350783,-0.09248699869492827,0.0
2023-12-29,SCORE_3,10233.862923576344,0.0,0,10233.862923576344,11276.822380350783,-0.09248699869492816,2.220446049250313e-16
2023-12-30,SCORE_3,10233.862923576344,0.0,0,10233.862923576344,11276.822380350783,-0.09248699869492816,0.0
2023-12-31,SCORE_3,10233.862923576344,0.0,0,10233.862923576344,11276.822380350783,-0.09248699869492816,0.0
2024-01-01,SCORE_3,10233.862923576344,0.0,0,10233.862923576344,11276.822380350783,-0.09248699869492816,0.0
2024-01-02,SCORE_3,10233.862923576344,0.0,0,10233.862923576344,11276.822380350783,-0.09248699869492816,0.0
2024-01-03,SCORE_3,4093.5451694305375,6385.930464311638,3,10479.475633742175,11276.822380350783,-0.07070668666360647,0.0239999999999998
2024-01-04,SCORE_3,0.0,10397.604730353565,5,10397.604730353565,11276.822380350783,-0.07796679067404699,-0.007812499999999889
2024-01-05,SCORE_3,65.4967227108882,10414.633878258397,5,10480.130600969285,11276.822380350783,-0.07064860583152277,0.007937007874015745
2024-01-06,SCORE_3,65.4967227108882,10414.633878258397,5,10480.130600969285,11276.822380350783,-0.07064860583152277,0.0
2024-01-07,SCORE_3,65.4967227108882,10414.633878258397,5,10480.130600969285,11276.822380350783,-0.07064860583152277,0.0
2024-01-08,SCORE_3,4199.9773438357315,6280.153257133554,3,10480.130600969285,11276.822380350783,-0.07064860583152277,0.0
2024-01-09,SCORE_3,8351.487112865407,2128.6434881038795,1,10480.130600969285,11276.822380350783,-0.07064860583152277,0.0
2024-01-10,SCORE_3,10480.130600969285,0.0,0,10480.130600969285,11276.822380350783,-0.07064860583152277,0.0
2024-01-11,SCORE_3,10480.130600969285,0.0,0,10480.130600969285,11276.822380350783,-0.07064860583152277,0.0
2024-01-12,SCORE_3,8384.104480775428,2054.1055977899796,1,10438.210078565407,11276.822380350783,-0.07436601140819676,-0.004000000000000115
2024-01-13,SCORE_3,8384.104480775428,2054.1055977899796,1,10438.210078565407,11276.822380350783,-0.07436601140819676,0.0
2024-01-14,SCORE_3,8384.104480775428,2054.1055977899796,1,10438.210078565407,11276.822380350783,-0.07436601140819676,0.0
2024-01-15,SCORE_3,8384.104480775428,2054.1055977899796,1,10438.210078565407,11276.822380350783,-0.07436601140819676,0.0
2024-01-16,SCORE_3,8384.104480775428,2054.1055977899796,1,10438.210078565407,11276.822380350783,-0.07436601140819676,0.0
2024-01-17,SCORE_3,8350.568062852326,2171.147696341605,1,10521.71575919393,11276.822380350783,-0.06696093949946236,0.008000000000000007
2024-01-18,SCORE_3,4175.284031426163,6420.223015632888,3,10595.50704705905,11276.822380350783,-0.06041731529609662,0.007013237151995977
2024-01-19,SCORE_3,4175.284031426163,6420.223015632888,3,10595.50704705905,11276.822380350783,-0.06041731529609662,0.0
2024-01-20,SCORE_3,4175.284031426163,6420.223015632888,3,10595.50704705905,11276.822380350783,-0.06041731529609662,0.0
2024-01-21,SCORE_3,4175.284031426163,6420.223015632888,3,10595.50704705905,11276.822380350783,-0.06041731529609662,0.0
2024-01-22,SCORE_3,8517.579424109372,2077.9276229496786,1,10595.50704705905,11276.822380350783,-0.06041731529609662,0.0
2024-01-23,SCORE_3,8517.579424109372,2077.9276229496786,1,10595.50704705905,11276.822380350783,-0.06041731529609662,0.0
2024-01-24,SCORE_3,8517.579424109372,2077.9276229496786,1,10595.50704705905,11276.822380350783,-0.06041731529609662,0.0
2024-01-25,SCORE_3,6357.304228235429,4255.278669698523,2,10612.582897933953,11276.822380350783,-0.058903072161021974,0.0016116124314826674
2024-01-26,SCORE_3,6357.304228235429,4255.278669698523,2,10612.582897933953,11276.822380350783,-0.058903072161021974,0.0
2024-01-27,SCORE_3,6357.304228235429,4255.278669698523,2,10612.582897933953,11276.822380350783,-0.058903072161021974,0.0
2024-01-28,SCORE_3,6357.304228235429,4255.278669698523,2,10612.582897933953,11276.822380350783,-0.058903072161021974,0.0
2024-01-29,SCORE_3,6357.304228235429,4255.278669698523,2,10612.582897933953,11276.822380350783,-0.058903072161021974,0.0
2024-01-30,SCORE_3,8434.023609459004,2178.5592884749485,1,10612.582897933953,11276.822380350783,-0.058903072161021974,0.0
2024-01-31,SCORE_3,6323.398605684841,4373.609292400079,2,10697.00789808492,11276.822380350783,-0.051416477329301324,0.007955179334090401
2024-02-01,SCORE_3,11.891575812627707,10877.331864603888,5,10889.223440416516,11276.822380350783,-0.034371290675787924,0.0179690941768873
2024-02-02,SCORE_3,8701.842313273337,2187.3811271431787,1,10889.223440416516,11276.822380350783,-0.034371290675787924,0.0
2024-02-03,SCORE_3,8701.842313273337,2187.3811271431787,1,10889.223440416516,11276.822380350783,-0.034371290675787924,0.0
2024-02-04,SCORE_3,8701.842313273337,2187.3811271431787,1,10889.223440416516,11276.822380350783,-0.034371290675787924,0.0
2024-02-05,SCORE_3,8701.842313273337,2187.3811271431787,1,10889.223440416516,11276.822380350783,-0.034371290675787924,0.0
2024-02-06,SCORE_3,8701.842313273337,2187.3811271431787,1,10889.223440416516,11276.822380350783,-0.034371290675787924,0.0
2024-02-07,SCORE_3,6536.970534701311,4308.955470143764,2,10845.926004845074,11276.822380350783,-0.038210797419007014,-0.003976172939085698
2024-02-08,SCORE_3,8724.35166184449,2121.574343000585,1,10845.926004845074,11276.822380350783,-0.038210797419007014,0.0
2024-02-09,SCORE_3,8724.35166184449,2121.574343000585,1,10845.926004845074,11276.822380350783,-0.038210797419007014,0.0
2024-02-10,SCORE_3,8724.35166184449,2121.574343000585,1,10845.926004845074,11276.822380350783,-0.038210797419007014,0.0
2024-02-11,SCORE_3,8724.35166184449,2121.574343000585,1,10845.926004845074,11276.822380350783,-0.038210797419007014,0.0
2024-02-12,SCORE_3,6546.506973761187,4332.3535123536785,2,10878.860486114865,11276.822380350783,-0.03529025117300266,0.0030365762457791323
2024-02-13,SCORE_3,8668.08131676177,2210.7791693530935,1,10878.860486114863,11276.822380350783,-0.035290251173002884,-2.220446049250313e-16
2024-02-14,SCORE_3,0.0,10835.649971837769,5,10835.649971837769,11276.822380350783,-0.03912204995635393,-0.00397197062433563
2024-02-15,SCORE_3,0.0,10835.649971837769,5,10835.649971837769,11276.822380350783,-0.03912204995635393,0.0
2024-02-16,SCORE_3,0.0,10835.649971837769,5,10835.649971837769,11276.822380350783,-0.03912204995635393,0.0
2024-02-17,SCORE_3,0.0,10835.649971837769,5,10835.649971837769,11276.822380350783,-0.03912204995635393,0.0
2024-02-18,SCORE_3,0.0,10835.649971837769,5,10835.649971837769,11276.822380350783,-0.03912204995635393,0.0
2024-02-19,SCORE_3,0.0,10835.649971837769,5,10835.649971837769,11276.822380350783,-0.03912204995635393,0.0
2024-02-20,SCORE_3,6462.382163252362,4373.267808585406,2,10835.649971837767,11276.822380350783,-0.039122049956354155,-2.220446049250313e-16
2024-02-21,SCORE_3,4280.14433731039,6727.4877555481635,3,11007.632092858554,11276.822380350783,-0.023871111773585918,0.015871878610676182
2024-02-22,SCORE_3,8806.105674286842,2289.5874753145795,1,11095.693149601422,11276.822380350783,-0.016062080667774592,0.008000000000000007
2024-02-23,SCORE_3,11095.693149601422,0.0,0,11095.693149601422,11276.822380350783,-0.016062080667774592,0.0
2024-02-24,SCORE_3,11095.693149601422,0.0,0,11095.693149601422,11276.822380350783,-0.016062080667774592,0.0
2024-02-25,SCORE_3,11095.693149601422,0.0,0,11095.693149601422,11276.822380350783,-0.016062080667774592,0.0
2024-02-26,SCORE_3,11095.693149601422,0.0,0,11095.693149601422,11276.822380350783,-0.016062080667774592,0.0
2024-02-27,SCORE_3,11095.693149601422,0.0,0,11095.693149601422,11276.822380350783,-0.016062080667774592,0.0
2024-02-28,SCORE_3,11095.693149601422,0.0,0,11095.693149601422,11276.822380350783,-0.016062080667774592,0.0
2024-02-29,SCORE_3,11095.693149601422,0.0,0,11095.693149601422,11276.822380350783,-0.016062080667774592,0.0
2024-03-01,SCORE_3,11095.693149601422,0.0,0,11095.693149601422,11276.822380350783,-0.016062080667774592,0.0
2024-03-02,SCORE_3,11095.693149601422,0.0,0,11095.693149601422,11276.822380350783,-0.016062080667774592,0.0
2024-03-03,SCORE_3,11095.693149601422,0.0,0,11095.693149601422,11276.822380350783,-0.016062080667774592,0.0
2024-03-04,SCORE_3,11095.693149601422,0.0,0,11095.693149601422,11276.822380350783,-0.016062080667774592,0.0
2024-03-05,SCORE_3,6657.415889760854,4439.520607192302,2,11096.936496953156,11276.822380350783,-0.0159518237789279,0.00011205675346004362
2024-03-06,SCORE_3,4.547473508864641e-13,11276.275889096301,5,11276.275889096301,11276.822380350783,-4.846145802861468e-05,0.01616116233452236
2024-03-07,SCORE_3,4.547473508864641e-13,11276.275889096301,5,11276.275889096301,11276.822380350783,-4.846145802861468e-05,0.0
2024-03-08,SCORE_3,2174.7558573218794,9101.520031774422,4,11276.275889096301,11276.822380350783,-4.846145802861468e-05,0.0
2024-03-09,SCORE_3,2174.7558573218794,9101.520031774422,4,11276.275889096301,11276.822380350783,-4.846145802861468e-05,0.0
2024-03-10,SCORE_3,2174.7558573218794,9101.520031774422,4,11276.275889096301,11276.822380350783,-4.846145802861468e-05,0.0
2024-03-11,SCORE_3,0.0,11232.780771949863,5,11232.780771949863,11276.822380350783,-0.003905498101810956,-0.0038572235704605884
2024-03-12,SCORE_3,2247.046895161549,9030.30270448833,4,11277.349599649879,11277.349599649879,0.0,0.0039677465985370475
2024-03-13,SCORE_3,8959.770559249142,2317.579040400735,1,11277.349599649877,11277.349599649879,-1.1102230246251565e-16,-1.1102230246251565e-16
2024-03-14,SCORE_3,6722.128170399172,4510.468581473706,2,11232.596751872878,11277.349599649879,-0.003968383473576975,-0.003968383473576864
2024-03-15,SCORE_3,2228.942253588432,9271.097516599793,4,11500.039770188225,11500.039770188225,0.0,0.02380954504315791
2024-03-16,SCORE_3,4546.781745654785,6953.25802453344,3,11500.039770188225,11500.039770188225,0.0,0.0
2024-03-17,SCORE_3,4546.781745654785,6953.25802453344,3,11500.039770188225,11500.039770188225,0.0,0.0
2024-03-18,SCORE_3,53.73903795693241,11586.12692522526,5,11639.865963182194,11639.865963182194,0.0,0.012158757342426219
2024-03-19,SCORE_3,4689.1575704240195,6950.708392758173,3,11639.865963182194,11639.865963182194,0.0,0.0
2024-03-20,SCORE_3,4689.1575704240195,6950.708392758173,3,11639.865963182194,11639.865963182194,0.0,0.0
2024-03-21,SCORE_3,9343.379270493257,2296.4866926889376,1,11639.865963182194,11639.865963182194,0.0,0.0
2024-03-22,SCORE_3,9343.379270493257,2296.4866926889376,1,11639.865963182194,11639.865963182194,0.0,0.0
2024-03-23,SCORE_3,9343.379270493257,2296.4866926889376,1,11639.865963182194,11639.865963182194,0.0,0.0
2024-03-24,SCORE_3,9343.379270493257,2296.4866926889376,1,11639.865963182194,11639.865963182194,0.0,0.0
2024-03-25,SCORE_3,6983.919577909317,4598.4627305579015,2,11582.382308467219,11639.865963182194,-0.004938515176789893,-0.004938515176789893
2024-03-26,SCORE_3,6983.919577909317,4598.4627305579015,2,11582.382308467219,11639.865963182194,-0.004938515176789893,0.0
2024-03-27,SCORE_3,9265.333306693028,2317.0490017741913,1,11582.382308467219,11639.865963182194,-0.004938515176789893,0.0
2024-03-28,SCORE_3,9265.333306693028,2317.0490017741913,1,11582.382308467219,11639.865963182194,-0.004938515176789893,0.0
2024-03-29,SCORE_3,9265.333306693028,2317.0490017741913,1,11582.382308467219,11639.865963182194,-0.004938515176789893,0.0
2024-03-30,SCORE_3,9265.333306693028,2317.0490017741913,1,11582.382308467219,11639.865963182194,-0.004938515176789893,0.0
2024-03-31,SCORE_3,9265.333306693028,2317.0490017741913,1,11582.382308467219,11639.865963182194,-0.004938515176789893,0.0
2024-04-01,SCORE_3,6946.672006827135,4589.337075642767,2,11536.009082469902,11639.865963182194,-0.00892251517678977,-0.0040037726922047545
2024-04-02,SCORE_3,9228.80726597592,2399.489889153739,1,11628.29715512966,11639.865963182194,-0.0009938952982042615,0.007999999999999785
2024-04-03,SCORE_3,9302.637724103728,2418.685808266969,1,11721.323532370698,11721.323532370698,0.0,0.008000000000000007
2024-04-04,SCORE_3,9377.058825896558,2297.379412344657,1,11674.438238241215,11721.323532370698,-0.0040000000000000036,-0.0040000000000000036
2024-04-05,SCORE_3,7004.662942944728,4716.4730482494515,2,11721.13599119418,11721.323532370698,-1.6000000000016e-05,0.0040000000000000036
2024-04-06,SCORE_3,7004.662942944728,4716.4730482494515,2,11721.13599119418,11721.323532370698,-1.6000000000016e-05,0.0
2024-04-07,SCORE_3,7004.662942944728,4716.4730482494515,2,11721.13599119418,11721.323532370698,-1.6000000000016e-05,0.0
2024-04-08,SCORE_3,7004.662942944728,4716.4730482494515,2,11721.13599119418,11721.323532370698,-1.6000000000016e-05,0.0
2024-04-09,SCORE_3,9432.946096498901,2288.1898946952783,1,11721.13599119418,11721.323532370698,-1.6000000000016e-05,0.0
2024-04-10,SCORE_3,11721.13599119418,0.0,0,11721.13599119418,11721.323532370698,-1.6000000000016e-05,0.0
2024-04-11,SCORE_3,9376.908792955344,2297.3426542740594,1,11674.251447229404,11721.323532370698,-0.004015935999999942,-0.0039999999999998925
2024-04-12,SCORE_3,11674.251447229404,0.0,0,11674.251447229404,11721.323532370698,-0.004015935999999942,0.0
2024-04-13,SCORE_3,11674.251447229404,0.0,0,11674.251447229404,11721.323532370698,-0.004015935999999942,0.0
2024-04-14,SCORE_3,11674.251447229404,0.0,0,11674.251447229404,11721.323532370698,-0.004015935999999942,0.0
2024-04-15,SCORE_3,9339.401157783523,2288.153283656963,1,11627.554441440487,11721.323532370698,-0.007999872255999851,-0.0040000000000000036
2024-04-16,SCORE_3,6976.532664864291,4558.001341044671,2,11534.534005908961,11721.323532370698,-0.015935873277951984,-0.008000000000000118
2024-04-17,SCORE_3,9255.533335386626,2279.0006705223354,1,11534.534005908961,11721.323532370698,-0.015935873277951984,0.0
2024-04-18,SCORE_3,6939.324490651681,4548.885338362581,2,11488.209829014262,11721.323532370698,-0.019888001786884102,-0.00401612903225812
2024-04-19,SCORE_3,11488.209829014262,0.0,0,11488.209829014262,11721.323532370698,-0.019888001786884102,0.0
2024-04-20,SCORE_3,11488.209829014262,0.0,0,11488.209829014262,11721.323532370698,-0.019888001786884102,0.0
2024-04-21,SCORE_3,11488.209829014262,0.0,0,11488.209829014262,11721.323532370698,-0.019888001786884102,0.0
2024-04-22,SCORE_3,9190.56786321141,2389.547644434967,1,11580.115507646376,11721.323532370698,-0.012047105801179181,0.008000000000000007
2024-04-23,SCORE_3,11580.115507646376,0.0,0,11580.115507646376,11721.323532370698,-0.012047105801179181,0.0
2024-04-24,SCORE_3,9264.0924061171,2408.6640255904463,1,11672.756431707547,11721.323532370698,-0.004143482647588681,0.008000000000000007
2024-04-25,SCORE_3,9338.205145366037,2427.93333779517,1,11766.138483161207,11766.138483161207,0.0,0.008000000000000007
2024-04-26,SCORE_3,9338.205145366037,2427.93333779517,1,11766.138483161207,11766.138483161207,0.0,0.0
2024-04-27,SCORE_3,9338.205145366037,2427.93333779517,1,11766.138483161207,11766.138483161207,0.0,0.0
2024-04-28,SCORE_3,9338.205145366037,2427.93333779517,1,11766.138483161207,11766.138483161207,0.0,0.0
2024-04-29,SCORE_3,9412.910786528966,2306.163142699597,1,11719.073929228563,11766.138483161207,-0.0039999999999998925,-0.0039999999999998925
2024-04-30,SCORE_3,7059.683089896724,4739.531902725554,2,11799.214992622277,11799.214992622277,0.0,0.006838515046298399
2024-05-01,SCORE_3,2353.22769663224,9351.858188124748,4,11705.085884756989,11799.214992622277,-0.007977573755893475,-0.007977573755893475
2024-05-02,SCORE_3,4659.390839331838,7045.695045425151,3,11705.085884756989,11799.214992622277,-0.007977573755893475,0.0
2024-05-03,SCORE_3,9271.717124731033,2433.368760025957,1,11705.085884756989,11799.214992622277,-0.007977573755893475,0.0
2024-05-04,SCORE_3,9271.717124731033,2433.368760025957,1,11705.085884756989,11799.214992622277,-0.007977573755893475,0.0
2024-05-05,SCORE_3,9271.717124731033,2433.368760025957,1,11705.085884756989,11799.214992622277,-0.007977573755893475,0.0
2024-05-06,SCORE_3,9271.717124731033,2433.368760025957,1,11705.085884756989,11799.214992622277,-0.007977573755893475,0.0
2024-05-07,SCORE_3,11705.085884756989,0.0,0,11705.085884756989,11799.214992622277,-0.007977573755893475,0.0
2024-05-08,SCORE_3,11705.085884756989,0.0,0,11705.085884756989,11799.214992622277,-0.007977573755893475,0.0
2024-05-09,SCORE_3,11705.085884756989,0.0,0,11705.085884756989,11799.214992622277,-0.007977573755893475,0.0
2024-05-10,SCORE_3,11705.085884756989,0.0,0,11705.085884756989,11799.214992622277,-0.007977573755893475,0.0
2024-05-11,SCORE_3,11705.085884756989,0.0,0,11705.085884756989,11799.214992622277,-0.007977573755893475,0.0
2024-05-12,SCORE_3,11705.085884756989,0.0,0,11705.085884756989,11799.214992622277,-0.007977573755893475,0.0
2024-05-13,SCORE_3,11705.085884756989,0.0,0,11705.085884756989,11799.214992622277,-0.007977573755893475,0.0
2024-05-14,SCORE_3,9364.06870780559,2375.8432719787493,1,11739.91197978434,11799.214992622277,-0.005026013414877073,0.0029752959841757853
2024-05-15,SCORE_3,9364.06870780559,2375.8432719787493,1,11739.91197978434,11799.214992622277,-0.005026013414877073,0.0
2024-05-16,SCORE_3,9364.06870780559,2375.8432719787493,1,11739.91197978434,11799.214992622277,-0.005026013414877073,0.0
2024-05-17,SCORE_3,9364.06870780559,2375.8432719787493,1,11739.91197978434,11799.214992622277,-0.005026013414877073,0.0
2024-05-18,SCORE_3,9364.06870780559,2375.8432719787493,1,11739.91197978434,11799.214992622277,-0.005026013414877073,0.0
2024-05-19,SCORE_3,9364.06870780559,2375.8432719787493,1,11739.91197978434,11799.214992622277,-0.005026013414877073,0.0
2024-05-20,SCORE_3,9364.06870780559,2375.8432719787493,1,11739.91197978434,11799.214992622277,-0.005026013414877073,0.0
2024-05-21,SCORE_3,11739.91197978434,0.0,0,11739.91197978434,11799.214992622277,-0.005026013414877073,0.0
2024-05-22,SCORE_3,11739.91197978434,0.0,0,11739.91197978434,11799.214992622277,-0.005026013414877073,0.0
2024-05-23,SCORE_3,11739.91197978434,0.0,0,11739.91197978434,11799.214992622277,-0.005026013414877073,0.0
2024-05-24,SCORE_3,11739.91197978434,0.0,0,11739.91197978434,11799.214992622277,-0.005026013414877073,0.0
2024-05-25,SCORE_3,11739.91197978434,0.0,0,11739.91197978434,11799.214992622277,-0.005026013414877073,0.0
2024-05-26,SCORE_3,11739.91197978434,0.0,0,11739.91197978434,11799.214992622277,-0.005026013414877073,0.0
2024-05-27,SCORE_3,11739.91197978434,0.0,0,11739.91197978434,11799.214992622277,-0.005026013414877073,0.0
2024-05-28,SCORE_3,11739.91197978434,0.0,0,11739.91197978434,11799.214992622277,-0.005026013414877073,0.0
2024-05-29,SCORE_3,11739.91197978434,0.0,0,11739.91197978434,11799.214992622277,-0.005026013414877073,0.0
2024-05-30,SCORE_3,9391.929583827472,2301.0227480377303,1,11692.952331865203,11799.214992622277,-0.009005909361217479,-0.0040000000000000036
2024-05-31,SCORE_3,11692.952331865203,0.0,0,11692.952331865203,11799.214992622277,-0.009005909361217479,0.0
2024-06-01,SCORE_3,11692.952331865203,0.0,0,11692.952331865203,11799.214992622277,-0.009005909361217479,0.0
2024-06-02,SCORE_3,11692.952331865203,0.0,0,11692.952331865203,11799.214992622277,-0.009005909361217479,0.0
2024-06-03,SCORE_3,11692.952331865203,0.0,0,11692.952331865203,11799.214992622277,-0.009005909361217479,0.0
2024-06-04,SCORE_3,7015.771399119122,4583.63731409116,2,11599.408713210283,11799.214992622277,-0.016933862086327522,-0.007999999999999785
2024-06-05,SCORE_3,9307.590056164703,2291.8186570455796,1,11599.408713210283,11799.214992622277,-0.016933862086327522,0.0
2024-06-06,SCORE_3,9307.590056164703,2291.8186570455796,1,11599.408713210283,11799.214992622277,-0.016933862086327522,0.0
2024-06-07,SCORE_3,11599.408713210283,0.0,0,11599.408713210283,11799.214992622277,-0.016933862086327522,0.0
2024-06-08,SCORE_3,11599.408713210283,0.0,0,11599.408713210283,11799.214992622277,-0.016933862086327522,0.0
2024-06-09,SCORE_3,11599.408713210283,0.0,0,11599.408713210283,11799.214992622277,-0.016933862086327522,0.0
2024-06-10,SCORE_3,9279.526970568226,2321.324994563689,1,11600.851965131915,11799.214992622277,-0.016811544464135464,0.00012442461140182992
2024-06-11,SCORE_3,9279.526970568226,2321.324994563689,1,11600.851965131915,11799.214992622277,-0.016811544464135464,0.0
2024-06-12,SCORE_3,6959.645227926168,4594.809102352905,2,11554.454330279073,11799.214992622277,-0.020743809015790093,-0.0039995023634726845
2024-06-13,SCORE_3,6922.5271200438965,4585.715165921747,2,11508.242285965644,11799.214992622277,-0.024660344509238152,-0.0039995003651820404
2024-06-14,SCORE_3,6922.5271200438965,4585.715165921747,2,11508.242285965644,11799.214992622277,-0.024660344509238152,0.0
2024-06-15,SCORE_3,6922.5271200438965,4585.715165921747,2,11508.242285965644,11799.214992622277,-0.024660344509238152,0.0
2024-06-16,SCORE_3,6922.5271200438965,4585.715165921747,2,11508.242285965644,11799.214992622277,-0.024660344509238152,0.0
2024-06-17,SCORE_3,9206.593828772515,2393.714395480854,1,11600.30822425337,11799.214992622277,-0.016857627265312036,0.008000000000000007
2024-06-18,SCORE_3,11600.30822425337,0.0,0,11600.30822425337,11799.214992622277,-0.016857627265312036,0.0
2024-06-19,SCORE_3,11600.30822425337,0.0,0,11600.30822425337,11799.214992622277,-0.016857627265312036,0.0
2024-06-20,SCORE_3,11600.30822425337,0.0,0,11600.30822425337,11799.214992622277,-0.016857627265312036,0.0
2024-06-21,SCORE_3,9280.246579402696,2322.5978879214267,1,11602.844467324123,11799.214992622277,-0.0166426771120739,0.0002186358346454309
2024-06-22,SCORE_3,9280.246579402696,2322.5978879214267,1,11602.844467324123,11799.214992622277,-0.0166426771120739,0.0
2024-06-23,SCORE_3,9280.246579402696,2322.5978879214267,1,11602.844467324123,11799.214992622277,-0.0166426771120739,0.0
2024-06-24,SCORE_3,6960.184934552022,4596.258299875088,2,11556.44323442711,11799.214992622277,-0.020575246603012687,-0.003999125647826118
2024-06-25,SCORE_3,4612.28254996314,6919.0132448187505,3,11531.29579478189,11799.214992622277,-0.022706527341684102,-0.0021760535776530476
2024-06-26,SCORE_3,0.0,11468.472855923737,5,11468.472855923737,11799.214992622277,-0.028030859417795484,-0.005448038102238373
2024-06-27,SCORE_3,0.0,11468.472855923737,5,11468.472855923737,11799.214992622277,-0.028030859417795484,0.0
2024-06-28,SCORE_3,2285.2660269444245,9274.920403707376,4,11560.1864306518,11799.214992622277,-0.02025800547917256,0.007997017203619228
2024-06-29,SCORE_3,2285.2660269444245,9274.920403707376,4,11560.1864306518,11799.214992622277,-0.02025800547917256,0.0
2024-06-30,SCORE_3,2285.2660269444245,9274.920403707376,4,11560.1864306518,11799.214992622277,-0.02025800547917256,0.0
2024-07-01,SCORE_3,0.0,11514.481110112913,5,11514.481110112913,11799.214992622277,-0.024131595422865026,-0.003953683689538079
2024-07-02,SCORE_3,6799.706632411375,4714.774477701539,2,11514.481110112913,11799.214992622277,-0.024131595422865026,0.0
2024-07-03,SCORE_3,11514.481110112913,0.0,0,11514.481110112913,11799.214992622277,-0.024131595422865026,0.0
2024-07-04,SCORE_3,11514.481110112913,0.0,0,11514.481110112913,11799.214992622277,-0.024131595422865026,0.0
2024-07-05,SCORE_3,11514.481110112913,0.0,0,11514.481110112913,11799.214992622277,-0.024131595422865026,0.0
2024-07-06,SCORE_3,11514.481110112913,0.0,0,11514.481110112913,11799.214992622277,-0.024131595422865026,0.0
2024-07-07,SCORE_3,11514.481110112913,0.0,0,11514.481110112913,11799.214992622277,-0.024131595422865026,0.0
2024-07-08,SCORE_3,11514.481110112913,0.0,0,11514.481110112913,11799.214992622277,-0.024131595422865026,0.0
2024-07-09,SCORE_3,11514.481110112913,0.0,0,11514.481110112913,11799.214992622277,-0.024131595422865026,0.0
2024-07-10,SCORE_3,9211.58488809033,2395.012070903486,1,11606.596958993816,11799.214992622277,-0.016324648186248014,0.008000000000000007
2024-07-11,SCORE_3,9211.58488809033,2395.012070903486,1,11606.596958993816,11799.214992622277,-0.016324648186248014,0.0
2024-07-12,SCORE_3,2302.896222022583,9165.52696364988,4,11468.423185672462,11799.214992622277,-0.028035069041173588,-0.011904761904761862
2024-07-13,SCORE_3,2302.896222022583,9165.52696364988,4,11468.423185672462,11799.214992622277,-0.028035069041173588,0.0
2024-07-14,SCORE_3,2302.896222022583,9165.52696364988,4,11468.423185672462,11799.214992622277,-0.028035069041173588,0.0
2024-07-15,SCORE_3,2376.5889011273057,9045.407896709181,4,11421.996797836488,11799.214992622277,-0.031969770448428414,-0.004048192771084258
2024-07-16,SCORE_3,4651.481905090094,6770.514892746393,3,11421.996797836488,11799.214992622277,-0.031969770448428414,0.0
2024-07-17,SCORE_3,11421.996797836488,0.0,0,11421.996797836488,11799.214992622277,-0.031969770448428414,0.0
2024-07-18,SCORE_3,4568.798719134593,6736.578423854001,3,11305.377142988593,11799.214992622277,-0.04185344956782866,-0.010210093463691394
2024-07-19,SCORE_3,0.0,11272.17025537773,5,11272.17025537773,11799.214992622277,-0.04466777981197001,-0.002937264913046911
2024-07-20,SCORE_3,2202.891990417935,9069.278264959796,4,11272.17025537773,11799.214992622277,-0.04466777981197001,0.0
2024-07-21,SCORE_3,2202.891990417935,9069.278264959796,4,11272.17025537773,11799.214992622277,-0.04466777981197001,0.0
2024-07-22,SCORE_3,0.0,11227.421295449249,5,11227.421295449249,11799.214992622277,-0.04846031685417673,-0.003969861962219157
2024-07-23,SCORE_3,0.0,11227.421295449249,5,11227.421295449249,11799.214992622277,-0.04846031685417673,0.0
2024-07-24,SCORE_3,2203.106906709684,9024.314388739564,4,11227.421295449247,11799.214992622277,-0.048460316854176955,-1.1102230246251565e-16
2024-07-25,SCORE_3,0.0,11405.91179888172,5,11405.91179888172,11799.214992622277,-0.03333299664312239,0.015897729205620825
2024-07-26,SCORE_3,4589.320904460754,6816.590894420966,3,11405.91179888172,11799.214992622277,-0.03333299664312239,0.0
2024-07-27,SCORE_3,4589.320904460754,6816.590894420966,3,11405.91179888172,11799.214992622277,-0.03333299664312239,0.0
2024-07-28,SCORE_3,4589.320904460754,6816.590894420966,3,11405.91179888172,11799.214992622277,-0.03333299664312239,0.0
2024-07-29,SCORE_3,9088.547063127398,2317.364735754321,1,11405.91179888172,11799.214992622277,-0.03333299664312239,0.0
2024-07-30,SCORE_3,11405.91179888172,0.0,0,11405.91179888172,11799.214992622277,-0.03333299664312239,0.0
2024-07-31,SCORE_3,11405.91179888172,0.0,0,11405.91179888172,11799.214992622277,-0.03333299664312239,0.0
2024-08-01,SCORE_3,6843.547079329032,4607.988366748215,2,11451.535446077247,11799.214992622277,-0.029466328629694893,0.0040000000000000036
2024-08-02,SCORE_3,6870.9212676463485,4489.001894862281,2,11359.923162508629,11799.214992622277,-0.03723059800065731,-0.008000000000000007
2024-08-03,SCORE_3,11359.92316250863,0.0,0,11359.92316250863,11799.214992622277,-0.0372305980006572,2.220446049250313e-16
2024-08-04,SCORE_3,11359.92316250863,0.0,0,11359.92316250863,11799.214992622277,-0.0372305980006572,0.0
2024-08-05,SCORE_3,6815.953897505178,4634.659329622261,2,11450.61322712744,11799.214992622277,-0.02954448797761622,0.007983334334347836
2024-08-06,SCORE_3,0.0,11501.080891748865,5,11501.080891748865,11799.214992622277,-0.025267282701419314,0.004407420250809091
2024-08-07,SCORE_3,2362.864017801795,9138.216873947069,4,11501.080891748865,11799.214992622277,-0.025267282701419314,0.0
2024-08-08,SCORE_3,72.70350824005482,11519.983803891279,5,11592.687312131333,11799.214992622277,-0.017503510243696785,0.007965027047865503
2024-08-09,SCORE_3,72.70350824005482,11519.983803891279,5,11592.687312131333,11799.214992622277,-0.017503510243696785,0.0
2024-08-10,SCORE_3,72.70350824005482,11519.983803891279,5,11592.687312131333,11799.214992622277,-0.017503510243696785,0.0
2024-08-11,SCORE_3,72.70350824005482,11519.983803891279,5,11592.687312131333,11799.214992622277,-0.017503510243696785,0.0
2024-08-12,SCORE_3,4571.043759912212,7021.643552219122,3,11592.687312131335,11799.214992622277,-0.017503510243696563,2.220446049250313e-16
2024-08-13,SCORE_3,9210.920382187123,2381.76692994421,1,11592.687312131333,11799.214992622277,-0.017503510243696785,-1.1102230246251565e-16
2024-08-14,SCORE_3,9210.920382187123,2381.76692994421,1,11592.687312131333,11799.214992622277,-0.017503510243696785,0.0
2024-08-15,SCORE_3,11592.687312131333,0.0,0,11592.687312131333,11799.214992622277,-0.017503510243696785,0.0
2024-08-16,SCORE_3,11592.687312131333,0.0,0,11592.687312131333,11799.214992622277,-0.017503510243696785,0.0
2024-08-17,SCORE_3,11592.687312131333,0.0,0,11592.687312131333,11799.214992622277,-0.017503510243696785,0.0
2024-08-18,SCORE_3,11592.687312131333,0.0,0,11592.687312131333,11799.214992622277,-0.017503510243696785,0.0
2024-08-19,SCORE_3,11592.687312131333,0.0,0,11592.687312131333,11799.214992622277,-0.017503510243696785,0.0
2024-08-20,SCORE_3,11592.687312131333,0.0,0,11592.687312131333,11799.214992622277,-0.017503510243696785,0.0
2024-08-21,SCORE_3,9274.149849705067,2348.9783215317134,1,11623.12817123678,11799.214992622277,-0.014923604790284761,0.002625867349461908
2024-08-22,SCORE_3,9274.149849705067,2348.9783215317134,1,11623.12817123678,11799.214992622277,-0.014923604790284761,0.0
2024-08-23,SCORE_3,4637.0749248525335,7032.423995632772,3,11669.498920485305,11799.214992622277,-0.0109936188312596,0.003989524039085701
2024-08-24,SCORE_3,4637.0749248525335,7032.423995632772,3,11669.498920485305,11799.214992622277,-0.0109936188312596,0.0
2024-08-25,SCORE_3,4637.0749248525335,7032.423995632772,3,11669.498920485305,11799.214992622277,-0.0109936188312596,0.0
2024-08-26,SCORE_3,9320.520598953592,2348.9783215317134,1,11669.498920485305,11799.214992622277,-0.0109936188312596,0.0
2024-08-27,SCORE_3,9320.520598953592,2348.9783215317134,1,11669.498920485305,11799.214992622277,-0.0109936188312596,0.0
2024-08-28,SCORE_3,11669.498920485305,0.0,0,11669.498920485305,11799.214992622277,-0.0109936188312596,0.0
2024-08-29,SCORE_3,7001.6993522911835,4574.443576830239,2,11576.142929121423,11799.214992622277,-0.018905669880609488,-0.008000000000000007
2024-08-30,SCORE_3,11576.142929121423,0.0,0,11576.142929121423,11799.214992622277,-0.018905669880609488,0.0
2024-08-31,SCORE_3,11576.142929121423,0.0,0,11576.142929121423,11799.214992622277,-0.018905669880609488,0.0
2024-09-01,SCORE_3,11576.142929121423,0.0,0,11576.142929121423,11799.214992622277,-0.018905669880609488,0.0
2024-09-02,SCORE_3,11576.142929121423,0.0,0,11576.142929121423,11799.214992622277,-0.018905669880609488,0.0
2024-09-03,SCORE_3,11576.142929121423,0.0,0,11576.142929121423,11799.214992622277,-0.018905669880609488,0.0
2024-09-04,SCORE_3,2315.2285858242835,9150.059484702448,4,11465.28807052673,11799.214992622277,-0.028300774441718524,-0.009576148054964095
2024-09-05,SCORE_3,4584.152599932082,6881.135470594649,3,11465.28807052673,11799.214992622277,-0.028300774441718524,0.0
2024-09-06,SCORE_3,4556.369856902191,6917.7029302400215,3,11474.072787142213,11799.214992622277,-0.027556257402154838,0.0007662011247728806
2024-09-07,SCORE_3,4556.369856902191,6917.7029302400215,3,11474.072787142213,11799.214992622277,-0.027556257402154838,0.0
2024-09-08,SCORE_3,4556.369856902191,6917.7029302400215,3,11474.072787142213,11799.214992622277,-0.027556257402154838,0.0
2024-09-09,SCORE_3,4537.848028215596,6890.475842070728,3,11428.323870286324,11799.214992622277,-0.03143354219478678,-0.00398715588654408
2024-09-10,SCORE_3,6779.544954154102,4648.778916132223,2,11428.323870286324,11799.214992622277,-0.03143354219478678,0.0
2024-09-11,SCORE_3,9122.832396533153,2305.4914737531712,1,11428.323870286324,11799.214992622277,-0.03143354219478678,0.0
2024-09-12,SCORE_3,9122.832396533153,2305.4914737531712,1,11428.323870286324,11799.214992622277,-0.03143354219478678,0.0
2024-09-13,SCORE_3,11428.323870286324,0.0,0,11428.323870286324,11799.214992622277,-0.03143354219478678,0.0
2024-09-14,SCORE_3,11428.323870286324,0.0,0,11428.323870286324,11799.214992622277,-0.03143354219478678,0.0
2024-09-15,SCORE_3,11428.323870286324,0.0,0,11428.323870286324,11799.214992622277,-0.03143354219478678,0.0
2024-09-16,SCORE_3,11428.323870286324,0.0,0,11428.323870286324,11799.214992622277,-0.03143354219478678,0.0
2024-09-17,SCORE_3,11428.323870286324,0.0,0,11428.323870286324,11799.214992622277,-0.03143354219478678,0.0
2024-09-18,SCORE_3,9142.65909622906,2365.8838237961345,1,11508.542920025193,11799.214992622277,-0.024634865351536805,0.007019318900074234
2024-09-19,SCORE_3,6856.994322171795,4672.395084208013,2,11529.389406379807,11799.214992622277,-0.0228680964293968,0.0018113923282452316
2024-09-20,SCORE_3,4571.329548114531,7021.697204068656,3,11593.026752183187,11799.214992622277,-0.017474742223784756,0.005519576411233462
2024-09-21,SCORE_3,4571.329548114531,7021.697204068656,3,11593.026752183187,11799.214992622277,-0.017474742223784756,0.0
2024-09-22,SCORE_3,4571.329548114531,7021.697204068656,3,11593.026752183187,11799.214992622277,-0.017474742223784756,0.0
2024-09-23,SCORE_3,4.547473508864641e-13,11678.67599529911,5,11678.67599529911,11799.214992622277,-0.010215848884738254,0.007387996676518904
2024-09-24,SCORE_3,2377.0913650195557,9301.584630279556,4,11678.675995299112,11799.214992622277,-0.010215848884738032,2.220446049250313e-16
2024-09-25,SCORE_3,4742.97518881569,6935.700806483421,3,11678.67599529911,11799.214992622277,-0.010215848884738254,-1.1102230246251565e-16
2024-09-26,SCORE_3,7049.486449227568,4629.189546071542,2,11678.67599529911,11799.214992622277,-0.010215848884738254,0.0
2024-09-27,SCORE_3,9398.78856908821,2279.8874262109002,1,11678.67599529911,11799.214992622277,-0.010215848884738254,0.0
2024-09-28,SCORE_3,9398.78856908821,2279.8874262109002,1,11678.67599529911,11799.214992622277,-0.010215848884738254,0.0
2024-09-29,SCORE_3,9398.78856908821,2279.8874262109002,1,11678.67599529911,11799.214992622277,-0.010215848884738254,0.0
2024-09-30,SCORE_3,11678.67599529911,0.0,0,11678.67599529911,11799.214992622277,-0.010215848884738254,0.0
2024-10-01,SCORE_3,11678.67599529911,0.0,0,11678.67599529911,11799.214992622277,-0.010215848884738254,0.0
2024-10-02,SCORE_3,4671.470398119644,6867.061485235878,3,11538.531883355521,11799.214992622277,-0.0220932586981214,-0.01200000000000001
2024-10-03,SCORE_3,2335.7351990598218,9156.081980314504,4,11491.817179374326,11799.214992622277,-0.0260523953025823,-0.004048582995951344
2024-10-04,SCORE_3,2298.363435874865,9146.92589833419,4,11445.289334209054,11799.214992622277,-0.02999569536062552,-0.004048780487804882
2024-10-05,SCORE_3,2298.363435874865,9146.92589833419,4,11445.289334209054,11799.214992622277,-0.02999569536062552,0.0
2024-10-06,SCORE_3,2298.363435874865,9146.92589833419,4,11445.289334209054,11799.214992622277,-0.02999569536062552,0.0
2024-10-07,SCORE_3,9156.26883913043,2289.0204950786256,1,11445.289334209054,11799.214992622277,-0.02999569536062552,0.0
2024-10-08,SCORE_3,4578.11573368362,7092.358000278067,3,11670.473733961688,11799.214992622277,-0.010911002023531902,0.01967485427210436
2024-10-09,SCORE_3,4578.11573368362,7092.358000278067,3,11670.473733961688,11799.214992622277,-0.010911002023531902,0.0
2024-10-10,SCORE_3,6958.735915199104,4711.737818762584,2,11670.473733961688,11799.214992622277,-0.010911002023531902,0.0
2024-10-11,SCORE_3,4687.990511292028,6924.879687234264,3,11612.870198526292,11799.214992622277,-0.015792982347766493,-0.004935835232443564
2024-10-12,SCORE_3,4687.990511292028,6924.879687234264,3,11612.870198526292,11799.214992622277,-0.015792982347766493,0.0
2024-10-13,SCORE_3,4687.990511292028,6924.879687234264,3,11612.870198526292,11799.214992622277,-0.015792982347766493,0.0
2024-10-14,SCORE_3,4687.990511292028,6924.879687234264,3,11612.870198526292,11799.214992622277,-0.015792982347766493,0.0
2024-10-15,SCORE_3,6973.485269774688,4634.77655200335,2,11608.261821778038,11799.214992622277,-0.01618354873299932,-0.00039683357081177206
2024-10-16,SCORE_3,2323.9012385317033,9225.94178561906,4,11549.843024150763,11799.214992622277,-0.02113462367008645,-0.00503251895280965
2024-10-17,SCORE_3,2323.9012385317033,9225.94178561906,4,11549.843024150763,11799.214992622277,-0.02113462367008645,0.0
2024-10-18,SCORE_3,4638.494151661813,6911.348872488951,3,11549.843024150763,11799.214992622277,-0.02113462367008645,0.0
2024-10-19,SCORE_3,4638.494151661813,6911.348872488951,3,11549.843024150763,11799.214992622277,-0.02113462367008645,0.0
2024-10-20,SCORE_3,4638.494151661813,6911.348872488951,3,11549.843024150763,11799.214992622277,-0.02113462367008645,0.0
2024-10-21,SCORE_3,4638.494151661813,6911.348872488951,3,11549.843024150763,11799.214992622277,-0.02113462367008645,0.0
2024-10-22,SCORE_3,0.0,11628.584976573311,5,11628.584976573311,11799.214992622277,-0.014461132893642259,0.006817577715809486
2024-10-23,SCORE_3,4591.165233615709,7037.419742957602,3,11628.584976573311,11799.214992622277,-0.014461132893642259,0.0
2024-10-24,SCORE_3,13.678449938271115,11754.616021994525,5,11768.294471932797,11799.214992622277,-0.0026205574446108715,0.012014316070350972
2024-10-25,SCORE_3,13.678449938271115,11754.616021994525,5,11768.294471932797,11799.214992622277,-0.0026205574446108715,0.0
2024-10-26,SCORE_3,13.678449938271115,11754.616021994525,5,11768.294471932797,11799.214992622277,-0.0026205574446108715,0.0
2024-10-27,SCORE_3,13.678449938271115,11754.616021994525,5,11768.294471932797,11799.214992622277,-0.0026205574446108715,0.0
2024-10-28,SCORE_3,13.678449938271115,11754.616021994525,5,11768.294471932797,11799.214992622277,-0.0026205574446108715,0.0
2024-10-29,SCORE_3,7064.741461496815,4703.5530104359805,2,11768.294471932795,11799.214992622277,-0.0026205574446109825,-1.1102230246251565e-16
2024-10-30,SCORE_3,9486.372714394547,2281.921757538248,1,11768.294471932795,11799.214992622277,-0.0026205574446109825,0.0
2024-10-31,SCORE_3,9414.635577546236,2447.8052501620214,1,11862.440827708258,11862.440827708258,0.0,0.008000000000000007
2024-11-01,SCORE_3,0.0,12097.806717146914,5,12097.806717146914,12097.806717146914,0.0,0.01984126984126977
2024-11-02,SCORE_3,0.0,12097.806717146914,5,12097.806717146914,12097.806717146914,0.0,0.0
2024-11-03,SCORE_3,0.0,12097.806717146914,5,12097.806717146914,12097.806717146914,0.0,0.0
2024-11-04,SCORE_3,2306.585716498828,9791.221000648085,4,12097.806717146914,12097.806717146914,0.0,0.0
2024-11-05,SCORE_3,2306.585716498828,9791.221000648085,4,12097.806717146914,12097.806717146914,0.0,0.0
2024-11-06,SCORE_3,12097.806717146912,0.0,0,12097.806717146912,12097.806717146914,-1.1102230246251565e-16,-1.1102230246251565e-16
2024-11-07,SCORE_3,12097.806717146912,0.0,0,12097.806717146912,12097.806717146914,-1.1102230246251565e-16,0.0
2024-11-08,SCORE_3,9678.24537371753,2371.170116560794,1,12049.415490278323,12097.806717146914,-0.004000000000000226,-0.004000000000000115
2024-11-09,SCORE_3,12049.415490278323,0.0,0,12049.415490278323,12097.806717146914,-0.004000000000000226,0.0
2024-11-10,SCORE_3,12049.415490278323,0.0,0,12049.415490278323,12097.806717146914,-0.004000000000000226,0.0
2024-11-11,SCORE_3,9639.532392222658,2361.685436094551,1,12001.217828317209,12097.806717146914,-0.007984000000000324,-0.004000000000000115
2024-11-12,SCORE_3,9639.532392222658,2361.685436094551,1,12001.217828317209,12097.806717146914,-0.007984000000000324,0.0
2024-11-13,SCORE_3,12001.217828317209,0.0,0,12001.217828317209,12097.806717146914,-0.007984000000000324,0.0
2024-11-14,SCORE_3,12001.217828317209,0.0,0,12001.217828317209,12097.806717146914,-0.007984000000000324,0.0
2024-11-15,SCORE_3,9600.974262653766,2352.2386943501733,1,11953.21295700394,12097.806717146914,-0.011952064000000373,-0.0040000000000000036
2024-11-16,SCORE_3,9600.974262653766,2352.2386943501733,1,11953.21295700394,12097.806717146914,-0.011952064000000373,0.0
2024-11-17,SCORE_3,9600.974262653766,2352.2386943501733,1,11953.21295700394,12097.806717146914,-0.011952064000000373,0.0
2024-11-18,SCORE_3,9562.570365603151,2486.2682950568196,1,12048.83866065997,12097.806717146914,-0.00404768051200044,0.008000000000000007
2024-11-19,SCORE_3,12048.83866065997,0.0,0,12048.83866065997,12097.806717146914,-0.00404768051200044,0.0
2024-11-20,SCORE_3,9639.070928527977,2379.6558845223094,1,12018.726813050287,12097.806717146914,-0.006536714128896004,-0.0024991493751177485
2024-11-21,SCORE_3,9639.070928527977,2379.6558845223094,1,12018.726813050287,12097.806717146914,-0.006536714128896004,0.0
2024-11-22,SCORE_3,7229.303196395983,4885.814325939584,2,12115.117522335568,12115.117522335568,0.0,0.008020043286167011
2024-11-23,SCORE_3,7229.303196395983,4885.814325939584,2,12115.117522335568,12115.117522335568,0.0,0.0
2024-11-24,SCORE_3,7229.303196395983,4885.814325939584,2,12115.117522335568,12115.117522335568,0.0,0.0
2024-11-25,SCORE_3,4819.535464263989,7247.386703428938,3,12066.922167692926,12115.117522335568,-0.003978116972764623,-0.003978116972764623
2024-11-26,SCORE_3,4848.452677049571,7266.857626704565,3,12115.310303754137,12115.310303754137,0.0,0.004009981616585057
2024-11-27,SCORE_3,9599.127228571193,2516.1830751829434,1,12115.310303754137,12115.310303754137,0.0,0.0
2024-11-28,SCORE_3,9599.127228571193,2516.1830751829434,1,12115.310303754137,12115.310303754137,0.0,0.0
2024-11-29,SCORE_3,7195.42042224485,5016.03815376234,2,12211.45857600719,12211.45857600719,0.0,0.007936096545811067
2024-11-30,SCORE_3,7195.42042224485,5016.03815376234,2,12211.45857600719,12211.45857600719,0.0,0.0
2024-12-01,SCORE_3,7195.42042224485,5016.03815376234,2,12211.45857600719,12211.45857600719,0.0,0.0
2024-12-02,SCORE_3,9711.603497427794,2499.855078579397,1,12211.45857600719,12211.45857600719,0.0,0.0
2024-12-03,SCORE_3,9711.603497427794,2499.855078579397,1,12211.45857600719,12211.45857600719,0.0,0.0
2024-12-04,SCORE_3,12211.45857600719,0.0,0,12211.45857600719,12211.45857600719,0.0,0.0
2024-12-05,SCORE_3,9769.166860805752,2393.445880897409,1,12162.61274170316,12211.45857600719,-0.0040000000000000036,-0.0040000000000000036
2024-12-06,SCORE_3,12162.61274170316,0.0,0,12162.61274170316,12211.45857600719,-0.0040000000000000036,0.0
2024-12-07,SCORE_3,12162.61274170316,0.0,0,12162.61274170316,12211.45857600719,-0.0040000000000000036,0.0
2024-12-08,SCORE_3,12162.61274170316,0.0,0,12162.61274170316,12211.45857600719,-0.0040000000000000036,0.0
2024-12-09,SCORE_3,9730.090193362528,2383.8720973738195,1,12113.962290736348,12211.45857600719,-0.007983999999999991,-0.0040000000000000036
2024-12-10,SCORE_3,7297.567645021896,4830.690203103988,2,12128.257848125884,12211.45857600719,-0.0068133325239931875,0.0011800893090503362
2024-12-11,SCORE_3,7297.567645021896,4830.690203103988,2,12128.257848125884,12211.45857600719,-0.0068133325239931875,0.0
2024-12-12,SCORE_3,7297.567645021896,4830.690203103988,2,12128.257848125884,12211.45857600719,-0.0068133325239931875,0.0
2024-12-13,SCORE_3,9681.439742395716,2446.818105730168,1,12128.257848125884,12211.45857600719,-0.0068133325239931875,0.0
2024-12-14,SCORE_3,9681.439742395716,2446.818105730168,1,12128.257848125884,12211.45857600719,-0.0068133325239931875,0.0
2024-12-15,SCORE_3,9681.439742395716,2446.818105730168,1,12128.257848125884,12211.45857600719,-0.0068133325239931875,0.0
2024-12-16,SCORE_3,9681.439742395716,2446.818105730168,1,12128.257848125884,12211.45857600719,-0.0068133325239931875,0.0
2024-12-17,SCORE_3,12128.257848125884,0.0,0,12128.257848125884,12211.45857600719,-0.0068133325239931875,0.0
2024-12-18,SCORE_3,12128.257848125884,0.0,0,12128.257848125884,12211.45857600719,-0.0068133325239931875,0.0
2024-12-19,SCORE_3,0.0,12031.231785340875,5,12031.231785340875,12211.45857600719,-0.014758825863801395,-0.00800000000000023
2024-12-20,SCORE_3,9508.554152930694,2522.677632410184,1,12031.231785340879,12211.45857600719,-0.014758825863801173,2.220446049250313e-16
2024-12-21,SCORE_3,9508.554152930694,2522.677632410184,1,12031.231785340879,12211.45857600719,-0.014758825863801173,0.0
2024-12-22,SCORE_3,9508.554152930694,2522.677632410184,1,12031.231785340879,12211.45857600719,-0.014758825863801173,0.0
2024-12-23,SCORE_3,7121.71300841952,4861.781954031134,2,11983.494962450653,12211.45857600719,-0.018668008586986806,-0.003967741935483993
2024-12-24,SCORE_3,9586.795969960524,2386.8859128633603,1,11973.681882823883,12211.45857600719,-0.01947160461654307,-0.0008188829433749545
2024-12-25,SCORE_3,9586.795969960524,2386.8859128633603,1,11973.681882823883,12211.45857600719,-0.01947160461654307,0.0
2024-12-26,SCORE_3,9586.795969960524,2386.8859128633603,1,11973.681882823883,12211.45857600719,-0.01947160461654307,0.0
2024-12-27,SCORE_3,9586.795969960524,2386.8859128633603,1,11973.681882823883,12211.45857600719,-0.01947160461654307,0.0
2024-12-28,SCORE_3,9586.795969960524,2386.8859128633603,1,11973.681882823883,12211.45857600719,-0.01947160461654307,0.0
2024-12-29,SCORE_3,9586.795969960524,2386.8859128633603,1,11973.681882823883,12211.45857600719,-0.01947160461654307,0.0
2024-12-30,SCORE_3,9586.795969960524,2386.8859128633603,1,11973.681882823883,12211.45857600719,-0.01947160461654307,0.0
2024-12-31,SCORE_3,7190.096977470392,4735.650925503689,2,11925.74790297408,12211.45857600719,-0.023396932582195107,-0.004003278216248796
2025-01-01,SCORE_3,7190.096977470392,4735.650925503689,2,11925.74790297408,12211.45857600719,-0.023396932582195107,0.0
2025-01-02,SCORE_3,11925.747902974079,0.0,0,11925.747902974079,12211.45857600719,-0.02339693258219533,-1.1102230246251565e-16
2025-01-03,SCORE_3,7155.448741784447,4674.893177965839,2,11830.341919750284,12211.45857600719,-0.03120975712153784,-0.008000000000000118
2025-01-04,SCORE_3,7155.448741784447,4674.893177965839,2,11830.341919750284,12211.45857600719,-0.03120975712153784,0.0
2025-01-05,SCORE_3,7155.448741784447,4674.893177965839,2,11830.341919750284,12211.45857600719,-0.03120975712153784,0.0
2025-01-06,SCORE_3,7155.448741784447,4674.893177965839,2,11830.341919750284,12211.45857600719,-0.03120975712153784,0.0
2025-01-07,SCORE_3,7155.448741784447,4674.893177965839,2,11830.341919750284,12211.45857600719,-0.03120975712153784,0.0
2025-01-08,SCORE_3,7155.448741784447,4674.893177965839,2,11830.341919750284,12211.45857600719,-0.03120975712153784,0.0
2025-01-09,SCORE_3,7155.448741784447,4674.893177965839,2,11830.341919750284,12211.45857600719,-0.03120975712153784,0.0
2025-01-10,SCORE_3,11830.341919750284,0.0,0,11830.341919750284,12211.45857600719,-0.03120975712153784,0.0
2025-01-11,SCORE_3,11830.341919750284,0.0,0,11830.341919750284,12211.45857600719,-0.03120975712153784,0.0
2025-01-12,SCORE_3,11830.341919750284,0.0,0,11830.341919750284,12211.45857600719,-0.03120975712153784,0.0
2025-01-13,SCORE_3,11830.341919750284,0.0,0,11830.341919750284,12211.45857600719,-0.03120975712153784,0.0
2025-01-14,SCORE_3,11830.341919750284,0.0,0,11830.341919750284,12211.45857600719,-0.03120975712153784,0.0
2025-01-15,SCORE_3,9464.273535800228,2460.7111193080596,1,11924.984655108288,12211.45857600719,-0.023459435178510013,0.00800000000000023
2025-01-16,SCORE_3,9464.273535800228,2460.7111193080596,1,11924.984655108288,12211.45857600719,-0.023459435178510013,0.0
2025-01-17,SCORE_3,9464.273535800228,2460.7111193080596,1,11924.984655108288,12211.45857600719,-0.023459435178510013,0.0
2025-01-18,SCORE_3,9464.273535800228,2460.7111193080596,1,11924.984655108288,12211.45857600719,-0.023459435178510013,0.0
2025-01-19,SCORE_3,9464.273535800228,2460.7111193080596,1,11924.984655108288,12211.45857600719,-0.023459435178510013,0.0
2025-01-20,SCORE_3,9464.273535800228,2460.7111193080596,1,11924.984655108288,12211.45857600719,-0.023459435178510013,0.0
2025-01-21,SCORE_3,9464.273535800228,2460.7111193080596,1,11924.984655108288,12211.45857600719,-0.023459435178510013,0.0
2025-01-22,SCORE_3,7098.205151850171,4796.9188020426645,2,11895.123953892835,12211.45857600719,-0.025904736944027507,-0.0025040452528097834
2025-01-23,SCORE_3,9558.91627115823,2336.2076827346054,1,11895.123953892835,12211.45857600719,-0.025904736944027507,0.0
2025-01-24,SCORE_3,9558.91627115823,2336.2076827346054,1,11895.123953892835,12211.45857600719,-0.025904736944027507,0.0
2025-01-25,SCORE_3,9558.91627115823,2336.2076827346054,1,11895.123953892835,12211.45857600719,-0.025904736944027507,0.0
2025-01-26,SCORE_3,9558.91627115823,2336.2076827346054,1,11895.123953892835,12211.45857600719,-0.025904736944027507,0.0
2025-01-27,SCORE_3,7173.919340136572,4673.5046751358295,2,11847.424015272401,12211.45857600719,-0.02981089920331348,-0.004010041324943314
2025-01-28,SCORE_3,4760.302445942654,6992.103291597844,3,11752.4057375405,12211.45857600719,-0.037591974423811014,-0.008020163506380351
2025-01-29,SCORE_3,7096.51012867726,4655.8956088632385,2,11752.4057375405,12211.45857600719,-0.037591974423811014,0.0
2025-01-30,SCORE_3,9401.924590032399,2444.5003934084243,1,11846.424983440822,12211.45857600719,-0.02989271021920159,0.008000000000000007
2025-01-31,SCORE_3,9477.139986752658,2321.8992967544013,1,11799.03928350706,12211.45857600719,-0.03377313937832471,-0.0039999999999998925
2025-02-01,SCORE_3,11799.03928350706,0.0,0,11799.03928350706,12211.45857600719,-0.03377313937832471,0.0
2025-02-02,SCORE_3,11799.03928350706,0.0,0,11799.03928350706,12211.45857600719,-0.03377313937832471,0.0
2025-02-03,SCORE_3,11799.03928350706,0.0,0,11799.03928350706,12211.45857600719,-0.03377313937832471,0.0
2025-02-04,SCORE_3,11799.03928350706,0.0,0,11799.03928350706,12211.45857600719,-0.03377313937832471,0.0
2025-02-05,SCORE_3,11799.03928350706,0.0,0,11799.03928350706,12211.45857600719,-0.03377313937832471,0.0
2025-02-06,SCORE_3,9439.231426805647,2312.6116995673838,1,11751.84312637303,12211.45857600719,-0.03763804682081151,-0.0040000000000000036
2025-02-07,SCORE_3,11751.84312637303,0.0,0,11751.84312637303,12211.45857600719,-0.03763804682081151,0.0
2025-02-08,SCORE_3,11751.84312637303,0.0,0,11751.84312637303,12211.45857600719,-0.03763804682081151,0.0
2025-02-09,SCORE_3,11751.84312637303,0.0,0,11751.84312637303,12211.45857600719,-0.03763804682081151,0.0
2025-02-10,SCORE_3,11751.84312637303,0.0,0,11751.84312637303,12211.45857600719,-0.03763804682081151,0.0
2025-02-11,SCORE_3,11751.84312637303,0.0,0,11751.84312637303,12211.45857600719,-0.03763804682081151,0.0
2025-02-12,SCORE_3,11751.84312637303,0.0,0,11751.84312637303,12211.45857600719,-0.03763804682081151,0.0
2025-02-13,SCORE_3,11751.84312637303,0.0,0,11751.84312637303,12211.45857600719,-0.03763804682081151,0.0
2025-02-14,SCORE_3,9401.474501098424,2303.361252769114,1,11704.835753867537,12211.45857600719,-0.04148749463352841,-0.004000000000000115
2025-02-15,SCORE_3,9401.474501098424,2303.361252769114,1,11704.835753867537,12211.45857600719,-0.04148749463352841,0.0
2025-02-16,SCORE_3,9401.474501098424,2303.361252769114,1,11704.835753867537,12211.45857600719,-0.04148749463352841,0.0
2025-02-17,SCORE_3,9401.474501098424,2303.361252769114,1,11704.835753867537,12211.45857600719,-0.04148749463352841,0.0
2025-02-18,SCORE_3,11704.835753867537,0.0,0,11704.835753867537,12211.45857600719,-0.04148749463352841,0.0
2025-02-19,SCORE_3,9363.86860309403,2294.1478077580373,1,11658.016410852068,12211.45857600719,-0.04532154465499427,-0.0040000000000000036
2025-02-20,SCORE_3,9363.86860309403,2294.1478077580373,1,11658.016410852068,12211.45857600719,-0.04532154465499427,0.0
2025-02-21,SCORE_3,4663.206564340826,6933.096214428322,3,11596.302778769148,12211.45857600719,-0.05037529246888539,-0.005293664883287752
2025-02-22,SCORE_3,9233.148997394836,2363.153781374311,1,11596.302778769146,12211.45857600719,-0.05037529246888561,-1.1102230246251565e-16
2025-02-23,SCORE_3,9233.148997394836,2363.153781374311,1,11596.302778769146,12211.45857600719,-0.05037529246888561,0.0
2025-02-24,SCORE_3,2294.297629655686,9163.228121758679,4,11457.525751414365,12211.45857600719,-0.06173978480131237,-0.011967351146510152
2025-02-25,SCORE_3,6827.680523245264,4629.8452281691,2,11457.525751414363,12211.45857600719,-0.06173978480131259,-1.1102230246251565e-16
2025-02-26,SCORE_3,9094.371970040052,2363.153781374311,1,11457.525751414363,12211.45857600719,-0.06173978480131259,0.0
2025-02-27,SCORE_3,4523.981869155867,7077.156316953124,3,11601.13818610899,12211.45857600719,-0.049979319513669185,0.012534332264267256
2025-02-28,SCORE_3,4595.630500247305,6959.677582856028,3,11555.308083103333,12211.45857600719,-0.05373236037446394,-0.0039504833293455555
2025-03-01,SCORE_3,4595.630500247305,6959.677582856028,3,11555.308083103333,12211.45857600719,-0.05373236037446394,0.0
2025-03-02,SCORE_3,4595.630500247305,6959.677582856028,3,11555.308083103333,12211.45857600719,-0.05373236037446394,0.0
2025-03-03,SCORE_3,4595.630500247305,6959.677582856028,3,11555.308083103333,12211.45857600719,-0.05373236037446394,0.0
2025-03-04,SCORE_3,6917.28770989902,4592.007959402608,2,11509.295669301628,12211.45857600719,-0.05750033072094729,-0.003981928778600596
2025-03-05,SCORE_3,2297.641364207781,9211.654305093847,4,11509.295669301628,12211.45857600719,-0.05750033072094729,0.0
2025-03-06,SCORE_3,6880.630890505254,4628.664778796374,2,11509.295669301628,12211.45857600719,-0.05750033072094729,0.0
2025-03-07,SCORE_3,0.0,11326.771254627954,5,11326.771254627954,12211.45857600719,-0.07244730970282698,-0.01585886920609003
2025-03-08,SCORE_3,6705.839086572328,4620.932168055627,2,11326.771254627954,12211.45857600719,-0.07244730970282698,0.0
2025-03-09,SCORE_3,6705.839086572328,4620.932168055627,2,11326.771254627954,12211.45857600719,-0.07244730970282698,0.0
2025-03-10,SCORE_3,9088.914022190262,2237.857232437692,1,11326.771254627954,12211.45857600719,-0.07244730970282698,0.0
2025-03-11,SCORE_3,11326.771254627954,0.0,0,11326.771254627954,12211.45857600719,-0.07244730970282698,0.0
2025-03-12,SCORE_3,4530.708501851181,6714.200375818895,3,11244.908877670076,12211.45857600719,-0.07915104426887787,-0.007227335585543115
2025-03-13,SCORE_3,4494.462833836371,6799.787748282277,3,11294.250582118648,12211.45857600719,-0.07511043731423306,0.004387915009836485
2025-03-14,SCORE_3,4494.462833836371,6799.787748282277,3,11294.250582118648,12211.45857600719,-0.07511043731423306,0.0
2025-03-15,SCORE_3,4494.462833836371,6799.787748282277,3,11294.250582118648,12211.45857600719,-0.07511043731423306,0.0
2025-03-16,SCORE_3,4494.462833836371,6799.787748282277,3,11294.250582118648,12211.45857600719,-0.07511043731423306,0.0
2025-03-17,SCORE_3,6714.50999974345,4579.740582375198,2,11294.250582118648,12211.45857600719,-0.07511043731423306,0.0
2025-03-18,SCORE_3,6714.50999974345,4579.740582375198,2,11294.250582118648,12211.45857600719,-0.07511043731423306,0.0
2025-03-19,SCORE_3,8988.616043748187,2305.634538370462,1,11294.25058211865,12211.45857600719,-0.07511043731423295,2.220446049250313e-16
2025-03-20,SCORE_3,11294.25058211865,0.0,0,11294.25058211865,12211.45857600719,-0.07511043731423295,0.0
2025-03-21,SCORE_3,11294.25058211865,0.0,0,11294.25058211865,12211.45857600719,-0.07511043731423295,0.0
2025-03-22,SCORE_3,11294.25058211865,0.0,0,11294.25058211865,12211.45857600719,-0.07511043731423295,0.0
2025-03-23,SCORE_3,11294.25058211865,0.0,0,11294.25058211865,12211.45857600719,-0.07511043731423295,0.0
2025-03-24,SCORE_3,11294.25058211865,0.0,0,11294.25058211865,12211.45857600719,-0.07511043731423295,0.0
2025-03-25,SCORE_3,11294.25058211865,0.0,0,11294.25058211865,12211.45857600719,-0.07511043731423295,0.0
2025-03-26,SCORE_3,9035.40046569492,2213.673114095255,1,11249.073579790176,12211.45857600719,-0.07880999556497592,-0.0039999999999998925
2025-03-27,SCORE_3,11249.073579790176,0.0,0,11249.073579790176,12211.45857600719,-0.07880999556497592,0.0
2025-03-28,SCORE_3,11249.073579790176,0.0,0,11249.073579790176,12211.45857600719,-0.07880999556497592,0.0
2025-03-29,SCORE_3,11249.073579790176,0.0,0,11249.073579790176,12211.45857600719,-0.07880999556497592,0.0
2025-03-30,SCORE_3,11249.073579790176,0.0,0,11249.073579790176,12211.45857600719,-0.07880999556497592,0.0
2025-03-31,SCORE_3,11249.073579790176,0.0,0,11249.073579790176,12211.45857600719,-0.07880999556497592,0.0
2025-04-01,SCORE_3,11249.073579790176,0.0,0,11249.073579790176,12211.45857600719,-0.07880999556497592,0.0
2025-04-02,SCORE_3,11249.073579790176,0.0,0,11249.073579790176,12211.45857600719,-0.07880999556497592,0.0
2025-04-03,SCORE_3,11249.073579790176,0.0,0,11249.073579790176,12211.45857600719,-0.07880999556497592,0.0
2025-04-04,SCORE_3,11249.073579790176,0.0,0,11249.073579790176,12211.45857600719,-0.07880999556497592,0.0
2025-04-05,SCORE_3,11249.073579790176,0.0,0,11249.073579790176,12211.45857600719,-0.07880999556497592,0.0
2025-04-06,SCORE_3,11249.073579790176,0.0,0,11249.073579790176,12211.45857600719,-0.07880999556497592,0.0
2025-04-07,SCORE_3,6749.444147874106,4544.625726235232,2,11294.069874109338,12211.45857600719,-0.07512523554723571,0.004000000000000226
2025-04-08,SCORE_3,9035.25589928747,2213.63769532543,1,11248.893594612899,12211.45857600719,-0.07882473460504691,-0.004000000000000226
2025-04-09,SCORE_3,11248.893594612899,0.0,0,11248.893594612899,12211.45857600719,-0.07882473460504691,0.0
2025-04-10,SCORE_3,11248.893594612899,0.0,0,11248.893594612899,12211.45857600719,-0.07882473460504691,0.0
2025-04-11,SCORE_3,11248.893594612899,0.0,0,11248.893594612899,12211.45857600719,-0.07882473460504691,0.0
2025-04-12,SCORE_3,11248.893594612899,0.0,0,11248.893594612899,12211.45857600719,-0.07882473460504691,0.0
2025-04-13,SCORE_3,11248.893594612899,0.0,0,11248.893594612899,12211.45857600719,-0.07882473460504691,0.0
2025-04-14,SCORE_3,11248.893594612899,0.0,0,11248.893594612899,12211.45857600719,-0.07882473460504691,0.0
2025-04-15,SCORE_3,11248.893594612899,0.0,0,11248.893594612899,12211.45857600719,-0.07882473460504691,0.0
2025-04-16,SCORE_3,11248.893594612899,0.0,0,11248.893594612899,12211.45857600719,-0.07882473460504691,0.0
2025-04-17,SCORE_3,11248.893594612899,0.0,0,11248.893594612899,12211.45857600719,-0.07882473460504691,0.0
2025-04-18,SCORE_3,11248.893594612899,0.0,0,11248.893594612899,12211.45857600719,-0.07882473460504691,0.0
2025-04-19,SCORE_3,11248.893594612899,0.0,0,11248.893594612899,12211.45857600719,-0.07882473460504691,0.0
2025-04-20,SCORE_3,11248.893594612899,0.0,0,11248.893594612899,12211.45857600719,-0.07882473460504691,0.0
2025-04-21,SCORE_3,11248.893594612899,0.0,0,11248.893594612899,12211.45857600719,-0.07882473460504691,0.0
2025-04-22,SCORE_3,11248.893594612899,0.0,0,11248.893594612899,12211.45857600719,-0.07882473460504691,0.0
2025-04-23,SCORE_3,11248.893594612899,0.0,0,11248.893594612899,12211.45857600719,-0.07882473460504691,0.0
2025-04-24,SCORE_3,8999.114875690319,2204.783144544128,1,11203.898020234446,12211.45857600719,-0.08250943566662683,-0.0040000000000000036
2025-04-25,SCORE_3,11203.898020234446,0.0,0,11203.898020234446,12211.45857600719,-0.08250943566662683,0.0
2025-04-26,SCORE_3,11203.898020234446,0.0,0,11203.898020234446,12211.45857600719,-0.08250943566662683,0.0
2025-04-27,SCORE_3,11203.898020234446,0.0,0,11203.898020234446,12211.45857600719,-0.08250943566662683,0.0
2025-04-28,SCORE_3,11203.898020234446,0.0,0,11203.898020234446,12211.45857600719,-0.08250943566662683,0.0
2025-04-29,SCORE_3,11203.898020234446,0.0,0,11203.898020234446,12211.45857600719,-0.08250943566662683,0.0
2025-04-30,SCORE_3,11203.898020234446,0.0,0,11203.898020234446,12211.45857600719,-0.08250943566662683,0.0
2025-05-01,SCORE_3,11203.898020234446,0.0,0,11203.898020234446,12211.45857600719,-0.08250943566662683,0.0
2025-05-02,SCORE_3,11203.898020234446,0.0,0,11203.898020234446,12211.45857600719,-0.08250943566662683,0.0
2025-05-03,SCORE_3,11203.898020234446,0.0,0,11203.898020234446,12211.45857600719,-0.08250943566662683,0.0
2025-05-04,SCORE_3,11203.898020234446,0.0,0,11203.898020234446,12211.45857600719,-0.08250943566662683,0.0
2025-05-05,SCORE_3,11203.898020234446,0.0,0,11203.898020234446,12211.45857600719,-0.08250943566662683,0.0
2025-05-06,SCORE_3,11203.898020234446,0.0,0,11203.898020234446,12211.45857600719,-0.08250943566662683,0.0
2025-05-07,SCORE_3,8963.118416187557,2275.1402177915497,1,11238.258633979107,12211.45857600719,-0.07969563471641339,0.00306684456450812
2025-05-08,SCORE_3,8963.118416187557,2275.1402177915497,1,11238.258633979107,12211.45857600719,-0.07969563471641339,0.0
2025-05-09,SCORE_3,6722.338812140668,4471.1042297575,2,11193.443041898168,12211.45857600719,-0.0833655969737469,-0.003987770128855872
2025-05-10,SCORE_3,6722.338812140668,4471.1042297575,2,11193.443041898168,12211.45857600719,-0.0833655969737469,0.0
2025-05-11,SCORE_3,6722.338812140668,4471.1042297575,2,11193.443041898168,12211.45857600719,-0.0833655969737469,0.0
2025-05-12,SCORE_3,8918.302824106619,2275.1402177915497,1,11193.443041898168,12211.45857600719,-0.0833655969737469,0.0
2025-05-13,SCORE_3,6686.486338475917,4596.22936284748,2,11282.715701323397,12211.45857600719,-0.0760550321571386,0.007975442327358362
2025-05-14,SCORE_3,8961.626556267467,2321.0891450559297,1,11282.715701323397,12211.45857600719,-0.0760550321571386,0.0
2025-05-15,SCORE_3,11282.715701323397,0.0,0,11282.715701323397,12211.45857600719,-0.0760550321571386,0.0
2025-05-16,SCORE_3,9026.172561058718,2211.412277459386,1,11237.584838518105,12211.45857600719,-0.07975081202850987,-0.0039999999999998925
2025-05-17,SCORE_3,9026.172561058718,2211.412277459386,1,11237.584838518105,12211.45857600719,-0.07975081202850987,0.0
2025-05-18,SCORE_3,9026.172561058718,2211.412277459386,1,11237.584838518105,12211.45857600719,-0.07975081202850987,0.0
2025-05-19,SCORE_3,11237.584838518105,0.0,0,11237.584838518105,12211.45857600719,-0.07975081202850987,0.0
2025-05-20,SCORE_3,11237.584838518105,0.0,0,11237.584838518105,12211.45857600719,-0.07975081202850987,0.0
2025-05-21,SCORE_3,11237.584838518105,0.0,0,11237.584838518105,12211.45857600719,-0.07975081202850987,0.0
2025-05-22,SCORE_3,0.0,11305.493209438027,5,11305.493209438027,12211.45857600719,-0.07418977519599368,0.006042968475500121
2025-05-23,SCORE_3,4405.133256699097,6900.359952738931,3,11305.493209438027,12211.45857600719,-0.07418977519599368,0.0
2025-05-24,SCORE_3,4405.133256699097,6900.359952738931,3,11305.493209438027,12211.45857600719,-0.07418977519599368,0.0
2025-05-25,SCORE_3,4405.133256699097,6900.359952738931,3,11305.493209438027,12211.45857600719,-0.07418977519599368,0.0
2025-05-26,SCORE_3,4405.133256699097,6900.359952738931,3,11305.493209438027,12211.45857600719,-0.07418977519599368,0.0
2025-05-27,SCORE_3,2175.596424737105,9085.306048061684,4,11260.902472798789,12211.45857600719,-0.07784132397386445,-0.003944165532027699
2025-05-28,SCORE_3,2175.596424737105,9085.306048061684,4,11260.902472798789,12211.45857600719,-0.07784132397386445,0.0
2025-05-29,SCORE_3,4360.5425200598565,6900.359952738931,3,11260.902472798787,12211.45857600719,-0.07784132397386456,-1.1102230246251565e-16
2025-05-30,SCORE_3,11260.902472798785,0.0,0,11260.902472798785,12211.45857600719,-0.07784132397386467,-1.1102230246251565e-16
2025-05-31,SCORE_3,11260.902472798785,0.0,0,11260.902472798785,12211.45857600719,-0.07784132397386467,0.0
2025-06-01,SCORE_3,11260.902472798785,0.0,0,11260.902472798785,12211.45857600719,-0.07784132397386467,0.0
2025-06-02,SCORE_3,6756.54148367927,4549.40459901071,2,11305.94608268998,12211.45857600719,-0.07415268926976026,0.0040000000000000036
2025-06-03,SCORE_3,9044.756866151984,2351.636785199516,1,11396.3936513515,12211.45857600719,-0.06674591078391823,0.008000000000000007
2025-06-04,SCORE_3,9044.756866151984,2351.636785199516,1,11396.3936513515,12211.45857600719,-0.06674591078391823,0.0
2025-06-05,SCORE_3,11396.3936513515,0.0,0,11396.3936513515,12211.45857600719,-0.06674591078391823,0.0
2025-06-06,SCORE_3,9117.1149210812,2233.6931556648938,1,11350.808076746094,12211.45857600719,-0.07047892714078263,-0.0040000000000000036
2025-06-07,SCORE_3,9117.1149210812,2233.6931556648938,1,11350.808076746094,12211.45857600719,-0.07047892714078263,0.0
2025-06-08,SCORE_3,9117.1149210812,2233.6931556648938,1,11350.808076746094,12211.45857600719,-0.07047892714078263,0.0
2025-06-09,SCORE_3,11350.808076746094,0.0,0,11350.808076746094,12211.45857600719,-0.07047892714078263,0.0
2025-06-10,SCORE_3,11350.808076746094,0.0,0,11350.808076746094,12211.45857600719,-0.07047892714078263,0.0
2025-06-11,SCORE_3,9080.646461396875,2224.7583830422345,1,11305.404844439108,12211.45857600719,-0.07419701143221957,-0.004000000000000115
2025-06-12,SCORE_3,6810.484846047655,4472.516421614384,2,11283.001267662039,12211.45857600719,-0.07603164704414289,-0.001981669571796796
2025-06-13,SCORE_3,4513.081291314247,6950.80645385882,3,11463.887745173066,12211.45857600719,-0.06121879922705831,0.01603176967013753
2025-06-14,SCORE_3,4513.081291314247,6950.80645385882,3,11463.887745173066,12211.45857600719,-0.06121879922705831,0.0
2025-06-15,SCORE_3,4513.081291314247,6950.80645385882,3,11463.887745173066,12211.45857600719,-0.06121879922705831,0.0
2025-06-16,SCORE_3,4585.435882318658,6832.868470521631,3,11418.304352840289,12211.45857600719,-0.06495163687696348,-0.0039762594807307705
2025-06-17,SCORE_3,4548.969168452434,6823.934125624406,3,11372.903294076841,12211.45857600719,-0.06866954317626917,-0.003976164705414731
2025-06-18,SCORE_3,2251.675595021997,9302.105517168418,4,11553.781112190416,12211.45857600719,-0.053857404479835336,0.015904278216080314
2025-06-19,SCORE_3,2251.675595021997,9302.105517168418,4,11553.781112190416,12211.45857600719,-0.053857404479835336,0.0
2025-06-20,SCORE_3,4499.433633594146,7054.347478596269,3,11553.781112190416,12211.45857600719,-0.053857404479835336,0.0
2025-06-21,SCORE_3,4499.433633594146,7054.347478596269,3,11553.781112190416,12211.45857600719,-0.053857404479835336,0.0
2025-06-22,SCORE_3,4499.433633594146,7054.347478596269,3,11553.781112190416,12211.45857600719,-0.053857404479835336,0.0
2025-06-23,SCORE_3,4576.377182422113,6931.9123165919955,3,11508.289499014109,12211.45857600719,-0.05758272630713035,-0.00393737883161982
2025-06-24,SCORE_3,4589.737627554712,6962.626946680339,3,11552.36457423505,12211.45857600719,-0.053973405197239255,0.003829854577843017
2025-06-25,SCORE_3,2306.1675095632477,9318.966926073375,4,11625.134435636623,12211.45857600719,-0.04801425945321258,0.006299131310646855
2025-06-26,SCORE_3,4657.579145039714,6967.555290596909,3,11625.134435636623,12211.45857600719,-0.04801425945321258,0.0
2025-06-27,SCORE_3,4657.579145039714,6967.555290596909,3,11625.134435636623,12211.45857600719,-0.04801425945321258,0.0
2025-06-28,SCORE_3,4657.579145039714,6967.555290596909,3,11625.134435636623,12211.45857600719,-0.04801425945321258,0.0
2025-06-29,SCORE_3,4657.579145039714,6967.555290596909,3,11625.134435636623,12211.45857600719,-0.04801425945321258,0.0
2025-06-30,SCORE_3,4657.579145039714,6967.555290596909,3,11625.134435636623,12211.45857600719,-0.04801425945321258,0.0
2025-07-01,SCORE_3,9268.794456243586,2356.3399793930375,1,11625.134435636624,12211.45857600719,-0.04801425945321247,2.220446049250313e-16
2025-07-02,SCORE_3,2325.026887127323,9478.319906975888,4,11803.34679410321,12211.45857600719,-0.03342039604554925,0.015329918071336879
2025-07-03,SCORE_3,7161.082812352159,4642.263981751052,2,11803.34679410321,12211.45857600719,-0.03342039604554925,0.0
2025-07-04,SCORE_3,7161.082812352159,4642.263981751052,2,11803.34679410321,12211.45857600719,-0.03342039604554925,0.0
2025-07-05,SCORE_3,7161.082812352159,4642.263981751052,2,11803.34679410321,12211.45857600719,-0.03342039604554925,0.0
2025-07-06,SCORE_3,7161.082812352159,4642.263981751052,2,11803.34679410321,12211.45857600719,-0.03342039604554925,0.0
2025-07-07,SCORE_3,7161.082812352159,4642.263981751052,2,11803.34679410321,12211.45857600719,-0.03342039604554925,0.0
2025-07-08,SCORE_3,7086.681951964085,4675.780693246956,2,11762.46264521104,12211.45857600719,-0.03676841124272623,-0.003463775961627724
2025-07-09,SCORE_3,27.900322645525648,11770.478006513807,5,11798.378329159334,12211.45857600719,-0.033827265127809314,0.0030534153460555213
2025-07-10,SCORE_3,2391.6379550117986,9406.740374147534,4,11798.378329159332,12211.45857600719,-0.033827265127809425,-1.1102230246251565e-16
2025-07-11,SCORE_3,30.968596191156394,11720.196345791763,5,11751.16494198292,12211.45857600719,-0.037693583543627285,-0.0040016844568991905
2025-07-12,SCORE_3,2344.424567835386,9406.740374147534,4,11751.16494198292,12211.45857600719,-0.037693583543627285,0.0
2025-07-13,SCORE_3,2344.424567835386,9406.740374147534,4,11751.16494198292,12211.45857600719,-0.037693583543627285,0.0
2025-07-14,SCORE_3,4791.468865999153,6959.696075983767,3,11751.16494198292,12211.45857600719,-0.037693583543627285,0.0
2025-07-15,SCORE_3,7056.919032011215,4647.196678762784,2,11704.115710774,12211.45857600719,-0.041546459178103956,-0.004003792938079509
2025-07-16,SCORE_3,4698.237404743735,7147.779442006922,3,11846.016846750657,12211.45857600719,-0.02992613265499211,0.01212403734577161
2025-07-17,SCORE_3,4698.237404743735,7147.779442006922,3,11846.016846750657,12211.45857600719,-0.02992613265499211,0.0
2025-07-18,SCORE_3,4662.826591826031,7136.373792081529,3,11799.20038390756,12211.45857600719,-0.03375994681827976,-0.003952084776575271
2025-07-19,SCORE_3,4662.826591826031,7136.373792081529,3,11799.20038390756,12211.45857600719,-0.03375994681827976,0.0
2025-07-20,SCORE_3,4662.826591826031,7136.373792081529,3,11799.20038390756,12211.45857600719,-0.03375994681827976,0.0
2025-07-21,SCORE_3,6956.833271137735,4842.367112769825,2,11799.20038390756,12211.45857600719,-0.03375994681827976,0.0
2025-07-22,SCORE_3,6956.833271137735,4842.367112769825,2,11799.20038390756,12211.45857600719,-0.03375994681827976,0.0
2025-07-23,SCORE_3,9439.360307126048,2454.233679852773,1,11893.59398697882,12211.45857600719,-0.026030026392826144,0.008000000000000007
2025-07-24,SCORE_3,9439.360307126048,2454.233679852773,1,11893.59398697882,12211.45857600719,-0.026030026392826144,0.0
2025-07-25,SCORE_3,9439.360307126048,2454.233679852773,1,11893.59398697882,12211.45857600719,-0.026030026392826144,0.0
2025-07-26,SCORE_3,9439.360307126048,2454.233679852773,1,11893.59398697882,12211.45857600719,-0.026030026392826144,0.0
2025-07-27,SCORE_3,9439.360307126048,2454.233679852773,1,11893.59398697882,12211.45857600719,-0.026030026392826144,0.0
2025-07-28,SCORE_3,11893.59398697882,0.0,0,11893.59398697882,12211.45857600719,-0.026030026392826144,0.0
2025-07-29,SCORE_3,9514.875189583056,2331.1444214478483,1,11846.019611030904,12211.45857600719,-0.029925906287254778,-0.0040000000000000036
2025-07-30,SCORE_3,9476.815688824723,2321.819843762057,1,11798.63553258678,12211.45857600719,-0.033806202662105767,-0.0040000000000000036
2025-07-31,SCORE_3,9438.908426069425,2312.532564387009,1,11751.440990456435,12211.45857600719,-0.03767097785145734,-0.0039999999999998925
2025-08-01,SCORE_3,2350.288198091287,9707.189730012595,4,12057.477928103883,12211.45857600719,-0.012609521372479171,0.026042503033967268
2025-08-02,SCORE_3,2350.288198091287,9707.189730012595,4,12057.477928103883,12211.45857600719,-0.012609521372479171,0.0
2025-08-03,SCORE_3,2350.288198091287,9707.189730012595,4,12057.477928103883,12211.45857600719,-0.012609521372479171,0.0
2025-08-04,SCORE_3,56.406916754191116,12048.452821423212,5,12104.859738177403,12211.45857600719,-0.008729410755176192,0.003929661771395976
2025-08-05,SCORE_3,4964.560766592188,7140.2989715852145,3,12104.859738177402,12211.45857600719,-0.008729410755176414,-1.1102230246251565e-16
2025-08-06,SCORE_3,4964.560766592188,7140.2989715852145,3,12104.859738177402,12211.45857600719,-0.008729410755176414,0.0
2025-08-07,SCORE_3,7286.269460194685,4818.590277982717,2,12104.859738177402,12211.45857600719,-0.008729410755176414,0.0
2025-08-08,SCORE_3,7262.915842906443,4745.105017365543,2,12008.020860271987,12211.45857600719,-0.016659575469134658,-0.007999999999999674
2025-08-09,SCORE_3,7262.915842906443,4745.105017365543,2,12008.020860271987,12211.45857600719,-0.016659575469134658,0.0
2025-08-10,SCORE_3,7262.915842906443,4745.105017365543,2,12008.020860271987,12211.45857600719,-0.016659575469134658,0.0
2025-08-11,SCORE_3,9635.468351589214,2372.5525086827715,1,12008.020860271985,12211.45857600719,-0.01665957546913477,-1.1102230246251565e-16
2025-08-12,SCORE_3,9635.468351589214,2372.5525086827715,1,12008.020860271985,12211.45857600719,-0.01665957546913477,0.0
2025-08-13,SCORE_3,12008.020860271985,0.0,0,12008.020860271985,12211.45857600719,-0.01665957546913477,0.0
2025-08-14,SCORE_3,4803.208344108793,7060.7162658399275,3,11863.92460994872,12211.45857600719,-0.02845966056350513,-0.01200000000000001
2025-08-15,SCORE_3,7156.780432722103,4707.144177226618,2,11863.92460994872,12211.45857600719,-0.02845966056350513,0.0
2025-08-16,SCORE_3,7156.780432722103,4707.144177226618,2,11863.92460994872,12211.45857600719,-0.02845966056350513,0.0
2025-08-17,SCORE_3,7156.780432722103,4707.144177226618,2,11863.92460994872,12211.45857600719,-0.02845966056350513,0.0
2025-08-18,SCORE_3,2372.7849219897435,9449.83911517344,4,11822.624037163183,12211.45857600719,-0.031841776838024916,-0.00348118975325451
2025-08-19,SCORE_3,2343.965671925091,9431.010538464534,4,11774.976210389625,12211.45857600719,-0.03574367164256331,-0.004030224307546515
2025-08-20,SCORE_3,0.0,11776.316497645965,5,11776.316497645965,12211.45857600719,-0.035633915117738835,0.00011382505003765253
2025-08-21,SCORE_3,6919.953826364141,4856.362671281823,2,11776.316497645963,12211.45857600719,-0.03563391511773906,-1.1102230246251565e-16
2025-08-22,SCORE_3,9377.779359957996,2398.5371376879666,1,11776.316497645963,12211.45857600719,-0.03563391511773906,0.0
2025-08-23,SCORE_3,9377.779359957996,2398.5371376879666,1,11776.316497645963,12211.45857600719,-0.03563391511773906,0.0
2025-08-24,SCORE_3,9377.779359957996,2398.5371376879666,1,11776.316497645963,12211.45857600719,-0.03563391511773906,0.0
2025-08-25,SCORE_3,11776.316497645963,0.0,0,11776.316497645963,12211.45857600719,-0.03563391511773906,0.0
2025-08-26,SCORE_3,11776.316497645963,0.0,0,11776.316497645963,12211.45857600719,-0.03563391511773906,0.0
2025-08-27,SCORE_3,11776.316497645963,0.0,0,11776.316497645963,12211.45857600719,-0.03563391511773906,0.0
2025-08-28,SCORE_3,11776.316497645963,0.0,0,11776.316497645963,12211.45857600719,-0.03563391511773906,0.0
2025-08-29,SCORE_3,11776.316497645963,0.0,0,11776.316497645963,12211.45857600719,-0.03563391511773906,0.0
2025-08-30,SCORE_3,11776.316497645963,0.0,0,11776.316497645963,12211.45857600719,-0.03563391511773906,0.0
2025-08-31,SCORE_3,11776.316497645963,0.0,0,11776.316497645963,12211.45857600719,-0.03563391511773906,0.0
2025-09-01,SCORE_3,11776.316497645963,0.0,0,11776.316497645963,12211.45857600719,-0.03563391511773906,0.0
2025-09-02,SCORE_3,2355.2632995291906,9586.154031582437,4,11941.417331111628,12211.45857600719,-0.022113758419172957,0.014019734736126388
2025-09-03,SCORE_3,2468.3159379065914,9467.845910021955,4,11936.161847928546,12211.45857600719,-0.022544131511000653,-0.00044010547804818057
2025-09-04,SCORE_3,75.36842558493208,11812.93447209718,5,11888.302897682112,12211.45857600719,-0.026463315279962374,-0.004009576181705388
2025-09-05,SCORE_3,4728.615021198767,7159.6878764833455,3,11888.302897682112,12211.45857600719,-0.026463315279962374,0.0
2025-09-06,SCORE_3,4728.615021198767,7159.6878764833455,3,11888.302897682112,12211.45857600719,-0.026463315279962374,0.0
2025-09-07,SCORE_3,4728.615021198767,7159.6878764833455,3,11888.302897682112,12211.45857600719,-0.026463315279962374,0.0
2025-09-08,SCORE_3,0.0,12034.932045694091,5,12034.932045694091,12211.45857600719,-0.01445581043528521,0.01233390074882501
2025-09-09,SCORE_3,0.3366588500684884,12015.219052403172,5,12015.55571125324,12211.45857600719,-0.016042544265666536,-0.0016100077979072092
2025-09-10,SCORE_3,2403.3156207738843,9707.346513660814,4,12110.662134434699,12211.45857600719,-0.008254250787906203,0.007915274621246748
2025-09-11,SCORE_3,82.7188951463354,12075.876876571816,5,12158.595771718152,12211.45857600719,-0.00432895087511509,0.003957969989696997
2025-09-12,SCORE_3,4880.313888245087,7278.281883473064,3,12158.595771718152,12211.45857600719,-0.00432895087511509,0.0
2025-09-13,SCORE_3,4880.313888245087,7278.281883473064,3,12158.595771718152,12211.45857600719,-0.00432895087511509,0.0
2025-09-14,SCORE_3,4880.313888245087,7278.281883473064,3,12158.595771718152,12211.45857600719,-0.00432895087511509,0.0
2025-09-15,SCORE_3,9799.260429985963,2359.335341732188,1,12158.595771718152,12211.45857600719,-0.00432895087511509,0.0
2025-09-16,SCORE_3,12158.595771718152,0.0,0,12158.595771718152,12211.45857600719,-0.00432895087511509,0.0
2025-09-17,SCORE_3,12158.595771718152,0.0,0,12158.595771718152,12211.45857600719,-0.00432895087511509,0.0
2025-09-18,SCORE_3,9726.87661737452,2383.0847712567584,1,12109.96138863128,12211.45857600719,-0.008311635071614587,-0.0039999999999998925
2025-09-19,SCORE_3,9687.969110905024,2373.5524321717307,1,12061.521543076755,12211.45857600719,-0.012278388531328122,-0.0040000000000000036
2025-09-20,SCORE_3,9687.969110905024,2373.5524321717307,1,12061.521543076755,12211.45857600719,-0.012278388531328122,0.0
2025-09-21,SCORE_3,9687.969110905024,2373.5524321717307,1,12061.521543076755,12211.45857600719,-0.012278388531328122,0.0
2025-09-22,SCORE_3,9687.969110905024,2373.5524321717307,1,12061.521543076755,12211.45857600719,-0.012278388531328122,0.0
2025-09-23,SCORE_3,12061.521543076755,0.0,0,12061.521543076755,12211.45857600719,-0.012278388531328122,0.0
2025-09-24,SCORE_3,12061.521543076755,0.0,0,12061.521543076755,12211.45857600719,-0.012278388531328122,0.0
2025-09-25,SCORE_3,12061.521543076755,0.0,0,12061.521543076755,12211.45857600719,-0.012278388531328122,0.0
2025-09-26,SCORE_3,12061.521543076755,0.0,0,12061.521543076755,12211.45857600719,-0.012278388531328122,0.0
2025-09-27,SCORE_3,12061.521543076755,0.0,0,12061.521543076755,12211.45857600719,-0.012278388531328122,0.0
2025-09-28,SCORE_3,12061.521543076755,0.0,0,12061.521543076755,12211.45857600719,-0.012278388531328122,0.0
2025-09-29,SCORE_3,12061.521543076755,0.0,0,12061.521543076755,12211.45857600719,-0.012278388531328122,0.0
2025-09-30,SCORE_3,4824.608617230701,7092.174667329133,3,11916.783284559835,12211.45857600719,-0.024131047868952038,-0.0119999999999999
2025-10-01,SCORE_3,4824.608617230701,7092.174667329133,3,11916.783284559835,12211.45857600719,-0.024131047868952038,0.0
2025-10-02,SCORE_3,4786.011748292856,7176.683742406281,3,11962.695490699138,12211.45857600719,-0.020371283557954034,0.003852734839844718
2025-10-03,SCORE_3,2383.3566569119666,9531.285731959553,4,11914.64238887152,12211.45857600719,-0.02430636645804518,-0.004016912564979935
2025-10-04,SCORE_3,2383.3566569119666,9531.285731959553,4,11914.64238887152,12211.45857600719,-0.02430636645804518,0.0
2025-10-05,SCORE_3,2383.3566569119666,9531.285731959553,4,11914.64238887152,12211.45857600719,-0.02430636645804518,0.0
2025-10-06,SCORE_3,4737.958646465238,7176.683742406281,3,11914.64238887152,12211.45857600719,-0.02430636645804518,0.0
2025-10-07,SCORE_3,7092.329054804884,4774.8384133357085,2,11867.167468140593,12211.45857600719,-0.02819410193496885,-0.003984586291508774
2025-10-08,SCORE_3,9418.600170620399,2448.5672975201937,1,11867.167468140593,12211.45857600719,-0.02819410193496885,0.0
2025-10-09,SCORE_3,11867.167468140593,0.0,0,11867.167468140593,12211.45857600719,-0.02819410193496885,0.0
2025-10-10,SCORE_3,11867.167468140593,0.0,0,11867.167468140593,12211.45857600719,-0.02819410193496885,0.0
2025-10-11,SCORE_3,11867.167468140593,0.0,0,11867.167468140593,12211.45857600719,-0.02819410193496885,0.0
2025-10-12,SCORE_3,11867.167468140593,0.0,0,11867.167468140593,12211.45857600719,-0.02819410193496885,0.0
2025-10-13,SCORE_3,4746.866987256235,7375.342137269043,3,12122.209124525278,12211.45857600719,-0.007308664311179602,0.021491367427769692
2025-10-14,SCORE_3,7215.237820629479,4906.971303895798,2,12122.209124525278,12211.45857600719,-0.007308664311179602,0.0
2025-10-15,SCORE_3,4822.8168590523355,7251.543846241399,3,12074.360705293733,12211.45857600719,-0.011226985692177949,-0.003947169920929583
2025-10-16,SCORE_3,7167.389401397935,4906.971303895798,2,12074.360705293733,12211.45857600719,-0.011226985692177949,0.0
2025-10-17,SCORE_3,2401.6868459362654,9700.781545335694,4,12102.46839127196,12211.45857600719,-0.008925238869447738,0.0023278819197360967
2025-10-18,SCORE_3,2401.6868459362654,9700.781545335694,4,12102.46839127196,12211.45857600719,-0.008925238869447738,0.0
2025-10-19,SCORE_3,2401.6868459362654,9700.781545335694,4,12102.46839127196,12211.45857600719,-0.008925238869447738,0.0
2025-10-20,SCORE_3,4893.786008773317,7271.062360974576,3,12164.848369747893,12211.45857600719,-0.003816923749868417,0.005154318644692513
2025-10-21,SCORE_3,7228.980260949535,4935.868108798359,2,12164.848369747893,12211.45857600719,-0.003816923749868417,0.0
2025-10-22,SCORE_3,4823.639525001711,7437.422474184095,3,12261.061999185808,12261.061999185808,0.0,0.00790915155812244
2025-10-23,SCORE_3,12.958053106064654,12440.531204955569,5,12453.489258061632,12453.489258061632,0.0,0.015694175503606633
2025-10-24,SCORE_3,2471.5740423697434,9981.91521569189,4,12453.489258061632,12453.489258061632,0.0,0.0
2025-10-25,SCORE_3,2471.5740423697434,9981.91521569189,4,12453.489258061632,12453.489258061632,0.0,0.0
2025-10-26,SCORE_3,2471.5740423697434,9981.91521569189,4,12453.489258061632,12453.489258061632,0.0,0.0
2025-10-27,SCORE_3,5009.024641226408,7493.893719349719,3,12502.918360576126,12502.918360576126,0.0,0.003969096651566639
2025-10-28,SCORE_3,10001.36399519039,2501.554365385736,1,12502.918360576126,12502.918360576126,0.0,0.0
2025-10-29,SCORE_3,10002.334688460902,2450.5719986729214,1,12452.906687133824,12502.918360576126,-0.0039999999999998925,-0.0039999999999998925
2025-10-30,SCORE_3,2490.5813374267636,9890.376309732612,4,12380.957647159375,12502.918360576126,-0.009754579682877407,-0.005777690444656147
2025-10-31,SCORE_3,0.0,12282.330626197276,5,12282.330626197276,12502.918360576126,-0.017642899682877355,-0.007966025227840734
2025-11-01,SCORE_3,4832.724027142893,7449.606599054383,3,12282.330626197276,12502.918360576126,-0.017642899682877355,0.0
2025-11-02,SCORE_3,4832.724027142893,7449.606599054383,3,12282.330626197276,12502.918360576126,-0.017642899682877355,0.0
2025-11-03,SCORE_3,7273.493737821122,5008.836888376154,2,12282.330626197276,12502.918360576126,-0.017642899682877355,0.0
2025-11-04,SCORE_3,7273.493737821122,5008.836888376154,2,12282.330626197276,12502.918360576126,-0.017642899682877355,0.0
2025-11-05,SCORE_3,2371.631172751261,9812.662202144616,4,12184.293374895879,12502.918360576126,-0.025484049122877384,-0.007981974617446874
2025-11-06,SCORE_3,7335.71831790233,4823.384835859935,2,12159.103153762266,12502.918360576126,-0.027498796432836814,-0.0020674338969475237
2025-11-07,SCORE_3,4863.91362482821,7197.715181934887,3,12061.628806763098,12502.918360576126,-0.0352949240398539,-0.008016573736279842
2025-11-08,SCORE_3,9640.156627787394,2421.4721789757036,1,12061.628806763098,12502.918360576126,-0.0352949240398539,0.0
2025-11-09,SCORE_3,9640.156627787394,2421.4721789757036,1,12061.628806763098,12502.918360576126,-0.0352949240398539,0.0
2025-11-10,SCORE_3,4805.42901662871,7159.505237911213,3,11964.934254539923,12502.918360576126,-0.04302868262601478,-0.008016707674585066
2025-11-11,SCORE_3,2388.0652110493684,9593.200152984844,4,11981.265364034212,12502.918360576126,-0.041722498819697695,0.0013649142692191418
2025-11-12,SCORE_3,2349.387390160099,9728.185747888394,4,12077.573138048494,12502.918360576126,-0.03401967526788141,0.008038197226094557
2025-11-13,SCORE_3,9643.878222974863,2433.6949150736305,1,12077.573138048494,12502.918360576126,-0.03401967526788141,0.0
2025-11-14,SCORE_3,0.0,11884.695573588995,5,11884.695573588995,12502.918360576126,-0.0494462787933172,-0.01596989413807548
2025-11-15,SCORE_3,4722.9937833221165,7161.701790266879,3,11884.695573588995,12502.918360576126,-0.0494462787933172,0.0
2025-11-16,SCORE_3,4722.9937833221165,7161.701790266879,3,11884.695573588995,12502.918360576126,-0.0494462787933172,0.0
2025-11-17,SCORE_3,4703.675334476957,7133.353801383203,3,11837.02913586016,12502.918360576126,-0.053258703729173296,-0.004010741161495246
2025-11-18,SCORE_3,4750.782141209945,7181.710518983841,3,11932.492660193786,12502.918360576126,-0.04562340438701029,0.00806482126874375
2025-11-19,SCORE_3,4750.782141209945,7181.710518983841,3,11932.492660193786,12502.918360576126,-0.04562340438701029,0.0
2025-11-20,SCORE_3,9568.489222597162,2364.003437596624,1,11932.492660193786,12502.918360576126,-0.04562340438701029,0.0
2025-11-21,SCORE_3,11932.492660193786,0.0,0,11932.492660193786,12502.918360576126,-0.04562340438701029,0.0
2025-11-22,SCORE_3,11932.492660193786,0.0,0,11932.492660193786,12502.918360576126,-0.04562340438701029,0.0
2025-11-23,SCORE_3,11932.492660193786,0.0,0,11932.492660193786,12502.918360576126,-0.04562340438701029,0.0
2025-11-24,SCORE_3,11932.492660193786,0.0,0,11932.492660193786,12502.918360576126,-0.04562340438701029,0.0
2025-11-25,SCORE_3,9545.99412815503,2338.768561397982,1,11884.762689553012,12502.918360576126,-0.04944091076946211,-0.0039999999999998925
2025-11-26,SCORE_3,9545.99412815503,2338.768561397982,1,11884.762689553012,12502.918360576126,-0.04944091076946211,0.0
2025-11-27,SCORE_3,9545.99412815503,2338.768561397982,1,11884.762689553012,12502.918360576126,-0.04944091076946211,0.0
2025-11-28,SCORE_3,11884.762689553012,0.0,0,11884.762689553012,12502.918360576126,-0.04944091076946211,0.0
2025-11-29,SCORE_3,11884.762689553012,0.0,0,11884.762689553012,12502.918360576126,-0.04944091076946211,0.0
2025-11-30,SCORE_3,11884.762689553012,0.0,0,11884.762689553012,12502.918360576126,-0.04944091076946211,0.0
2025-12-01,SCORE_3,11884.762689553012,0.0,0,11884.762689553012,12502.918360576126,-0.04944091076946211,0.0
2025-12-02,SCORE_3,9507.81015164241,2431.642925084425,1,11939.453076726835,12502.918360576126,-0.045066701037255075,0.004601723114076028
2025-12-03,SCORE_3,9507.81015164241,2431.642925084425,1,11939.453076726835,12502.918360576126,-0.045066701037255075,0.0
2025-12-04,SCORE_3,9507.81015164241,2431.642925084425,1,11939.453076726835,12502.918360576126,-0.045066701037255075,0.0
2025-12-05,SCORE_3,7130.857613731808,4903.673564511451,2,12034.531178243258,12502.918360576126,-0.03746222832341084,0.007963354845939685
2025-12-06,SCORE_3,7130.857613731808,4903.673564511451,2,12034.531178243258,12502.918360576126,-0.03746222832341084,0.0
2025-12-07,SCORE_3,7130.857613731808,4903.673564511451,2,12034.531178243258,12502.918360576126,-0.03746222832341084,0.0
2025-12-08,SCORE_3,7130.857613731808,4903.673564511451,2,12034.531178243258,12502.918360576126,-0.03746222832341084,0.0
2025-12-09,SCORE_3,7174.609923470865,4812.163442465486,2,11986.773365936351,12502.918360576126,-0.04128196151926178,-0.003968398236671389
2025-12-10,SCORE_3,7239.73432724924,4795.587036424366,2,12035.321363673605,12502.918360576126,-0.03739902824423258,0.004050130611062963
2025-12-11,SCORE_3,9579.8671302877,2455.4542333859067,1,12035.321363673605,12502.918360576126,-0.03739902824423258,0.0
2025-12-12,SCORE_3,9579.8671302877,2455.4542333859067,1,12035.321363673605,12502.918360576126,-0.03739902824423258,0.0
2025-12-13,SCORE_3,9579.8671302877,2455.4542333859067,1,12035.321363673605,12502.918360576126,-0.03739902824423258,0.0
2025-12-14,SCORE_3,9579.8671302877,2455.4542333859067,1,12035.321363673605,12502.918360576126,-0.03739902824423258,0.0
2025-12-15,SCORE_3,7182.512457100429,4804.861813109432,2,11987.37427020986,12502.918360576126,-0.041233900398155554,-0.003983864827113326
2025-12-16,SCORE_3,4785.157783913159,7261.9573721316465,3,12047.115156044805,12502.918360576126,-0.036455745081768076,0.004983650671807949
2025-12-17,SCORE_3,2397.5950348966735,9595.381175323071,4,11992.976210219746,12502.918360576126,-0.04078584980322009,-0.00449393445018198
2025-12-18,SCORE_3,0.12018085470117512,11944.906532284203,5,11945.026713138905,12502.918360576126,-0.044620914201627615,-0.0039981315930553984
2025-12-19,SCORE_3,9556.021370511122,2375.8265471517357,1,11931.847917662857,12502.918360576126,-0.045674971750111815,-0.0011032872334686417
