Ticker,Date,Entry_Date,Exit_Date,Signal_Drop,ATR_Pct,Drop_ATR_Ratio,Volume_Ratio,Distance_SMA20,Distance_SMA50,Distance_SMA200,Return_3D,Return_5D,Return_10D,Negative_Days_5,SPY_Return,SPY_Distance_SMA50,SPY_Volume_Ratio,Entry_Price,Exit_Price,PnL_Pct,PnL_Dollars,Holding_Days,Days_Held,Exit,Exit_Reason,Score,Score_Level,Year
MRK,2018-10-24,2018-10-25,2018-10-25,-0.021636808374064,0.0221556757339553,0.9765808379702852,1.4526136928070097,-0.008754853166393,0.0082750122536814,0.1519900805266525,-0.0250176226126015,-0.017822743722048,0.0012772776455451,2.0,-0.030298502287236,-0.0702788264078888,1.5018160478116966,50.32529056623414,52.3383021888835,0.04,80.00000000000007,0,0,TP,TP,2,LOW,2018
AMT,2018-10-26,2018-10-29,2018-10-30,-0.0254054354087529,0.0216515107277526,1.1733793418945362,1.7918164360628293,0.0211729224494277,0.0188920432605339,0.0583653710034905,-0.008220148062806,-0.0035961653416428,0.0532208011191055,2.0,-0.0175874860930261,-0.068423553251364,1.563694202788598,122.37816212001071,127.27328860481114,0.04,80.00000000000009,1,1,TP,TP,5,HIGH,2018
DUK,2018-10-26,2018-10-29,2018-11-05,-0.0209229283374315,0.0201489760678991,1.0384114938111144,1.2209553518936394,0.0061371321536467,0.0086193110888372,0.0581314076431735,-0.0049818721137088,-0.010392591921954,0.0237528858309437,4.0,-0.0175874860930261,-0.068423553251364,1.563694202788598,59.72998237323968,60.81412887573242,0.0181507922724326,36.30158454486532,5,5,TIME,TIME,5,HIGH,2018
AMT,2018-10-31,2018-11-01,2018-11-01,-0.0319357113581091,0.0256998375890816,1.2426425360632156,1.5627053206918506,0.0500492408114683,0.0581157845936022,0.0994688404835471,0.0414409551645891,0.0252681791855897,0.0622446438617687,2.0,0.0106808559523823,-0.0464036575638084,0.9002256979327296,127.12900293668795,124.5864228779542,-0.02,-40.00000000000004,0,0,SL,SL,4,HIGH,2018
WMT,2018-10-31,2018-11-01,2018-11-07,-0.0208940908528618,0.018875709201926,1.1069301094514583,1.2521136873703729,0.0357309893974675,0.0451689825131469,0.1078038022430565,0.0135432739163792,0.0278801812802802,0.0385251392095937,2.0,0.0106808559523823,-0.0464036575638084,0.9002256979327296,29.660270973101696,30.846681812025764,0.04,80.00000000000007,4,4,TP,TP,4,HIGH,2018
ORCL,2018-11-19,2018-11-20,2018-11-27,-0.0316590732739775,0.0204410906495148,1.5487956986643896,1.0914313095218793,0.0108427669845956,0.0089296639815357,0.0391801886287617,0.0145372543611763,0.0067044121592465,0.0108119940854458,2.0,-0.0169146717608761,-0.0400795098615589,0.8542342081588382,43.44479458429635,42.57589869261042,-0.0200000000000001,-40.00000000000026,4,4,SL,SL,4,HIGH,2018
AMT,2018-11-20,2018-11-21,2018-11-29,-0.0336281705455534,0.0180750221904573,1.860477414147094,1.2729177966445653,0.0177424308637244,0.0665426428759825,0.1228684339585575,-0.0091903597177994,-0.0041537959792204,0.0286880408523189,2.0,-0.0185060531810823,-0.0562530178864858,1.1322701483183135,130.40997979292027,132.14793395996094,0.013326849446648,26.653698893296163,5,5,TIME,TIME,5,HIGH,2018
KO,2018-11-20,2018-11-21,2018-11-29,-0.0223718598945197,0.0129462529286427,1.7280567603482777,1.0189714502068778,0.0156942038267111,0.0506473279666412,0.1136091065547681,-0.0072375060972346,-0.0096269434631371,0.0054978611611964,3.0,-0.0185060531810823,-0.0562530178864858,1.1322701483183135,38.86436116373893,38.97275924682617,0.0027891384250613,5.578276850122688,5,5,TIME,TIME,5,HIGH,2018
JNJ,2018-11-21,2018-11-23,2018-11-29,-0.0304539135711706,0.0174458696977654,1.7456231244849538,1.322020792551169,-0.0058812134938361,0.0112181133790105,0.0897065106296994,-0.0273993187737928,-0.0156675861438747,-0.0190675430686526,2.0,0.0034077292399616,-0.0514917066963012,0.6569651677709157,113.95529417174144,118.51350593861108,0.04,80.00000000000009,4,4,TP,TP,4,HIGH,2018
PEP,2018-12-03,2018-12-04,2018-12-06,-0.0242741580775845,0.0188387020800658,1.2885260340344915,1.454674396245633,0.0167709885787117,0.0566532666258416,0.0966500572833906,0.0040507975907571,0.0269288832844394,0.0053231635835067,2.0,0.0132414392499096,0.0088758101942045,1.0848624610458584,93.95223299146696,92.0731883316376,-0.0200000000000001,-40.000000000000256,1,1,SL,SL,4,HIGH,2018
MSFT,2018-12-04,2018-12-06,2018-12-11,-0.0318492386013485,0.0296917106742267,1.0726643186980325,1.2891845779900764,0.0088017444510082,2.0690534872969124e-05,0.0650465572660874,-0.0151555794191174,0.0128803994637156,0.0372776465734492,2.0,-0.0324024594113887,-0.0223472885986851,1.7670735441879333,98.38595674793916,102.32139501785672,0.04,80.00000000000007,3,3,TP,TP,4,HIGH,2018
PLD,2018-12-04,2018-12-06,2018-12-06,-0.026074095918382,0.0183218677391464,1.4231134232386244,1.273690078037904,-0.0045112004716942,0.0150452254941455,0.0407023644214328,-0.0047631758138535,0.0030005450311305,-0.0124073537511351,2.0,-0.0324024594113887,-0.0223472885986851,1.7670735441879333,53.453193943545486,52.38413006467457,-0.0200000000000001,-40.00000000000026,0,0,SL,SL,3,MEDIUM,2018
UNH,2018-12-04,2018-12-06,2018-12-06,-0.0271719504564829,0.0236713970821224,1.1478811479616573,1.2358663861939154,0.0285906391808814,0.0462184834811443,0.1193934626089439,-0.0110067239229774,0.0305732287086095,0.0503289102826185,2.0,-0.0324024594113887,-0.0223472885986851,1.7670735441879333,240.21092803208444,235.40670947144275,-0.02,-40.00000000000004,0,0,SL,SL,4,HIGH,2018
PFE,2018-12-07,2018-12-10,2018-12-10,-0.0235660645872646,0.0222482554097773,1.0592320230604764,1.1312352667823076,-0.0056826031647992,0.0028043701904632,0.1304865432363231,-0.0450097341707868,-0.0349375515625116,0.0190252736856331,4.0,-0.023235786117976,-0.0432439375188475,1.4526896911105194,28.906004030074108,28.327883949472625,-0.02,-40.00000000000004,0,0,SL,SL,3,MEDIUM,2018
PLD,2018-12-07,2018-12-10,2018-12-10,-0.0239486769267409,0.0222706898540423,1.0753450873635153,1.1528591085085278,-0.0065326227922974,0.0138330730514928,0.0389281153768112,-0.0263658246106982,-0.0050612879556991,-0.0011956679161712,2.0,-0.023235786117976,-0.0432439375188475,1.4526896911105194,53.85644896721536,52.77931998787105,-0.02,-40.00000000000004,0,0,SL,SL,3,MEDIUM,2018
LLY,2018-12-14,2018-12-17,2018-12-17,-0.0255090590976387,0.0227820723496768,1.119698801149695,1.1880011015558356,-0.0239838587845565,0.0004565360807133,0.185554348781936,-0.0224452725835915,-0.0145272076886506,-0.0433331417575679,2.0,-0.0184647644671741,-0.0450040707948674,1.0109847612941,100.69063881581695,98.67682603950064,-0.02,-40.00000000000004,0,0,SL,SL,4,HIGH,2018
MRK,2018-12-14,2018-12-17,2018-12-18,-0.0252354826631969,0.0219207994171298,1.1512117867141696,1.0279290992757653,0.0009658216355779,0.0394362754144699,0.1930578146526116,-0.0012176931305393,0.0038597467285506,-0.0114734950794662,2.0,-0.0184647644671741,-0.0450040707948674,1.0109847612941,57.51438173942072,56.36409410463231,-0.02,-40.00000000000004,1,1,SL,SL,5,HIGH,2018
PEP,2018-12-14,2018-12-17,2018-12-18,-0.0371777697872418,0.0229116587547368,1.6226572761588274,1.5609708791081371,-0.0227431011804596,0.0102960900535249,0.0545328724133755,-0.0284763740257567,-0.0161458534865533,-0.0288763373053483,2.0,-0.0184647644671741,-0.0450040707948674,1.0109847612941,90.73164698426687,88.91701404458155,-0.02,-40.00000000000004,1,1,SL,SL,4,HIGH,2018
AMT,2018-12-17,2018-12-18,2018-12-21,-0.0339736811477043,0.0206776365013763,1.643015687283362,1.2103030610511734,-0.0177210529683935,0.0262239239454973,0.1063888774641645,-0.0225326097896582,-0.0315904874670596,-0.0215818997239296,3.0,-0.0196183457962583,-0.0613938985429257,1.4119320980073211,131.44138908060532,128.81256129899322,-0.02,-40.00000000000004,3,3,SL,SL,4,HIGH,2018
DUK,2018-12-17,2018-12-18,2018-12-20,-0.0293114011325007,0.0192984525615238,1.518847225654771,1.3622629046886707,-0.0072968612047351,0.0390018906860649,0.1181904112112317,-0.0168527957097048,-0.026737513785517,-0.0054194965554136,3.0,-0.0196183457962583,-0.0613938985429257,1.4119320980073211,65.0414789021928,63.74064932414893,-0.02,-40.00000000000004,2,2,SL,SL,4,HIGH,2018
KO,2018-12-17,2018-12-18,2018-12-19,-0.0204700645625811,0.0194062674071099,1.0548171955561865,1.2989617905905793,-0.0185954425510672,0.0109351438492417,0.0843463969964191,-0.0180818570317888,-0.0184809070611295,-0.0410712260945465,3.0,-0.0196183457962583,-0.0613938985429257,1.4119320980073211,38.67835131116927,37.90478428494588,-0.0199999999999999,-39.999999999999815,1,1,SL,SL,4,HIGH,2018
NEE,2018-12-17,2018-12-18,2018-12-20,-0.0308431777305427,0.0185657395423703,1.661295401680771,1.3619657322808545,-0.0224991940508364,0.003973942154424,0.060011695192216,-0.0312174008977075,-0.0381139417061681,-0.0333500900725697,3.0,-0.0196183457962583,-0.0613938985429257,1.4119320980073211,36.30133485252207,35.575308155471625,-0.02,-40.00000000000004,2,2,SL,SL,4,HIGH,2018
TSLA,2018-12-18,2018-12-19,2018-12-19,-0.0326904831780033,0.0411175786223791,0.7950488397731402,1.0415161541355893,-0.0452543431810253,0.0335413845296119,0.0770661468124709,-0.1055229914884585,-0.0810611995717982,-0.059862173849232,4.0,-0.0010966051196314,-0.0601611777678599,1.1438147782477144,22.50666618347168,22.05653285980225,-0.02,-40.00000000000004,0,0,SL,SL,3,MEDIUM,2018
AVGO,2018-12-19,2018-12-20,2018-12-20,-0.0231502103382487,0.0405347722942987,0.5711197825454366,1.4038073055422045,0.0260274161890166,0.0564135901834144,0.0555665397285973,-0.0328451960864354,-0.0334143318356164,0.0621443274735165,4.0,-0.0149755888498873,-0.0717349822973369,1.7450894885478725,20.174301867385815,19.770815830038103,-0.0199999999999999,-39.999999999999815,0,0,SL,SL,4,HIGH,2018
ABBV,2019-01-02,2019-01-03,2019-01-03,-0.032107119387266,0.0362065102692353,0.8867775200789648,1.0409970571083715,0.0156106261983479,0.030638809969262,-0.0364090315039661,-0.0075629195786129,0.0602426166465357,0.05063021752189,1.0,0.0010403966556611,-0.0527504206616391,0.7859861658602516,63.90615294023005,62.62802988142544,-0.02,-40.00000000000004,0,0,SL,SL,4,HIGH,2019
GE,2019-01-08,2019-01-09,2019-01-09,-0.020594570476908,0.0549010179258794,0.3751218329815354,1.052860493674297,0.1442896054661284,0.0493354677917767,-0.2798015434289848,0.0620350529707645,0.1307795102355873,0.1972032529768674,1.0,0.0093953954187531,-0.0221631278473496,0.6665838036858724,39.44731594766692,38.65836962871358,-0.0199999999999999,-39.999999999999815,0,0,SL,SL,2,LOW,2019
ABBV,2019-01-09,2019-01-10,2019-01-14,-0.0328230227446159,0.037556702327767,0.8739591260745129,1.428246098494397,0.0021743267365315,0.0077213210985951,-0.0480405280509561,-0.0141461675401428,-0.0159140732430311,0.0433698379898397,2.0,0.0046734022417478,-0.0168038681593059,0.6293242752261187,63.3582393093736,62.09107452318613,-0.02,-40.00000000000004,2,2,SL,SL,4,HIGH,2019
AMD,2019-01-09,2019-01-10,2019-01-10,-0.0269879260695123,0.0720653732154033,0.3744922820124099,1.5349368937535932,0.0731085433901415,0.030007483398512,0.0755867686540794,0.062631607055664,0.0722252053033407,0.2126126724704289,2.0,0.0046734022417478,-0.0168038681593059,0.6293242752261187,19.76000022888184,19.3648002243042,-0.0200000000000001,-40.000000000000256,0,0,SL,SL,3,MEDIUM,2019
AMD,2019-01-10,2019-01-11,2019-01-11,-0.0222882987140276,0.0721522679304473,0.3089064190679753,1.068777526328708,0.0498603861874562,0.0048869837669716,0.0490151430988146,-0.040350021196884,0.1577712993799158,0.102793306804493,2.0,0.0035273613495006,-0.0129663940448733,0.6466479031456364,19.46999931335449,20.248799285888676,0.04,80.00000000000007,0,0,TP,TP,4,HIGH,2019
LOW,2019-01-15,2019-01-16,2019-01-17,-0.0206373222737281,0.0265363901124181,0.777698932910643,1.046210092250138,0.0233713154294221,0.0198315674522087,-0.0151677192801201,-0.0111483585508318,-0.0278602920738173,0.0276095481377962,4.0,0.011460882858806,-0.0057790525943564,0.5850180084919588,82.05249013319923,80.41144033053524,-0.02,-40.00000000000004,1,1,SL,SL,4,HIGH,2019
LLY,2019-01-18,2019-01-22,2019-01-29,-0.021567716192324,0.0236665920444078,0.9113148252124552,1.7206711914878374,0.0202670109806948,0.0275747537499311,0.1816182969150173,-0.004270223379813,0.0035288396366717,0.0168321041758039,3.0,0.0133101963714183,0.0193940391329983,0.9475255084899642,104.74688164140632,104.7650146484375,0.0001731126191732,0.3462252383465979,5,5,TIME,TIME,4,HIGH,2019
NFLX,2019-01-18,2019-01-22,2019-01-22,-0.0398935526767144,0.043272097454017,0.9219232490199314,1.6758007596845936,0.1380454794662287,0.1789386068892497,0.0142189514462178,-0.0438191073690324,0.0044729103828042,0.1395637961551512,3.0,0.0133101963714183,0.0193940391329983,0.9475255084899642,33.48899841308594,32.819218444824216,-0.0200000000000001,-40.000000000000256,0,0,SL,SL,3,MEDIUM,2019
CAT,2019-01-22,2019-01-23,2019-01-23,-0.0319181438285082,0.0325669975411428,0.9800763422598314,1.0813249653795536,0.0358225852817988,0.0435888148894121,-0.0397063463258594,0.0108670765216145,0.0097930252589177,0.0379065422646349,2.0,-0.0135108630247474,0.0064422564013948,0.901479103271306,114.23589026696403,111.95117246162476,-0.02,-40.00000000000004,0,0,SL,SL,3,MEDIUM,2019
COP,2019-01-22,2019-01-23,2019-01-28,-0.0316641980261744,0.0280281622495601,1.1297279409273937,1.0649019675778888,0.0269826269402939,0.0149830660233163,-0.0405432439662135,0.0013702345886974,0.0021335968610305,0.0359225165047571,2.0,-0.0135108630247474,0.0064422564013948,0.901479103271306,50.88986430174507,49.872067015710165,-0.0200000000000001,-40.000000000000256,3,3,SL,SL,4,HIGH,2019
MS,2019-01-22,2019-01-23,2019-01-23,-0.0292971866587713,0.0351163864967315,0.8342881936755701,1.2836892659154588,0.0333442999708446,0.0049334494118795,-0.1040668229212282,-0.0467519702638487,-0.0016479539154,0.0167822592399984,2.0,-0.0135108630247474,0.0064422564013948,0.901479103271306,33.642661172717474,32.96980794926312,-0.0200000000000001,-40.000000000000256,0,0,SL,SL,4,HIGH,2019
LLY,2019-01-24,2019-01-25,2019-01-31,-0.0319893783712637,0.0237412285390682,1.3474188295952072,1.4805625805296494,-0.0047991206842246,0.0087110174461411,0.1582375070765433,-0.0137233598066635,-0.0154967364811712,-0.0189405028178758,2.0,0.0005313739195256,0.0115079964320574,0.513540037388677,104.42999853971116,108.60719848129962,0.04,80.00000000000007,4,4,TP,TP,4,HIGH,2019
BAC,2019-01-31,2019-02-01,2019-02-07,-0.0206399128280443,0.0264940421860615,0.779039781211752,1.2739432023929502,0.0322322311343501,0.076093433645604,-0.0080068902533775,-0.0391495272606812,-0.020976632604044,0.0007029395126691,3.0,0.0087824930729698,0.0381638380475921,1.0824634522456291,23.87551905445857,23.3980086733694,-0.02,-40.00000000000004,4,4,SL,SL,4,HIGH,2019
GS,2019-01-31,2019-02-01,2019-02-07,-0.0220761309950336,0.0286240721645637,0.771243548720635,1.3077942624595726,0.0486374369920992,0.080813688951784,-0.0904143935743415,-0.0085621476975952,0.0010616791943398,0.004718912413435,2.0,0.0087824930729698,0.0381638380475921,1.0824634522456291,165.7940606865679,162.47817947283653,-0.02,-40.00000000000003,4,4,SL,SL,4,HIGH,2019
AMD,2019-02-05,2019-02-06,2019-02-07,-0.0339825828157288,0.0609793469218025,0.55728020274318,1.1178130570014149,0.1007484491359165,0.1565138710192652,0.1779806811755486,-0.0450635144754556,0.2109090631658381,0.1796558297540784,2.0,0.0041920457313624,0.0493182829876426,0.9050694620629396,23.6299991607666,23.15739917755127,-0.02,-40.00000000000004,1,1,SL,SL,3,MEDIUM,2019
GOOGL,2019-02-06,2019-02-07,2019-02-14,-0.0251590184115819,0.0222633448402268,1.1300646238081429,1.3103536292961355,0.0247193496984488,0.0477924362550123,-0.004530736756391,0.0038172151476476,0.0226777493914511,0.0354848026258867,2.0,-0.0013185241747857,0.0471896850626847,0.6809279080802524,55.1023946988788,55.96376037597656,0.0156320915235157,31.26418304703149,5,5,TIME,TIME,4,HIGH,2019
COP,2019-02-07,2019-02-08,2019-02-08,-0.0235852529286201,0.0230120048140025,1.0249108289021736,1.0208644486737184,0.0073148573708827,0.0353698461347424,-0.0186722367109208,-0.0350345928655249,-0.0031020163803126,0.0205689379420686,3.0,-0.009532724635165,0.0365370483203124,1.113980784350648,51.56869065854326,50.5373168453724,-0.02,-40.00000000000003,0,0,SL,SL,5,HIGH,2019
ORCL,2019-02-07,2019-02-08,2019-02-15,-0.0202886681971556,0.0142089005632574,1.427884452201729,1.0614078376832896,0.0150878358310975,0.0548805721313023,0.0575880012137846,-0.0158728874409591,-0.0001992311085944,0.0207317819118217,1.0,-0.009532724635165,0.0365370483203124,1.113980784350648,44.88934829968033,46.3501091003418,0.0325413679634969,65.08273592699388,5,5,TIME,TIME,5,HIGH,2019
GE,2019-02-08,2019-02-11,2019-02-13,-0.0248511753393078,0.0524974766684298,0.4733784729552995,1.0419456988104612,0.0461767817483358,0.1831250726506035,-0.1437094627695323,-0.0771401899669674,-0.0372914764210829,0.0709605386314276,3.0,0.0012218434878539,0.0374434336388465,0.895207787133295,45.69777108498541,47.52568192838483,0.04,80.00000000000007,2,2,TP,TP,4,HIGH,2019
UNH,2019-02-08,2019-02-11,2019-02-19,-0.0263940276460046,0.0175748221584075,1.5018090884850337,1.2166130424021886,-0.0088068617022745,0.0071564301845745,0.0220389162150338,-0.016559923613366,-0.0253796744333886,-0.0229433583535699,4.0,0.0012218434878539,0.0374434336388465,0.895207787133295,229.78498335505355,238.97638268925567,0.04,80.00000000000006,5,5,TP,TP,4,HIGH,2019
WMT,2019-02-20,2019-02-21,2019-02-27,-0.0227005244794834,0.0187581755899778,1.210166968029233,2.0016427006816584,0.0284766797589912,0.0547703284346583,0.0868164503645301,0.0138042846195522,0.0300093699135319,0.0447700038887464,1.0,0.002015339762686,0.065705912932348,0.9773805925063976,29.73262691682359,29.13797437848712,-0.02,-40.00000000000004,4,4,SL,SL,4,HIGH,2019
CAT,2019-02-26,2019-02-27,2019-03-06,-0.0242557071910327,0.0217060424942441,1.1174633606040665,1.5501718897647023,0.0342981098298531,0.063392276656631,0.0127736979628074,-0.0064803847937598,0.0160531884998156,0.0701933481147492,3.0,-0.0007156686959202,0.063951334486842,0.7538262976092871,118.3746159917814,116.00712367194578,-0.02,-40.00000000000004,5,5,SL,SL,5,HIGH,2019
HD,2019-02-27,2019-02-28,2019-03-07,-0.0245887237649609,0.0168352778211693,1.46054754938716,1.89035704851396,-0.0187312663732007,0.0260260766448787,-0.0230664788551985,-0.0453247549300597,-0.0426376652557421,-0.0099723117384972,4.0,-0.0004296598939053,0.0622503432575889,0.7594945153681903,152.4198114928261,151.5149383544922,-0.0059367160310161,-11.873432062032396,5,5,TIME,TIME,4,HIGH,2019
LOW,2019-02-28,2019-03-01,2019-03-01,-0.0235087152167904,0.0210771497829603,1.1153650023304331,1.73940808055999,0.035726453866089,0.0933921134048823,0.0707602781762661,0.0007615029040024,-0.0040753323391417,0.0357775356196641,2.0,-0.0018622118411674,0.0586834240548859,0.9387675943622146,92.10602435841592,90.2639038712476,-0.02,-40.00000000000004,0,0,SL,SL,4,HIGH,2019
ADBE,2019-03-04,2019-03-05,2019-03-07,-0.0221582738802553,0.0192848066718241,1.1490016082260974,1.1179755567666845,-0.0021278629180099,0.0603490490074958,0.0375029980804635,-0.0180296323484943,-0.0017786384029189,-0.0049720889737037,2.0,-0.0036372963813834,0.0572140272404342,1.4476171523192716,259.0,253.82,-0.02,-40.00000000000004,2,2,SL,SL,4,HIGH,2019
CRM,2019-03-04,2019-03-05,2019-03-05,-0.0366498963230095,0.0231996289210706,1.5797621784253182,3.106881280946049,-0.0100895632624437,0.0614090475260538,0.1048556785540371,-0.0283225943361663,-0.0177243031754829,-0.0034579530920382,1.0,-0.0036372963813834,0.0572140272404342,1.4476171523192716,157.20035025748902,154.05634325233925,-0.0199999999999999,-39.999999999999815,0,0,SL,SL,4,HIGH,2019
MCD,2019-03-04,2019-03-05,2019-03-12,-0.024101816876403,0.0127097914370713,1.896318833848356,1.258133264860701,0.0132033037759007,0.0127959217229216,0.0749156182386736,-0.0088366679538977,-0.0047656425432265,0.0098331324412708,1.0,-0.0036372963813834,0.0572140272404342,1.4476171523192716,151.49495263083338,152.52671813964844,0.0068105602919279,13.621120583855896,5,5,TIME,TIME,5,HIGH,2019
AMZN,2019-03-07,2019-03-08,2019-03-11,-0.0257647199836966,0.0168323547003435,1.530666412535308,1.2410277722837966,-0.005791471208572,0.0041165171332524,-0.0586970413201513,-0.0413991698467617,-0.0084642949196922,0.0040199141405736,3.0,-0.0083651140504751,0.0331655050646464,1.2636999459946474,80.20050048828125,83.4085205078125,0.04,80.00000000000006,1,1,TP,TP,4,HIGH,2019
AVGO,2019-03-07,2019-03-08,2019-03-13,-0.0215218924809706,0.0207847790985071,1.0354640950943024,1.1950525548475086,-0.0393107147502325,0.0067166072628912,0.1116650938080872,-0.0341226062245223,-0.0357711671064295,-0.0549227940698713,3.0,-0.0083651140504751,0.0331655050646464,1.2636999459946474,21.590789164533653,22.454420731115,0.04,80.00000000000007,3,3,TP,TP,4,HIGH,2019
LLY,2019-03-11,2019-03-12,2019-03-13,-0.0252565937254878,0.0204338006158519,1.236020366465477,1.932679482739039,-0.0034313863086827,0.0361074793509399,0.1715978957983288,-0.0251026606455759,-0.0310686520307947,-0.0031477738113688,3.0,0.0145011912385299,0.040393161144141,0.8789269187595877,112.42417907714844,116.92114624023438,0.04,80.00000000000009,1,1,TP,TP,4,HIGH,2019
ADBE,2019-03-15,2019-03-18,2019-03-25,-0.0395980649514015,0.0259803180500684,1.524156281500841,3.69570723639038,-0.0106291488788784,0.0257611096415339,0.0296115802207042,-0.0243634518227393,0.0092250561123177,-0.0262111782575124,1.0,0.0049402977088408,0.0456958383150749,1.0829232254461187,257.1099853515625,262.2699890136719,0.0200692464551843,40.138492910368754,5,5,TIME,TIME,4,HIGH,2019
GE,2019-03-15,2019-03-18,2019-03-25,-0.0330096891937514,0.0520767839958566,0.6338657394123605,1.6676645352621666,-0.0009159499386015,0.0655634047357365,-0.0565077404211187,0.0204916590541592,0.0396659354181681,-0.0291576843806885,2.0,0.0049402977088408,0.0456958383150749,1.0829232254461187,48.15446093996613,47.62422180175781,-0.0110112153237341,-22.02243064746834,5,5,TIME,TIME,2,LOW,2019
META,2019-03-15,2019-03-18,2019-03-18,-0.0246223059798489,0.0233031678053025,1.0566076760708147,2.192117376039857,-0.002508959887141,0.0484731955577437,0.0040348717222327,-0.0345507709465274,-0.0213442384923274,0.0228002558381941,3.0,0.0049402977088408,0.0456958383150749,1.0829232254461187,162.1460942050335,158.90317232093284,-0.02,-40.00000000000004,0,0,SL,SL,4,HIGH,2019
META,2019-03-18,2019-03-19,2019-03-26,-0.0331969609500161,0.0259995549591815,1.276828045792869,2.0798922922619982,-0.0350340114913005,0.0100011007787239,-0.0284967960643586,-0.0744075105632833,-0.067414445781422,-0.0412262099089354,4.0,0.0036260668240422,0.0464386528592195,0.8481200309142108,160.0743004033197,166.4772724194525,0.04,80.00000000000007,5,5,TP,TP,4,HIGH,2019
BAC,2019-03-20,2019-03-21,2019-03-22,-0.0340640208521214,0.0192288496968043,1.7715059085298557,1.5594597989518066,-0.0163078354486941,0.0034736036450615,0.0068841335860538,-0.0225253182901798,-0.0221916822052886,-0.0069348180074325,3.0,-0.0030099985303,0.0389725016991477,1.1236919493105353,23.87156329405776,23.394132028176603,-0.02,-40.00000000000004,1,1,SL,SL,4,HIGH,2019
GS,2019-03-20,2019-03-21,2019-03-22,-0.0338103278697844,0.0214704307525202,1.5747391498335768,1.8308496437236064,-0.0130911593447977,0.0003078563714984,-0.0757397255526325,-0.0198727864835318,-0.0148541138953111,-0.0021565300249204,2.0,-0.0030099985303,0.0389725016991477,1.1236919493105353,162.17584742345736,158.9323304749882,-0.0200000000000001,-40.000000000000256,1,1,SL,SL,4,HIGH,2019
JPM,2019-03-20,2019-03-21,2019-03-22,-0.0213486313800475,0.014802388797644,1.4422423077716584,1.1943606727969502,-0.003142700269147,0.0082164870672314,-0.0227334956407923,-0.0190521110002995,0.0012451819430188,0.0077128556177776,2.0,-0.0030099985303,0.0389725016991477,1.1236919493105353,84.54220216270731,82.85135811945317,-0.02,-40.00000000000004,1,1,SL,SL,4,HIGH,2019
MS,2019-03-20,2019-03-21,2019-03-22,-0.0209329564388899,0.0198034357148798,1.0570366041666892,1.4005893649580965,0.0163447035386941,0.021614784311621,-0.0441344358172398,-0.0069236643549116,0.0146194493434437,0.0338778778258355,2.0,-0.0030099985303,0.0389725016991477,1.1236919493105353,33.93766816793252,33.25891480457387,-0.02,-40.00000000000004,1,1,SL,SL,5,HIGH,2019
ORCL,2019-03-20,2019-03-21,2019-03-28,-0.0259067177937136,0.0191190838561724,1.355018785868756,1.2794194548527824,-0.0006835033423671,0.0320904715697063,0.0875727132947186,-0.0056669541954437,-0.0079158720884663,0.0055394970194924,3.0,-0.0030099985303,0.0389725016991477,1.1236919493105353,47.16562861467517,47.6675033569336,0.0106406880815381,21.28137616307635,5,5,TIME,TIME,4,HIGH,2019
UPS,2019-03-20,2019-03-21,2019-03-28,-0.0220210400892058,0.0190286796052326,1.1572552876002145,1.3388151497084264,-0.0173224826802533,0.020041243932549,-0.0145048778375919,-0.0146090456902621,-0.0265198893062946,-0.0085439359498082,3.0,-0.0030099985303,0.0389725016991477,1.1236919493105353,78.57594601092849,80.79546356201172,0.0282467811558326,56.49356231166536,5,5,TIME,TIME,4,HIGH,2019
AAPL,2019-03-22,2019-03-25,2019-03-25,-0.020708502097444,0.0198115956705876,1.045271791417988,1.4670462305487348,0.0604814429199584,0.1247736697715642,0.0086395078146641,0.024231770123098,0.0264881591639767,0.104909726611609,2.0,-0.0192463027782699,0.0265830611918571,1.566735209062183,45.59455455525224,44.68266346414719,-0.02,-40.00000000000004,0,0,SL,SL,4,HIGH,2019
AMZN,2019-03-22,2019-03-25,2019-04-01,-0.0299516837710109,0.0201855554884023,1.4838176629927151,1.380276771197921,0.0428616182164101,0.0620061665682836,0.0184655753031501,0.0016573910964918,0.0306069565096511,0.0888265240077856,1.0,-0.0192463027782699,0.0265830611918571,1.566735209062183,87.8895034790039,90.70950317382812,0.0320857392885134,64.17147857702687,5,5,TIME,TIME,4,HIGH,2019
GOOGL,2019-03-22,2019-03-25,2019-03-27,-0.0230396407825527,0.0168450031753615,1.367743332708405,1.0868309132069751,0.0301857044921105,0.0675263989186476,0.05920214803333,0.0043161215281251,0.0145762770610695,0.0501580077542738,2.0,-0.0192463027782699,0.0265830611918571,1.566735209062183,59.45083180443985,58.261815168351056,-0.0199999999999999,-39.999999999999815,2,2,SL,SL,4,HIGH,2019
MA,2019-03-22,2019-03-25,2019-04-01,-0.0216643912226626,0.0172844728492001,1.2534019065363138,1.1933777732022444,0.0154790080260907,0.0666532936897339,0.1225181180073771,-0.0010822226664866,-0.0017736469735267,0.0400682311057842,3.0,-0.0192463027782699,0.0265830611918571,1.566735209062183,220.8241978209693,229.65716573380809,0.04,80.00000000000007,5,5,TP,TP,5,HIGH,2019
MSFT,2019-03-22,2019-03-25,2019-04-01,-0.0263684226516414,0.0164581937562973,1.6021455964177191,1.189571311040288,0.0273174117857857,0.0745705229049458,0.0989585062171953,-0.0051001050315772,0.0098350599344672,0.0591801710337509,2.0,-0.0192463027782699,0.0265830611918571,1.566735209062183,108.83430004258564,111.13123321533205,0.0211048646598326,42.20972931966527,5,5,TIME,TIME,5,HIGH,2019
NVDA,2019-03-22,2019-03-25,2019-03-25,-0.0350116098431724,0.0374527011261923,0.9348220232555466,1.311889518591553,0.0906885339858702,0.1445974684354551,-0.1455714328245484,0.0101877743423419,0.0452857232029602,0.1783059847254742,3.0,-0.0192463027782699,0.0265830611918571,1.566735209062183,4.359097603757411,4.271915651682263,-0.0200000000000001,-40.000000000000256,0,0,SL,SL,3,MEDIUM,2019
AMD,2019-03-27,2019-03-28,2019-04-01,-0.0311405655032434,0.0537794765997885,0.5790418105959371,1.2473508756490364,0.0321804492913384,0.0750412242556868,0.1427023341781064,-0.0561244369542457,-0.0315175622274328,0.0645851275912674,4.0,-0.0052292300695105,0.0229431884555806,0.8978010960490808,25.100000381469727,26.10400039672852,0.04,80.00000000000007,2,2,TP,TP,4,HIGH,2019
AMT,2019-04-01,2019-04-02,2019-04-09,-0.0230891919057824,0.014604058992464,1.5810119582300233,2.1054116006092087,0.0161038303787044,0.0740085503553249,0.2220762368998916,-0.008140477487903,-0.0162502007641738,0.0191647133751156,3.0,0.0118589963637028,0.0403606090470132,0.9885589860080476,157.60086026977842,160.63856506347656,0.0192746713977212,38.54934279544242,5,5,TIME,TIME,5,HIGH,2019
CRM,2019-04-04,2019-04-05,2019-04-12,-0.0252120492685291,0.0244718672282907,1.0302462428932573,1.282411957933335,-0.0100541875955831,0.0007084523379368,0.080684729553035,-0.0165030842822709,0.0215235184819331,-0.0504937953985448,2.0,0.0026531540088665,0.0399511180827198,0.6539121925947071,156.91532080279586,157.9769287109375,0.0067654828267267,13.530965653453464,5,5,TIME,TIME,4,HIGH,2019
GS,2019-04-15,2019-04-16,2019-04-17,-0.0381539909784862,0.0196266480457235,1.943989156457088,1.980711322369957,0.0127641443599133,0.0171687420567414,-0.0370557634075932,-0.0151243667034134,-0.0129851672592558,0.0161128317041103,3.0,-0.0006549147223776,0.037624342202684,0.7178998007188885,167.82555986002262,174.53858225442357,0.04,80.00000000000006,1,1,TP,TP,5,HIGH,2019
LOW,2019-04-18,2019-04-22,2019-04-29,-0.0288595525642521,0.0184505855514138,1.5641537491497468,1.4651201329441117,0.0153587486694986,0.0701010965510045,0.1309740708075739,-0.0293568115362033,-0.0120737657447916,0.0037061105501108,2.0,0.001969798611648,0.0337040165861219,1.051860245734369,98.73347866098172,96.75880908776207,-0.0200000000000001,-40.000000000000256,5,5,SL,SL,5,HIGH,2019
CAT,2019-04-24,2019-04-25,2019-04-25,-0.0302750785235093,0.0186053031357172,1.6272284467856457,2.288295069627399,-0.0056227646317743,0.0133103035078305,0.0314281898990533,-0.0392716938292072,-0.0243970033245095,0.0162437468472353,3.0,-0.0022191349362995,0.0365776391783805,0.8593180078065716,118.39246227219331,116.02461302674946,-0.02,-40.00000000000004,0,0,SL,SL,4,HIGH,2019
NVDA,2019-04-25,2019-04-26,2019-04-26,-0.0222836659505946,0.0238464126096649,0.934466173816141,1.1411029821124448,-0.0027049647440029,0.0836511402730408,-0.0659632123349712,-0.0082771642008591,-0.0020288919638909,-0.0270169181698458,2.0,-0.0006162218603251,0.0345332644228566,0.9974221433244111,4.479314502833751,4.389728212777076,-0.02,-40.00000000000004,0,0,SL,SL,3,MEDIUM,2019
XOM,2019-04-26,2019-04-29,2019-05-02,-0.0210411002652365,0.0152547399838109,1.3793155627409122,1.747106703814922,-0.0147318764824954,0.0001143498788316,0.0326812642723124,-0.0346602973891603,-0.0078888420470808,-0.0178156443679934,2.0,0.0046568439895045,0.0379077879324065,0.8831357281497996,57.36020563693789,56.213001524199136,-0.0199999999999999,-39.999999999999815,3,3,SL,SL,4,HIGH,2019
AMD,2019-05-01,2019-05-02,2019-05-02,-0.0296778762117583,0.0354878191847688,0.8362834598891291,2.10060566501809,-0.0408557701235201,0.0394373421509424,0.1564383562827209,-0.038378756349819,-0.0579760952778979,-0.0401002802361534,4.0,-0.0075163363962247,0.0283383947469848,1.2323352977329638,26.940000534057617,28.01760055541992,0.04,80.00000000000007,0,0,TP,TP,3,MEDIUM,2019
HD,2019-05-01,2019-05-02,2019-05-07,-0.0240546547206046,0.0143468097164821,1.676655311945052,1.3711433180859434,-0.0216991338925761,0.0298553270200956,0.0605248165975762,-0.0236234428178921,-0.0383123441609997,-0.0277301847138315,4.0,-0.0075163363962247,0.0283383947469848,1.2323352977329638,166.6855929367883,163.35188107805254,-0.02,-40.00000000000003,3,3,SL,SL,4,HIGH,2019
MA,2019-05-01,2019-05-02,2019-05-06,-0.0215939199013129,0.0147796191314388,1.461060647725283,1.6162161822624517,0.0299976741008669,0.0654025676441596,0.1799319275848294,0.0083913418639003,0.0141056757129509,0.0360698111022448,1.0,-0.0075163363962247,0.0283383947469848,1.2323352977329638,237.61257431113583,232.86032282491317,-0.02,-40.00000000000004,2,2,SL,SL,4,HIGH,2019
MSFT,2019-05-01,2019-05-02,2019-05-07,-0.0208273440506535,0.0140756949403824,1.4796671950385207,1.2801254271587026,0.0361535587574508,0.0837177867226486,0.1674992771591474,-0.0154747144861265,0.0229583457985225,0.0588723660662213,2.0,-0.0075163363962247,0.0283383947469848,1.2323352977329638,119.49735202590335,117.1074049853853,-0.02,-40.00000000000003,3,3,SL,SL,5,HIGH,2019
NKE,2019-05-01,2019-05-02,2019-05-06,-0.021974401001738,0.0144769612320439,1.5178876733536435,1.1576136615657573,-0.0091587379765484,0.0006756515326702,0.076830648312151,-0.0272902169527237,-0.0281708085318876,-0.0216401075450958,4.0,-0.0075163363962247,0.0283383947469848,1.2323352977329638,76.86193934771012,75.32470056075591,-0.02,-40.00000000000004,2,2,SL,SL,4,HIGH,2019
AMD,2019-05-06,2019-05-07,2019-05-07,-0.0283486625274992,0.0408460835143835,0.6940362475025672,1.195962832104103,-0.0134561373788957,0.0535294432380386,0.1742336707628973,0.022752727433899,-0.009750828911382,-0.0269694897321292,4.0,-0.0041150328651632,0.0285109039753355,1.7629847070700475,27.200000762939453,26.656000747680665,-0.02,-40.00000000000004,0,0,SL,SL,2,LOW,2019
AAPL,2019-05-07,2019-05-08,2019-05-09,-0.0269570886642441,0.0230419082941375,1.1699156302563185,1.390330735140734,-0.0056369270552169,0.0538050722612939,0.0593625009974532,-0.0300739967839476,0.0109135849627883,-0.022267201944236,3.0,-0.0166998108779127,0.0106508560020415,2.2142455813163626,48.06821416305071,47.10684987978969,-0.02,-40.00000000000004,1,1,SL,SL,4,HIGH,2019
ADBE,2019-05-07,2019-05-08,2019-05-13,-0.0232320251456406,0.0232251683274534,1.0002952322278331,1.1701608971233544,0.0005308614730148,0.0318381537597654,0.0925454066061068,-0.0091904133514287,-0.0421088770122083,-0.005098865165535,4.0,-0.0166998108779127,0.0106508560020415,2.2142455813163626,275.8299865722656,270.3133868408203,-0.0199999999999999,-39.999999999999815,3,3,SL,SL,5,HIGH,2019
AMD,2019-05-07,2019-05-08,2019-05-08,-0.0277170031643761,0.0429750168397974,0.6449561908887632,1.270594098803442,-0.0375625014644833,0.0227961492722543,0.1392602459427776,-0.0576175685883625,-0.0351067442206748,-0.0468358776582776,4.0,-0.0166998108779127,0.0106508560020415,2.2142455813163626,26.40999984741211,27.466399841308597,0.04,80.00000000000006,0,0,TP,TP,3,MEDIUM,2019
BLK,2019-05-07,2019-05-08,2019-05-13,-0.0264500899185856,0.0175687723525634,1.505517254580756,1.2570648996297018,-0.0079277467639703,0.0393159386039667,0.071638958089035,-0.0265318176000444,-0.0442461238674889,-0.0216442665121737,4.0,-0.0166998108779127,0.0106508560020415,2.2142455813163626,386.5270878809572,378.796546123338,-0.02,-40.00000000000004,3,3,SL,SL,4,HIGH,2019
HD,2019-05-07,2019-05-08,2019-05-10,-0.0243451034294934,0.0162865797999765,1.494795330172911,1.37956456010542,-0.0394748647613026,0.0052713393067207,0.0388289598245517,-0.0310432348723872,-0.0438387600476271,-0.0547438870000589,4.0,-0.0166998108779127,0.0106508560020415,2.2142455813163626,162.66276030482953,159.40950509873295,-0.0199999999999999,-39.999999999999815,2,2,SL,SL,4,HIGH,2019
MS,2019-05-07,2019-05-08,2019-05-09,-0.0209600526957777,0.0193513691800635,1.083130216820598,1.0224916396207988,-0.0030754228811168,0.056892950281643,0.0553828368314313,-0.0230079695248981,-0.0319173962770152,-0.0072977461418428,3.0,-0.0166998108779127,0.0106508560020415,2.2142455813163626,37.2949249303284,36.54902643172183,-0.0200000000000001,-40.000000000000256,1,1,SL,SL,4,HIGH,2019
MSFT,2019-05-07,2019-05-08,2019-05-15,-0.02052288756069,0.0190522011114316,1.077192469293011,1.5740250920516052,0.0049679169707093,0.0513055331187668,0.1410785182429115,-0.0054670630894354,-0.038897829756114,0.0006375756803569,4.0,-0.0166998108779127,0.0106508560020415,2.2142455813163626,117.12571813847306,118.10279846191406,0.0083421501184379,16.68430023687595,5,5,TIME,TIME,5,HIGH,2019
PLD,2019-05-07,2019-05-08,2019-05-15,-0.0251837065253565,0.019173795855507,1.3134439687967865,1.3344927121252634,-0.0048005702960255,0.0240773972336514,0.1153778168846726,-0.0263331319794446,-0.0306508358208084,0.0016173539840085,3.0,-0.0166998108779127,0.0106508560020415,2.2142455813163626,60.838107465333536,62.2131462097168,0.0226016028714697,45.20320574293946,5,5,TIME,TIME,4,HIGH,2019
AMZN,2019-05-13,2019-05-14,2019-05-16,-0.0356088196087686,0.0228388082866431,1.5591364996742707,1.2595732818184688,-0.0417470226919882,0.0029328730138089,0.0390625608938735,-0.0495835672883924,-0.0655558062332807,-0.0597132566548551,5.0,-0.0251303751607437,-0.0162670468390581,1.6989554581515909,91.9749984741211,95.65399841308594,0.04,80.00000000000006,2,2,TP,TP,3,MEDIUM,2019
COST,2019-05-13,2019-05-14,2019-05-21,-0.0206460394622404,0.0168139688942165,1.227909935609666,1.3128174944234683,-0.0075285839292973,0.0123243041867759,0.0743341899923184,0.0051100054787283,-0.0067834106581226,-0.0069865235861431,2.0,-0.0251303751607437,-0.0162670468390581,1.6989554581515909,219.578734847522,226.5025787353516,0.0315323972179617,63.0647944359235,5,5,TIME,TIME,2,LOW,2019
HON,2019-05-13,2019-05-14,2019-05-21,-0.0280256211484559,0.016407777549572,1.7080693021211115,1.0436762323665911,-0.017121788260608,0.0274887704649384,0.1107203762206463,-0.0207797639921076,-0.0335435493194433,-0.0332079316438258,2.0,-0.0251303751607437,-0.0162670468390581,1.6989554581515909,141.55364564061776,143.8177490234375,0.0159946667044375,31.989333408875,5,5,TIME,TIME,3,MEDIUM,2019
JPM,2019-05-13,2019-05-14,2019-05-21,-0.0271977172620687,0.0175553009439914,1.5492595284376245,1.216252107795601,-0.0365402381085359,0.0176789535971477,0.0249950044305915,-0.0280614770744932,-0.049005224251764,-0.0574406466100527,5.0,-0.0251303751607437,-0.0162670468390581,1.6989554581515909,90.17748486790828,91.97199249267578,0.0198997302641128,39.799460528225694,5,5,TIME,TIME,3,MEDIUM,2019
MA,2019-05-13,2019-05-14,2019-05-16,-0.0244512931538242,0.0225755952229013,1.0830852038408298,1.1547990079151842,-0.0155108282625348,0.0178691977683225,0.1365563024460157,-0.0161008585457017,-0.0291990105701881,-0.0232670266164353,3.0,-0.0251303751607437,-0.0162670468390581,1.6989554581515909,232.3911658586765,241.6868124930236,0.04,80.00000000000006,2,2,TP,TP,3,MEDIUM,2019
MSFT,2019-05-13,2019-05-14,2019-05-16,-0.0297333432398844,0.0224332952014178,1.3254113126459122,1.3308534051540188,-0.0205383040505973,0.0241408275934587,0.1175872096041004,-0.0172100213867167,-0.0374562846465436,-0.0494722741246677,4.0,-0.0251303751607437,-0.0162670468390581,1.6989554581515909,115.65977725915673,120.286168349523,0.04,80.00000000000007,2,2,TP,TP,3,MEDIUM,2019
V,2019-05-13,2019-05-14,2019-05-16,-0.0210315351885352,0.0181193111310041,1.1607248772580576,1.4140643450142605,-0.0241284171050908,0.0017829498589334,0.090524288200636,-0.0213361600456715,-0.0305027377061013,-0.0415470990300367,3.0,-0.0251303751607437,-0.0162670468390581,1.6989554581515909,149.93327289951287,155.93060381549338,0.04,80.00000000000007,2,2,TP,TP,3,MEDIUM,2019
AMT,2019-05-20,2019-05-21,2019-05-29,-0.0206489588779533,0.0165231192332552,1.2497010150719152,1.949912194709114,0.0170579397021199,0.0251499401757462,0.1941468951078593,-0.0110739878149113,0.0069588895782557,0.0315851478811328,1.0,-0.0066120058655618,-0.008694077371911,0.7760228422057514,163.6409396834266,164.99452209472656,0.0082716611987105,16.54332239742118,5,5,TIME,TIME,5,HIGH,2019
ADBE,2019-05-23,2019-05-24,2019-06-03,-0.0268611423159529,0.0275322205853626,0.9756257121604452,1.0829390286600311,-0.0182672205996363,0.0064345721808085,0.0756701042540275,-0.0043565516567459,-0.0327984066067357,-0.0055839896196639,3.0,-0.0122181861508317,-0.0162966726865164,1.1930409228824732,273.5400085449219,268.06920837402345,-0.02,-40.00000000000004,5,5,SL,SL,3,MEDIUM,2019
MA,2019-05-23,2019-05-24,2019-06-03,-0.0279096938121956,0.0233652204503153,1.1944973458112176,1.300676043842206,0.002603494054487,0.0341782202961289,0.1645958857125886,-0.0148330587887485,-0.0145608225540153,0.0180179059210079,2.0,-0.0122181861508317,-0.0162966726865164,1.1930409228824732,242.96845481488853,238.1090857185908,-0.02,-40.00000000000004,5,5,SL,SL,5,HIGH,2019
UNH,2019-05-28,2019-05-29,2019-06-04,-0.0224931176123958,0.021402603157913,1.0509524213684058,1.248057713090483,0.0091362738533362,0.0087716600111753,-0.0509139360297675,-0.0291971141786897,-0.0159762860618456,0.0104778911944862,3.0,-0.009300478704289,-0.0233504333981956,0.8374992390925942,211.8324930056859,207.5958431455722,-0.02,-40.00000000000004,4,4,SL,SL,5,HIGH,2019
AMD,2019-05-29,2019-05-30,2019-05-30,-0.0330464409530151,0.0455678128251079,0.7252145517681385,1.2973073983283003,0.0257627571444223,0.0280941708836102,0.1663708270915611,0.0656297231479181,0.0270566640145106,0.028184497304718,2.0,-0.0067108377966372,-0.0296298738676317,1.2377371954572045,28.399999618530277,27.831999626159668,-0.02,-40.00000000000004,0,0,SL,SL,3,MEDIUM,2019
MCD,2019-06-10,2019-06-11,2019-06-18,-0.0203424697560913,0.0131617546835413,1.545574298047771,1.496649244671156,0.012987601681369,0.0321321304369137,0.1239700327905504,0.0058462268039969,0.0126775391332558,0.0238098085002194,1.0,0.0045887478089712,0.007308285538047,0.7884303908105003,170.69160474557816,172.5563201904297,0.0109244707590097,21.848941518019416,5,5,TIME,TIME,4,HIGH,2019
AMD,2019-06-11,2019-06-12,2019-06-13,-0.0246764882973282,0.0475602726626639,0.5188466532215652,1.0046959449338386,0.1297603432649101,0.1533889884159389,0.3202382183704741,0.0185418025847392,0.096043293266756,0.1156626746504365,2.0,-0.0002420058725505,0.0066139669597802,0.7958739789179502,32.0,31.36,-0.02,-40.00000000000004,1,1,SL,SL,2,LOW,2019
ADBE,2019-06-25,2019-06-26,2019-07-03,-0.0396838432996069,0.0243775464905239,1.6278850422881102,1.4138233734249364,0.0304940118663508,0.0346329217033718,0.1187119831955896,-0.0468040939275966,0.0404292307636329,0.0434074111751463,2.0,-0.0098081105427663,0.0149196939851825,1.1365218844892786,291.260009765625,302.91041015625,0.04,80.00000000000007,5,5,TP,TP,5,HIGH,2019
MSFT,2019-06-25,2019-06-26,2019-07-03,-0.0315719621836738,0.0176657521718657,1.787184710649062,1.3217144525065754,0.0215950229273746,0.0443326317806413,0.1776807649616887,-0.0257028792831544,-0.0127993006440396,0.0100682665894282,1.0,-0.0098081105427663,0.0149196939851825,1.1365218844892786,125.90955653993718,128.82412719726562,0.0231481290016613,46.2962580033226,5,5,TIME,TIME,5,HIGH,2019
NFLX,2019-06-25,2019-06-26,2019-07-01,-0.0289457015309886,0.0267237468172286,1.0831453287204302,1.0147051427855514,0.018213636424472,0.0017732941176169,0.0680503037070838,-0.013444350658012,0.0089044848433834,0.0257067186543664,1.0,-0.0098081105427663,0.0149196939851825,1.1365218844892786,36.15999984741211,37.606399841308594,0.04,80.00000000000007,3,3,TP,TP,5,HIGH,2019
AMT,2019-06-26,2019-06-27,2019-07-01,-0.0237654499409,0.0174349697433836,1.3630909769670627,1.2830906771530683,-0.0237224530618324,0.0222221074961377,0.1869266082515426,-0.0435911931085603,-0.0479714717817593,-0.0227507163878171,4.0,-0.0009971639300069,0.0137729356757445,0.7421667873640194,170.4851143304107,167.0754120438025,-0.02,-40.00000000000004,2,2,SL,SL,4,HIGH,2019
DUK,2019-06-26,2019-06-27,2019-07-05,-0.0237461461251196,0.0157016236141091,1.5123369855701931,1.0814280387828978,0.0070910705432853,0.0036690940427059,0.0321943880761887,-0.0173128441348324,0.0037646063737957,0.0153489477075088,1.0,-0.0009971639300069,0.0137729356757445,0.7421667873640194,66.16214312391172,67.37164306640625,0.0182808458944463,36.56169178889268,5,5,TIME,TIME,5,HIGH,2019
PLD,2019-06-26,2019-06-27,2019-07-03,-0.0205563931972764,0.0169223674833219,1.2147468855960069,1.2167466391893014,-0.0029750807120476,0.0252017294341364,0.1407909378551615,-0.0392228314603672,-0.0415797684184634,-0.0085012753146521,4.0,-0.0009971639300069,0.0137729356757445,0.7421667873640194,64.8344292822419,67.42780645353157,0.04,80.00000000000007,4,4,TP,TP,4,HIGH,2019
BA,2019-06-27,2019-06-28,2019-07-01,-0.0291247179235426,0.0216648118757608,1.344332832916412,2.26449732194192,0.0181238159123984,0.0108349799796356,0.0064338793237985,-0.0266584561743231,-0.0289692526693341,0.043455828272549,3.0,0.0035456878949859,0.0171726093038968,0.5900109470575442,357.4382179190023,350.28945356062223,-0.02,-40.00000000000004,1,1,SL,SL,5,HIGH,2019
AVGO,2019-07-03,2019-07-05,2019-07-08,-0.035350301176802,0.0343363941641972,1.0295286397213494,1.2986029984743497,0.0219170682189011,0.0057397632614426,0.091978555193857,-0.0103176591398586,0.0122582139141145,0.0365106651787765,2.0,0.0079950742005552,0.0406921571200733,0.6406895822481916,23.849882055801583,23.372884414685554,-0.02,-40.00000000000004,1,1,SL,SL,5,HIGH,2019
AAPL,2019-07-08,2019-07-09,2019-07-16,-0.0206139021235692,0.0173446715977621,1.1884861588402147,1.104018780684617,0.0098274262950079,0.0329445463168176,0.0693952034304656,-0.0133674295270097,0.0106105129643097,0.0062382335545179,2.0,-0.0054952248032097,0.032801186960532,0.7450731655386311,47.60802314605108,48.87470626831055,0.0266065053441424,53.21301068828488,5,5,TIME,TIME,5,HIGH,2019
GE,2019-07-08,2019-07-09,2019-07-16,-0.0285712779759363,0.0233050891768614,1.2259673309597776,1.0597273234830369,-0.0144995606115628,0.0115127058552406,0.0686425356954945,-0.0395479881093386,-0.0285712779759363,-0.0257806491913048,4.0,-0.0054952248032097,0.032801186960532,0.7450731655386311,48.828042379168,50.08251953125,0.0256917355469736,51.38347109394737,5,5,TIME,TIME,4,HIGH,2019
AMD,2019-07-11,2019-07-12,2019-07-15,-0.0216040107267613,0.0349148716103538,0.6187624278805804,1.0701011613692968,0.0710641266957259,0.1251327699176063,0.3324117976058014,0.0318352193700892,0.0599551396990669,0.104946567145397,1.0,0.0023445197854583,0.0401569938101062,0.8370771791513085,32.7599983215332,34.07039825439453,0.04,80.00000000000007,1,1,TP,TP,3,MEDIUM,2019
PFE,2019-07-11,2019-07-12,2019-07-12,-0.0245118809176836,0.0173501974634375,1.4127724465002829,1.661243540497824,-0.0111128473790801,0.014740931266832,0.0190593126822069,-0.0073899947850261,-0.0319817809412278,-0.0002327377461679,3.0,0.0023445197854583,0.0401569938101062,0.8370771791513085,28.59733573685282,28.025389022115764,-0.02,-40.00000000000004,0,0,SL,SL,4,HIGH,2019
PLD,2019-07-11,2019-07-12,2019-07-16,-0.0240905097356605,0.0196864664990892,1.223709177915448,1.135694177946596,0.0001728557911173,0.0423839011261331,0.1690254892348857,-0.0156722579425964,-0.0191280231794229,0.0368568427094286,3.0,0.0023445197854583,0.0401569938101062,0.8370771791513085,66.71319097704475,65.37892715750385,-0.02,-40.00000000000004,2,2,SL,SL,5,HIGH,2019
UPS,2019-07-17,2019-07-18,2019-07-24,-0.0320046475769806,0.0186274618545361,1.7181432353429746,1.2956226913021849,-0.0014894763448818,0.0211644531800867,-0.0227610135002981,-0.0347464091724285,0.0060027520862475,0.0022550237113796,3.0,-0.0068048487450593,0.032208703178453,0.6347924342376736,75.3638516233146,78.37840568824718,0.04,80.00000000000007,4,4,TP,TP,4,HIGH,2019
BA,2019-07-18,2019-07-19,2019-07-24,-0.0227592956290154,0.0179209361681791,1.269983633412382,1.0924004181003608,-0.0038043097990774,0.0145656093173891,-0.001890591853602,-0.0013826894702164,0.005877349407851,0.0187320861053787,2.0,0.0036603847695118,0.0351046749663148,0.927588160862976,364.0679776912637,356.78661813743844,-0.02,-40.00000000000003,3,3,SL,SL,4,HIGH,2019
UNH,2019-07-18,2019-07-19,2019-07-22,-0.0226888427004655,0.0215518868634641,1.0527543525169885,1.412361374251036,0.0349033175923314,0.0589293618039958,0.0358386859750885,-0.0201532328919418,-0.0021441703101535,0.062762696723321,2.0,0.0036603847695118,0.0351046749663148,0.927588160862976,231.6214118164164,226.988983580088,-0.02,-40.00000000000004,1,1,SL,SL,5,HIGH,2019
BA,2019-07-24,2019-07-25,2019-07-25,-0.0312005757963964,0.0225335079093078,1.3846302103503645,1.5774703373137742,-0.0022677351261802,0.0108403391560465,-0.0004251498592533,-0.0422142541201004,-0.021893222998483,0.0259154784491,4.0,0.004699402173858,0.0399007616898297,0.9707714982218464,349.83604146497765,342.8393206356781,-0.0199999999999999,-39.999999999999815,0,0,SL,SL,4,HIGH,2019
GE,2019-07-25,2019-07-26,2019-07-31,-0.0234081684442929,0.0249281074968417,0.9390270981163968,1.1261047824991286,0.0073401071927878,0.0294691264580737,0.102698570135864,0.0215475509127398,0.0367792117157297,0.0316517184078521,2.0,-0.0047769907884575,0.0336514656031707,1.1345395961673874,50.51676047563464,49.50642526612194,-0.02,-40.00000000000003,3,3,SL,SL,3,MEDIUM,2019
CRM,2019-07-29,2019-07-30,2019-08-01,-0.023504525008721,0.0204532602893762,1.149182315003819,1.7510080545778988,-0.0041882357022779,0.0094215347428183,0.0397537378433434,-0.0221596215300042,-0.0094484169528749,-0.0215471455258292,3.0,-0.0018212157703654,0.0362907433086201,0.7942953814660522,152.69823522334528,149.64427051887836,-0.0200000000000001,-40.000000000000256,2,2,SL,SL,4,HIGH,2019
KO,2019-07-31,2019-08-01,2019-08-05,-0.0202905377746599,0.0178334365770529,1.1377805779043508,1.440631962972628,0.0019417542670188,0.0260021164493504,0.0986416566899142,-0.0284290246382732,-0.0213834811345514,0.0086237562663424,4.0,-0.0109403395925828,0.0202546188567316,2.149624463419749,42.6936874839916,41.83981373431176,-0.02,-40.00000000000004,2,2,SL,SL,5,HIGH,2019
LOW,2019-07-31,2019-08-01,2019-08-01,-0.0228390991821441,0.0173316657336038,1.3177671167441252,1.2902067492544482,-0.0218273764989013,0.0143748786019595,0.0185711218719462,-0.0205736493748787,-0.0136186407051495,-0.0284308116266538,3.0,-0.0109403395925828,0.0202546188567316,2.149624463419749,89.34310405685844,87.55624197572126,-0.02,-40.00000000000004,0,0,SL,SL,4,HIGH,2019
MA,2019-07-31,2019-08-01,2019-08-02,-0.0211752934625989,0.0160581142344012,1.3186662613991895,1.9363540095288103,-0.0165682572049286,0.0236837399878933,0.1977570963366488,-0.0347434646597267,-0.0284748839509866,-0.0109347329557718,4.0,-0.0109403395925828,0.0202546188567316,2.149624463419749,263.2422200590313,257.9773756578507,-0.0200000000000001,-40.000000000000256,1,1,SL,SL,4,HIGH,2019
MSFT,2019-07-31,2019-08-01,2019-08-05,-0.0290703677142238,0.0162073258561598,1.7936560276645064,1.7300011698039974,-0.0146782923172837,0.0191244892569593,0.1684588511263216,-0.035870963461135,-0.03162282671238,0.0,4.0,-0.0109403395925828,0.0202546188567316,2.149624463419749,128.3929949491042,125.82513505012211,-0.02,-40.00000000000004,2,2,SL,SL,4,HIGH,2019
ORCL,2019-07-31,2019-08-01,2019-08-02,-0.0206991519404381,0.0150017827112727,1.37977947946708,1.1211556803085012,-0.0366912932487276,0.0115945735634042,0.0929616597018345,-0.0376069296093678,-0.0311478627030689,-0.0291432126064689,3.0,-0.0109403395925828,0.0202546188567316,2.149624463419749,50.885695704634735,49.86798179054204,-0.02,-40.00000000000003,1,1,SL,SL,4,HIGH,2019
AAPL,2019-08-01,2019-08-02,2019-08-05,-0.0216390593630014,0.0194755690280436,1.1110874004165183,2.2873462322318328,0.0131486652947843,0.0598538441124365,0.1220982353332424,-0.0059613706410051,0.0068110547566706,0.0134688812923917,2.0,-0.0087078748726098,0.010696621478645,2.6622114387491544,49.12086584402196,48.13844852714151,-0.0200000000000001,-40.000000000000256,1,1,SL,SL,5,HIGH,2019
BAC,2019-08-01,2019-08-02,2019-08-05,-0.0387874756558987,0.0204427572294362,1.897370067088961,1.6470084381092895,-0.0089060399692821,0.0272721651173299,0.0542837349074867,-0.0337484731912836,-0.0280158251689938,0.0003393728405245,3.0,-0.0087078748726098,0.010696621478645,2.6622114387491544,24.768224350638366,24.2728598636256,-0.02,-40.00000000000003,1,1,SL,SL,4,HIGH,2019
GS,2019-08-01,2019-08-02,2019-08-02,-0.0387499778385821,0.0191365073927928,2.0249242478372,1.228037543924912,-0.0140140008248577,0.0468721605406645,0.0741106920046807,-0.0395790403574654,-0.0380943557273607,-0.0136117367686692,3.0,-0.0087078748726098,0.010696621478645,2.6622114387491544,178.68237695148957,175.10872941245978,-0.02,-40.00000000000003,0,0,SL,SL,4,HIGH,2019
JPM,2019-08-01,2019-08-02,2019-08-05,-0.0263794855455264,0.0161906498696152,1.6293036881139906,1.437608638592099,-0.0149665245085227,0.0155495046141578,0.0666498145817229,-0.0251186014066454,-0.0239392298519847,-0.015086901028263,3.0,-0.0087078748726098,0.010696621478645,2.6622114387491544,93.17852548885772,91.31495497908055,-0.0200000000000001,-40.000000000000256,1,1,SL,SL,4,HIGH,2019
NVDA,2019-08-01,2019-08-02,2019-08-05,-0.0225227451686945,0.0291439659185984,0.7728098925040767,1.1261485746552138,-0.02106626485157,0.0496462582908381,-0.003670113489305,-0.0566301073696925,-0.0487945331184764,-0.0309087263090005,3.0,-0.0087078748726098,0.010696621478645,2.6622114387491544,4.000026702880859,3.920026168823242,-0.02,-40.00000000000004,1,1,SL,SL,3,MEDIUM,2019
UPS,2019-08-01,2019-08-02,2019-08-05,-0.0208419148106064,0.0265368915541859,0.7853939775896203,1.2821610465780455,0.0760840237207625,0.1352389443977779,0.1187178554173835,-0.0149052342814567,-0.0107397373860346,0.1379379384000454,3.0,-0.0087078748726098,0.010696621478645,2.6622114387491544,86.26429127767521,84.53900545212171,-0.0199999999999999,-39.999999999999815,1,1,SL,SL,4,HIGH,2019
AAPL,2019-08-02,2019-08-05,2019-08-05,-0.0211582846361864,0.0213774885861104,0.9897460382663243,1.647944409940393,-0.0082371916160489,0.0351930556774033,0.0986769018362534,-0.0227990719213549,-0.0179072120503998,0.0070587903464263,3.0,-0.0075297694892956,0.00251085752567,2.0541644530458587,47.31884611855073,46.37246919617972,-0.02,-40.00000000000004,0,0,SL,SL,3,MEDIUM,2019
NVDA,2019-08-02,2019-08-05,2019-08-05,-0.0226173698417669,0.0309971404002468,0.7296598831286667,1.140380162217739,-0.0434796859385074,0.0247107654509153,-0.0240392978166985,-0.081276902119927,-0.0792825557830703,-0.0430426735189183,4.0,-0.0075297694892956,0.00251085752567,2.0541644530458587,3.8166408797478337,3.740308062152877,-0.02,-40.00000000000003,0,0,SL,SL,3,MEDIUM,2019
GOOGL,2019-08-05,2019-08-06,2019-08-13,-0.0347481429409494,0.0257841719229365,1.3476540198694125,1.359828770725024,-0.0106308721804853,0.0270894597698299,0.0263215117080455,-0.0520850261315389,-0.0701297423041626,0.0136411241885725,5.0,-0.0300727953089059,-0.0278403191788403,2.8157397839771856,57.763795962239634,59.310577392578125,0.0267776970777617,53.555394155523565,5,5,TIME,TIME,3,MEDIUM,2019
UPS,2019-08-05,2019-08-06,2019-08-07,-0.0200513303352493,0.0280801180950854,0.71407571247924,1.026600294268865,0.0431945935545587,0.1063266726586196,0.0980900227557586,-0.0386709215250133,-0.0328423390840237,0.1042207211880763,3.0,-0.0300727953089059,-0.0278403191788403,2.8157397839771856,85.49519415771002,83.78529027455582,-0.02,-40.00000000000004,1,1,SL,SL,3,MEDIUM,2019
AAPL,2019-08-14,2019-08-15,2019-08-19,-0.0297648623809789,0.0316018692190956,0.9418703107281176,1.1679231921627578,-0.0074063764463121,0.0132712265549677,0.099764244678522,0.0087569392982533,0.0225101885457337,-0.0446846253682311,3.0,-0.0295675879767395,-0.0331547680155065,1.5857550840248933,48.81090128055658,50.76333733177884,0.04,80.00000000000006,2,2,TP,TP,1,LOW,2019
MRK,2019-08-14,2019-08-15,2019-08-21,-0.0311336112311468,0.0201009713763527,1.5488610300581362,1.1397984126193137,0.0014228523073513,0.0004299340691227,0.0646163695591017,-0.0247896073189283,-0.0100891090943489,0.0049402267666285,2.0,-0.0295675879767395,-0.0331547680155065,1.5857550840248933,64.08447383712632,66.64785279061138,0.04,80.00000000000007,4,4,TP,TP,4,HIGH,2019
COST,2019-08-23,2019-08-26,2019-08-27,-0.0211127436329293,0.0207004551387137,1.0199168806411694,1.0481555726348095,0.0001626636303444,0.0051129396853328,0.1462163464511809,0.0038102107578916,-0.0003285090981909,0.0002556837074529,2.0,-0.0256873795194164,-0.0315068564558486,1.5679461462797262,249.9022632364218,259.89835376587865,0.04,80.00000000000006,1,1,TP,TP,3,MEDIUM,2019
GOOGL,2019-08-23,2019-08-26,2019-09-03,-0.0318416581052056,0.0220196549951967,1.4460561762730368,1.2142708814801415,-0.0305084981926909,0.0022852476652124,0.0191344098611419,-0.0253056336007514,-0.0217348976289161,-0.0297081752090775,3.0,-0.0256873795194164,-0.0315068564558486,1.5679461462797262,57.462968111831145,57.963523864746094,0.0087109275653982,17.421855130796526,5,5,TIME,TIME,3,MEDIUM,2019
MA,2019-08-23,2019-08-26,2019-09-03,-0.0316273374513519,0.0249549908463981,1.2673752375235512,1.1262668908146112,-0.0053432068424139,0.0005757054717092,0.1641461461461264,-0.0185896071380387,-0.0090029922005551,-0.0111296539251777,3.0,-0.0256873795194164,-0.0315068564558486,1.5679461462797262,264.1551406739882,269.1810302734375,0.0190262797332876,38.05255946657526,5,5,TIME,TIME,3,MEDIUM,2019
MCD,2019-08-23,2019-08-26,2019-09-03,-0.0220056208335015,0.0168072923466704,1.3092900616952083,1.1649815262807146,-0.0076990858848113,0.0098272676475323,0.1175329579017068,-0.0174394671384759,-0.0174394671384759,-0.0293465881840553,3.0,-0.0256873795194164,-0.0315068564558486,1.5679461462797262,182.31855702283903,184.17323303222656,0.0101727220732399,20.345444146479878,5,5,TIME,TIME,3,MEDIUM,2019
MRK,2019-08-23,2019-08-26,2019-09-03,-0.0205260374696669,0.0183910963388649,1.116085582472337,1.0813703378695811,0.0038349507154507,0.0128036144852032,0.0772391412602186,-0.0082896287579975,-0.0014108266714859,-0.0067821424510354,3.0,-0.0256873795194164,-0.0315068564558486,1.5679461462797262,65.51164125568496,66.48609924316406,0.0148745775376912,29.74915507538256,5,5,TIME,TIME,4,HIGH,2019
UPS,2019-08-23,2019-08-26,2019-08-29,-0.0341953031810359,0.0223673767699697,1.5288025740660929,1.3010030014226657,-0.0345540681696538,0.0302985402902409,0.0669389632567505,-0.0326841022309339,-0.0348653954072296,-0.0304455731245201,3.0,-0.0256873795194164,-0.0315068564558486,1.5679461462797262,84.3052172592675,87.67742594963819,0.04,80.00000000000007,3,3,TP,TP,3,MEDIUM,2019
BA,2019-09-03,2019-09-04,2019-09-11,-0.0265592932719662,0.0262360202955112,1.012321723066754,1.02810058164859,0.0349218405400397,0.0127470053615093,-0.0085279962466919,-0.0154178783121885,-0.0128675936235065,0.0618371822202847,2.0,-0.0058475105173131,-0.0109863397215542,0.8300645449197265,353.50151920518965,367.64157997339726,0.04,80.00000000000007,5,5,TP,TP,5,HIGH,2019
AMT,2019-09-05,2019-09-06,2019-09-09,-0.0220684060046457,0.0171943766186976,1.283466478258244,1.362086358299294,0.0360245494790227,0.0897610710310772,0.2388165544859033,0.0241541419927908,0.0243761802772324,0.036810457077667,2.0,0.0128551937992338,0.0125839481951179,1.0856264716875623,194.3940087405817,190.50612856577007,-0.02,-40.00000000000004,1,1,SL,SL,4,HIGH,2019
AMT,2019-09-09,2019-09-10,2019-09-10,-0.0369318129788482,0.0206409479368022,1.7892498489858495,1.820331903535785,-0.0184887429700889,0.0311623047537266,0.1730326135640176,-0.0708093072853904,-0.0268905284500514,-0.0113430127783519,3.0,0.0005035110254738,0.0128926531479542,0.7054687823633287,183.58474486260147,179.91304996534944,-0.02,-40.00000000000004,0,0,SL,SL,4,HIGH,2019
LLY,2019-09-09,2019-09-10,2019-09-17,-0.0261284488258228,0.0200645591518928,1.302218933793915,1.531345040563447,-0.0086625560968055,0.0038071160263677,-0.0383394041008805,-0.0192491659497312,-0.0168183091028966,0.0142455612602954,3.0,0.0005035110254738,0.0128926531479542,0.7054687823633287,99.76065173080856,102.29217529296876,0.0253759725727451,50.75194514549031,5,5,TIME,TIME,4,HIGH,2019
MA,2019-09-09,2019-09-10,2019-09-10,-0.0275245315879445,0.0209627702157314,1.3130197633559368,1.599926607340934,0.0165745554221032,0.0266467053236001,0.1920758069637087,-0.0095769343731358,0.0070725249830647,0.0421863466048719,3.0,0.0005035110254738,0.0128926531479542,0.7054687823633287,270.36309097208857,264.9558291526468,-0.02,-40.00000000000004,0,0,SL,SL,5,HIGH,2019
V,2019-09-09,2019-09-10,2019-09-10,-0.0225585560313109,0.0181807888783446,1.2407908249889388,1.2331917261724032,0.0122500162072745,0.0160891588917726,0.1552547725264355,-0.0012100610784749,0.0040373096490609,0.0360670487540413,2.0,0.0005035110254738,0.0128926531479542,0.7054687823633287,170.65007587494048,167.23707435744168,-0.0199999999999999,-39.999999999999815,0,0,SL,SL,5,HIGH,2019
NKE,2019-09-10,2019-09-11,2019-09-18,-0.0207510247555916,0.0206593692542664,1.004436510146906,1.2360003180703267,0.0393732288334351,0.024906091173378,0.0595960100225332,-0.0179824563092328,0.0255108313445064,0.0584111242921312,2.0,-0.0002349669068437,0.0123018687710731,0.8016775336647054,77.94726750608909,78.95120239257812,0.0128796674804618,25.75933496092375,5,5,TIME,TIME,5,HIGH,2019
COST,2019-09-11,2019-09-12,2019-09-19,-0.0212458772477017,0.0227762777023721,0.9328072622458852,1.946943965014219,0.0168498266313734,0.0407301773631501,0.1993345514664972,-0.0430273457829405,-0.0183369909280078,-0.0035810475021753,3.0,0.0071112050343031,0.0191828618279175,0.9691970115635664,263.7067695293153,261.42706298828125,-0.0086448540744824,-17.289708148964912,5,5,TIME,TIME,4,HIGH,2019
AVGO,2019-09-13,2019-09-16,2019-09-23,-0.0341341637701173,0.0266922565059042,1.2788039768225286,2.954948571698492,0.0202775426321575,0.0218936177578343,0.0555258418328425,-0.0139927495393826,-0.0054469366430806,0.0245260415478394,1.0,-0.0006633433311614,0.0215384284975954,0.9409802498814016,24.114743554463917,24.22292709350586,0.0044861990258204,8.972398051640964,5,5,TIME,TIME,5,HIGH,2019
COP,2019-09-17,2019-09-18,2019-09-24,-0.0209500066226185,0.0296938666875465,0.7055331271964291,1.9433973682845436,0.1283441215001011,0.0913167640643541,-0.0104150076321529,0.0864244293354548,0.0870030985332173,0.1764026111005616,2.0,0.0025319500339338,0.020559834257174,0.6464996538014657,46.78644642664056,45.85071749810775,-0.02,-40.00000000000004,4,4,SL,SL,2,LOW,2019
NVDA,2019-09-20,2019-09-23,2019-09-30,-0.0240191315510026,0.0282752413478566,0.8494757394112713,1.0345432601564204,-0.0079179811576133,0.0251483380197872,0.074879977544833,-0.0462802801181265,-0.0508408284776586,-0.0333611095441102,4.0,-0.0047252233931281,0.0158141347254232,1.3077162192291008,4.289898995536494,4.3239288330078125,0.0079325498121809,15.86509962436189,5,5,TIME,TIME,3,MEDIUM,2019
TSLA,2019-09-20,2019-09-23,2019-09-24,-0.0242498951480371,0.028907448549433,0.8388805088269445,1.0862790795097126,0.0394131415265455,0.0236046941592484,-0.0897114590134307,-0.0170350033835785,-0.0186786764291492,0.0579027915068937,3.0,-0.0047252233931281,0.0158141347254232,1.3077162192291008,16.0,15.68,-0.02,-40.00000000000004,1,1,SL,SL,4,HIGH,2019
MS,2019-09-24,2019-09-25,2019-10-01,-0.0234156268896417,0.0230371387563828,1.0164294766490467,1.1299927757788646,-0.0076282697405231,0.0030446868181466,0.0025693929131678,-0.0336208995012541,-0.0377741363351424,-0.0238641360978664,4.0,-0.0078474103128528,0.0079194642318536,1.4747835981947115,34.22398682186647,33.539507085429136,-0.0200000000000001,-40.000000000000256,4,4,SL,SL,4,HIGH,2019
NVDA,2019-09-27,2019-09-30,2019-10-01,-0.0314649412087658,0.0285365048754958,1.1026207079685009,1.12227147329593,-0.0292316537140112,0.0155660455460375,0.0653099583116576,-0.0044629823474539,-0.0053855864946933,-0.0559526072931237,3.0,-0.0053870863084746,0.0064700574746088,1.2888542409340105,4.292382086045168,4.464077369486975,0.04,80.00000000000007,1,1,TP,TP,4,HIGH,2019
ABBV,2019-10-01,2019-10-02,2019-10-09,-0.0328841873633759,0.0210686628192251,1.5608103677737533,1.2799440666742137,0.0313722257389095,0.077770886961221,-0.0287348335706112,-0.0108064685615747,0.0038383921825739,0.0227655037510918,2.0,-0.0118945573492161,-0.0007308856185755,1.3340035420277545,54.722772897659006,55.03057098388672,0.0056246799993733,11.249359998746652,5,5,TIME,TIME,5,HIGH,2019
AAPL,2019-10-02,2019-10-03,2019-10-04,-0.0250676580525738,0.0184736788001646,1.3569391523874748,1.2085846758783263,-0.0021327959092046,0.0369252804510662,0.1578097874568464,0.0006397573747043,-0.0093652350297673,-0.0171027886821862,3.0,-0.0176648533394034,-0.0176737796453595,1.7522875353418992,52.40226487608837,54.49835547113191,0.04,80.00000000000007,1,1,TP,TP,3,MEDIUM,2019
HD,2019-10-02,2019-10-03,2019-10-10,-0.0239311918037121,0.0170440542238708,1.4040786006298656,1.1457206234204098,-0.0190216603008057,0.0258030118421079,0.1439878835098291,-0.0187507936869795,-0.0111795519953138,-0.0228740793303011,2.0,-0.0176648533394034,-0.0176737796453595,1.7522875353418992,190.65699209242055,196.2581329345703,0.029378103476187,58.75620695237416,5,5,TIME,TIME,4,HIGH,2019
LOW,2019-10-02,2019-10-03,2019-10-10,-0.0289442301570308,0.0201759529132073,1.4345904890610497,1.3276721947930343,-0.0495169970852129,0.0025586408911271,0.0387069872847793,-0.0291216796224225,-0.0397288490227486,-0.0555059599360326,4.0,-0.0176648533394034,-0.0176737796453595,1.7522875353418992,93.32990608640682,95.00716400146484,0.0179712804329319,35.942560865863896,5,5,TIME,TIME,4,HIGH,2019
PEP,2019-10-02,2019-10-03,2019-10-10,-0.024969504546794,0.0129535591819824,1.927617282323847,1.4109852216748768,-0.0142739208669427,0.0109559159438721,0.088733763271664,-0.0122421294527261,-0.0085131008834551,-0.0115132391803997,2.0,-0.0176648533394034,-0.0176737796453595,1.7522875353418992,112.29872329314652,111.85254669189452,-0.0039731226515129,-7.946245303025901,5,5,TIME,TIME,4,HIGH,2019
NVDA,2019-10-08,2019-10-09,2019-10-11,-0.0385179024699819,0.0330845117179145,1.1642276240433505,1.4149902958121718,-0.0049072208087476,0.0442283385193642,0.0910902233626222,-0.0225028970063297,0.0185635098973024,0.0272417496243759,2.0,-0.0155247074932827,-0.0138519213068034,1.3090417449130185,4.479180201486422,4.658347409545879,0.04,80.00000000000007,2,2,TP,TP,4,HIGH,2019
META,2019-10-18,2019-10-21,2019-10-22,-0.023845439889787,0.0217878963529402,1.0944351626938589,1.2983149957682545,0.0223083679785196,0.0100490546646216,0.0423814180306962,-0.0160939294705914,0.0090127064234941,0.0299254697422781,2.0,-0.0043773382977192,0.0154134154577447,0.9307592902236694,185.4117852721347,181.703549566692,-0.02,-40.00000000000004,1,1,SL,SL,5,HIGH,2019
NKE,2019-10-23,2019-10-24,2019-10-25,-0.034309653977837,0.0168512838313408,2.0360261165399347,1.9093347583692195,-0.0137436920914826,0.0432630228868202,0.0875258883498335,-0.0393341682505885,-0.0269814744576307,-0.0021616508583816,2.0,0.0029096454877315,0.0197924280069323,0.5311310612223473,83.0744181882655,81.41292982450018,-0.02,-40.00000000000004,1,1,SL,SL,4,HIGH,2019
AAPL,2019-10-29,2019-10-30,2019-10-31,-0.0231280664180278,0.0153726513853919,1.5044943021348662,1.407076261895019,0.0363834217576244,0.0908396825123936,0.2348233290358672,-0.0011907738365295,0.0138773265852698,0.0338687923757732,1.0,-0.0002964000593244,0.0266452353262038,0.750713548185205,58.718945163935885,57.54456626065716,-0.02,-40.00000000000004,1,1,SL,SL,5,HIGH,2019
GOOGL,2019-10-29,2019-10-30,2019-11-06,-0.0219707801498397,0.0154522139475005,1.4218532195118652,2.0328866341583947,0.0240672650300319,0.0354536702897689,0.0781653816601841,0.0012311141592311,0.0156784212398779,0.014828140565771,1.0,-0.0002964000593244,0.0266452353262038,0.750713548185205,62.20590734537087,63.983154296875,0.0285703886873114,57.14077737462286,5,5,TIME,TIME,4,HIGH,2019
TSLA,2019-10-29,2019-10-30,2019-11-06,-0.0350615205911843,0.0420548171660344,0.8337099755483379,1.224878229665996,0.2042943521230178,0.2945309589185469,0.2489323704515231,0.0551922154359485,0.2372641780313347,0.2261816710153164,3.0,-0.0002964000593244,0.0266452353262038,0.750713548185205,20.86666679382324,21.701333465576173,0.04,80.00000000000007,5,5,TP,TP,1,LOW,2019
NEE,2019-11-04,2019-11-05,2019-11-07,-0.025921552042834,0.0158816216720685,1.6321728711384091,1.792844393531715,-0.0144230261775306,0.0066394669352405,0.129109797315474,-0.0248873989258028,-0.0155639047867525,-0.0137455533766223,3.0,0.0040174708770177,0.0360602903081304,1.1042180243434134,47.716023942729606,46.761703463875016,-0.02,-40.00000000000003,2,2,SL,SL,4,HIGH,2019
XOM,2019-11-06,2019-11-07,2019-11-12,-0.0218905629182918,0.016665681919829,1.3135113836683818,1.2662310345794654,0.0331299785050247,0.0228288692612432,-0.0298407860774041,0.0271552350246282,0.0556706922639733,0.0249463133714635,2.0,0.0002285850290832,0.0322348726308967,0.9034628847256952,52.807972816927645,51.75181336058909,-0.02,-40.00000000000004,3,3,SL,SL,4,HIGH,2019
NFLX,2019-11-13,2019-11-14,2019-11-15,-0.0304783871489864,0.0281213296482392,1.0838174272067085,1.0418851741044513,-0.0034215175187392,0.0074752248349783,-0.1471405865689316,-0.029015288815448,-0.0189888229856302,-0.028615529960196,2.0,0.0003233791707883,0.0326001663303565,1.1020515241284872,28.325000762939453,29.458000793457032,0.04,80.00000000000009,1,1,TP,TP,4,HIGH,2019
NVDA,2019-11-15,2019-11-18,2019-11-18,-0.0266936036351181,0.0250887042222977,1.0639690036839,3.201617539633246,-0.001181408370426,0.0717497740599089,0.1968264374772619,-0.025857418881101,-0.017278063387575,0.0078975535284102,2.0,0.0072364767118702,0.0396272822680032,1.2635960606287178,5.064662094642309,5.267248578428002,0.04,80.00000000000007,0,0,TP,TP,4,HIGH,2019
NVDA,2019-11-19,2019-11-20,2019-11-25,-0.0202089229286756,0.0272368572596404,0.7419697043616389,1.1877923538037582,0.0103272490730428,0.0852482950595199,0.2147534274556772,-0.0085801424375016,-0.0077283960883357,-0.0077283960883357,3.0,-0.0002880087746169,0.0379925535219458,1.3412209328316431,5.143656035633732,5.349402277059082,0.04,80.00000000000007,3,3,TP,TP,4,HIGH,2019
ABBV,2019-11-20,2019-11-21,2019-11-29,-0.0204449951241071,0.0236402449161611,0.8648385495418606,1.3372187244868317,0.0473277811987031,0.1309258517313347,0.1788938158095654,-0.0161343018713674,0.0062307067462414,0.0623779245334132,1.0,-0.0037188750896309,0.0333140141116679,1.503701392008205,66.10841947177558,66.82441711425781,0.01083065739891,21.661314797820182,5,5,TIME,TIME,4,HIGH,2019
AMD,2019-11-21,2019-11-22,2019-11-22,-0.035627113245033,0.0334188863944033,1.0660772122855533,1.328208577975401,0.0806081244081127,0.2116084015100039,0.3362614930144842,-0.0090270963066595,0.0305085275148604,0.0893054516946594,2.0,-0.0016088778096223,0.0309409319237787,1.016682122030794,39.36000061035156,38.57280059814453,-0.02,-40.00000000000004,0,0,SL,SL,4,HIGH,2019
ADBE,2019-12-02,2019-12-03,2019-12-09,-0.0219041734437223,0.014179553290337,1.544771756572141,1.293040415898038,0.0201399790158165,0.0708535431935608,0.0771882297093471,-0.0167261903168981,0.0115269373462778,0.0176470588235293,1.0,-0.0084943537247775,0.0297364646444839,1.4546256692345898,298.239990234375,310.16958984375003,0.04,80.00000000000007,4,4,TP,TP,5,HIGH,2019
HON,2019-12-02,2019-12-03,2019-12-10,-0.0236907199522263,0.0144838346970499,1.635666275385735,1.1224037899005228,-0.0259199337292727,0.0183992696437824,0.0497619205759307,-0.023527050442178,-0.0139711479158205,-0.0408804178664315,3.0,-0.0084943537247775,0.0297364646444839,1.4546256692345898,148.53049837851393,149.7870330810547,0.0084597757111042,16.919551422208468,5,5,TIME,TIME,4,HIGH,2019
NVDA,2019-12-02,2019-12-03,2019-12-04,-0.0345572625645173,0.02799442185532,1.2344338719733212,1.00411918929,-0.0074762088276786,0.0622833548429295,0.2051354619364256,-0.0350029046420222,-0.0070445849077196,0.0255371911393029,3.0,-0.0084943537247775,0.0297364646444839,1.4546256692345898,5.018187542678605,5.21891504438575,0.04,80.00000000000006,1,1,TP,TP,4,HIGH,2019
CAT,2019-12-03,2019-12-04,2019-12-11,-0.0202851286712868,0.0177628044894461,1.1420003346509469,1.3045553771797942,-0.0327646852186837,0.0327713358061876,0.0735699310107256,-0.0386436071680134,-0.0434365817888192,-0.0245836382570981,5.0,-0.0067067678621417,0.0220643327378395,1.401625992835077,123.68915505359776,126.33870697021484,0.0214210527630247,42.84210552604949,5,5,TIME,TIME,4,HIGH,2019
GS,2019-12-03,2019-12-04,2019-12-06,-0.0248117554635708,0.0144200860514851,1.7206385159550006,1.6055770410142804,-0.030041062674992,0.0038161274177028,0.0491556360847578,-0.042670312679066,-0.0418107333443282,-0.0286413400230324,4.0,-0.0067067678621417,0.0220643327378395,1.401625992835077,182.4925626187517,189.79226512350172,0.04,80.00000000000007,2,2,TP,TP,4,HIGH,2019
CRM,2019-12-04,2019-12-05,2019-12-12,-0.031812795963791,0.0205020809146736,1.5516861969373124,3.3324130340582485,-0.0335801975645559,0.0113242876574823,0.0074349939029179,-0.0396585923916591,-0.0375904456709991,-0.0459257644889783,3.0,0.0061701343715254,0.0273129957850131,0.9249632078357274,153.0914461507613,155.89297485351562,0.018299707613941,36.599415227882126,5,5,TIME,TIME,4,HIGH,2019
NFLX,2019-12-10,2019-12-11,2019-12-17,-0.0310082553831998,0.0249751453653345,1.2415645606707555,1.7369785880800237,-0.0353452207008589,0.011145655089698,-0.1052199779091791,-0.0321600424622192,-0.0425920753948468,-0.0710822376430042,4.0,-0.0011151952534957,0.0295554827033603,1.0002176170242434,29.448999404907227,30.62695938110352,0.04,80.00000000000009,4,4,TP,TP,4,HIGH,2019
META,2019-12-12,2019-12-13,2019-12-18,-0.0272421708439365,0.0165038843047338,1.6506520732287635,1.9396508925860745,-0.0114282543740175,0.0243501037045767,0.0593568003406355,-0.0227973598172193,-0.0130918214161873,-0.0259901085351395,2.0,0.0086192515450718,0.037952010220823,1.7490666026240826,194.6903008414308,202.477912875088,0.04,80.00000000000007,3,3,TP,TP,4,HIGH,2019
AMD,2019-12-13,2019-12-16,2019-12-20,-0.0338107213324695,0.0276167120523584,1.2242848195819944,1.5264707104070907,0.0353894596278654,0.1561392371721841,0.3370439626542454,0.0433570729896501,0.0383547922482041,0.0510855663358778,2.0,0.0005989873231324,0.0367481736036614,1.4394040340061034,41.72999954223633,43.39919952392578,0.04,80.00000000000009,4,4,TP,TP,4,HIGH,2019
AVGO,2019-12-13,2019-12-16,2019-12-18,-0.0377668547406035,0.0192328567573646,1.9636632881457887,3.106819923371648,0.0012316437842443,0.04507729979575,0.0963569262130823,0.00114271152024,-0.0019933565213581,-0.0024984670694675,2.0,0.0005989873231324,0.0367481736036614,1.4394040340061034,26.98159399750505,28.060857757405252,0.04,80.00000000000009,2,2,TP,TP,4,HIGH,2019
TSLA,2019-12-30,2019-12-31,2019-12-31,-0.0364328724217604,0.0319835331867219,1.139113437188534,1.279142739398448,0.1039149716196956,0.2054083519780785,0.5692353118638624,-0.0248089203364064,0.022461135755359,0.157119319875028,2.0,-0.0055132024534507,0.0359239085790201,0.8098552355531743,27.0,28.08,0.04,80.00000000000007,0,0,TP,TP,3,MEDIUM,2019
BAC,2020-01-03,2020-01-06,2020-01-13,-0.020763143672748,0.0124846157509551,1.6630983353379951,1.1482432183617128,0.006503409845799,0.0461321579396289,0.1773167012919823,-0.0071124788664471,-0.0174546324524088,-0.0059810207686827,3.0,-0.0075725761032047,0.0351013248976215,1.2705477682679347,29.379282245227124,29.93425941467285,0.0188900860413596,37.78017208271933,5,5,TIME,TIME,5,HIGH,2020
MRK,2020-01-07,2020-01-08,2020-01-15,-0.026625969457181,0.0125239915556876,2.125997078390642,1.4311862119336949,-0.0115047185906913,0.026135234139192,0.0799642941506317,-0.0308565653352956,-0.0201037697356807,-0.025988249680104,3.0,-0.0028119225017524,0.0328753032603528,0.6586057540425522,69.28445947041209,71.18978881835938,0.027500096883356,55.00019376671217,5,5,TIME,TIME,4,HIGH,2020
COP,2020-01-08,2020-01-09,2020-01-16,-0.0231651357553159,0.0169937341776502,1.3631574739931012,1.1370092549717026,0.0122122956096362,0.0664643348552334,0.0981264861916426,-0.0115675869896922,-0.0013840267765167,0.0052633750673902,1.0,0.005329521799543,0.0367657473201608,1.08130102539623,50.730843291014565,51.12367248535156,0.0077433996530189,15.486799306037916,5,5,TIME,TIME,5,HIGH,2020
TSLA,2020-01-09,2020-01-10,2020-01-13,-0.0219450119000973,0.0352320042418182,0.6228715161781776,2.071248791060255,0.1542634748077904,0.3072012226290459,0.7774035466036364,0.065996336314215,0.1187188873063767,0.1318988412268524,1.0,0.0067810091294007,0.042142060346753,0.7700026011830419,32.11933135986328,33.40410461425781,0.04,80.00000000000007,1,1,TP,TP,1,LOW,2020
UNH,2020-01-13,2020-01-14,2020-01-15,-0.0314438623561597,0.0155701331522391,2.019498616274696,2.2758262799062328,-0.0230106453690697,0.0278980647926472,0.1533008730576095,-0.0339641898450709,-0.0195506249470611,-0.0341926400358456,3.0,0.006877200166973,0.0430094471614472,0.7787190350702892,255.52867055605617,265.7498173782984,0.04,80.00000000000007,1,1,TP,TP,4,HIGH,2020
TSLA,2020-01-15,2020-01-16,2020-01-16,-0.0361020135130578,0.039138996105761,0.9224051995483828,1.0819791307500466,0.1589997657012782,0.3494830185206463,0.8820636934853725,0.0843877004077293,0.0535619485232137,0.2394520935434767,3.0,0.0022595988731453,0.040519667181107,1.2213234560677817,32.91666793823242,34.23333465576172,0.04,80.00000000000007,0,0,TP,TP,1,LOW,2020
MS,2020-01-21,2020-01-22,2020-01-23,-0.0276476071441315,0.0206034365509081,1.341892993230437,2.142380445568735,0.0693691996466967,0.1053041194294628,0.2414404794511031,0.0562899542227288,0.0594921077857992,0.0960403655126334,1.0,-0.0019578610055853,0.0452646408033345,1.2817429319187004,45.7421822252408,44.82733858073598,-0.0199999999999999,-39.999999999999815,1,1,SL,SL,4,HIGH,2020
NFLX,2020-01-22,2020-01-23,2020-01-23,-0.0358168146562174,0.0279009762716792,1.283711878303455,3.464695738966347,-0.0210563415352955,0.0297769320536438,0.0096539172242944,-0.0372689461873304,-0.0374679213002566,-0.0143613689451701,3.0,0.0001206610284079,0.0437660887041269,0.8775185092828964,32.604000091552734,33.908160095214846,0.04,80.00000000000007,0,0,TP,TP,4,HIGH,2020
AMD,2020-01-24,2020-01-27,2020-01-28,-0.0263005344117273,0.0270109310643216,0.973699660670612,1.5378251544146189,0.0336155744679007,0.1505415276649635,0.4908799730110282,-0.0137120621626039,0.0116535666269408,0.0281804618954051,1.0,-0.0088927851666203,0.0326631900315503,1.4829628031658566,48.45000076293945,50.38800079345703,0.04,80.00000000000007,1,1,TP,TP,4,HIGH,2020
LOW,2020-01-24,2020-01-27,2020-02-03,-0.0202102431997376,0.0159757431224678,1.2650580974423993,1.076068857149558,0.0003412937915123,0.0185832558744576,0.1104555438411447,-0.0057883235169823,0.0126004285337362,-0.0104639382868194,2.0,-0.0088927851666203,0.0326631900315503,1.4829628031658566,104.82524463147304,103.876708984375,-0.0090487329691694,-18.09746593833883,5,5,TIME,TIME,5,HIGH,2020
PFE,2020-01-24,2020-01-27,2020-01-28,-0.0218616783469463,0.0150498507538365,1.4526176175782508,1.8184517966353744,0.005225676168608,0.0272366155369847,0.0295786487186999,-0.0128905566898235,-0.0194529872943755,0.0239137071921937,4.0,-0.0088927851666203,0.0326631900315503,1.4829628031658566,26.76669614636326,26.231362223435998,-0.02,-40.00000000000003,1,1,SL,SL,5,HIGH,2020
UNH,2020-01-24,2020-01-27,2020-01-27,-0.0222065974539803,0.020095906712556,1.1050308787562932,1.077803431625334,-0.0059377092302272,0.0263165675813596,0.1713172387681623,-0.0256879053370163,-0.0263682745957115,-0.0047924363462341,3.0,-0.0088927851666203,0.0326631900315503,1.4829628031658566,257.6760324161588,252.5225117678356,-0.02,-40.00000000000004,0,0,SL,SL,4,HIGH,2020
AAPL,2020-01-27,2020-01-28,2020-01-29,-0.0294051816989312,0.0180657880255703,1.6276722419919436,1.2358239681167489,0.0047480836250677,0.0832095662690166,0.353162499972139,-0.0275417715404621,-0.030684411168364,-0.004446778478953,3.0,-0.0160296588913843,0.0150889248835441,1.3621315834098084,75.21917734131473,78.22794443496733,0.04,80.00000000000007,1,1,TP,TP,5,HIGH,2020
GOOGL,2020-01-27,2020-01-28,2020-02-04,-0.0234896482007274,0.0140719065481123,1.669258399380031,1.1116249682458004,0.0083011638997294,0.0492284711854082,0.1639629318625801,-0.0351378088969458,-0.0323009355985249,0.0019384815960057,2.0,-0.0160296588913843,0.0150889248835441,1.3621315834098084,71.45341176845339,71.63529968261719,0.0025455455472609,5.091091094521882,5,5,TIME,TIME,5,HIGH,2020
MA,2020-01-27,2020-01-28,2020-02-04,-0.0244078285043829,0.0170185820548507,1.434186962563432,1.2187703186522787,0.015402878395387,0.0596016706990472,0.1535541940160856,-0.0263329231129864,-0.0243774662040918,0.0147826020567869,3.0,-0.0160296588913843,0.0150889248835441,1.3621315834098084,304.25240931617697,316.42250568882406,0.04,80.00000000000007,5,5,TP,TP,5,HIGH,2020
MS,2020-01-27,2020-01-28,2020-01-31,-0.026397796262878,0.0238992261853467,1.1045460659752762,1.0525962033155134,0.000480294666634,0.0402465450213012,0.1732924211695374,-0.0492303026368607,-0.0765085604673075,0.0172379259856974,5.0,-0.0160296588913843,0.0150889248835441,1.3621315834098084,43.80437094274787,42.92828352389292,-0.02,-40.00000000000004,3,3,SL,SL,5,HIGH,2020
AMD,2020-01-31,2020-02-03,2020-02-04,-0.0364903407921433,0.038373865979783,0.9509164599513612,1.0513241722001176,-0.0447542680608854,0.0490322120563126,0.3705121203175636,-0.0698594669419067,-0.0665342318896579,-0.0556560263670156,3.0,-0.0181576980277835,0.0053372916129368,1.7082999275388742,46.400001525878906,48.25600158691407,0.04,80.00000000000007,1,1,TP,TP,3,MEDIUM,2020
BLK,2020-01-31,2020-02-03,2020-02-06,-0.0228651905769743,0.0209416697289728,1.091851360130102,1.0233839431312637,0.0053195932615128,0.0407162722182319,0.1456111862731994,-0.0049438547820422,-0.0176776742218912,-0.0142991469146771,2.0,-0.0181576980277835,0.0053372916129368,1.7082999275388742,453.4809788534894,471.620218007629,0.04,80.00000000000007,3,3,TP,TP,5,HIGH,2020
GE,2020-01-31,2020-02-03,2020-02-06,-0.0219953550382103,0.0309237253100338,0.7112776619792812,1.1096970982271184,0.0411874487793377,0.0820312879799121,0.2311939108974625,0.0613809036755057,0.0631937014512584,0.0515200944309366,3.0,-0.0181576980277835,0.0053372916129368,1.7082999275388742,60.23787244901285,62.64738734697336,0.04,80.00000000000009,3,3,TP,TP,3,MEDIUM,2020
GS,2020-01-31,2020-02-03,2020-02-10,-0.026133576145863,0.0226888963614509,1.1518222715435729,1.0381651173778192,-0.0179110275872175,0.0278013948256037,0.1300936630610254,-0.0199108115410781,-0.0172373862379005,-0.0479336676728502,3.0,-0.0181576980277835,0.0053372916129368,1.7082999275388742,203.7038954474705,202.8492584228516,-0.0041954868989696,-8.390973797939294,5,5,TIME,TIME,4,HIGH,2020
HD,2020-01-31,2020-02-03,2020-02-07,-0.0201466804886603,0.0154287076243419,1.3057918381235476,1.136765681235448,0.0022982087176037,0.0297222086664246,0.0602160353040559,-0.0246300952426421,-0.0168103060658332,-0.0031465455560586,3.0,-0.0181576980277835,0.0053372916129368,1.7082999275388742,196.39623009513411,204.25207929893952,0.04,80.00000000000007,4,4,TP,TP,5,HIGH,2020
LLY,2020-01-31,2020-02-03,2020-02-05,-0.0212379441966665,0.0181538515184755,1.1698864108837863,1.0515638435081684,0.0088027645756707,0.0813791120261346,0.2041694697182374,0.0027286987939971,0.0040984616784827,-0.0126564371216489,2.0,-0.0181576980277835,0.0053372916129368,1.7082999275388742,130.10975579730174,135.3141460291938,0.04,80.00000000000007,2,2,TP,TP,4,HIGH,2020
MA,2020-01-31,2020-02-03,2020-02-04,-0.0262590480102968,0.0194273053625653,1.351656728518599,1.430057887805421,0.0027057437996684,0.0486903551374724,0.1472504357542441,-0.0135200170905342,-0.0238824912066188,-0.0136123062487552,2.0,-0.0181576980277835,0.0053372916129368,1.7082999275388742,307.14266130730743,319.4283677595997,0.04,80.00000000000007,1,1,TP,TP,5,HIGH,2020
MS,2020-01-31,2020-02-03,2020-02-05,-0.0289857579272269,0.0282198654251339,1.0271401897406214,1.0308429067159732,-0.0176447401545968,0.0225223566063983,0.1577660002730432,-0.0262316337973688,-0.0356924610742591,-0.0679841302044439,3.0,-0.0181576980277835,0.0053372916129368,1.7082999275388742,43.14117742321811,44.86682452014684,0.04,80.00000000000007,2,2,TP,TP,4,HIGH,2020
NVDA,2020-01-31,2020-02-03,2020-02-04,-0.0381594246553534,0.0299514062425164,1.2740445088413117,1.2582466070956655,-0.035208028154844,0.0216270715977937,0.2654473207907311,-0.0465378157319001,-0.0560922705233358,-0.0502147915672618,3.0,-0.0181576980277835,0.0053372916129368,1.7082999275388742,5.859149408225992,6.093515384555032,0.04,80.00000000000007,1,1,TP,TP,4,HIGH,2020
PLD,2020-01-31,2020-02-03,2020-02-03,-0.0346119515777165,0.0193798539199282,1.7859758758101465,1.8109604748765435,0.0019360688831848,0.0237989545672432,0.1143101863038777,-0.0280454992392484,-0.0340097658300955,-0.0050349619931054,3.0,-0.0181576980277835,0.0053372916129368,1.7082999275388742,78.00010546784331,76.44010335848644,-0.0200000000000001,-40.000000000000256,0,0,SL,SL,5,HIGH,2020
GOOGL,2020-02-04,2020-02-05,2020-02-05,-0.0250842905925967,0.0198925589118428,1.2609886291533388,2.578611616123584,-0.0017662033816326,0.0462335286765411,0.1686718399480149,-0.0060785630697363,-0.0035091733601685,-0.0248540456265408,3.0,0.0152410388436854,0.0260916909597341,0.9401408651738368,72.53728878225081,71.0865430066058,-0.02,-40.00000000000004,0,0,SL,SL,4,HIGH,2020
MSFT,2020-02-11,2020-02-12,2020-02-12,-0.0225753247893018,0.0238598080410014,0.94616539875374,1.6694079321834725,0.0734521658636271,0.1373685599388714,0.2944611864770758,0.0044113380759387,0.0239841700168064,0.1147107163365792,2.0,0.0017334165762761,0.0381432892524475,0.8121167472314841,175.09392315032483,171.59204468731832,-0.02,-40.00000000000004,0,0,SL,SL,3,MEDIUM,2020
NEE,2020-02-19,2020-02-20,2020-02-25,-0.0261312774307338,0.0148567806604402,1.7588788599615397,2.4015071631154097,0.020903252255068,0.0866234196644242,0.2227264325209195,-0.0029045451388437,0.0092593546240193,0.0382925650489007,2.0,0.0047811239116148,0.0389428199665111,0.7762302107983247,58.208511579018406,57.04434134743804,-0.02,-40.00000000000004,3,3,SL,SL,5,HIGH,2020
AMD,2020-02-20,2020-02-21,2020-02-21,-0.0276740411865534,0.0355833205325115,0.7777250906437596,1.2357747732136608,0.1073621301237266,0.1859500154868791,0.5938040200922097,0.0354366124716665,0.0627203768119635,0.1490770522156586,1.0,-0.0041082495098836,0.0331758290784109,1.1561059659098438,56.709999084472656,55.5757991027832,-0.02,-40.00000000000004,0,0,SL,SL,2,LOW,2020
AMZN,2020-02-21,2020-02-24,2020-02-25,-0.0265338233305618,0.0211245576492051,1.2560652758359785,1.0213915616433538,0.0272275617301278,0.091150483164788,0.1341494245870762,-0.0276944114058079,-0.0250712805978513,0.0223097176346587,3.0,-0.0102985350021715,0.021211993906955,1.692255137040034,100.15899658203124,98.15581665039062,-0.02,-40.00000000000004,1,1,SL,SL,5,HIGH,2020
GOOGL,2020-02-21,2020-02-24,2020-02-25,-0.0221030984746353,0.0193895491932572,1.1399490650521014,1.1755728567636912,0.0011370710296949,0.039541397914897,0.1836960064370796,-0.023679776427799,-0.0197767709377438,0.0050745215401204,2.0,-0.0102985350021715,0.021211993906955,1.692255137040034,70.5271320778335,69.11658943627683,-0.02,-40.00000000000004,1,1,SL,SL,5,HIGH,2020
MSFT,2020-02-21,2020-02-24,2020-02-24,-0.0316127438873795,0.0254283177197568,1.2432101972210925,1.3699112298786549,0.0027641774248159,0.0725978572840779,0.2392129455665537,-0.0435412344151928,-0.0252148718656596,-0.0247899092314876,2.0,-0.0102985350021715,0.021211993906955,1.692255137040034,158.72259003491985,155.54813823422143,-0.02,-40.00000000000004,0,0,SL,SL,5,HIGH,2020
COST,2020-02-24,2020-02-25,2020-02-25,-0.0258732553623942,0.0144446574403913,1.7911989584498746,1.2702444519296077,0.0018844258701145,0.0332331097444307,0.1006310722675027,-0.0291002427661356,-0.0147339905200557,-3.1682345338457374e-05,2.0,-0.033165371563962,-0.0132868207662598,2.27153591562533,287.33086802976584,281.5842506691705,-0.02,-40.00000000000004,0,0,SL,SL,4,HIGH,2020
HD,2020-02-24,2020-02-25,2020-02-25,-0.0229885250277502,0.0150992561065759,1.5224938808567203,1.500014018560574,0.0046902194450861,0.0485564020691167,0.0979436009646919,-0.0161713277404902,-0.0217526222853857,0.0101137515231213,4.0,-0.033165371563962,-0.0132868207662598,2.27153591562533,209.87024078350544,205.6728359678353,-0.0200000000000001,-40.000000000000256,0,0,SL,SL,4,HIGH,2020
KO,2020-02-24,2020-02-25,2020-02-26,-0.0246134176079045,0.0110705340652114,2.223327028571356,1.2541973698005142,-0.0053590740879375,0.032141537797836,0.1011459007140016,-0.0187385628471282,-0.0216848098818731,-0.0091232642453161,3.0,-0.033165371563962,-0.0132868207662598,2.27153591562533,48.18679743910445,47.223061490322365,-0.02,-40.00000000000004,1,1,SL,SL,3,MEDIUM,2020
LLY,2020-02-24,2020-02-25,2020-02-25,-0.0273864113173418,0.0177499475365888,1.542900972574086,1.344602349086348,-0.0257185808102783,0.0144982952650611,0.1761182753795733,-0.0190299238581841,-0.0210458745761471,-0.0515259998394803,3.0,-0.033165371563962,-0.0132868207662598,2.27153591562533,129.30440916373306,126.7183209804584,-0.02,-40.00000000000004,0,0,SL,SL,3,MEDIUM,2020
NFLX,2020-02-24,2020-02-25,2020-02-25,-0.0299155691980584,0.0282420851976276,1.0592549731622287,1.2699714657382886,0.002842323288301,0.070459248124719,0.1428167274935006,-0.0452886033509951,-0.0307571491977803,0.0052621752938613,4.0,-0.033165371563962,-0.0132868207662598,2.27153591562533,37.20000076293945,36.45600074768066,-0.02,-40.00000000000004,0,0,SL,SL,4,HIGH,2020
PEP,2020-02-24,2020-02-25,2020-02-27,-0.0220084598317447,0.0129096073805764,1.704812484449229,1.3050706890577,-0.0121710238681428,0.0164919076221952,0.0647185845181601,-0.0198583299944209,-0.0295938298637542,-0.0187794006381788,4.0,-0.033165371563962,-0.0132868207662598,2.27153591562533,116.47523000899196,114.14572540881213,-0.02,-40.00000000000004,2,2,SL,SL,3,MEDIUM,2020
ADBE,2020-02-25,2020-02-26,2020-02-27,-0.0268879319847628,0.0261377562973374,1.0287008448197132,1.6251590972588703,-0.0504195355660157,0.0003382031420056,0.1505863422410505,-0.0822250484608295,-0.0819586058078691,-0.0600000329919763,4.0,-0.0303017999630954,-0.0431724379205229,2.818917491500137,349.3999938964844,342.4119940185547,-0.0199999999999999,-39.999999999999815,1,1,SL,SL,3,MEDIUM,2020
COST,2020-02-25,2020-02-26,2020-02-27,-0.0278999092064025,0.0167963748361775,1.6610673123529751,1.564643763658328,-0.025456467684045,0.003731981022885,0.0687425845095996,-0.0592752667742648,-0.0533454422340714,-0.0284266353743661,3.0,-0.0303017999630954,-0.0431724379205229,2.818917491500137,280.53522990406674,274.9245253059854,-0.02,-40.00000000000004,1,1,SL,SL,3,MEDIUM,2020
CRM,2020-02-25,2020-02-26,2020-02-27,-0.0251156047624879,0.0273703665154296,0.9176203303061136,2.374955839714364,-0.0318350862194181,0.0177589707763645,0.1352466550163469,-0.0625258850031914,-0.0513895597362273,-0.0415080695931099,3.0,-0.0303017999630954,-0.0431724379205229,2.818917491500137,173.5377020909366,170.06694804911783,-0.02,-40.00000000000004,1,1,SL,SL,2,LOW,2020
DUK,2020-02-25,2020-02-26,2020-02-27,-0.0296190969809099,0.0152681769922052,1.93992360686093,1.1569990954319314,0.0114942155174737,0.0592810175166624,0.1067269019599435,-0.0212956105215641,-0.0269555007378009,0.0416435021199821,3.0,-0.0303017999630954,-0.0431724379205229,2.818917491500137,76.94943220398521,75.4104435599055,-0.02,-40.00000000000004,1,1,SL,SL,4,HIGH,2020
NFLX,2020-02-25,2020-02-26,2020-02-26,-0.0233523212904293,0.0298020707751878,0.7835804923284612,1.200124434305353,-0.0228633712808498,0.0417618706811782,0.1161753182947,-0.0671243447071271,-0.071406493779893,-0.029590094020207,5.0,-0.0303017999630954,-0.0431724379205229,2.818917491500137,36.63100051879883,38.096240539550784,0.04,80.00000000000007,0,0,TP,TP,2,LOW,2020
DUK,2020-02-27,2020-02-28,2020-02-28,-0.0399234336113033,0.01925408468625,2.0735046231418086,1.3168905527416868,-0.0335106525951451,0.0101602389142441,0.0575304257257565,-0.0714568220673589,-0.0634922006033602,-0.0204693913371327,4.0,-0.0449120666476642,-0.0882602514396078,2.970406249110443,72.30719147641659,70.86104764688825,-0.0200000000000001,-40.000000000000256,0,0,SL,SL,3,MEDIUM,2020
NFLX,2020-03-03,2020-03-04,2020-03-05,-0.032226759103041,0.0397402005757741,0.8109359951918983,1.36289093336831,-0.0162985659631078,0.0467433694023504,0.141248551409713,-0.0079094595683257,0.0241050864432736,-0.0490226670417945,3.0,-0.0286326899444926,-0.0771577467289796,2.326682596022457,37.777000427246094,37.02146041870117,-0.0199999999999999,-39.999999999999815,1,1,SL,SL,2,LOW,2020
HD,2020-03-05,2020-03-06,2020-03-06,-0.0260080234558276,0.0329415528153951,0.7895202634064313,1.2649079342253344,-0.0125757889533725,0.0166500582260573,0.0672380258319182,0.0211791293158629,0.0448535987403548,-0.0494293132462257,3.0,-0.0332415880214581,-0.0689177612389499,1.3243659774153242,194.0681294061982,190.18676681807423,-0.02,-40.00000000000003,0,0,SL,SL,1,LOW,2020
NEE,2020-03-05,2020-03-06,2020-03-06,-0.0214725674448348,0.031490293629802,0.6818789210816847,1.050758438998952,0.0206097532354534,0.0674365253997768,0.2119189134301615,0.0291036398303818,0.0793821834786872,0.0020653702747392,3.0,-0.0332415880214581,-0.0689177612389499,1.3243659774153242,56.947599450329925,55.808647461323325,-0.02,-40.00000000000004,0,0,SL,SL,2,LOW,2020
NFLX,2020-03-05,2020-03-06,2020-03-06,-0.0286876076266111,0.043568391970298,0.658449998479825,1.4178534117553616,-0.0079688678461266,0.0528985668737795,0.1526951549014412,-0.0217031800089638,0.0028785461643416,-0.0342486696489826,3.0,-0.0332415880214581,-0.0689177612389499,1.3243659774153242,36.77000045776367,36.0346004486084,-0.0199999999999999,-39.999999999999815,0,0,SL,SL,2,LOW,2020
NEE,2020-03-09,2020-03-10,2020-03-10,-0.0387759216174313,0.039646475889378,0.9780420768197492,1.234854302996452,-0.0340297638114069,0.0055448456694826,0.1430780536833154,-0.0741972225012786,-0.0263461438161578,-0.041233296187528,4.0,-0.0780945721053663,-0.1521262436011219,1.9111536790168324,56.326281018570974,55.19975539819956,-0.0199999999999999,-39.999999999999815,0,0,SL,SL,2,LOW,2020
WMT,2020-03-19,2020-03-20,2020-03-20,-0.0212223455121846,0.0695847437649101,0.3049856098325754,1.4661200217990369,0.0442141380132432,0.0372848783672383,0.0434789826284753,0.1238155487158874,0.1530857036106201,0.0350118346924877,2.0,0.0021249274602146,-0.2312344541204266,1.106906677665261,36.53467964179141,35.803986048955586,-0.02,-40.00000000000004,0,0,SL,SL,3,MEDIUM,2020
NVDA,2020-04-07,2020-04-08,2020-04-13,-0.0349105353650153,0.079061430594209,0.441562151135327,1.0537009816562657,0.0894234526733295,0.0159505409465547,0.2408736600979248,0.0139353910531645,-0.0173366554595814,0.0395298151559346,3.0,0.0010193483283453,-0.0894069499589137,0.7896116660306656,6.551895173160466,6.420857269697257,-0.02,-40.00000000000004,2,2,SL,SL,3,MEDIUM,2020
NFLX,2020-04-17,2020-04-20,2020-04-21,-0.036910499108019,0.0432749258405441,0.8529303838445328,1.332010785905685,0.1206420750043371,0.1486505672297966,0.3039617676213766,0.0227542474309252,0.1409150581558194,0.1428880808747168,1.0,0.0270151562835592,0.0066234789972579,0.7442883207970505,43.516998291015625,42.64665832519531,-0.02,-40.00000000000004,1,1,SL,SL,2,LOW,2020
AMZN,2020-04-21,2020-04-22,2020-04-28,-0.0273603309593145,0.03520007482189,0.7772804773215958,1.2162179747864983,0.1169241136466447,0.160372668676856,0.2438085421838249,-0.0332490533390731,0.0196205337542199,0.165464351193447,2.0,-0.0303636673322555,-0.0338317379769487,0.7232530682433003,118.4499969482422,116.08099700927734,-0.02,-40.00000000000003,4,4,SL,SL,2,LOW,2020
NFLX,2020-04-22,2020-04-23,2020-04-23,-0.0286057014438132,0.0446703946458456,0.6403727047993208,2.004175682849616,0.0818331387943887,0.1329030227088692,0.2961309035248498,-0.0036410804352196,-0.0124897704879639,0.1319973559029077,3.0,0.0221949838449062,-0.0086253938054391,0.5545408868277598,41.92599868774414,43.60303863525391,0.04,80.00000000000009,0,0,TP,TP,4,HIGH,2020
UPS,2020-04-22,2020-04-23,2020-04-27,-0.0299144829570257,0.0405915691960595,0.7369629592917945,1.0413911899877777,0.002825401761354,0.0115662034300239,-0.111888221567883,-0.0500242252919873,-0.0231182800025429,0.0505866209826535,3.0,0.0221949838449062,-0.0086253938054391,0.5545408868277598,74.66139411781731,77.64784988253001,0.04,80.00000000000007,2,2,TP,TP,4,HIGH,2020
MRK,2020-04-28,2020-04-29,2020-04-29,-0.0333411500353779,0.0348343894820871,0.9571331816371556,1.6509895936455408,0.0097896636161349,0.039662952598596,-0.019742569708233,0.0037094197812783,0.0333504994459408,-0.0200380600106437,1.0,-0.0045982156057101,0.0298963768565259,0.7593742084216382,64.44641965195511,63.15749125891601,-0.02,-40.00000000000004,0,0,SL,SL,3,MEDIUM,2020
AMD,2020-04-29,2020-04-30,2020-04-30,-0.033327301928659,0.0532586154225056,0.6257635814275384,1.3437971591048976,0.0309813076793161,0.1080366656588034,0.3305578214659812,-0.0448558284812168,-0.0404148497055615,-0.024186248235295,3.0,0.0261782812605748,0.0600325199980589,0.8807679364559685,53.43000030517578,52.361400299072265,-0.02,-40.00000000000004,0,0,SL,SL,4,HIGH,2020
AMT,2020-04-29,2020-04-30,2020-05-04,-0.0275941627888487,0.0414404467529949,0.6658751280680746,1.434457587797004,-0.0216869732721277,0.0161559293456414,0.057989990111366,-0.0318875843547489,-0.063918100511655,-0.0431532061559991,4.0,0.0261782812605748,0.0600325199980589,0.8807679364559685,195.3851558086022,191.47745269243012,-0.02,-40.00000000000004,2,2,SL,SL,3,MEDIUM,2020
PEP,2020-04-29,2020-04-30,2020-05-01,-0.0217137930701245,0.0286228926443482,0.7586163054841365,1.2358869370207732,0.0107508772474571,0.0277925681599813,0.0017074943304211,-0.0074426476157792,0.005579828894761,-0.012367574923905,2.0,0.0261782812605748,0.0600325199980589,0.8807679364559685,108.88998318752296,106.71218352377252,-0.02,-40.00000000000004,1,1,SL,SL,4,HIGH,2020
WMT,2020-04-29,2020-04-30,2020-05-07,-0.034375121239953,0.0290048402679125,1.1851511996768864,1.5357494171501158,-0.0190477756040328,0.0398666987640874,0.0623567056766132,-0.0451176364894054,-0.0607188245433162,-0.0400747401059334,4.0,0.0261782812605748,0.0600325199980589,0.8807679364559685,37.62920244012965,37.42930603027344,-0.0053122680496421,-10.624536099284269,5,5,TIME,TIME,4,HIGH,2020
DIS,2020-04-30,2020-05-01,2020-05-04,-0.036525708584656,0.0376065287192113,0.9712597739976164,1.0369410996959894,0.0513064292269251,0.0215396709124726,-0.171701053609649,0.0197057821270643,0.0707920420657308,0.0600862401094024,1.0,-0.0093106276012318,0.0536584877743957,0.9346998014303752,103.12274248480148,101.06028763510544,-0.0200000000000001,-40.00000000000026,1,1,SL,SL,3,MEDIUM,2020
TSLA,2020-04-30,2020-05-01,2020-05-01,-0.0232726749233698,0.0732931218971052,0.3175287710631545,1.5468633828302016,0.162300270593791,0.2295372887541227,0.8239632706854301,-0.0211205281002421,0.108059437982098,0.0492075510640812,2.0,-0.0093106276012318,0.0536584877743957,0.9346998014303752,50.33333206176758,49.32666542053222,-0.0200000000000001,-40.000000000000256,0,0,SL,SL,2,LOW,2020
PFE,2020-05-07,2020-05-08,2020-05-15,-0.0306844885800665,0.028006192228722,1.095632291939984,1.395756183611933,0.0087673503749285,0.0864031640602673,0.0293185984243147,-0.0077525887099283,-0.026894147219322,0.0173982274762098,3.0,0.0120669646103386,0.0575473713998602,0.6816840795635687,25.812807481014307,26.166215896606445,0.0136912040990533,27.382408198106663,5,5,TIME,TIME,5,HIGH,2020
GS,2020-05-12,2020-05-13,2020-05-13,-0.0324853607419168,0.0336525685644659,0.9653159365736644,1.0973338053447563,-0.0159702333184715,0.0338067630140206,-0.1387956085996058,-0.0280276441411547,-0.00611355015681,-0.0524037018044037,3.0,-0.0199318180706122,0.0558503824724303,0.9489175432475436,151.03794290322512,148.0171840451606,-0.02,-40.00000000000004,0,0,SL,SL,3,MEDIUM,2020
MS,2020-05-12,2020-05-13,2020-05-13,-0.0354005377194223,0.0380203598146895,0.9310942319316236,1.0099727159793204,-0.0016010872136723,0.0437210306437456,-0.1281988126007316,-0.010048726031542,0.0115849844334479,-0.0341881799171308,3.0,-0.0199318180706122,0.0558503824724303,0.9489175432475436,31.54096419359358,30.91014490972171,-0.02,-40.00000000000004,0,0,SL,SL,3,MEDIUM,2020
NVDA,2020-05-12,2020-05-13,2020-05-13,-0.0326078314556707,0.0338307585195479,0.9638516215008708,1.1206255466078043,0.0613768819176243,0.171867642714895,0.3946703013317563,0.0237150103930023,0.0625041768826253,0.0711835108194143,1.0,-0.0199318180706122,0.0558503824724303,0.9489175432475436,7.877395816576789,7.719847900245253,-0.02,-40.00000000000004,0,0,SL,SL,3,MEDIUM,2020
AMD,2020-05-13,2020-05-14,2020-05-14,-0.029389844971862,0.0462547236460409,0.6353912131605087,1.0753242186914964,-0.036469386415154,0.0648675357835975,0.2638651620777921,-0.0189885006130839,0.0003834443600878,-0.0275810575185401,3.0,-0.0176857720701482,0.038468481968044,1.4163479981293623,52.09999847412109,54.18399841308594,0.04,80.00000000000007,0,0,TP,TP,3,MEDIUM,2020
CVX,2020-05-13,2020-05-14,2020-05-14,-0.0263444503579263,0.0425270158956891,0.619475639262918,1.0164037823390992,-0.0044668830157559,0.0879191541118591,-0.164681184284349,-0.0709124048825515,-0.0149915828438512,-0.0625660257849459,3.0,-0.0176857720701482,0.038468481968044,1.4163479981293623,65.73901004251208,68.36857044421257,0.04,80.00000000000007,0,0,TP,TP,3,MEDIUM,2020
GS,2020-05-13,2020-05-14,2020-05-14,-0.0305288547718822,0.0354731538382396,0.8606185655523121,1.109770769347225,-0.0442282675342045,0.0059582792733217,-0.164181482449538,-0.0733051841201679,-0.0289398807915319,-0.0959323402724573,3.0,-0.0176857720701482,0.038468481968044,1.4163479981293623,145.34589796431925,142.43898000503287,-0.0199999999999999,-39.999999999999815,0,0,SL,SL,3,MEDIUM,2020
NKE,2020-05-13,2020-05-14,2020-05-18,-0.0253797047155689,0.0269538962630565,0.9415968833550328,1.0215354861493715,-0.021599654357307,0.0324966208566952,-0.0482396837333156,-0.0490827270043017,-0.0273632595641892,-0.0232773598280017,2.0,-0.0176857720701482,0.038468481968044,1.4163479981293623,76.60113879397568,79.66518434573472,0.04,80.00000000000007,2,2,TP,TP,3,MEDIUM,2020
TSLA,2020-05-13,2020-05-14,2020-05-14,-0.0227943726134135,0.065910858522253,0.3458363784734745,1.0927751203439702,0.0359829197992633,0.2447794583864335,0.7476175770245292,-0.0347318462149316,0.0107081618448827,-0.0119298701079619,4.0,-0.0176857720701482,0.038468481968044,1.4163479981293623,52.0,50.96,-0.02,-40.00000000000004,0,0,SL,SL,3,MEDIUM,2020
UNH,2020-05-13,2020-05-14,2020-05-14,-0.0337156137664397,0.029480987792457,1.143639216019285,1.3112134970603628,-0.0316405741022991,0.0486711021043317,0.0658555693322313,-0.0313587489539273,-0.037295610724505,-0.0335474510950325,3.0,-0.0176857720701482,0.038468481968044,1.4163479981293623,247.94613034097452,257.86397555461355,0.04,80.00000000000007,0,0,TP,TP,4,HIGH,2020
HD,2020-05-19,2020-05-20,2020-05-20,-0.0295495946863627,0.0299154137831911,0.987771551499182,1.6639722618110655,0.05673334190412,0.1690341198065463,0.0865209823914414,0.0154381558837972,0.0223269192317729,0.0553610867368572,2.0,-0.0102711600236893,0.0784484902458171,0.9583039094083556,207.75453240931145,203.5994417611252,-0.0200000000000001,-40.000000000000256,0,0,SL,SL,3,MEDIUM,2020
PEP,2020-05-19,2020-05-20,2020-05-21,-0.0279663661255941,0.022898572734686,1.2213148151033657,1.11840022097512,-0.009370059530352,0.0284223741887015,-0.0131476299798838,-0.0101442719364234,-0.0091016789496728,0.0004555874460505,2.0,-0.0102711600236893,0.0784484902458171,0.9583039094083556,108.9968920247686,106.81695418427324,-0.02,-40.00000000000004,1,1,SL,SL,4,HIGH,2020
WMT,2020-05-19,2020-05-20,2020-05-22,-0.0212283750829574,0.0226398886569081,0.9376536874654652,2.6497654439548777,0.0005800329878777,0.032602759840639,0.0700836044048438,0.0123967441259349,0.0094523217416446,0.0061704553400503,3.0,-0.0102711600236893,0.0784484902458171,0.9583039094083556,38.841846511170985,38.06500958094757,-0.0199999999999999,-39.999999999999815,2,2,SL,SL,3,MEDIUM,2020
LLY,2020-05-20,2020-05-21,2020-05-21,-0.0227821791602541,0.0282652825623304,0.8060127865346841,1.2570966878521328,-0.0208399524200546,0.0468642367866516,0.2045117443141089,-0.0383093844807007,-0.0258285807543233,-0.0180567820874612,3.0,0.016988076312965,0.0959437668565348,0.8674956444215254,143.199931411143,140.33593278292014,-0.0200000000000001,-40.000000000000256,0,0,SL,SL,3,MEDIUM,2020
AMZN,2020-05-21,2020-05-22,2020-05-27,-0.0204969304541705,0.0213934851347304,0.9580921633425498,1.0968258019133974,0.0254978558241003,0.1266209549511363,0.2740386911619585,0.0084409289682025,0.0242334244425641,0.0334218656439531,1.0,-0.006904116161149,0.0866026652346125,0.8017338050721653,122.75050354003906,120.29549346923828,-0.02,-40.00000000000004,2,2,SL,SL,3,MEDIUM,2020
NFLX,2020-05-21,2020-05-22,2020-05-22,-0.0255098249740102,0.0304117846869563,0.8388138097318376,1.2744267574685073,0.0085924098227223,0.0996265511949454,0.3018511702367161,-0.0360820062991645,-0.0128973797660411,-0.0006414193298968,4.0,-0.006904116161149,0.0866026652346125,0.8017338050721653,43.70000076293945,42.826000747680666,-0.0199999999999999,-39.999999999999815,0,0,SL,SL,4,HIGH,2020
NVDA,2020-05-21,2020-05-22,2020-05-26,-0.0217107499473984,0.0376891602752329,0.5760475900458153,1.5051304343010925,0.1195511944544445,0.2664784611320097,0.5263095036364689,0.002857541594067,0.09274048101096,0.1513434439572689,1.0,-0.006904116161149,0.0866026652346125,0.8017338050721653,8.780548617812489,9.131770562524988,0.04,80.00000000000007,1,1,TP,TP,1,LOW,2020
ADBE,2020-05-26,2020-05-27,2020-05-27,-0.0224004689406061,0.0259481596248005,0.8632777532012855,1.2603660280240203,0.0367228300343489,0.1188248370104045,0.1884176829330472,-0.0182467479365653,0.023534537145367,0.01402722326941,2.0,0.0123209175187777,0.0956106569274013,0.9155785057870444,373.239990234375,365.7751904296875,-0.02,-40.00000000000004,0,0,SL,SL,4,HIGH,2020
LLY,2020-05-26,2020-05-27,2020-05-27,-0.0211694984933294,0.0274217332468449,0.7719970981690295,1.751335754196775,-0.0445874568169415,0.0049398341542068,0.1582889173190966,-0.033761939143339,-0.0633072858500365,-0.0623993744033818,5.0,0.0123209175187777,0.0956106569274013,0.9155785057870444,138.54348986232262,135.77262006507615,-0.02,-40.00000000000004,0,0,SL,SL,3,MEDIUM,2020
NFLX,2020-05-26,2020-05-27,2020-05-27,-0.0338907584843073,0.0328443613309252,1.0318592632336194,1.1143474836653522,-0.0408156499562935,0.0354329787477891,0.2336295840729252,-0.0734915725071152,-0.0835432029347663,-0.058453578885357,5.0,0.0123209175187777,0.0956106569274013,0.9155785057870444,41.03799819946289,40.21723823547363,-0.02,-40.00000000000004,0,0,SL,SL,4,HIGH,2020
NVDA,2020-05-26,2020-05-27,2020-05-27,-0.0341780710560065,0.0411414038773849,0.8307463488088207,1.389943315241481,0.0908027431351652,0.2356549823451852,0.5032887700099495,-0.0281212509014934,-0.0037139496360211,0.0808693282544517,2.0,0.0123209175187777,0.0956106569274013,0.9155785057870444,8.581314301909094,8.409688015870913,-0.0199999999999999,-39.999999999999815,0,0,SL,SL,3,MEDIUM,2020
NVDA,2020-05-27,2020-05-28,2020-05-28,-0.0220812229065845,0.0463810871643887,0.4760824779359295,1.989025524788985,0.0584966844751515,0.1961118292150867,0.4641865586513889,-0.0284892962379103,-0.0318266973059292,0.0926307303840234,3.0,0.0148786103533289,0.1066350911128439,1.0791389200868644,8.369638474669662,8.704424013656448,0.04,80.00000000000007,0,0,TP,TP,4,HIGH,2020
BA,2020-05-29,2020-06-01,2020-06-01,-0.026498471676829,0.0540917622988196,0.48987998450565,1.1067648397288363,0.0974499782795994,0.0726741733454436,-0.4865862629320517,0.0077386195608339,0.0492806194497525,0.1904179733894033,2.0,0.0044560173042134,0.1001007038309371,1.2467234993866665,145.4499969482422,151.26799682617187,0.04,80.00000000000007,0,0,TP,TP,3,MEDIUM,2020
BAC,2020-05-29,2020-06-01,2020-06-02,-0.0297665750267897,0.0459902680206801,0.6472363895205987,1.5725320097534454,0.0515533068079225,0.0764494789274665,-0.1605807788679548,-0.0065896951605446,0.0532752763707549,0.1110088752622897,3.0,0.0044560173042134,0.1001007038309371,1.2467234993866665,20.86255100879419,21.69705304914596,0.04,80.00000000000007,1,1,TP,TP,4,HIGH,2020
CRM,2020-05-29,2020-06-01,2020-06-05,-0.0348427566972713,0.0363742847775671,0.9578953073672424,2.752978344550581,0.0143542361174087,0.0986101391849592,0.0827933522494304,-0.0098007514985254,-0.0026818988127017,0.0466465880662767,2.0,0.0044560173042134,0.1001007038309371,1.2467234993866665,170.1562395515942,166.7531147605623,-0.0200000000000001,-40.000000000000256,4,4,SL,SL,4,HIGH,2020
JPM,2020-05-29,2020-06-01,2020-06-03,-0.0255357577482786,0.0407753997851878,0.6262540130276013,1.065619836636346,0.0632240430363759,0.0681580309287841,-0.1510195815382495,0.0155497145686418,0.0791835755214052,0.1118598827945309,3.0,0.0044560173042134,0.1001007038309371,1.2467234993866665,83.06157076236455,86.38403359285914,0.04,80.00000000000007,2,2,TP,TP,3,MEDIUM,2020
LOW,2020-06-04,2020-06-05,2020-06-11,-0.0313158851619473,0.0315733641926678,0.9918450555617307,1.063033928831372,0.0671089552727997,0.2247553917820093,0.1725688442972317,-0.0049490272557108,0.0043709252989592,0.0999230634145726,2.0,-0.0026263358376974,0.1014083985471347,0.8195795365281311,116.1164749853075,113.79414548560136,-0.02,-40.00000000000004,4,4,SL,SL,3,MEDIUM,2020
NEE,2020-06-04,2020-06-05,2020-06-11,-0.029624625760936,0.0289081748598984,1.024783678129452,1.180777132297288,0.0613084220165052,0.0731533991298276,0.0687933568017202,-0.0147076967737054,0.0076283402437566,0.0880085619016088,1.0,-0.0026263358376974,0.1014083985471347,0.8195795365281311,53.7687802692925,52.69340466390665,-0.02,-40.00000000000004,4,4,SL,SL,5,HIGH,2020
NKE,2020-06-04,2020-06-05,2020-06-10,-0.027183133219497,0.027341167533166,0.9942199134884296,1.2597450792778035,0.0791368748145939,0.1416812816454806,0.1101135037436769,0.0174802529415278,0.0312069358223536,0.0923359958525686,1.0,-0.0026263358376974,0.1014083985471347,0.8195795365281311,93.95754235591636,92.07839150879802,-0.02,-40.00000000000004,3,3,SL,SL,3,MEDIUM,2020
COP,2020-06-09,2020-06-10,2020-06-10,-0.0333928586169038,0.0379836482764667,0.8791377377405006,1.1082748423258966,0.1075307515328265,0.2457815207036149,-0.039160622645888,0.0876765603149829,0.1002265023397033,0.1135795856686496,2.0,-0.0074568073025796,0.1187840724257542,0.8070664249192352,38.39092713639868,37.62310859367071,-0.02,-40.00000000000004,0,0,SL,SL,1,LOW,2020
UPS,2020-06-09,2020-06-10,2020-06-10,-0.0237210925020122,0.023174378308981,1.0235913208001512,1.10197336678568,0.0943980787045195,0.1152423669052375,0.008912748640248,0.0448643863349733,0.065829869126013,0.1108479456270097,2.0,-0.0074568073025796,0.1187840724257542,0.8070664249192352,82.75416332678695,81.09908006025121,-0.02,-40.00000000000004,0,0,SL,SL,4,HIGH,2020
XOM,2020-06-09,2020-06-10,2020-06-10,-0.022287113648475,0.0339658861766617,0.6561617009653852,1.1279407118743312,0.1508562294475324,0.2261516282546973,-0.0657071244660161,0.09002014852002,0.1312617608436226,0.1657590917326659,2.0,-0.0074568073025796,0.1187840724257542,0.8070664249192352,41.04656547714895,40.22563416760597,-0.02,-40.00000000000004,0,0,SL,SL,1,LOW,2020
CVX,2020-06-10,2020-06-11,2020-06-11,-0.038904718618686,0.03235439894414,1.2024553040177048,1.0558706328648708,0.0406348401514731,0.1070162924142417,-0.0500085858718899,-0.0320405117568534,0.0041164502982391,0.0391906310455865,3.0,-0.0055801493974733,0.1081083623137784,0.9900297548331805,70.53259561328478,69.12194370101909,-0.0199999999999999,-39.999999999999815,0,0,SL,SL,5,HIGH,2020
MS,2020-06-10,2020-06-11,2020-06-11,-0.0339285299049932,0.0414869304372962,0.8178124905209178,1.0934494377073458,0.1103890198879991,0.2108148681666994,0.0958738099882527,-0.0169593476091952,0.0379452443110608,0.0390525836010815,1.0,-0.0055801493974733,0.1081083623137784,0.9900297548331805,38.138527475291575,37.375756925785744,-0.02,-40.00000000000004,0,0,SL,SL,2,LOW,2020
AMZN,2020-06-11,2020-06-12,2020-06-12,-0.0338023004521874,0.0247714024113916,1.3645695100670934,1.4844778759023487,0.0350397781290117,0.0895853542231224,0.2992438469752378,0.0134307398039377,0.0395676167887113,0.0653284103069367,1.0,-0.057649137381545,0.0411267676500819,2.1096583010233187,130.0605010986328,127.45929107666016,-0.02,-40.00000000000004,0,0,SL,SL,3,MEDIUM,2020
DUK,2020-06-11,2020-06-12,2020-06-12,-0.0344825279541189,0.0256086506585919,1.3465187375091043,1.390205592013326,0.0123582302081817,0.0327123022507187,-0.0173020988107891,-0.0525512823906195,-0.0153772046183326,0.0145635707453364,3.0,-0.057649137381545,0.0411267676500819,2.1096583010233187,69.7250856908671,68.33058397704976,-0.0200000000000001,-40.000000000000256,0,0,SL,SL,4,HIGH,2020
NFLX,2020-06-11,2020-06-12,2020-06-12,-0.0205303366666862,0.0323036447408522,0.6355424235062517,1.191274511603629,-0.0107327883939317,0.0142465500970645,0.238886886629648,0.0144699140531427,0.0271040266219531,0.0293149655077347,2.0,-0.057649137381545,0.0411267676500819,2.1096583010233187,42.900001525878906,42.042001495361326,-0.02,-40.00000000000004,0,0,SL,SL,1,LOW,2020
TSLA,2020-06-12,2020-06-15,2020-06-15,-0.0386086331107897,0.0461657072807757,0.8363054610205688,1.457738928083523,0.0752087574596573,0.2090300512703296,0.7995506643305579,-0.0057299536479433,0.0560260575796791,0.1200958041780253,3.0,0.0119758191668024,0.0493748649650365,1.8934192852768648,61.18600082397461,63.6334408569336,0.04,80.00000000000007,0,0,TP,TP,3,MEDIUM,2020
BA,2020-06-19,2020-06-22,2020-06-24,-0.0274064652227117,0.1010319840711085,0.2712652381786588,1.1161356296423823,0.0489769572840861,0.231640986609251,-0.3137960845656599,-0.0543560690082712,-0.0131390971798333,-0.0896168478785655,3.0,-0.0057149347868858,0.051252561124151,1.2671939349516723,184.55999755859372,180.86879760742187,-0.02,-40.00000000000004,2,2,SL,SL,3,MEDIUM,2020
DIS,2020-06-19,2020-06-22,2020-06-24,-0.033961309639551,0.0371978180239229,0.912991982962805,1.5882048768947394,-0.0431483138573151,0.0247590650785962,-0.0963889130659902,-0.0345322685649112,-0.0098709749906092,-0.0838808685846681,2.0,-0.0057149347868858,0.051252561124151,1.2671939349516723,110.7144216248428,108.50013319234594,-0.02,-40.00000000000004,2,2,SL,SL,3,MEDIUM,2020
KO,2020-06-19,2020-06-22,2020-06-24,-0.0206425278236462,0.0283993682167209,0.7268657410305499,1.5622375083458886,-0.0163693401605775,0.0008691671578562,-0.09578857820672,-0.0160359226531492,0.0092105882270496,-0.0540216008704533,2.0,-0.0057149347868858,0.051252561124151,1.2671939349516723,38.46368341943364,37.69440975104497,-0.0199999999999999,-39.999999999999815,2,2,SL,SL,3,MEDIUM,2020
MA,2020-06-19,2020-06-22,2020-06-24,-0.0273908777719207,0.0293904641522512,0.9319647906895212,1.0753147255379836,-0.0210256302323984,0.0455272065909508,0.0400204141275375,-0.0262086619452704,-0.0043321215288066,-0.0493137101896085,3.0,-0.0057149347868858,0.051252561124151,1.2671939349516723,289.09109566687926,283.3092737535417,-0.02,-40.00000000000003,2,2,SL,SL,3,MEDIUM,2020
NEE,2020-06-19,2020-06-22,2020-06-25,-0.0269954846770534,0.0321149375677663,0.8405896670385796,1.5403372951588423,-0.0303275595406777,0.0100952084259589,0.019801507838455,-0.0240158719230396,-0.0190354615458692,-0.0478416674936624,3.0,-0.0057149347868858,0.051252561124151,1.2671939349516723,51.85411835465646,50.81703598756333,-0.02,-40.00000000000003,3,3,SL,SL,3,MEDIUM,2020
NKE,2020-06-19,2020-06-22,2020-06-23,-0.0271203511958056,0.0324330064443314,0.8361960289545002,1.4432929041367206,-0.0352795309921419,0.0355691198062626,0.039187297230999,-0.0329159711364295,-0.0067405518514295,-0.0674714553740707,2.0,-0.0057149347868858,0.051252561124151,1.2671939349516723,87.49797450503243,90.99789348523372,0.04,80.00000000000007,1,1,TP,TP,3,MEDIUM,2020
PLD,2020-06-19,2020-06-22,2020-06-22,-0.0338626615748269,0.0370900290323765,0.912985577478724,3.4183119738625307,-0.0188053032061998,0.0240248785143324,0.0589488247259981,-0.0519091743871154,-0.0214101818482792,-0.0341909791725953,3.0,-0.0057149347868858,0.051252561124151,1.2671939349516723,77.71412338340103,76.15984091573301,-0.0199999999999999,-39.999999999999815,0,0,SL,SL,3,MEDIUM,2020
XOM,2020-06-19,2020-06-22,2020-06-24,-0.0200339821607432,0.0535946890728672,0.3738053621974574,1.83517849211444,-0.04148425385313,0.0221459463533781,-0.1872666020245288,-0.0460582596300018,-0.0252278961163479,-0.1337603429415647,3.0,-0.0057149347868858,0.051252561124151,1.2671939349516723,35.05453070747124,34.35344009332181,-0.0200000000000001,-40.000000000000256,2,2,SL,SL,3,MEDIUM,2020
ABBV,2020-06-24,2020-06-25,2020-07-01,-0.0222996891538468,0.0278461407835392,0.8008179419615991,1.0355514350690629,0.0109767776224758,0.0653139397152089,0.1507573066195953,-0.0162340944477872,-0.006266898667797,-0.0181632166198753,1.0,-0.025508621441264,0.0292499506132302,1.231137721664533,74.57450882593349,77.55748917897084,0.04,80.00000000000007,4,4,TP,TP,3,MEDIUM,2020
AMT,2020-06-24,2020-06-25,2020-06-26,-0.0390171242897863,0.0295262910987495,1.3214366870290304,1.549508658664907,-0.0270776586690179,0.0250247240802976,0.1088723047314386,-0.0429971119920536,-0.0330583246242355,-0.0380509700954364,4.0,-0.025508621441264,0.0292499506132302,1.231137721664533,213.10676499971743,208.8446296997231,-0.02,-40.00000000000004,1,1,SL,SL,3,MEDIUM,2020
META,2020-06-24,2020-06-25,2020-06-26,-0.0339332647995118,0.029374803026981,1.1551827179349536,1.0085317793107922,0.005218924788847,0.0889897942193014,0.1829237321156269,-0.0199757469681132,-0.0064111441329427,-0.0114477370988141,1.0,-0.025508621441264,0.0292499506132302,1.231137721664533,232.57760203013643,227.9260499895337,-0.02,-40.00000000000004,1,1,SL,SL,4,HIGH,2020
MSFT,2020-06-24,2020-06-25,2020-06-29,-0.0201579507867707,0.0283743405771307,0.7104288725926441,1.0536232116801718,0.0397799659211437,0.0792489019266704,0.2303335773172323,0.0137841534817293,0.018533674638608,0.0050800637892329,2.0,-0.025508621441264,0.0292499506132302,1.231137721664533,187.65434572459228,183.9012588101004,-0.0200000000000001,-40.000000000000256,2,2,SL,SL,2,LOW,2020
V,2020-06-24,2020-06-25,2020-07-02,-0.0331360238593952,0.0280959756975054,1.1793868351878367,1.0993625788054255,-0.0182287884965574,0.0353936839378354,0.0491438529050751,-0.0041098735148775,-0.0111075295300351,-0.0452410785403172,2.0,-0.025508621441264,0.0292499506132302,1.231137721664533,182.64274520851052,187.010498046875,0.0239141874120327,47.82837482406554,5,5,TIME,TIME,3,MEDIUM,2020
AAPL,2020-06-26,2020-06-29,2020-07-02,-0.0307257903578196,0.0306676119333226,1.0018970640630074,1.3810352098821386,0.0278211399756043,0.1138117290114586,0.2593783722889133,-0.0351946584671082,0.0111808028276472,0.0437725743116239,2.0,-0.0237514706592694,0.0119464722799984,1.1818113305968525,85.43294416349418,88.85026193003395,0.04,80.00000000000007,3,3,TP,TP,4,HIGH,2020
ADBE,2020-06-26,2020-06-29,2020-06-29,-0.0229545680262953,0.028623631678892,0.8019446408410418,1.1772463188958224,0.041977372744461,0.1243897947635768,0.2907784806048852,-0.0309385421470936,-0.0025466608561035,0.0501303794324108,2.0,-0.0237514706592694,0.0119464722799984,1.1818113305968525,427.1099853515625,418.5677856445312,-0.02,-40.00000000000004,0,0,SL,SL,3,MEDIUM,2020
AMZN,2020-06-26,2020-06-29,2020-06-29,-0.0224027631536963,0.0274831550240956,0.8151452456624765,1.6287588380611635,0.0345493413709632,0.0880356129309973,0.3354309193190372,-0.0258790192858158,0.0066765364515981,0.0580938007054721,2.0,-0.0237514706592694,0.0119464722799984,1.1818113305968525,134.50050354003906,131.81049346923828,-0.02,-40.00000000000004,0,0,SL,SL,3,MEDIUM,2020
BLK,2020-06-26,2020-06-29,2020-07-06,-0.0221584590010334,0.0340656396592363,0.65046361150672,1.2269706600824777,-0.0216724774796209,0.0388623402207017,0.1119669240220491,-0.0356984315378788,-0.0369482974043393,0.0148185586617841,3.0,-0.0237514706592694,0.0119464722799984,1.1818113305968525,468.44547337381806,487.1832923087708,0.04,80.00000000000006,4,4,TP,TP,2,LOW,2020
CRM,2020-06-26,2020-06-29,2020-07-01,-0.0274505130286522,0.0314306140532038,0.8733686520468761,1.1540346087317197,0.0164421993134205,0.0623822698432825,0.1137947215884025,-0.0311540910794214,-0.0202192949862561,0.0460281081755746,3.0,-0.0237514706592694,0.0119464722799984,1.1818113305968525,180.20239470198547,187.4104904900649,0.04,80.00000000000007,2,2,TP,TP,3,MEDIUM,2020
MA,2020-06-26,2020-06-29,2020-06-29,-0.0290930493852958,0.0324037586662157,0.8978294674076932,1.1981141719442916,-0.0433208533207942,0.0071165779148247,0.0133177739197121,-0.0571559457164293,-0.0241485794012108,-0.0283760863493034,2.0,-0.0237514706592694,0.0119464722799984,1.1818113305968525,281.1208651937693,275.4984478898939,-0.0200000000000001,-40.000000000000256,0,0,SL,SL,2,LOW,2020
MS,2020-06-26,2020-06-29,2020-07-07,-0.0356631948184517,0.0443449006040886,0.8042231312423662,1.4583706262043403,-0.0113365394769981,0.1004963921572723,0.0498033723754736,-0.0175400294626865,0.0025569327268217,0.0166378954955961,2.0,-0.0237514706592694,0.0119464722799984,1.1818113305968525,39.3290660731142,39.262916564941406,-0.0016819496310901,-3.363899262180281,5,5,TIME,TIME,2,LOW,2020
MSFT,2020-06-26,2020-06-29,2020-06-30,-0.0200157546083272,0.0288726858605975,0.6932418655114704,1.55339237605893,0.0232343893274791,0.0653491443638722,0.2161453906860233,-0.0276362497398168,0.0060468033856757,0.0457551240773508,2.0,-0.0237514706592694,0.0119464722799984,1.1818113305968525,185.73796999200283,193.16748879168296,0.04,80.00000000000006,1,1,TP,TP,3,MEDIUM,2020
NVDA,2020-06-26,2020-06-29,2020-06-29,-0.0353006929862314,0.0388858508031606,0.9078030249337408,1.314380523999359,0.0069471897974191,0.0961427696634884,0.4399457109596154,-0.0312172746935043,-0.0114728966382026,0.0249088967700519,3.0,-0.0237514706592694,0.0119464722799984,1.1818113305968525,9.12746835403248,8.94491898695183,-0.02,-40.00000000000004,0,0,SL,SL,3,MEDIUM,2020
UPS,2020-06-26,2020-06-29,2020-07-01,-0.0289538573913331,0.0334314118488177,0.8660674434650605,1.2248117540870758,0.0127060718854219,0.0770996749680863,0.0092553051151591,-0.0297442144318638,-0.0041754767164102,0.0575483585896703,3.0,-0.0237514706592694,0.0119464722799984,1.1818113305968525,83.58255598059692,86.9258582198208,0.04,80.00000000000007,2,2,TP,TP,3,MEDIUM,2020
V,2020-06-26,2020-06-29,2020-07-02,-0.0242810223649009,0.0285759344602636,0.849701779609865,1.35127498320325,-0.0276469265660135,0.017715712383812,0.0364594982935853,-0.0439460421666842,-0.0152444185646634,-0.0155520542034549,2.0,-0.0237514706592694,0.0119464722799984,1.1818113305968525,181.50537899875283,188.76559415870292,0.04,80.00000000000007,3,3,TP,TP,2,LOW,2020
AMD,2020-07-10,2020-07-13,2020-07-13,-0.024100546522353,0.0357654192940374,0.6738505237200154,1.2145909148387666,0.0451306611581259,0.043686165824577,0.2177847353068722,0.0557340023791947,0.0676347135117902,0.0760639464611319,2.0,0.010210722375826,0.0514348337048764,0.5944352161012634,56.68000030517578,55.54640029907227,-0.02,-40.00000000000004,0,0,SL,SL,3,MEDIUM,2020
AMZN,2020-07-13,2020-07-14,2020-07-14,-0.0300000190734863,0.0340065941734655,0.8821824061668191,1.578295876302359,0.0958304241191947,0.1959106388260338,0.4955883232926106,0.0074291457334214,0.0153612112793966,0.1526735732881112,2.0,-0.0086588163014967,0.0405645772225087,1.1167317693721617,154.4499969482422,151.36099700927736,-0.0199999999999999,-39.999999999999815,0,0,SL,SL,3,MEDIUM,2020
DIS,2020-07-13,2020-07-14,2020-07-15,-0.026143682247865,0.0288000719412734,0.9077644771573806,1.1480135834285403,0.0122635929628898,0.0150201222027808,-0.0700658500597056,-0.0037716211745272,0.0156427620541546,0.0652614537572662,2.0,-0.0086588163014967,0.0405645772225087,1.1167317693721617,111.72276836174431,116.1916790962141,0.04,80.00000000000007,1,1,TP,TP,4,HIGH,2020
MSFT,2020-07-13,2020-07-14,2020-07-17,-0.030889073677813,0.0256021000513101,1.20650546696978,1.1377035158766586,0.0238418100918234,0.0832887969050233,0.2551288759998134,-0.0270640710868665,-0.0172284076400253,0.0547034703258966,3.0,-0.0086588163014967,0.0405645772225087,1.1167317693721617,195.5570611611372,191.6459199379144,-0.02,-40.00000000000003,3,3,SL,SL,5,HIGH,2020
TSLA,2020-07-13,2020-07-14,2020-07-14,-0.0308095851054702,0.0661692179048355,0.4656180937453507,2.699812465893446,0.310158667489681,0.5569062411545604,1.451855819050219,0.0960406165203855,0.0914857336002548,0.5598599913001339,2.0,-0.0086588163014967,0.0405645772225087,1.1167317693721617,103.73332977294922,101.65866317749024,-0.0200000000000001,-40.000000000000256,0,0,SL,SL,1,LOW,2020
AMZN,2020-07-15,2020-07-16,2020-07-20,-0.0243612212612527,0.0388387489295094,0.6272401128436769,1.1196860414962158,0.0455448293319233,0.14609278384897,0.4406327301283661,-0.0597281455993652,-0.0234460931316504,0.0906365979760623,3.0,0.0091871326526318,0.0583537844499471,0.9953557144015774,148.55299377441406,154.49511352539062,0.04,80.00000000000007,2,2,TP,TP,4,HIGH,2020
ABBV,2020-07-21,2020-07-22,2020-07-29,-0.021499060127668,0.0221644277135346,0.9699803850355972,1.1694221445036166,-0.0005228779655346,0.0377663013653086,0.1550084409410481,-0.0252203525467448,-0.014868009755678,-0.0076619617813419,3.0,0.0021276515306716,0.0585584811588899,0.7123065344248483,77.56252745787833,76.93600463867188,-0.0080776483147316,-16.155296629463358,5,5,TIME,TIME,3,MEDIUM,2020
GS,2020-07-22,2020-07-23,2020-07-27,-0.0283933928725759,0.0331068099168643,0.8576299844012633,1.1458980697611254,0.0079930230005584,0.0294789133085786,0.0100299556581897,-0.0255901174908556,-0.0502535431604734,0.0185414050512169,3.0,0.0056920756917799,0.0621179667482931,0.7233332286165254,177.4537437103453,173.90466883613837,-0.0200000000000001,-40.000000000000256,2,2,SL,SL,4,HIGH,2020
MS,2020-07-22,2020-07-23,2020-07-27,-0.026345818029603,0.0308823475725814,0.8531028273573952,1.01548040307197,0.0317412538607753,0.0951821247725874,0.1214361845155018,-0.0269029828014309,-0.0068160812685852,0.0427316328967009,3.0,0.0056920756917799,0.0621179667482931,0.7233332286165254,42.15659432593056,41.31346243941195,-0.02,-40.00000000000004,2,2,SL,SL,4,HIGH,2020
AMD,2020-07-23,2020-07-24,2020-07-24,-0.0359281629359105,0.0437660332049826,0.820914309680234,1.977969789372123,0.0908558115793478,0.0979997422162068,0.2639051775704952,0.0367212085619705,0.0846686394922033,0.0403423234544928,2.0,-0.0119317734807212,0.046890514509527,0.9830453938453944,64.18000030517578,66.74720031738282,0.04,80.00000000000007,0,0,TP,TP,3,MEDIUM,2020
NVDA,2020-07-23,2020-07-24,2020-07-24,-0.0296011574110829,0.0369473843885617,0.8011705808394641,1.0614964505906228,0.0139852437299941,0.0864649747067636,0.4757135846138416,-0.0362484845722619,-0.0004934744153367,-0.0360879570391058,2.0,-0.0119317734807212,0.046890514509527,0.9830453938453944,9.829467523808882,10.222646224761238,0.04,80.00000000000007,0,0,TP,TP,4,HIGH,2020
HON,2020-07-24,2020-07-27,2020-07-29,-0.0279711098613463,0.022714783826641,1.2314055055430635,1.2627316452165394,0.0116136333399365,0.021936444947642,-0.0474201177728004,-0.0344403540032012,-0.0359353681744738,0.0489997396686645,4.0,-0.0064404107325335,0.0374232671544947,0.9673142979432576,129.70674505722303,134.89501485951195,0.04,80.00000000000007,2,2,TP,TP,5,HIGH,2020
MCD,2020-07-28,2020-07-29,2020-07-31,-0.024894442439948,0.019513270413383,1.275769869046371,1.975411013463221,0.0304530155137485,0.039042862931879,0.0317596370822348,-0.0066312146758165,0.0168929934849697,0.0289428087641421,2.0,-0.0063423403841944,0.0333070823118957,0.8079467276506365,169.74484447859516,166.34994758902326,-0.0199999999999999,-39.999999999999815,2,2,SL,SL,5,HIGH,2020
AMT,2020-07-30,2020-07-31,2020-08-03,-0.032437788708111,0.0249914489538525,1.2979555034207275,1.390438826438131,0.0031278363687998,0.0151392956255729,0.1197786596570935,0.0083743420639414,0.01779746857605,0.0194576777530413,2.0,-0.0035675309731834,0.0379633141321664,0.9179914554646889,219.53487410098373,215.14417661896405,-0.02,-40.00000000000004,1,1,SL,SL,4,HIGH,2020
CAT,2020-07-30,2020-07-31,2020-08-07,-0.0270405910142866,0.0239314072531001,1.1299206406168911,1.0681566583275948,0.0224379484208476,0.0699193140349487,0.0720661518938519,-0.0225891898793522,0.0009515978356666,-0.005817151472518,2.0,-0.0035675309731834,0.0379633141321664,0.9179914554646889,118.96126509739943,121.1980209350586,0.01880238778419,37.60477556838015,5,5,TIME,TIME,5,HIGH,2020
CAT,2020-07-31,2020-08-03,2020-08-10,-0.0281576616364718,0.0259526661828438,1.084962193791312,2.2010942336063777,-0.0086160744866655,0.0368639151543921,0.0416382234681482,-0.0373106607047581,-0.0341619101591099,-0.0293644158884085,3.0,0.0079019139348195,0.0440984384955713,1.2466849532413196,118.84452850891157,123.59830964926802,0.04,80.00000000000009,5,5,TP,TP,4,HIGH,2020
GOOGL,2020-07-31,2020-08-03,2020-08-10,-0.0327750231406198,0.0270453793352609,1.2118529651343706,2.5281440800002213,-0.0218918182339603,0.0143432080763392,0.0956403618841685,-0.0104413430006975,-0.0134331496438315,-0.0190526064207935,2.0,0.0079019139348195,0.0440984384955713,1.2466849532413196,73.89475522037439,74.18319702148438,0.0039034137165725,7.806827433145091,5,5,TIME,TIME,4,HIGH,2020
AAPL,2020-08-07,2020-08-10,2020-08-10,-0.0227357435448232,0.0313489917193913,0.7252464049987197,1.224428626435683,0.1127762797926048,0.2000716655467516,0.4596916922923801,0.0150259670250136,0.0475515044999175,0.2018880540190442,1.0,0.0007179167153175,0.0582990301351749,0.9082723864641687,109.12490669471406,106.94240856081976,-0.02,-40.00000000000003,0,0,SL,SL,1,LOW,2020
ADBE,2020-08-07,2020-08-10,2020-08-10,-0.0313287334603019,0.0251414775926859,1.246097543185609,1.3461715522691606,0.0192528439264321,0.0488523577286479,0.2661206528244981,0.0059294590013092,0.0118158082315862,0.0447584529174283,2.0,0.0007179167153175,0.0582990301351749,0.9082723864641687,450.3699951171875,441.3625952148437,-0.02,-40.00000000000004,0,0,SL,SL,4,HIGH,2020
CRM,2020-08-07,2020-08-10,2020-08-10,-0.0324366869341488,0.0276868254934548,1.17155673704148,1.1467707558021516,0.0389616567338135,0.0696173695130824,0.1765603557427841,-0.0017874196086991,0.0318193376885795,0.066634861818972,2.0,0.0007179167153175,0.0582990301351749,0.9082723864641687,196.99195829304435,193.05211912718343,-0.02,-40.00000000000004,0,0,SL,SL,5,HIGH,2020
DUK,2020-08-10,2020-08-11,2020-08-13,-0.0213597172141249,0.023435939407464,0.911408620868946,1.2278526849425948,0.0164838222514578,0.0100313814587593,-0.0229152985867613,0.0149683996050808,0.0113351640874954,0.0426869172387267,2.0,0.002988860018718,0.0592786235973219,0.7360700609722346,66.6359518626607,65.30323282540749,-0.02,-40.00000000000004,2,2,SL,SL,3,MEDIUM,2020
META,2020-08-10,2020-08-11,2020-08-18,-0.0202652187829607,0.0336040219253317,0.6030593251007306,1.230967320285376,0.0765385931038267,0.1036221097818088,0.2708333977950983,0.0557161133339574,0.0438164087232786,0.1263383153660739,3.0,0.002988860018718,0.0592786235973219,0.7360700609722346,257.9250303635218,260.0562744140625,0.0082630369279668,16.52607385593363,5,5,TIME,TIME,3,MEDIUM,2020
AAPL,2020-08-11,2020-08-12,2020-08-13,-0.0297397603365947,0.0341470593024594,0.8709318150407397,1.1483462253259973,0.0792097251667027,0.1655840502648913,0.4273397777445136,-0.0380175138425243,-0.000846294312511,0.175005602892361,2.0,-0.0082548144525762,0.0486417938690459,1.1805325457586944,107.08729946496186,111.37079144356034,0.04,80.00000000000006,1,1,TP,TP,4,HIGH,2020
COST,2020-08-11,2020-08-12,2020-08-19,-0.0222648265389843,0.0153346192955523,1.451932135376978,1.0847400662208184,0.0070770637630981,0.0523455943913377,0.0919519208204469,-0.0316914779647768,-0.0216607220123038,0.0170190781120394,3.0,-0.0082548144525762,0.0486417938690459,1.1805325457586944,305.78568114750294,312.33660888671875,0.0214232651922501,42.846530384500255,5,5,TIME,TIME,5,HIGH,2020
CRM,2020-08-11,2020-08-12,2020-08-18,-0.0262224300743071,0.0294323770655838,0.8909382349878169,1.0703047724530006,-0.010733011886696,0.0173035953118283,0.1203967495964364,-0.0760382810906117,-0.0467701708399199,0.013139967344014,3.0,-0.0082548144525762,0.0486417938690459,1.1805325457586944,189.71779596918267,197.30650780795,0.04,80.00000000000006,4,4,TP,TP,3,MEDIUM,2020
META,2020-08-11,2020-08-12,2020-08-19,-0.0261215575907328,0.0364602808413494,0.7164387379350221,1.1378975955429125,0.0449104716916952,0.0726135029546848,0.2355551127552269,-0.0344917804569188,0.0252172937950121,0.1130281487585838,3.0,-0.0082548144525762,0.0486417938690459,1.1805325457586944,256.7156199692329,260.3041381835937,0.0139785737026478,27.95714740529576,5,5,TIME,TIME,4,HIGH,2020
NVDA,2020-08-11,2020-08-12,2020-08-12,-0.0282131335947799,0.0335994150906306,0.8396912124415911,1.0559248933685992,0.020831712732344,0.0964230933118921,0.494735269649907,-0.0428301914062556,-0.0336442253218977,0.062111435993013,3.0,-0.0082548144525762,0.0486417938690459,1.1805325457586944,10.940071438029332,11.377674295550507,0.04,80.00000000000007,0,0,TP,TP,4,HIGH,2020
PLD,2020-08-11,2020-08-12,2020-08-19,-0.0310421282177354,0.0237431923927036,1.3074117289836231,1.2120975887524827,-0.0057225140461275,0.0372620737593583,0.1272156133973563,-0.0416663013884183,-0.0481105341815001,-0.0197969685051344,4.0,-0.0082548144525762,0.0486417938690459,1.1805325457586944,86.4994696703007,86.11013793945312,-0.0045009724606582,-9.001944921316563,5,5,TIME,TIME,4,HIGH,2020
UPS,2020-08-11,2020-08-12,2020-08-19,-0.0234351096651542,0.0345707977891142,0.677887441536961,1.0638952137068125,0.1769279876568055,0.3160915800072845,0.4418992788073206,0.0713547344066007,0.0769069092743084,0.3028755277300017,1.0,-0.0082548144525762,0.0486417938690459,1.1805325457586944,120.61445317996214,122.9845733642578,0.019650382867129,39.30076573425811,5,5,TIME,TIME,1,LOW,2020
JPM,2020-08-17,2020-08-18,2020-08-20,-0.0263647185386044,0.0270068879090568,0.9762220151905368,1.0099852963176104,0.0070241555861545,0.0170719999296458,-0.0919940812592834,-0.0313773774679937,-0.0092408203424746,0.0375649451828976,3.0,0.0031762996846524,0.0578407356659713,0.6471229965035733,85.72429383232064,84.00980795567422,-0.0200000000000001,-40.000000000000256,2,2,SL,SL,4,HIGH,2020
KO,2020-08-19,2020-08-20,2020-08-27,-0.0216852609786076,0.0167978462604221,1.2909548428062982,1.324787661041664,-0.0098038933617344,0.0171860022401053,-0.0450871140068993,-0.0222912499070726,-0.0218873100035348,0.0031764271517233,3.0,-0.0041636273856846,0.0534234309711425,1.250674803545449,39.49985188001371,40.30204772949219,0.0203088318385411,40.61766367708231,5,5,TIME,TIME,4,HIGH,2020
ADBE,2020-08-27,2020-08-28,2020-09-02,-0.0343809405020106,0.0299741928510594,1.1470180589298349,1.3893782457751127,0.1031274722221131,0.1379108263699944,0.3856370398618371,0.0714256149551642,0.0665440469963549,0.1339940886686144,2.0,0.0021867862089455,0.0737854186179196,1.142558733371265,512.3300170898438,532.8232177734375,0.04,80.00000000000007,3,3,TP,TP,3,MEDIUM,2020
LOW,2020-08-27,2020-08-28,2020-09-03,-0.0239451058426046,0.0219899638547175,1.0889106503677894,1.08335863210365,0.0591340121854822,0.1375492055939124,0.3907506840216372,0.0041055260275342,0.04874483291548,0.0681438563324341,1.0,0.0021867862089455,0.0737854186179196,1.142558733371265,148.64863896009518,145.67566618089327,-0.02,-40.00000000000004,4,4,SL,SL,4,HIGH,2020
META,2020-08-27,2020-08-28,2020-09-03,-0.0351749229170588,0.0317874322531751,1.1065669802110327,1.0224116170669282,0.1041344798436971,0.1813880033488899,0.3823892099216417,0.0804378064348974,0.0899967212870864,0.1221587699247657,2.0,0.0021867862089455,0.0737854186179196,1.142558733371265,292.43203042487977,286.5833898163822,-0.02,-40.00000000000004,4,4,SL,SL,3,MEDIUM,2020
NFLX,2020-08-27,2020-08-28,2020-08-31,-0.0388289137521536,0.0315631052414471,1.2301994197061918,1.6066222711894154,0.0637089217052488,0.0740238925047933,0.3206558311854972,0.0766350594875346,0.0569792716142552,0.0933662878968299,3.0,0.0021867862089455,0.0737854186179196,1.142558733371265,53.20000076293945,52.13600074768066,-0.02,-40.00000000000004,1,1,SL,SL,4,HIGH,2020
MA,2020-08-31,2020-09-01,2020-09-03,-0.0216596955675404,0.0165913591338682,1.3054804849185684,1.142113294329498,0.0655230628449916,0.1333474543269888,0.2119308402989208,0.0204261665989418,0.0423405141979722,0.0846680473299774,1.0,-0.0036227407849851,0.0714661397662401,1.331993397585496,345.62381617870045,338.7113398551264,-0.02,-40.00000000000003,2,2,SL,SL,4,HIGH,2020
PFE,2020-09-01,2020-09-02,2020-09-04,-0.0240804107585288,0.015959110572175,1.5088817543825648,1.6218242172056565,-0.0348329455811414,0.0112576016827867,0.0259469569631329,-0.0258847810311707,-0.0398335156460348,-0.0385820707587498,4.0,0.0094185945355815,0.0787795866756173,1.092192933059977,25.729215603435986,25.214631291367265,-0.02,-40.00000000000004,2,2,SL,SL,4,HIGH,2020
AAPL,2020-09-02,2020-09-03,2020-09-03,-0.0207186381968099,0.0300228338322505,0.6900960220002281,1.0479825162211087,0.0949974957114299,0.2449740094853478,0.6158689262115145,0.0528210657540333,0.0385501171807383,0.1356220644300516,3.0,0.01446424412687,0.091334862013934,1.3472586222178524,122.9932991459097,120.5334331629915,-0.02,-40.00000000000004,0,0,SL,SL,2,LOW,2020
COST,2020-09-03,2020-09-04,2020-09-04,-0.0294262605944061,0.0160247874936589,1.8362964629671428,1.9846602122204424,0.0149770185639499,0.0553174109215,0.1296297607787704,0.0018408449913476,0.0056011558514594,0.0217972013177971,2.0,-0.0344144105584687,0.0511282599200779,2.604338608307112,324.32059499205354,317.83418309221247,-0.02,-40.00000000000004,0,0,SL,SL,3,MEDIUM,2020
JNJ,2020-09-03,2020-09-04,2020-09-04,-0.0278228563440681,0.018373233736223,1.5143146135029564,1.5313187778477173,-0.0042366544716172,0.018999944698566,0.0488213469891369,-0.0251610703325496,-0.0224210831651848,-0.0057762261470775,3.0,-0.0344144105584687,0.0511282599200779,2.604338608307112,127.33858509823928,124.7918133962745,-0.02,-40.00000000000004,0,0,SL,SL,3,MEDIUM,2020
META,2020-09-03,2020-09-04,2020-09-04,-0.0376197635016861,0.033854476395526,1.1112197708264564,1.175248885311145,0.055285442281058,0.1465309072963188,0.3564181233616239,-0.0070942248295453,-0.0071618808278737,0.0821902946664554,2.0,-0.0344144105584687,0.0511282599200779,2.604338608307112,284.7494095739898,279.05442138251,-0.02,-40.00000000000003,0,0,SL,SL,4,HIGH,2020
NEE,2020-09-03,2020-09-04,2020-09-04,-0.0266079599956746,0.0179842291756571,1.4795162881759931,1.442888421918855,-0.0011528843008478,0.0370249115316352,0.130094161158754,0.0050863967533578,0.0061314444685089,-0.0003720814720803,3.0,-0.0344144105584687,0.0511282599200779,2.604338608307112,60.68298568032803,59.46932596672147,-0.02,-40.00000000000004,0,0,SL,SL,2,LOW,2020
NKE,2020-09-03,2020-09-04,2020-09-04,-0.0338186249270735,0.0189224649396355,1.787220905677886,1.313060107511722,0.0352498360071102,0.1050274608167014,0.186110985372556,0.0085800345225652,0.020389529490213,0.0471252262500927,2.0,-0.0344144105584687,0.0511282599200779,2.604338608307112,102.2784213552611,100.23285292815588,-0.02,-40.00000000000004,0,0,SL,SL,3,MEDIUM,2020
ORCL,2020-09-03,2020-09-04,2020-09-04,-0.0326954462109021,0.0236052070189343,1.385094660880383,1.3525589130585742,0.0211836025927825,0.0231974703233812,0.073894072388821,-0.002097376920304,-0.0013993019224286,0.0332967633254763,2.0,-0.0344144105584687,0.0511282599200779,2.604338608307112,52.33580241317417,51.28908636491069,-0.02,-40.00000000000004,0,0,SL,SL,4,HIGH,2020
PEP,2020-09-03,2020-09-04,2020-09-08,-0.0203631015996399,0.0172717195170837,1.1789851948150518,1.8151708759407328,0.0165922531225712,0.0317338499257866,0.0516077299410164,0.0022290361786381,0.0142497450592105,0.026712924071474,2.0,-0.0344144105584687,0.0511282599200779,2.604338608307112,116.57594059869812,114.24442178672416,-0.02,-40.00000000000004,1,1,SL,SL,3,MEDIUM,2020
PLD,2020-09-03,2020-09-04,2020-09-04,-0.0283994018801402,0.0209695145980366,1.354318515450957,1.001967629324024,-0.009373982475513,0.0191819578102729,0.1218979630967664,-0.0024543490979289,-0.0028461531860966,-0.0105167532273047,3.0,-0.0344144105584687,0.0511282599200779,2.604338608307112,85.92395606029802,84.20547693909207,-0.02,-40.00000000000004,0,0,SL,SL,3,MEDIUM,2020
V,2020-09-03,2020-09-04,2020-09-04,-0.0347374587302597,0.0187937568988341,1.8483509666135276,1.484100980066685,0.021138323255714,0.0530840750239705,0.1118562413627211,-0.0142930546952683,-0.0098086702338769,0.0235611863161242,2.0,-0.0344144105584687,0.0511282599200779,2.604338608307112,199.5643668059983,195.57307946987837,-0.02,-40.00000000000004,0,0,SL,SL,4,HIGH,2020
WMT,2020-09-03,2020-09-04,2020-09-04,-0.0212622702709223,0.0310739173528407,0.684248143852984,1.1663560391991823,0.0708988678041173,0.1087273280197669,0.1918867845061185,0.0409795582469985,0.0578935115574863,0.1069922681877617,2.0,-0.0344144105584687,0.0511282599200779,2.604338608307112,44.40667841187789,43.518544843640335,-0.02,-40.00000000000004,0,0,SL,SL,2,LOW,2020
ADBE,2020-09-04,2020-09-08,2020-09-08,-0.0312327407105583,0.0398698395939071,0.7833676039000489,1.374768246001142,0.0204996126079168,0.0732340341756081,0.3122807563145831,-0.0682072335126757,-0.0474401670749347,0.0395587700697637,3.0,-0.0081648967581905,0.0403157786301591,2.284062463120585,471.8900146484375,462.4522143554688,-0.02,-40.00000000000004,0,0,SL,SL,4,HIGH,2020
AMZN,2020-09-04,2020-09-08,2020-09-09,-0.0217873587995646,0.0319527374354473,0.6818620421358458,2.036099743800791,-0.0028288437970264,0.0476114006002856,0.398302940184096,-0.0584432155267838,-0.0315068119563456,0.0030140188435405,2.0,-0.0081648967581905,0.0403157786301591,2.284062463120585,157.1999969482422,163.4879968261719,0.04,80.00000000000009,1,1,TP,TP,3,MEDIUM,2020
CRM,2020-09-04,2020-09-08,2020-09-08,-0.0389043375312743,0.0576644716368949,0.674667371900144,1.0707600121867735,0.1103312352112968,0.2256647416515962,0.4308964502229313,-0.094399990286193,-0.0604943788211442,0.2272924364755937,3.0,-0.0081648967581905,0.0403157786301591,2.284062463120585,236.47879281143292,245.93794452389028,0.04,80.00000000000006,0,0,TP,TP,2,LOW,2020
GOOGL,2020-09-04,2020-09-08,2020-09-11,-0.0296406505100378,0.0286092219478045,1.036052310828831,1.763325976933107,0.0010786151073616,0.0328854059066257,0.1349544036078576,-0.0446321533843462,-0.0355121545758795,0.0035795160931177,3.0,-0.0081648967581905,0.0403157786301591,2.284062463120585,75.57981382695054,74.06821755041153,-0.02,-40.00000000000004,3,3,SL,SL,5,HIGH,2020
LOW,2020-09-04,2020-09-08,2020-09-09,-0.0317604666997454,0.0306742545579556,1.0354111993084456,1.383205500522778,-0.0297183075686984,0.0428599013129955,0.2910529236636139,-0.0668299490570741,-0.0551022712079701,-0.0329583528223895,3.0,-0.0081648967581905,0.0403157786301591,2.284062463120585,137.7828876603824,143.29420316679767,0.04,80.00000000000007,1,1,TP,TP,4,HIGH,2020
MA,2020-09-04,2020-09-08,2020-09-09,-0.0256805273140537,0.0250504283490331,1.02515322118414,1.8014343048884796,-0.0174463934497878,0.0471015207978469,0.1282602845163065,-0.0613338022520132,-0.0849721541369197,-0.00620011183494,4.0,-0.0081648967581905,0.0403157786301591,2.284062463120585,317.6519473444039,330.35802523818006,0.04,80.00000000000007,1,1,TP,TP,4,HIGH,2020
META,2020-09-04,2020-09-08,2020-09-11,-0.0288199108770915,0.0387194433969168,0.7443265798440287,1.196270756443467,0.0222246488342019,0.1093766611407498,0.3147714565201747,-0.0430207079430604,-0.0372201743474028,0.0588741042973779,3.0,-0.0081648967581905,0.0403157786301591,2.284062463120585,268.9185111086546,263.54014088648154,-0.02,-40.00000000000004,3,3,SL,SL,4,HIGH,2020
NVDA,2020-09-04,2020-09-08,2020-09-08,-0.0301946997084011,0.0474228199286083,0.6367124467473069,2.4585533463364686,0.0131890232878368,0.1311140255264551,0.5921976519090844,-0.0867158734238673,-0.0396624052565197,-0.0045116102239496,2.0,-0.0081648967581905,0.0403157786301591,2.284062463120585,11.68388587841254,12.151241313549043,0.04,80.00000000000007,0,0,TP,TP,4,HIGH,2020
V,2020-09-04,2020-09-08,2020-09-15,-0.0205782134529435,0.0214676666566867,0.9585677745994752,1.6553693007465886,-0.0019711632212242,0.0302740228978206,0.0883179694392597,-0.0407311410399611,-0.0512261591657963,0.0025963780498872,3.0,-0.0081648967581905,0.0403157786301591,2.284062463120585,192.18440632663228,196.5970458984375,0.0229604454187901,45.92089083758032,5,5,TIME,TIME,3,MEDIUM,2020
AVGO,2020-09-08,2020-09-09,2020-09-15,-0.0341919637151232,0.0294280721219343,1.161882558036757,1.35194013668857,0.0305483382526574,0.0757195039234188,0.1994232098636239,-0.0652516701218921,0.0097651893986963,0.0495208983208357,2.0,-0.0273227733372852,0.0098576090683801,1.7764716709653758,31.367141711359498,32.62182737981388,0.04,80.00000000000007,4,4,TP,TP,4,HIGH,2020
BAC,2020-09-08,2020-09-09,2020-09-10,-0.0399399440022858,0.0274321227899478,1.455955279440544,1.2683288829066826,-0.0108358980257435,0.0285037122102904,-0.054386901630462,-0.0139320278213568,-0.0032057337346609,-0.0012654997548459,3.0,-0.0273227733372852,0.0098576090683801,1.7764716709653758,22.33931546205229,21.89252915281125,-0.0199999999999999,-39.99999999999981,1,1,SL,SL,3,MEDIUM,2020
COST,2020-09-08,2020-09-09,2020-09-16,-0.0222464074758831,0.0189774900777143,1.1722523571232186,1.1278933069633983,-0.0131818990047244,0.0211691719917814,0.097473007046392,-0.0557318157322835,-0.02531214557219,-0.0153138661644155,3.0,-0.0273227733372852,0.0098576090683801,1.7764716709653758,312.33654888753154,314.92950439453125,0.0083017998253331,16.60359965066638,5,5,TIME,TIME,3,MEDIUM,2020
JPM,2020-09-08,2020-09-09,2020-09-16,-0.0347761127492829,0.0261209046107303,1.331351776193733,1.31721514386914,-0.007908460844991,0.0169197232413509,-0.0739222716475014,-0.0170192843817799,-0.0026950857529302,-0.0013994582386839,3.0,-0.0273227733372852,0.0098576090683801,1.7764716709653758,86.487943342289,84.75818447544322,-0.02,-40.00000000000004,5,5,SL,SL,3,MEDIUM,2020
KO,2020-09-08,2020-09-09,2020-09-14,-0.0240985181316008,0.0215103263584713,1.120323221972415,1.2631027719168229,0.0216494890199159,0.050719942769281,0.0069960346679387,-0.0269584238988184,0.0056533308263537,0.0383574894030607,3.0,-0.0273227733372852,0.0098576090683801,1.7764716709653758,41.446848027370805,43.10472194846564,0.04,80.00000000000007,3,3,TP,TP,4,HIGH,2020
MRK,2020-09-08,2020-09-09,2020-09-16,-0.022407361626088,0.0191407724587343,1.1706613029539998,1.1279983751927842,-0.0160412003206043,0.0246313691458641,0.0262606172888015,-0.0414125337176702,-0.0227514373964433,-0.0244674178736945,4.0,-0.0273227733372852,0.0098576090683801,1.7764716709653758,66.20744745944549,68.12196350097656,0.028916928759469,57.8338575189381,5,5,TIME,TIME,3,MEDIUM,2020
PEP,2020-09-08,2020-09-09,2020-09-16,-0.0231334792226316,0.0200424574480691,1.1542236915094577,1.286797039697354,-0.0125453887064452,0.0011088793001001,0.0222609532057844,-0.0472140013549573,-0.0252410922191829,-0.0081030265741629,4.0,-0.0273227733372852,0.0098576090683801,1.7764716709653758,113.10349303405287,112.66946411132812,-0.0038374493225781,-7.674898645156247,5,5,TIME,TIME,3,MEDIUM,2020
V,2020-09-08,2020-09-09,2020-09-11,-0.0221833059636046,0.02272923876814,0.975981034380235,1.6822148428907928,-0.0249730182246957,0.0062909271979967,0.0636296902180724,-0.0755729162256031,-0.0559934132473648,-0.0304734182513822,3.0,-0.0273227733372852,0.0098576090683801,1.7764716709653758,195.6016134251329,191.68958115663028,-0.02,-40.00000000000004,2,2,SL,SL,2,LOW,2020
AMZN,2020-09-10,2020-09-11,2020-09-11,-0.0286054510021445,0.0382213982265403,0.7484145617226872,1.152993875659559,-0.0419364151849515,0.0003126868892187,0.3352050840221114,-0.0362743475223862,-0.1009047382636578,-0.0774990526015817,4.0,-0.0173635238629958,0.0081995617580918,1.3444216694893938,160.4344940185547,157.22580413818358,-0.0200000000000001,-40.000000000000256,0,0,SL,SL,3,MEDIUM,2020
NVDA,2020-09-10,2020-09-11,2020-09-11,-0.0317144701837019,0.0578449259207332,0.5482671069051306,1.0840071232395536,-0.0254226943441705,0.0855718401139873,0.5325410070047805,-0.0246186173712565,-0.1418286882664607,-0.0358225855800395,4.0,-0.0173635238629958,0.0081995617580918,1.3444216694893938,12.43164944591997,12.18301645700157,-0.02,-40.00000000000004,0,0,SL,SL,3,MEDIUM,2020
AMD,2020-09-11,2020-09-14,2020-09-15,-0.0334262712944187,0.0610333531251964,0.5476722084374447,1.060421957432471,-0.0865908569625598,0.0352421233641744,0.3788817646331202,-0.0298641000203992,-0.075115150337615,-0.0890215565894386,4.0,0.0005089503504442,0.007280718572324,1.2182432795008609,76.80000305175781,79.87200317382813,0.04,80.00000000000007,1,1,TP,TP,3,MEDIUM,2020
CAT,2020-09-15,2020-09-16,2020-09-17,-0.0319845439536849,0.0285041424604477,1.1221016032342177,1.225533647972018,0.0235783872476129,0.0660250818613021,0.1587454760032249,-0.0084076114301803,0.0005390305341983,0.0441994967825727,3.0,0.0050525072445477,0.022660639753387,0.7422353780223803,134.74434636673502,140.13412022140443,0.04,80.00000000000007,1,1,TP,TP,5,HIGH,2020
JPM,2020-09-15,2020-09-16,2020-09-18,-0.0311311416501915,0.0277714192148259,1.120977700468834,1.435124153115864,-0.010465392624148,0.0026015024328609,-0.0740477182218966,-0.0055093680366335,-0.0064048998778875,-0.0090827238764078,2.0,0.0050525072445477,0.022660639753387,0.7422353780223803,85.31244432583196,83.60619543931531,-0.0200000000000001,-40.000000000000256,2,2,SL,SL,4,HIGH,2020
META,2020-09-16,2020-09-17,2020-09-17,-0.0326702001175054,0.0415040323636358,0.7871572533306364,1.1090155346690385,-0.0568817329573694,0.0128753622888297,0.2117744528804661,-0.0115901118989144,-0.0372644617772288,-0.1080423028573143,4.0,-0.0039687692733479,0.0170706645300651,1.1174471743985144,256.0316325737268,250.91099992225227,-0.02,-40.00000000000004,0,0,SL,SL,3,MEDIUM,2020
GE,2020-09-18,2020-09-21,2020-09-21,-0.0241135559414736,0.0453696151203064,0.5314913048641003,1.3538384636729774,0.0750838878259296,0.0512482540681871,-0.1738375310316259,0.1278686925441332,0.1563023764956446,0.088607519266687,2.0,-0.011512775049852,-0.0057048304504262,1.3604715178392282,32.13267216271924,31.490018719464853,-0.02,-40.00000000000004,0,0,SL,SL,3,MEDIUM,2020
LOW,2020-09-18,2020-09-21,2020-09-28,-0.0224692060707035,0.0344427781231342,0.6523633485770313,1.234619869350489,-0.022128897791446,0.032966497547191,0.299213702242868,-0.052831002778753,-0.0110570021432037,-0.0087912034558123,3.0,-0.011512775049852,-0.0057048304504262,1.3604715178392282,141.37197221373088,145.52493286132812,0.0293761244365937,58.752248873187526,5,5,TIME,TIME,3,MEDIUM,2020
KO,2020-09-21,2020-09-22,2020-09-24,-0.0269574695371394,0.0241273793643576,1.1172978685353028,1.1093545338694273,-0.0098662302567399,0.0210698424898023,0.0020451179998584,-0.0334712402474443,-0.0319461973445694,-0.0304198030853773,4.0,-0.0111294839538201,-0.017399969334243,1.2424885176931375,41.3695929791184,40.54220111953602,-0.02,-40.00000000000004,2,2,SL,SL,4,HIGH,2020
MA,2020-09-21,2020-09-22,2020-09-24,-0.0221026365909045,0.0318634765194325,0.6936668250065169,1.1687733898615582,-0.0460827111323509,0.0009450208608896,0.0950546846559923,-0.0409539270053569,-0.0317486480400568,-0.021372719259781,3.0,-0.0111294839538201,-0.017399969334243,1.2424885176931375,318.37660218367546,312.00907014000194,-0.02,-40.00000000000004,2,2,SL,SL,3,MEDIUM,2020
MRK,2020-09-21,2020-09-22,2020-09-29,-0.0312316700476796,0.0255239019479262,1.2236244329490975,1.16332459605494,-0.0171695397834249,0.0133686814534614,0.0311754327338238,-0.0285146561462006,-0.0122382199176451,-0.0176603693927095,1.0,-0.0111294839538201,-0.017399969334243,1.2424885176931375,66.15560422157708,65.2002944946289,-0.0144403446720632,-28.880689344126463,5,5,TIME,TIME,4,HIGH,2020
AMD,2020-10-09,2020-10-12,2020-10-19,-0.0394174497503713,0.039917492628099,0.9874730889941788,1.5169609507303523,0.0348369917088451,0.0138671431619761,0.4017402564044072,-0.0163352844220647,0.015892363983663,0.0645657324258073,3.0,0.0089302515993305,0.0305771601309452,0.794953840713571,83.6500015258789,81.97700149536132,-0.0200000000000001,-40.000000000000256,5,5,SL,SL,4,HIGH,2020
AAPL,2020-10-13,2020-10-14,2020-10-15,-0.0265271716097639,0.0312787825878377,0.8480883658201762,1.6610018399645854,0.0643021063704467,0.0397748166775446,0.3777987939860256,0.0533182884245682,0.070166422783243,0.0614431463695637,2.0,-0.0065259494571854,0.0372494678077119,0.9558519583251128,117.26566767493782,114.92035432143906,-0.02,-40.00000000000003,1,1,SL,SL,3,MEDIUM,2020
LLY,2020-10-13,2020-10-14,2020-10-15,-0.0285450196194515,0.0252912095418329,1.1286537946015045,1.4356625125478142,0.0025152923584428,0.0001677570644977,0.0173521285702551,-0.0222800321327085,0.0412824726869882,0.026118247897678,2.0,-0.0065259494571854,0.0372494678077119,0.9558519583251128,141.29534144002906,138.46943461122848,-0.02,-40.00000000000004,1,1,SL,SL,5,HIGH,2020
AMZN,2020-10-14,2020-10-15,2020-10-16,-0.0232080805474116,0.0283855440643941,0.8176021039005921,1.0706562782044906,0.0643958111367029,0.0450983405309484,0.3232198097999939,0.0234463464378518,0.0525770708056438,0.0682752008721274,2.0,-0.0062835607623605,0.0295614871383842,0.7654133544893696,164.60049438476562,161.3084844970703,-0.02,-40.00000000000003,1,1,SL,SL,3,MEDIUM,2020
NFLX,2020-10-14,2020-10-15,2020-10-16,-0.0228121772620801,0.035200456771282,0.6480648080876963,1.7860298956472689,0.0692415238681618,0.0761734962131173,0.2559342159091917,0.0037260902549562,0.0126996756729604,0.0828350747399333,2.0,-0.0062835607623605,0.0295614871383842,0.7654133544893696,54.55199813842773,53.46095817565918,-0.02,-40.00000000000004,1,1,SL,SL,3,MEDIUM,2020
UNH,2020-10-14,2020-10-15,2020-10-16,-0.0288756976037721,0.0236467357695146,1.2211282726387438,1.5968918064045563,0.0336893905746062,0.0317708438629507,0.1123329719806713,-0.0182710191761312,-0.004084186854258,0.032331842294867,2.0,-0.0062835607623605,0.0295614871383842,0.7654133544893696,288.9331465649782,300.49047242757734,0.04,80.00000000000007,1,1,TP,TP,5,HIGH,2020
NFLX,2020-10-16,2020-10-19,2020-10-19,-0.0205742641887254,0.037180437486352,0.5533626170019565,1.2006412348025932,0.0346470789787907,0.0524113656159552,0.2252484144093784,-0.0420509630993497,-0.0160351786028466,0.0551226259943571,2.0,-0.0006044650821208,0.0257853963601781,1.2253236856543313,53.70700073242188,52.63286071777344,-0.0199999999999999,-39.999999999999815,0,0,SL,SL,4,HIGH,2020
BLK,2020-10-19,2020-10-20,2020-10-26,-0.0342114770995062,0.0247309291039139,1.3833478295844464,1.239860301933236,0.0771153149154502,0.0937327970559105,0.21178326063528,-0.0077518371537073,0.032526261924171,0.0927916202302283,1.0,-0.0152034512984423,0.0096666001362648,0.95710560933103,555.5794550013636,544.4678659013364,-0.0199999999999999,-39.999999999999815,4,4,SL,SL,5,HIGH,2020
MS,2020-10-21,2020-10-22,2020-10-23,-0.0211771930497712,0.0300998064742917,0.7035657544130295,1.166382705359886,0.0244627093507718,0.0002581594514576,0.089089916217117,-0.028351045925011,-0.0053306154950255,0.034284665550883,2.0,-0.0018930184108392,0.0105746382402476,0.9103295665091506,41.97573763932882,43.654767144901975,0.04,80.00000000000007,1,1,TP,TP,4,HIGH,2020
AVGO,2020-10-26,2020-10-27,2020-10-28,-0.0259712576196374,0.0197518963158998,1.31487413685597,1.0092898397461971,-0.023771053758288,0.0146394884353902,0.2086784288953937,-0.0242172389426473,-0.0338771577085357,-0.0507020267678955,3.0,-0.0184797887631414,-0.0006116088181807,1.3252848138816098,32.454750777547446,31.805655761996498,-0.02,-40.00000000000004,1,1,SL,SL,4,HIGH,2020
BLK,2020-10-26,2020-10-27,2020-10-28,-0.0237249276624165,0.0252345794063531,0.9401752761705816,1.1049020870909558,0.0172653378953193,0.0624407076555972,0.1798642921120112,-0.0201578115691403,-0.0200034611609165,0.0118721629461444,2.0,-0.0184797887631414,-0.0006116088181807,1.3252848138816098,541.3546848392118,530.5275911424276,-0.02,-40.00000000000004,1,1,SL,SL,4,HIGH,2020
CAT,2020-10-26,2020-10-27,2020-10-27,-0.0319711393301034,0.0236981727759007,1.349097233463321,1.447996658419818,0.0268311201932422,0.0840437942577436,0.2606034900365441,-0.0191348471306608,-0.0198963580529248,0.0097581052474338,3.0,-0.0184797887631414,-0.0006116088181807,1.3252848138816098,145.47284818371767,142.56339122004331,-0.02,-40.00000000000004,0,0,SL,SL,5,HIGH,2020
GE,2020-10-26,2020-10-27,2020-10-27,-0.0327653084932663,0.039295355630957,0.8338214012104177,1.0013670816081088,0.0807644358456689,0.1287656878679826,-0.0435951898367337,0.008196533010599,0.0123459398397365,0.080527009907811,3.0,-0.0184797887631414,-0.0006116088181807,1.3252848138816098,35.92379914533071,35.205323162424094,-0.0200000000000001,-40.000000000000256,0,0,SL,SL,3,MEDIUM,2020
GOOGL,2020-10-26,2020-10-27,2020-10-28,-0.0298166374367024,0.0268267911789306,1.1114500141977477,1.0217025524026808,0.0364588363574618,0.0303360616338099,0.1142524767950841,-0.0010718664987994,0.0355173362727276,0.0125913396794612,1.0,-0.0184797887631414,-0.0006116088181807,1.3252848138816098,78.74822336439603,77.1732588971081,-0.0200000000000001,-40.000000000000256,1,1,SL,SL,5,HIGH,2020
HON,2020-10-26,2020-10-27,2020-10-28,-0.0305917775140568,0.0238459527170326,1.2828918130079905,1.001404704472445,-0.0053949767462528,0.0195483149126889,0.108921164064329,-0.0156189349214904,-0.008275876340866,-0.0295963299419289,3.0,-0.0184797887631414,-0.0006116088181807,1.3252848138816098,148.1827816220981,145.2191259896561,-0.02,-40.00000000000004,1,1,SL,SL,4,HIGH,2020
LOW,2020-10-26,2020-10-27,2020-10-27,-0.0232948727375551,0.0261194563616386,0.8918590193848003,1.334086538388334,-0.0147307249453839,0.0172119971251523,0.2989661226874149,-0.0365042168069996,-0.0366697596578422,-0.0232845580516523,3.0,-0.0184797887631414,-0.0006116088181807,1.3252848138816098,151.82709527347032,148.7905533680009,-0.0200000000000001,-40.000000000000256,0,0,SL,SL,3,MEDIUM,2020
META,2020-10-26,2020-10-27,2020-10-28,-0.0269673971757788,0.0300576688660489,0.8971885775958962,1.1359508858625846,0.0332271574342635,0.0266237077893103,0.2277537139889172,-0.0058122903255806,0.0600993452943243,0.0049319435112946,2.0,-0.0184797887631414,-0.0006116088181807,1.3252848138816098,276.3333793505012,270.8067117634912,-0.02,-40.00000000000004,1,1,SL,SL,4,HIGH,2020
UPS,2020-10-26,2020-10-27,2020-10-28,-0.0226875185644439,0.021088430939927,1.0758277194292964,1.1642363279987935,-0.0231052741548484,0.0169211840652281,0.3947349937916917,-0.0273838047124483,-0.0238232032065512,-0.0483743427791589,3.0,-0.0184797887631414,-0.0006116088181807,1.3252848138816098,131.91172103094854,129.27348661032957,-0.02,-40.00000000000004,1,1,SL,SL,4,HIGH,2020
CAT,2020-10-27,2020-10-28,2020-10-28,-0.0324136887245989,0.0252553381414413,1.2834391106968182,1.4833667438696885,-0.0100011879808767,0.0461219428649197,0.2190184179429448,-0.0635710598433881,-0.0598583111525687,-0.0200185140267065,4.0,-0.0034471812782054,-0.0041538844494973,0.9460720129818418,139.00172267274172,136.22168821928688,-0.0200000000000001,-40.000000000000256,0,0,SL,SL,4,HIGH,2020
BLK,2020-10-28,2020-10-29,2020-10-30,-0.0224891564224752,0.0264532499293596,0.8501472024242758,1.052854743228037,-0.0255721066627532,0.0243256613057689,0.1370332208486155,-0.0574291332011264,-0.0539851656111715,-0.0611706520167292,3.0,-0.0341792329151166,-0.0375887047992914,1.7924196148014806,523.8044781020214,513.328388539981,-0.02,-40.00000000000004,1,1,SL,SL,2,LOW,2020
DUK,2020-10-28,2020-10-29,2020-11-03,-0.0223510191339906,0.0191486344814236,1.1672382777828678,1.1291477384949635,-0.014007362409766,0.0560650878677553,0.065639273335913,-0.019401056003696,-0.0165384765759852,-0.0182364829101807,3.0,-0.0341792329151166,-0.0375887047992914,1.7924196148014806,71.95198211370162,74.83006139824968,0.04,80.00000000000007,3,3,TP,TP,3,MEDIUM,2020
JPM,2020-11-04,2020-11-05,2020-11-09,-0.0305578165731863,0.0276950301291266,1.1033682372148408,1.2745316038151255,-0.0035335123390776,0.013321593731113,0.0006552043235938,0.022541652790341,0.0384299662989013,0.0088559967600032,1.0,0.0223491102081485,0.0138735391996829,1.6231448006219005,87.51564253016414,91.01626823137072,0.04,80.00000000000007,2,2,TP,TP,3,MEDIUM,2020
NEE,2020-11-04,2020-11-05,2020-11-09,-0.0355170994249767,0.0247618857565957,1.434345500746694,1.688018337617585,-0.0239811863717642,0.0148826973740159,0.1281454060427385,0.0015027054168517,-0.0153101327357912,-0.0147809321968016,3.0,0.0223491102081485,0.0138735391996829,1.6231448006219005,64.5445176374485,67.12629834294644,0.04,80.00000000000007,2,2,TP,TP,3,MEDIUM,2020
AMD,2020-11-09,2020-11-10,2020-11-10,-0.0321378038554384,0.0401914508011001,0.7996179091539212,1.1016395107372368,0.0291077476885361,0.0237941291391916,0.3264341750950807,0.0217578894365193,0.1127176190405183,0.0108232926342619,1.0,0.0125659516636305,0.0456155368376267,2.016994550033297,81.93000030517578,80.29140029907227,-0.02,-40.00000000000003,0,0,SL,SL,3,MEDIUM,2020
MSFT,2020-11-09,2020-11-10,2020-11-10,-0.0238244140448223,0.0301492334099505,0.7902162459944759,1.4431165987501984,0.0201374165833576,0.0316383210047481,0.1441858103933802,0.0092425278030665,0.0793753519975219,0.0395561205649193,1.0,0.0125659516636305,0.0456155368376267,2.016994550033297,203.9896985273652,199.90990455681788,-0.02,-40.00000000000004,0,0,SL,SL,3,MEDIUM,2020
MA,2020-11-10,2020-11-11,2020-11-12,-0.0283842426919314,0.0412040356195883,0.6888704532241882,1.0953308092613236,0.0476393100944319,0.0103907288332378,0.1025908336844212,0.057656237339007,0.1333490544778242,0.0557218354260056,2.0,-0.0014666432450582,0.0437050785247017,0.9943162585154862,326.3893178302925,319.8615314736866,-0.02,-40.00000000000004,1,1,SL,SL,3,MEDIUM,2020
META,2020-11-10,2020-11-11,2020-11-18,-0.0227429116276285,0.0474302774559549,0.4795019731594067,1.2750098473463924,-0.0094193911618911,0.0100398804746657,0.1904290070141252,-0.0755058128808365,0.0268749981868658,-0.0383354167483966,3.0,-0.0014666432450582,0.0437050785247017,0.9943162585154862,271.0894346690546,269.6024780273437,-0.0054851146948095,-10.970229389619002,5,5,TIME,TIME,3,MEDIUM,2020
BA,2020-11-11,2020-11-12,2020-11-13,-0.0346600692156583,0.0447786266225351,0.7740315375866273,1.5929112101050515,0.1236786349939436,0.1185716210727307,0.0051660949484328,0.1547482411136227,0.2012793512554411,0.2295800907719758,1.0,0.0074283580177694,0.0511187340784133,0.6812752063056144,178.9499969482422,186.10799682617187,0.04,80.00000000000007,1,1,TP,TP,2,LOW,2020
DIS,2020-11-11,2020-11-12,2020-11-16,-0.0301877594450052,0.0369529565901754,0.8169240632028671,1.0064701578123068,0.0849064351062756,0.0823367686307183,0.1556312146593472,0.081280362258254,0.1019429139613592,0.163332563513614,2.0,0.0074283580177694,0.0511187340784133,0.6812752063056144,132.19023672911015,137.47784619827456,0.04,80.00000000000007,2,2,TP,TP,3,MEDIUM,2020
BA,2020-11-12,2020-11-13,2020-11-13,-0.0298105564519925,0.0478238278428098,0.6233410790532222,1.0606295063318667,0.0860006567002507,0.0849678647864924,-0.0208902187951809,-0.0147189974390313,0.12496024788612,0.1917189913126047,2.0,-0.0097007794271073,0.0411100735707095,0.7813640607721434,179.0,186.16,0.04,80.00000000000007,0,0,TP,TP,4,HIGH,2020
BAC,2020-11-12,2020-11-13,2020-11-16,-0.0237745267014322,0.0389926244728456,0.6097185563384864,1.0010965796414737,0.0765570901295871,0.0775219593317766,0.0732378468135503,-0.0385446542419024,0.0845188117776136,0.1338149059352467,4.0,-0.0097007794271073,0.0411100735707095,0.7813640607721434,23.419689481476208,24.35647706073526,0.04,80.00000000000007,1,1,TP,TP,4,HIGH,2020
DUK,2020-11-12,2020-11-13,2020-11-18,-0.021744554494987,0.0280347837475904,0.775627687759709,1.022654804002092,0.0165718256646558,0.0668163237983152,0.1133409980656778,-0.0021592341948322,0.0103377988276354,0.0320253526393998,2.0,-0.0097007794271073,0.0411100735707095,0.7813640607721434,75.86889875178332,74.35152077674765,-0.02,-40.00000000000004,3,3,SL,SL,4,HIGH,2020
PFE,2020-11-12,2020-11-13,2020-11-16,-0.024675378099796,0.041293658847228,0.5975585305018922,1.0611041547437343,0.016658113761071,0.0312264034602105,0.0622220803959645,-0.042091790907633,0.0318769993189942,0.0752882566071964,3.0,-0.0097007794271073,0.0411100735707095,0.7813640607721434,26.771446019749696,26.2360170993547,-0.02,-40.00000000000004,1,1,SL,SL,4,HIGH,2020
PFE,2020-11-16,2020-11-17,2020-11-24,-0.0334025107301114,0.0433545214718825,0.7704504535190078,1.6379089872522323,0.0093747010147215,0.02297603468697,0.0554910539106212,-0.0303896850382499,-0.0477040572266704,0.0409579447303349,4.0,0.0124823620400225,0.0664702905893526,0.8726237990405377,27.18885506432436,27.27081871032715,0.0030146045432539,6.029209086507947,5,5,TIME,TIME,4,HIGH,2020
DUK,2020-11-17,2020-11-18,2020-11-18,-0.0219978612215897,0.0279099921763198,0.7881715294873423,1.0325085067851254,-0.0026960200951956,0.041744130501337,0.0974202420887238,-0.0141116741112637,-0.0338618750166488,-0.0174760472863862,2.0,-0.005378293977476,0.0589442055426125,0.7712007592672175,74.9717029758786,73.47226891636103,-0.0199999999999999,-39.999999999999815,0,0,SL,SL,3,MEDIUM,2020
WMT,2020-11-17,2020-11-18,2020-11-25,-0.0201390770195685,0.0206869116996544,0.9735178122264084,2.304738593832964,0.0345685491786245,0.0541148476306596,0.1683191182591257,0.0076906120915287,0.0261745884273225,0.0461545846761513,1.0,-0.005378293977476,0.0589442055426125,0.7712007592672175,46.20735320432962,46.81477737426758,0.013145617046099,26.29123409219813,5,5,TIME,TIME,3,MEDIUM,2020
BA,2020-11-18,2020-11-19,2020-11-19,-0.0321352054364729,0.0544550532812223,0.5901234779905008,2.778091409562275,0.1987699917359942,0.2268865062338678,0.1412763775691279,0.0865266548479213,0.1161131477571884,0.3407636780654235,2.0,-0.0120347990484188,0.0451047507431512,0.8201083756919428,200.4499969482422,208.46799682617188,0.04,80.00000000000007,0,0,TP,TP,1,LOW,2020
HON,2020-11-18,2020-11-19,2020-11-27,-0.0205522236192363,0.0357868633084002,0.5742951943601093,1.2036497887031694,0.0933233139990019,0.155950822769723,0.308020188445528,-0.0021337239100006,0.0138636298923433,0.129354837454297,3.0,-0.0120347990484188,0.0451047507431512,0.8201083756919428,177.27215846706855,184.3630448057513,0.04,80.00000000000007,5,5,TP,TP,4,HIGH,2020
UNH,2020-11-19,2020-11-20,2020-11-30,-0.0217990858965003,0.03658965175515,0.5957718877013388,1.0965087024721318,0.0004808542363585,0.0440941717361857,0.140492295994427,-0.0555463532952539,-0.0491239693106799,-0.0490971328179847,3.0,0.0042098969402999,0.0479539199505312,0.6945429430879039,303.5678307172588,304.7820739746094,0.0039999075477845,7.999815095569129,5,5,TIME,TIME,4,HIGH,2020
CRM,2020-11-20,2020-11-23,2020-11-23,-0.0249765002892227,0.0373087308814249,0.669454567313032,1.2682351999192352,0.0348983484426557,0.0285313481448121,0.2935088096189873,0.0072998300293585,0.0341870579219527,-0.0081106865958834,1.0,-0.0068475628954823,0.0394017813681351,0.8060004813067277,256.7874427597701,251.6516939045747,-0.02,-40.00000000000004,0,0,SL,SL,3,MEDIUM,2020
BLK,2020-11-30,2020-12-01,2020-12-08,-0.0234370224582345,0.0197260869811248,1.188123244141653,1.5050357030925738,0.0419352798044008,0.1142334457309521,0.2867125509781967,-0.00135865828369,0.0381142121606967,0.0426710673906809,1.0,-0.0044271208185857,0.0510620064458764,1.0926300133470614,619.3304568927282,626.2036743164062,0.0110978191806714,22.195638361342866,5,5,TIME,TIME,5,HIGH,2020
DUK,2020-11-30,2020-12-01,2020-12-04,-0.0205074329943197,0.0217843025645779,0.9413857952774471,1.611435203567393,-0.0136410910293641,0.0190412822261567,0.0945536837635034,-0.0373987982233366,0.0008641401882283,-0.0244261347900124,3.0,-0.0044271208185857,0.0510620064458764,1.0926300133470614,74.94767526182747,73.44872175659091,-0.0200000000000001,-40.000000000000256,3,3,SL,SL,3,MEDIUM,2020
GE,2020-11-30,2020-12-01,2020-12-01,-0.0211538425212853,0.0367667822125573,0.575352022893657,1.1083515287289518,0.107123399501944,0.3158604346992708,0.3925446623200506,-0.025837332806963,0.0430327713768183,0.1005404488854488,2.0,-0.0044271208185857,0.0510620064458764,1.0926300133470614,50.14769087869436,49.14473706112047,-0.02,-40.00000000000004,0,0,SL,SL,2,LOW,2020
HON,2020-11-30,2020-12-01,2020-12-08,-0.0262165111285606,0.0208381307969259,1.2581028204520175,1.671628544027363,0.0344543858083936,0.1371774607103435,0.3170090299322319,-0.0190965602873317,0.0095048873149379,0.0118090241021999,2.0,-0.0044271208185857,0.0510620064458764,1.0926300133470614,182.3891203200753,186.775146484375,0.0240476304540677,48.09526090813554,5,5,TIME,TIME,5,HIGH,2020
MS,2020-11-30,2020-12-01,2020-12-08,-0.0314851095196507,0.0275178491456051,1.1441704383599778,1.258689384950991,0.0834536874848514,0.1874100070734154,0.3382523698254838,-0.0278302642090787,0.0695379119531216,0.0922096368264877,2.0,-0.0044271208185857,0.0510620064458764,1.0926300133470614,52.938254282836624,53.600830078125,0.0125160114224467,25.032022844893472,5,5,TIME,TIME,5,HIGH,2020
TSLA,2020-11-30,2020-12-01,2020-12-01,-0.0310024396453862,0.049232350057365,0.6297168347491549,1.6100995810369247,0.2190394256274042,0.288287151801053,1.0442368107542834,0.0220029555421608,0.159289990906621,0.3894736098972873,1.0,-0.0044271208185857,0.0510620064458764,1.0926300133470614,199.19667053222656,195.212737121582,-0.02,-40.00000000000004,0,0,SL,SL,1,LOW,2020
TSLA,2020-12-02,2020-12-03,2020-12-07,-0.0272589986893191,0.0541785669132923,0.5031325160915496,1.183877888532994,0.1799507219714469,0.2748547033115847,1.0195937859250035,-0.0289196211164601,0.0241997068855197,0.2880596049514476,2.0,0.0021035359549366,0.0601436504925645,0.6223001243462069,196.67333984375,204.5402734375,0.04,80.00000000000007,2,2,TP,TP,2,LOW,2020
COST,2020-12-03,2020-12-04,2020-12-11,-0.0246415535200952,0.0148561379478815,1.6586782922010348,1.7115678467663833,0.0038482911977351,0.0305567433583406,0.1680570930594636,-0.0202217508115964,-0.0100639024065279,0.0042323895127334,2.0,-0.000272659782682,0.057162655523941,0.8907035420558266,353.4544085526257,353.350830078125,-0.0002930462090567,-0.5860924181135818,5,5,TIME,TIME,5,HIGH,2020
AAPL,2020-12-09,2020-12-10,2020-12-15,-0.0209038990434992,0.0218954696827051,0.954713433711397,1.2250348451869948,0.0176954070412405,0.0374974343451808,0.271832424954638,-0.0038448624672574,-0.0105625677539955,0.0573931445962758,3.0,-0.0089688453731717,0.0481255448365964,1.2213888053274211,116.98259162067868,121.66189528550582,0.04,80.00000000000007,3,3,TP,TP,4,HIGH,2020
ADBE,2020-12-09,2020-12-10,2020-12-10,-0.0232999688526979,0.0225903515647277,1.031412405687309,1.3420753120166538,0.0218182301890073,0.0077311810668423,0.1473070500021378,-0.0046502258551954,0.0051530989868817,0.0454721795380665,1.0,-0.0089688453731717,0.0481255448365964,1.2213888053274211,483.739990234375,474.0651904296875,-0.02,-40.00000000000004,0,0,SL,SL,5,HIGH,2020
AMD,2020-12-09,2020-12-10,2020-12-14,-0.0332543736416401,0.0364895462822302,0.911339740550144,1.225700129135693,0.0261360491986224,0.0683669449435981,0.352740256563504,-0.0447681735802442,-0.0417110744806838,0.0559539456130981,3.0,-0.0089688453731717,0.0481255448365964,1.2213888053274211,89.55000305175781,93.13200317382812,0.04,80.00000000000007,2,2,TP,TP,4,HIGH,2020
ABBV,2020-12-14,2020-12-15,2020-12-15,-0.020123987251952,0.0207910281210261,0.9679168887083816,1.0336004158040524,0.0029404660607053,0.1042026975940295,0.1712180383719701,-0.0411334843488305,-0.0154952626736706,-0.0036337813433039,3.0,-0.0044771517216224,0.0364246230681735,1.145103042597624,84.76038567022476,83.06517795682026,-0.02,-40.00000000000004,0,0,SL,SL,4,HIGH,2020
COP,2020-12-14,2020-12-15,2020-12-15,-0.0266789998048254,0.0470564029390864,0.566957908775154,1.2046851254209383,0.0184950546718944,0.1727679764485501,0.1426115069881617,-0.0088992342397346,-0.0116770837966317,0.0697671729424092,3.0,-0.0044771517216224,0.0364246230681735,1.145103042597624,34.86277724412828,34.16552169924572,-0.02,-40.00000000000004,0,0,SL,SL,4,HIGH,2020
CVX,2020-12-14,2020-12-15,2020-12-17,-0.0325581771088624,0.037926494440774,0.8584546921336283,1.0964297094125108,-0.0041032982765027,0.1257625777708186,0.0950970623311631,-0.0110571735049955,-0.0145439743277634,0.0259234086468695,3.0,-0.0044771517216224,0.0364246230681735,1.145103042597624,70.33685701639142,68.93011987606359,-0.0200000000000001,-40.000000000000256,2,2,SL,SL,3,MEDIUM,2020
DIS,2020-12-14,2020-12-15,2020-12-22,-0.0365353914634173,0.0311914601813264,1.171326742993911,2.103844486565972,0.117665018769274,0.2375929083110302,0.4013652472847753,0.0962895869130975,0.1016396679332958,0.1438416305979981,1.0,-0.0044771517216224,0.0364246230681735,1.145103042597624,165.3008381089785,165.2620391845703,-0.0002347170459148,-0.4694340918296458,5,5,TIME,TIME,2,LOW,2020
JNJ,2020-12-14,2020-12-15,2020-12-22,-0.0253678809508092,0.0146527054077396,1.7312762554694996,1.0950278359450416,0.0076362270214676,0.0243272238972271,0.0408252641683684,-0.0263225809765073,0.0006711770886653,0.0303429263583665,2.0,-0.0044771517216224,0.0364246230681735,1.145103042597624,128.07823784860508,130.4008026123047,0.0181339531423363,36.26790628467269,5,5,TIME,TIME,5,HIGH,2020
MRK,2020-12-14,2020-12-15,2020-12-18,-0.0241769834341415,0.0171031915769965,1.413594844289712,1.4779707078495787,-0.0044570471845403,0.0105631493114974,0.0218906101519753,-0.0301395285609542,-0.0188551480704354,0.0070195422410856,3.0,-0.0044771517216224,0.0364246230681735,1.145103042597624,64.59183445170292,63.29999776266887,-0.02,-40.00000000000004,3,3,SL,SL,4,HIGH,2020
COP,2020-12-18,2020-12-21,2020-12-29,-0.0235884783145933,0.0420065573082062,0.5615427644194294,1.576701893734141,-0.028357502355226,0.1156617430108817,0.1088945805151118,-0.0425230067204271,-0.0574978888304152,-0.0743168693662916,4.0,-0.0039931288461928,0.0463965932348675,2.1661843441957225,32.206811246397834,31.928953170776367,-0.0086273078540969,-17.254615708193867,5,5,TIME,TIME,3,MEDIUM,2020
NKE,2020-12-18,2020-12-21,2020-12-22,-0.0229177244331932,0.0179336960711997,1.2779141757619887,2.8615467906562,0.0048046932263672,0.0457321674149653,0.2920417738703713,-0.0151372711079874,-0.0009456977453802,0.0006561171801746,3.0,-0.0039931288461928,0.0463965932348675,2.1661843441957225,131.38953834044398,128.7617475736351,-0.02,-40.00000000000004,1,1,SL,SL,5,HIGH,2020
AMD,2020-12-21,2020-12-22,2020-12-22,-0.0280441499516481,0.0348753370118701,0.8041255613416164,1.0593947530446923,0.010880857656236,0.0874713206233972,0.3644619842603844,-0.0373773378856044,-0.0163536130230659,-0.0089294816691366,4.0,-0.0035754095647592,0.041328160897575,1.4982693300887078,93.36000061035156,91.49280059814453,-0.02,-40.00000000000004,0,0,SL,SL,4,HIGH,2020
GS,2020-12-22,2020-12-23,2020-12-28,-0.0268115251286599,0.024185637326908,1.1085721978816927,1.3028191315142317,0.0416459237451487,0.1347341897055569,0.2671008978115177,0.0231561230840955,0.0315969796269732,0.0471029444130755,2.0,-0.001685566375229,0.0386141194781624,0.7542952662698157,220.10998908888047,228.9143886524357,0.04,80.00000000000006,2,2,TP,TP,4,HIGH,2020
AAPL,2021-01-04,2021-01-05,2021-01-12,-0.0247193364333386,0.028679647202848,0.8619121517953638,1.3208817529241863,0.0105972420261819,0.0673896505086111,0.2853503959213745,-0.0404832538383224,-0.0193981295388161,0.0055168494818538,4.0,-0.0136140216397111,0.0322450324484093,1.73326678786288,125.12770142569896,125.04029846191406,-0.0006985101043895,-1.3970202087791872,5,5,TIME,TIME,4,HIGH,2021
ADBE,2021-01-04,2021-01-05,2021-01-06,-0.0295529051499603,0.0205717391565821,1.436577866607088,1.4198553381632544,-0.0146001062372401,0.0131073027224288,0.1156889891069712,-0.0333990350778027,-0.0290481123498206,-0.0202276915979812,3.0,-0.0136140216397111,0.0322450324484093,1.73326678786288,485.8800048828125,476.1624047851562,-0.02,-40.00000000000004,1,1,SL,SL,4,HIGH,2021
AMZN,2021-01-04,2021-01-05,2021-01-12,-0.0215847406203044,0.0208585717912568,1.034813928600422,1.2355253447380103,-0.0030377136673094,0.0042487566133642,0.1049916897330047,-0.0407496006165983,0.0043936907762407,-0.0152808561534448,3.0,-0.0136140216397111,0.0322450324484093,1.73326678786288,158.30050659179688,155.13449645996093,-0.02,-40.00000000000004,5,5,SL,SL,4,HIGH,2021
AVGO,2021-01-04,2021-01-05,2021-01-07,-0.0288458846693395,0.0217604992051858,1.325607670915251,1.2673586077983636,0.0069168911771451,0.0822633910541681,0.3047895085210599,-0.0089037814858047,-0.0144628406921337,0.0064374217231981,2.0,-0.0136140216397111,0.0322450324484093,1.73326678786288,38.09747608764428,39.62137513115005,0.04,80.00000000000007,2,2,TP,TP,5,HIGH,2021
GE,2021-01-04,2021-01-05,2021-01-05,-0.0305554873058743,0.0324643595371443,0.9412009890696912,1.0062688654851917,-0.0354612635333657,0.0816717758905998,0.4102823319171083,-0.0085225804854414,-0.0169011922868789,-0.0367986234714186,3.0,-0.0136140216397111,0.0322450324484093,1.73326678786288,50.67972607253792,52.70691511543944,0.04,80.00000000000009,0,0,TP,TP,3,MEDIUM,2021
KO,2021-01-04,2021-01-05,2021-01-06,-0.0379285510623444,0.0184528302293717,2.0554327217497934,1.8432054420084532,-0.0132323149687529,0.0136315856667472,0.1059530094968239,-0.0253095671020285,-0.0127244325197206,-0.0095740720091136,2.0,-0.0136140216397111,0.0322450324484093,1.73326678786288,44.427723087353286,43.539168625606216,-0.0200000000000001,-40.000000000000256,1,1,SL,SL,4,HIGH,2021
MSFT,2021-01-04,2021-01-05,2021-01-06,-0.0212660711665969,0.0190014189614579,1.119183320452679,1.3449477389779692,-0.003036468958965,0.0125666317155213,0.0912957305422563,-0.028820181344927,-0.0227160455865541,-0.0078844107919221,3.0,-0.0136140216397111,0.0322450324484093,1.73326678786288,207.15534587063763,203.01223895322488,-0.02,-40.00000000000004,1,1,SL,SL,4,HIGH,2021
NFLX,2021-01-04,2021-01-05,2021-01-06,-0.033047962975152,0.0278031339693427,1.1886416477938242,1.250159983010156,0.0072529880469229,0.0435023333255151,0.1066365694573394,-0.0150884863577528,0.0172967284092415,-0.0188403377778719,2.0,-0.0136140216397111,0.0322450324484093,1.73326678786288,52.15499877929688,51.111898803710936,-0.02,-40.00000000000004,1,1,SL,SL,5,HIGH,2021
PEP,2021-01-04,2021-01-05,2021-01-07,-0.0271745263424326,0.0147738852388002,1.8393622194292532,2.018619975626328,-0.0090323905752365,0.0137048532718278,0.0749609056017961,-0.0213672453900859,-0.0054457975659079,-0.0098824545603971,2.0,-0.0136140216397111,0.0322450324484093,1.73326678786288,121.1137346766274,118.69145998309486,-0.0199999999999999,-39.999999999999815,2,2,SL,SL,4,HIGH,2021
AAPL,2021-01-06,2021-01-07,2021-01-14,-0.0336616798333391,0.0293444150371044,1.1471239004347429,1.373936246551605,-0.0158084631765472,0.0395449554355524,0.2484556961319193,-0.0458965598279866,-0.0613181798688052,-0.0127113548960423,4.0,0.0059784453439932,0.0422179227326047,1.604194344559764,124.61313347302332,125.14707946777344,0.0042848292139745,8.569658427949099,5,5,TIME,TIME,4,HIGH,2021
AMD,2021-01-06,2021-01-07,2021-01-07,-0.0263015511512804,0.0300880854731557,0.8741517028308874,1.3865200794438504,-0.0281558163072264,0.0310537659872396,0.2750523758241412,-0.0150474023246568,-0.0032001865673998,-0.0311058824569185,2.0,0.0059784453439932,0.0422179227326047,1.604194344559764,91.33000183105467,94.98320190429688,0.04,80.00000000000007,0,0,TP,TP,3,MEDIUM,2021
GOOGL,2021-01-11,2021-01-12,2021-01-20,-0.0231054826307722,0.0216780004113288,1.0658493492184558,1.1400450828265885,0.0045311487093131,0.0041916956501057,0.1550946490212983,0.0193921009308133,0.0174724916034509,0.0127613603074983,2.0,-0.0067406354441531,0.0484245905051234,0.7485136888903035,86.50097826490368,89.96101739549982,0.04,80.00000000000007,5,5,TP,TP,4,HIGH,2021
LLY,2021-01-12,2021-01-13,2021-01-13,-0.0383994101020885,0.0279202667324871,1.3753238989442838,1.8628782718692225,0.0607781845369366,0.1598864864607598,0.1769194508005058,0.0782127754765846,0.0750357729532187,0.0738736544453642,2.0,0.0002112444537483,0.0457398349976265,0.7736267560844616,169.83434115614585,176.6277148023917,0.04,80.00000000000007,0,0,TP,TP,4,HIGH,2021
AMD,2021-01-13,2021-01-14,2021-01-15,-0.0375419652699338,0.035636466981558,1.053470460171091,1.494972223309766,-0.0195649226780063,0.0280524426330088,0.273822567229538,-0.0296045992551297,0.016052218740725,0.0128006620785343,3.0,0.0026929281026808,0.0454020885426922,0.6789272483107219,91.7699966430664,89.93459671020507,-0.0200000000000001,-40.000000000000256,1,1,SL,SL,4,HIGH,2021
BAC,2021-01-15,2021-01-19,2021-01-21,-0.0288322230542443,0.0277188631782811,1.040166144939003,1.0985090964455464,0.0615681864285724,0.1366586793389699,0.306785143142114,-0.0193109721852996,0.0147553823454802,0.0890794717854066,2.0,-0.0072927100341653,0.0290027870682643,1.5650335632956107,28.492704959071453,27.922850859890023,-0.02,-40.00000000000004,2,2,SL,SL,5,HIGH,2021
BLK,2021-01-15,2021-01-19,2021-01-25,-0.0211702308369401,0.0258140608065499,0.8201046319519208,1.6867850551849433,0.0025912266980268,0.0378403577567703,0.2455671925181997,-0.0642632105551488,-0.0379273327372475,0.0086204103140561,2.0,-0.0072927100341653,0.0290027870682643,1.5650335632956107,647.0795332822222,634.1379426165778,-0.0199999999999999,-39.999999999999815,4,4,SL,SL,4,HIGH,2021
GE,2021-01-15,2021-01-19,2021-01-21,-0.0283021548438876,0.0330349418461994,0.8567339084673972,1.0250554299032475,0.0286906564921629,0.0911960713565265,0.4890295263503674,-0.0382003480447276,-0.0008819266445276,0.0490739842860319,2.0,-0.0072927100341653,0.0290027870682643,1.5650335632956107,55.781708820076325,54.6660746436748,-0.02,-40.00000000000004,2,2,SL,SL,4,HIGH,2021
GS,2021-01-15,2021-01-19,2021-01-19,-0.0222822002785091,0.0275240593789486,0.8095535608221855,1.133631629135187,0.1029906563389393,0.2252091815378551,0.4501684494857654,-0.0039706536469195,0.0376791214730236,0.1414432534937304,1.0,-0.0072927100341653,0.0290027870682643,1.5650335632956107,266.9326204681865,261.5939680588227,-0.0200000000000001,-40.000000000000256,0,0,SL,SL,2,LOW,2021
GS,2021-01-19,2021-01-20,2021-01-20,-0.0226237781239146,0.0296931691695888,0.761918608104841,1.871193115762656,0.068295462618459,0.1880698574921786,0.4123623675653742,-0.0288503296991436,0.0012594773803773,0.1101888694707744,2.0,0.0078520046108809,0.0350092680258453,0.7553518643332127,258.8982672117575,253.72030186752235,-0.02,-40.00000000000004,0,0,SL,SL,4,HIGH,2021
CVX,2021-01-21,2021-01-22,2021-01-27,-0.0353321909314195,0.0295619482576489,1.1951915558298034,1.080896408417453,0.0308378252947467,0.0399491536182814,0.0983655153246847,-0.0008688214435538,-0.0132977022107293,0.0246103795808549,2.0,0.0009115258319161,0.0462450345819422,0.7758136072784267,71.10771901495538,69.68556463465627,-0.02,-40.00000000000004,3,3,SL,SL,5,HIGH,2021
XOM,2021-01-21,2021-01-22,2021-01-26,-0.0286697824228633,0.0348754818820671,0.8220612555207523,1.0290620705708868,0.0711460107872681,0.1459942699708116,0.1950265977940322,0.004593495300478,-0.0064023908499684,0.0784571937619993,2.0,0.0009115258319161,0.0462450345819422,0.7758136072784267,37.66613782363843,36.91281506716566,-0.02,-40.00000000000004,2,2,SL,SL,3,MEDIUM,2021
NFLX,2021-01-22,2021-01-25,2021-01-25,-0.0253001317486305,0.0381023297232112,0.6640048504230475,1.1936797009003028,0.082670006744951,0.110673929470737,0.170590973839102,0.1263527191303308,0.1283991523368619,0.1105936127414741,3.0,-0.0035395415745806,0.040851258736162,0.8538281376191246,56.70000076293945,55.56600074768066,-0.02,-40.00000000000004,0,0,SL,SL,3,MEDIUM,2021
CAT,2021-01-25,2021-01-26,2021-01-27,-0.0239657451221639,0.0262365307463361,0.913449470658796,1.3186613032652943,-0.005366071531467,0.0382839293631356,0.2849735986985993,-0.0259956264600477,-0.0322845707985195,-0.0304914577733935,4.0,0.0039440564939075,0.0431498868440705,1.115367023748246,170.4516551876435,167.04262208389062,-0.02,-40.00000000000004,1,1,SL,SL,3,MEDIUM,2021
GS,2021-01-25,2021-01-26,2021-01-27,-0.0219425279399574,0.0335465444091675,0.6540920481204909,1.3477863162127646,0.0011213639001608,0.1141892940697502,0.3421787913387701,-0.0255787110676278,-0.0596989465992279,-0.0242692289869281,4.0,0.0039440564939075,0.0431498868440705,1.115367023748246,248.49239151969877,243.5225436893048,-0.02,-40.00000000000004,1,1,SL,SL,4,HIGH,2021
MS,2021-01-25,2021-01-26,2021-01-26,-0.0236072534661129,0.0327932390027006,0.7198817251375741,1.4147985059153798,-0.0030854218367915,0.0887417403658499,0.3967062427219976,-0.032870241392706,-0.038011856757486,-0.0381396618997957,5.0,0.0039440564939075,0.0431498868440705,1.115367023748246,61.00646845034624,59.786339081339314,-0.02,-40.00000000000004,0,0,SL,SL,3,MEDIUM,2021
AMZN,2021-01-27,2021-01-28,2021-02-02,-0.0281258122831292,0.0236127114845187,1.191130137746759,1.2406439890583092,0.0066911656753954,0.0153218764923792,0.0836686176257841,-0.0181184075349052,-0.0094381192813092,0.0358077418930886,2.0,-0.0244405183324225,0.0132431603367224,1.8100489765390544,161.7519989013672,168.22207885742188,0.04,80.00000000000009,3,3,TP,TP,4,HIGH,2021
GS,2021-01-27,2021-01-28,2021-02-02,-0.0299192456283702,0.0315370241858024,0.948702244450809,1.0914210235542556,-0.0399030835539194,0.0654903403657314,0.2900764314314925,-0.0554960215650207,-0.0590074608500447,-0.0955626823402083,4.0,-0.0244405183324225,0.0132431603367224,1.8100489765390544,240.33565780148987,249.94908411354947,0.04,80.00000000000007,3,3,TP,TP,2,LOW,2021
HD,2021-01-27,2021-01-28,2021-01-29,-0.0302550338509663,0.0220918969208896,1.369508193855361,1.1354146213757446,0.006099667886531,0.0120390109034986,0.0524552904734658,-0.0350352108774935,-0.0009114962794853,-0.0082509336466279,2.0,-0.0244405183324225,0.0132431603367224,1.8100489765390544,241.0699307290816,236.2485321145,-0.02,-40.00000000000004,1,1,SL,SL,4,HIGH,2021
JPM,2021-01-27,2021-01-28,2021-02-03,-0.0282717917411967,0.0259882046174746,1.0878701379081257,1.1199125643846823,-0.0391599108311716,0.0246579731696634,0.2365627292384355,-0.0443231271317493,-0.0596452254413677,-0.0881472827059636,5.0,-0.0244405183324225,0.0132431603367224,1.8100489765390544,113.30052529785736,117.83254630977166,0.04,80.00000000000006,4,4,TP,TP,3,MEDIUM,2021
LLY,2021-01-27,2021-01-28,2021-01-29,-0.0242102061114535,0.0339334477016794,0.7134614296871251,1.4006140773326277,0.1221880932412982,0.2484152608553964,0.3394384305293279,0.006937161818358,0.0313525206399993,0.1609061208519575,1.0,-0.0244405183324225,0.0132431603367224,1.8100489765390544,196.43854684503543,204.29608871883687,0.04,80.00000000000007,1,1,TP,TP,0,LOW,2021
LOW,2021-01-27,2021-01-28,2021-02-01,-0.0344846205984115,0.0206818915291809,1.6673823353998238,1.1646337884893776,0.0050005125463472,0.042925379812956,0.1407898321429501,-0.0272044136392294,-0.0271478556896476,-0.0040866200993585,3.0,-0.0244405183324225,0.0132431603367224,1.8100489765390544,152.216408153843,149.17207999076612,-0.02,-40.00000000000004,2,2,SL,SL,4,HIGH,2021
MS,2021-01-27,2021-01-28,2021-01-29,-0.0391796882709656,0.0327598698658666,1.1959659312257518,1.4017364033811308,-0.0598871664311577,0.0206578276233688,0.3125896353890318,-0.077026722895771,-0.0857829230547075,-0.0973614074029981,5.0,-0.0244405183324225,0.0132431603367224,1.8100489765390544,58.53824325374371,57.36747838866884,-0.02,-40.00000000000004,1,1,SL,SL,3,MEDIUM,2021
PLD,2021-01-27,2021-01-28,2021-01-29,-0.0261198300266622,0.0245241750402741,1.0650645733757715,1.0004144693145305,0.0515972406901297,0.0491622224234276,0.0679296157214301,0.0203516641637344,0.0293003701800527,0.0904867643821025,1.0,-0.0244405183324225,0.0132431603367224,1.8100489765390544,88.20090270998098,86.43688465578136,-0.02,-40.00000000000004,1,1,SL,SL,3,MEDIUM,2021
AAPL,2021-01-28,2021-01-29,2021-01-29,-0.0349850856578907,0.0296103500463421,1.181515436431409,1.2630798763445306,0.029919324191691,0.0759717094114464,0.2852412705667324,-0.0407921567782154,0.0016074731539466,0.0473677666035092,2.0,0.0086000928724356,0.0207941345814672,1.342353982037317,131.8650760774745,129.227774555925,-0.02,-40.00000000000004,0,0,SL,SL,5,HIGH,2021
GE,2021-01-28,2021-01-29,2021-01-29,-0.0254832874925468,0.0400618795513745,0.6360981506089243,1.1234438870861945,-0.0109695030862277,0.0260194710205303,0.4259125502193723,0.0090990630983147,0.0018063772898142,-0.0414867427461643,2.0,0.0086000928724356,0.0207941345814672,1.342353982037317,53.449362435324346,52.38037518661786,-0.0199999999999999,-39.999999999999815,0,0,SL,SL,2,LOW,2021
ORCL,2021-01-28,2021-01-29,2021-02-05,-0.0212631255810136,0.0175129583192414,1.214136709139075,1.2778869729663231,-0.0170396372559739,0.0046169988350863,0.0780737204000729,0.0052544194177923,0.0001632345960034,-0.0135354376130065,2.0,0.0086000928724356,0.0207941345814672,1.342353982037317,56.71794952974127,58.98666751093092,0.04,80.00000000000007,5,5,TP,TP,3,MEDIUM,2021
AAPL,2021-01-29,2021-02-01,2021-02-01,-0.0374206825784002,0.0331864381418725,1.127589602066552,1.517700469688831,-0.0079650911772755,0.0338159170487883,0.2336022705246747,-0.0782342019618002,-0.0511253949882059,0.0236599050506856,3.0,-0.0200193351715787,-0.0001300994377592,1.7121324950308487,129.84581103922318,127.24889481843871,-0.02,-40.00000000000004,0,0,SL,SL,3,MEDIUM,2021
DIS,2021-01-29,2021-02-01,2021-02-02,-0.0215848094538861,0.0299696794889601,0.7202215646596192,1.350438381676886,-0.0346846694393344,0.0144950060201867,0.2721339110004439,-0.0081976517489551,-0.0266813861248157,-0.0303292224313578,4.0,-0.0200193351715787,-0.0001300994377592,1.7121324950308487,165.64015689645237,172.26576317231047,0.04,80.00000000000007,1,1,TP,TP,2,LOW,2021
HD,2021-01-29,2021-02-01,2021-02-08,-0.0260025174921191,0.0249533274364118,1.0420460981959587,1.0346970350267584,-0.0089273958888604,0.0004694799632938,0.0370655494691427,-0.0416845249888365,-0.0464083624695352,0.0092419758410458,3.0,-0.0200193351715787,-0.0001300994377592,1.7121324950308487,236.7577806588004,244.4392852783203,0.0324445709794434,64.88914195888685,5,5,TIME,TIME,3,MEDIUM,2021
JNJ,2021-01-29,2021-02-01,2021-02-02,-0.0356469122788891,0.0215560027422963,1.653688427536904,2.374182835887812,0.0082603812771095,0.0556159528515909,0.1054839321197314,-0.0431136587174458,-0.0025681899560214,0.015437351009879,2.0,-0.0200193351715787,-0.0001300994377592,1.7121324950308487,141.15077084322078,138.32775542635636,-0.02,-40.00000000000004,1,1,SL,SL,4,HIGH,2021
LOW,2021-01-29,2021-02-01,2021-02-01,-0.0318551172599806,0.023621780803815,1.3485485080293322,1.0546081138080448,-0.0058759314291026,0.0351079505303189,0.1292196196131851,-0.039435320234524,-0.0321924426837723,-0.017334311429113,3.0,-0.0200193351715787,-0.0001300994377592,1.7121324950308487,150.62114640917014,147.60872348098673,-0.02,-40.00000000000004,0,0,SL,SL,3,MEDIUM,2021
MSFT,2021-01-29,2021-02-01,2021-02-03,-0.0291715200692929,0.0238957450137129,1.2207830328182832,1.2706106034437017,0.0448767159489054,0.0613444668443023,0.1289285184565163,-0.0015925933834464,0.0265988278619486,0.0889119121316461,1.0,-0.0200193351715787,-0.0001300994377592,1.7121324950308487,224.12750973113813,233.09261012038365,0.04,80.00000000000007,2,2,TP,TP,4,HIGH,2021
XOM,2021-01-29,2021-02-01,2021-02-01,-0.0264871829459455,0.0388524488363044,0.6817377987560826,1.2617537169029744,-0.0310312551078165,0.0395848043000635,0.1085751524374523,-0.0224548051649342,-0.0546067829204663,-0.1087261056384045,4.0,-0.0200193351715787,-0.0001300994377592,1.7121324950308487,36.52038120444144,35.78997358035261,-0.0199999999999999,-39.999999999999815,0,0,SL,SL,2,LOW,2021
AVGO,2021-02-03,2021-02-04,2021-02-11,-0.0245136249278212,0.0254934264629371,0.9615665027790468,1.0721640818728198,0.0228261292040905,0.0819274698768404,0.3331035171921099,0.0326082160974761,0.0460760611607753,0.0071664424763364,2.0,0.0007866167649119,0.0278366811307098,0.7392825249072179,41.23006564735526,42.87926827324947,0.04,80.00000000000007,5,5,TP,TP,3,MEDIUM,2021
NEE,2021-02-16,2021-02-17,2021-02-19,-0.0233369584967632,0.0264371050641288,0.8827350211059185,1.016545803627114,-0.0242113376650052,0.0287321466229508,0.1503088913181061,-0.0324156743858357,-0.0264986254456147,-0.0062419845789453,2.0,-0.0008661009011317,0.042746394603033,0.8239900595622842,69.60957913840004,68.21738755563203,-0.0200000000000001,-40.000000000000256,2,2,SL,SL,3,MEDIUM,2021
AMZN,2021-02-19,2021-02-22,2021-02-23,-0.0235350557457474,0.0224569542674573,1.0480074664377954,1.1679394490186237,-0.0139477824658069,0.0058549064541804,0.06267328749134,-0.0058275557696517,-0.0037491528950128,-0.0243470901247006,2.0,-0.0017662011332724,0.0327486077479262,1.309290122874238,160.406494140625,157.1983642578125,-0.02,-40.00000000000004,1,1,SL,SL,4,HIGH,2021
NKE,2021-02-19,2021-02-22,2021-02-22,-0.0211591832798218,0.0214054053523044,0.9884972011307368,1.3841585403284558,0.0154694435631299,0.0094505609258681,0.1983709547843084,0.0021875589704516,-0.0105893184924773,0.0098840953571768,3.0,-0.0017662011332724,0.0327486077479262,1.309290122874238,128.41374174742344,125.84546691247498,-0.02,-40.00000000000004,0,0,SL,SL,3,MEDIUM,2021
AVGO,2021-02-22,2021-02-23,2021-02-23,-0.0277576131041298,0.0236061485765219,1.1758636956024602,1.055122321306419,0.0109150687722763,0.0602361953475489,0.3149301459950604,-0.0126846209181834,-0.0204804916235145,0.0222095680823422,2.0,-0.007691601157136,0.0238058130696463,1.0483527029089623,42.22854195771731,41.38397111856296,-0.0200000000000001,-40.000000000000256,0,0,SL,SL,5,HIGH,2021
BA,2021-02-22,2021-02-23,2021-02-23,-0.0211063425397803,0.030818849826306,0.6848517273920017,1.8176030882879075,0.0269745124812317,0.0017307499616128,0.1653288625122158,-0.0122494401322994,0.0090056365236026,0.0238061481334712,3.0,-0.007691601157136,0.0238058130696463,1.0483527029089623,214.1499938964844,209.8669940185547,-0.02,-40.00000000000003,0,0,SL,SL,4,HIGH,2021
LOW,2021-02-22,2021-02-23,2021-02-23,-0.0288947452638982,0.019418006861973,1.4880386781860626,1.1788318998288556,-0.0057234575792822,0.0274269124452857,0.1243384715430935,-0.0266468559674872,-0.02681168395047,-0.0149686767349672,2.0,-0.007691601157136,0.0238058130696463,1.0483527029089623,153.89280345205785,150.8149473830167,-0.02,-40.00000000000003,0,0,SL,SL,4,HIGH,2021
MSFT,2021-02-22,2021-02-23,2021-03-02,-0.0268085172641471,0.0164839396079219,1.626341633238167,1.2132002083752886,-0.0206142829802062,0.0348666658730325,0.1162716684354097,-0.0396807261074992,-0.0405726751272655,-0.0295206679959401,4.0,-0.007691601157136,0.0238058130696463,1.0483527029089623,220.12333822043468,223.5064392089844,0.0153691154054815,30.738230810963167,5,5,TIME,TIME,4,HIGH,2021
NVDA,2021-02-22,2021-02-23,2021-02-23,-0.0382372729311505,0.033072813164714,1.1561542328049217,1.1235271728337857,0.0193954473978641,0.0584132293660821,0.1943832850339668,-0.0369145386848572,-0.0404710311467156,0.0562688813238343,3.0,-0.007691601157136,0.0238058130696463,1.0483527029089623,14.018679913027912,13.738306314767357,-0.02,-40.00000000000004,0,0,SL,SL,5,HIGH,2021
CRM,2021-02-23,2021-02-24,2021-02-25,-0.0220377026601572,0.0220766441234927,0.99823607867583,1.4522464900037897,-0.0052809121798733,0.0337644610718628,0.0659881663462602,-0.046030515910891,-0.052093863480894,-0.0137696818561998,5.0,0.001214424107707,0.0238462463877913,1.6218554508542005,231.5245019493432,226.8940119103563,-0.02,-40.00000000000003,1,1,SL,SL,3,MEDIUM,2021
LOW,2021-02-23,2021-02-24,2021-02-24,-0.0221567660303051,0.02112480840434,1.048850508189842,1.6015114760216458,-0.0262062462366767,0.0035834751491159,0.0973561853875668,-0.0483743897726061,-0.0314259460655049,-0.0590501334469762,2.0,0.001214424107707,0.0238462463877913,1.6218554508542005,152.00913099720398,148.9689483772599,-0.02,-40.00000000000004,0,0,SL,SL,4,HIGH,2021
COP,2021-02-25,2021-02-26,2021-02-26,-0.0299982757374944,0.0388018916595268,0.7731137440596701,1.2422765106944706,0.1404204031622435,0.2078308548486827,0.3507433112173166,0.0422563175024639,0.1119731248283906,0.1326355601161819,1.0,-0.0240957892057616,0.0078331380298828,2.131733625334449,43.380790122942415,42.51317432048357,-0.02,-40.00000000000003,0,0,SL,SL,0,LOW,2021
CRM,2021-02-25,2021-02-26,2021-02-26,-0.0390484882223928,0.026697606801687,1.4626212945770576,1.4556507058229986,-0.0287348154823592,0.0114335887001781,0.0426951026050381,-0.0409627329052496,-0.0644912494058222,-0.0238256082747556,4.0,-0.0240957892057616,0.0078331380298828,2.131733625334449,225.48893452261728,220.9791558321649,-0.02,-40.00000000000003,0,0,SL,SL,3,MEDIUM,2021
GE,2021-02-25,2021-02-26,2021-02-26,-0.0274387943426605,0.0294446772941491,0.931876212075614,1.3586055273484476,0.0906449643815487,0.1276671877169066,0.5401143728341047,0.0208001731432183,0.0971625710548684,0.1192983620822816,1.0,-0.0240957892057616,0.0078331380298828,2.131733625334449,61.61255571943042,60.38030460504181,-0.02,-40.00000000000004,0,0,SL,SL,2,LOW,2021
GOOGL,2021-02-25,2021-02-26,2021-03-05,-0.0325651713801834,0.0225448285815784,1.4444630289534677,1.1258247639176795,-0.0108761478222058,0.0727642315623455,0.2363248077258559,-0.0186489248841599,-0.0426722435451367,-0.0338031436126733,3.0,-0.0240957892057616,0.0078331380298828,2.131733625334449,100.6054144867356,103.9319076538086,0.0330647528668703,66.12950573374077,5,5,TIME,TIME,3,MEDIUM,2021
MA,2021-02-25,2021-02-26,2021-02-26,-0.0347110353059934,0.0274094595987566,1.2663888969036086,1.15295756031302,0.0489321163557641,0.0491638472070639,0.092944850564191,0.0408323029806605,0.0475980973756762,0.0609198349787689,2.0,-0.0240957892057616,0.0078331380298828,2.131733625334449,345.8546374394035,338.9375446906154,-0.02,-40.00000000000004,0,0,SL,SL,3,MEDIUM,2021
MSFT,2021-02-25,2021-02-26,2021-03-04,-0.023705148243628,0.0189769259975946,1.249156383211523,1.4517363971074826,-0.044394948436392,0.0049474181355559,0.0861867934538167,-0.0235382426231294,-0.0607079325164552,-0.0547837039815792,4.0,-0.0240957892057616,0.0078331380298828,2.131733625334449,221.2701494526982,216.84474646364424,-0.02,-40.00000000000003,4,4,SL,SL,3,MEDIUM,2021
V,2021-02-25,2021-02-26,2021-03-04,-0.0258851630977196,0.0235626076863147,1.098569540448351,1.0469268676008343,0.0345475491041105,0.0292934103206399,0.0647263231393822,0.0260655424418456,0.0210173155983102,0.0370170415095585,2.0,-0.0240957892057616,0.0078331380298828,2.131733625334449,205.51363260149,201.4033599494602,-0.02,-40.00000000000004,4,4,SL,SL,3,MEDIUM,2021
BAC,2021-02-26,2021-03-01,2021-03-03,-0.0339549840708003,0.0239741265864444,1.4163178770399607,1.3991721736084182,0.0400621638716782,0.0864460187814586,0.2980959593092338,-0.0228042112143801,0.0049216895989003,0.0556566087793806,2.0,-0.0051526062009389,0.0017292814751526,2.1288812901805576,31.14032996813355,32.385943166858894,0.04,80.00000000000007,2,2,TP,TP,5,HIGH,2021
CAT,2021-02-26,2021-03-01,2021-03-03,-0.0267786340869112,0.0261289069311669,1.0248662202921817,1.320442544929321,0.0692765893605513,0.1235622543887056,0.3834809753206893,-0.0195295296745943,0.0284405857024221,0.0883793020152434,2.0,-0.0051526062009389,0.0017292814751526,2.1288812901805576,199.26305766549635,195.27779651218643,-0.02,-40.00000000000003,2,2,SL,SL,5,HIGH,2021
CVX,2021-02-26,2021-03-01,2021-03-04,-0.0229601004874673,0.0281263514105305,0.8163199041476468,1.3258556107915132,0.0780425689626749,0.1130773576312433,0.1943904625509054,0.003713818540217,0.0438416929364342,0.1020819413336908,2.0,-0.0051526062009389,0.0017292814751526,2.1288812901805576,81.73321578194309,85.00254441322082,0.04,80.00000000000007,3,3,TP,TP,3,MEDIUM,2021
GS,2021-02-26,2021-03-01,2021-03-03,-0.0252624483433486,0.0236209856309406,1.069491711228928,1.2480291592472768,0.0498194320689915,0.1164984539158551,0.4192169525514457,0.0008459353375067,0.0122296941073944,0.0567610804626073,2.0,-0.0051526062009389,0.0017292814751526,2.1288812901805576,285.5536708180944,296.97581765081816,0.04,80.00000000000007,2,2,TP,TP,4,HIGH,2021
JPM,2021-02-26,2021-03-01,2021-03-08,-0.0265246614769206,0.0201856535962226,1.314035304850582,1.624988629537634,0.037080114498913,0.0947349646301742,0.3522397947068909,-0.0228407760785506,-0.0057426828040281,0.0567238396617051,2.0,-0.0051526062009389,0.0017292814751526,2.1288812901805576,130.41334680653026,133.37013244628906,0.022672415915721,45.344831831442,5,5,TIME,TIME,5,HIGH,2021
XOM,2021-02-26,2021-03-01,2021-03-04,-0.0249282787143314,0.0319632390331402,0.7799046488525516,1.210834898299098,0.0711229421609898,0.1629747341200851,0.3334528890454382,-0.0123524644464722,0.0381896464026583,0.0908906719448228,2.0,-0.0051526062009389,0.0017292814751526,2.1288812901805576,46.01421882619994,47.85478757924793,0.04,80.00000000000007,3,3,TP,TP,4,HIGH,2021
AVGO,2021-03-03,2021-03-04,2021-03-04,-0.0363153898227981,0.0332802057532286,1.0912008805496956,1.3647999817958405,-0.0269875809836697,0.011514950930511,0.2525009350685181,-0.0144934099907056,-0.0370571636987741,-0.0402502380604785,3.0,-0.0132456789759207,0.0018686585778533,1.6291550073070074,41.37974337289413,40.55214850543625,-0.02,-40.00000000000004,0,0,SL,SL,4,HIGH,2021
GOOGL,2021-03-03,2021-03-04,2021-03-05,-0.0257061087585813,0.0246252137794272,1.0438938312916126,1.031318086103436,-0.0291730420417104,0.0573352186023492,0.2233596032174107,-0.0051930342823098,-0.0347438116046149,-0.0506036198371043,3.0,-0.0132456789759207,0.0018686585778533,1.6291550073070074,99.8580389710282,103.85236052986934,0.04,80.00000000000006,1,1,TP,TP,4,HIGH,2021
MA,2021-03-04,2021-03-05,2021-03-05,-0.0298407899959225,0.0320049241168759,0.9323812138079004,1.1121286975177784,0.0100293370308526,0.0270316877994165,0.0705991143821549,-0.0369248005609463,-0.0142991782680002,0.0326183054280835,4.0,-0.0123746473581807,-0.0109198568413578,2.2880102949424423,343.7626168396269,336.8873645028344,-0.02,-40.00000000000003,0,0,SL,SL,4,HIGH,2021
BAC,2021-03-09,2021-03-10,2021-03-12,-0.0218152053133716,0.0279313132922572,0.7810304186240691,1.1424804185009434,0.0389656610028166,0.1068108717806397,0.3391457484959177,-0.0049316488381808,0.027312251425134,0.0276013196213127,1.0,0.0142776380946869,0.0139162632507325,1.223133925477305,32.1936774041998,33.48142450036779,0.04,80.00000000000007,2,2,TP,TP,4,HIGH,2021
DIS,2021-03-09,2021-03-10,2021-03-16,-0.0366499467677264,0.036891252417634,0.9934590008716464,1.5682982072222649,0.0189478776239231,0.0700392322212948,0.3620758676260913,0.0344627056541322,0.0029391721207432,-0.0130903440955469,3.0,0.0142776380946869,0.0139162632507325,1.223133925477305,191.3045183640788,187.4784279967972,-0.02,-40.00000000000004,4,4,SL,SL,3,MEDIUM,2021
GOOGL,2021-03-12,2021-03-15,2021-03-19,-0.0240604964197783,0.0330344700578213,0.7283451612108351,1.0464558571883886,-0.006449840679636,0.0533624097746776,0.2298681769937931,0.0047246999530337,-0.0224455559500807,0.0138927580975802,3.0,0.0013470329988425,0.0284832455034684,0.6526539454519695,101.35031056133477,99.32330435010807,-0.0199999999999999,-39.999999999999815,4,4,SL,SL,2,LOW,2021
META,2021-03-12,2021-03-15,2021-03-16,-0.0200085967589499,0.0379949621416784,0.5266118356518007,1.0637769395021468,0.0164223935754586,0.0118758057687893,0.0259395788746445,0.0100101193644783,0.0155897676998688,0.0418448734319443,3.0,0.0013470329988425,0.0284832455034684,0.6526539454519695,266.7376434653385,277.4071492039521,0.04,80.00000000000007,1,1,TP,TP,3,MEDIUM,2021
UPS,2021-03-15,2021-03-16,2021-03-18,-0.0301149781536501,0.0237948218553972,1.2656105742947312,1.4335196907877896,0.0057386604788995,0.011416156206643,0.0791002632383397,-0.0156752102393837,0.0110022492146864,0.0072459544851619,1.0,0.0059634597658086,0.0332994081335522,0.7327749407959538,127.21811397833682,124.67375169877008,-0.02,-40.00000000000004,2,2,SL,SL,5,HIGH,2021
BA,2021-03-16,2021-03-17,2021-03-18,-0.0392274892798435,0.0503814842367489,0.7786092425445156,1.3401254100921185,0.111953495606808,0.1813352955613369,0.3387830619804339,0.0127381218804254,0.1066736309718017,0.1437214637086106,2.0,-0.001261301281871,0.0308122316972458,0.7274638536386835,254.6999969482422,264.8879968261719,0.04,80.00000000000007,1,1,TP,TP,2,LOW,2021
PLD,2021-03-17,2021-03-18,2021-03-23,-0.0204355970138981,0.0266965173611539,0.765478011136914,1.2393018741954622,0.0140838465917199,0.0060995714416911,0.0262393843778796,0.0079966322190536,0.0448219779197631,0.0623244070950637,1.0,0.0034098889768838,0.0327960450122735,0.9453227804345736,86.62071008030776,90.08553848352008,0.04,80.00000000000007,3,3,TP,TP,3,MEDIUM,2021
BA,2021-03-18,2021-03-19,2021-03-19,-0.0285670885993879,0.0498153387020108,0.5734596881950904,1.0703414818194696,0.0928840372831747,0.1738268514802936,0.3357113003376772,-0.0360275840390874,0.0161111014229911,0.1395131053716083,3.0,-0.0145498351315969,0.0167038116443214,1.0840362041783789,257.75,252.595,-0.02,-40.00000000000004,0,0,SL,SL,4,HIGH,2021
MA,2021-03-18,2021-03-19,2021-03-19,-0.0308437748029017,0.0315998446630311,0.976073620987956,1.507113356669759,0.0050940291701018,0.0574925577864298,0.1107895201795166,-0.0386627716237402,-0.0452156255740543,0.0500718014718377,4.0,-0.0145498351315969,0.0167038116443214,1.0840362041783789,353.3319518956292,346.2653128577166,-0.02,-40.00000000000004,0,0,SL,SL,4,HIGH,2021
CAT,2021-03-19,2021-03-22,2021-03-23,-0.0233657919901338,0.0303006604435126,0.7711314422896177,1.940135250373896,0.0155446727998218,0.0993077450514561,0.3720614779527014,-0.0051667613916143,-0.0162009853549076,0.023300851343081,3.0,-0.0018501682722922,0.0139166080768275,1.0527978231056527,205.90488749123512,201.7867897414104,-0.02,-40.00000000000004,1,1,SL,SL,4,HIGH,2021
MA,2021-03-19,2021-03-22,2021-03-29,-0.0285832345951474,0.0333831703965612,0.856216897784272,2.356618766892478,-0.0267453629936054,0.0267098184398202,0.0782140197256273,-0.0676551965427629,-0.0684590924707199,-0.0121094111172838,4.0,-0.0018501682722922,0.0139166080768275,1.0527978231056527,344.75052059725,351.5013732910156,0.0195818491646375,39.163698329275135,5,5,TIME,TIME,3,MEDIUM,2021
JPM,2021-03-22,2021-03-23,2021-03-30,-0.0268788388655547,0.0301384522961972,0.8918453609161027,1.112185791816472,-0.01171115278047,0.049879994527461,0.3272915493003754,-0.0265651185726054,-0.0283194828606382,-0.0126868519068319,3.0,0.0079849875236672,0.02122964685204,0.6815924511603135,131.1198443619229,134.73956298828125,0.0276061845861184,55.21236917223682,5,5,TIME,TIME,3,MEDIUM,2021
CAT,2021-03-23,2021-03-24,2021-03-25,-0.0343774947141038,0.0321584178893001,1.0690045397271282,1.075858523104608,-0.0175246791227559,0.0589790638069822,0.3217359576471892,-0.0538839911516761,-0.0362536500745735,0.0066883587946655,3.0,-0.0078711662067713,0.01269167900274,0.8442671769636476,200.3534121963176,196.3463439523912,-0.0200000000000001,-40.000000000000256,1,1,SL,SL,4,HIGH,2021
MS,2021-03-29,2021-03-30,2021-04-07,-0.0262567784842877,0.0298720055163527,0.8789760858176764,1.941441698634236,-0.0461493221595181,0.0115145502104263,0.304384356188871,-0.0182782186785374,-0.0493162991718786,-0.0713092264105575,3.0,-0.0005052230650419,0.0259139619593429,1.025995142952075,66.31917263157152,66.63108825683594,0.0047032496469343,9.40649929386872,5,5,TIME,TIME,3,MEDIUM,2021
NFLX,2021-04-14,2021-04-15,2021-04-21,-0.0247593984444428,0.023772923917771,1.0414957171479589,1.0459612773686395,0.0181026809374413,0.0099090654087075,0.0538405544705218,-0.0275341588905166,-0.0127425070690001,0.0518708615877696,2.0,-0.0034151365427782,0.0497470609826351,0.7170852704271218,54.41699981689453,53.32865982055664,-0.02,-40.00000000000004,4,4,SL,SL,5,HIGH,2021
NVDA,2021-04-14,2021-04-15,2021-04-19,-0.0256703017736888,0.0309241776050737,0.8301045900563305,1.1994638349985811,0.1190342963101278,0.1155116114616818,0.1891087977116969,0.0609030340077196,0.0801427771967691,0.1868628740973814,1.0,-0.0034151365427782,0.0497470609826351,0.7170852704271218,15.604932517003602,15.29283386666353,-0.02,-40.00000000000004,2,2,SL,SL,2,LOW,2021
TSLA,2021-04-14,2021-04-15,2021-04-15,-0.0394716670464749,0.0466803016676083,0.8455743779793209,1.4112535155449817,0.0913372280221567,0.0275322793446708,0.3551149783981799,0.0815484909526396,0.0913006479999438,0.1519932798145036,2.0,-0.0034151365427782,0.0497470609826351,0.7170852704271218,247.6999969482422,242.74599700927732,-0.02,-40.00000000000004,0,0,SL,SL,3,MEDIUM,2021
BAC,2021-04-15,2021-04-16,2021-04-20,-0.0285854866133675,0.0232317613051852,1.2304485328448789,2.016855144983408,-0.0040874220326053,0.0573568282283996,0.3390247447357239,-0.032950588114244,-0.0241815446977846,0.0012926441931673,2.0,0.0107425424378038,0.0591019517373951,0.7161656958227414,34.63418960804008,33.94150581587928,-0.0199999999999999,-39.999999999999815,2,2,SL,SL,4,HIGH,2021
LOW,2021-04-19,2021-04-20,2021-04-22,-0.0203600799057468,0.0164137381958326,1.240429185772935,1.026810018155829,0.0535175190930852,0.1364015155331004,0.2422998739300046,0.0123561515445966,0.0167453424408565,0.0530635055674479,2.0,-0.0049130410035074,0.0538280514451734,0.9729794116101343,183.8782620621989,180.20069682095493,-0.0199999999999999,-39.99999999999981,2,2,SL,SL,4,HIGH,2021
NVDA,2021-04-19,2021-04-20,2021-04-20,-0.0346111095538043,0.0336794181614931,1.0276635239909346,1.1673237107974412,0.0912621060434122,0.1108727238152711,0.186832388561597,0.0055476048859222,0.0100435655009969,0.0982485450848011,3.0,-0.0049130410035074,0.0538280514451734,0.9729794116101343,15.26693366441033,14.961594991122125,-0.02,-40.00000000000004,0,0,SL,SL,4,HIGH,2021
TSLA,2021-04-19,2021-04-20,2021-04-21,-0.0339965846863086,0.0470853052641242,0.7220211166860946,1.1781774352519268,0.0507433919184334,0.0137660128710006,0.3038248203264961,-0.0240361099608097,0.0180204913117956,0.0341219900242564,2.0,-0.0049130410035074,0.0538280514451734,0.9729794116101343,239.13999938964844,234.35719940185547,-0.02,-40.00000000000003,1,1,SL,SL,4,HIGH,2021
CAT,2021-04-20,2021-04-21,2021-04-28,-0.0204828656890374,0.0213347626430011,0.9600700055482846,1.0115841073734846,-0.0094192846217397,0.0288789816653409,0.2994551864524024,-0.0210303001719186,-0.0074994460611469,-0.0130506621882926,3.0,-0.0073214879414545,0.0447481567695811,1.0094923493632506,206.5408727718118,212.01974487304688,0.0265268178046684,53.05363560933696,5,5,TIME,TIME,3,MEDIUM,2021
GE,2021-04-20,2021-04-21,2021-04-22,-0.0297176086685631,0.02433817203889,1.2210287864296978,1.1113297184573967,-0.014822906656009,0.0102470373485623,0.3800529564038595,-0.0361623162038649,-0.0282739693468054,-0.0253730799781933,3.0,-0.0073214879414545,0.0447481567695811,1.0094923493632506,62.87360922053491,65.3885535893563,0.04,80.00000000000007,1,1,TP,TP,4,HIGH,2021
GS,2021-04-20,2021-04-21,2021-04-26,-0.0326733176443527,0.024122307053731,1.3544856041992497,1.086677862903465,0.0025769409488136,0.01213661145253,0.3310584016722779,-0.0197014774697431,0.0128175408124986,0.0147373733211615,1.0,-0.0073214879414545,0.0447481567695811,1.0094923493632506,289.9467655890015,301.5446362125616,0.04,80.00000000000009,3,3,TP,TP,5,HIGH,2021
NEE,2021-04-21,2021-04-22,2021-04-28,-0.0317893009584362,0.0185877942394475,1.710224491885764,1.101321699191602,0.0103601556230705,0.0224711328469069,0.0556574527391187,-0.0366939123089481,-0.0146594644008063,0.0072343320652228,2.0,0.0094620483251082,0.053200848367986,0.8360886677333339,67.698023583444,66.34406311177511,-0.02,-40.00000000000004,4,4,SL,SL,5,HIGH,2021
ORCL,2021-04-21,2021-04-22,2021-04-23,-0.0325595574619373,0.0193834642362,1.6797594622497882,1.320818445112732,0.0349023166114301,0.1107626448036789,0.256696961090217,-0.0290059109344505,-0.0020828441587273,0.034966769619505,2.0,0.0094620483251082,0.053200848367986,0.8360886677333339,70.88750944641778,69.46975925748943,-0.0199999999999999,-39.999999999999815,1,1,SL,SL,5,HIGH,2021
ORCL,2021-04-22,2021-04-23,2021-04-30,-0.0233496596519808,0.0200921946192428,1.1621258948795077,1.164033137110016,0.0050878167203625,0.0812314823252002,0.2253973606654418,-0.0492698197792431,-0.0436836129794233,-0.0054461128084194,3.0,-0.0091329823740636,0.0423527493069912,1.2215077840409168,69.1923967074526,70.58946228027344,0.0201910273281566,40.38205465631339,5,5,TIME,TIME,5,HIGH,2021
PFE,2021-04-22,2021-04-23,2021-04-30,-0.0225145992789403,0.0163783176728007,1.3746588464534448,1.2043148577369334,0.0420994256644657,0.0840900399155515,0.0887551161028235,-0.0074492858453096,0.0276597818146453,0.0745272953499258,1.0,-0.0091329823740636,0.0423527493069912,1.2215077840409168,29.096507094374758,29.111574172973636,0.0005178311798734,1.0356623597469472,5,5,TIME,TIME,5,HIGH,2021
TSLA,2021-04-22,2021-04-23,2021-04-26,-0.0328306967669932,0.0460694392585628,0.7126350416972149,1.0587569453379315,0.0413130857636054,0.0321394687297869,0.2966296657669476,0.0070805621890919,-0.0259322167786784,0.0524861059220145,2.0,-0.0091329823740636,0.0423527493069912,1.2215077840409168,239.93333435058597,249.53066772460937,0.04,80.00000000000007,1,1,TP,TP,3,MEDIUM,2021
HON,2021-04-23,2021-04-26,2021-04-30,-0.0207624393200915,0.0161310877257782,1.287107210192168,2.022042908310433,0.0011907239227906,0.0469343122739167,0.1899889600478765,-0.0124489249145501,-0.032786117744838,-0.0109259934472613,4.0,0.010842351144827,0.0521681223634151,0.9417040128014488,199.56200245464296,195.5707624055501,-0.02,-40.00000000000004,4,4,SL,SL,5,HIGH,2021
GE,2021-04-28,2021-04-29,2021-05-06,-0.0214973648770379,0.0299242181310851,0.7183935360605643,1.1051142969448238,-0.0165765049004126,0.004126302362404,0.3658977187673133,-0.0258300852546122,-0.0112354968315802,-0.0350875623509933,2.0,-0.0002874009180823,0.0495565906417705,0.7263964807858406,64.08927038337383,64.23515319824219,0.0022762439640162,4.552487928032534,5,5,TIME,TIME,3,MEDIUM,2021
MSFT,2021-04-28,2021-04-29,2021-04-29,-0.0282859629323563,0.0158761463429756,1.7816642856074003,1.7347392792616194,-0.0013848328105851,0.049328641994075,0.1465462340545158,-0.0252345332530871,-0.0231021945620428,-0.0040299016440631,2.0,-0.0002874009180823,0.0495565906417705,0.7263964807858406,244.13970646158364,239.256912332352,-0.02,-40.00000000000004,0,0,SL,SL,4,HIGH,2021
CAT,2021-04-29,2021-04-30,2021-05-05,-0.0207921222466388,0.0207774936130083,1.000704061514972,2.1394132966438995,-0.0118616364405925,0.0123169799236275,0.2778473324272079,-0.0134023636394882,-0.0017116737041751,-0.0172964513593912,2.0,0.0063728265188693,0.0547096271927884,1.1411515905073706,205.83167198926597,214.06493886883655,0.04,80.00000000000006,3,3,TP,TP,4,HIGH,2021
XOM,2021-04-30,2021-05-03,2021-05-05,-0.0288429079747525,0.023110680805003,1.248033678372148,1.404252411499737,0.0144798196681223,0.0033901213455487,0.3035700423787268,0.0147134284080789,0.0300520483978827,0.0102366087429708,1.0,-0.0065705623241851,0.0463159837200408,1.2555125105354523,47.24462753187454,49.13441263314952,0.04,80.00000000000007,2,2,TP,TP,4,HIGH,2021
AMZN,2021-05-03,2021-05-04,2021-05-04,-0.0233401707193126,0.0221451454370255,1.0539633070229928,1.5372861555287225,0.004976343884677,0.0580315606394812,0.0587166762591124,-0.0208212206448654,-0.0066031303032573,0.0042941690419082,2.0,0.0021567610620552,0.0470267102705885,1.01770063528332,167.8094940185547,164.4533041381836,-0.02,-40.00000000000004,0,0,SL,SL,5,HIGH,2021
CRM,2021-05-03,2021-05-04,2021-05-04,-0.0284823861827379,0.0212983127093039,1.3373071647265111,1.1826408739346617,-0.0271665695978022,0.0110940225266573,-0.0284586633117823,-0.0553869028896157,-0.0496902103953396,-0.0292409983574145,4.0,0.0021567610620552,0.0470267102705885,1.01770063528332,217.90021953754663,213.54221514679568,-0.0200000000000001,-40.000000000000256,0,0,SL,SL,4,HIGH,2021
AAPL,2021-05-04,2021-05-05,2021-05-11,-0.0353857513972741,0.0217219455597528,1.6290323212501812,1.4802681328668503,-0.0363127157890148,0.0106781954280492,0.0497436236971893,-0.0421784732310142,-0.0486643808820901,-0.039516248932531,4.0,-0.0061692681039196,0.0390141470763409,1.474005275828993,125.61607050473611,123.1037490946414,-0.02,-40.00000000000004,4,4,SL,SL,4,HIGH,2021
ADBE,2021-05-04,2021-05-05,2021-05-05,-0.0253445744738693,0.0195100376255812,1.299053080278942,1.3549033474776049,-0.0387930222179825,0.0256657001957925,0.0271892428627009,-0.0491968713349075,-0.051457501624336,-0.045720637017991,4.0,-0.0061692681039196,0.0390141470763409,1.474005275828993,495.6900024414063,485.7762023925781,-0.02,-40.00000000000004,0,0,SL,SL,4,HIGH,2021
AMZN,2021-05-04,2021-05-05,2021-05-05,-0.0220345413338018,0.0234254831665472,0.9406227046479172,1.371136164554489,-0.0184502352650477,0.0338711953781969,0.0348223483068041,-0.0459307860567786,-0.0308887070149894,-0.0068431622188919,3.0,-0.0061692681039196,0.0390141470763409,1.474005275828993,166.9429931640625,163.60413330078126,-0.0199999999999999,-39.999999999999815,0,0,SL,SL,3,MEDIUM,2021
NVDA,2021-05-04,2021-05-05,2021-05-05,-0.032722699202853,0.0341271661624719,0.9588460713985876,1.2334237121025389,-0.0519201797231858,0.0307256322629472,0.0857402253214596,-0.0635246887184881,-0.0669950827201849,-0.0540497091971775,4.0,-0.0061692681039196,0.0390141470763409,1.474005275828993,14.654942189885872,14.361843346088154,-0.02,-40.00000000000004,0,0,SL,SL,3,MEDIUM,2021
PLD,2021-05-05,2021-05-06,2021-05-13,-0.0224045860125574,0.0149417658893154,1.4994603836336735,1.097408072414953,-0.0029995031117318,0.0596981903037945,0.1089861519257935,-0.0302067477073315,-0.0181581068189831,-0.0148198606344948,3.0,0.0003125969722548,0.0378074520243421,0.8701735141509758,97.6302717704858,97.77672576904295,0.0015000879942388,3.000175988477682,5,5,TIME,TIME,4,HIGH,2021
MSFT,2021-05-10,2021-05-11,2021-05-12,-0.0209142460700054,0.0193439099445239,1.0811798715970562,1.089684501788409,-0.0322758473289035,0.0099548294107536,0.1044899253301012,0.0028804390109065,-0.0185818017548106,-0.0549418604828618,3.0,-0.0099021549503014,0.0376568038516709,1.1439901780456343,233.71317897375303,229.038915394278,-0.02,-40.00000000000004,1,1,SL,SL,3,MEDIUM,2021
V,2021-05-10,2021-05-11,2021-05-18,-0.0264950652320522,0.0184854233961468,1.4332950165250171,1.3686851813677754,-0.0126191790697286,0.0191177672073699,0.0852159876734217,-0.0141354692821459,-0.0285457176879995,-0.0189718940397259,3.0,-0.0099021549503014,0.0376568038516709,1.1439901780456343,214.81717887097545,216.8887481689453,0.0096434061226271,19.286812245254303,5,5,TIME,TIME,4,HIGH,2021
COP,2021-05-11,2021-05-12,2021-05-13,-0.0224559441739763,0.0325735807533909,0.689391330476881,1.102497749201964,0.061768213428724,0.0382119367363735,0.3124335276581389,0.0003590697071886,0.0599204066824177,0.086159915130866,2.0,-0.008925007861682,0.0270747157118955,1.5675616341945369,46.2756104148482,45.35009820655124,-0.02,-40.00000000000004,1,1,SL,SL,3,MEDIUM,2021
CVX,2021-05-11,2021-05-12,2021-05-19,-0.0261933612643062,0.0236644974154703,1.1068631969839635,1.3583487842827369,0.0182317033785499,0.0124299565498633,0.2070588718667845,-0.0212806013809133,0.0055601068306292,0.0389483954643816,2.0,-0.008925007861682,0.0270747157118955,1.5675616341945369,85.35480144140625,83.64770541257812,-0.0200000000000001,-40.00000000000026,5,5,SL,SL,5,HIGH,2021
GS,2021-05-11,2021-05-12,2021-05-12,-0.0237604696547822,0.0213996334740643,1.1103213372125835,1.1570237691343623,0.0343404544010332,0.0602876993645651,0.3824095505028924,-0.0165316387170643,0.0288131096864177,0.0383403663952541,2.0,-0.008925007861682,0.0270747157118955,1.5675616341945369,319.0029268719468,312.62286833450787,-0.0199999999999999,-39.99999999999981,0,0,SL,SL,5,HIGH,2021
HD,2021-05-11,2021-05-12,2021-05-12,-0.0306635380889533,0.0171604608772844,1.7868714778833896,1.4257925137404472,0.0102736067057618,0.0867899743964526,0.1802873970820746,-0.0204985090178331,-0.0063405906803652,0.0314109032435026,2.0,-0.008925007861682,0.0270747157118955,1.5675616341945369,286.80672300512657,281.070588545024,-0.0200000000000001,-40.000000000000256,0,0,SL,SL,5,HIGH,2021
LOW,2021-05-11,2021-05-12,2021-05-12,-0.028252319130804,0.0219496380247021,1.2871428266383638,1.1199520725355996,0.0154455239910344,0.0882165488872641,0.2167312328346931,-0.0029133771330346,0.0251621927792926,0.031600098611175,2.0,-0.008925007861682,0.0270747157118955,1.5675616341945369,183.67938680243068,180.00579906638208,-0.0199999999999999,-39.999999999999815,0,0,SL,SL,5,HIGH,2021
UNH,2021-05-11,2021-05-12,2021-05-19,-0.021834943711509,0.0154776234971674,1.4107426579736229,1.115803339661385,0.026820244371994,0.0923777475704255,0.214925057628559,-0.0078800750449571,0.0008751705672156,0.0435995786058649,1.0,-0.008925007861682,0.0270747157118955,1.5675616341945369,373.54417658779386,373.7358093261719,0.0005130122496581,1.0260244993163248,5,5,TIME,TIME,5,HIGH,2021
XOM,2021-05-11,2021-05-12,2021-05-13,-0.0317993926757218,0.0239902775027412,1.325511664968792,1.407959473474532,0.0427854018648743,0.0469983275075382,0.3584684631410513,-0.0155969919994499,0.0236527315523722,0.0741001915675265,1.0,-0.008925007861682,0.0270747157118955,1.5675616341945369,49.61111790770304,48.61889554954898,-0.02,-40.00000000000004,1,1,SL,SL,5,HIGH,2021
BLK,2021-05-12,2021-05-13,2021-05-14,-0.0244045114168348,0.0202255258612014,1.2066193771332274,1.2199907988996237,-0.0046009203379187,0.058559943673706,0.2130001907052527,-0.0575969025079252,-0.0323260771633453,0.0088450128298576,3.0,-0.0212450465501307,0.0042518406229454,1.723389861362809,726.5979301851329,755.6618473925382,0.04,80.00000000000007,1,1,TP,TP,3,MEDIUM,2021
DUK,2021-05-12,2021-05-13,2021-05-17,-0.0232558583748176,0.0178041834092956,1.306201909977834,1.249809846132375,0.006908563597689,0.0476090479174964,0.1258947568266832,0.0035690844947811,0.0187195080128816,0.0268845398906063,2.0,-0.0212450465501307,0.0042518406229454,1.723389861362809,82.0460932784707,85.32793700960954,0.04,80.00000000000007,2,2,TP,TP,3,MEDIUM,2021
GOOGL,2021-05-12,2021-05-13,2021-05-20,-0.0307525809682384,0.0254941701548169,1.206259344057448,1.3377756623829922,-0.0452334834000531,0.0082597669017969,0.2073597638281641,-0.0644917150544507,-0.049473679240245,-0.0673113064723263,3.0,-0.0212450465501307,0.0042518406229454,1.723389861362809,110.32769928437514,114.33368682861328,0.0363098983321723,72.61979666434472,5,5,TIME,TIME,3,MEDIUM,2021
HON,2021-05-12,2021-05-13,2021-05-14,-0.0397973333710688,0.0184609075118442,2.155762567226742,1.5283746079314526,-0.0287738437625241,0.0002956316011177,0.1361431431364241,-0.0382446067985151,-0.0271893856601388,-0.0126978940319812,2.0,-0.0212450465501307,0.0042518406229454,1.723389861362809,194.40357603217228,202.1797190734592,0.04,80.00000000000007,1,1,TP,TP,3,MEDIUM,2021
MCD,2021-05-12,2021-05-13,2021-05-20,-0.0253146018373708,0.0146342154904141,1.7298229518317978,1.3559278918717248,-0.0244467838737358,0.0060918136754857,0.0579876022397325,-0.0293818248915951,-0.0302076917540394,-0.0192333924125306,4.0,-0.0212450465501307,0.0042518406229454,1.723389861362809,200.716036909308,204.3958282470703,0.0183333200197899,36.66664003957987,5,5,TIME,TIME,3,MEDIUM,2021
WMT,2021-05-12,2021-05-13,2021-05-18,-0.0258689751658294,0.014256334699564,1.8145600332054803,1.2161274659766097,-0.0250124041280597,2.2679979784223647e-05,-0.0225551003181002,-0.0303852078080638,-0.0293467406179013,-0.010270003101601,3.0,-0.0212450465501307,0.0042518406229454,1.723389861362809,42.50054249619733,44.20056419604523,0.04,80.00000000000007,3,3,TP,TP,3,MEDIUM,2021
LOW,2021-05-17,2021-05-18,2021-05-19,-0.0240310265010957,0.0292734383017963,0.8209157480356919,1.419899851859107,-0.0335323256934948,0.0119585539273885,0.1435301172835428,-0.0072105672803265,-0.0813022665187842,-0.0254515619519635,4.0,-0.0025446333118049,0.024001219765342,0.8154168129418616,175.36317849561243,171.85591492570018,-0.02,-40.00000000000004,1,1,SL,SL,3,MEDIUM,2021
CVX,2021-05-18,2021-05-19,2021-05-26,-0.0300538029212528,0.0267245423667137,1.1245768967286685,1.2672699157099996,0.0128323482814043,0.0174093587753068,0.2076893602961331,0.0074965705641667,0.0073077370566367,0.0129084756859909,2.0,-0.008615437400585,0.0136069994291752,0.7592998367402901,83.83185040521928,84.07411193847656,0.0028898507200574,5.779701440114859,5,5,TIME,TIME,4,HIGH,2021
COP,2021-05-19,2021-05-20,2021-05-27,-0.0298482675479953,0.038554036674421,0.77419305791651,1.0404794997486244,0.0333227564520952,0.0424055432893972,0.3018029890757532,-0.0166311600178487,0.0057905809517719,0.010326366131468,3.0,-0.0026219633225732,0.0097094206532346,1.318414261205077,46.25335443468388,46.15361404418945,-0.0021563925841372,-4.312785168274491,5,5,TIME,TIME,4,HIGH,2021
XOM,2021-05-19,2021-05-20,2021-05-27,-0.0239949035913324,0.0292686887970866,0.8198147774122658,1.1193995730055837,0.0054227818680194,0.0290636489208377,0.3232122437884459,-0.0294553598973664,-0.0176549534924524,-0.0185464393886226,3.0,-0.0026219633225732,0.0097094206532346,1.318414261205077,48.734806566438166,48.41239547729492,-0.0066156226290488,-13.2312452580976,5,5,TIME,TIME,4,HIGH,2021
ABBV,2021-05-27,2021-05-28,2021-06-02,-0.0207497081105156,0.017151247023182,1.2098075482482331,3.409183337529291,-0.0264619718256228,0.0194763076355262,0.1234790746408136,-0.0309721298328884,-0.0409017407245722,-0.0367067732249912,4.0,0.0005249919543184,0.0230367037455949,0.7204441856392283,93.28911365464208,91.42333138154925,-0.02,-40.00000000000004,2,2,SL,SL,4,HIGH,2021
COST,2021-05-28,2021-06-01,2021-06-08,-0.0238192730919187,0.0158352505668141,1.5041930022778875,2.152701453620716,-0.0072891417708697,0.0277031691288536,0.0622173354534638,-0.0184493136551593,-0.0064352325230799,-0.0159981529456354,1.0,0.0017886144179994,0.0233764360380184,0.7564483218105268,359.3756206091214,359.15802001953125,-0.0006054962471336,-1.210992494267371,5,5,TIME,TIME,4,HIGH,2021
GE,2021-05-28,2021-06-01,2021-06-03,-0.0202089128663043,0.0241820548347474,0.8356987445610269,1.0976907769247828,0.0595728970867208,0.0591020008709914,0.3532436220247061,0.0716466864628051,0.062736208192899,0.0603317761371888,3.0,0.0017886144179994,0.0233764360380184,0.7564483218105268,69.19502078573649,67.81112037002175,-0.02,-40.00000000000004,2,2,SL,SL,3,MEDIUM,2021
JNJ,2021-06-01,2021-06-02,2021-06-09,-0.0219791564666541,0.0130727412083311,1.6812966857056042,1.5169496077830706,-0.0176684090875812,0.0051750301288393,0.0739453622219346,-0.0209379626862267,-0.0294339168863337,-0.0224617354077986,4.0,-0.0008807390565072,0.0209731716708261,0.7071772557949584,142.90845800911612,143.1591339111328,0.0017541012303183,3.5082024606367668,5,5,TIME,TIME,4,HIGH,2021
AVGO,2021-06-07,2021-06-08,2021-06-15,-0.023620957276176,0.0232468151304239,1.0160943399623998,1.2952168396430133,0.0241065398367603,0.0039552825427222,0.1060590788321969,-0.0210035442712092,-0.0181017426622102,0.0277898582767952,3.0,-0.0009702848049849,0.0209154870393417,0.713936891468506,42.279512483597024,42.52250671386719,0.0057473281028119,11.494656205623954,5,5,TIME,TIME,5,HIGH,2021
GS,2021-06-10,2021-06-11,2021-06-15,-0.0230938843398528,0.0205006959191148,1.126492702051155,1.47990492612426,0.0036629103776102,0.057282567296355,0.3477779162685057,-0.0366340758930952,-0.0380220694423455,0.0212383440531569,4.0,0.0046483908119561,0.0203497388323465,0.8115919021039468,331.2149269196337,324.590628381241,-0.02,-40.00000000000004,2,2,SL,SL,5,HIGH,2021
ORCL,2021-06-10,2021-06-11,2021-06-16,-0.0262653515075825,0.0167331477185663,1.569659931851297,1.6433152393430994,0.0251176989831387,0.0559304006085299,0.2622954325504041,-0.0195374559393554,0.0149224496689821,0.0383550289559178,2.0,0.0046483908119561,0.0203497388323465,0.8115919021039468,76.35471607775668,74.82762175620154,-0.0200000000000001,-40.000000000000256,3,3,SL,SL,5,HIGH,2021
COP,2021-06-17,2021-06-18,2021-06-21,-0.0346801687571101,0.026363551391359,1.315458916831553,1.7482256734829884,0.0113024418812703,0.0736079586431273,0.3191618337791742,-0.0215553405944721,-0.0192783978159941,-0.007735072866785,3.0,-0.0003314611071018,0.0114235796411845,1.5844121206272064,48.106825354128176,50.03109836829331,0.04,80.00000000000007,1,1,TP,TP,5,HIGH,2021
CVX,2021-06-17,2021-06-18,2021-06-18,-0.0237071895487903,0.0265980820030964,0.8913119955803763,1.5109932669335724,0.0032655454063479,0.0200376047773096,0.1845450891850648,-0.0083356997558902,-0.0123605050566059,-0.0048331362667796,3.0,-0.0003314611071018,0.0114235796411845,1.5844121206272064,84.98655357148675,83.28682250005701,-0.02,-40.00000000000004,0,0,SL,SL,4,HIGH,2021
GS,2021-06-17,2021-06-18,2021-06-18,-0.0256064977991551,0.0235921983693954,1.0853798954307152,1.5310960613871183,-0.0350522040586889,0.0090723107031778,0.2835823780394384,-0.0306232096345101,-0.0332676720535206,-0.070024835758862,4.0,-0.0003314611071018,0.0114235796411845,1.5844121206272064,314.30598191712943,308.01986227878683,-0.02,-40.00000000000004,0,0,SL,SL,4,HIGH,2021
MS,2021-06-17,2021-06-18,2021-06-18,-0.03501662264726,0.0217511413839069,1.6098751798454014,1.229625857535236,-0.0334090703189478,0.0232917341418561,0.2633671682215892,-0.0309743181183772,-0.0411213549540225,-0.0582755094672301,3.0,-0.0003314611071018,0.0114235796411845,1.5844121206272064,73.13657323627936,71.67384177155377,-0.0200000000000001,-40.000000000000256,0,0,SL,SL,4,HIGH,2021
XOM,2021-06-17,2021-06-18,2021-06-22,-0.0329173612092916,0.0238517733387879,1.38008024567973,1.2076629404840773,0.0172550616595539,0.0521935613093671,0.3278792416988805,-0.0012889821575697,-0.0121116397176365,0.0132395653036669,4.0,-0.0003314611071018,0.0114235796411845,1.5844121206272064,50.42956761670731,52.4467503213756,0.04,80.00000000000009,2,2,TP,TP,5,HIGH,2021
COP,2021-06-18,2021-06-21,2021-06-22,-0.0250803484886737,0.0284075138074472,0.8828772788310251,2.237123969469141,-0.0158660396783207,0.044141384867145,0.2830026801014018,-0.0595060467125029,-0.0406868579227925,-0.0387631752863889,3.0,-0.0134903054102047,-0.0025917479022702,1.99672384404542,48.39771072042604,50.33361914924309,0.04,80.00000000000007,1,1,TP,TP,3,MEDIUM,2021
META,2021-06-18,2021-06-21,2021-06-24,-0.0203558395245714,0.0193836030291207,1.050157676774025,1.5390925636634671,-0.0021580314541208,0.0354112721395147,0.1621861988243083,-0.021054128936633,-0.0048300051383626,-0.002088498431972,3.0,-0.0134903054102047,-0.0025917479022702,1.99672384404542,328.2078034813049,341.3361156205572,0.04,80.00000000000007,3,3,TP,TP,4,HIGH,2021
PEP,2021-06-18,2021-06-21,2021-06-28,-0.0208723654294293,0.012229474007023,1.7067263414144287,2.0393828885566974,-0.0115847599187294,0.0025646189746426,0.0465030602102405,-0.0212680136077748,-0.0153696555984795,-0.0163689863500486,2.0,-0.0134903054102047,-0.0025917479022702,1.99672384404542,124.40665462184316,125.50779724121094,0.0088511552916112,17.70231058322258,5,5,TIME,TIME,4,HIGH,2021
PLD,2021-06-18,2021-06-21,2021-06-28,-0.0247940138809162,0.0170861449404958,1.451118082356425,2.396106467824757,-0.0102055552824958,0.0269293328959336,0.1473662132316813,-0.0289912736213444,-0.0364037713711183,-0.0181380766247827,3.0,-0.0134903054102047,-0.0025917479022702,1.99672384404542,103.86046510390518,105.29767608642578,0.0138379024307542,27.67580486150845,5,5,TIME,TIME,4,HIGH,2021
XOM,2021-06-18,2021-06-21,2021-06-22,-0.0256493052143905,0.0257332093929625,0.9967394592221026,1.6134825910792576,-0.0101038687494651,0.0233975476539585,0.2906289208879622,-0.061091353128742,-0.0284702384734091,-0.017087129983158,4.0,-0.0134903054102047,-0.0025917479022702,1.99672384404542,50.37170343630074,52.386571573752775,0.04,80.00000000000009,1,1,TP,TP,3,MEDIUM,2021
AMD,2021-06-21,2021-06-22,2021-06-24,-0.0243355599628489,0.025833300209674,0.9420228838487994,1.2261312192368865,0.0222925991194358,0.0350609366435026,-0.0138466696738631,0.0309573799606064,0.0127528295182619,0.0152427521453979,3.0,0.0143160657170207,0.0111664667183868,1.2291115220977025,82.9000015258789,86.21600158691406,0.04,80.00000000000007,2,2,TP,TP,3,MEDIUM,2021
BA,2021-06-28,2021-06-29,2021-06-29,-0.0338996618222868,0.0231318192208357,1.4654991679924625,1.548494969012186,-0.0288460323855496,0.002014410993862,0.1196608657704885,-0.0148212033575474,-0.0216894654758076,-0.0211307525849654,4.0,0.0020160197799552,0.0239696515819087,0.8999774834638897,243.7400054931641,238.8652053833008,-0.02,-40.00000000000004,0,0,SL,SL,4,HIGH,2021
COP,2021-07-06,2021-07-07,2021-07-07,-0.0393624512132068,0.0309270993623106,1.2727495311498866,1.289092069032768,-0.0032986402825834,0.0494323964935645,0.3008415282965937,-0.0101806387743018,0.0115791688643298,-0.0028121161982995,3.0,-0.0018214875911111,0.0327371896591954,1.151839411956798,49.86885030347886,48.87147329740928,-0.02,-40.00000000000004,0,0,SL,SL,4,HIGH,2021
BLK,2021-07-08,2021-07-09,2021-07-14,-0.0271271874551488,0.0164590636258999,1.6481610419478248,1.115944468562012,0.0024090661337659,0.0165926808169287,0.1925064477833351,-0.0191688975508877,0.0017486145292939,0.0128030921612118,2.0,-0.0081481222612904,0.0263280347014376,1.5508172263270843,789.4143851357418,773.626097433027,-0.0199999999999999,-39.999999999999815,3,3,SL,SL,5,HIGH,2021
NVDA,2021-07-08,2021-07-09,2021-07-15,-0.023022031130095,0.0269354367636184,0.8547116325654246,1.1285679497465486,0.0407817076767687,0.1822155292948264,0.3837403015233911,-0.0285179562190543,-0.0049867375325103,0.0443663668555547,2.0,-0.0081481222612904,0.0263280347014376,1.5508172263270843,19.89369121039719,19.495817386189245,-0.02,-40.00000000000004,4,4,SL,SL,4,HIGH,2021
BLK,2021-07-14,2021-07-15,2021-07-19,-0.0305592519549213,0.0186522780681734,1.6383656646779725,1.5500502959271996,0.0010691033135548,0.013210913110075,0.1858685770216106,-0.0232882593486948,-0.0228869738479783,0.0077732387861741,3.0,0.0014922374716743,0.0352053743822888,0.9758561189547952,776.6403259855526,761.1075194658416,-0.0199999999999999,-39.999999999999815,2,2,SL,SL,5,HIGH,2021
CRM,2021-07-15,2021-07-16,2021-07-22,-0.0200056384753782,0.0207779559385834,0.9628299595259502,1.374283123929679,-0.0276265252901756,0.0141740646643466,0.019396377446136,-0.0219423154319914,-0.0334418495970899,-0.0273877455439627,4.0,-0.0034155728956817,0.0306675012651849,0.8552817758006941,234.24741937314232,243.61731614806803,0.04,80.00000000000007,4,4,TP,TP,3,MEDIUM,2021
LLY,2021-07-15,2021-07-16,2021-07-23,-0.02064756344803,0.0150775660782043,1.3694228458980218,1.0914569735583426,0.0064261610249833,0.0779637127110697,0.2655806994456602,-0.019236689903899,-0.0238277285309876,0.0084957501358344,3.0,-0.0034155728956817,0.0306675012651849,0.8552817758006941,221.46810357859488,230.32682772173868,0.04,80.00000000000007,5,5,TP,TP,5,HIGH,2021
ORCL,2021-07-15,2021-07-16,2021-07-21,-0.0231082894949352,0.0229981275761014,1.0047900386007205,1.4032923861175524,0.0605052664825016,0.0722660157481345,0.2718357673740867,-0.00599328445854,0.0113110111260115,0.1120006608745431,3.0,-0.0034155728956817,0.0306675012651849,0.8552817758006941,81.09544537169384,84.3392631865616,0.04,80.00000000000007,3,3,TP,TP,5,HIGH,2021
AAPL,2021-07-19,2021-07-20,2021-07-26,-0.0269141320250483,0.0213257897490449,1.262046205170601,1.4123039896221743,0.0162842433079661,0.0782976357797728,0.1231418600599099,-0.044921196513375,-0.0141865387647136,0.0177908546938032,3.0,-0.0147679711374761,0.0063266603514016,2.2709281922368407,139.717408691922,145.3061050395989,0.04,80.00000000000007,4,4,TP,TP,5,HIGH,2021
V,2021-07-19,2021-07-20,2021-07-26,-0.0310737106559424,0.0152893731773107,2.0323730931007398,1.503838033291351,0.0071427991612202,0.0330974765307969,0.114391150192652,-0.022683848184267,0.0106783000168788,0.0074593425728646,2.0,-0.0147679711374761,0.0063266603514016,2.2709281922368407,231.37881039320453,240.63396280893272,0.04,80.00000000000007,4,4,TP,TP,5,HIGH,2021
NFLX,2021-07-21,2021-07-22,2021-07-29,-0.0328029487778925,0.0252238282347379,1.3004746334545976,3.056599511223379,-0.0345872501170323,0.0072365226181483,-0.0071315914303459,-0.0314532881380901,-0.0626334395698188,-0.041663588346369,4.0,0.0080964983650129,0.0276353299144198,0.968111046395273,51.02099990844727,51.42499923706055,0.0079182950028071,15.836590005614328,5,5,TIME,TIME,4,HIGH,2021
LOW,2021-07-27,2021-07-28,2021-08-04,-0.0213917518104522,0.0204113335604396,1.0480330325850336,1.2829838490452845,-0.0057636105421187,0.0078941069076692,0.0917912642196105,-0.0165676184595228,-0.0030911037733757,0.0001846350611989,2.0,-0.0045575260223281,0.0325993823508592,0.9954933524326606,175.79397890625634,172.3719482421875,-0.0194661426139838,-38.93228522796765,5,5,TIME,TIME,4,HIGH,2021
ABBV,2021-07-30,2021-08-02,2021-08-05,-0.0216203340746024,0.014785996728139,1.4622168848081154,1.569436950657036,-0.0029244324449567,0.0172589480304368,0.1076364633033066,-0.014072630066789,-0.0159914013499334,-0.0102128593704936,2.0,-0.0048564181835547,0.0273775557984641,1.007569646217694,97.29223790352737,95.34639314545682,-0.02,-40.00000000000004,3,3,SL,SL,4,HIGH,2021
MA,2021-08-02,2021-08-03,2021-08-03,-0.0276730255378092,0.0265625161470412,1.0418073869440905,1.003153956043474,-0.0165560573491229,0.0061528096127201,0.0603048923786531,-0.0213334083159737,-0.0446539205521573,0.0268435715243537,4.0,-0.002098170054382,0.0240863909969637,0.8583074289579853,365.6825478247544,358.36889686825924,-0.02,-40.00000000000004,0,0,SL,SL,4,HIGH,2021
V,2021-08-02,2021-08-03,2021-08-03,-0.0268275652453556,0.0195238586867767,1.374091345146116,1.2636714846289885,-0.0172347622965846,0.0125399086336859,0.1003245296586512,-0.0289950379894693,-0.0418381375188254,-0.0026206754333643,3.0,-0.002098170054382,0.0240863909969637,0.8583074289579853,231.3691924477029,226.7418085987488,-0.02,-40.00000000000004,0,0,SL,SL,4,HIGH,2021
UNH,2021-08-05,2021-08-06,2021-08-13,-0.0245527142295663,0.016120419668791,1.5230815781489953,1.4421917017669714,-0.0096138263737363,0.0091942253763028,0.1189985732350136,-0.0105396795670608,-0.0021597769238418,-0.0110157129683673,2.0,0.0063327708600455,0.0302951812215908,0.6071701787870526,377.403887923535,375.2603759765625,-0.0056796233837601,-11.359246767520316,5,5,TIME,TIME,4,HIGH,2021
AMD,2021-08-09,2021-08-10,2021-08-10,-0.022977011763444,0.0531962883126929,0.4319288524113358,1.3466431037852629,0.0985902723367517,0.1910060341773158,0.2499709740214222,-0.0942156700201015,-0.0096657962709305,0.1716401893771606,3.0,-0.0008136992507945,0.0288068420030664,0.6634497338965057,107.9000015258789,105.74200149536132,-0.02,-40.00000000000004,0,0,SL,SL,4,HIGH,2021
PFE,2021-08-11,2021-08-12,2021-08-13,-0.039012359481495,0.0233382226158853,1.6716079936156296,1.4630201248585777,0.0763489205952918,0.1395891708058143,0.2434909521077732,0.0275125080915248,0.0247840089288993,0.0754756878600719,2.0,0.002484970134996,0.030273529131618,0.7260358004735837,35.689727401775386,37.1173164978464,0.04,80.00000000000007,1,1,TP,TP,4,HIGH,2021
TSLA,2021-08-17,2021-08-18,2021-08-23,-0.0298176497163502,0.0358360678421517,0.8320569613744735,1.194455452324856,-0.0301985767429991,0.0057576811552699,0.0007917462420132,-0.0782831336602738,-0.0623670532395682,-0.0620368000091844,4.0,-0.0065551675281313,0.0259402464754849,1.717449793532935,223.25,232.18,0.04,80.00000000000007,3,3,TP,TP,3,MEDIUM,2021
AAPL,2021-08-18,2021-08-19,2021-08-24,-0.0255010372969636,0.0158440521275217,1.6095022341328526,1.2018068171345249,-0.0048360210009157,0.0360655694134026,0.12514448964159,-0.0183771283717143,0.0034279489869366,-0.0025227965405424,2.0,-0.01094501264122,0.0138550445844807,1.618941521035238,141.45809163231115,147.1164152976036,0.04,80.00000000000007,3,3,TP,TP,4,HIGH,2021
PFE,2021-08-18,2021-08-19,2021-08-23,-0.022014960536469,0.0283049219644746,0.7777785278510889,2.200193849897202,0.0909046326664186,0.1834988000110835,0.3101786497335224,0.0171204750514828,0.0647812632779389,0.0911708116143441,1.0,-0.01094501264122,0.0138550445844807,1.618941521035238,37.22476141921437,38.71375187598294,0.04,80.00000000000007,2,2,TP,TP,3,MEDIUM,2021
NEE,2021-08-23,2021-08-24,2021-08-31,-0.0217894962943123,0.0159783456953489,1.363689127132541,1.3370108153373996,0.0365749938764761,0.0884452714359298,0.1075987978926886,-0.0002366629915884,0.0053605245968746,0.0476664416615584,1.0,0.0087965866212609,0.0294162249806038,0.9411084358140268,73.30366279392048,73.4292221069336,0.0017128654725766,3.4257309451533047,5,5,TIME,TIME,5,HIGH,2021
PFE,2021-08-24,2021-08-25,2021-08-25,-0.0310433063380863,0.0328353309665691,0.9454238901898904,1.1163904406068006,0.0356527944042419,0.1409147122561564,0.2749236034023967,-0.0086063116075109,-0.0404601246225069,0.003942913461352,4.0,0.0015873377419315,0.029907858358565,0.6799652126085779,36.871712006772654,36.1342777666372,-0.0200000000000001,-40.000000000000256,0,0,SL,SL,4,HIGH,2021
PLD,2021-09-09,2021-09-10,2021-09-14,-0.0275728925286767,0.0178465005968573,1.5450027516056677,1.1224599129269195,0.0050469781092308,0.0391679034666534,0.199320906540533,-0.0307214180007509,-0.0222801476999489,0.0320998980941684,2.0,-0.0042801505420773,0.0179153041413331,0.9824219372271116,116.99453520159813,114.65464449756615,-0.02,-40.00000000000003,2,2,SL,SL,5,HIGH,2021
AAPL,2021-09-10,2021-09-13,2021-09-14,-0.033102058384613,0.0185799361465684,1.7816023759977546,1.8755615974006576,-0.0120502988871836,0.0095960087541033,0.1211276983379294,-0.0492694335002075,-0.0304590777636728,0.0096919301175839,3.0,-0.0078846851165786,0.0090941272603222,1.4611568175091514,146.9201475258426,143.9817445753257,-0.02,-40.00000000000004,1,1,SL,SL,4,HIGH,2021
ADBE,2021-09-13,2021-09-14,2021-09-20,-0.0209275168850747,0.0152234801205325,1.374686781168318,1.5947063571359998,-0.0137371741669731,0.0218110226503274,0.2244621838799967,-0.0272457813203442,-0.0321637011920895,-0.0203030959130211,4.0,0.0025592954013609,0.0109369751453558,1.3130730334995244,646.0,633.08,-0.0199999999999999,-39.999999999999815,4,4,SL,SL,4,HIGH,2021
BAC,2021-09-14,2021-09-15,2021-09-20,-0.0268686013325332,0.0217740294150913,1.2339746961998177,1.2140040712368323,-0.0279734985275709,0.0002230126912401,0.076162655779733,-0.0266309722946961,-0.0358180250032597,-0.0387864851964498,3.0,-0.0053965248099905,0.0050059382501335,1.221908920656574,35.331719900711455,34.625085502697225,-0.02,-40.00000000000004,3,3,SL,SL,4,HIGH,2021
MS,2021-09-14,2021-09-15,2021-09-20,-0.0238506765585388,0.0172351016321981,1.383843105049156,1.2729011132543484,-0.0137327739672501,0.0335514242089494,0.22618398437072,-0.0185862040742479,-0.0217890788655853,-0.0209433695502232,3.0,-0.0053965248099905,0.0050059382501335,1.221908920656574,87.12205115935521,85.3796101361681,-0.0200000000000001,-40.00000000000026,3,3,SL,SL,4,HIGH,2021
META,2021-09-17,2021-09-20,2021-09-20,-0.0223555590581461,0.0186424812397906,1.1991729411227856,2.211018183163339,-0.0233033155576654,0.0039612058416165,0.1698224032617243,-0.0313652578382483,-0.0368902485372403,-0.0281388395821339,4.0,-0.009740696196288,0.0001479172085177,1.850270791055798,356.1722137811243,349.0487695055018,-0.02,-40.00000000000004,0,0,SL,SL,4,HIGH,2021
NEE,2021-09-17,2021-09-20,2021-09-27,-0.0280952163280232,0.0166497952919633,1.6874211265278676,2.400494747981898,-0.03509336716906,0.0067119459995093,0.0633165701018148,-0.0354443757088359,-0.0387377815772952,-0.0559668523674631,4.0,-0.009740696196288,0.0001479172085177,1.850270791055798,71.28728595016649,69.86154023116316,-0.02,-40.00000000000004,5,5,SL,SL,4,HIGH,2021
ADBE,2021-09-20,2021-09-21,2021-09-22,-0.0201534085610369,0.0183447223398131,1.098594363420723,1.572009715537409,-0.0258370990038243,0.0073757728877108,0.2070447811135805,-0.0299359208430141,-0.0059831763785865,-0.0379544364734556,3.0,-0.0166744853010901,-0.0165250599070065,2.4218714362551514,646.8800048828125,633.9424047851562,-0.02,-40.00000000000004,1,1,SL,SL,4,HIGH,2021
AVGO,2021-09-20,2021-09-21,2021-09-28,-0.0220946756146197,0.0191887883426017,1.1514367254531954,1.7481157164922712,-0.0012875064580621,0.0172600060410115,0.0729284673785815,-0.0292697494791828,-0.0082969508592221,-0.0057463875537678,3.0,-0.0166744853010901,-0.0165250599070065,2.4218714362551514,45.25572620312454,45.02921676635742,-0.0050051000342025,-10.010200068405029,5,5,TIME,TIME,4,HIGH,2021
COP,2021-09-20,2021-09-21,2021-09-22,-0.0313986225522417,0.028336150452947,1.108076504759531,1.2965558008485727,0.0110279053201229,0.0174937067132066,0.0977554763653185,-0.03792995129336,-0.0090295006978592,0.0147581515537271,4.0,-0.0166744853010901,-0.0165250599070065,2.4218714362551514,48.9687656841396,50.92751631150519,0.04,80.00000000000007,1,1,TP,TP,5,HIGH,2021
NFLX,2021-09-20,2021-09-21,2021-09-28,-0.0236192767163273,0.0259110682997318,0.9115516366637711,1.095854211046335,-0.0053154428809892,0.0549498557056387,0.0918853994896771,-0.0127644156874134,-0.0235198555349068,-0.0255702860199258,2.0,-0.0166744853010901,-0.0165250599070065,2.4218714362551514,57.83100128173828,58.3849983215332,0.0095795858193079,19.15917163861591,5,5,TIME,TIME,3,MEDIUM,2021
NVDA,2021-09-20,2021-09-21,2021-09-21,-0.0359359142004195,0.0266964656214498,1.3460925768220808,1.3142835435858533,-0.0511938636632043,0.0192452451287843,0.2992501852746227,-0.0549661617358616,-0.0469033573406857,-0.0757341944224286,3.0,-0.0166744853010901,-0.0165250599070065,2.4218714362551514,21.3469404733302,20.920001663863594,-0.02,-40.00000000000003,0,0,SL,SL,4,HIGH,2021
TSLA,2021-09-20,2021-09-21,2021-09-24,-0.0386048433059422,0.0263617696584254,1.4644253328267685,1.4329690479449655,-0.0061414361029376,0.040890036940852,0.0512156819668176,-0.0339494183337312,-0.0172678557555278,-0.0046348595679485,1.0,-0.0166744853010901,-0.0165250599070065,2.4218714362551514,244.92999267578125,254.7271923828125,0.04,80.00000000000007,3,3,TP,TP,4,HIGH,2021
AVGO,2021-09-28,2021-09-29,2021-10-01,-0.0273944588338675,0.0191890829880175,1.4276064599321283,1.1216109641874814,-0.0107562564551186,0.0103566032866293,0.0656102381961643,-0.0263336366587833,6.116872766592785e-05,-0.0144489566298358,2.0,-0.0201518208397617,-0.0191734170937053,1.6489794153643376,45.26858326931434,44.36321160392805,-0.0200000000000001,-40.000000000000256,2,2,SL,SL,3,MEDIUM,2021
COST,2021-09-28,2021-09-29,2021-10-01,-0.0286821569379166,0.0190326729897212,1.5069957306263135,1.413488460743441,-0.0251230017270984,0.0007789451389585,0.1580141555375525,-0.0119924630508343,-0.0105281354644314,-0.0241266009041416,2.0,-0.0201518208397617,-0.0191734170937053,1.6489794153643376,426.3294731944402,417.8028837305514,-0.02,-40.00000000000004,2,2,SL,SL,3,MEDIUM,2021
CRM,2021-09-28,2021-09-29,2021-10-04,-0.0264588734132279,0.023208784244748,1.1400370279720868,1.1170600432899755,0.0300115869782533,0.0647664738787616,0.1597497075583807,-0.0200822875694016,0.0554714941614939,0.0704090238959909,2.0,-0.0201518208397617,-0.0191734170937053,1.6489794153643376,268.83895251961934,263.46217346922697,-0.0199999999999999,-39.999999999999815,3,3,SL,SL,4,HIGH,2021
HD,2021-09-28,2021-09-29,2021-10-01,-0.0222899851486718,0.0152400890827885,1.4625889013893765,1.0176324745522582,0.0032352942255573,0.014686070727309,0.1051454421618935,-0.0062817450112935,-0.0012568784411497,0.0020411201107259,2.0,-0.0201518208397617,-0.0191734170937053,1.6489794153643376,295.8466824659941,289.9297488166742,-0.02,-40.00000000000004,2,2,SL,SL,4,HIGH,2021
LOW,2021-09-28,2021-09-29,2021-10-01,-0.02468799614485,0.0190193128662495,1.2980487948468349,1.2742849102748746,-0.0031808301324648,0.0263955160699926,0.1033862594714767,-0.0122609013899993,-0.0040724121662518,0.0061712014386954,3.0,-0.0201518208397617,-0.0191734170937053,1.6489794153643376,187.1311209585206,183.3884985393502,-0.0199999999999999,-39.99999999999981,2,2,SL,SL,3,MEDIUM,2021
MS,2021-09-28,2021-09-29,2021-09-30,-0.0291152684341384,0.0257251941956174,1.1317803167098566,1.741657334276396,-0.0083240119025831,0.0112083092124222,0.1995916488702365,-0.014582490074201,0.0380465607309925,0.0012754449243324,2.0,-0.0201518208397617,-0.0191734170937053,1.6489794153643376,86.2010231569627,84.47700269382345,-0.02,-40.00000000000003,1,1,SL,SL,3,MEDIUM,2021
LOW,2021-09-30,2021-10-01,2021-10-08,-0.020473235521228,0.0200736450727609,1.0199062226625375,1.2340688881582764,-0.0162814330373335,0.011460781105284,0.0867980150581346,-0.0368894532708717,-0.0246178253443314,-0.0269569807175293,3.0,-0.0122223543260856,-0.0295634732079697,1.6560919008070425,184.9253926859922,187.13116455078125,0.0119279014782707,23.85580295654144,5,5,TIME,TIME,4,HIGH,2021
JPM,2021-10-11,2021-10-12,2021-10-13,-0.0210314333970781,0.0226075751278469,0.9302825835209828,1.0011618046726705,0.0273668454034463,0.047274674343654,0.1050037559464236,-0.0140811424780199,0.0041579074714106,0.00397748590539,1.0,-0.007239580665838,-0.0160554252804241,0.672020132181311,147.14020278889987,144.19739873312187,-0.02,-40.00000000000004,1,1,SL,SL,4,HIGH,2021
JPM,2021-10-13,2021-10-14,2021-10-18,-0.0263667699864795,0.0219444800229494,1.2015217475604474,1.7830436300475392,-0.0113722272353912,0.0087706652197874,0.0646878171049349,-0.0541651174781385,-0.0474500626549466,-0.023981989801793,3.0,0.0035975759053312,-0.0146281926418259,0.7567660059888778,143.5892796203178,149.3328508051305,0.04,80.00000000000007,2,2,TP,TP,4,HIGH,2021
NFLX,2021-10-20,2021-10-21,2021-10-22,-0.0216901651614631,0.0274132886842015,0.7912281306825973,2.2923093689675005,0.0105395919893835,0.0669877278379311,0.1626494821777699,-0.0050135866224212,-0.0073361564369894,-0.0218432156435656,2.0,0.0039276276464539,0.0226432265278251,0.5949828850421426,62.88899993896485,65.40455993652344,0.04,80.00000000000007,1,1,TP,TP,4,HIGH,2021
AVGO,2021-10-27,2021-10-28,2021-11-04,-0.0201547312010348,0.0175843830863364,1.1461722087194297,1.424449616913975,0.0457567528050806,0.0574286777327699,0.1149403500906933,0.0149396185473731,0.026934229295439,0.0785550283151457,1.0,-0.0044303074603682,0.0236283049805896,0.9484076974757768,48.06651588438556,49.98917651976098,0.04,80.00000000000007,5,5,TP,TP,4,HIGH,2021
GE,2021-10-27,2021-10-28,2021-11-04,-0.0334140224287845,0.0245890464515684,1.358898666306486,1.3351632285772457,-0.0053446351347485,0.0043690877496931,0.0075783692953956,-0.0019224119105827,-0.0202831687775865,0.0145561980355515,2.0,-0.0044303074603682,0.0236283049805896,0.9484076974757768,62.939962789721086,64.04791259765625,0.0176032803139201,35.20656062784022,5,5,TIME,TIME,4,HIGH,2021
UPS,2021-10-27,2021-10-28,2021-11-02,-0.026872236817182,0.0234067610537296,1.1480544768880043,1.0592715067488945,0.1109568744940543,0.1077462769139327,0.1358496575886232,0.0412148861133179,0.0867514148760575,0.1529394925351097,1.0,-0.0044303074603682,0.0236283049805896,0.9484076974757768,168.37696929924783,165.00942991326286,-0.0200000000000001,-40.000000000000256,3,3,SL,SL,3,MEDIUM,2021
XOM,2021-10-27,2021-10-28,2021-11-04,-0.0259720399991936,0.0200931287500564,1.2925831672242976,1.0220198327586834,0.0302669776233579,0.1038929588266925,0.1374341196721149,0.0160013884193011,0.0043852392727903,0.050106279709976,2.0,-0.0044303074603682,0.0236283049805896,0.9484076974757768,53.5594759884844,54.05461883544922,0.0092447291133184,18.489458226636835,5,5,TIME,TIME,4,HIGH,2021
AMZN,2021-10-29,2021-11-01,2021-11-01,-0.0215112450537781,0.0209486653772165,1.0268551559935382,2.132263382738006,0.0106920063771176,2.1141038017979952e-05,0.0139777020275133,-0.0010781268163503,0.0110567039313151,-0.0107332796391839,2.0,0.002029049812136,0.033675137255589,1.017270165665392,168.08999633789062,164.7281964111328,-0.02,-40.00000000000004,0,0,SL,SL,5,HIGH,2021
GOOGL,2021-11-01,2021-11-02,2021-11-08,-0.0307270397513087,0.0220071716568856,1.3962284763519266,1.3778482499412732,0.0192764357313401,0.017893091007715,0.1810493713462961,-0.0186059845732199,0.0440168600611341,0.0050358733332356,2.0,0.0017201935642989,0.0346104682999202,0.7455402328982004,143.30873631409102,149.04108576665467,0.04,80.00000000000007,4,4,TP,TP,5,HIGH,2021
LLY,2021-11-01,2021-11-02,2021-11-03,-0.0213926621693368,0.0226883549445669,0.9428917266855285,1.1153669748147543,0.0356911071035819,0.0302168581916715,0.1405716405297561,-0.0034375326509116,0.0173841356811479,0.0432256006200379,1.0,0.0017201935642989,0.0346104682999202,0.7455402328982004,240.10116804141316,249.70521476306968,0.04,80.00000000000007,1,1,TP,TP,4,HIGH,2021
COP,2021-11-02,2021-11-03,2021-11-05,-0.0209139941853774,0.0221283815067725,0.945120824990141,1.2904513777815692,-0.0141486296030157,0.1136410440920212,0.2966440940013606,-0.0282099429612447,-0.0462319389211289,-0.024578767196187,3.0,0.0040430690931401,0.0380432420799665,0.7778581656228882,61.21007897768006,63.65848213678727,0.04,80.00000000000009,2,2,TP,TP,3,MEDIUM,2021
TSLA,2021-11-02,2021-11-03,2021-11-03,-0.0302749952920325,0.041574238372236,0.7282152717017829,1.521530551976614,0.2678096062159067,0.4307226979161631,0.6273026481550745,0.0881675334101939,0.150790936078492,0.3560576953735714,1.0,0.0040430690931401,0.0380432420799665,0.7778581656228882,392.4433288574219,384.59446228027343,-0.02,-40.00000000000004,0,0,SL,SL,1,LOW,2021
BAC,2021-11-04,2021-11-05,2021-11-09,-0.0215008888201106,0.0198454671053562,1.083415608509796,1.129033691299166,0.0178604402122555,0.0863259520717081,0.1917502538579543,-0.0108672724180748,-0.0094181139855289,0.0106770305209022,1.0,0.0047126014867102,0.0475315635652453,0.89769015131453,42.33047171422053,41.48386227993612,-0.02,-40.00000000000004,2,2,SL,SL,5,HIGH,2021
GS,2021-11-04,2021-11-05,2021-11-09,-0.0235220800289506,0.0202258386321078,1.1629718033847125,1.4517804097653355,0.002401351595703,0.0174313600656512,0.1270222512821293,-0.0207102208445941,-0.0162718706800719,0.0011777678008171,3.0,0.0047126014867102,0.0475315635652453,0.89769015131453,364.4501371765761,357.1611344330446,-0.02,-40.00000000000004,2,2,SL,SL,5,HIGH,2021
NFLX,2021-11-04,2021-11-05,2021-11-05,-0.0288977897934447,0.0244859787283572,1.180177035765296,1.1311664849204928,0.0220511166018331,0.0832026847164095,0.2236109045086385,-0.0187471627918229,-0.0083822038667522,0.0233326352142406,3.0,0.0047126014867102,0.0475315635652453,0.89769015131453,66.39700317382812,65.06906311035156,-0.02,-40.00000000000004,0,0,SL,SL,5,HIGH,2021
LLY,2021-11-05,2021-11-08,2021-11-09,-0.0221405879669657,0.0265472059428289,0.8340082197217616,1.350366279237447,0.0712306055526754,0.0947507090821799,0.2051741714168058,0.0317305366465856,0.0401944908263485,0.0871792936821262,2.0,0.0034696168552568,0.0500496639122949,1.135624575042656,252.275897043179,247.23037910231545,-0.02,-40.00000000000004,1,1,SL,SL,3,MEDIUM,2021
NFLX,2021-11-05,2021-11-08,2021-11-12,-0.0339317454512414,0.0259621531021308,1.3069696229646106,1.2004025955141953,-0.0136137711648971,0.0432152531300391,0.1812207402173384,-0.0472172051551883,-0.0645941641888715,-0.0286711140674758,4.0,0.0034696168552568,0.0500496639122949,1.135624575042656,65.02899932861328,67.63015930175781,0.04,80.00000000000007,4,4,TP,TP,4,HIGH,2021
NKE,2021-11-08,2021-11-09,2021-11-10,-0.0318849732983956,0.0191611679318281,1.6640412219044505,1.4556757254398232,0.0479524508361508,0.0805393079612228,0.1641850978728456,-0.003767861861998,0.033187206910149,0.0464624970697573,1.0,0.0008538285886485,0.0499993906594375,0.8732657436472356,156.2558902636605,153.13077245838727,-0.02,-40.00000000000004,1,1,SL,SL,5,HIGH,2021
PEP,2021-11-08,2021-11-09,2021-11-16,-0.021506421764595,0.0123657921134094,1.7391867473878575,1.556807658767977,0.0098540561843385,0.0347271030206992,0.1068455034905482,-0.0113817247910097,0.0072551106994798,0.0201605434636551,1.0,0.0008538285886485,0.0499993906594375,0.8732657436472356,139.4912448242406,140.3506622314453,0.0061610849361017,12.32216987220358,5,5,TIME,TIME,5,HIGH,2021
ADBE,2021-11-10,2021-11-11,2021-11-18,-0.0305724988511131,0.0206839425223214,1.4780788922672887,1.0519606198629694,0.0066602767332695,0.0292867385898834,0.1636498741158274,-0.0229659152824036,-0.0117219584871873,0.0115922739533278,2.0,-0.0080447348007743,0.0367122187336954,1.2279417649240978,649.6099853515625,675.594384765625,0.04,80.00000000000007,5,5,TP,TP,5,HIGH,2021
AMZN,2021-11-10,2021-11-11,2021-11-18,-0.0263349942271211,0.0281312225047275,0.9361482325446548,1.1311142067539937,0.0203595332676349,0.0268669188048837,0.0443966649413407,-0.0104973312869123,0.0289745651673403,0.0263994701215155,2.0,-0.0080447348007743,0.0367122187336954,1.2279417649240978,175.64999389648438,182.67599365234372,0.04,80.00000000000009,5,5,TP,TP,4,HIGH,2021
CRM,2021-11-10,2021-11-11,2021-11-18,-0.0324173372685154,0.0185275356493269,1.749684247386298,1.1045724919332114,0.0049870088018304,0.069912429587299,0.2218905634441141,-0.0246703210649961,-0.0106307599255497,0.0153145067123705,3.0,-0.0080447348007743,0.0367122187336954,1.2279417649240978,296.3725513441765,297.8372497558594,0.0049420852404848,9.88417048096979,5,5,TIME,TIME,5,HIGH,2021
GE,2021-11-10,2021-11-11,2021-11-15,-0.020936209392274,0.0294012952267516,0.7120845946006017,1.2217862309680845,0.0291721672581093,0.045187597897436,0.0486141146796954,0.0020231534316503,0.0282154958689171,0.0492058012612397,3.0,-0.0080447348007743,0.0367122187336954,1.2279417649240978,66.08118511436966,64.75956141208226,-0.02,-40.00000000000004,2,2,SL,SL,3,MEDIUM,2021
NKE,2021-11-10,2021-11-11,2021-11-18,-0.0319871903846684,0.0211449450329552,1.5127582660922114,1.4786099058120503,0.0160136978606875,0.0567289432217994,0.1368811923219677,-0.0521095331972079,-0.0245798067189432,0.0364028947123376,2.0,-0.0080447348007743,0.0367122187336954,1.2279417649240978,154.7503926179762,156.34716796875,0.0103183928890939,20.63678577818795,5,5,TIME,TIME,5,HIGH,2021
NVDA,2021-11-10,2021-11-11,2021-11-11,-0.0390774529935582,0.048452347514088,0.8065130999524034,1.7001000489555786,0.1603010587416018,0.276070229199248,0.6253608897459095,-0.0098480220952585,0.1075646253041409,0.2048176816750031,3.0,-0.0080447348007743,0.0367122187336954,1.2279417649240978,30.36833615848351,29.76096943531384,-0.0200000000000001,-40.000000000000256,0,0,SL,SL,2,LOW,2021
BA,2021-11-16,2021-11-17,2021-11-17,-0.0312754446808825,0.0270593565438439,1.1558088837111575,1.0819785704052636,0.0436623519820906,0.0370804609877108,-0.0176894072522774,0.0292642812747438,0.0226912899948878,0.0612398294762048,2.0,0.0039579811441281,0.0463737518450186,0.913842039202762,229.5399932861328,224.94919342041013,-0.02,-40.00000000000004,0,0,SL,SL,4,HIGH,2021
MA,2021-11-17,2021-11-18,2021-11-18,-0.0281144572059723,0.0279413706544956,1.0061946335280756,2.180439944147062,0.030070060482868,0.0290906579246803,-0.0073337527043835,-0.0119119385046736,0.0034362922950799,0.0902772476825188,3.0,-0.0024292900835638,0.0429634525431099,0.8965893735210481,350.6592638823528,343.64607860470574,-0.0199999999999999,-39.999999999999815,0,0,SL,SL,5,HIGH,2021
NVDA,2021-11-17,2021-11-18,2021-11-18,-0.0311889107897159,0.0521318320258443,0.5982699931637557,1.0276418505985332,0.0682550160456845,0.227520720995457,0.5778922620418947,-0.0371504477081502,-0.0067211771287311,0.1001204872759551,2.0,-0.0024292900835638,0.0429634525431099,0.8965893735210481,32.26111626069691,31.61589393548297,-0.02,-40.00000000000004,0,0,SL,SL,3,MEDIUM,2021
CVX,2021-11-19,2021-11-22,2021-11-23,-0.0221930536939368,0.0155810234135366,1.4243643119524294,1.3728993248418628,-0.0116562466484599,0.0463738631053829,0.1004645887014645,-0.0347593459611765,-0.0089869467078099,-0.0133918603619458,3.0,-0.001788106163035,0.0424487821024082,1.065985613483038,92.73215606839486,96.44144231113066,0.04,80.00000000000007,1,1,TP,TP,4,HIGH,2021
MRK,2021-11-19,2021-11-22,2021-11-26,-0.0282963189042826,0.0282439208698261,1.0018551969005274,1.270649472294275,-0.0445861368815726,0.0101666286353341,0.0749372542562931,-0.0405423538321074,-0.0392856376291985,-0.0111508136554853,3.0,-0.001788106163035,0.0424487821024082,1.065985613483038,69.92283508452424,68.52437838283375,-0.0200000000000001,-40.000000000000256,3,3,SL,SL,4,HIGH,2021
UNH,2021-11-19,2021-11-22,2021-11-30,-0.0210690852294,0.0163895871436789,1.2855165322163642,1.3157875152561544,-0.032079906256845,0.0264474078195857,0.1028332192071892,-0.0213958044393171,-0.0413733208093994,-0.0346855113730099,4.0,-0.001788106163035,0.0424487821024082,1.065985613483038,407.0497787407352,408.3366394042969,0.0031614331484044,6.322866296808893,5,5,TIME,TIME,4,HIGH,2021
ADBE,2021-11-22,2021-11-23,2021-11-23,-0.0215000477910853,0.0228430929617099,0.9412056338922312,1.2497265009627163,0.0235584005121236,0.0691105433969392,0.1944179139379438,0.0043240706874621,0.0209783203207396,0.0113359772552821,2.0,-0.0028153111332512,0.0384788894785901,1.3194649459208327,662.7000122070312,649.4460119628906,-0.0200000000000001,-40.000000000000256,0,0,SL,SL,3,MEDIUM,2021
AMZN,2021-11-22,2021-11-23,2021-11-26,-0.0282873005220635,0.0276363709404925,1.0235533667923542,1.2557800582479457,0.0247762656377699,0.0491508299199596,0.0681942448689398,0.0066412923906493,0.0075838637811955,0.023958228553385,3.0,-0.0028153111332512,0.0384788894785901,1.3194649459208327,179.2519989013672,175.66695892333985,-0.02,-40.00000000000003,2,2,SL,SL,4,HIGH,2021
AVGO,2021-11-22,2021-11-23,2021-12-01,-0.0271491759760457,0.0173071796896287,1.5686655170232475,1.5508109451395689,0.0042852467896552,0.0659089394440741,0.1564047926141527,-0.028720111270733,-0.0220764680356799,-0.0101442423294353,2.0,-0.0028153111332512,0.0384788894785901,1.3194649459208327,50.659934189048094,50.87453079223633,0.0042360221469577,8.472044293915458,5,5,TIME,TIME,5,HIGH,2021
NVDA,2021-11-22,2021-11-23,2021-11-23,-0.0311960247531656,0.0596847724834071,0.5226797967913568,1.5485703076909338,0.1098530507118413,0.3078678731511939,0.6980597079667501,0.0921020440315016,0.0643130524608528,0.0373976119529826,2.0,-0.0028153111332512,0.0384788894785901,1.3194649459208327,31.431840673643133,30.80320386017027,-0.02,-40.00000000000004,0,0,SL,SL,1,LOW,2021
BAC,2021-11-26,2021-11-29,2021-11-29,-0.0392611490575101,0.0229614464828806,1.7098726374569673,1.3782166144449144,-0.0279962188937734,0.0097130273807666,0.1189360915480437,-0.0112360269149304,-0.0120898872700201,-0.036429014153867,2.0,-0.0223032202674053,0.0165938677480523,1.924848304689859,41.28109754666751,40.45547559573416,-0.0200000000000001,-40.000000000000256,0,0,SL,SL,3,MEDIUM,2021
CVX,2021-11-26,2021-11-29,2021-11-30,-0.0228689174110828,0.0193001196359352,1.1849106556056144,1.1621325717588793,0.0051154386398444,0.0555574172230828,0.1197986634400851,0.0052673770528677,0.000524228243018,0.0146588101326357,2.0,-0.0223032202674053,0.0165938677480523,1.924848304689859,96.3083448401377,94.38217794333497,-0.02,-40.00000000000004,1,1,SL,SL,3,MEDIUM,2021
MCD,2021-11-26,2021-11-29,2021-11-30,-0.0276146019248952,0.013788052129795,2.0027921032603264,1.03407259765884,-0.0085695776101017,0.0131230861913556,0.0709382048016653,-0.013689518128042,-0.013689518128042,-0.0005995797116863,2.0,-0.0223032202674053,0.0165938677480523,1.924848304689859,224.1587375441168,219.67556279323443,-0.02,-40.00000000000004,1,1,SL,SL,3,MEDIUM,2021
MSFT,2021-11-26,2021-11-29,2021-12-02,-0.0243559340167288,0.0160858376298077,1.514122831352986,1.0235457534951768,-0.0173104856004804,0.0522012385468682,0.1998618024675305,-0.0298679109535847,-0.0339615537967734,-0.0064582543592045,3.0,-0.0223032202674053,0.0165938677480523,1.924848304689859,322.03915370433015,315.59837063024355,-0.02,-40.00000000000004,3,3,SL,SL,3,MEDIUM,2021
PLD,2021-11-26,2021-11-29,2021-12-03,-0.0299659810581042,0.0178238069652272,1.6812334826429272,1.011232097592795,0.005683273230697,0.0728043526653468,0.2178929583995752,-0.0067593014935116,-0.004648573504389,0.0065139155300679,2.0,-0.0223032202674053,0.0165938677480523,1.924848304689859,131.56428414816054,136.82685551408696,0.04,80.00000000000007,4,4,TP,TP,4,HIGH,2021
LLY,2021-11-29,2021-11-30,2021-11-30,-0.0212772681416366,0.0202277184725433,1.0518867053898306,1.522016652293927,-0.0216207334607891,0.0384961542494646,0.1399130044090701,-0.0272181800275382,-0.0225160784871072,-0.0185634579262122,3.0,0.0122666931036885,0.028007596203615,1.4538151128264356,242.8174344548385,237.96108576574173,-0.02,-40.00000000000004,0,0,SL,SL,4,HIGH,2021
PFE,2021-11-29,2021-11-30,2021-11-30,-0.0296294099801783,0.0314612683195796,0.9417741738574092,1.536742406337417,0.0675744477736062,0.1613330562711721,0.2850930657663002,0.0258417502896532,0.0314963150038842,0.0536900969291693,3.0,0.0122666931036885,0.028007596203615,1.4538151128264356,40.50144592975922,42.1215037669496,0.04,80.00000000000007,0,0,TP,TP,3,MEDIUM,2021
ADBE,2021-11-30,2021-12-01,2021-12-01,-0.0256585767051296,0.0293434502042167,0.8744226233301754,2.2879212390069266,0.0071538680073395,0.0603129896461089,0.1787590273445045,0.002289274965513,-0.0055228583485467,0.015339601680671,3.0,-0.0194575399412164,0.0070460493868695,2.308765772859325,676.0,662.48,-0.02,-40.00000000000004,0,0,SL,SL,3,MEDIUM,2021
AMD,2021-11-30,2021-12-01,2021-12-01,-0.0218640507989211,0.0453504097144447,0.4821136332966177,1.1399495515559082,0.0697458909848676,0.2612691153050974,0.6162413540014549,0.0036121169480758,0.0383555643905972,0.0810976119772062,3.0,-0.0194575399412164,0.0070460493868695,2.308765772859325,160.3699951171875,157.16259521484375,-0.02,-40.00000000000003,0,0,SL,SL,2,LOW,2021
BLK,2021-11-30,2021-12-01,2021-12-01,-0.0252045299127051,0.0221270905785112,1.1390801616360091,2.048128601171743,-0.0391207570647097,0.000907025046382,0.0620770691455929,-0.0280532855093404,-0.0160114938483124,-0.0510154224192934,3.0,-0.0194575399412164,0.0070460493868695,2.308765772859325,820.4320319622925,804.0233913230467,-0.02,-40.00000000000004,0,0,SL,SL,4,HIGH,2021
COST,2021-11-30,2021-12-01,2021-12-01,-0.0279340559579214,0.0190310988317188,1.4678109868970974,2.0486556933919005,0.0287102157022671,0.1084247280585537,0.3019941898646827,-0.0188275956612049,-0.0005001476910215,0.0374888469302867,2.0,-0.0194575399412164,0.0070460493868695,2.308765772859325,515.5135416999035,505.20327086590544,-0.02,-40.00000000000004,0,0,SL,SL,5,HIGH,2021
LLY,2021-11-30,2021-12-01,2021-12-03,-0.02664530508795,0.0221038811767136,1.2054582122899216,2.8192067176103643,-0.0476052714586149,0.0094141631433037,0.1084363202182723,-0.0532824478489594,-0.0476119035044824,-0.0402043000236735,3.0,-0.0194575399412164,0.0070460493868695,2.308765772859325,239.14550093855223,234.3625909197812,-0.02,-40.00000000000004,2,2,SL,SL,4,HIGH,2021
NEE,2021-11-30,2021-12-01,2021-12-07,-0.0212048345784188,0.0165005853218851,1.285095902040176,2.5731830026167883,0.0074912362045185,0.0434657954272719,0.1136511025886983,-0.0049307813695486,-0.0022397064257427,-0.002011111872694,3.0,-0.0194575399412164,0.0070460493868695,2.308765772859325,76.39761732539682,79.4535220184127,0.04,80.00000000000007,4,4,TP,TP,5,HIGH,2021
NVDA,2021-11-30,2021-12-01,2021-12-01,-0.0209733235772323,0.0522227154098158,0.401613041616947,1.1797830908744356,0.0672639905052476,0.2825985745363735,0.6968872953139744,6.102650565043e-05,0.0225308305597706,0.0882929095084004,3.0,-0.0194575399412164,0.0070460493868695,2.308765772859325,33.114388375070114,32.45210060756871,-0.02,-40.00000000000004,0,0,SL,SL,2,LOW,2021
PEP,2021-11-30,2021-12-01,2021-12-08,-0.0265625861973851,0.0153872155975564,1.7262763382351909,1.942825777545172,-0.0223276738595918,0.0031492439117908,0.0733029395491022,-0.0241848946959113,-0.0266218642422073,-0.0245419820022936,3.0,-0.0194575399412164,0.0070460493868695,2.308765772859325,139.6287961211546,144.0764617919922,0.0318534986649772,63.70699732995444,5,5,TIME,TIME,4,HIGH,2021
UPS,2021-11-30,2021-12-01,2021-12-01,-0.0306389953105141,0.0206940218022925,1.4805722929662672,2.510087245916542,-0.0489030835484431,0.0008777277471159,0.0340822290060813,-0.0484481728624578,-0.0593227419182131,-0.0575355451882693,4.0,-0.0194575399412164,0.0070460493868695,2.308765772859325,159.363702311891,156.17642826565316,-0.0200000000000001,-40.000000000000256,0,0,SL,SL,4,HIGH,2021
AMD,2021-12-06,2021-12-07,2021-12-07,-0.0343725931328136,0.0578270604287685,0.594403258231565,1.0201419856031448,-0.0765501900016266,0.0793382550642782,0.402758384849821,-0.0673999263001822,-0.1411278215470947,-0.1052056220207267,4.0,0.011843512394517,0.0114347643046806,1.2671973931280909,143.89999389648438,141.0219940185547,-0.0199999999999999,-39.999999999999815,0,0,SL,SL,3,MEDIUM,2021
NVDA,2021-12-06,2021-12-07,2021-12-07,-0.021372961386661,0.0624319890385436,0.3423399080472348,1.2962241313546778,-0.0372907184414973,0.1462616361709812,0.5340105983210768,-0.0444726369827764,-0.0999316912398171,-0.0892623965978436,4.0,0.011843512394517,0.0114347643046806,1.2671973931280909,30.859514259780514,32.093894830171735,0.04,80.00000000000009,0,0,TP,TP,3,MEDIUM,2021
COST,2021-12-08,2021-12-09,2021-12-10,-0.0219734995962337,0.0252103951552098,0.8716047273734558,1.3395308224388502,-0.0031366585390024,0.0691119601814935,0.2628722501441169,0.0022309057336258,0.0005097113359073,-0.0277850729188495,2.0,0.002647787847797,0.0322932301720471,0.8872816127421849,501.9400353223017,522.0176367351938,0.04,80.00000000000007,1,1,TP,TP,2,LOW,2021
AAPL,2021-12-13,2021-12-14,2021-12-16,-0.0206742441586659,0.0287925555524751,0.7180413048430739,1.383987009197814,0.0744253581076352,0.14412028153662,0.2543130476021193,0.003769611925996,0.0630290206990495,0.096729708124549,2.0,-0.0088582901739617,0.0210559555636535,1.0340446134755128,171.1833022083099,167.7596361641437,-0.02,-40.00000000000004,2,2,SL,SL,3,MEDIUM,2021
COST,2021-12-14,2021-12-15,2021-12-22,-0.0213202156624122,0.0292425837183254,0.729081119089061,1.244245046199861,0.0130290631287199,0.0824075167271902,0.2858592465878158,0.0400698676932371,0.0061248862757539,0.0110494665590805,4.0,-0.0068802501077088,0.0124922094735306,1.1134902193921727,518.4656809748853,521.7498168945312,0.0063343361772194,12.668672354438916,5,5,TIME,TIME,3,MEDIUM,2021
MSFT,2021-12-14,2021-12-15,2021-12-17,-0.032587010589544,0.0259422061659558,1.256138756321666,1.5102367069623472,-0.0194050539437515,0.0159299066907361,0.1703773021253747,-0.0142903819874791,-0.019646793280219,-0.00680618334412,3.0,-0.0068802501077088,0.0124922094735306,1.1134902193921727,315.95294877643335,309.6338898009047,-0.02,-40.00000000000004,2,2,SL,SL,4,HIGH,2021
AAPL,2021-12-16,2021-12-17,2021-12-23,-0.0392642227300567,0.0344703557707565,1.1390721636638008,1.23723160471672,0.0306542700436442,0.106444495776524,0.2224821901707301,-0.0198022512643072,-0.0131761659027992,0.0519050081507137,3.0,-0.0088183910653472,0.0161779866840712,1.2376128404962572,165.9866968706162,172.62616474544083,0.04,80.00000000000007,4,4,TP,TP,5,HIGH,2021
AVGO,2021-12-16,2021-12-17,2021-12-20,-0.0299751830973059,0.0333551449323722,0.8986674516954083,1.714315504954704,0.0704378702936738,0.1308390358928417,0.2707728994021086,-0.0015763416267807,0.0638648056674158,0.1235043957798105,3.0,-0.0088183910653472,0.0161779866840712,1.2376128404962572,56.630882565520864,58.8961178681417,0.04,80.00000000000007,1,1,TP,TP,4,HIGH,2021
HD,2021-12-16,2021-12-17,2021-12-17,-0.0203037249485783,0.0233082261067682,0.8710969618868811,1.1287013891934297,-0.0184970851373584,0.0523214176263839,0.2063638142083661,-0.0140904213326428,-0.0287110259407601,-0.0202075426902144,3.0,-0.0088183910653472,0.0161779866840712,1.2376128404962572,353.75565938156507,346.68054619393376,-0.02,-40.00000000000004,0,0,SL,SL,3,MEDIUM,2021
MSFT,2021-12-16,2021-12-17,2021-12-23,-0.0291349826745384,0.0284967066374663,1.0223982386874462,1.1320254194229011,-0.0269965180978037,0.0004112704342049,0.1538379705422983,-0.0427225232731963,-0.0246175870644467,-0.0139307179589537,3.0,-0.0088183910653472,0.0161779866840712,1.2376128404962572,308.52067208536005,320.86149896877447,0.04,80.00000000000007,4,4,TP,TP,4,HIGH,2021
CVX,2021-12-17,2021-12-20,2021-12-22,-0.0260631442509841,0.0234595033643711,1.1109844844613044,1.9080508211337204,-0.0165098322710104,0.0041491407003997,0.0951368207313858,-0.0225434638506422,-0.0400540204016499,-0.0070797971469919,3.0,-0.0106429603488374,0.0043639755097355,1.3766948660077518,92.59972505357672,96.3037140557198,0.04,80.00000000000007,2,2,TP,TP,4,HIGH,2021
HD,2021-12-17,2021-12-20,2021-12-23,-0.0289090560154477,0.0247446833174376,1.1682936348219686,2.502689305696818,-0.0449712025016615,0.019114091132899,0.1690243179624799,-0.0353557710704053,-0.0660088507539958,-0.0486258194421654,4.0,-0.0106429603488374,0.0043639755097355,1.3766948660077518,342.4560551807614,356.15429738799185,0.04,80.00000000000009,3,3,TP,TP,4,HIGH,2021
JNJ,2021-12-17,2021-12-20,2021-12-28,-0.0276282220365243,0.018996079238424,1.4544170767954971,1.7975284547952683,0.0304929221822567,0.0361274382136835,0.0246495216337112,-0.0120969995543173,0.0165570314955521,0.055527988582789,1.0,-0.0106429603488374,0.0043639755097355,1.3766948660077518,146.89643812426624,149.11990356445312,0.0151362787864601,30.27255757292036,5,5,TIME,TIME,5,HIGH,2021
LOW,2021-12-17,2021-12-20,2021-12-28,-0.0203363115917273,0.0252529388680536,0.8053047488050534,2.5161756267437028,-0.0164174654303514,0.0412610701991371,0.2093240702881385,-0.0173095969546552,-0.0508455177874467,-0.0024126828640111,4.0,-0.0106429603488374,0.0043639755097355,1.3766948660077518,223.39176082282484,231.4084625244141,0.0358862908464532,71.77258169290646,5,5,TIME,TIME,3,MEDIUM,2021
PEP,2021-12-17,2021-12-20,2021-12-28,-0.0204864739532211,0.0178096480952291,1.1503020072984476,1.920959610044972,0.0187344729927081,0.0379150690894203,0.1190573588709855,-0.0064345081119799,-0.003964883001613,0.0217959900046704,2.0,-0.0106429603488374,0.0043639755097355,1.3766948660077518,144.63017883554392,149.1293487548828,0.0311080989843399,62.21619796867994,5,5,TIME,TIME,5,HIGH,2021
PFE,2021-12-17,2021-12-20,2021-12-21,-0.0288979799599958,0.0409381429352223,0.7058937677198018,2.039691450764193,0.1057609107325143,0.2284330537818142,0.4068933674292694,0.0709395495970608,0.126941766265068,0.0960011264611515,1.0,-0.0106429603488374,0.0043639755097355,1.3766948660077518,46.9200492535993,45.98164826852732,-0.02,-40.00000000000004,1,1,SL,SL,1,LOW,2021
PFE,2021-12-21,2021-12-22,2021-12-28,-0.0339233831482069,0.0415849157016445,0.8157617389823266,1.1984802365744178,0.0779034699838838,0.1995531377922583,0.3856654721641597,-0.0375507551882947,0.0613971956378165,0.1397911361614012,2.0,0.0177592490653308,0.0091910361223459,0.6926895646060036,45.87480166616754,44.95730563284419,-0.02,-40.00000000000004,3,3,SL,SL,4,HIGH,2021
AMT,2022-01-03,2022-01-04,2022-01-05,-0.0209229264804959,0.0190872718831737,1.0961716587135988,1.0092563058781174,0.0265070009029317,0.0454432340559756,0.0719912107021392,-0.0086539188454884,0.002169571073177,0.0320677115204972,1.0,0.0057898853495217,0.029887653488839,0.906543096638054,248.01198834981085,243.05174858281464,-0.02,-40.00000000000004,1,1,SL,SL,5,HIGH,2022
PLD,2022-01-03,2022-01-04,2022-01-04,-0.0205513050504178,0.0203023600543704,1.0122618747466132,1.2895928450575298,0.0171558801488829,0.0713361539670776,0.2668917042952863,-0.0165792997098187,-0.0059678803445519,0.0230797305399184,2.0,0.0057898853495217,0.029887653488839,0.906543096638054,143.37999388858276,140.5123940108111,-0.02,-40.00000000000004,0,0,SL,SL,5,HIGH,2022
AMD,2022-01-04,2022-01-05,2022-01-05,-0.0387380665030896,0.0508882674424689,0.7612376771695842,1.510076875990511,0.0069093231393173,0.0104218422575292,0.3707731468056685,-0.0050292508317958,-0.0570029126703051,0.0634756621758112,4.0,-0.000334990565745,0.0283890372893094,0.903630055375964,142.82000732421875,139.96360717773436,-0.0200000000000001,-40.000000000000256,0,0,SL,SL,4,HIGH,2022
PFE,2022-01-04,2022-01-05,2022-01-06,-0.0374227501864223,0.0423751272242649,0.8831300963031266,1.3523430444256128,-0.0432495481803615,0.0472519754944575,0.2506897368015961,-0.0662673060733142,-0.0599897758839448,-0.1063588246997025,3.0,-0.000334990565745,0.0283890372893094,0.903630055375964,43.234573017088046,42.369881556746286,-0.02,-40.00000000000003,1,1,SL,SL,3,MEDIUM,2022
PLD,2022-01-04,2022-01-05,2022-01-05,-0.0236503678457558,0.0213708859104786,1.1066629593562844,1.5513552659947922,-0.0084506852513156,0.0436160371091667,0.2341434622851537,-0.0414955152619848,-0.0288918836151216,-0.00241625620803,2.0,-0.000334990565745,0.0283890372893094,0.903630055375964,140.61140910300773,137.79918092094758,-0.02,-40.00000000000004,0,0,SL,SL,4,HIGH,2022
UNH,2022-01-04,2022-01-05,2022-01-06,-0.0226567755154477,0.0163227828622767,1.3880461258728962,1.4199938594467325,0.0033396741014286,0.0531353463561694,0.1728651087898887,-0.0268222842770098,-0.0239392155524893,0.014822293174413,3.0,-0.000334990565745,0.0283890372893094,0.903630055375964,456.286639908868,447.1609071106906,-0.02,-40.00000000000004,1,1,SL,SL,5,HIGH,2022
COST,2022-01-05,2022-01-06,2022-01-07,-0.0253621028891306,0.0201523121572137,1.258520743985796,1.0637337700014182,-0.0077157784443803,0.0307022109023396,0.2451649194476644,-0.0313194959648874,-0.0314391844654959,0.0082319755550632,4.0,-0.0192021252066122,0.0080155310242606,1.319561646954976,518.4561129768367,508.0869907173,-0.02,-40.00000000000004,1,1,SL,SL,4,HIGH,2022
GS,2022-01-05,2022-01-06,2022-01-06,-0.02171890493688,0.0239696139855874,0.906101573014036,1.341172559615615,0.0250099772322081,0.0092650463459329,0.0566772505122907,0.0420335713903088,0.0321853361142989,0.0481435138293868,3.0,-0.0192021252066122,0.0080155310242606,1.319561646954976,357.11164722346393,349.96941427899463,-0.02,-40.00000000000004,0,0,SL,SL,3,MEDIUM,2022
MS,2022-01-05,2022-01-06,2022-01-06,-0.0247458953339231,0.0233646099987295,1.0591186985474477,1.2434278863671655,0.0239265693491745,0.0204637369265914,0.0852841710578815,0.035859753940689,0.0298796280131243,0.0399920212065063,2.0,-0.0192021252066122,0.0080155310242606,1.319561646954976,89.40791046286817,87.61975225361081,-0.02,-40.00000000000004,0,0,SL,SL,4,HIGH,2022
PLD,2022-01-05,2022-01-06,2022-01-07,-0.020807671226098,0.0216030047326696,0.9631841257078078,1.381301314482826,-0.0287777266294346,0.0201650063477227,0.2059732550573185,-0.0636136778046424,-0.0598163053727812,-0.0195285517721278,3.0,-0.0192021252066122,0.0080155310242606,1.319561646954976,137.4934955766023,134.74362566507023,-0.02,-40.00000000000004,1,1,SL,SL,3,MEDIUM,2022
LOW,2022-01-07,2022-01-10,2022-01-10,-0.0259901101070246,0.0178706413680482,1.4543468010887142,1.390312092805546,-0.0117387403714551,0.0143575401219051,0.1911018211748163,-0.0335629707990858,-0.0285901449572884,0.0039985386065393,3.0,-0.003953548850726,0.0019091298031232,1.0488776936215731,225.8240857111797,221.3076039969561,-0.02,-40.00000000000004,0,0,SL,SL,4,HIGH,2022
UPS,2022-01-10,2022-01-11,2022-01-14,-0.0294737337680885,0.0191584917158881,1.538416186679564,1.1765384916659452,0.0022603459492929,0.0139035998213559,0.0652321956085157,-0.0131899576031314,-0.0082903971390765,-0.0157128578962362,2.0,-0.0012443544081682,0.0002841960789303,1.4336828877752354,167.7888157491327,164.43303943415006,-0.02,-40.00000000000004,3,3,SL,SL,5,HIGH,2022
V,2022-01-10,2022-01-11,2022-01-13,-0.0229998615305158,0.0213440146038677,1.0775789820884043,1.533166602243958,-0.0184893663316827,0.0088523021257933,-0.0578176101707567,-0.0365001022552826,-0.0427223780241188,-0.026007586342606,4.0,-0.0012443544081682,0.0002841960789303,1.4336828877752354,203.91881801592925,212.0755707365664,0.04,80.00000000000007,2,2,TP,TP,4,HIGH,2022
MS,2022-01-12,2022-01-13,2022-01-14,-0.0270959125329048,0.0239758645865608,1.1301328648683182,1.3541282687000047,0.0251690151698182,0.0326871535389248,0.0922470085736162,-0.009610966512928,0.0134734922317751,0.0437557031808224,1.0,0.0027035183644334,0.0110507696200048,0.8335900589748685,88.81541531896005,87.03910701258084,-0.02,-40.00000000000004,1,1,SL,SL,5,HIGH,2022
BAC,2022-01-18,2022-01-19,2022-01-19,-0.0344397270248856,0.0256624145231546,1.3420298777346669,1.387195770359923,-0.0026196441784563,0.0095171742572559,0.0932304439491373,-0.0532134663469763,-0.05456801993432,0.0017322917334954,4.0,-0.017709612274034,-0.0200155549872557,1.4157625045690687,43.24015109375372,42.37534807187864,-0.02,-40.00000000000004,0,0,SL,SL,4,HIGH,2022
DUK,2022-01-18,2022-01-19,2022-01-26,-0.0208574521957836,0.0155730823508901,1.339327162460641,1.2789788088731748,-0.0181726343980862,0.0009839122946808,0.0121087572724487,-0.0168888053524758,-0.0257268670747723,-0.0156535752968866,3.0,-0.017709612274034,-0.0200155549872557,1.4157625045690687,84.84773761512365,84.9060287475586,0.0006870086825339,1.3740173650678145,5,5,TIME,TIME,4,HIGH,2022
BA,2022-01-19,2022-01-20,2022-01-21,-0.035242846404053,0.0318249970866855,1.1073951179966468,1.021585162038423,0.0291687907154307,0.037608781899932,-0.0320718643649157,-0.0304599921900077,0.0049069416610916,0.0161494025623165,2.0,-0.010383518694355,-0.0295604240624327,1.4092053825971558,217.3800048828125,213.03240478515625,-0.02,-40.00000000000004,1,1,SL,SL,5,HIGH,2022
CAT,2022-01-19,2022-01-20,2022-01-20,-0.031036946717956,0.0231193965245017,1.3424635320849905,1.5445452646724374,0.035171485752022,0.0724221514209415,0.0489497739584161,-0.0187861140076506,0.0126645018305466,0.0213478986299762,1.0,-0.010383518694355,-0.0295604240624327,1.4092053825971558,204.9720674740605,200.8726261245793,-0.02,-40.00000000000003,0,0,SL,SL,5,HIGH,2022
GE,2022-01-19,2022-01-20,2022-01-20,-0.0220624145593486,0.0223826421168076,0.985693040357443,1.1203011531358296,0.025207397360633,0.0201186955598562,-0.0260487258441012,-0.0179582445501413,-0.0114941821754834,0.0125794393830576,2.0,-0.010383518694355,-0.0295604240624327,1.4092053825971558,61.06970238843755,59.8483083406688,-0.02,-40.00000000000004,0,0,SL,SL,4,HIGH,2022
CAT,2022-01-20,2022-01-21,2022-01-21,-0.0226921936923237,0.0246006691125967,0.9224218084663488,1.0764025398193953,0.007147587221038,0.047740356227246,0.0253692878431626,-0.049178034070536,-0.0212176563381404,-0.0094143045049436,2.0,-0.0110681269090079,-0.0394537846173411,1.5253421106571232,201.6621335501588,197.6288908791556,-0.0200000000000001,-40.000000000000256,0,0,SL,SL,4,HIGH,2022
COP,2022-01-21,2022-01-24,2022-01-24,-0.0339834764361045,0.0328129309289884,1.035673299335841,1.495193488219596,0.0458068639361113,0.1089727857508318,0.3097323407690129,-0.0547369244407901,-0.0107632875867332,0.0538922321029391,3.0,-0.0196305966540953,-0.0571842706646358,2.314314862688556,68.18111872214271,66.81749634769986,-0.02,-40.00000000000003,0,0,SL,SL,5,HIGH,2022
MA,2022-01-21,2022-01-24,2022-01-24,-0.024505548296828,0.0309175536718618,0.7926095498018202,1.1823623439785056,-0.0277290980449841,0.0125001366953747,-0.0129736370884379,-0.0306306431226476,-0.0390777440621749,-0.0403242972632832,3.0,-0.0196305966540953,-0.0571842706646358,2.314314862688556,333.4432703054148,326.7744048993065,-0.02,-40.00000000000004,0,0,SL,SL,3,MEDIUM,2022
CVX,2022-01-28,2022-01-31,2022-02-01,-0.0351628938531008,0.0257473009087445,1.365692426469389,1.7108839305010708,0.0297183794626156,0.0863869035005626,0.2227496969396452,-0.0149332909973882,0.0291543015123583,0.030047294439558,1.0,0.0248355032330762,-0.0427727367241457,1.3715333853900449,107.77362655503,112.0845716172312,0.04,80.00000000000007,1,1,TP,TP,5,HIGH,2022
GOOGL,2022-02-03,2022-02-04,2022-02-04,-0.0331756201686734,0.0366567417072376,0.9050346163778958,1.556593507047526,0.0518203859280783,0.0129818156646994,0.0655006293330082,0.0575485251236358,0.1091817534835832,0.0733830789755662,1.0,-0.0235048770547344,-0.0301401933093378,0.9095161495903322,142.1837422499907,139.3400674049909,-0.02,-40.00000000000004,0,0,SL,SL,2,LOW,2022
MRK,2022-02-03,2022-02-04,2022-02-08,-0.0365810071229106,0.0237040560983628,1.543238295214685,1.3623772671485068,-0.0209173474179169,0.0184592325595116,0.0353247627597099,-0.0303138696790064,-0.0194834819460753,-0.0215479915635575,1.0,-0.0235048770547344,-0.0301401933093378,0.9095161495903322,68.41632453700858,67.0479980462684,-0.02,-40.00000000000004,2,2,SL,SL,3,MEDIUM,2022
MA,2022-02-04,2022-02-07,2022-02-07,-0.0201758146789052,0.0413750953307095,0.4876318596402199,1.0477496104778428,0.0374213494636566,0.0767026729293307,0.0636939108684475,-0.0251490013675602,-0.0008105632730329,0.0763773065113209,2.0,0.0047021740955501,-0.0248236732657183,0.9018506590022232,372.01751378120105,364.577163505577,-0.02,-40.00000000000004,0,0,SL,SL,4,HIGH,2022
XOM,2022-02-08,2022-02-09,2022-02-10,-0.0258525412403701,0.032492629533967,0.795643246212022,1.0485056270165154,0.063004033876415,0.186758390739778,0.3177989649555537,0.0072788962781766,-0.0070519290010594,0.0711328653463161,3.0,0.0082279569680381,-0.0188055706520618,0.6260757634210761,68.43359332742416,67.06492146087568,-0.02,-40.00000000000004,1,1,SL,SL,3,MEDIUM,2022
BA,2022-02-11,2022-02-14,2022-02-18,-0.0294857003348214,0.0377262542067811,0.7815697835572958,1.088292465821167,0.0178324506250917,0.0284288241011509,-0.0394008418860875,-0.0045482308870022,0.0283361888592434,0.1140263152247751,1.0,-0.0197187675678235,-0.040834955934617,1.1180461801016814,213.0,208.74,-0.0199999999999999,-39.999999999999815,4,4,SL,SL,4,HIGH,2022
BAC,2022-02-11,2022-02-14,2022-02-14,-0.0230380161514421,0.027545913297063,0.8363496938000775,1.069212677987591,0.0224894450382298,0.0407886507606776,0.1136959386784617,-0.0295669189263397,-0.007456556400636,0.0446913845662733,3.0,-0.0197187675678235,-0.040834955934617,1.1180461801016814,42.90951875482907,42.05132837973249,-0.02,-40.00000000000004,0,0,SL,SL,4,HIGH,2022
COP,2022-02-22,2022-02-23,2022-02-24,-0.020082779123413,0.0381308010675307,0.5266812802554527,1.0592742071445431,-0.0268025547917977,0.0728682729561023,0.3111377219653217,-0.0263832275150983,-0.0406335250013053,-0.0502284183122521,3.0,-0.0107315437219132,-0.0591623268464606,0.9931440598525308,74.7226756267444,73.22822211420952,-0.02,-40.00000000000004,1,1,SL,SL,3,MEDIUM,2022
KO,2022-03-07,2022-03-08,2022-03-08,-0.0238133394409957,0.0223477512979032,1.0655810118680684,1.3919513265399184,-0.0096071203735595,0.0048301125806251,0.084645497702539,-0.021624121356977,-0.0186375117137935,-0.0233450172877299,2.0,-0.0294794210895041,-0.0693314146050287,1.1331473578197806,53.815253165537264,52.73894810222652,-0.02,-40.00000000000003,0,0,SL,SL,3,MEDIUM,2022
UNH,2022-03-07,2022-03-08,2022-03-15,-0.0236237622067186,0.0248159890926866,0.951957309397782,1.3075375338712567,0.0170384161677648,0.0192055800527892,0.115251790640481,0.0030697765172424,0.0231155363758233,0.0407431224790688,1.0,-0.0294794210895041,-0.0693314146050287,1.1331473578197806,441.5588053647628,459.22115757935336,0.04,80.00000000000007,5,5,TP,TP,2,LOW,2022
COP,2022-03-08,2022-03-09,2022-03-09,-0.0243903174781748,0.0392784438309925,0.620959363439184,1.7041742448292947,0.0605252928775039,0.1367288454881834,0.4314548243298466,0.014269539434452,0.0189768351468067,0.1249005767393098,2.0,-0.0075818049980509,-0.0741544858970543,1.3107529860964773,80.9721875788694,79.352743827292,-0.02,-40.00000000000004,0,0,SL,SL,3,MEDIUM,2022
JNJ,2022-03-08,2022-03-09,2022-03-16,-0.0202659319607146,0.0223363442768403,0.9073074675755076,1.288406684444651,0.0160144724345481,0.005324847205653,0.0212133474172715,0.0014244172210149,0.0287803336147127,0.0470395598482797,1.0,-0.0075818049980509,-0.0741544858970543,1.3107529860964773,149.77759605475396,155.76869989694413,0.04,80.00000000000007,5,5,TP,TP,3,MEDIUM,2022
NEE,2022-03-08,2022-03-09,2022-03-09,-0.0264906766346361,0.028094304415564,0.9429198261253418,1.382952332985033,0.0719325669731465,0.0222583118684229,0.0191507147669376,0.0401067897230518,0.0582387143390787,0.1168865838654429,1.0,-0.0075818049980509,-0.0741544858970543,1.3107529860964773,72.74131261187341,71.28648635963594,-0.02,-40.00000000000004,0,0,SL,SL,3,MEDIUM,2022
COP,2022-03-09,2022-03-10,2022-03-14,-0.0262146957188065,0.0431422013267876,0.6076346341309524,1.2204599313887865,0.0297742252727362,0.1009591747670122,0.3897719257218757,-0.0404907823730329,-0.018665969662541,0.0904450861736503,3.0,0.0268108501325481,-0.0472189072907669,0.9175218655988278,82.60248961647255,80.9504398241431,-0.02,-40.00000000000004,2,2,SL,SL,4,HIGH,2022
CVX,2022-03-09,2022-03-10,2022-03-14,-0.0249809973701172,0.0350290828306061,0.7131501983914489,1.915842757966595,0.153074182574713,0.2442708547504872,0.4950425127053059,0.0480301817997437,0.0786945087461419,0.2266321412677694,1.0,0.0268108501325481,-0.0472189072907669,0.9175218655988278,141.15260645343642,138.32955432436768,-0.0200000000000001,-40.000000000000256,2,2,SL,SL,1,LOW,2022
NVDA,2022-03-23,2022-03-24,2022-03-24,-0.0335542960574497,0.0537985349452123,0.6237027846877427,1.001357592170936,0.0766774015873921,0.052932291583577,0.0739065462186818,-0.0309603181100385,0.0464565463751309,0.1138438219866042,2.0,-0.012878466266312,0.0092834111943145,0.6719705567180981,26.08804154718275,27.131563209070062,0.04,80.00000000000007,0,0,TP,TP,4,HIGH,2022
COP,2022-03-29,2022-03-30,2022-04-01,-0.0271498613871975,0.034518920600431,0.7865211575259556,1.0780283088489826,0.0068446219928102,0.0738743428007597,0.3934101852329308,-0.0368279563423236,-0.0106121919252873,0.0593370424892993,2.0,0.0123707988665775,0.0517352778818975,0.8480995572091915,86.3070879152055,84.58094615690139,-0.02,-40.00000000000004,2,2,SL,SL,4,HIGH,2022
GOOGL,2022-03-31,2022-04-01,2022-04-06,-0.0202270571215347,0.0229002573214444,0.8832676785074154,1.1465727180226783,0.0293822196079356,0.0300795225569736,0.0089211290650046,-0.0168815861055678,-0.0176906143251003,0.0390655587991046,3.0,-0.0153911546044539,0.0289231564322824,1.2049999717809965,138.27389064424523,135.50841283136032,-0.02,-40.00000000000004,3,3,SL,SL,4,HIGH,2022
UNH,2022-03-31,2022-04-01,2022-04-06,-0.0208324305997419,0.0205096151717143,1.0157397116096434,1.244021681368902,0.0192955615924492,0.0547373352441118,0.1476056557036653,-0.0062938950285442,-0.0067969955887674,0.005818393651696,3.0,-0.0153911546044539,0.0289231564322824,1.2049999717809965,472.3528231006557,491.24693602468193,0.04,80.00000000000009,3,3,TP,TP,5,HIGH,2022
UPS,2022-03-31,2022-04-01,2022-04-01,-0.0260670545185753,0.0234142772109769,1.1132974246309326,1.0164308648516032,0.0054620314219782,0.0115068100348403,0.0600679745216288,-0.0231837165091189,-0.0009315404086341,-0.0353542944859046,2.0,-0.0153911546044539,0.0289231564322824,1.2049999717809965,171.72491768607168,168.29041933235024,-0.02,-40.00000000000004,0,0,SL,SL,5,HIGH,2022
CAT,2022-04-05,2022-04-06,2022-04-13,-0.0216928381472559,0.0224615746080272,0.9657754866171951,1.0929683697925645,-0.0150779958333346,0.0433691891390333,0.0505975579846342,-0.0305179126316497,-0.0227108719361792,-0.0300391210904866,3.0,-0.0126314542215161,0.0256506768630138,0.8128053379706026,199.44625528422685,202.36676025390625,0.0146430674545252,29.28613490905052,5,5,TIME,TIME,3,MEDIUM,2022
AMZN,2022-04-06,2022-04-07,2022-04-07,-0.0323001201319852,0.0269148281143975,1.200086435428764,1.138602239585209,-0.0058139897940644,0.031268482179259,-0.045419901768265,-0.0293714901332839,-0.0453695311606832,-0.0284686669019181,3.0,-0.0099990881309925,0.0147768667646772,1.1772652069112597,158.39999389648438,155.23199401855467,-0.0200000000000001,-40.000000000000256,0,0,SL,SL,4,HIGH,2022
GOOGL,2022-04-06,2022-04-07,2022-04-08,-0.0287572550384652,0.0220908916840359,1.3017697723467974,1.0692291986379414,-0.0045387907000002,0.0056279396644391,-0.0120190156274827,-0.0257043637347001,-0.0379776283325432,-0.0124930224459591,3.0,-0.0099990881309925,0.0147768667646772,1.1772652069112597,134.8145449616096,132.11825406237742,-0.02,-40.00000000000004,1,1,SL,SL,4,HIGH,2022
MSFT,2022-04-06,2022-04-07,2022-04-11,-0.0366056401155031,0.0223037868667113,1.64122982049015,1.3376411329050435,-0.0037968206437303,0.0037360677527731,-0.0129367980656234,-0.0320599268726072,-0.0457526022873021,3.3420741970102696e-05,3.0,-0.0099990881309925,0.0147768667646772,1.1772652069112597,285.8233266543766,280.10686012128906,-0.0200000000000001,-40.000000000000256,2,2,SL,SL,4,HIGH,2022
V,2022-04-06,2022-04-07,2022-04-07,-0.0313150669677396,0.0227973906815356,1.3736250523224462,1.0209051980288149,0.0126881202191797,0.006681368495943,-0.0125223816511371,-0.0324704589617694,-0.0220584050381248,0.0201697050955893,3.0,-0.0099990881309925,0.0147768667646772,1.1772652069112597,210.9069159744224,206.688777654934,-0.02,-40.00000000000004,0,0,SL,SL,5,HIGH,2022
ABBV,2022-04-11,2022-04-12,2022-04-13,-0.0293213900712736,0.0202093299515199,1.4508838314586698,1.202483864529068,0.0435661318007261,0.1152215590069023,0.3527613011788439,0.0054461698933307,0.0490454588842275,0.0485273850248653,1.0,-0.0170923814613773,-0.0017532802471319,1.0098818702408583,144.11209016360684,141.2298483603347,-0.02,-40.00000000000004,1,1,SL,SL,4,HIGH,2022
COST,2022-04-11,2022-04-12,2022-04-20,-0.0256149369623006,0.0207870774903418,1.2322529212777495,1.1123945939701976,0.028106750539357,0.086022915065941,0.1864647998881727,-0.0002054167214701,0.0165875666203088,0.0344296322750881,2.0,-0.0170923814613773,-0.0017532802471319,1.0098818702408583,557.7336385752641,573.742431640625,0.0287032948313024,57.406589662604816,5,5,TIME,TIME,5,HIGH,2022
ABBV,2022-04-22,2022-04-25,2022-04-29,-0.0222686313236091,0.0330496327692377,0.6737936085128474,1.016643091461763,-0.0440566065098441,0.0051978650308999,0.2256276202901133,-0.0086985547733816,-0.0450988839998063,-0.0979500491827632,3.0,-0.0274390621955323,-0.0293348848861964,1.5642679621798752,132.9157415775669,130.25742674601557,-0.02,-40.00000000000004,4,4,SL,SL,2,LOW,2022
COST,2022-04-22,2022-04-25,2022-04-25,-0.0338662037030507,0.0252455060196559,1.3414745450807282,1.1808678242032362,-0.018795013027937,0.0400779525280998,0.1424444022825037,-0.0380279191688895,-0.0316568856515689,-0.0597811373222973,3.0,-0.0274390621955323,-0.0293348848861964,1.5642679621798752,542.1619793488876,531.3187397619098,-0.0200000000000001,-40.000000000000256,0,0,SL,SL,3,MEDIUM,2022
CVX,2022-04-22,2022-04-25,2022-04-25,-0.0220561464043467,0.0260196540756985,0.8476725455372763,1.2399579274314472,-0.0372910567064588,0.0188303244436083,0.3292508160125442,-0.0633181287587691,-0.06200822233493,-0.0368042989000039,3.0,-0.0274390621955323,-0.0293348848861964,1.5642679621798752,130.26958729693322,127.66419555099456,-0.02,-40.00000000000004,0,0,SL,SL,2,LOW,2022
HON,2022-04-22,2022-04-25,2022-04-27,-0.0270999382850435,0.0208031712212563,1.302683037928047,1.0983960662254133,-0.0194558828962787,0.0035121737308909,-0.0893883109762421,-0.0333162263258803,-0.0233617001222117,-0.0107421404525852,4.0,-0.0274390621955323,-0.0293348848861964,1.5642679621798752,171.43136820619566,168.00274084207174,-0.02,-40.00000000000004,2,2,SL,SL,3,MEDIUM,2022
LLY,2022-04-22,2022-04-25,2022-04-26,-0.0375674263424467,0.0249678405755259,1.5046325784085273,1.0229561906448543,-0.0593819285925653,0.0165881963691836,0.0922878797076145,-0.0615464956077096,-0.0766247780570165,-0.0962939484549708,5.0,-0.0274390621955323,-0.0293348848861964,1.5642679621798752,268.3615042650775,279.09596443568057,0.04,80.00000000000007,1,1,TP,TP,3,MEDIUM,2022
UNH,2022-04-22,2022-04-25,2022-04-27,-0.03070098323298,0.0234698703572067,1.3081019522356645,1.106470511902416,-0.0116790052274193,0.03884483922189,0.1464300183526719,-0.0311697820249393,-0.0259527095912981,-0.0298166332724437,3.0,-0.0274390621955323,-0.0293348848861964,1.5642679621798752,481.3433653528163,471.71649804576,-0.02,-40.00000000000004,2,2,SL,SL,3,MEDIUM,2022
XOM,2022-04-22,2022-04-25,2022-04-25,-0.0218317253584302,0.0262623786845702,0.8312927637151506,1.0283998264175338,0.0004581066301219,0.0347633411391907,0.2845293511822091,-0.0299683917522146,-0.03074160575772,0.0009406165028176,3.0,-0.0274390621955323,-0.0293348848861964,1.5642679621798752,70.83280590367806,69.4161497856045,-0.02,-40.00000000000004,0,0,SL,SL,3,MEDIUM,2022
DUK,2022-04-29,2022-05-02,2022-05-02,-0.0319860398121043,0.0187843715588069,1.7028006346641884,1.9963929478449705,-0.0337351501501388,0.015816239907747,0.0709905211329009,-0.0294272750643926,-0.036051950492787,-0.0408359493011498,4.0,-0.0369556695064881,-0.0564675471695547,1.5671524992979695,93.08968450004372,91.22789081004284,-0.02,-40.00000000000004,0,0,SL,SL,3,MEDIUM,2022
KO,2022-04-29,2022-05-02,2022-05-02,-0.0238706047507665,0.0188714384437627,1.2649064787457165,1.2601786281975222,0.0012008877312368,0.0381851183409833,0.1221210144889179,-0.0067642287271422,-0.0098084752651563,-0.0063056858477991,2.0,-0.0369556695064881,-0.0564675471695547,1.5671524992979695,57.607019043442186,56.45487866257334,-0.02,-40.00000000000004,0,0,SL,SL,4,HIGH,2022
PEP,2022-04-29,2022-05-02,2022-05-02,-0.0326199053360223,0.0178415715496012,1.828308971849033,1.3864342303655437,-0.0058276054416425,0.0295067233201469,0.0596327427555463,-0.0091750576493035,-0.0025558658663518,-0.0011052489745564,2.0,-0.0369556695064881,-0.0564675471695547,1.5671524992979695,150.66756594928708,147.65421463030134,-0.02,-40.00000000000004,0,0,SL,SL,3,MEDIUM,2022
XOM,2022-04-29,2022-05-02,2022-05-03,-0.0223621924510494,0.033020508895709,0.6772213148403456,1.370830751558904,-0.0010020951821788,0.0292485893347649,0.2737000766262674,0.0359701952921878,0.0014096509712115,-0.0293752897209214,2.0,-0.0369556695064881,-0.0564675471695547,1.5671524992979695,73.10302864222942,76.0271497879186,0.04,80.00000000000007,1,1,TP,TP,1,LOW,2022
PEP,2022-05-02,2022-05-03,2022-05-10,-0.0230037793912976,0.0206204742898022,1.1155795481714033,1.5650413534217031,-0.0281346438365971,0.0055710111286533,0.0347768572208744,-0.0405492446598318,-0.0344192934805078,-0.0156084784730334,3.0,0.0060193394234084,-0.0498643616021649,1.6439331843249276,147.3058173804704,149.35247802734375,0.0138939566900275,27.78791338005515,5,5,TIME,TIME,4,HIGH,2022
HON,2022-05-05,2022-05-06,2022-05-06,-0.0387659470773351,0.0304672888606943,1.2723792804336742,1.5649116329506678,0.0219924787416778,0.0325153706346932,-0.04863236899644,0.0050794356687424,0.0418599191274355,0.0098500113867465,1.0,-0.035542944550185,-0.0504199337071693,1.644975478865099,177.69128755455938,174.1374618034682,-0.02,-40.00000000000004,0,0,SL,SL,3,MEDIUM,2022
MCD,2022-05-05,2022-05-06,2022-05-11,-0.021233197904554,0.023736834252964,0.8945252630688357,1.0768129516392884,-0.0088219217265679,0.0219343745508238,0.0108613890086308,0.0092443718022598,-0.0207325885943381,-0.0247992376557462,4.0,-0.035542944550185,-0.0504199337071693,1.644975478865099,223.3614854210832,218.8942557126615,-0.02,-40.00000000000004,3,3,SL,SL,1,LOW,2022
WMT,2022-05-06,2022-05-09,2022-05-16,-0.0208194527257189,0.0207667524793073,1.0025377220855365,1.621082562438736,-0.0338670590630321,0.0102458935510247,0.0439395135185618,-0.0157780414482977,-0.0188662460297658,-0.0430722802440657,3.0,-0.0059688675942942,-0.0554101105147946,1.3948327220499126,47.02762361622723,46.94527053833008,-0.0017511639237653,-3.502327847530794,5,5,TIME,TIME,4,HIGH,2022
LLY,2022-05-09,2022-05-10,2022-05-10,-0.0258334132301941,0.0311590875823525,0.829081184162315,1.2612139799583422,-0.0149193678377501,0.0146655755439455,0.1197155946834978,-0.0192266101753944,-0.001139611743803,0.0141303682156133,3.0,-0.0320174370879579,-0.0840454563408523,1.3814527308726066,281.1176265122864,275.49527398204066,-0.02,-40.00000000000004,0,0,SL,SL,2,LOW,2022
COP,2022-05-18,2022-05-19,2022-05-19,-0.0237338202834919,0.0477016275875086,0.4975473895508536,1.1351316072117672,0.0557075710887531,0.0502954987193606,0.3199117248186258,0.0198145842945063,0.0596638945817804,0.010486341431606,1.0,-0.0403115347930802,-0.0896577904435398,0.9486712077044924,87.11377948563577,90.5983306650612,0.04,80.00000000000007,0,0,TP,TP,2,LOW,2022
CVX,2022-05-18,2022-05-19,2022-05-23,-0.0263600298556241,0.0365899816244704,0.7204165917917598,1.1470815383975863,0.0353065960398846,0.0250357197558388,0.3335679944008667,0.0093677186524523,0.0385054924316956,0.0110540023153116,1.0,-0.0403115347930802,-0.0896577904435398,0.9486712077044924,138.84746734216168,144.40136603584816,0.04,80.00000000000007,2,2,TP,TP,2,LOW,2022
CVX,2022-05-31,2022-06-01,2022-06-08,-0.020305202660814,0.0303040082274387,0.6700500642825418,1.838653000285002,0.0374970081212577,0.0547630219960018,0.3534332598790093,-0.0042756605644936,0.0171209943161105,0.0178420658865723,1.0,-0.0056111120324887,-0.0304701200546699,0.8489377946465516,149.05249135307525,152.76341247558594,0.0248967399928947,49.79347998578953,5,5,TIME,TIME,4,HIGH,2022
LLY,2022-05-31,2022-06-01,2022-06-01,-0.0310372624899112,0.0327887216837885,0.9465834865180708,1.996181240542232,0.0524268224448256,0.0637997578666333,0.2010045075438937,0.0209441049420764,0.0358229063013633,0.0469638746325704,1.0,-0.0056111120324887,-0.0304701200546699,0.8489377946465516,302.7755379174318,296.72002715908314,-0.02,-40.00000000000004,0,0,SL,SL,3,MEDIUM,2022
LLY,2022-06-02,2022-06-03,2022-06-06,-0.0278064197893963,0.0342487468425929,0.8118959773096072,1.14491615552038,0.0099486437179414,0.0235987913116368,0.1571177030937629,-0.0650735061446542,-0.0149180608239422,0.0245265275059214,3.0,0.0190433532392986,-0.0169051776486374,0.7296654681034638,291.8792843444563,303.5544557182346,0.04,80.00000000000007,1,1,TP,TP,4,HIGH,2022
CAT,2022-06-09,2022-06-10,2022-06-10,-0.026675350060913,0.025490351807285,1.046488109014225,1.0697082246749028,0.047654285385881,0.0367843463614048,0.0849787569749007,0.0001787865541964,0.0166816401374287,0.0686064036910902,1.0,-0.0237828034431767,-0.044857100493077,0.9771037971650562,204.48312218888108,200.39345974510343,-0.02,-40.00000000000004,0,0,SL,SL,3,MEDIUM,2022
XOM,2022-06-16,2022-06-17,2022-06-17,-0.0368845824971788,0.035045973350821,1.0524627787607077,1.245821792275086,-0.0579515254918334,0.0088409208221076,0.2560700921295622,-0.0465307963893755,-0.1069090458450369,-0.0642982042762845,4.0,-0.0330960601325172,-0.111284597759108,1.3973465925770057,79.02085157949487,77.44043454790497,-0.02,-40.00000000000004,0,0,SL,SL,3,MEDIUM,2022
MRK,2022-06-28,2022-06-29,2022-07-01,-0.0266919924478505,0.0241842822928863,1.1036917335232168,1.0159205942286202,0.0365071354788408,0.0375314630976588,0.1443378053701229,-0.001195392672038,0.0438486886137279,0.0899064299078815,1.0,-0.0204327102317484,-0.0532619396558418,0.9225168711880408,81.82185755673127,80.18542040559664,-0.02,-40.00000000000003,2,2,SL,SL,4,HIGH,2022
UPS,2022-07-12,2022-07-13,2022-07-19,-0.0285417686069255,0.0247413414877919,1.153606348346505,1.298057048367094,-0.0019445878990316,0.0023586601204725,-0.0860864746304053,-0.0366290927867465,-0.0284893699885498,-0.0134204341824318,3.0,-0.0088488812774886,-0.0326989162988349,0.6896230294935124,143.8055610611535,149.55778350359964,0.04,80.00000000000007,4,4,TP,TP,4,HIGH,2022
AAPL,2022-07-18,2022-07-19,2022-07-21,-0.0206431728435596,0.0278002182217129,0.7425543453985047,1.0506007306510536,0.0369859646238543,0.0259004936341509,-0.0694791794138729,0.0108601006088355,0.0151862357573255,0.0585909672824105,2.0,-0.0082570927847719,-0.0228597153323166,0.796779027751733,144.88413581614606,150.6795012487919,0.04,80.00000000000007,2,2,TP,TP,3,MEDIUM,2022
ABBV,2022-07-18,2022-07-19,2022-07-21,-0.0263636123934852,0.0218341127510054,1.2074505932131947,1.080495184825287,-0.0018089199463305,0.0087627047504026,0.0949741038783849,-0.0077613776798792,-0.0147552363670702,-0.0184066359540744,4.0,-0.0082570927847719,-0.0228597153323166,0.796779027751733,129.96548786903895,127.36617811165816,-0.02,-40.00000000000004,2,2,SL,SL,4,HIGH,2022
UNH,2022-07-20,2022-07-21,2022-07-28,-0.0262068907712491,0.0279529567950881,0.9375355517257562,1.039682101130857,0.0149276953161829,0.0500529484439209,0.0843385879790095,-0.0194055769809124,0.0363696420637327,0.0081118567373403,2.0,0.0063729521768829,0.0117265759282054,0.9276742258949326,482.1225326023752,501.4074339064702,0.04,80.00000000000007,5,5,TP,TP,4,HIGH,2022
COST,2022-07-26,2022-07-27,2022-07-28,-0.0325246492878913,0.0231895647829447,1.4025553990479505,1.401665286633574,0.0179102712082865,0.0702810498657631,-0.0057651371676342,-0.0331092963561747,-0.0159544467404033,0.0435410646608918,2.0,-0.011830910901845,0.00153696693105,0.7257061072835145,488.569197341059,508.1119652347014,0.04,80.00000000000007,1,1,TP,TP,5,HIGH,2022
LOW,2022-07-26,2022-07-27,2022-07-27,-0.0318272683593442,0.0232316311019065,1.3699971482730862,1.1950490264341358,0.0305963047994137,0.0208097326553753,-0.1254780790875249,-0.0256250787979053,-0.0009534024758862,0.0479114604486046,2.0,-0.011830910901845,0.00153696693105,0.7257061072835145,174.15181282437672,170.66877656788918,-0.02,-40.00000000000004,0,0,SL,SL,5,HIGH,2022
UPS,2022-07-26,2022-07-27,2022-07-29,-0.033952295584928,0.0239826141388109,1.4157045344770476,1.770031486651622,-0.0107195277188081,0.0086198994298081,-0.0760965593101709,-0.0293031978841067,-0.0230343773804686,0.0120419983255386,2.0,-0.011830910901845,0.00153696693105,0.7257061072835145,147.40009156779175,153.29609523050345,0.04,80.00000000000007,2,2,TP,TP,4,HIGH,2022
BA,2022-08-02,2022-08-03,2022-08-10,-0.0342462192825165,0.041182556962199,0.8315709807419381,1.1130308219353346,0.074376617603296,0.1614110952079739,-0.0976041653523861,0.0263373093082932,0.0472036986710115,0.0457951301663699,1.0,-0.0065971748159626,0.0425889401354013,0.8966745154934936,164.50999450683594,171.09039428710938,0.04,80.00000000000007,5,5,TP,TP,3,MEDIUM,2022
LOW,2022-08-02,2022-08-03,2022-08-04,-0.0316347253054291,0.0262049713920505,1.2072031994290116,1.0710063549483435,0.0060040003069909,0.0167144180411689,-0.1268374066589079,-0.0149369652889903,-0.0034464297752456,-0.0043965464164512,1.0,-0.0065971748159626,0.0425889401354013,0.8966745154934936,175.010170703953,182.01057753211117,0.04,80.00000000000007,1,1,TP,TP,5,HIGH,2022
V,2022-08-02,2022-08-03,2022-08-08,-0.0241295093613475,0.0295500825403871,0.8165631797599502,1.5492863344384744,-0.0130888371794218,0.005174444968194,-0.0220914105272559,-0.0240832885180679,-0.0293189419790663,-0.0346344953127711,3.0,-0.0065971748159626,0.0425889401354013,0.8966745154934936,201.32067400594696,209.37350096618485,0.04,80.00000000000007,3,3,TP,TP,3,MEDIUM,2022
WMT,2022-08-04,2022-08-05,2022-08-11,-0.0377776859020584,0.0289820961272649,1.3034835622713643,2.010559355058172,-0.0249224184268802,0.0009693732665276,-0.0944794732665029,-0.0525877483193979,-0.0322156400941633,-0.0526594534038578,2.0,-0.0006756564657403,0.0557476963320897,0.65531304185137,39.75507738138661,41.34528047664208,0.04,80.00000000000007,4,4,TP,TP,4,HIGH,2022
AMD,2022-08-08,2022-08-09,2022-08-09,-0.0218942226294812,0.0440834180829034,0.4966543789391942,1.0417239422778828,0.1126801333817288,0.1195215365254969,-0.1126426057141647,0.020185578864873,0.0339946368777093,0.1431345516135855,3.0,-0.0011607133680355,0.0506721409270403,0.7847309346022361,97.9499969482422,95.99099700927734,-0.0200000000000001,-40.000000000000256,0,0,SL,SL,2,LOW,2022
AVGO,2022-08-09,2022-08-10,2022-08-17,-0.0233352035312481,0.0227879590830535,1.0240146318588743,1.1116464795830772,0.0225673135358774,0.0257301283387734,-0.05412512194174,-0.0361793649029386,0.0029932140273736,0.0424777829013345,3.0,-0.0039710612448946,0.0460855780653428,0.6626729915751134,51.15845664219161,50.135287509347776,-0.02,-40.00000000000004,5,5,SL,SL,5,HIGH,2022
CRM,2022-08-09,2022-08-10,2022-08-17,-0.0395783695565477,0.0361297496703212,1.0954509764859868,1.2495008786670738,0.0160882698237163,0.0358842179292933,-0.1494310995595996,-0.047210676604532,-0.0084334302757207,0.0691071217985872,3.0,-0.0039710612448946,0.0460855780653428,0.6626729915751134,184.96010637680723,184.7635040283203,-0.001062944611885,-2.125889223770105,5,5,TIME,TIME,5,HIGH,2022
LOW,2022-08-09,2022-08-10,2022-08-15,-0.0328975386151582,0.0284836081137929,1.154963882515568,1.1666025921852974,0.0201195279770021,0.0497578282166797,-0.090800326041145,-0.0099413806552556,0.0385736866935206,0.0349943154159135,1.0,-0.0039710612448946,0.0460855780653428,0.6626729915751134,183.9069303533262,191.2632075674593,0.04,80.00000000000007,3,3,TP,TP,5,HIGH,2022
NVDA,2022-08-09,2022-08-10,2022-08-10,-0.0397346786155741,0.0493678825855372,0.8048690066204038,1.2398536212669211,-0.0208705702077109,0.0046570490970592,-0.2605876103875099,-0.1107987574335795,-0.0777284365824774,0.033448657308249,3.0,-0.0039710612448946,0.0460855780653428,0.6626729915751134,17.648998636902306,17.296018664164258,-0.0200000000000001,-40.000000000000256,0,0,SL,SL,3,MEDIUM,2022
AVGO,2022-08-17,2022-08-18,2022-08-22,-0.0236743395104771,0.0242604343242722,0.9758415366369296,1.1445453287363792,0.001893826481363,0.0411575409022699,-0.0456614491651817,-0.0351824986719325,-0.0214747077094976,-0.014906477970536,3.0,-0.0070980250156345,0.0802993988003055,1.011926433890399,50.91019373113649,49.89198985651376,-0.0199999999999999,-39.999999999999815,2,2,SL,SL,4,HIGH,2022
BAC,2022-08-19,2022-08-22,2022-08-24,-0.022050559017926,0.022024469338909,1.0011845769637209,1.0348954642236008,0.0269176038316207,0.0719422762134145,-0.1134576985660283,-0.0316592538572413,-0.022589381660607,0.0447586654490754,4.0,-0.0134381691857261,0.0674404989712775,1.1003977515723486,31.383318377237508,30.75565200969276,-0.02,-40.00000000000004,2,2,SL,SL,5,HIGH,2022
CRM,2022-08-19,2022-08-22,2022-08-22,-0.0221358735407287,0.0291630231444573,0.7590390554189128,1.0486111529993667,-0.008992188793499,0.0361458979713711,-0.1244114939483639,-0.0306976627656266,-0.0322289918933977,-0.0336539838973553,4.0,-0.0134381691857261,0.0674404989712775,1.1003977515723486,176.9388909538002,173.4001131347242,-0.0200000000000001,-40.000000000000256,0,0,SL,SL,3,MEDIUM,2022
JPM,2022-08-19,2022-08-22,2022-08-29,-0.0247452640561119,0.0222901818733058,1.110141864106828,1.1548386017743062,0.0131695080351341,0.0294255194473982,-0.125946615635471,-0.0404433599793628,-0.0286580136636506,0.0247925734615006,3.0,-0.0134381691857261,0.0674404989712775,1.1003977515723486,105.96492255513768,103.84562410403494,-0.02,-40.00000000000003,5,5,SL,SL,5,HIGH,2022
NKE,2022-08-19,2022-08-22,2022-08-26,-0.0245666651080604,0.0235381190457144,1.0436970371484866,1.0147814664132944,-0.0013237585546769,0.0297570878309565,-0.1537011444152214,-0.0415042569253446,-0.0250711119079032,-0.0062351116374598,3.0,-0.0134381691857261,0.0674404989712775,1.1003977515723486,101.96506903863587,99.92576765786316,-0.0199999999999999,-39.999999999999815,4,4,SL,SL,4,HIGH,2022
AAPL,2022-08-22,2022-08-23,2022-08-26,-0.0230295231179559,0.0195768918273596,1.1763625871279044,1.0227817679179396,0.0097886733350445,0.1048810553690826,0.0465859668024868,-0.0399886132861275,-0.0324499785451346,0.0163766065623998,4.0,-0.0208224847143149,0.0444934099764522,1.2329816676823075,163.87821006023856,160.6006458590338,-0.02,-40.00000000000004,3,3,SL,SL,4,HIGH,2022
AVGO,2022-08-22,2022-08-23,2022-08-26,-0.0358841667676386,0.0280959101554284,1.2772025027530702,1.077241495423683,-0.024784785581629,0.0239172080852736,-0.0636127207138058,-0.0182700686989237,-0.0540468541707642,-0.0307592199923734,4.0,-0.0208224847143149,0.0444934099764522,1.2329816676823075,50.01454935595724,49.0142583688381,-0.02,-40.00000000000004,3,3,SL,SL,3,MEDIUM,2022
BLK,2022-08-22,2022-08-23,2022-08-26,-0.0263361229699187,0.0262293742045963,1.004069817468374,1.0111426240917152,-0.0087813544117308,0.0710265229205902,-0.0629452517803184,-0.0648125114048977,-0.08040270321053,-0.001752177050502,3.0,-0.0208224847143149,0.0444934099764522,1.2329816676823075,628.0531717256121,615.4921082910998,-0.02,-40.00000000000004,3,3,SL,SL,3,MEDIUM,2022
MSFT,2022-08-22,2022-08-23,2022-08-26,-0.0293551828574495,0.0191217980983502,1.5351685394054124,1.043305693468094,-0.0137429772621326,0.0411559794801017,-0.0487585272748597,-0.046581174376993,-0.0515572275232754,-0.0070649102580535,5.0,-0.0208224847143149,0.0444934099764522,1.2329816676823075,267.5289306640625,262.17835205078126,-0.02,-40.00000000000004,3,3,SL,SL,3,MEDIUM,2022
ORCL,2022-08-22,2022-08-23,2022-08-26,-0.0279688376133109,0.0158907190849485,1.7600737552400985,1.0663118281959538,-0.0134831237711005,0.0466381860609936,-0.0368606047787851,-0.0352051618392885,-0.0334979497435783,-0.0001309295948695,3.0,-0.0208224847143149,0.0444934099764522,1.2329816676823075,72.39673471215588,70.94880001791276,-0.02,-40.00000000000004,3,3,SL,SL,3,MEDIUM,2022
AAPL,2022-08-26,2022-08-29,2022-08-30,-0.0376988211587197,0.0192780992241076,1.9555258389570125,1.2424743021064126,-0.0260548048713192,0.0603850586525083,0.0197623428172908,-0.0215868290099952,-0.0460585927345821,-0.0492733765196575,3.0,-0.0338490766755762,0.0170072592831422,1.6950338371255111,158.06181135805244,154.90057513089138,-0.02,-40.00000000000004,1,1,SL,SL,3,MEDIUM,2022
BAC,2022-08-26,2022-08-29,2022-09-01,-0.0315877753100825,0.0246841009360264,1.2796810137808234,1.0459012011231852,-0.0225757709201851,0.0221982463504331,-0.1432188823245558,-0.0110433311176456,-0.0408681233566522,-0.0625343193810031,3.0,-0.0338490766755762,0.0170072592831422,1.6950338371255111,30.579536121412453,29.9679453989842,-0.02,-40.00000000000004,3,3,SL,SL,3,MEDIUM,2022
COST,2022-08-26,2022-08-29,2022-09-02,-0.0344063733411035,0.0205211429433935,1.6766304603993862,1.0306130530846562,-0.0234766154357327,0.0310931123913611,0.0195621443249927,-0.0189089188193454,-0.0409533894931286,-0.0100331542017001,3.0,-0.0338490766755762,0.0170072592831422,1.6950338371255111,502.6994122921951,492.6454240463512,-0.02,-40.00000000000004,4,4,SL,SL,3,MEDIUM,2022
HON,2022-08-26,2022-08-29,2022-09-01,-0.0367710601586854,0.0165831024516886,2.217381232842905,1.331946666703793,-0.0187486668051803,0.0462185237175258,-0.0008847971880805,-0.022728538412274,-0.042171073596942,-0.0388810486791447,3.0,-0.0338490766755762,0.0170072592831422,1.6950338371255111,175.40037586953102,171.8923683521404,-0.0199999999999999,-39.999999999999815,3,3,SL,SL,3,MEDIUM,2022
KO,2022-08-26,2022-08-29,2022-09-01,-0.0241224147978382,0.0129479222690091,1.863033643287722,1.0566487076357387,-0.0147759735203738,0.0010183415087314,0.0381879121635424,-0.0180487525064094,-0.0316096768270822,-0.0092619779664787,2.0,-0.0338490766755762,0.0170072592831422,1.6950338371255111,55.72114434397323,54.60672145709376,-0.02,-40.00000000000003,3,3,SL,SL,3,MEDIUM,2022
MCD,2022-08-26,2022-08-29,2022-09-06,-0.0213666766335396,0.0132237994135313,1.6157744053253014,1.1499696388115972,-0.0197332285510906,0.0066434751239254,0.0274283281018798,-0.0137792494524094,-0.0359796639899835,-0.0199481061377081,3.0,-0.0338490766755762,0.0170072592831422,1.6950338371255111,231.2145645276788,231.4701690673828,0.0011054863270665,2.2109726541330583,5,5,TIME,TIME,3,MEDIUM,2022
MS,2022-08-26,2022-08-29,2022-08-30,-0.0344788533432829,0.0208336877837532,1.654956803671151,1.2471202265513732,-0.0170466514848743,0.0623373150402224,-0.0182130897459426,-0.0168742162054894,-0.0355515062962281,-0.0529129608045279,3.0,-0.0338490766755762,0.0170072592831422,1.6950338371255111,75.83588139520663,74.3191637673025,-0.0199999999999999,-39.999999999999815,1,1,SL,SL,3,MEDIUM,2022
PEP,2022-08-26,2022-08-29,2022-09-02,-0.0235959097692519,0.0120094998068474,1.964770402494063,1.505055242635869,-0.0130614460418626,0.0189514661101981,0.0438031737799531,-0.0186692468524964,-0.0284734460779044,-0.0129139575139971,3.0,-0.0338490766755762,0.0170072592831422,1.6950338371255111,153.0748480224523,150.01335106200324,-0.0200000000000001,-40.000000000000256,4,4,SL,SL,3,MEDIUM,2022
UPS,2022-08-26,2022-08-29,2022-08-31,-0.0296100072720125,0.0185195395413155,1.5988522396010518,1.0199793588278037,-0.0095956113337615,0.052421385310063,0.0181128348694725,-0.0308864113137815,-0.0455789858712157,-0.0290889043218198,4.0,-0.0338490766755762,0.0170072592831422,1.6950338371255111,161.00076639585328,157.7807510679362,-0.0200000000000001,-40.000000000000256,2,2,SL,SL,3,MEDIUM,2022
CAT,2022-08-30,2022-08-31,2022-09-01,-0.0252371803527409,0.024992717373307,1.0097813685395784,1.182877461947229,-0.0264300038085059,0.0096030202004111,-0.0734487022959172,-0.0600359558156172,-0.0520763473660151,-0.0535639934039712,4.0,-0.0109778640421459,-0.0043014039986103,1.3882841823186662,175.0727988090151,171.5713428328348,-0.02,-40.00000000000004,1,1,SL,SL,4,HIGH,2022
COP,2022-08-30,2022-08-31,2022-09-07,-0.0257452063004706,0.032062033661807,0.8029810763731695,1.1862998742018942,0.0815056408178134,0.1715828752474406,0.2116583493222732,-0.0140974047528896,0.0189026778258789,0.1038960296007176,1.0,-0.0109778640421459,-0.0043014039986103,1.3882841823186662,93.39785976087192,91.52990256565448,-0.02,-40.00000000000003,4,4,SL,SL,4,HIGH,2022
CVX,2022-08-30,2022-08-31,2022-09-01,-0.0243577047603147,0.0233274042988788,1.0441669569505163,1.1160202456958903,0.0192283406945081,0.0709913360408571,0.108790215223304,-0.0242983052678675,-0.0084573868874864,0.0362471887471924,2.0,-0.0109778640421459,-0.0043014039986103,1.3882841823186662,134.13465211106353,131.45195906884226,-0.02,-40.00000000000004,1,1,SL,SL,5,HIGH,2022
GE,2022-08-31,2022-09-01,2022-09-01,-0.0224945667928968,0.0299272596902947,0.7516413806571045,1.209763887981577,-0.0446768078025706,0.0386944744425066,-0.1358104215430479,-0.0243125313964719,-0.0430023538576169,-0.0810812332055509,3.0,-0.007608962624685,-0.0128703676528083,1.2241719115762149,44.72433987801722,43.82985308045687,-0.02,-40.00000000000004,0,0,SL,SL,3,MEDIUM,2022
HON,2022-09-02,2022-09-06,2022-09-13,-0.0201332072664935,0.0189721809025718,1.061196252022049,1.2847343512675014,-0.0495109199804708,0.006007845932306,-0.0291640463599609,-0.0199789587787825,-0.0319588690982609,-0.0727822028743852,4.0,-0.0105443945591811,-0.0219835214819893,1.5118202642465912,170.24156843738174,168.3035888671875,-0.0113837036863712,-22.76740737274241,5,5,TIME,TIME,4,HIGH,2022
NFLX,2022-09-06,2022-09-07,2022-09-07,-0.0341426454843641,0.0459989622889889,0.7422481679013246,1.121188649109534,-0.0646327774178541,0.0169120945840581,-0.3601594073279113,-0.023125790729327,-0.0275192594897747,-0.0359759270266948,3.0,-0.003773208585689,-0.0257068175910898,1.1431653613320891,22.020999908447266,22.90183990478516,0.04,80.00000000000007,0,0,TP,TP,3,MEDIUM,2022
BAC,2022-09-13,2022-09-14,2022-09-21,-0.0360077819678403,0.0282913256187828,1.2727499040884276,1.1313475265065491,-0.0128845270382053,0.0140061398325417,-0.123804391457289,-0.0187588069569533,0.0284329961209213,0.0095582796890794,1.0,-0.0434822935375409,-0.0247722552443444,1.669729267282564,31.090109296995653,30.46830711105574,-0.02,-40.00000000000004,5,5,SL,SL,3,MEDIUM,2022
DIS,2022-09-13,2022-09-14,2022-09-16,-0.0397800250988057,0.0267026263348905,1.4897420425955543,1.2090582108019452,-0.0321840053179505,0.0321923052634358,-0.1100195850552342,-0.0050743293240221,0.0151695576719093,-0.0155905122686003,2.0,-0.0434822935375409,-0.0247722552443444,1.669729267282564,108.44564151576256,106.2767286854473,-0.02,-40.00000000000004,2,2,SL,SL,3,MEDIUM,2022
DUK,2022-09-13,2022-09-14,2022-09-15,-0.024260124832685,0.0191659789901595,1.2657910584761147,1.1177841855936488,-0.015353327642852,0.0010823294837478,0.0299762336553888,-0.0092488658020917,0.0133945845668983,-0.0092488658020917,2.0,-0.0434822935375409,-0.0247722552443444,1.669729267282564,92.78416472622844,90.92848143170389,-0.02,-40.00000000000004,1,1,SL,SL,3,MEDIUM,2022
JPM,2022-09-13,2022-09-14,2022-09-21,-0.0347488000419389,0.0254808526470896,1.363722027799091,1.2777926030298634,-0.0064153204523657,0.0065987935375699,-0.1180513604546416,-0.0186340492722507,0.023298726756443,0.0174842854830188,1.0,-0.0434822935375409,-0.0247722552443444,1.669729267282564,105.91954322994398,103.8011523653451,-0.02,-40.00000000000003,5,5,SL,SL,3,MEDIUM,2022
MS,2022-09-13,2022-09-14,2022-09-16,-0.0343868848500392,0.0276113852468492,1.2453878913577188,1.077605279114612,-0.0117219948334506,0.0328595067498298,-0.009313096487067,-0.0157169246616094,0.0225537633751844,0.0199182641540085,1.0,-0.0434822935375409,-0.0247722552443444,1.669729267282564,77.06845554382821,75.52708643295165,-0.0199999999999999,-39.999999999999815,2,2,SL,SL,3,MEDIUM,2022
XOM,2022-09-13,2022-09-14,2022-09-15,-0.0233582377616096,0.0280229382981247,0.8335399205147843,1.047212184108187,-0.0041731799824444,0.0454503631482541,0.1662238113134155,0.0044252280427989,0.0040021786596149,-0.047842700988418,2.0,-0.0434822935375409,-0.0247722552443444,1.669729267282564,84.37633196138007,82.68880532215248,-0.02,-40.00000000000003,1,1,SL,SL,1,LOW,2022
NEE,2022-09-15,2022-09-16,2022-09-22,-0.0322910195453796,0.0246037806903528,1.3124413662994865,2.576023442213221,-0.0232325791218318,0.0083794494663516,0.0663074372663208,-0.0528577517512498,-0.0471919273125489,0.0111683943787121,3.0,-0.0113533359908974,-0.0331013057612953,1.1512099923269132,76.2141834948321,74.68989982493545,-0.02,-40.00000000000004,4,4,SL,SL,4,HIGH,2022
XOM,2022-09-15,2022-09-16,2022-09-16,-0.0290775148679339,0.0307919267553797,0.9443226823360036,1.1583539986451648,-0.0139489213572822,0.0340639935783266,0.1549221740756206,-0.0284805637463426,-0.0008428176667485,-0.0079504024744533,2.0,-0.0113533359908974,-0.0331013057612953,1.1512099923269132,83.3938764985513,81.72599896858027,-0.0199999999999999,-39.999999999999815,0,0,SL,SL,3,MEDIUM,2022
COP,2022-09-16,2022-09-19,2022-09-21,-0.0210281458605864,0.0346188633159796,0.6074187262780546,1.9671808835480895,0.022177268192044,0.1371184324862391,0.2078345193986264,0.0071216017239352,0.0103596530437588,0.0520783996029337,3.0,-0.0076289343126845,-0.040389893209845,1.3077464384027206,95.08655770595988,98.89002001419829,0.04,80.00000000000006,2,2,TP,TP,3,MEDIUM,2022
CVX,2022-09-16,2022-09-19,2022-09-23,-0.0259618486515086,0.0279915887652802,0.9274874988057398,4.021598522341857,-0.0206266293672848,0.0206959047935539,0.0593934857230527,-0.0185684626651788,-0.0220040267752309,0.0058505889492974,3.0,-0.0076289343126845,-0.040389893209845,1.3077464384027206,130.1516945051647,127.5486606150614,-0.02,-40.00000000000004,4,4,SL,SL,3,MEDIUM,2022
TSLA,2022-09-21,2022-09-22,2022-09-22,-0.0256859485996343,0.0357499035672899,0.7184900107852655,1.0812210825640598,0.0303704138534499,0.0536339395031524,0.0271356216332943,-0.0084061917232225,-0.0059812882793373,0.060274849665705,3.0,-0.0174437945040435,-0.0607716530343994,1.302575624855057,299.8599853515625,293.86278564453124,-0.02,-40.00000000000004,0,0,SL,SL,4,HIGH,2022
NFLX,2022-09-29,2022-09-30,2022-10-05,-0.0223898766773116,0.053171372673067,0.4210889347352284,1.710696661129426,0.0334666444180009,0.0374388825502682,-0.2191169677870809,0.0697996658245458,0.011221292914439,0.0183958094404923,3.0,-0.0208888271629775,-0.0926712065502163,1.224284187697208,23.700000762939453,23.226000747680665,-0.02,-40.00000000000003,3,3,SL,SL,2,LOW,2022
LLY,2022-09-30,2022-10-03,2022-10-03,-0.0201811250654941,0.0306125781501215,0.6592429087980634,1.3548948798897695,0.0372775450031506,0.0305025169939208,0.1182619288391975,0.0393764739594715,0.0381750424128943,0.0468127723578346,3.0,-0.0154637216369257,-0.1049119734879728,1.601017827341715,315.92650283731007,309.60797278056384,-0.0200000000000001,-40.000000000000256,0,0,SL,SL,3,MEDIUM,2022
COP,2022-10-14,2022-10-17,2022-10-18,-0.0389441420720931,0.0429761171264735,0.9061810297446202,1.022994634161679,0.0674417593090124,0.0995745876501892,0.2221780977143232,0.020591808798269,-0.0046410204264846,0.1526286774658771,3.0,-0.0227886354608567,-0.0865725194781361,1.215779339444605,105.22080977966766,103.1163935840743,-0.02,-40.00000000000003,1,1,SL,SL,2,LOW,2022
ABBV,2022-10-28,2022-10-31,2022-11-07,-0.0383715880160565,0.0277572308298782,1.3823997159959105,2.0411757876325387,0.0273869500924204,0.0503221776698739,0.0202781436654866,-0.0147511682895495,0.0037399335470664,0.0326709491592938,2.0,0.0237905805849414,0.0164349475794545,1.0404228368362711,127.06042116693916,129.62493896484375,0.0201834511042207,40.36690220844142,5,5,TIME,TIME,5,HIGH,2022
BLK,2022-10-31,2022-11-01,2022-11-02,-0.0268774465655785,0.0362478481288682,0.7414908181590236,1.129567021085469,0.0982183880151297,0.0421287133777839,-0.0326198251936763,0.0127156139506294,0.0563752294082189,0.1346684220508045,1.0,-0.0072232684834523,0.0108997665033512,0.9987857727397582,600.0016877973692,588.0016540414218,-0.0199999999999999,-39.999999999999815,1,1,SL,SL,3,MEDIUM,2022
LLY,2022-11-01,2022-11-02,2022-11-08,-0.0262639574643572,0.0285507578038535,0.9199040405439728,2.465420656027589,0.0391655116758453,0.0900886565218734,0.1858513833276447,-0.0105238088084151,0.0036151599003724,0.0523833200493262,2.0,-0.0043759047459098,0.0079081209947913,0.8911569051497451,343.2268750510161,356.9559500530568,0.04,80.00000000000007,4,4,TP,TP,4,HIGH,2022
BLK,2022-11-02,2022-11-03,2022-11-04,-0.0202299774875232,0.0324397561172085,0.6236168180312448,1.1253465357031165,0.0755074964908659,0.0337050815000901,-0.0407067488711541,-0.0375741946237255,0.0015836514462668,0.1053988816585764,2.0,-0.0250962264939151,-0.0155393047428723,1.2986662098833923,572.3194612468126,595.2122396966851,0.04,80.00000000000007,1,1,TP,TP,3,MEDIUM,2022
HD,2022-11-02,2022-11-03,2022-11-04,-0.0247583976915606,0.0300181091296365,0.8247820535477024,1.3889533898571007,0.0129207821447652,0.0125647759375902,-0.0436736728106562,-0.0332160690811054,-0.0048936950443837,0.0480597012740464,3.0,-0.0250962264939151,-0.0155393047428723,1.2986662098833923,257.50020133730084,252.3501973105548,-0.02,-40.00000000000004,1,1,SL,SL,3,MEDIUM,2022
XOM,2022-11-02,2022-11-03,2022-11-04,-0.0205521697445698,0.0243851456184316,0.8428151328748001,1.0494671036101186,0.0516066144017373,0.1197080272670398,0.2405257682587482,-0.00984628110394,0.0230539972874594,0.0560749292560505,1.0,-0.0250962264939151,-0.0155393047428723,1.2986662098833923,95.24462355524638,99.05440849745624,0.04,80.00000000000007,1,1,TP,TP,3,MEDIUM,2022
V,2022-11-03,2022-11-04,2022-11-10,-0.0308532346020637,0.0289638458992546,1.065232659688255,1.0650697043779174,0.0146056707789057,0.0112491830506551,-0.0530899711509436,-0.0599054554575578,-0.0466981420573757,0.0402200474714704,4.0,-0.010296767185619,-0.0235750606851213,0.8885627315386767,191.0208009260934,198.66163296313715,0.04,80.00000000000007,4,4,TP,TP,5,HIGH,2022
JNJ,2022-11-11,2022-11-14,2022-11-21,-0.0299192224790055,0.0180544531674071,1.6571658084343024,1.5758282037490787,-0.008746893930365,0.0141934534170182,-0.0090876694717393,-0.0264033282841612,-0.0130044338349547,-0.0321378880084679,2.0,0.0096784790761845,0.0544462261934224,0.9844735431895214,151.96709900789023,158.04578296820588,0.04,80.00000000000007,5,5,TP,TP,4,HIGH,2022
MRK,2022-11-11,2022-11-14,2022-11-18,-0.0385710570922339,0.0238727337954872,1.6156950193749964,1.3133304099654364,-0.0034182897699932,0.0670554331320534,0.1307430975416641,-0.0348769284634022,-0.0124999731019556,-0.0278854447873294,1.0,0.0096784790761845,0.0544462261934224,0.9844735431895214,88.19111483313412,91.71875942645948,0.04,80.00000000000007,4,4,TP,TP,4,HIGH,2022
PEP,2022-11-11,2022-11-14,2022-11-21,-0.0200882277152822,0.0185140451189167,1.0850263994850675,1.4671797808908296,0.0007979893722138,0.0354282589015269,0.0572390084967573,-0.0147199486444913,-0.0040834007954699,-0.0229381787473226,2.0,0.0096784790761845,0.0544462261934224,0.9844735431895214,157.7409372596031,163.17054748535156,0.0344210597456553,68.8421194913107,5,5,TIME,TIME,5,HIGH,2022
HD,2022-11-14,2022-11-15,2022-11-15,-0.0254651539749773,0.0308037735020778,0.8266894305419973,1.6084330303750571,0.0570526123603207,0.076514086091983,0.0240507530290903,0.0703399551192625,0.057360250759193,0.0364364791961049,2.0,-0.0085066264471844,0.0452283831757593,0.7628480729395789,276.1065462412551,287.15080809090534,0.04,80.00000000000007,0,0,TP,TP,3,MEDIUM,2022
LOW,2022-11-14,2022-11-15,2022-11-16,-0.0208591754496754,0.0348801414051425,0.5980243946660169,1.1233682166360988,0.071254738957929,0.064322564288286,0.0315787772790709,0.0966081596811958,0.0970197324743704,0.0498077200620714,2.0,-0.0085066264471844,0.0452283831757593,0.7628480729395789,191.8481044110644,199.52202858750687,0.04,80.00000000000006,1,1,TP,TP,3,MEDIUM,2022
WMT,2022-11-14,2022-11-15,2022-11-21,-0.0293869871420893,0.020165580686315,1.4572844491422023,2.194745356479873,-0.0104929039251397,0.0199778775209085,0.0199046027413678,-0.0077438635663127,-0.0285014819023065,-0.027682190877863,2.0,-0.0085066264471844,0.0452283831757593,0.7628480729395789,46.32259536289618,48.17549917741203,0.04,80.00000000000007,4,4,TP,TP,4,HIGH,2022
AVGO,2022-11-16,2022-11-17,2022-11-22,-0.0241981179472589,0.0348146177628325,0.6950562580380346,1.0870914046821312,0.0784161297700831,0.0853582412622915,-0.0336098950048259,-0.0122757615553381,0.0900162765198728,0.1221412971728079,2.0,-0.007628750348996,0.0456241210212229,0.7327401868982951,47.708405079429966,49.616741282607165,0.04,80.00000000000007,3,3,TP,TP,4,HIGH,2022
NEE,2022-11-17,2022-11-18,2022-11-28,-0.0233634781540041,0.0285367511825154,0.8187154173429186,1.1025492954858307,0.0477964333669078,0.0315798846451351,0.0387614643569327,0.0084495295021038,-0.0102165590302808,0.0533380184095937,2.0,-0.0030597478647114,0.0426730108165551,0.8027016075786985,74.29567872616595,75.09452819824219,0.0107523006152294,21.504601230458945,5,5,TIME,TIME,3,MEDIUM,2022
V,2022-11-21,2022-11-22,2022-11-30,-0.0212524120843797,0.0278963991169943,0.7618335253682589,1.2584425796212475,0.0127032573094407,0.0695013546306995,0.0088798837074148,-0.0181781556235542,-0.00261030770207,0.0333889415926107,2.0,-0.0036360736525126,0.0449032635862305,0.5745301807678166,201.69069404115672,209.75832180280295,0.04,80.00000000000009,5,5,TP,TP,4,HIGH,2022
COP,2022-11-23,2022-11-25,2022-11-28,-0.024926969260592,0.0404004647485733,0.6169970918830148,1.0047689800774398,-0.0216177295365544,0.0574516282912629,0.2348269277079928,-0.014386908770884,-0.0193440726317529,0.0156819857233905,3.0,0.0063017118322219,0.064631569691743,0.7893400197862298,111.8925982450308,109.6547462801302,-0.02,-40.00000000000004,1,1,SL,SL,3,MEDIUM,2022
BAC,2022-11-28,2022-11-29,2022-11-30,-0.0222813287253709,0.0195139777775867,1.1418137798108312,1.0832449313522117,-0.0069240916948282,0.0698508019383707,0.0246750691191584,-0.0168044662072216,-0.0088734462555212,-0.0403541608127117,1.0,-0.0159568571707039,0.0460719225608636,0.8249371604832574,33.61731246780609,32.94496621844996,-0.0200000000000001,-40.000000000000256,1,1,SL,SL,4,HIGH,2022
CVX,2022-11-28,2022-11-29,2022-12-05,-0.0290689695415961,0.0254045513105947,1.1442425881173968,1.192766350629114,-0.0212429915233159,0.0621927190198059,0.1245818082322116,-0.0405077182511709,-0.025301891268585,-0.0360416356162407,4.0,-0.0159568571707039,0.0460719225608636,0.8249371604832574,154.59773312763605,151.50577846508332,-0.02,-40.00000000000004,4,4,SL,SL,4,HIGH,2022
HD,2022-11-28,2022-11-29,2022-12-01,-0.0228568904344401,0.0309974790923134,0.7373790096404357,1.004550899728474,0.044252529182313,0.0975137760495357,0.0703606277758501,-0.0183455622599428,0.0183280558456493,0.0126372316538396,2.0,-0.0159568571707039,0.0460719225608636,0.8249371604832574,286.9488365003998,298.4267899604158,0.04,80.00000000000007,2,2,TP,TP,4,HIGH,2022
XOM,2022-11-28,2022-11-29,2022-12-05,-0.0300328069056836,0.0272765327634207,1.1010492853387577,1.290012499089192,-0.0174226522295737,0.0686366469465999,0.2083675329860692,-0.0382731114097149,-0.0202535755822994,-0.0285740782509236,4.0,-0.0159568571707039,0.0460719225608636,0.8249371604832574,97.80638085376464,95.85025323668934,-0.02,-40.00000000000004,4,4,SL,SL,4,HIGH,2022
BAC,2022-12-01,2022-12-02,2022-12-05,-0.0287003118215697,0.0201237469374808,1.4261912510992147,1.4019614877115405,-0.0138809627334245,0.0611396312284737,0.0261449305994185,-0.0026129385540495,-0.0225023458306695,-0.0159612352191077,2.0,-0.0007358944904883,0.0729612874941283,0.9490545101182588,32.97262532746645,32.313172820917124,-0.02,-40.00000000000004,1,1,SL,SL,4,HIGH,2022
CVX,2022-12-05,2022-12-06,2022-12-06,-0.0246919998789189,0.0249822103229204,0.9883833159576256,1.0844003361266388,-0.0325024513906516,0.0339290000159542,0.1046567329757099,-0.0368227371351175,-0.0100919448183457,-0.0351384907964484,3.0,-0.0179893457812992,0.0488895351295606,0.977107200214006,150.52396351711295,147.5134842467707,-0.0200000000000001,-40.000000000000256,0,0,SL,SL,3,MEDIUM,2022
JPM,2022-12-05,2022-12-06,2022-12-06,-0.0280408333343606,0.0201937800228765,1.388587639490703,1.026677747850493,-0.0205259467140862,0.0712654622011554,0.0785598820484749,-0.0492836305818085,-0.0221809178063622,-0.0184546997182621,3.0,-0.0179893457812992,0.0488895351295606,0.977107200214006,122.15093386016834,119.70791518296495,-0.02,-40.00000000000004,0,0,SL,SL,4,HIGH,2022
MS,2022-12-05,2022-12-06,2022-12-06,-0.0248641011103395,0.0206626794999981,1.2033338227184776,1.385462566132914,0.0030715922777924,0.0745810874711998,0.0805524686167016,-0.0350270620402263,-0.0008897881084053,0.0068388126262521,3.0,-0.0179893457812992,0.0488895351295606,0.977107200214006,79.6647700797399,78.0714746781451,-0.02,-40.00000000000004,0,0,SL,SL,5,HIGH,2022
XOM,2022-12-05,2022-12-06,2022-12-06,-0.0273985502272328,0.0262250530585409,1.0447471799607906,1.1363841236043168,-0.0430900349801309,0.0199598663144795,0.1651244962097477,-0.0403266915586624,-0.0269555401185059,-0.0466631696316535,3.0,-0.0179893457812992,0.0488895351295606,0.977107200214006,93.64159493944356,91.76876304065468,-0.02,-40.00000000000003,0,0,SL,SL,4,HIGH,2022
BA,2022-12-06,2022-12-07,2022-12-08,-0.0360346472598397,0.0300037629902082,1.2010042630852575,1.228347630924553,0.0171152810624732,0.1673780058408471,0.1374875419647552,0.0150756281424919,0.0177389072646523,0.0317450569959085,2.0,-0.014414717441914,0.0321704844065424,0.9797361057185472,176.27999877929688,183.3311987304688,0.04,80.00000000000007,1,1,TP,TP,4,HIGH,2022
CVX,2022-12-06,2022-12-07,2022-12-14,-0.0257702855421159,0.0272186687313698,0.946787140710352,1.1553759915109854,-0.0542803717953036,0.0035078735169233,0.0747814249871694,-0.0574277787478416,-0.0498259655335491,-0.0509269839400008,4.0,-0.014414717441914,0.0321704844065424,0.9797361057185472,146.70743847608682,147.7966766357422,0.007424559865333,14.84911973066616,5,5,TIME,TIME,3,MEDIUM,2022
GS,2022-12-06,2022-12-07,2022-12-13,-0.0232279400617871,0.018985898610411,1.2234311653307808,1.2472227955370476,-0.0385414251530475,0.0642330125798991,0.1248018063697113,-0.0544542836807299,-0.0480052108006928,-0.0392416257316919,4.0,-0.014414717441914,0.0321704844065424,0.9797361057185472,331.3332742222082,344.58660519109657,0.04,80.00000000000007,4,4,TP,TP,4,HIGH,2022
LOW,2022-12-06,2022-12-07,2022-12-13,-0.0207100726215166,0.0297480388654982,0.6961827875496097,1.0450336773085809,-0.0268201215471243,0.0227288967598886,0.0239874327537596,-0.0629756188429827,-0.0267989174066425,-0.0397584487642075,3.0,-0.014414717441914,0.0321704844065424,0.9797361057185472,188.14567014714572,195.6714969530316,0.04,80.00000000000007,4,4,TP,TP,3,MEDIUM,2022
MS,2022-12-06,2022-12-07,2022-12-12,-0.0256099004956154,0.0219403862441364,1.1672493004748117,1.6647064882305458,-0.0236746856988298,0.0449317088850786,0.0532159868237835,-0.0590324479398252,-0.0391965420807957,-0.0176245969709325,4.0,-0.014414717441914,0.0321704844065424,0.9797361057185472,77.17581556870383,80.26284819145198,0.04,80.00000000000007,3,3,TP,TP,4,HIGH,2022
PFE,2022-12-06,2022-12-07,2022-12-08,-0.0201066380256754,0.0175589914633536,1.1450907113679518,1.151779733908225,0.016138386472325,0.0778732962367441,0.027030678675864,-0.0268207212062561,0.0044452531047203,0.0317558260794463,3.0,-0.014414717441914,0.0321704844065424,0.9797361057185472,39.77030513780631,41.36111734331856,0.04,80.00000000000007,1,1,TP,TP,5,HIGH,2022
UPS,2022-12-06,2022-12-07,2022-12-12,-0.0334509224300431,0.0247491418059594,1.3515992874544152,1.7160127884058327,-0.0246906079836607,0.0309720467709255,-0.0449367558465237,-0.0793417503979485,-0.0529502036081539,-0.0305076212615399,3.0,-0.014414717441914,0.0321704844065424,0.9797361057185472,142.93517286210442,148.6525797765886,0.04,80.00000000000007,3,3,TP,TP,4,HIGH,2022
GE,2022-12-09,2022-12-12,2022-12-15,-0.0260673115048202,0.0250109550651815,1.0422357497698795,1.150528679982858,-0.0493197863495989,0.0464659376931329,0.0530583885855082,-0.0449109393905513,-0.0624998608423222,-0.075901787309105,4.0,-0.0074700995344356,0.0261047079274616,1.0894416744676416,49.95779144523291,48.958635616328245,-0.0200000000000001,-40.000000000000256,3,3,SL,SL,4,HIGH,2022
WMT,2022-12-09,2022-12-12,2022-12-16,-0.0233229000108075,0.0138725097093119,1.6812314786236553,1.156458106374072,-0.0259291400647151,0.0289256230504824,0.0643036280218818,-0.0269010974452889,-0.0480500210129576,-0.0471171110477449,4.0,-0.0074700995344356,0.0261047079274616,1.0894416744676416,46.5898243446371,45.65802785774436,-0.02,-40.00000000000004,4,4,SL,SL,4,HIGH,2022
LLY,2022-12-13,2022-12-14,2022-12-21,-0.0233900822439512,0.021785467893661,1.0736552622198718,1.8736515654406112,-0.0158491050129466,0.0176059285453455,0.1409125410084231,-0.0353157041138505,-0.0268082529876462,-0.0145350339607508,3.0,0.0075698852763477,0.0445733323373944,1.6194860348644309,348.89777087382305,357.6442565917969,0.0250689068493272,50.13781369865456,5,5,TIME,TIME,4,HIGH,2022
AMD,2022-12-14,2022-12-15,2022-12-15,-0.0379623330464369,0.0436985820103618,0.8687314622116409,1.078419869162366,-0.0560314388122408,0.040836177106539,-0.1973744918463484,0.0049570489202275,-0.0172511989592522,-0.1120700406550527,2.0,-0.0063936103618651,0.0367400467711092,1.4007857573766145,67.5999984741211,66.24799850463867,-0.02,-40.00000000000004,0,0,SL,SL,2,LOW,2022
GS,2022-12-14,2022-12-15,2022-12-16,-0.0225393309504901,0.0226573254889613,0.9947922124114474,1.1750085104993917,-0.03622313091201,0.0334340442249061,0.1139426354546393,0.003452702255468,0.0012780893482597,-0.0667357324618661,2.0,-0.0063936103618651,0.0367400467711092,1.4007857573766145,324.0117901992641,317.5315543952788,-0.02,-40.00000000000004,1,1,SL,SL,2,LOW,2022
MS,2022-12-14,2022-12-15,2022-12-15,-0.0238376891945486,0.0258721408247172,0.921365160929203,1.193791651236696,0.0034427764659474,0.0653062969397879,0.0890829068525651,0.0115121850329986,0.0368927339696085,-0.0276134158666155,1.0,-0.0063936103618651,0.0367400467711092,1.4007857573766145,79.24699906060977,77.66205907939757,-0.0200000000000001,-40.000000000000256,0,0,SL,SL,3,MEDIUM,2022
NVDA,2022-12-14,2022-12-15,2022-12-15,-0.0220230175248867,0.0425671369104441,0.5173713602401869,1.103702813566121,0.072218823665157,0.2141861369520838,0.0152213331413131,0.039585956691166,0.0964019483003599,0.0443776662305737,2.0,-0.0063936103618651,0.0367400467711092,1.4007857573766145,17.107985485394817,16.76582577568692,-0.02,-40.00000000000004,0,0,SL,SL,2,LOW,2022
ADBE,2022-12-15,2022-12-16,2022-12-16,-0.0329784111844873,0.0318322326149424,1.0360068545429897,1.9266002007641647,-0.016112294545872,0.0328905906879244,-0.1296795229622309,-0.027974159733349,-0.0116362838217464,-0.0447531154341565,3.0,-0.0244615610749102,0.0107217745938676,1.4779948645705974,345.0,338.1,-0.0200000000000001,-40.000000000000256,0,0,SL,SL,3,MEDIUM,2022
AVGO,2022-12-15,2022-12-16,2022-12-20,-0.0286192157330261,0.0295097133422266,0.969823576431486,1.5528731058093777,0.0395552664273202,0.1325193762287115,0.0610226137433722,0.0024612070447627,0.050689184717684,0.0131638391652002,1.0,-0.0244615610749102,0.0107217745938676,1.4779948645705974,52.66346887639491,51.61019949886701,-0.02,-40.00000000000003,2,2,SL,SL,2,LOW,2022
GS,2022-12-15,2022-12-16,2022-12-23,-0.0292746887788435,0.0250164782034069,1.1702162287118705,1.4463223629772195,-0.0606681379808196,0.000721644761348,0.0809954226455524,-0.0367586411806215,-0.0230397168496728,-0.0885335540303859,2.0,-0.0244615610749102,0.0107217745938676,1.4779948645705974,315.4197682729909,315.81280517578125,0.0012460756817567,2.49215136351344,5,5,TIME,TIME,3,MEDIUM,2022
HON,2022-12-15,2022-12-16,2022-12-23,-0.0267790882803102,0.0211992012291379,1.2632121366678155,1.1606390868661327,-0.0307963017174851,0.0354213010455841,0.1006578059021365,-0.0257807119965498,-0.0205297560999268,-0.0387322021714028,3.0,-0.0244615610749102,0.0107217745938676,1.4779948645705974,189.5807491019037,195.54196166992188,0.0314441872197364,62.888374439472805,5,5,TIME,TIME,3,MEDIUM,2022
JPM,2022-12-15,2022-12-16,2022-12-23,-0.024810697227223,0.0253596067745802,0.9783549661382228,1.273458981679502,-0.0289159405866917,0.0266812067245156,0.0713877568388614,-0.0306234555209909,-0.0209209100255721,-0.0450674911934774,4.0,-0.0244615610749102,0.0107217745938676,1.4779948645705974,118.26819699694174,120.21873474121094,0.0164924958171099,32.984991634219966,5,5,TIME,TIME,2,LOW,2022
MA,2022-12-15,2022-12-16,2022-12-22,-0.031495584552455,0.0250046335084296,1.2595899292759944,1.1594984100719123,-0.0111662867315693,0.055904267862525,0.0355002523258247,-0.0332803925091841,-0.0140104006362926,-0.0403269282406317,3.0,-0.0244615610749102,0.0107217745938676,1.4779948645705974,337.1084641254156,330.3662948429073,-0.02,-40.00000000000003,4,4,SL,SL,3,MEDIUM,2022
MS,2022-12-15,2022-12-16,2022-12-22,-0.0299446537876719,0.0282736339379072,1.0591017006669357,1.317589532629636,-0.0255082725306481,0.0320749715383441,0.0563550569301534,-0.0365451584223222,-0.0101476116532439,-0.0560214566125064,2.0,-0.0244615610749102,0.0107217745938676,1.4779948645705974,76.91802798125488,75.37966742162978,-0.0200000000000001,-40.000000000000256,4,4,SL,SL,3,MEDIUM,2022
MSFT,2022-12-15,2022-12-16,2022-12-16,-0.0319183264052548,0.0297808322356974,1.071774158379469,1.3760680999000272,0.0040400786329202,0.0409582448481611,-0.0498744765961201,-0.013860982582459,0.006507583230215,-0.0223016586372851,2.0,-0.0244615610749102,0.0107217745938676,1.4779948645705974,241.21590435148065,236.391586264451,-0.02,-40.00000000000003,0,0,SL,SL,4,HIGH,2022
NKE,2022-12-15,2022-12-16,2022-12-19,-0.0263794693786854,0.0290224945160786,0.9089318412678488,1.1144723762939674,0.0020869407656873,0.0985066704865844,-0.0147835346959528,-0.0317659498432371,-0.0255925860340924,-0.0204026801208466,3.0,-0.0244615610749102,0.0107217745938676,1.4779948645705974,98.73763138649818,96.7628787587682,-0.02,-40.00000000000004,1,1,SL,SL,3,MEDIUM,2022
ORCL,2022-12-15,2022-12-16,2022-12-23,-0.0213884013864198,0.0273867984146109,0.7809748720028937,1.0364596900028578,-0.0112739651664713,0.0582556574244437,0.0832733299517864,-0.0148869497480121,0.0,-0.0480323553738095,3.0,-0.0244615610749102,0.0107217745938676,1.4779948645705974,76.30952548065997,77.15890502929688,0.0111307145901748,22.26142918034979,5,5,TIME,TIME,2,LOW,2022
PLD,2022-12-15,2022-12-16,2022-12-16,-0.0245928629707622,0.0297001804344736,0.8280374937458882,1.2627263631152457,0.0202650566218567,0.0711421035552672,-0.0669107208501288,0.0047446128292483,0.0084182825866492,0.0127241780397873,2.0,-0.0244615610749102,0.0107217745938676,1.4779948645705974,103.2349999874248,101.17029998767632,-0.02,-40.00000000000004,0,0,SL,SL,2,LOW,2022
V,2022-12-15,2022-12-16,2022-12-22,-0.0253608755521442,0.0237362011439368,1.0684471115809715,1.3925414350435306,-0.017710041013724,0.0315320966580565,0.0202603164706505,-0.0311289077411023,-0.0056909194287514,-0.0418892285936439,3.0,-0.0244615610749102,0.0107217745938676,1.4779948645705974,201.6421012516604,197.6092592266272,-0.02,-40.00000000000004,4,4,SL,SL,3,MEDIUM,2022
AMT,2022-12-16,2022-12-19,2022-12-19,-0.0218584820464136,0.0286985680927319,0.7616575843011963,1.972515817044007,-0.0166879245008153,0.0303580404218994,-0.1029169846408415,-0.044496261645671,-0.0018237694463422,-0.026986271801412,3.0,-0.0118061160404523,-0.0018235548334136,1.463342660782513,187.51645942623747,183.76613023771276,-0.02,-40.00000000000003,0,0,SL,SL,3,MEDIUM,2022
DUK,2022-12-16,2022-12-19,2022-12-27,-0.0211687363943275,0.0191918728734765,1.103005242577604,3.1244687703117235,0.0046204455881229,0.0623989536752696,-0.0265320983157369,-0.0267701288777273,-9.9882284730346e-05,0.0082393449270796,2.0,-0.0118061160404523,-0.0018235548334136,1.463342660782513,86.65803994382941,89.72174835205078,0.03535400073908,70.70800147816003,5,5,TIME,TIME,5,HIGH,2022
MCD,2022-12-16,2022-12-19,2022-12-27,-0.0206457247755877,0.015860456588632,1.3017106197551414,1.9524918337625576,-0.0227825428813394,0.0063315144024134,0.0635390656556726,-0.0297507620161561,-0.0217616258253063,-0.0266277451439282,3.0,-0.0118061160404523,-0.0018235548334136,1.463342660782513,243.6260535441572,244.16590881347656,0.0022159176387985,4.431835277597162,5,5,TIME,TIME,4,HIGH,2022
NKE,2022-12-16,2022-12-19,2022-12-19,-0.0235923880204013,0.0309002146949072,0.7635023980687632,1.9637455284966616,-0.0219667288905052,0.0691147322700336,-0.0368642643116559,-0.0611431194013949,-0.0317126015345642,-0.0557040859809865,3.0,-0.0118061160404523,-0.0018235548334136,1.463342660782513,97.00069755701448,95.0606836058742,-0.02,-40.00000000000004,0,0,SL,SL,3,MEDIUM,2022
NVDA,2022-12-16,2022-12-19,2022-12-19,-0.0224752411049811,0.0480999439184409,0.4672612746303928,1.112122051762771,-0.0005899613293431,0.127273579810438,-0.0441908179829322,-0.0830568080333178,-0.0252927394675239,-0.0180733031499942,3.0,-0.0118061160404523,-0.0018235548334136,1.463342660782513,16.535258005172167,16.204552845068722,-0.0200000000000001,-40.000000000000256,0,0,SL,SL,3,MEDIUM,2022
ADBE,2022-12-19,2022-12-20,2022-12-20,-0.0288887532712375,0.0370526554318189,0.7796675551202008,1.2207603649464949,-0.015757839770597,0.0278722689818669,-0.126727306901825,-0.0328312638893265,-0.0278262509639112,-0.0159537448911669,3.0,-0.0084797645974512,-0.0112606167036964,0.983057303401554,327.0,340.08,0.04,80.00000000000007,0,0,TP,TP,3,MEDIUM,2022
NKE,2022-12-19,2022-12-20,2022-12-21,-0.0273712410158181,0.032910478879789,0.8316877161160755,1.4297898120256467,-0.0478369323198522,0.0364721451781036,-0.062074097280922,-0.0753699866045433,-0.0804854308124776,-0.0599341999304243,4.0,-0.0084797645974512,-0.0112606167036964,0.983057303401554,95.16211351010476,98.96859805050894,0.04,80.00000000000007,1,1,TP,TP,3,MEDIUM,2022
PFE,2023-01-04,2023-01-05,2023-01-09,-0.0220445351705114,0.0211022811967197,1.044651758973721,1.0846305134766898,-0.0283659784361525,0.0146627703639981,0.0282769143021324,-0.0233781871327795,-0.0195580125656816,-0.023948574631627,3.0,0.0077204551582101,-0.0113811018485714,1.0367697903582114,39.75431459977421,38.95922830777873,-0.0199999999999999,-39.999999999999815,2,2,SL,SL,4,HIGH,2023
BLK,2023-01-05,2023-01-06,2023-01-09,-0.0286189589045124,0.0236519851933895,1.210002402356955,1.066246399652193,-0.0074901107981548,0.0028337484252547,0.0715260928797387,-0.0104283919520355,0.0012992680177512,0.0139974189755285,2.0,-0.0114135334831607,-0.022777610220765,0.9291880492006525,656.278139852795,682.5292654469068,0.04,80.00000000000007,1,1,TP,TP,4,HIGH,2023
ABBV,2023-01-09,2023-01-10,2023-01-10,-0.0293606372514589,0.0160919927379547,1.824549496732542,1.58323825077742,-0.0080443546413694,0.0239370892885559,0.0859879961229908,-0.0124017064860593,0.0003094916526789,-0.0098609125492418,2.0,-0.0005668859179304,-0.0015776616195481,0.8661385287056839,141.9922586120925,139.15241343985065,-0.0200000000000001,-40.000000000000256,0,0,SL,SL,4,HIGH,2023
BA,2023-01-09,2023-01-10,2023-01-12,-0.0207980876797241,0.0280960847896135,0.7402486088528858,1.2786796329347754,0.0863983119614406,0.1714309834411005,0.3268436754912707,0.0242094281543241,0.0949131256742155,0.1079416059719455,1.0,-0.0005668859179304,-0.0015776616195481,0.8661385287056839,203.8999938964844,212.05599365234372,0.04,80.00000000000006,2,2,TP,TP,3,MEDIUM,2023
JNJ,2023-01-09,2023-01-10,2023-01-11,-0.0259084763168069,0.0123712429467379,2.094250062693863,1.2178501647685058,-0.0109005007902461,0.000402922857668,0.0219938879440564,-0.0252595590955911,-0.0060570729807296,-0.0081909057075852,2.0,-0.0005668859179304,-0.0015776616195481,0.8661385287056839,157.8441394550319,154.68725666593124,-0.02,-40.00000000000004,1,1,SL,SL,4,HIGH,2023
MRK,2023-01-09,2023-01-10,2023-01-18,-0.0388366524341932,0.0160937587869354,2.413149901669945,1.3596340276467096,-0.0043687491855429,0.0376114428113807,0.1954615856439809,-0.0151677383838526,-0.0051374769536387,-0.0077312274869651,1.0,-0.0005668859179304,-0.0015776616195481,0.8661385287056839,99.44289329741862,97.85086822509766,-0.0160094403886607,-32.0188807773214,5,5,TIME,TIME,4,HIGH,2023
AMT,2023-01-18,2023-01-19,2023-01-20,-0.0253623887683979,0.027497393475127,0.9223561059101708,1.2866428679403248,0.0358884676141009,0.0458051871270615,-0.0401456253693229,-0.0302311654125833,0.0145979818474719,0.0490055273920586,2.0,-0.0157881438556279,0.0028278208288952,1.3002354085614538,198.5813973438287,194.60976939695212,-0.0199999999999999,-39.999999999999815,1,1,SL,SL,4,HIGH,2023
JPM,2023-01-18,2023-01-19,2023-01-26,-0.0300425567007596,0.0209425794860055,1.43452036177468,1.368337164750958,0.0131532574139203,0.0239240605368933,0.1307880183939962,-0.0209331396703531,-0.0146462745157007,0.0181971869787691,3.0,-0.0157881438556279,0.0028278208288952,1.3002354085614538,124.83369725699328,129.13255310058594,0.0344366620395988,68.87332407919766,5,5,TIME,TIME,5,HIGH,2023
NEE,2023-01-18,2023-01-19,2023-01-19,-0.0226264923251847,0.0198431265441053,1.140268509344674,1.215333292873296,-0.003294621427432,0.0011473835685218,0.0445514777848219,-0.0149288386988841,-0.0087531652479546,-0.0003580074329162,2.0,-0.0157881438556279,0.0028278208288952,1.3002354085614538,75.3904752614108,73.88266575618258,-0.0200000000000001,-40.000000000000256,0,0,SL,SL,4,HIGH,2023
XOM,2023-01-18,2023-01-19,2023-01-23,-0.0205435033906693,0.0238159643758976,0.8625938075159336,1.1420555007343411,0.0122356236017135,0.0100388605812546,0.1533510602554326,-0.0230522725002109,0.0047236510152115,0.0384942625004567,3.0,-0.0157881438556279,0.0028278208288952,1.3002354085614538,97.32888219176031,101.22203747943074,0.04,80.00000000000007,2,2,TP,TP,4,HIGH,2023
CAT,2023-01-19,2023-01-20,2023-01-24,-0.0233288299564824,0.020406941888215,1.1431810843718244,1.6236211417727155,0.0071600388948456,0.0387039957948089,0.2061535086056694,-0.0446413790792501,-0.0151875049903569,0.0230443721284576,3.0,-0.0072797280017413,-0.0051865399579458,1.129623977637423,234.2437789721089,243.6135301309933,0.04,80.00000000000006,2,2,TP,TP,5,HIGH,2023
GE,2023-01-19,2023-01-20,2023-01-20,-0.0304022742340143,0.0267847447804876,1.1350593213851343,1.180775976991619,0.0858291138987477,0.1335360863110244,0.2834491406217418,-0.0416459471314929,-0.0106834979438742,0.0948717840289112,2.0,-0.0072797280017413,-0.0051865399579458,1.129623977637423,60.82038646001155,59.60397873081131,-0.02,-40.00000000000004,0,0,SL,SL,5,HIGH,2023
MS,2023-01-19,2023-01-20,2023-01-27,-0.0251603497635465,0.0253849986435369,0.9911503292497648,1.7981255912645178,0.0661729328620646,0.0592195304240192,0.1308614708602498,0.0271654836533667,0.052778557818345,0.0865550669135948,2.0,-0.0072797280017413,-0.0051865399579458,1.129623977637423,83.67379171817576,86.10054016113281,0.0290024916180522,58.00498323610448,5,5,TIME,TIME,3,MEDIUM,2023
NFLX,2023-01-19,2023-01-20,2023-01-23,-0.0323292472013415,0.0366100223758786,0.8830709489716797,2.1021936324365527,0.0257975795476954,0.0504465505296682,0.2865396165829603,-0.0511989154440903,-0.0350792202985805,0.0205875417912531,2.0,-0.0072797280017413,-0.0051865399579458,1.129623977637423,33.67900085449219,35.026160888671875,0.04,80.00000000000007,1,1,TP,TP,4,HIGH,2023
NVDA,2023-01-19,2023-01-20,2023-01-20,-0.0352189727223004,0.0436794189461906,0.8063058889516651,1.0790748248235429,0.0764565319545844,0.0496193928216828,0.0257963295839249,-0.0079293680158628,0.0477473207349712,0.136687382109486,2.0,-0.0072797280017413,-0.0051865399579458,1.129623977637423,16.973284656262667,17.652216042513174,0.04,80.00000000000007,0,0,TP,TP,4,HIGH,2023
AMD,2023-01-24,2023-01-25,2023-01-26,-0.0239122156049184,0.0422164918189513,0.566418822944071,1.2114262769474555,0.104866110768242,0.0682140814842811,-0.0670861608496641,0.1032343517690652,0.0434418322313214,0.1109458554651781,3.0,-0.0010733205477033,0.0209635393889711,0.781986366943039,72.9000015258789,75.81600158691407,0.04,80.00000000000007,1,1,TP,TP,2,LOW,2023
GOOGL,2023-01-24,2023-01-25,2023-01-27,-0.020944002312739,0.0285275705438899,0.7341670501004119,1.0680468386252695,0.0782236172209709,0.0457093735924718,-0.0781381729168511,0.0499730582723842,0.0702157052948067,0.1099749762932384,2.0,-0.0010733205477033,0.0209635393889711,0.781986366943039,94.73000940210903,98.5192097781934,0.04,80.00000000000007,2,2,TP,TP,3,MEDIUM,2023
GOOGL,2023-01-25,2023-01-26,2023-02-01,-0.0253837867749621,0.0296906411178148,0.8549423595885718,1.3254065691695966,0.0473922741313557,0.0188861322117215,-0.099811356181743,-0.0285656042408665,0.0449955310340353,0.0769056935158525,2.0,0.0003749054661632,0.020957479433487,1.0960745353898014,95.65182554315432,99.47789856488048,0.04,80.00000000000007,4,4,TP,TP,4,HIGH,2023
COP,2023-01-30,2023-01-31,2023-02-01,-0.0249171954177012,0.0278353995696364,0.8951621245948093,1.0913342077098374,0.0115395361690771,0.0159690129250296,0.12270848981488,0.0013290759471968,0.0033298299569317,-0.0077386554991243,3.0,-0.0125469077193118,0.0203021942230685,0.9436493127410523,106.67230635657567,104.53886022944415,-0.02,-40.00000000000004,1,1,SL,SL,3,MEDIUM,2023
META,2023-01-30,2023-01-31,2023-02-02,-0.0308423750130099,0.0312700580610688,0.9863229212039288,1.0413912551301057,0.0827724733178325,0.1876341710601634,-0.0368702620097534,0.0392933807641502,0.026453633727083,0.0735873596214575,3.0,-0.0125469077193118,0.0203021942230685,0.9436493127410523,146.66206232671513,152.52854481978375,0.04,80.00000000000007,2,2,TP,TP,3,MEDIUM,2023
CAT,2023-01-31,2023-02-01,2023-02-01,-0.0352195812929132,0.0241572931655483,1.4579274694211728,3.10284721467516,0.0028411156034844,0.0476328012121212,0.2273588244049369,-0.0375018305539281,-0.0206512049027985,-0.0107968157735378,2.0,0.0147034043032243,0.0346275177747279,1.1020571200573093,238.87421256324123,234.0967283119764,-0.02,-40.00000000000004,0,0,SL,SL,5,HIGH,2023
XOM,2023-02-02,2023-02-03,2023-02-10,-0.031288176740175,0.0321379997038531,0.973557067287662,1.4419861543591694,-0.0132542195296526,0.0113114690072422,0.1386867459486771,-0.0212222936084288,-0.0561309889150792,-0.001526976586359,4.0,0.014557059239092,0.0586390834064722,1.2567167703376048,98.94706262804212,102.9049451331638,0.04,80.00000000000009,5,5,TP,TP,3,MEDIUM,2023
ADBE,2023-02-03,2023-02-06,2023-02-10,-0.0328889275494835,0.029427826564767,1.1176132045327585,1.0278037815278258,0.0625311114317159,0.1028336053589713,0.0472656499862029,0.0242749644199182,0.0232526646593824,0.0643975009119821,2.0,-0.0106292006163883,0.0463466841407997,1.1584735684178238,376.2099914550781,368.68579162597655,-0.02,-40.00000000000004,4,4,SL,SL,4,HIGH,2023
AMD,2023-02-03,2023-02-06,2023-02-07,-0.0251387304051293,0.0449280811510459,0.5595326967251112,1.0582815855064056,0.1686292716984647,0.2141665919316062,0.0851014573646167,0.1455754436444607,0.1417771166535413,0.2286284674302594,2.0,-0.0106292006163883,0.0463466841407997,1.1584735684178238,84.62999725341797,82.9373973083496,-0.0200000000000001,-40.000000000000256,1,1,SL,SL,1,LOW,2023
AMT,2023-02-03,2023-02-06,2023-02-10,-0.0234398135118499,0.0275182872535176,0.8517904219803397,1.2312394123416186,-0.0049402381094009,0.0206074053826061,-0.0454105358434349,-0.0059537242222115,0.0057523081052444,0.0029359085449129,2.0,-0.0106292006163883,0.0463466841407997,1.1584735684178238,193.98176299321076,190.1021277333465,-0.02,-40.00000000000004,4,4,SL,SL,3,MEDIUM,2023
DIS,2023-02-03,2023-02-06,2023-02-09,-0.0220827539047525,0.0268719964055515,0.8217757092357469,1.11920309329878,0.0697963016509597,0.145539819223472,0.0796863028528722,0.0204628369133113,0.0106811288515329,0.0698686423168812,2.0,-0.0106292006163883,0.0463466841407997,1.1584735684178238,106.81677393999588,111.08944489759573,0.04,80.00000000000007,3,3,TP,TP,3,MEDIUM,2023
GOOGL,2023-02-03,2023-02-06,2023-02-07,-0.0274735405992051,0.0329329413740279,0.8342267484456062,1.733626070023211,0.0969659751730818,0.1152550507848679,-5.020641895780997e-05,0.0600971600280937,0.0544429080131381,0.0689654360083538,2.0,-0.0106292006163883,0.0463466841407997,1.1584735684178238,101.49998482270392,105.55998421561208,0.04,80.00000000000007,1,1,TP,TP,3,MEDIUM,2023
HD,2023-02-03,2023-02-06,2023-02-07,-0.0243974733653099,0.0265007505303002,0.9206332981933676,1.044170150108893,0.0292043251425995,0.0310765369480976,0.1121215688788976,0.0226116596767358,0.0467649689671612,0.0523811659920419,2.0,-0.0106292006163883,0.0463466841407997,1.1584735684178238,300.5519437021728,294.5409048281293,-0.0199999999999999,-39.999999999999815,1,1,SL,SL,3,MEDIUM,2023
PLD,2023-02-03,2023-02-06,2023-02-10,-0.0213400274690425,0.0271669644827858,0.785513872282804,1.088985697873554,0.0563189337104401,0.1094118830086856,0.0935235938334326,0.0181000742763783,0.0137090890937945,0.0716493363312078,2.0,-0.0106292006163883,0.0463466841407997,1.1584735684178238,116.03522222476172,113.71451778026648,-0.02,-40.00000000000003,4,4,SL,SL,3,MEDIUM,2023
COST,2023-02-08,2023-02-09,2023-02-16,-0.0246258172199812,0.0207589464267508,1.1862749059483793,1.101214704571357,0.0138358927691364,0.0392230442809113,0.0164640961569788,-0.0213480140035708,-0.0255312032520695,0.0281272149084654,2.0,-0.0109348035142283,0.0401047964403358,0.9413516118535404,483.6737226263283,482.53460693359375,-0.0023551324776321,-4.710264955264387,5,5,TIME,TIME,5,HIGH,2023
CRM,2023-02-10,2023-02-13,2023-02-17,-0.0381781057370355,0.0326117475179522,1.1706856774853618,1.230148273147322,0.0315363851866972,0.1405567786876413,0.0404891399503595,-0.0248134149807432,-0.0234448887517879,0.0152563229446243,3.0,0.0023336659339106,0.0320509510071167,0.8791492055573099,165.41817740476924,162.10981385667384,-0.0200000000000001,-40.000000000000256,4,4,SL,SL,5,HIGH,2023
DIS,2023-02-10,2023-02-13,2023-02-14,-0.0208408185680356,0.0313185790195551,0.6654458542012007,1.1191906395226148,0.009411269939098,0.1027475818944987,0.0563416297130139,-0.0319806623733481,-0.0239364904358521,-0.0135110303229178,3.0,0.0023336659339106,0.0320509510071167,0.8791492055573099,104.80978149313924,102.71358586327644,-0.02,-40.00000000000004,1,1,SL,SL,4,HIGH,2023
ADBE,2023-02-16,2023-02-17,2023-02-17,-0.0286747850967975,0.0301276970538584,0.9517748749775488,1.1152935148951135,-0.0190239365384506,0.0400568328808244,0.0123481568567183,-0.0262399902343749,-0.0283387721605886,-0.0690156453254219,3.0,-0.0137690310324942,0.0309065590128252,0.9625670402255206,359.3099975585937,352.12379760742186,-0.02,-40.00000000000004,0,0,SL,SL,3,MEDIUM,2023
ADBE,2023-02-17,2023-02-21,2023-02-24,-0.0227571406376783,0.0318621310416071,0.7142378709057754,1.14514415461383,-0.041408663819578,0.014902309565965,-0.0099938161172774,-0.0557025354139985,-0.0381141931132059,-0.0592623342854741,3.0,-0.0024981389228524,0.0275409042718395,1.1259064647116248,350.7799987792969,343.76439880371095,-0.02,-40.00000000000004,3,3,SL,SL,3,MEDIUM,2023
XOM,2023-02-17,2023-02-21,2023-02-28,-0.0384515078353191,0.0301936506898307,1.2734964787901468,1.1789394412244028,-0.023357136158935,0.0105933317411204,0.1285812969996413,-0.0441504130027448,-0.0590225112894564,0.0019325433814283,5.0,-0.0024981389228524,0.0275409042718395,1.1259064647116248,98.73720499535216,97.9352569580078,-0.0081220451539225,-16.244090307845127,5,5,TIME,TIME,4,HIGH,2023
AVGO,2023-02-21,2023-02-22,2023-03-01,-0.0235899461246332,0.0230545175296866,1.023224454567621,1.1830018600658176,-0.0252258239031972,0.0101650848533545,0.1156810591016301,-0.0430318716189065,-0.0325725043829153,-0.0328620441339055,3.0,-0.0200607098573818,0.0065352332151011,1.0436318726034244,55.465338928240485,56.54368591308594,0.0194418172805288,38.8836345610577,5,5,TIME,TIME,3,MEDIUM,2023
BAC,2023-02-21,2023-02-22,2023-03-01,-0.0234795102030026,0.0206091530520222,1.1392758423276774,1.1551879121439033,-0.0308951814800497,0.0095514826738929,0.0158149429847132,-0.0292463682251598,-0.0316970806635414,-0.0508661392755717,4.0,-0.0200607098573818,0.0065352332151011,1.0436318726034244,31.418176327414173,31.217012405395508,-0.006402787988784,-12.80557597756804,5,5,TIME,TIME,3,MEDIUM,2023
GS,2023-02-21,2023-02-22,2023-02-28,-0.0200271121009812,0.0211682841591149,0.946090479060286,1.1054857949905803,-0.0125995055519058,0.0106635608573342,0.0892688774407941,-0.0353154707143338,-0.0344898999041997,-0.0261056475106397,4.0,-0.0200607098573818,0.0065352332151011,1.0436318726034244,330.54723631282457,323.9362915865681,-0.02,-40.00000000000004,4,4,SL,SL,2,LOW,2023
WMT,2023-02-22,2023-02-23,2023-02-23,-0.0209734103335706,0.0187039516192392,1.1213357883152897,1.6222562864877206,0.0047226842787162,0.0032146412691484,0.0623195988722384,-0.0002079193852408,-0.0085916471096538,0.0231237975994695,2.0,-0.0013783165968032,0.0049395096809028,1.0414269221363242,46.101252184625096,45.1792271409326,-0.0199999999999999,-39.999999999999815,0,0,SL,SL,5,HIGH,2023
CRM,2023-03-10,2023-03-13,2023-03-14,-0.0309983776308129,0.0340438217015897,0.9105434137955616,1.431980906921241,0.0089605485093064,0.0772393119371077,0.0765887407487819,-0.0553130486729391,-0.0710722819307787,0.0676941171854401,5.0,-0.0144294523293042,-0.0326470536929687,2.0671619839590774,168.09192649107916,174.81560355072233,0.04,80.00000000000007,1,1,TP,TP,4,HIGH,2023
GE,2023-03-13,2023-03-14,2023-03-15,-0.022307783793707,0.0283521969220716,0.7868097084335942,1.3673394616462322,0.043218996141868,0.1020061741078843,0.4036636119787233,0.0228787558307019,0.0219388349467934,0.0621715011443586,3.0,-0.0014251425514716,-0.034446805286416,1.6453064788673943,71.53158569335938,70.10095397949219,-0.02,-40.00000000000004,1,1,SL,SL,3,MEDIUM,2023
MSFT,2023-03-20,2023-03-21,2023-03-28,-0.0257665879846922,0.0257292548466126,1.0014509995840195,1.3786350984118607,0.0604863435942268,0.0804089311782978,0.0828991552650897,0.0255803774426808,0.0721093927864788,0.0597969412543204,1.0,0.0096157710842204,-0.012357987088328,0.8319223718635553,267.43719558177474,267.77764892578125,0.0012730216650151,2.5460433300303897,5,5,TIME,TIME,4,HIGH,2023
NVDA,2023-04-05,2023-04-06,2023-04-11,-0.0208355626053733,0.0309911182072693,0.6723075452142313,1.049117219036258,0.0361862005044417,0.1422534693823862,0.5411704943489302,-0.0322567571761097,-0.0038169996229747,0.0156037047344386,2.0,-0.0026182926963995,0.0173261795690948,0.5969673146290557,26.529562651009662,27.59074515705005,0.04,80.00000000000007,2,2,TP,TP,4,HIGH,2023
AMZN,2023-04-11,2023-04-12,2023-04-12,-0.0220221203907576,0.0262209556643641,0.8398671914421133,1.0812285042756342,0.0010218526115044,0.0152531658005152,-0.0690632810653977,-0.0116716154597947,-0.0243140846023164,0.0191758183992449,2.0,0.0002687267498384,0.0214781299072053,0.6202336805300602,100.4000015258789,98.39200149536131,-0.02,-40.00000000000004,0,0,SL,SL,4,HIGH,2023
UNH,2023-04-14,2023-04-17,2023-04-18,-0.0274402164901764,0.0213076043332968,1.287813311198779,1.3958165612832802,0.0427096732263798,0.0591272348174223,0.0035102102236204,-0.017620935595776,-0.0019888741894069,0.0887760958168704,1.0,-0.0024427921636562,0.0272468463003134,0.9214398045868336,476.8523400093409,467.3152932091541,-0.02,-40.00000000000004,1,1,SL,SL,5,HIGH,2023
GOOGL,2023-04-17,2023-04-18,2023-04-18,-0.0266373490319976,0.0253778052173678,1.0496317078581656,1.1653652234734342,0.0137177411047348,0.072614249990822,0.0491145488018656,0.0127102031316914,-0.0044156055085803,0.0215945448547176,3.0,0.0035883284587054,0.0309974167833422,0.8189936951080227,105.55402729287576,103.44294674701824,-0.02,-40.00000000000004,0,0,SL,SL,4,HIGH,2023
JNJ,2023-04-18,2023-04-19,2023-04-26,-0.0281282649287915,0.0159440005103177,1.7641911708789175,1.839896259220631,0.0149330689766284,0.0237638055337321,-0.0293741336251827,-0.0307026377952276,-0.0198452266549827,0.0265220670491668,4.0,0.0006522692240453,0.0314937759670548,0.7980437131080563,146.57412439753764,147.1441650390625,0.0038890946397796,7.7781892795592,5,5,TIME,TIME,5,HIGH,2023
UNH,2023-04-19,2023-04-20,2023-04-27,-0.0362353895699499,0.0230769685060832,1.5701971236125756,1.6377986943509746,-0.0163877555683372,0.0027262318510701,-0.0463327624951224,-0.0500010337284932,-0.0671347633262968,-0.0142928890464505,4.0,-0.0001689482743481,0.0310181727287004,0.7095896224478724,455.0587408382288,459.7455139160156,0.0102992705274789,20.59854105495784,5,5,TIME,TIME,4,HIGH,2023
NVDA,2023-04-20,2023-04-21,2023-04-25,-0.0296086541699366,0.029339378105432,1.009177974513873,1.0397906576299765,-0.0008828507197923,0.0905267639367617,0.5056138861127635,0.0037775067761611,0.0242224641724129,0.008295763050437,1.0,-0.0054571606135831,0.0254801475023878,0.9974458340383304,26.896814866617028,26.358878569284688,-0.02,-40.00000000000004,2,2,SL,SL,3,MEDIUM,2023
BLK,2023-04-21,2023-04-24,2023-04-25,-0.0221715227746914,0.0187545638053676,1.1821934652698185,1.4110680938282851,0.0172958407328325,0.0116051692726957,0.0181891594546217,-0.0188605840132407,-0.0150287670154738,0.0373860343730094,2.0,0.0007770349055102,0.0261180042982662,0.9961688317764424,632.1788828488579,619.5353051918808,-0.02,-40.00000000000004,1,1,SL,SL,5,HIGH,2023
ADBE,2023-04-25,2023-04-26,2023-04-26,-0.0205385065861405,0.0196066591506996,1.0475270890506414,1.1664390762649397,-0.0227075951752485,0.02388236382142,0.0479374821726901,-0.0280597831844344,-0.021083278274248,-0.0040957912038717,3.0,-0.0158739099405592,0.0105467958189249,1.3436835874992663,368.6000061035156,361.2280059814453,-0.0200000000000001,-40.000000000000256,0,0,SL,SL,4,HIGH,2023
AMZN,2023-04-25,2023-04-26,2023-04-27,-0.0342717203749659,0.0306759169228119,1.1172191025683746,1.2170002508794584,0.002629493974763,0.0408442828519401,-0.0403574766556481,-0.0119448790379715,0.0026392632943501,0.0265212327305917,3.0,-0.0158739099405592,0.0105467958189249,1.3436835874992663,105.04000091552734,109.24160095214845,0.04,80.00000000000007,1,1,TP,TP,5,HIGH,2023
GOOGL,2023-04-25,2023-04-26,2023-04-26,-0.0200057831350504,0.0255175917664363,0.783999654754422,1.567706471579502,-0.0094950534940506,0.0458774708580616,0.0309059186674702,-0.0136766040125085,-0.0062202443801068,-0.0142384026850452,2.0,-0.0158739099405592,0.0105467958189249,1.3436835874992663,103.99781824829444,101.91786188332856,-0.02,-40.00000000000004,0,0,SL,SL,3,MEDIUM,2023
META,2023-04-25,2023-04-26,2023-04-27,-0.0246251304252717,0.0233299986817318,1.0555135797994712,1.0105068351142994,-0.0265853831120777,0.0577661277921786,0.3421833790553292,-0.0259069386301988,-0.0474551854445822,-0.0294598553848333,5.0,-0.0158739099405592,0.0105467958189249,1.3436835874992663,210.65018419851057,219.076191566451,0.04,80.00000000000009,1,1,TP,TP,4,HIGH,2023
MSFT,2023-04-25,2023-04-26,2023-04-28,-0.0225361372693584,0.0213180277442778,1.0571398789650013,1.7993150588002207,-0.0344287248820879,0.0162191631330805,0.0819901002235221,-0.0373629130096065,-0.0449074069038282,-0.0261994456589631,4.0,-0.0158739099405592,0.0105467958189249,1.3436835874992663,288.6662575975103,300.21290790141074,0.04,80.00000000000007,2,2,TP,TP,4,HIGH,2023
LLY,2023-04-26,2023-04-27,2023-04-27,-0.0222689281700713,0.0180227717135478,1.2355995250903395,1.1796380706805158,0.0276278219438446,0.1007352426610497,0.1134022044724472,-0.023284022877772,0.015655812249552,0.0195639208347653,2.0,-0.0042354531425934,0.0066123816418639,1.0924513818938952,381.46963038013456,373.8402377725319,-0.02,-40.00000000000003,0,0,SL,SL,5,HIGH,2023
LOW,2023-04-26,2023-04-27,2023-05-01,-0.0246745595675442,0.019448218667783,1.2687310847866422,1.282683212239108,-0.0050516134521714,0.0039709991067167,0.0133532025535936,-0.0437638988706793,-0.0336441857919961,0.0101819687465349,2.0,-0.0042354531425934,0.0066123816418639,1.0924513818938952,188.0628474080751,195.5853613043981,0.04,80.00000000000007,2,2,TP,TP,4,HIGH,2023
MRK,2023-04-26,2023-04-27,2023-04-27,-0.0266025836111249,0.0162718240958038,1.6348863811762349,1.0873541334645374,0.009020065312089,0.0394227067703083,0.1340324702352247,-0.0168155188586632,-0.0061333287867371,-0.0028131254403492,1.0,-0.0042354531425934,0.0066123816418639,1.0924513818938952,103.79327908000376,101.71741349840369,-0.0200000000000001,-40.000000000000256,0,0,SL,SL,5,HIGH,2023
AMZN,2023-04-28,2023-05-01,2023-05-01,-0.0397924126636833,0.0345864758484566,1.15051943534337,2.040865746416351,0.020427883088903,0.0657758802469281,-0.0128988069975441,0.0280783587987403,-0.0141174471686179,0.0286800775606717,3.0,0.0085354752945425,0.0351641988626949,1.1862388069421812,104.9499969482422,102.85099700927734,-0.0200000000000001,-40.000000000000256,0,0,SL,SL,4,HIGH,2023
AMZN,2023-05-01,2023-05-02,2023-05-03,-0.0322427121373287,0.0360677626493349,0.8939482177146708,1.150581240753198,-0.0118806413187321,0.0305999112201058,-0.0443418533901576,-0.0279100801246284,-0.0391676496429139,-0.0067159317340713,3.0,-0.0010101091176222,0.0336667081576869,0.8522145646472453,101.47000122070312,105.52880126953126,0.04,80.00000000000007,1,1,TP,TP,3,MEDIUM,2023
XOM,2023-05-01,2023-05-02,2023-05-02,-0.0310123135435521,0.0206742426583962,1.5000459294192032,1.1173285064913534,-0.0114655253671233,0.0312866218462386,0.1021084375685033,-0.0067562095452874,-0.0298647409946732,-0.0002614959494254,3.0,-0.0010101091176222,0.0336667081576869,0.8522145646472453,101.52619489475416,99.49567099685908,-0.02,-40.00000000000003,0,0,SL,SL,4,HIGH,2023
NVDA,2023-05-02,2023-05-03,2023-05-04,-0.024213131566823,0.0295234837636689,0.8201312474044579,1.005468497313562,0.0352445162745076,0.0972681040383123,0.526277264564972,0.0361419208668956,0.0750351501477966,0.0196261671913131,1.0,-0.0112389745726014,0.0217886348348492,1.3917402504178291,27.782995617159955,27.22733570481676,-0.02,-40.00000000000004,1,1,SL,SL,3,MEDIUM,2023
GE,2023-05-04,2023-05-05,2023-05-10,-0.0240739569385223,0.021726281675369,1.1080569283889374,1.134620606378299,0.0161340869100785,0.0675500192278635,0.3952080190428553,-0.0183831179009646,0.0128492257750454,-0.0044105915801359,1.0,-0.0070830057266556,0.0066584690919186,1.225218704906496,78.91460315352015,77.33631109044974,-0.02,-40.00000000000004,3,3,SL,SL,5,HIGH,2023
NKE,2023-05-04,2023-05-05,2023-05-10,-0.0242227702226314,0.0196086212684767,1.235312258367317,1.4438160817985586,-0.0118732335780024,0.0139009925827844,0.1054074589961791,-0.0332239031555801,-0.0161496407205908,-0.0062675293151318,3.0,-0.0070830057266556,0.0066584690919186,1.225218704906496,116.67900031554322,114.34542030923237,-0.02,-40.00000000000003,3,3,SL,SL,4,HIGH,2023
PEP,2023-05-22,2023-05-23,2023-05-25,-0.0271058696805208,0.0122619618559874,2.2105654868992373,1.416998348426843,-0.0293346763858207,0.0067045780352823,0.057046868341257,-0.0282202108103508,-0.0392751855450216,-0.0347038110342828,4.0,0.0004061107554487,0.0293859743164874,0.7602165986685377,166.79149777139114,163.45566781596332,-0.0199999999999999,-39.999999999999815,2,2,SL,SL,4,HIGH,2023
LLY,2023-05-23,2023-05-24,2023-06-01,-0.0248392962362454,0.0227252388661387,1.0930268492471944,1.2133825662524007,0.0004871837678428,0.1118781415488252,0.2192177551825742,-0.0335245883698581,-0.0307798245753267,-0.0094991870469975,2.0,-0.0112229957152095,0.0163245577227537,1.088827959737182,414.46558269782224,426.67474365234375,0.0294575990485148,58.91519809702972,5,5,TIME,TIME,5,HIGH,2023
MA,2023-05-23,2023-05-24,2023-05-31,-0.0280341770804105,0.0173989398621105,1.6112577721738233,1.5373945431959957,-0.0183655010491595,0.0127780659961813,0.0774429632599602,-0.0466047314631082,-0.0170681125712235,-0.0239986532910038,3.0,-0.0112229957152095,0.0163245577227537,1.088827959737182,362.3154152548863,355.0691069497886,-0.02,-40.00000000000004,4,4,SL,SL,4,HIGH,2023
ORCL,2023-05-23,2023-05-24,2023-05-25,-0.0317381728357114,0.0160775666478561,1.974065698551683,1.490487245862972,0.0125516714338402,0.050864342542396,0.1993009437941917,-0.0371309031891167,0.0029517313419944,0.0249637651239205,2.0,-0.0112229957152095,0.0163245577227537,1.088827959737182,94.2216414130998,97.9905070696238,0.04,80.00000000000007,1,1,TP,TP,5,HIGH,2023
AVGO,2023-06-01,2023-06-02,2023-06-02,-0.0222905372615005,0.03942927053894,0.5653296892593179,2.248998219830724,0.1566751002659518,0.2154256462081185,0.4111452750365612,-0.028029036593959,0.1624947224648405,0.2014999821908711,2.0,0.0095010401654525,0.0277133117527907,1.1024603294478734,75.85873408232838,78.89308344562151,0.04,80.00000000000007,0,0,TP,TP,2,LOW,2023
BA,2023-06-05,2023-06-06,2023-06-06,-0.0212826194873585,0.0233123145024942,0.9129346416925482,1.0931584618161334,0.0238102715318353,0.0158493469336484,0.1321683682756838,0.0149732711558068,0.0252909383342014,0.0160104783599426,1.0,-0.0019162840005554,0.0370532477522924,0.8253639388677771,208.3699951171875,204.2025952148437,-0.02,-40.00000000000004,0,0,SL,SL,3,MEDIUM,2023
ADBE,2023-06-07,2023-06-08,2023-06-09,-0.0336575269264445,0.0323743803839751,1.0396346285936808,1.2082443119108133,0.0866400229518498,0.1105494989402811,0.2041518596999334,-0.0413639525974315,0.0012685769608105,0.1293126509370672,3.0,-0.0034576509440906,0.0325916820176863,1.0434647312286889,424.1499938964844,441.1159936523438,0.04,80.00000000000007,1,1,TP,TP,5,HIGH,2023
CRM,2023-06-07,2023-06-08,2023-06-09,-0.0334508620225052,0.0315878563940272,1.058978539260114,1.203228258358745,-0.0201023281409699,0.022413326870659,0.2284324770923609,-0.0342674176882382,-0.0790132691297275,-0.0044036783807877,3.0,-0.0034576509440906,0.0325916820176863,1.0434647312286889,201.8872717862739,209.96276265772488,0.04,80.00000000000006,1,1,TP,TP,4,HIGH,2023
GOOGL,2023-06-07,2023-06-08,2023-06-15,-0.0377818458676794,0.0266180880924347,1.4194049451063924,1.3176879778873,0.0058999202896594,0.0948272646193786,0.213591678042391,-0.017405930670527,-0.0030113508086189,-0.0004894809021747,1.0,-0.0034576509440906,0.0325916820176863,1.0434647312286889,121.15568781042428,123.99054718017578,0.0233984835626313,46.7969671252626,5,5,TIME,TIME,5,HIGH,2023
META,2023-06-07,2023-06-08,2023-06-12,-0.0277368746880224,0.0263006733810139,1.0546070165657897,1.2102468267771898,0.0433591523746368,0.1305589636859787,0.5862733064059329,-0.0330508151101701,-0.0042309224715816,0.0683309472251596,3.0,-0.0034576509440906,0.0325916820176863,1.0434647312286889,258.3512750536968,268.68532605584466,0.04,80.00000000000007,2,2,TP,TP,5,HIGH,2023
MSFT,2023-06-07,2023-06-08,2023-06-13,-0.0308679436559898,0.0206435496704577,1.4952827468506504,1.4224580267264384,0.0058876925065143,0.0658545170828381,0.2402571137787976,-0.0358378738984994,-0.0152564675150297,0.0257563615540465,2.0,-0.0034576509440906,0.0325916820176863,1.0434647312286889,315.8576718437754,328.4919787175264,0.04,80.00000000000007,3,3,TP,TP,5,HIGH,2023
AMD,2023-06-13,2023-06-14,2023-06-14,-0.0360709309857232,0.052351124535533,0.6890192198496196,1.6697075639781205,0.0683584571804143,0.2278207262387761,0.5372802345747207,0.0287484150335057,0.0024148387205733,-0.0059072234661107,2.0,0.006592738576697,0.0509877997340322,1.1519680667206615,126.52999877929688,123.99939880371092,-0.02,-40.00000000000004,0,0,SL,SL,2,LOW,2023
CRM,2023-06-13,2023-06-14,2023-06-20,-0.0220412656368224,0.0364662111534043,0.6044298253004752,1.3737536710266898,-0.0126292638525312,0.0321844295634259,0.242621860048235,-0.0026250843351125,-0.0181820263587384,-0.0451865492060029,3.0,0.006592738576697,0.0509877997340322,1.1519680667206615,204.1677960939119,212.3345079376684,0.04,80.00000000000007,3,3,TP,TP,3,MEDIUM,2023
AMD,2023-06-15,2023-06-16,2023-06-16,-0.0242676817941546,0.0486213282584161,0.49911597776957,1.0683302009855709,0.0450962555883553,0.2108406231665964,0.526923929727025,-0.0383156938160271,0.0263527032762465,0.0399263128344207,2.0,0.0123975780548584,0.062208571762508,1.2745215738778255,125.81999969482422,123.30359970092772,-0.02,-40.00000000000004,0,0,SL,SL,3,MEDIUM,2023
AMD,2023-06-16,2023-06-20,2023-06-21,-0.0334835488107165,0.0496335692337681,0.6746149698203872,1.0187674887512028,0.0049671022448083,0.1640531812331402,0.4727977861817165,-0.0357343370421842,-0.0387447679221455,0.018835917268001,3.0,-0.0034061816277246,0.05689145040106,1.3063324383076484,119.08999633789062,116.7081964111328,-0.0200000000000001,-40.00000000000026,1,1,SL,SL,4,HIGH,2023
NFLX,2023-06-16,2023-06-20,2023-06-22,-0.0298920041540422,0.0315952043603,0.9460930783407786,1.1279334813415576,0.0814302023327429,0.2024775358931154,0.3870298176350342,-0.008652208935757,0.0284272243076926,0.0786325615129088,1.0,-0.0034061816277246,0.05689145040106,1.3063324383076484,43.01800155639648,42.15764152526855,-0.02,-40.00000000000004,2,2,SL,SL,3,MEDIUM,2023
BA,2023-06-20,2023-06-21,2023-06-22,-0.034637984388856,0.0287940866609816,1.2029547870949964,1.3833042986957955,0.0069748769033501,0.0253258206423758,0.1353454271329346,-0.0208851955130013,-0.0414786177228398,0.0171951161935086,3.0,-0.0051882206768076,0.0499180746701459,0.8854573977885423,211.8300018310547,207.5934017944336,-0.02,-40.00000000000004,1,1,SL,SL,5,HIGH,2023
GE,2023-06-20,2023-06-21,2023-06-28,-0.0213565384260702,0.0213146052194896,1.001967346152965,1.1191143536767965,-0.003300794607994,0.0271694757128926,0.3310231884917207,-0.006494637273547,-0.0208037268046149,-0.0007681109263149,2.0,-0.0051882206768076,0.0499180746701459,0.8854573977885423,81.31546746389957,83.99095153808594,0.0329025234390267,65.80504687805356,5,5,TIME,TIME,4,HIGH,2023
GS,2023-06-20,2023-06-21,2023-06-22,-0.0224350209721443,0.0212263751691029,1.0569407538221929,1.3338960358577332,0.00382054433038,0.004902895514095,-0.0150895253317269,-0.0227527186828336,-0.0258325687264343,0.0276872964169381,3.0,-0.0051882206768076,0.0499180746701459,0.8854573977885423,304.67106773821695,298.5776463834526,-0.02,-40.00000000000004,1,1,SL,SL,5,HIGH,2023
ORCL,2023-06-20,2023-06-21,2023-06-23,-0.0272595279952869,0.030107217348865,0.9054150597652142,1.0559745003539815,0.1114704413694311,0.2006352272830411,0.4306677396099645,-0.0018808194236266,0.0481835214462944,0.1413074203505477,2.0,-0.0051882206768076,0.0499180746701459,0.8854573977885423,117.30810831997292,114.96194615357346,-0.02,-40.00000000000004,2,2,SL,SL,2,LOW,2023
TSLA,2023-06-23,2023-06-26,2023-06-26,-0.0302708880672237,0.0458829745881278,0.6597411858963553,1.097972540292119,0.0956775226846158,0.3063723425635221,0.311969967871109,-0.065039188593843,0.0027354913002242,0.0925658070197836,2.0,-0.0075601426440913,0.0363110562004114,1.068396734209936,250.07000732421875,245.0686071777344,-0.02,-40.00000000000004,0,0,SL,SL,3,MEDIUM,2023
GOOGL,2023-06-26,2023-06-27,2023-07-05,-0.0326957128569997,0.0256826412379138,1.2730666037857885,1.0539186296101126,-0.0406044866118597,0.0178506356387011,0.1641673488387964,-0.0183326966483468,-0.0420141075333351,-0.0318253282610792,4.0,-0.0040855955446139,0.0311151209626192,0.8540037185203575,116.0509569547925,120.6929952329842,0.04,80.00000000000007,5,5,TP,TP,4,HIGH,2023
META,2023-06-26,2023-06-27,2023-07-05,-0.035534928770846,0.0304393025778798,1.1674028562227698,1.0133970549521596,0.0187789936006947,0.1192568584792044,0.6087506058619803,-0.0112553615698414,-0.0090035202919656,0.0510285251369229,2.0,-0.0040855955446139,0.0311151209626192,0.8540037185203575,279.55504367467665,290.7372454216637,0.04,80.00000000000007,5,5,TP,TP,5,HIGH,2023
NVDA,2023-06-26,2023-06-27,2023-06-30,-0.0373618520439907,0.0366616176259289,1.0190999323926893,1.0574228944310056,0.0031295652467868,0.212774369660099,0.8557886067446301,-0.0560576548776918,-0.0482526329510816,0.0480268221386945,4.0,-0.0040855955446139,0.0311151209626192,0.8540037185203575,40.71967665079335,42.34846371682509,0.04,80.00000000000007,3,3,TP,TP,4,HIGH,2023
UPS,2023-07-05,2023-07-06,2023-07-12,-0.0206779966170295,0.019872342532166,1.040541475347427,1.1481601021391337,0.0308742039703704,0.0395556341081961,0.028078927177634,0.0222666183779733,0.0303431437700081,0.0152311278564229,1.0,-0.001487239335182,0.0504566527765184,0.732352953897169,149.13555357596312,155.10097571900164,0.04,80.00000000000007,4,4,TP,TP,4,HIGH,2023
HD,2023-07-06,2023-07-07,2023-07-11,-0.0282500893651546,0.0164322413397177,1.7191866149672712,1.116766297402662,-0.0059787762281782,0.0227886233455174,0.0159353360554317,-0.0277494816058865,-0.014648953135919,0.0043894757705535,2.0,-0.0078305733341892,0.0408217901193335,1.0007245666557898,279.8842130669232,291.0795815896001,0.04,80.00000000000007,2,2,TP,TP,4,HIGH,2023
COST,2023-07-07,2023-07-10,2023-07-14,-0.022926745861141,0.0126001602110857,1.8195598688475332,1.691336881894623,-0.0046031780622218,0.0275962341338205,0.0629255564986626,-0.0295543461872556,-0.0124886674867225,0.0016214661826949,2.0,-0.0025247358112757,0.0365267323770861,1.0681596610627913,503.646148436225,523.791994373674,0.04,80.00000000000007,4,4,TP,TP,4,HIGH,2023
LLY,2023-07-07,2023-07-10,2023-07-11,-0.0240279315116401,0.0215764493266605,1.113618424786439,1.066811606933708,-0.0070068499393016,0.0319779753067588,0.2281503102651667,-0.0202418650194109,-0.0267175672568452,-0.0122355929055197,3.0,-0.0025247358112757,0.0365267323770861,1.0681596610627913,442.7743645805671,433.9188772889557,-0.02,-40.00000000000004,1,1,SL,SL,4,HIGH,2023
WMT,2023-07-07,2023-07-10,2023-07-17,-0.0230413366387798,0.0130906993571312,1.7601303039801262,1.1093094583962673,-0.0122464631397144,0.0089822282309879,0.0652041371642986,-0.0297725526933066,-0.0051205649753017,-0.014510592535457,3.0,-0.0025247358112757,0.0365267323770861,1.0681596610627913,49.74574645926975,49.83907699584961,0.0018761510927627,3.752302185525469,5,5,TIME,TIME,4,HIGH,2023
AMZN,2023-07-10,2023-07-11,2023-07-13,-0.0204191828540967,0.0238675716569705,0.8555199141146491,1.1413317144152526,-0.0050284859043214,0.0633510407362381,0.2186307504758957,-0.0249271936468762,-0.0247775647576754,-0.0170107828538548,3.0,0.0025311262363274,0.0373459588779461,0.7741331533570502,127.75,132.86,0.04,80.00000000000007,2,2,TP,TP,3,MEDIUM,2023
PLD,2023-07-18,2023-07-19,2023-07-19,-0.0310987746071259,0.0255357093542709,1.2178543456802229,1.9162742474615733,0.0116378629163937,0.0089337249260148,0.054763392245597,-0.0232375846503367,0.006330094531374,0.0012109482903253,1.0,0.0074306475355854,0.0599421756295199,1.1032306835444077,113.97612533020634,111.69660282360222,-0.02,-40.00000000000003,0,0,SL,SL,5,HIGH,2023
AMZN,2023-07-20,2023-07-21,2023-07-21,-0.0398935717504083,0.0234082856535336,1.704250039531879,1.1262122615836132,-0.0039203421540914,0.0484061459016043,0.2377337989670065,-0.0269541098422618,-0.0323156830921145,0.0124649898403521,3.0,-0.006634355475664,0.0510784176864882,0.9765461994171704,131.33999633789062,128.7131964111328,-0.0200000000000001,-40.000000000000256,0,0,SL,SL,4,HIGH,2023
MSFT,2023-07-20,2023-07-21,2023-07-21,-0.0231217169347944,0.0253717604230151,0.9113170134548624,1.265716821978501,0.020124706324536,0.0476806373192788,0.2693790425381452,0.0032971442011053,0.0122859236624599,0.0164091614187664,2.0,-0.006634355475664,0.0510784176864882,0.9765461994171704,340.43870595783125,333.6299318386746,-0.02,-40.00000000000003,0,0,SL,SL,3,MEDIUM,2023
NVDA,2023-07-20,2023-07-21,2023-07-21,-0.0330733475809,0.0325743866614496,1.0153175844763014,1.2077772533281717,0.0490848706132778,0.1683516713147816,0.8582998348692372,-0.0202534742494339,-0.0099396799111491,0.0811581659410132,3.0,-0.006634355475664,0.0510784176864882,0.9765461994171704,45.6989714185516,44.78499199018056,-0.0200000000000001,-40.00000000000026,0,0,SL,SL,5,HIGH,2023
ORCL,2023-07-20,2023-07-21,2023-07-28,-0.0236750360168059,0.0209006844266009,1.1327397483057575,1.395146321278007,-0.010303211251102,0.0462203707121575,0.2854726477139251,-0.0253176262113677,-0.0133674678874856,0.0072470488662275,3.0,-0.006634355475664,0.0510784176864882,0.9765461994171704,112.44918905021352,111.96653747558594,-0.0042921747920481,-8.584349584096262,5,5,TIME,TIME,4,HIGH,2023
META,2023-07-21,2023-07-24,2023-07-24,-0.0273040279516524,0.030519680924143,0.8946367434022927,1.5120538420674074,-0.0076267616622158,0.070638256139611,0.5761329179290418,-0.0570101762556403,-0.0473014558932683,0.012838642086387,2.0,0.0,0.048992612269074,0.9855732783638584,293.20524684663945,287.34114190970666,-0.02,-40.00000000000004,0,0,SL,SL,3,MEDIUM,2023
NFLX,2023-07-21,2023-07-24,2023-07-26,-0.0226784455828322,0.0360768572330076,0.628614777511251,2.0554887120004266,-0.0290170656030529,0.0438652906221352,0.2754386606286143,-0.0996208843268565,-0.0326084911043346,-0.0241954197686296,2.0,0.0,0.048992612269074,0.9855732783638584,42.5,41.65,-0.02,-40.00000000000004,2,2,SL,SL,3,MEDIUM,2023
NVDA,2023-07-21,2023-07-24,2023-07-27,-0.0266037616395655,0.0335259259090903,0.7935280210218485,2.039134962577983,0.0196665689051336,0.1281532034158869,0.7971951745284744,-0.0670611601746651,-0.0255118230965071,0.0424911616132095,3.0,0.0,0.048992612269074,0.9855732783638584,44.64402903720118,46.429790198689226,0.04,80.00000000000007,3,3,TP,TP,4,HIGH,2023
GE,2023-07-26,2023-07-27,2023-08-01,-0.0208261800902146,0.0194377237532198,1.0714310150006532,1.48277984169455,0.0396246235580322,0.0762087499772705,0.3477437321016063,0.03978973385323,0.0439530191135066,0.0316546572739939,3.0,0.0001537110721492,0.0502292929713432,1.0231283814596832,90.73490233928028,88.92020429249467,-0.02,-40.00000000000004,3,3,SL,SL,4,HIGH,2023
MSFT,2023-07-26,2023-07-27,2023-07-27,-0.0376375316279717,0.0288784633752791,1.303307975180933,1.8323068451844344,-0.0124073877407159,0.011522176670726,0.227110151644416,-0.0174534729135305,-0.0487495683105857,0.0016903216716206,3.0,0.0001537110721492,0.0502292929713432,1.0231283814596832,331.98500245672983,325.3453024075952,-0.02,-40.00000000000004,0,0,SL,SL,4,HIGH,2023
JNJ,2023-07-31,2023-08-01,2023-08-07,-0.0398325383062916,0.0195700634919353,2.0353811484927604,2.247206964616918,0.018654848287738,0.0356249743392118,0.0240451541304587,-0.0300485326770185,-0.0207504704565054,0.0531840668761316,1.0,0.0019039336754724,0.0490381812860327,0.9026037345643426,151.6730839043173,157.74000726049002,0.04,80.00000000000009,4,4,TP,TP,5,HIGH,2023
AVGO,2023-08-02,2023-08-03,2023-08-09,-0.0301084864640169,0.0223083288407058,1.3496522612253363,1.0494154946625331,0.0003029096622639,0.0557403668776996,0.4003441772644558,-0.0083240923021881,-0.0008843180866916,-0.0100620689939606,2.0,-0.0139109407780017,0.028099038587289,1.3112673897524108,85.52083150259769,83.81041487254573,-0.02,-40.00000000000004,4,4,SL,SL,5,HIGH,2023
BLK,2023-08-02,2023-08-03,2023-08-08,-0.0202386903642455,0.0183908027911628,1.1004788966564647,1.071923915197147,-0.0160490699504685,0.0258001513836885,0.0493404894090112,-0.0283068431150024,-0.0346091531595329,-0.0399573577708576,3.0,-0.0139109407780017,0.028099038587289,1.3112673897524108,663.1491483538301,649.8861653867535,-0.02,-40.00000000000004,3,3,SL,SL,4,HIGH,2023
CAT,2023-08-03,2023-08-04,2023-08-04,-0.0212817887753905,0.023615176095309,0.90119119542022,1.413512325583128,0.0771185340639655,0.1574759286839888,0.2167410444323978,0.0613945093882504,0.0896248501247156,0.07798097719857,2.0,-0.0028657297719991,0.0236751248328395,0.9076433773103912,271.51230362809804,266.0820575555361,-0.0199999999999999,-39.999999999999815,0,0,SL,SL,3,MEDIUM,2023
DIS,2023-08-11,2023-08-14,2023-08-15,-0.0298604814057819,0.0233013529190924,1.2814913155242218,1.1068019145611852,0.0227716870136331,0.0006160043039369,-0.0692504770744637,0.0100987625837203,0.0315179004211456,0.0335539603364742,2.0,-0.000583088142212,0.0074411718520785,0.9544007628992646,86.28142474329867,84.5557962484327,-0.02,-40.00000000000004,1,1,SL,SL,4,HIGH,2023
JPM,2023-08-15,2023-08-16,2023-08-18,-0.0254572917233839,0.0170863991441744,1.489915546779416,1.2044880490200665,-0.0312190314261155,0.0190424871417986,0.1012445480489716,-0.0177781207481784,-0.032396884923357,-0.0403994628669832,3.0,-0.011648901975693,-0.0008040341868251,1.0590812254412274,140.9815196692057,138.16188927582158,-0.0200000000000001,-40.000000000000256,2,2,SL,SL,4,HIGH,2023
COST,2023-08-17,2023-08-18,2023-08-24,-0.0213576950393357,0.0142619715736679,1.497527528295507,1.2337474626505336,-0.0213873844961783,0.007957064277422,0.0830924892382429,-0.025575617996972,-0.0256104020436374,-0.0189708671666204,3.0,-0.0076199451827385,-0.016757447749201,1.3030652181341846,524.6145615675315,514.1222703361808,-0.0200000000000001,-40.000000000000256,4,4,SL,SL,4,HIGH,2023
JNJ,2023-08-21,2023-08-22,2023-08-23,-0.0297990432479113,0.0193136761804261,1.5428985641848858,3.596705148591571,-0.0262649795293212,0.0063756199439792,0.0198957042449099,-0.0292361232203891,-0.0351130045702481,-0.0332180574515192,4.0,0.0065063033964274,-0.0109237058027855,0.9094086388990384,152.11981135002787,149.07741512302732,-0.02,-40.00000000000004,1,1,SL,SL,4,HIGH,2023
NVDA,2023-08-22,2023-08-23,2023-08-24,-0.0276576397249453,0.0419768962448016,0.6588776731764788,1.5861138883586394,0.0249378286522636,0.0430104119994465,0.6204774973766549,0.0536175568182719,0.0393265258724397,0.0224787916995881,4.0,-0.0027086307963974,-0.0140396251998466,0.8545724494915761,45.77682532419549,47.60789833716331,0.04,80.00000000000007,1,1,TP,TP,3,MEDIUM,2023
ADBE,2023-08-24,2023-08-25,2023-08-29,-0.0344444772852186,0.0252578073098406,1.3637160527310987,1.2808551190571809,-0.0194416372864388,0.0070216104446629,0.2927564941608478,-0.0154475348817573,0.0014852917468344,-0.0065913659566467,3.0,-0.0138592140718145,-0.0174357981303963,1.168696566512442,514.9199829101562,535.5167822265626,0.04,80.00000000000007,2,2,TP,TP,4,HIGH,2023
NVDA,2023-08-25,2023-08-28,2023-08-28,-0.0242774034321442,0.0484546579382657,0.5010334292953875,1.647563457226586,0.0302552940746909,0.0430020635502668,0.6048672560331343,0.0076640088862731,0.0627960287427209,0.1263738684819042,2.0,0.0070497262004673,-0.0107051321040039,1.331389781559258,46.3916241394205,45.46379165663209,-0.02,-40.00000000000004,0,0,SL,SL,3,MEDIUM,2023
BA,2023-08-31,2023-09-01,2023-09-05,-0.0210618623363222,0.0247192656601301,0.8520423958343178,1.5469234713569562,-0.0266717095514233,0.0070121759306731,0.0820329484012178,-0.0133444852104122,0.0309235713782161,-0.0022712858380914,1.0,-0.0014632904368835,0.0107832858872518,0.8574667759618501,226.0,221.48,-0.02,-40.00000000000004,1,1,SL,SL,3,MEDIUM,2023
CVX,2023-09-11,2023-09-12,2023-09-19,-0.020632685051615,0.0151092448724802,1.3655669244725226,1.0703528375173248,0.0139553740078031,0.0315948483997734,0.0123059609583882,-0.0172236307437276,-0.0032865007416341,0.0291605279819657,1.0,0.0065767895406727,0.0032026184335518,0.83114693805452,145.80924070378666,147.48516845703125,0.0114939749027926,22.987949805585384,5,5,TIME,TIME,5,HIGH,2023
ADBE,2023-09-12,2023-09-13,2023-09-14,-0.0394862321122121,0.0265079030414786,1.4896022537288371,1.7052114564657317,0.0083979279970141,0.0329608292842564,0.3228274090137439,-0.0325625366386799,-0.0401323869037624,0.0231922544135945,4.0,-0.0054855703484364,-0.0024214742692005,0.9206225450835314,557.02001953125,545.879619140625,-0.02,-40.00000000000004,1,1,SL,SL,5,HIGH,2023
TSLA,2023-09-12,2023-09-13,2023-09-18,-0.0222968633867017,0.0462918453137836,0.4816585563950884,1.1206409609569226,0.0987783638563806,0.0417316217320389,0.3311294397062096,0.0635810773545777,0.0428477569121146,0.1200067112601708,4.0,-0.0054855703484364,-0.0024214742692005,0.9206225450835314,270.07000732421875,264.6686071777344,-0.02,-40.00000000000004,3,3,SL,SL,3,MEDIUM,2023
CAT,2023-09-13,2023-09-14,2023-09-21,-0.0209005779573778,0.0203319849782183,1.0279654435987744,1.1037704649085571,-0.0063863975805062,0.0204649811921016,0.1469544239088063,-0.0225306415913736,-0.0246728828949456,-0.0146770684602109,4.0,0.0011658959489537,-0.0013799130468046,0.8290135532898036,267.4856361310156,262.1359234083953,-0.02,-40.00000000000004,5,5,SL,SL,4,HIGH,2023
V,2023-09-14,2023-09-15,2023-09-21,-0.0255417520310288,0.0130079808414585,1.963544714766422,2.6261222569332365,-0.010018652182805,0.0014322175724721,0.0633212954350719,-0.0231371874727094,-0.0228210766797626,-0.0192096280498165,2.0,0.0086224779216608,0.0069050344910359,1.146314681040964,236.4457328273412,231.71681817079437,-0.02,-40.00000000000003,4,4,SL,SL,4,HIGH,2023
AMZN,2023-09-15,2023-09-18,2023-09-19,-0.0299198576183763,0.0225748578202043,1.32536195163091,2.147937347261591,0.0228705012796972,0.0406860006139577,0.2625033973752828,-0.0059477190632445,0.0156261573382878,0.0172451632312369,3.0,-0.0120483164965166,-0.0054610137616373,1.5199207377660464,140.47999572753906,137.6703958129883,-0.0199999999999999,-39.999999999999815,1,1,SL,SL,5,HIGH,2023
LLY,2023-09-15,2023-09-18,2023-09-18,-0.0269603253656603,0.0194882182950205,1.3834166344775105,2.145437802995423,0.0178664996899482,0.1288673282553409,0.405296938096261,-0.0394458382560318,-0.0184155776244873,0.0387224800303185,3.0,-0.0120483164965166,-0.0054610137616373,1.5199207377660464,566.2138008165086,554.8895248001785,-0.0199999999999999,-39.999999999999815,0,0,SL,SL,5,HIGH,2023
GOOGL,2023-09-20,2023-09-21,2023-09-26,-0.0311501799639235,0.0178544767447858,1.7446705612932931,1.190345503475081,-0.0099383387326946,0.0254751825498893,0.207158552543176,-0.0266372752226765,-0.0217249105108042,-0.0053547304259421,3.0,-0.0091933348981522,-0.0164660871451964,1.143497015658186,130.284744080372,127.67904919876456,-0.02,-40.00000000000004,3,3,SL,SL,4,HIGH,2023
LLY,2023-09-21,2023-09-22,2023-09-29,-0.0342498341841421,0.0225804178587341,1.516793639445175,1.4237376320725037,-0.0326210123509933,0.0586819800667379,0.3300244145636508,-0.0370220630577494,-0.0701136332281091,-0.0402979688683726,4.0,-0.0165285045496529,-0.0321554937846486,1.406992996784871,537.6189560406341,526.8665769198213,-0.0200000000000001,-40.000000000000256,5,5,SL,SL,4,HIGH,2023
COP,2023-09-29,2023-10-02,2023-10-02,-0.0237939233756691,0.0231595258952263,1.0273925072263024,1.07976785265742,-0.0139385386587848,0.0167895926183301,0.1115142197144889,0.0021751077861955,0.0104171360629872,-0.0256428629438073,3.0,-0.0024269434552449,-0.0352507531366025,1.4488688855805505,110.06012425214696,107.85892176710402,-0.02,-40.00000000000004,0,0,SL,SL,3,MEDIUM,2023
CVX,2023-10-04,2023-10-05,2023-10-09,-0.0233032583172961,0.0164771075694851,1.4142808875298412,1.269435343148941,-0.0237711257782728,0.001259050372685,0.0104572844416213,-0.0330922913128645,-0.0467726508820718,-0.0218971186292225,4.0,0.0072819870065596,-0.0379904043797045,1.041649668726271,142.3867194040865,148.08218818024997,0.04,80.00000000000007,2,2,TP,TP,4,HIGH,2023
COST,2023-10-06,2023-10-09,2023-10-16,-0.0210527607019891,0.0198067284286698,1.0629095449966248,2.214262064722337,-0.0085649102643244,0.0051923610864432,0.0849497529414318,-0.0132909077543764,-0.0131513687253079,-0.0018976093646624,3.0,0.0118728518899873,-0.0246919990783593,1.30911996174111,533.3709016348691,549.9390869140625,0.0310631592919845,62.12631858396911,5,5,TIME,TIME,4,HIGH,2023
AVGO,2023-10-13,2023-10-16,2023-10-17,-0.0247571450524235,0.0272028280839553,0.910094530466326,1.3964201689790725,0.05091592656206,0.0386193363765761,0.2185119130824668,0.0288558116687926,0.0448620070840626,0.0633294541532343,1.0,-0.0049808026408997,-0.016047213633391,1.090445270319096,86.40847750036099,84.68030795035376,-0.02,-40.00000000000004,1,1,SL,SL,3,MEDIUM,2023
META,2023-10-13,2023-10-16,2023-10-19,-0.0292140952242385,0.028926422130484,1.0099449939732204,1.0272593652999478,0.0243430839987059,0.0413770371729773,0.3020803923091546,-0.0222160407903083,-0.002346175862175,0.0482328829409928,2.0,-0.0049808026408997,-0.016047213633391,1.090445270319096,315.8661797826119,309.54885618695965,-0.02,-40.00000000000004,3,3,SL,SL,5,HIGH,2023
NVDA,2023-10-13,2023-10-16,2023-10-17,-0.0316116786550342,0.0294145497929898,1.0746953081895547,1.120185404783827,0.0348342481863137,0.0124823519179058,0.3533665530165542,-0.0073585648044802,-0.0065776424463385,0.0451043282555048,2.0,-0.0049808026408997,-0.016047213633391,1.090445270319096,44.97909066386404,44.07950885058676,-0.02,-40.00000000000003,1,1,SL,SL,5,HIGH,2023
AVGO,2023-10-17,2023-10-18,2023-10-20,-0.0201313706356071,0.0293621201612782,0.6856238761040038,1.5353093712571368,0.0463306102271825,0.0396163780492262,0.2142990039210426,-0.0234100815804293,0.0302769285473394,0.0853796525268815,2.0,-4.589630894502594e-05,-0.0047278190555245,0.8494357446240343,85.33973865903481,83.6329438858541,-0.0200000000000001,-40.000000000000256,2,2,SL,SL,4,HIGH,2023
AVGO,2023-10-19,2023-10-20,2023-10-20,-0.0216454059540164,0.0298355105880758,0.7254913868531985,1.299569901922016,0.0197334430457134,0.0194104717129162,0.186157137253508,-0.0384901737860479,-0.0417074548544365,0.0533705311701371,3.0,-0.008786305077294,-0.02507309305796,1.3467258122058827,84.84997147922172,83.15297204963728,-0.02,-40.00000000000004,0,0,SL,SL,4,HIGH,2023
LLY,2023-10-19,2023-10-20,2023-10-23,-0.0270731686295626,0.031082506338417,0.8710098321801374,1.1259739108715443,0.0378695470573853,0.0483401701771788,0.3602067777785951,-0.0419046508563792,-0.032268517105788,0.0910836452374859,4.0,-0.008786305077294,-0.02507309305796,1.3467258122058827,577.969071512731,566.4096900824765,-0.0199999999999999,-39.999999999999815,1,1,SL,SL,4,HIGH,2023
ADBE,2023-10-20,2023-10-23,2023-10-25,-0.0265951137608173,0.0287029564007376,0.9265635702994662,1.0605692612893385,0.0196711638386266,0.0143120847617912,0.2370360818059824,-0.0341552321333317,-0.0142138414865545,0.0271132936421711,3.0,-0.0122881256189253,-0.0360326070571368,1.3581470090108831,535.8099975585938,525.0937976074218,-0.0200000000000001,-40.000000000000256,2,2,SL,SL,4,HIGH,2023
COP,2023-10-23,2023-10-24,2023-10-25,-0.021924932671464,0.0254185337075175,0.8625569406853586,1.172257706601731,0.0031041384550694,0.0127540878787983,0.1172193354465884,-0.0414725971633649,-0.0316814989735982,-0.0039403063667055,3.0,-0.0017332296708054,-0.036661693064982,0.9971308750863488,111.2775340204991,109.05198334008912,-0.02,-40.00000000000004,1,1,SL,SL,4,HIGH,2023
MSFT,2023-10-26,2023-10-27,2023-11-01,-0.0375142950760396,0.0229366839737079,1.6355587895374029,1.5372827176237374,0.0016114455759406,0.0052641722010589,0.0792282913016297,-0.0043421992535039,-0.0103523386698498,-0.0098741802875157,2.0,-0.0119743141451442,-0.0516455201936295,1.2511535002985914,322.8679216685348,335.7826385352762,0.04,80.00000000000006,3,3,TP,TP,5,HIGH,2023
NKE,2023-10-26,2023-10-27,2023-11-02,-0.0339963771347574,0.0185962892332955,1.828126929424658,1.1065633981965814,0.0039850551257214,0.018346153205327,-0.1069688778364017,-0.0271373461713683,-0.0294030798773839,0.0077581205062355,3.0,-0.0119743141451442,-0.0516455201936295,1.2511535002985914,93.06544099761052,96.78805863751496,0.04,80.00000000000007,4,4,TP,TP,5,HIGH,2023
NKE,2023-11-09,2023-11-10,2023-11-13,-0.0218484689164697,0.0243124088659167,0.8986550463577795,1.1065392453842826,0.0315390294936992,0.0808167910592936,-0.035530073810327,-0.0023310846445938,0.0182716175855162,0.06978598357668,1.0,-0.0077987571396322,0.0028877940980194,0.919835953387122,100.11669965772714,98.1143656645726,-0.0200000000000001,-40.000000000000256,1,1,SL,SL,4,HIGH,2023
DIS,2023-11-10,2023-11-13,2023-11-15,-0.0229134438498201,0.024866891856787,0.9214438210365348,1.75167900809368,0.0563223782605744,0.066029269123031,-0.0363416735819922,0.0435039718918708,0.0376160574752459,0.1126937851567346,3.0,0.0156048617401711,0.018921983402435,0.992491210938746,85.72877668050917,89.15792774772954,0.04,80.00000000000007,2,2,TP,TP,3,MEDIUM,2023
LLY,2023-11-15,2023-11-16,2023-11-24,-0.0364757941048812,0.0389613325457944,0.9362049940670852,1.1243572712764354,0.0079895364248765,0.0208283451778958,0.291034623152052,-0.0135229233398017,-0.0476519981269965,0.0634263438345141,3.0,0.0021172270445681,0.0400561601307409,0.8663168727645407,580.5090817202429,589.9307250976562,0.016229967237539,32.459934475078,5,5,TIME,TIME,4,HIGH,2023
COST,2023-11-16,2023-11-17,2023-11-27,-0.0304970031898769,0.0177428120955138,1.7188370719198425,1.6203943634165,0.0274149645095591,0.0282563281369272,0.099936604241327,0.0006052913050742,0.0271806890572028,0.0406678929561481,1.0,0.0012230218150366,0.0409938120515032,0.770459549654375,557.3607295464645,572.765380859375,0.0276385660063376,55.27713201267525,5,5,TIME,TIME,4,HIGH,2023
NVDA,2023-11-22,2023-11-24,2023-11-28,-0.0245876594077153,0.0281397770074738,0.8737688078048703,1.9968584701970948,0.0565409949656214,0.0901320686645787,0.3010075241809824,-0.011805928966273,-0.0035184167898376,0.0459912557974653,3.0,0.0038609732087095,0.0504588216959409,0.7408097558803549,48.37974638442562,47.41215145673711,-0.0200000000000001,-40.000000000000256,2,2,SL,SL,4,HIGH,2023
AVGO,2023-11-27,2023-11-28,2023-11-30,-0.0292480357776026,0.025687516968976,1.1386089131513484,3.74270224785241,0.0240312765072971,0.0793238665774991,0.2256935799911157,-0.0315531293161733,-0.028116119273289,-0.0076030476602361,3.0,-0.0018008996456021,0.0483586033374237,0.6912797818936051,91.15771658903628,89.33456225725554,-0.02,-40.00000000000004,2,2,SL,SL,5,HIGH,2023
DIS,2023-11-28,2023-11-29,2023-12-05,-0.0280551823356994,0.0243474879976892,1.152282417732873,1.2259217176818626,0.0311461019286263,0.0854793553068897,0.0198163206053294,-0.0270327761537017,-0.0266231789144959,0.0342127278903443,3.0,0.0009901426080394,0.0488498425269223,0.8646393010613077,89.78154040057892,87.98590959256734,-0.02,-40.00000000000004,4,4,SL,SL,5,HIGH,2023
META,2023-11-29,2023-11-30,2023-11-30,-0.0200301017306996,0.0208286842478981,0.9616594832542504,1.0468934712640825,0.0111031831944925,0.050844753530018,0.2330196911041127,-0.0178282863863226,-0.0141847697193759,-0.0122209494196136,3.0,-0.0007034326932591,0.0475372493419476,0.8892143993701457,329.0009134317583,322.42089516312313,-0.02,-40.00000000000004,0,0,SL,SL,4,HIGH,2023
NVDA,2023-11-30,2023-12-01,2023-12-04,-0.0284586182690947,0.0279300108483466,1.0189261444837363,1.208787157496389,-0.0213801359067061,0.0375115724716081,0.2280125375930073,-0.0305127181746176,-0.0399456303867331,-0.0433235017999374,3.0,0.0039375660843696,0.0508019433878677,1.137739982788253,46.43837031596677,45.50960290964744,-0.02,-40.00000000000004,1,1,SL,SL,4,HIGH,2023
CRM,2023-12-04,2023-12-05,2023-12-12,-0.0359230968454981,0.0246663163183853,1.4563624491721263,1.7715817162449758,0.1157280499621866,0.1815014606503668,0.2146764550287976,0.0881701519506501,0.1150852851373052,0.1330801544642774,1.0,-0.0052494831476465,0.0488624445815082,1.058577576162234,245.73858586432567,252.0887451171875,0.0258411157959856,51.68223159197139,5,5,TIME,TIME,3,MEDIUM,2023
NFLX,2023-12-04,2023-12-05,2023-12-11,-0.0254219497841567,0.0184496257531364,1.377911407218382,1.5104467908460075,-0.0145901162884709,0.0892263191195703,0.1641643445357752,-0.0488066031136958,-0.0527370335559933,-0.0257775154825979,5.0,-0.0052494831476465,0.0488624445815082,1.058577576162234,45.06999969482422,46.87279968261719,0.04,80.00000000000007,4,4,TP,TP,4,HIGH,2023
NVDA,2023-12-04,2023-12-05,2023-12-06,-0.0268364625786294,0.0290627037800779,0.923398689320346,1.008151631380411,-0.0514798920637888,0.0052574445078243,0.187520056847273,-0.0546324842725304,-0.0566312455823991,-0.0768390103132681,4.0,-0.0052494831476465,0.0488624445815082,1.058577576162234,45.385325095795785,47.20073809962762,0.04,80.00000000000007,1,1,TP,TP,3,MEDIUM,2023
GS,2023-12-05,2023-12-06,2023-12-13,-0.0218667611670225,0.0152316542886033,1.4356130169907946,1.2537378126023948,0.0228826047906294,0.0746456127211041,0.0552539245097869,0.0006146565115214,0.0204537197014498,0.0150425097480748,1.0,-0.0001970564017446,0.0474832151159345,1.0185717666328158,323.93598931227024,336.8934288847611,0.04,80.00000000000006,5,5,TP,TP,4,HIGH,2023
ORCL,2023-12-06,2023-12-07,2023-12-12,-0.0218282798439518,0.0167939655221572,1.2997692424194027,1.2429222197572742,-0.0266893531778732,0.0206523603481589,0.055611170333673,-0.0437863179879927,-0.0359692754448521,-0.0348897380808789,3.0,-0.0040297715437334,0.0418815301886408,1.0052399952737154,108.907802312616,106.72964626636367,-0.02,-40.00000000000004,3,3,SL,SL,4,HIGH,2023
AMT,2023-12-08,2023-12-11,2023-12-14,-0.0202640739814266,0.0182852854613937,1.1082175350344272,1.0497036428618998,0.0254408969871933,0.1361897149657425,0.1092013889122125,-0.0188206572215773,-0.0191003423789195,0.0357712553903488,3.0,0.004299109572013,0.0512687075393598,1.2052295707623495,187.2152239607968,194.7038329192287,0.04,80.00000000000006,3,3,TP,TP,5,HIGH,2023
META,2023-12-11,2023-12-12,2023-12-13,-0.0224493636384831,0.024146256931217,0.9297243751871068,1.6484450216992288,-0.0176297112373641,0.0163411904521604,0.1809312001703564,0.0246653081383976,0.0164364466822444,-0.0281447405430732,3.0,0.0038895309022428,0.0536963131217234,0.9586660068318128,321.77432544730783,334.64529846520014,0.04,80.00000000000007,1,1,TP,TP,2,LOW,2023
MSFT,2023-12-14,2023-12-15,2023-12-22,-0.0225443674757125,0.0183758533333304,1.2268473777389797,1.5365598456818506,-0.0224935630844781,0.0328828948630335,0.1328631960383122,-0.0144626073373356,-0.0135328188312857,-0.0342559738150362,3.0,0.0032093653866887,0.0700554084114002,1.688326545213615,359.1819921925265,366.7503662109375,0.0210711399316319,42.1422798632638,5,5,TIME,TIME,4,HIGH,2023
NFLX,2023-12-14,2023-12-15,2023-12-18,-0.021146701246218,0.0216020312852465,0.9789218878069396,1.394733509547636,0.0050753632784943,0.0933068154500125,0.1888525696759906,0.0216139365978362,0.0394469229192324,-0.0087346805862031,1.0,0.0032093653866887,0.0700554084114002,1.688326545213615,46.72999954223633,48.59919952392578,0.04,80.00000000000007,1,1,TP,TP,3,MEDIUM,2023
PEP,2023-12-14,2023-12-15,2023-12-22,-0.0218592914826195,0.0134901300468908,1.620391457060679,1.4412442886092045,0.0040159174025562,0.0243475813839069,-0.0428950656324871,0.0025620359226268,0.0047173169362566,-0.0002379171238815,2.0,0.0032093653866887,0.0700554084114002,1.688326545213615,153.02780133337035,153.23797607421875,0.0013734415512547,2.746883102509478,5,5,TIME,TIME,4,HIGH,2023
NEE,2023-12-15,2023-12-18,2023-12-20,-0.0203886450596073,0.0250406445618834,0.8142220544371568,2.366711514477545,0.0416966307642607,0.0879851327587313,-0.0876975874592286,0.033266158106858,0.0301508773753227,0.0393781514073736,2.0,-0.0016464619525513,0.066034797451506,1.9066065996900208,56.80682517496295,55.67068867146369,-0.02,-40.00000000000004,2,2,SL,SL,3,MEDIUM,2023
BLK,2023-12-18,2023-12-19,2023-12-27,-0.0275456887398591,0.0183828002061583,1.4984490083633313,1.12260712426108,0.0603041840206353,0.1655864739897921,0.1859682014136121,0.0297505821933428,0.0585186491172118,0.059919056971492,1.0,0.0056251547359655,0.0698848939403657,0.956109561605086,758.1543638159068,769.6818237304688,0.0152046343920551,30.40926878411021,5,5,TIME,TIME,4,HIGH,2023
COST,2023-12-20,2023-12-21,2023-12-29,-0.02469961470165,0.0184741875451262,1.3369797530374328,1.4796430268785974,0.0674443758860532,0.1254705804576885,0.2248847119720187,0.0033088326211041,0.0295948657679219,0.0881912033596887,3.0,-0.013857263544828,0.0576497264233986,1.3617312129854866,641.0850994199135,649.9719848632812,0.0138622554968272,27.724510993654583,5,5,TIME,TIME,4,HIGH,2023
DIS,2023-12-20,2023-12-21,2023-12-27,-0.0283190117780308,0.0175102174180957,1.617284988635547,1.1261234850627355,-0.0155727199321434,0.0316949908878045,0.0184204963224379,-0.0234324109257538,-0.0168050002006671,0.0007371824888715,3.0,-0.013857263544828,0.0576497264233986,1.3617312129854866,89.42243772847655,87.63398897390702,-0.02,-40.00000000000004,3,3,SL,SL,4,HIGH,2023
GE,2023-12-20,2023-12-21,2023-12-28,-0.0204067943698822,0.0158871698395629,1.284482672241866,1.108938463384708,0.0176941849760232,0.0670352708022001,0.1442307238258535,0.0011360552643846,0.0180719623729213,0.0297135155702641,1.0,-0.013857263544828,0.0576497264233986,1.3617312129854866,97.61256530801244,101.51706792033296,0.04,80.00000000000007,4,4,TP,TP,4,HIGH,2023
KO,2023-12-20,2023-12-21,2023-12-29,-0.0207378704508265,0.012398648900182,1.6725911522925774,1.0404366060171455,-0.0166435729756715,0.0164736722764085,-0.0208878773998942,-0.0168943112236898,-0.0387118483627683,-0.0168943112236898,4.0,-0.013857263544828,0.0576497264233986,1.3617312129854866,53.80705227747364,54.81156921386719,0.0186688713444742,37.33774268894852,5,5,TIME,TIME,4,HIGH,2023
TSLA,2023-12-20,2023-12-21,2023-12-27,-0.0391882504595967,0.034549543739732,1.1342624595800437,1.0441886440885295,0.0185690792748409,0.0613727142420863,0.0889760006321165,-0.0250887598041481,0.0328054090173712,0.0324602265570377,2.0,-0.013857263544828,0.0576497264233986,1.3617312129854866,251.8999938964844,261.97599365234373,0.04,80.00000000000007,3,3,TP,TP,5,HIGH,2023
UPS,2023-12-20,2023-12-21,2023-12-29,-0.0288328336011471,0.0190403272735292,1.5143034668963886,1.480700479657974,0.0081120601443946,0.0515834418579157,-0.055093344273743,-0.0367005575562514,-0.001844202887824,0.010754267726704,2.0,-0.013857263544828,0.0576497264233986,1.3617312129854866,134.3027085001531,133.9873504638672,-0.0023481137484695,-4.696227496939098,5,5,TIME,TIME,5,HIGH,2023
META,2024-01-02,2024-01-03,2024-01-08,-0.0216691422570669,0.0216849739265484,0.9992699244400716,1.1254531361141542,0.0184400471764742,0.052734882839049,0.2070502512875542,-0.0322499578863217,-0.0200911588813005,0.0339483246949225,2.0,-0.0055963834865712,0.0530462385475341,1.4734081155159342,341.97691405684844,355.6559906191224,0.04,80.00000000000007,3,3,TP,TP,4,HIGH,2024
NFLX,2024-01-02,2024-01-03,2024-01-10,-0.0377506010020788,0.0242628421534635,1.5559018503811168,1.2447538484104084,-0.0120150606362484,0.0285093269385943,0.1562653438007819,-0.0473576595681967,-0.0375133590034137,-0.0075414734980933,3.0,-0.0055963834865712,0.0530462385475341,1.4734081155159342,46.73199844360352,48.601278381347655,0.04,80.00000000000006,5,5,TP,TP,4,HIGH,2024
NVDA,2024-01-02,2024-01-03,2024-01-05,-0.0273414482446758,0.02472593712531,1.1057800602707426,1.1034711847234386,0.0005721684919119,0.029149306450775,0.183355621421914,-0.0252747134625894,-0.0135576727199077,-0.0147679911955151,1.0,-0.0055963834865712,0.0530462385475341,1.4734081155159342,47.40074185532866,49.29677152954181,0.04,80.00000000000007,2,2,TP,TP,5,HIGH,2024
BA,2024-01-03,2024-01-04,2024-01-08,-0.0311804536701855,0.0238817602005866,1.305617902880526,1.192716399664647,-0.0377183824084154,0.0929032891877295,0.1432420424366935,-0.0631457732129634,-0.0718444547696154,-0.063361621166479,4.0,-0.0081666806347635,0.0421569288976317,1.212084158173707,244.5800018310547,239.6884017944336,-0.02,-40.00000000000003,2,2,SL,SL,4,HIGH,2024
HON,2024-01-03,2024-01-04,2024-01-09,-0.0213875237582727,0.0116085028531249,1.8424015593462524,1.2507707538027704,0.0046442510825062,0.0550385404087632,0.0632064823251308,-0.0221829322403679,-0.0168718055782295,-0.0027791785083018,2.0,-0.0081666806347635,0.0421569288976317,1.212084158173707,190.7484182364433,186.9334498717145,-0.0199999999999999,-39.999999999999815,3,3,SL,SL,5,HIGH,2024
AMZN,2024-01-04,2024-01-05,2024-01-09,-0.0262678915903487,0.0201533644000507,1.3033998229239836,1.1809556523649491,-0.0364247844086469,0.0018544862079401,0.1253640628535379,-0.0485059562904091,-0.0571930952335936,-0.0599517937734731,4.0,-0.0032210753057375,0.0365640070543249,0.977365409373772,144.69000244140625,150.4776025390625,0.04,80.00000000000007,2,2,TP,TP,4,HIGH,2024
NEE,2024-01-11,2024-01-12,2024-01-17,-0.0250482250978798,0.0207862878764071,1.2050359952105771,1.0077500372507266,-0.0098412912030494,0.0253464577691848,-0.0855601047894951,-0.0349651784049571,-0.0174756660294699,0.0023108928248427,2.0,-0.0004406730105988,0.0429090756733796,0.8942282809831856,56.419507319308536,55.29111717292236,-0.02,-40.00000000000004,2,2,SL,SL,4,HIGH,2024
BAC,2024-01-16,2024-01-17,2024-01-22,-0.0207317114538416,0.0213485471681851,0.9711064312955796,1.374242803642752,-0.0419375876016353,0.0302439817936106,0.1102470428704094,-0.0440473872506361,-0.0597188139465003,-0.046034938665764,5.0,-0.003671306902421,0.0346288032161627,1.015750938508852,29.907289364001283,31.103580938561336,0.04,80.00000000000009,3,3,TP,TP,3,MEDIUM,2024
NFLX,2024-01-16,2024-01-17,2024-01-24,-0.0221878873284632,0.0250186999069596,0.8868521310450281,1.153143295121137,-0.0056798587073363,0.0269915134024407,0.1662672559779627,0.0060836737210081,-0.0078139046164421,-0.0115839463359969,4.0,-0.003671306902421,0.0346288032161627,1.015750938508852,48.45000076293945,50.38800079345703,0.04,80.00000000000007,5,5,TP,TP,2,LOW,2024
CAT,2024-01-17,2024-01-18,2024-01-22,-0.0299409766878038,0.0205956292704933,1.4537539151910872,1.4285148791066693,-0.0414164753683422,0.0422333246880302,0.105984234478931,-0.0459836567899875,-0.0467343688701464,-0.0481019976648759,4.0,-0.0055584968393666,0.0269417900687793,0.8598919000748303,269.8507149006998,280.6447434967278,0.04,80.00000000000007,2,2,TP,TP,4,HIGH,2024
PLD,2024-01-17,2024-01-18,2024-01-25,-0.0239287179989551,0.0222067108434325,1.077544448957952,1.3455246321892242,-0.03961964840529,0.0485717931896683,0.0670740743217941,-0.0339628999591298,-0.0466672273438834,-0.0576438278951105,3.0,-0.0055584968393666,0.0269417900687793,0.8598919000748303,116.77397337025332,116.2305908203125,-0.0046532847539403,-9.306569507880669,5,5,TIME,TIME,4,HIGH,2024
AMD,2024-01-22,2024-01-23,2024-01-24,-0.0347242334851388,0.0441448947070148,0.7865968129633131,1.6624261262531517,0.1301659354091182,0.2501300323202657,0.4863231650350177,0.0500093313255025,0.1475163446870553,0.2135949664715146,1.0,0.0021142563857137,0.0448312369265404,0.9189424339266554,166.5,173.16,0.04,80.00000000000006,1,1,TP,TP,1,LOW,2024
PLD,2024-01-24,2024-01-25,2024-02-01,-0.0200764598730621,0.0233406945391273,0.8601483490307817,1.1736489507245598,-0.0418942015533351,0.0173105253125507,0.0537206051210932,-0.0233572007141188,-0.0111934316857457,-0.0573382926083921,3.0,0.0010932628914375,0.044388870698528,1.004124999286189,116.85687322237142,120.13565063476562,0.0280580621574129,56.11612431482583,5,5,TIME,TIME,3,MEDIUM,2024
UPS,2024-01-24,2024-01-25,2024-01-30,-0.021741584252009,0.0172983061326107,1.2568620352383373,1.0230602583647597,-0.0084192273027858,0.010403608931744,-0.0423919675638988,-0.0019756889032387,0.0130693384050732,-0.0210076996586786,1.0,0.0010932628914375,0.044388870698528,1.004124999286189,135.11221339566538,132.40996912775208,-0.0199999999999999,-39.999999999999815,3,3,SL,SL,4,HIGH,2024
AMD,2024-01-30,2024-01-31,2024-02-02,-0.0324467424678016,0.0466656298362299,0.695302786690578,1.341108533685856,0.0871914062918803,0.2150546302747624,0.4880504325414554,-0.0458603903315479,0.0216126316899558,0.0839107446421456,2.0,-0.0007734921111419,0.0478548583671809,0.744426144421344,165.74000549316406,172.36960571289063,0.04,80.00000000000007,2,2,TP,TP,3,MEDIUM,2024
AMD,2024-01-31,2024-02-01,2024-02-01,-0.0253980889177877,0.0501265180988945,0.5066796953197484,1.4078740728589605,0.0499228567326361,0.1762436721203077,0.4455100115248891,-0.0539351061133639,-0.0594536499180574,0.0469501427135494,3.0,-0.0163173256355044,0.0292421277608065,1.5978595133500817,169.27000427246094,165.88460418701172,-0.02,-40.00000000000004,0,0,SL,SL,4,HIGH,2024
AMZN,2024-01-31,2024-02-01,2024-02-02,-0.0238993902626277,0.0193759166386943,1.2334585613823257,1.1092037769627858,0.009105994759214,0.0294193554080939,0.1640880082033928,-0.0246354844723213,-0.0106457462926403,0.0230043509322184,2.0,-0.0163173256355044,0.0292421277608065,1.5978595133500817,155.8699951171875,162.104794921875,0.04,80.00000000000009,1,1,TP,TP,5,HIGH,2024
BAC,2024-01-31,2024-02-01,2024-02-01,-0.0224204331577121,0.0219893180042597,1.019605662775394,1.2193076959160345,0.0236266899620161,0.05431708167638,0.1637928350569355,0.0173494234579114,0.0312307894442738,0.0694967085314435,1.0,-0.0163173256355044,0.0292421277608065,1.5978595133500817,31.990988773603373,31.351168998131307,-0.0199999999999999,-39.999999999999815,0,0,SL,SL,4,HIGH,2024
META,2024-01-31,2024-02-01,2024-02-02,-0.0247962108649062,0.0226548588399611,1.0945206518421515,1.2298129454314992,0.0395570592936795,0.104845793731608,0.285265587582681,-0.0101485993011503,-0.0014331404671495,0.0590984040174933,2.0,-0.0163173256355044,0.0292421277608065,1.5978595133500817,390.51069973653455,406.131127725996,0.04,80.00000000000007,1,1,TP,TP,5,HIGH,2024
MSFT,2024-01-31,2024-02-01,2024-02-08,-0.0269464334781569,0.0169058505457593,1.5939117292691378,1.9025436746347515,0.0184460815659988,0.0449035668763959,0.167650527924652,-0.0157205852099887,-0.0123708514512952,0.0208230328711522,3.0,-0.0163173256355044,0.0292421277608065,1.5978595133500817,393.4308049580275,405.4541320800781,0.030560207717678,61.120415435356186,5,5,TIME,TIME,5,HIGH,2024
META,2024-02-05,2024-02-06,2024-02-06,-0.0328007403729384,0.0334746047781576,0.9798693842784688,1.8476684003471584,0.1792547976695671,0.2780523009536031,0.496781648177327,0.1775513772701928,0.1456036557616968,0.2033369340415622,3.0,-0.0036412592956026,0.0443655919019647,0.964942621227627,459.9607805632987,450.7615649520328,-0.02,-40.00000000000003,0,0,SL,SL,1,LOW,2024
ADBE,2024-02-06,2024-02-07,2024-02-13,-0.0370499371158802,0.0273342487787956,1.3554401079652645,1.2972128158374576,-0.0038989694335149,0.0046607723040923,0.1620058048780563,-0.0330779241999918,-0.0331549885274787,0.0166784254241814,3.0,0.0029033178002926,0.0455887720304672,0.7209590439369269,613.25,600.985,-0.02,-40.00000000000004,4,4,SL,SL,4,HIGH,2024
XOM,2024-02-09,2024-02-12,2024-02-20,-0.0211599404534872,0.0207260048587547,1.0209367699028196,1.0750360465345947,0.0102544541601155,0.0088563792346543,-0.033068087820458,-0.0046943522285953,-0.0019612489285542,-0.0119416712021467,3.0,0.005779462124994,0.0546907955692712,0.8380162745386971,93.41872566586224,94.83145141601562,0.0151225114674158,30.245022934831663,5,5,TIME,TIME,5,HIGH,2024
AMZN,2024-02-13,2024-02-14,2024-02-20,-0.0214691715612431,0.0261757878221735,0.8201919921988603,1.088432653964799,0.0387754553063111,0.0881755146694813,0.2378469589947645,-0.007065455570635,-0.0030150430105723,0.060628926978921,3.0,-0.01377317686654,0.0358830790846098,1.4560705180841118,169.2100067138672,165.82580657958985,-0.0199999999999999,-39.999999999999815,3,3,SL,SL,4,HIGH,2024
CRM,2024-02-13,2024-02-14,2024-02-21,-0.0214745013122934,0.0196056849384597,1.0953201267744377,1.0020570411964196,-0.0065968704478978,0.0453156101195715,0.2415329024732717,-0.036992949860202,-0.0163734502614645,-0.0228687002960187,3.0,-0.01377317686654,0.0358830790846098,1.4560705180841118,280.15321745413416,274.5501531050515,-0.0199999999999999,-39.999999999999815,4,4,SL,SL,4,HIGH,2024
GS,2024-02-13,2024-02-14,2024-02-22,-0.0353760640599072,0.0210089609116298,1.683855960735512,1.21657558138368,-0.0112800003470414,0.0053170118789538,0.1259560834547943,-0.0163360437503771,-0.0162081298035665,-0.0209890022195651,3.0,-0.01377317686654,0.0358830790846098,1.4560705180841118,359.17661060016405,368.22015380859375,0.0251785415350918,50.357083070183606,5,5,TIME,TIME,4,HIGH,2024
HD,2024-02-13,2024-02-14,2024-02-22,-0.0215079343763567,0.0173503217854453,1.2396274053198892,1.0410139036429622,0.0010819946654183,0.0257294242305083,0.1369391346268,-0.0168535274680508,0.0037614189353094,0.0013722940582798,2.0,-0.01377317686654,0.0358830790846098,1.4560705180841118,335.3758677015639,348.7909024096265,0.04,80.00000000000007,5,5,TP,TP,5,HIGH,2024
MSFT,2024-02-13,2024-02-14,2024-02-20,-0.0215285599573783,0.0188433500380771,1.1425017268094666,1.092616087686045,0.0031230300854079,0.0512023641518384,0.1740459625875985,-0.0188114922555989,0.0020469872352704,-0.0055557242290725,2.0,-0.01377317686654,0.0358830790846098,1.4560705180841118,400.2792157447501,392.273631429855,-0.0200000000000001,-40.00000000000026,3,3,SL,SL,5,HIGH,2024
GOOGL,2024-02-15,2024-02-16,2024-02-20,-0.0217212397128349,0.0254555037562548,0.8533022925345819,1.1399218111288745,-0.0255904798795133,0.0105178005569361,0.0878252881228105,-0.0322645709636078,-0.0215202853081555,0.0114054338656051,3.0,0.0068995406128495,0.0486182523329674,0.8100963459510516,141.7332189292563,138.89855455067118,-0.02,-40.00000000000004,1,1,SL,SL,3,MEDIUM,2024
LLY,2024-02-20,2024-02-21,2024-02-22,-0.033756961057452,0.0335123743698603,1.0072983992388096,1.2529567524563534,0.0856901587452965,0.1834987097888516,0.383849642013145,-0.002178945711625,0.0267537614872062,0.0719121051764843,1.0,-0.0055054442684696,0.033825732395506,0.9671628783816276,725.6351952966553,754.6606031085215,0.04,80.00000000000006,1,1,TP,TP,5,HIGH,2024
MA,2024-02-20,2024-02-21,2024-02-22,-0.034990238585808,0.0161277459894744,2.169567812429833,1.893436484744064,-0.0049691320692262,0.0370877203089377,0.1212693079871765,-0.0288915848485233,-0.0151729585334632,-0.010968462956585,2.0,-0.0055054442684696,0.033825732395506,0.9671628783816276,446.6437369961113,464.5094864759557,0.04,80.00000000000009,1,1,TP,TP,4,HIGH,2024
NVDA,2024-02-21,2024-02-22,2024-02-22,-0.0285087774804196,0.0418998826819874,0.6804023222880161,1.3188370321992529,-0.0003124759576169,0.1669324727254815,0.4460569175750661,-0.0713752471853297,-0.064551955036611,-0.0110078589474045,4.0,0.0009059460310576,0.0330067572423913,0.7943948335276222,74.8918837924214,77.88755914411826,0.04,80.00000000000007,0,0,TP,TP,3,MEDIUM,2024
CVX,2024-03-04,2024-03-05,2024-03-12,-0.0257179823188317,0.0186342282249512,1.3801474366614963,1.539559318506862,-0.0217324722384769,0.0017368126563439,-0.0187488961117191,-0.0227120588441268,-0.0360631008876748,-0.0371853644646924,3.0,-0.0010724601789007,0.0498647751550636,0.749520161134049,134.1049020010919,136.8621368408203,0.0205602837673002,41.12056753460047,5,5,TIME,TIME,4,HIGH,2024
MRK,2024-03-04,2024-03-05,2024-03-08,-0.0229206058824481,0.0143893613324237,1.592885559889362,1.8767281105990783,-0.0239699366335063,0.0271744183184508,0.1329695600526337,-0.0322958739036307,-0.0371778841079587,-0.0292667930780164,4.0,-0.0010724601789007,0.0498647751550636,0.749520161134049,115.28091628404673,112.9752979583658,-0.02,-40.00000000000003,3,3,SL,SL,4,HIGH,2024
MSFT,2024-03-05,2024-03-06,2024-03-13,-0.0295720189800552,0.0160969226636167,1.8371225108073452,1.2752985753610393,-0.0164550775073505,0.0161001144304013,0.141955785139064,-0.0265689244581314,-0.0118533576089152,-0.0003475805842412,2.0,-0.009994068901992,0.0377169987898444,1.0989358412585883,395.2765951551313,407.175048828125,0.0301015891627078,60.20317832541578,5,5,TIME,TIME,4,HIGH,2024
NFLX,2024-03-05,2024-03-06,2024-03-13,-0.0281409107031423,0.0257524851348814,1.0927454401294192,1.0777638416054471,0.0277289121330355,0.1130704572486034,0.3248221225492538,-0.0073310114793967,-0.0052686912051151,0.0406342560116652,3.0,-0.009994068901992,0.0377169987898444,1.0989358412585883,60.29899978637695,60.94499969482422,0.0107132773468194,21.42655469363897,5,5,TIME,TIME,5,HIGH,2024
ORCL,2024-03-05,2024-03-06,2024-03-12,-0.0273540966979078,0.0191995891218428,1.4247230252853638,1.1163037641053215,-0.0172821910607569,0.0069284735273373,-0.0037403326200384,-0.0066261085365231,-0.0039504128843845,0.0229597968297579,1.0,-0.009994068901992,0.0377169987898444,1.0989358412585883,108.44472885068504,112.78251800471246,0.04,80.00000000000007,4,4,TP,TP,4,HIGH,2024
LLY,2024-03-08,2024-03-11,2024-03-11,-0.0230976985060421,0.029587742348014,0.7806509274808691,1.2150022772490832,-0.0022193020355629,0.1076249476812332,0.3416598770601335,-0.0198690258952654,-0.0255458878543841,-0.0096160269051263,2.0,-0.0060022088138205,0.0421325643788963,1.2719024033821955,739.526956864698,724.736417727404,-0.02,-40.00000000000004,0,0,SL,SL,3,MEDIUM,2024
LLY,2024-03-11,2024-03-12,2024-03-19,-0.0364369405915108,0.0301560822482231,1.2082783264612484,1.1693492550329836,-0.0382924154154242,0.0625142492124859,0.289215502753843,-0.0582222389238251,-0.0730928681404815,-0.0486450182058814,3.0,-0.000859862713174,0.0397639569184056,0.9204623028728728,728.4665999121079,757.6052639085922,0.04,80.00000000000009,5,5,TP,TP,4,HIGH,2024
NVDA,2024-03-11,2024-03-12,2024-03-12,-0.0200391175841399,0.0519298706832263,0.385888070208745,1.118261894052745,0.0854092331374163,0.2842300184183008,0.7109911615759541,-0.0329875007776149,0.0063473555061568,0.084534699914595,2.0,-0.000859862713174,0.0397639569184056,0.9204623028728728,87.89688852723692,86.13895075669218,-0.02,-40.00000000000004,0,0,SL,SL,3,MEDIUM,2024
AVGO,2024-03-13,2024-03-14,2024-03-15,-0.0263260653590333,0.040416966521085,0.651361733080571,1.1547117874412351,-0.035231099695575,0.0259758894232713,0.2931275392013952,-0.038854723253567,-0.0682444985959724,-0.0244682520518554,4.0,-0.0015675902540027,0.0458666811782821,0.8362580585338604,123.00729364242146,120.54714776957304,-0.02,-40.00000000000003,1,1,SL,SL,3,MEDIUM,2024
AMD,2024-03-14,2024-03-15,2024-03-15,-0.0396837414342133,0.0518779315970135,0.7649445575909936,1.1694754997786052,-0.0122505081616715,0.0741808336801235,0.4485772727031594,-0.0571097427587665,-0.1150534902187252,-0.0284111632233143,4.0,-0.0019767610694019,0.0420123724728025,1.6205821305974866,184.8300018310547,192.22320190429687,0.04,80.00000000000007,0,0,TP,TP,3,MEDIUM,2024
BLK,2024-03-14,2024-03-15,2024-03-21,-0.0208114856109785,0.0173973808930786,1.1962424539005312,1.6064332133339567,-0.0045103814298663,0.0160521016346548,0.1335047897568326,-0.0198264063193834,-0.027533971179481,0.0030555966453456,3.0,-0.0019767610694019,0.0420123724728025,1.6205821305974866,763.3542970412697,793.8884689229204,0.04,80.00000000000007,4,4,TP,TP,4,HIGH,2024
GE,2024-03-14,2024-03-15,2024-03-19,-0.0200399805058821,0.0256029312557606,0.7827221151239534,1.0721761492867936,0.0540821574204342,0.1676058776875901,0.3849955792799464,0.0011409562149895,0.0015015412303149,0.0628466254511681,2.0,-0.0019767610694019,0.0420123724728025,1.6205821305974866,130.23967446002388,135.44926143842483,0.04,80.00000000000007,2,2,TP,TP,3,MEDIUM,2024
AMZN,2024-03-15,2024-03-18,2024-03-25,-0.0242237864674388,0.0198904030159247,1.2178630291223669,1.7395992508482812,0.0007975534526463,0.0532265194444481,0.218605199652232,-0.0055305389365339,-0.0053037234228625,-0.0213219785979688,2.0,-0.0068665239132348,0.0330752989421392,1.53165534592412,175.8000030517578,179.7100067138672,0.0222412036077053,44.48240721541063,5,5,TIME,TIME,5,HIGH,2024
AVGO,2024-03-15,2024-03-18,2024-03-19,-0.021207722587566,0.0416979953628619,0.5086029293018395,2.423414820473644,-0.0513145401241063,0.0019470612918028,0.2642411804861777,-0.0436418509724813,-0.0559476996221459,-0.1169763968247323,4.0,-0.0068665239132348,0.0330752989421392,1.53165534592412,122.17330620907126,119.72984008488984,-0.02,-40.00000000000003,1,1,SL,SL,3,MEDIUM,2024
CRM,2024-03-15,2024-03-18,2024-03-21,-0.0296385855229567,0.0273674823436685,1.0829854624831297,1.5765230696376946,-0.0196540345111027,0.0265157217310429,0.2437464492485415,-0.0388282964224924,-0.0346093552568086,-0.0699492766636501,3.0,-0.0068665239132348,0.0330752989421392,1.53165534592412,294.9093176714498,306.7056903783078,0.04,80.00000000000007,3,3,TP,TP,4,HIGH,2024
MSFT,2024-03-15,2024-03-18,2024-03-21,-0.020695014944477,0.0187773996487393,1.1021235810926773,2.044796473580087,0.0163452987733176,0.0346678069275243,0.168872437443448,0.0027452604476323,0.0251096624417184,0.0022143489482384,3.0,-0.0068665239132348,0.0330752989421392,1.53165534592412,406.3412048651448,422.5948530597506,0.04,80.00000000000006,3,3,TP,TP,4,HIGH,2024
BLK,2024-03-22,2024-03-25,2024-04-02,-0.0204616603606422,0.0186123859392886,1.0993571929673978,1.0030657838948502,0.0091983504177981,0.0314715041053181,0.1482791555620723,0.0280817608354644,0.0278000531414173,-0.0135027642757289,2.0,-0.0018957533133221,0.0459811312534834,1.1137491626189728,781.3052501906732,777.638916015625,-0.0046925758839498,-9.38515176789978,5,5,TIME,TIME,4,HIGH,2024
V,2024-03-22,2024-03-25,2024-03-27,-0.0244858198448704,0.0130974992613046,1.8695034339273813,1.5402067030987852,-0.0011581996606996,0.0199917327015344,0.1306049232732771,-0.0142334096506071,0.0007774308612804,0.0114984470816805,1.0,-0.0018957533133221,0.0459811312534834,1.1137491626189728,277.73463570607913,272.17994299195755,-0.02,-40.00000000000004,2,2,SL,SL,4,HIGH,2024
GE,2024-03-28,2024-04-01,2024-04-02,-0.0254827697558134,0.024334441997795,1.047189401676948,1.275898183416028,0.0376935742426343,0.1540268264902413,0.4170666167240988,0.0117586757078835,-0.0062839045071528,0.052653802629798,3.0,-0.0001909791009676,0.0417503986433767,1.3070217592643807,138.06272286060886,135.30146840339668,-0.02,-40.00000000000004,1,1,SL,SL,4,HIGH,2024
LLY,2024-04-01,2024-04-02,2024-04-03,-0.0223789743058555,0.0215651934131311,1.0377358494836808,1.0174208018723356,-0.010209642670384,0.0372748095163084,0.2827529702483047,-0.0185186624306645,-0.0130545187665302,0.0084595127371371,2.0,-0.0017398116135795,0.037988686551373,0.8563642347261095,742.3387377132927,772.0322872218245,0.04,80.00000000000007,1,1,TP,TP,4,HIGH,2024
GE,2024-04-02,2024-04-03,2024-04-03,-0.0248808284283518,0.0278373845602998,0.8937918853136615,2.040784963598694,0.0029800304529434,0.111364429903328,0.3729689073481153,-0.0506499477371832,-0.0143702729402125,0.0063969956907516,3.0,-0.0063580758096553,0.0298371315458956,1.0007018230683284,136.09865145044495,141.54259750846276,0.04,80.00000000000007,0,0,TP,TP,4,HIGH,2024
DIS,2024-04-03,2024-04-04,2024-04-05,-0.0312652307098111,0.0212160501860018,1.4736593492053298,1.9383523522151187,0.0278206401551464,0.090119511827811,0.2844072201946304,-0.0276233400935854,-0.0079212273406177,0.0390359250979508,2.0,0.0010984144691581,0.0294375757105005,0.8049147370676899,115.96803817912178,113.64867741553934,-0.02,-40.00000000000004,1,1,SL,SL,5,HIGH,2024
GOOGL,2024-04-04,2024-04-05,2024-04-09,-0.0283371755634166,0.024162251361207,1.1727870528204372,1.1097729092584625,0.0275470655530494,0.0426016428609044,0.1133541600717435,-0.0318993005287095,-0.0022536575381308,0.0120343840727754,2.0,-0.0122060308496583,0.0156760254488268,1.2928715077952564,148.7113757431507,154.65983077287677,0.04,80.00000000000007,2,2,TP,TP,5,HIGH,2024
NFLX,2024-04-04,2024-04-05,2024-04-10,-0.0205370545037106,0.0232744055546134,0.8823879284702019,1.081226987803867,0.0014832306279852,0.0409364739938125,0.300419481099232,0.0046068100335274,0.0058839837866817,-0.0168076644243037,3.0,-0.0122060308496583,0.0156760254488268,1.2928715077952564,62.492000579833984,61.2421605682373,-0.02,-40.00000000000004,3,3,SL,SL,3,MEDIUM,2024
LOW,2024-04-10,2024-04-11,2024-04-11,-0.0295838349541495,0.022323660334261,1.3252233061773482,1.115435137093852,-0.0416054288344373,0.0004024776486679,0.0846526655312827,-0.009025515057537,-0.0147071024036629,-0.0567178010783587,2.0,-0.0100132853866902,0.0127608735010975,1.1085892435747593,227.5480311599713,222.99707053677184,-0.0199999999999999,-39.999999999999815,0,0,SL,SL,4,HIGH,2024
DIS,2024-04-12,2024-04-15,2024-04-16,-0.0268033212629197,0.0231495992196422,1.157830898436347,1.0729709772967313,-0.0315319655753868,0.0164271902125465,0.2177990389729192,-0.0335679752013091,-0.0369150948577913,-0.068241261195232,4.0,-0.0138030285273439,0.004021427158005,1.2436670274279331,111.74642009393692,109.51149169205816,-0.0200000000000001,-40.000000000000256,1,1,SL,SL,4,HIGH,2024
META,2024-04-15,2024-04-16,2024-04-17,-0.0227973091444619,0.0295435701609222,0.7716504478059443,1.096080305733476,-0.0113464708006562,0.0174479658432247,0.373409383223809,-0.0377046094329763,-0.0366297287866005,0.0180726009688099,3.0,-0.0125281667030781,-0.0092100582370828,1.2505501624230868,494.29775401725584,484.4117989369107,-0.02,-40.00000000000004,1,1,SL,SL,3,MEDIUM,2024
NFLX,2024-04-15,2024-04-16,2024-04-19,-0.025175421377261,0.0261608680554735,0.9623312698904738,1.1634918330445407,-0.0231655299576883,0.010028588526272,0.2608819006844918,-0.0184778286530143,-0.0338314072676354,-0.0116553467486615,3.0,-0.0125281667030781,-0.0092100582370828,1.2505501624230868,60.75,59.535,-0.02,-40.00000000000004,3,3,SL,SL,3,MEDIUM,2024
NVDA,2024-04-17,2024-04-18,2024-04-18,-0.0386660481362604,0.0391860382276513,0.9867302203818082,1.0878763167634955,-0.0572356521738162,0.0052645141389813,0.4872264026016868,-0.0470711339678157,-0.0345134273372946,-0.0554044505648145,3.0,-0.0059183618848681,-0.0176510565342863,1.0308858480751055,84.82322159070304,83.12675715888898,-0.02,-40.00000000000003,0,0,SL,SL,3,MEDIUM,2024
GE,2024-04-19,2024-04-22,2024-04-23,-0.0319080031132816,0.0437400776289874,0.7294912319070865,1.0179837571779755,-0.0028754866068334,0.0982446747891692,0.4276794299625301,-0.0554988267442926,-0.0424885497801346,-0.0510339823556773,4.0,-0.0087283346846885,-0.0284453388957821,1.3452302659502993,146.8809239727239,152.7561609316329,0.04,80.00000000000007,1,1,TP,TP,3,MEDIUM,2024
PEP,2024-04-23,2024-04-24,2024-04-24,-0.0296954532798765,0.0150516488102439,1.9729036768162092,1.7406664020929872,0.0019279710765989,0.0161444501160274,0.0094613000143495,-0.0060952788425587,0.0222088010146037,0.0035753471982447,1.0,0.011866574121826,-0.0082111381707991,0.8478530854630416,155.16249500504958,161.36899480525156,0.04,80.00000000000007,0,0,TP,TP,5,HIGH,2024
GE,2024-04-24,2024-04-25,2024-04-29,-0.021092061136591,0.0389141962794523,0.5420145641740558,1.0076205219854484,0.0522426214518496,0.1570130416170656,0.5194248910068768,0.0751721066374553,0.0226119770398041,0.0182821156712169,3.0,-0.0004745904155173,-0.0089143932030818,0.7382731464513471,156.0196484767419,162.2604344158116,0.04,80.00000000000007,2,2,TP,TP,3,MEDIUM,2024
XOM,2024-04-26,2024-04-29,2024-05-03,-0.0277755861977058,0.0208908729722756,1.3295560331330785,1.5713299862067058,-0.0170328183419689,0.0431847552010642,0.1062202063183963,-0.0253656591508804,-0.0160160231946306,-0.0200216959336057,1.0,0.0094739542976429,-0.0041916828399027,0.8753656738243596,108.68469429668612,106.5110004107524,-0.02,-40.00000000000004,4,4,SL,SL,4,HIGH,2024
GOOGL,2024-04-29,2024-04-30,2024-05-07,-0.0337307447383671,0.0287434126635416,1.1735121759272336,1.534257487158036,0.0583341084702591,0.1214514904846495,0.2006119861264048,0.0441146652189341,0.0631557670661597,0.0729045380365602,2.0,0.0035413654559535,-0.0010411387995316,0.6388124892649047,164.15440172797688,169.74481201171875,0.0340558049305668,68.11160986113363,5,5,TIME,TIME,4,HIGH,2024
COP,2024-04-30,2024-05-01,2024-05-02,-0.0353249117756176,0.0213910627402556,1.651386478762462,1.5193697443507426,-0.0368227270371395,0.0226159763594966,0.0760455121657384,-0.0345093639278201,-0.0325016950691831,-0.0301861171654806,3.0,-0.015841166694993,-0.0170204880447583,1.0640202703746535,115.88848407894208,113.57071439736325,-0.02,-40.00000000000004,1,1,SL,SL,4,HIGH,2024
CVX,2024-04-30,2024-05-01,2024-05-03,-0.0304215723934645,0.0200993891095684,1.5135570652235508,1.1193945398196885,0.0002884599619139,0.028030378403175,0.0532412876158792,-0.0242618341220374,-0.0097022775598215,0.0319299658075111,1.0,-0.015841166694993,-0.0170204880447583,1.0640202703746535,144.87259471413785,141.97514281985508,-0.02,-40.00000000000004,2,2,SL,SL,5,HIGH,2024
GOOGL,2024-04-30,2024-05-01,2024-05-07,-0.0202828640258253,0.0309050089432723,0.6562969796596891,1.11221682510079,0.0341606729100776,0.095413594522745,0.1746745253713253,0.0434615710639203,0.0285606843047356,0.0542744373455044,3.0,-0.015841166694993,-0.0170204880447583,1.0640202703746535,162.85591967019158,169.37015645699924,0.04,80.00000000000007,4,4,TP,TP,3,MEDIUM,2024
GE,2024-05-13,2024-05-14,2024-05-21,-0.0237486382194913,0.0250559884627863,0.9478228430206752,1.1418861861992076,-0.0086366356197219,0.0713968928708583,0.4547209968175412,-0.0554308472055349,-0.050425827075078,-0.0303363929090383,3.0,0.0001340667692224,0.0163005820205701,0.5818665198545762,156.56242746008064,158.8915252685547,0.0148764799208795,29.752959841759186,5,5,TIME,TIME,3,MEDIUM,2024
AMD,2024-05-29,2024-05-30,2024-05-30,-0.0377017726105226,0.0399098554277316,0.9446732444018152,1.120983765240472,0.0452891068718352,0.0096193211865163,0.1637108804582399,0.0293586419553468,0.0029150717652359,0.0782188263325487,2.0,-0.0070023939960212,0.0188474322836218,0.8895353620930142,167.89999389648438,164.54199401855467,-0.0200000000000001,-40.000000000000256,0,0,SL,SL,3,MEDIUM,2024
NVDA,2024-05-30,2024-05-31,2024-05-31,-0.0376660064270364,0.0373432517987791,1.0086429170656166,1.143886342475869,0.148547181277501,0.217775261226689,0.7373444627554311,0.0378608221651328,0.1637703412196023,0.1677058704000253,1.0,-0.0066336971513156,0.0118182949130511,0.944383174692642,112.3256250740568,110.07911257257568,-0.02,-40.00000000000004,0,0,SL,SL,2,LOW,2024
AMD,2024-06-03,2024-06-04,2024-06-04,-0.0200718452201041,0.0460103828537196,0.4362459943860586,1.195393184830621,0.0171431312590522,0.0051378683647784,0.1457775327420112,-0.0096281721192151,-0.0168910648490278,-0.005593714124868,2.0,0.0008150025120428,0.0213724435846467,0.9514691939661888,162.83999633789062,159.5831964111328,-0.02,-40.00000000000004,0,0,SL,SL,4,HIGH,2024
NEE,2024-06-03,2024-06-04,2024-06-07,-0.0225771499420436,0.0195294022494201,1.1560594458396172,1.3648843738652163,0.0320609557681283,0.1313353995336466,0.2758469156989258,0.019996816127288,0.0209289631111213,0.0279059669748809,2.0,0.0008150025120428,0.0213724435846467,0.9514691939661888,72.69400714592432,71.24012700300582,-0.0200000000000001,-40.000000000000256,3,3,SL,SL,4,HIGH,2024
UNH,2024-06-07,2024-06-10,2024-06-17,-0.0223740974335765,0.0217157750023243,1.0303154011856244,1.0207645799501317,-0.0334174147559411,0.0012953502760242,-0.0324323774297206,-0.0292785518620688,-0.0094475382926005,-0.0505776688317396,3.0,-0.0012156246633115,0.0314430673168144,0.9049868966431244,467.3484424321338,467.6391906738281,0.0006221230570091,1.2442461140182992,5,5,TIME,TIME,4,HIGH,2024
BAC,2024-06-11,2024-06-12,2024-06-13,-0.0204182830289285,0.0211662802240939,0.9646609046442672,1.292706544404726,-0.0076054416477532,0.0270732270339255,0.1963446449593813,-0.015205181399585,-0.0147087218262381,-0.0056880010642778,3.0,0.0024083389540781,0.0360258146961414,0.7754584992102806,38.01972169170514,37.25932725787104,-0.0199999999999999,-39.999999999999815,1,1,SL,SL,3,MEDIUM,2024
NKE,2024-06-12,2024-06-13,2024-06-17,-0.0228433638780873,0.0189511151437577,1.2053836254386154,1.046859358230298,0.0046130550801175,0.0115039446616018,-0.0616178081687435,-0.0297254493564602,-0.0067854240995155,0.0259201052042519,3.0,0.0082129926496896,0.043627746067212,1.33994685022043,88.66656888078923,86.89323750317344,-0.02,-40.00000000000004,2,2,SL,SL,5,HIGH,2024
TSLA,2024-06-14,2024-06-17,2024-06-17,-0.0244424107197361,0.0389825599261721,0.6270088666836371,1.1242541152351493,0.0041149166219227,0.0312664454440889,-0.1494286575781656,0.043068034026759,0.002986245165965,-0.0003931228857756,3.0,0.0006080388701155,0.0442413861123403,0.8722896452716191,177.9199981689453,185.03679809570312,0.04,80.00000000000007,0,0,TP,TP,3,MEDIUM,2024
AAPL,2024-06-20,2024-06-21,2024-06-28,-0.0215128176042415,0.0253481369523726,0.8486942312432091,1.153798312480008,0.0515783857957912,0.1278298548579723,0.1495037655723798,-0.0132242743971511,-0.0159101751942591,0.0705059224185233,3.0,-0.0027166727044789,0.0488844290187147,1.4707734075772596,208.4034185679189,208.63124084472656,0.0010931791732267,2.186358346453421,5,5,TIME,TIME,4,HIGH,2024
AVGO,2024-06-20,2024-06-21,2024-06-21,-0.0377027451435038,0.0403511418720914,0.9343662507251284,1.5896787616006642,0.1664894996990606,0.2515978603278987,0.5150038657058518,-0.0002767508106578,0.1598452323511687,0.2274943789955814,2.0,-0.0027166727044789,0.0488844290187147,1.4707734075772596,165.9090463126575,162.59086538640435,-0.02,-40.00000000000004,0,0,SL,SL,2,LOW,2024
NVDA,2024-06-20,2024-06-21,2024-06-21,-0.0354033238906883,0.0420471272987665,0.8419915025140597,1.1411369139207046,0.100633708876072,0.3053702313115813,0.895084535598629,-0.0083409185150984,0.0445687356404065,0.0682026846087504,2.0,-0.0027166727044789,0.0488844290187147,1.4707734075772596,126.91082285827493,124.37260640110942,-0.02,-40.00000000000004,0,0,SL,SL,2,LOW,2024
NVDA,2024-06-21,2024-06-24,2024-06-24,-0.0321915178699252,0.0438427112615219,0.7342501625390526,1.4156233492892885,0.0512122210226844,0.2534549432949755,0.8237673225348727,-0.0336692423842852,-0.0234550262354035,0.0461362149305588,3.0,-0.0013404933262958,0.0461886212801068,1.323442337315026,123.03719724453092,120.5764532996403,-0.02,-40.00000000000004,0,0,SL,SL,3,MEDIUM,2024
AVGO,2024-06-24,2024-06-25,2024-06-25,-0.0369969827663209,0.0458951244464342,0.8061201099803383,1.2161105845739253,0.0574348472105428,0.1434377927069274,0.3857911677987622,-0.1138707224203013,-0.0794070791401255,0.1355184803471141,4.0,-0.0032506247891551,0.0417308208671614,0.947913053508128,157.05922394772028,153.91803946876587,-0.02,-40.00000000000003,0,0,SL,SL,4,HIGH,2024
NFLX,2024-06-24,2024-06-25,2024-07-02,-0.0249227408710133,0.0213190359529232,1.169036954862679,1.3514292270768955,0.0208793375535485,0.0779615246619582,0.2701578238354603,-0.0242828311421092,-0.0005378575829713,0.0429481833461864,2.0,-0.0032506247891551,0.0417308208671614,0.947913053508128,67.34400177001953,67.95800018310547,0.0091173437418041,18.234687483608347,5,5,TIME,TIME,5,HIGH,2024
HD,2024-06-25,2024-06-26,2024-07-02,-0.0357956542587452,0.0211992486741245,1.6885340989672326,1.314467738350989,-0.0001995587142137,0.0058518162845202,0.0172313038424705,-0.0427796200100527,-0.0319886254831259,0.0173203675628823,3.0,0.0038507537634642,0.0443141914583693,0.7926044312362974,322.8819783754379,316.42433880792913,-0.02,-40.00000000000004,4,4,SL,SL,4,HIGH,2024
NKE,2024-06-25,2024-06-26,2024-06-28,-0.0249049862018788,0.0213268046474909,1.1677786060092654,1.00012659127453,0.0005166404391754,0.0137331206308257,-0.0492828842385342,-0.0085802079556771,-0.0026317795601407,-0.0130209836928363,3.0,0.0038507537634642,0.0443141914583693,0.7926044312362974,88.7137170905087,86.93944274869853,-0.0199999999999999,-39.99999999999981,2,2,SL,SL,5,HIGH,2024
WMT,2024-06-25,2024-06-26,2024-07-03,-0.0214803116271754,0.0157117397209934,1.3671504243717991,1.3543425638096969,0.01069603509504,0.066320952423049,0.1839291222246939,-0.0086751460787836,0.0,0.0068697655618619,2.0,0.0038507537634642,0.0443141914583693,0.7926044312362974,66.00372795461487,66.82630920410156,0.0124626483227174,24.92529664543497,5,5,TIME,TIME,5,HIGH,2024
GS,2024-06-27,2024-06-28,2024-07-03,-0.0217172406868582,0.0193675133951416,1.1213231272273714,1.4202131922737835,-0.0164288455066826,0.0019886403339288,0.1779973097660749,-0.0349066292596629,-0.0263944248110967,-0.0061065137617943,4.0,0.0015764616544944,0.0437791850506081,0.7381925064238853,430.0469958573777,447.2488756916728,0.04,80.00000000000007,3,3,TP,TP,4,HIGH,2024
AMZN,2024-06-28,2024-07-01,2024-07-09,-0.0232499669527879,0.022269462397922,1.0440291075440309,1.7696095367743363,0.0412064501198727,0.0521083523386995,0.1956841521001204,0.0370827723404021,0.0220541470730006,0.0512429857755349,2.0,-0.0039351795468551,0.0378761659704722,1.5553129877300125,193.4900054931641,199.33999633789065,0.0302340724515264,60.46814490305286,5,5,TIME,TIME,4,HIGH,2024
META,2024-06-28,2024-07-01,2024-07-01,-0.0295250226799431,0.0216591620832248,1.3631655078111484,1.3047499841587646,0.0110297805880836,0.0510616343020671,0.227493180522597,-0.0124952940102626,0.0190790434902097,0.0012310326624767,1.0,-0.0039351795468551,0.0378761659704722,1.5553129877300125,501.5830078606237,491.5513477034112,-0.02,-40.00000000000004,0,0,SL,SL,5,HIGH,2024
ORCL,2024-07-09,2024-07-10,2024-07-15,-0.0299937190501478,0.0212945264398905,1.4085177773177056,1.1805259584021532,0.0059134171363888,0.0997395713669559,0.2125491457089583,-0.0256268310971955,-0.0168423693983585,0.0056477135150061,1.0,0.0009725098044246,0.0475217115585193,0.6039769742589886,137.69603878125594,143.20388033250617,0.04,80.00000000000007,3,3,TP,TP,5,HIGH,2024
GOOGL,2024-07-11,2024-07-12,2024-07-17,-0.0293439321795664,0.018306507179173,1.6029235884467612,1.170540482763787,0.0162373417371637,0.0521710397472297,0.2398756534001944,-0.0183038503583892,-0.0013453353776782,0.0091909128455445,3.0,-0.0086226769078532,0.0447191007231997,1.1491642197868464,183.6638486972004,179.99057172325635,-0.02,-40.00000000000003,3,3,SL,SL,5,HIGH,2024
MSFT,2024-07-11,2024-07-12,2024-07-17,-0.0247722272051695,0.0157482425402041,1.5730153470730357,1.266606563980588,0.004079609389948,0.053196431687327,0.1542914127392358,-0.0247513105884032,-0.0131735162818001,0.0056174149478953,3.0,-0.0086226769078532,0.0447191007231997,1.1491642197868464,446.4598771804481,437.5306796368392,-0.02,-40.00000000000003,3,3,SL,SL,5,HIGH,2024
NFLX,2024-07-11,2024-07-12,2024-07-17,-0.036744600991613,0.0213306294907795,1.722621501043668,1.7430542874063253,-0.0333868092702699,0.0145482848635078,0.2025007909602687,-0.0481085556051641,-0.0436037266671101,-0.0368014249852914,3.0,-0.0086226769078532,0.0447191007231997,1.1491642197868464,65.2750015258789,63.96950149536133,-0.02,-40.00000000000004,3,3,SL,SL,4,HIGH,2024
META,2024-07-12,2024-07-15,2024-07-16,-0.0269748633894189,0.0297543708526604,0.9065849021978885,1.5464958856420692,-0.0243487870219274,0.0198353300817277,0.1862377886104451,-0.0587359073865779,-0.0760126438220533,-0.0398221485625864,3.0,0.0063077393087018,0.0489605698080568,1.1626197907786355,495.3051241917836,485.3990217079479,-0.02,-40.00000000000003,1,1,SL,SL,3,MEDIUM,2024
AMZN,2024-07-17,2024-07-18,2024-07-18,-0.0263703838152173,0.0238652673614244,1.1049691342591947,1.0438794994356777,-0.0290439870781487,0.0002692825895793,0.136541930734211,-0.0337293055278019,-0.0593623354967836,-0.0603500366210937,4.0,-0.0140211265946459,0.0365858244858126,1.25996747232909,189.58999633789065,185.7981964111328,-0.02,-40.00000000000004,0,0,SL,SL,4,HIGH,2024
LLY,2024-07-17,2024-07-18,2024-07-18,-0.0382433065640432,0.0224912643073329,1.7003626848836004,1.476433165793821,-0.0089816724569291,0.0615197304756893,0.2762959389341219,-0.0451391123890035,-0.0363808139285662,-0.001235069240501,3.0,-0.0140211265946459,0.0365858244858126,1.25996747232909,893.2564339640751,875.3913052847936,-0.02,-40.00000000000004,0,0,SL,SL,4,HIGH,2024
ORCL,2024-07-17,2024-07-18,2024-07-25,-0.0234905698958806,0.0217141828639713,1.0818076850064977,1.0111466858361615,-0.0184489210696454,0.0644669480656738,0.1923425032573851,-0.0380601849328481,-0.0170114973400066,-0.025312565179708,3.0,-0.0140211265946459,0.0365858244858126,1.25996747232909,136.3626757350265,134.85580444335938,-0.011050467318456,-22.100934636912097,5,5,TIME,TIME,4,HIGH,2024
BAC,2024-07-18,2024-07-19,2024-07-22,-0.0220553364636444,0.0211578683591445,1.042417699612542,1.258758138796252,0.0498694584619479,0.0810636178434698,0.2614270851281435,0.0267367561689133,0.0287012882446895,0.0515894151014524,3.0,-0.0076848664044614,0.0271763513493765,1.2211879706786757,40.94284456513866,40.12398767383589,-0.02,-40.00000000000004,1,1,SL,SL,4,HIGH,2024
GS,2024-07-18,2024-07-19,2024-07-26,-0.0318013742002764,0.0225373089658143,1.411054631611706,1.2653273551487527,0.0341516019391114,0.0550975420275545,0.249413863649845,-0.0122301298836471,0.0145649894923194,0.0390877815664805,2.0,-0.0076848664044614,0.0271763513493765,1.2211879706786757,467.3285846312912,476.7970581054688,0.0202608481174928,40.5216962349857,5,5,TIME,TIME,5,HIGH,2024
JPM,2024-07-18,2024-07-19,2024-07-26,-0.0317703352088626,0.0204941084266339,1.5502179722819385,1.1969003278795995,0.0265577154842444,0.049678509082975,0.1926403669973382,-0.0003333643433831,0.0121955986427175,0.0117566905397632,2.0,-0.0076848664044614,0.0271763513493765,1.2211879706786757,202.68401496985885,203.6820831298828,0.0049242569038923,9.84851380778462,5,5,TIME,TIME,5,HIGH,2024
MS,2024-07-18,2024-07-19,2024-07-19,-0.0201010220682668,0.022564627455869,0.8908200282756502,1.216298752290376,0.0399931657067209,0.058558464575231,0.1943300253560369,-0.0042751675417548,0.0016246189587485,0.0460079504630595,2.0,-0.0076848664044614,0.0271763513493765,1.2211879706786757,98.53398139409488,96.56330176621296,-0.0199999999999999,-39.999999999999815,0,0,SL,SL,4,HIGH,2024
CAT,2024-07-19,2024-07-22,2024-07-24,-0.0235934795528323,0.023483501782443,1.0046831929670494,1.047652184436645,0.0367020224614327,0.0263722759705602,0.1233690552183492,-0.0359142648248272,0.0358772286278861,0.0587179416299421,3.0,-0.0066405279772573,0.0190858326380181,1.4291609340003717,339.5208802453267,332.7304626404201,-0.0200000000000001,-40.000000000000256,2,2,SL,SL,5,HIGH,2024
MS,2024-07-19,2024-07-22,2024-07-29,-0.0259516642932802,0.024236297693419,1.070776758957162,1.581963257741363,0.0106719793859031,0.0297766428343841,0.1617371997080385,-0.0388817348028167,-0.0192142040685979,0.025102944680682,2.0,-0.0066405279772573,0.0190858326380181,1.4291609340003717,96.42610231220844,96.43551635742188,9.76296354171513e-05,0.1952592708343026,5,5,TIME,TIME,5,HIGH,2024
XOM,2024-07-19,2024-07-22,2024-07-29,-0.022979888266614,0.0189971730201362,1.209647785081296,1.0266291241371928,0.015396651271738,0.0151179077819452,0.0757374014881724,0.0002584184016514,0.024719592739302,0.0238156717118522,1.0,-0.0066405279772573,0.0190858326380181,1.4291609340003717,107.1669513343649,108.02294921875,0.0079875173617132,15.97503472342643,5,5,TIME,TIME,4,HIGH,2024
AAPL,2024-07-24,2024-07-25,2024-08-01,-0.0287542643891127,0.0250166856786996,1.1494034325096674,1.0927860582110729,-0.0253692126337371,0.0482832146221292,0.1636313694851607,-0.0257233850047127,-0.0451765945202015,-0.0619796200935348,3.0,-0.0226624190426418,0.0010955852891259,1.6177047810837308,216.86277641061952,216.29815673828125,-0.0026035803916352,-5.207160783270437,5,5,TIME,TIME,3,MEDIUM,2024
BLK,2024-07-24,2024-07-25,2024-07-29,-0.0201730462159869,0.0172441626823182,1.1698478254715108,1.079530127277632,0.0187965965116418,0.0428587154574533,0.0890472278480798,-0.0036717265101443,-0.0159793284126299,0.0192733980152843,2.0,-0.0226624190426418,0.0010955852891259,1.6177047810837308,790.7898273637953,822.4214204583471,0.04,80.00000000000007,2,2,TP,TP,4,HIGH,2024
HD,2024-07-24,2024-07-25,2024-07-30,-0.0258883874160583,0.0220192763726078,1.1757147227718965,1.0679358952308036,0.0003927311630809,0.0230103016738458,0.0389746315378372,-0.0359147190322103,-0.0580279403756441,0.0178104296417274,5.0,-0.0226624190426418,0.0010955852891259,1.6177047810837308,333.0974683354651,346.42136706888374,0.04,80.00000000000007,3,3,TP,TP,4,HIGH,2024
PLD,2024-07-24,2024-07-25,2024-07-25,-0.0206872630923025,0.025128838254451,0.8232478908426341,1.0821219928538863,0.0427946881035927,0.0943543842337912,0.0526303238988443,-0.0054139637693504,-0.0010549303552752,0.056118172386848,3.0,-0.0226624190426418,0.0010955852891259,1.6177047810837308,115.79785027596232,113.48189327044308,-0.02,-40.00000000000004,0,0,SL,SL,3,MEDIUM,2024
JNJ,2024-07-31,2024-08-01,2024-08-02,-0.0215706658178981,0.018367357772192,1.1744022240670828,1.178655941104155,0.0311804509730935,0.0557144886552445,0.039627787592513,-0.017367876187885,0.0100462027710861,0.0081110125068486,2.0,0.0162547324043091,0.0151816885966631,1.3712257352754615,149.0031162137646,154.9632408623152,0.04,80.00000000000007,1,1,TP,TP,5,HIGH,2024
PFE,2024-07-31,2024-08-01,2024-08-01,-0.0270786718734451,0.0254398000622231,1.0644215680631706,1.1183521875900178,0.0497547167915135,0.0772960778003235,0.1101253904403225,-0.0074748733908535,0.0330556645198987,0.0313356780776243,2.0,0.0162547324043091,0.0151816885966631,1.3712257352754615,26.824509063402267,26.28801888213422,-0.02,-40.00000000000004,0,0,SL,SL,5,HIGH,2024
HD,2024-08-01,2024-08-02,2024-08-02,-0.0260213960944201,0.0240273131041137,1.0829923421593477,1.1810188683394889,0.0049886761521411,0.0396197730386549,0.0567816302552217,-0.0085439400221815,0.0149735098098797,-0.0204875019314396,1.0,-0.0141608698591569,0.0002654988202059,1.5264801272095068,337.5964702292152,330.8445408246309,-0.02,-40.00000000000004,0,0,SL,SL,5,HIGH,2024
JPM,2024-08-01,2024-08-02,2024-08-02,-0.0227443338101063,0.0213227716485674,1.0666687326098354,1.1816999179630596,-0.0085315449978156,0.0263651018985955,0.158574083763304,-0.0137064178826366,-0.003402398266745,-0.0096197538656922,3.0,-0.0141608698591569,0.0002654988202059,1.5264801272095068,195.6591542348571,191.74597115016,-0.02,-40.00000000000004,0,0,SL,SL,4,HIGH,2024
ADBE,2024-08-02,2024-08-05,2024-08-07,-0.0370417657604161,0.0259638835998439,1.426665067957663,1.1962548819349776,-0.0460893120129559,0.0114732107022312,-0.0367916731002153,-0.0232779019342923,-0.0299941366013238,-0.0450635518871936,3.0,-0.0186184843445461,-0.0184754094591718,1.5880174827683171,504.2300109863281,524.3992114257812,0.04,80.00000000000007,2,2,TP,TP,4,HIGH,2024
PLD,2024-08-02,2024-08-05,2024-08-12,-0.029282767055363,0.0301891983530417,0.9699749795579666,1.4340825226434082,0.0143629391696271,0.081848418531774,0.055066533016074,-0.0167340128623205,0.0105967389200187,0.001858676302032,2.0,-0.0186184843445461,-0.0184754094591718,1.5880174827683171,112.29790892758452,112.2885513305664,-8.332832826074554e-05,-0.1666566565214911,5,5,TIME,TIME,4,HIGH,2024
ABBV,2024-08-05,2024-08-06,2024-08-13,-0.0260447320560739,0.0299220614573498,0.8704190415890103,1.2161280574767503,0.0433847558475624,0.0883945775754329,0.1451896918752087,-0.0051804469145535,0.0133010291408546,0.0619202235487157,3.0,-0.0291238100620215,-0.0466837655765643,2.5375378644522653,173.6405142318289,179.07176208496094,0.0312786902132802,62.55738042656045,5,5,TIME,TIME,3,MEDIUM,2024
AMT,2024-08-05,2024-08-06,2024-08-12,-0.0360126773864608,0.0248463847375522,1.4494131748685433,2.034218433225192,0.061302020371142,0.1251668440172371,0.1727477984388121,0.0262704474210868,0.0523891440394219,0.0803362585212892,2.0,-0.0291238100620215,-0.0466837655765643,2.5375378644522653,209.80108416209413,205.60506247885223,-0.02,-40.00000000000004,4,4,SL,SL,3,MEDIUM,2024
DUK,2024-08-05,2024-08-06,2024-08-13,-0.0255442018030108,0.0201204477853108,1.2695642798596032,1.5742585506912403,0.0321471126066899,0.0691638976693236,0.1577846972075254,0.0159239299366145,0.0214390711954164,0.032267114629944,2.0,-0.0291238100620215,-0.0466837655765643,2.5375378644522653,103.82718915975032,104.96247100830078,0.0109343405878366,21.8686811756732,5,5,TIME,TIME,3,MEDIUM,2024
MCD,2024-08-05,2024-08-06,2024-08-13,-0.0297804779325114,0.0242902499543851,1.2260259976095973,1.4113656591714674,0.0386561812845773,0.0477104055931629,-0.0153296172923717,0.0114923111746139,0.0268916723771586,0.0343300804308182,2.0,-0.0291238100620215,-0.0466837655765643,2.5375378644522653,255.60524597563108,256.0314636230469,0.0016674839586681,3.334967917336229,5,5,TIME,TIME,3,MEDIUM,2024
NEE,2024-08-05,2024-08-06,2024-08-13,-0.0318181360053331,0.026138279541467,1.2173003182881736,1.08602994592069,0.0358242883043562,0.0352980404536207,0.2051035786924324,0.0037963949176247,0.031476892785395,0.0518518295052483,2.0,-0.0291238100620215,-0.0466837655765643,2.5375378644522653,71.98214957925727,73.1717300415039,0.0165260480438533,33.05209608770676,5,5,TIME,TIME,3,MEDIUM,2024
PEP,2024-08-05,2024-08-06,2024-08-08,-0.0224669028311854,0.0209763072622426,1.0710609141212306,1.2437737125293338,0.0279853948424679,0.0337456015591777,0.0398368981494909,0.0079340746645479,0.0047916575307958,0.0380531441189815,3.0,-0.0291238100620215,-0.0466837655765643,2.5375378644522653,160.82229397675243,157.60584809721738,-0.02,-40.00000000000004,2,2,SL,SL,3,MEDIUM,2024
LOW,2024-08-07,2024-08-08,2024-08-15,-0.0376480362880522,0.0294115189523498,1.2800439293545691,1.3102220278491492,-0.0247262153536627,0.0240674734142798,0.0467857840035919,-0.0367274915911702,-0.056698402058003,-0.0003454666444486,4.0,-0.0066841038060424,-0.0439307925151024,1.1381262964206114,223.19809324399364,232.1260169737534,0.04,80.00000000000006,5,5,TP,TP,4,HIGH,2024
LOW,2024-08-12,2024-08-13,2024-08-14,-0.0201839908718041,0.030497859121752,0.6618166472350271,1.051455318320462,-0.0290805759852116,0.0162639906787194,0.0409422579599654,-0.0022451440090309,-0.0251032846629047,-0.0364052247561962,3.0,0.0005254051316678,-0.0178491590679462,0.682268251939894,219.9393720431541,228.7369469248803,0.04,80.00000000000007,1,1,TP,TP,3,MEDIUM,2024
XOM,2024-08-20,2024-08-21,2024-08-28,-0.0333248967780136,0.0214675680070992,1.5523368444433596,1.1444938074919244,-0.01591739920988,0.004875355979411,0.0589081101814012,-0.0349532529077126,-0.0200028204833323,0.0117594227405344,2.0,-0.001626060375251,0.0239016081592808,0.5499099752948636,107.87029463529548,109.28656005859376,0.0131293367473093,26.25867349461864,5,5,TIME,TIME,4,HIGH,2024
AVGO,2024-08-22,2024-08-23,2024-08-26,-0.0207503692562727,0.0492440852706545,0.4213779003554406,1.147715265611976,0.0578446273935246,0.0107309118115972,0.2424435188689604,-0.0320194784055694,-0.022813419938414,0.1139016463528586,4.0,-0.0078485134264936,0.0175781746911281,0.9441766283162644,161.98359682629626,158.74392488977034,-0.02,-40.00000000000004,1,1,SL,SL,4,HIGH,2024
NVDA,2024-08-22,2024-08-23,2024-08-26,-0.0370427990757795,0.0541342393095216,0.684276708202753,1.0148455952799629,0.0876424318410034,0.0242037123483123,0.4446814659795559,-0.0481538175755908,0.0071625267587103,0.1788129110188505,2.0,-0.0078485134264936,0.0175781746911281,0.9441766283162644,125.65288601497598,130.67900145557502,0.04,80.00000000000007,1,1,TP,TP,4,HIGH,2024
CRM,2024-08-28,2024-08-29,2024-08-29,-0.0200603272123814,0.0196794650428619,1.019353278592178,2.166277409122829,0.0148246556659588,0.0221597368221309,-0.0302846752802872,-0.0193181330483426,-0.0083878389318657,0.0140217641310989,3.0,-0.0058052964303829,0.0185481509230145,0.7184497119754244,267.16436098575383,261.82107376603875,-0.02,-40.00000000000004,0,0,SL,SL,5,HIGH,2024
NVDA,2024-08-28,2024-08-29,2024-08-29,-0.0209665714210154,0.042995884690896,0.4876413538585679,1.2245553376797336,0.0737182579067732,0.0410485527912376,0.4392463895288483,-0.0290637655887453,-0.0224901689178661,0.0637703163735077,3.0,-0.0058052964303829,0.0185481509230145,0.7184497119754244,121.16030816238968,118.73710199914188,-0.02,-40.00000000000004,0,0,SL,SL,4,HIGH,2024
AAPL,2024-09-03,2024-09-04,2024-09-09,-0.0272052285382445,0.0175838089917299,1.547174935250937,1.1339441059672672,0.0011366935588776,0.0046903475988615,0.1491270088382394,-0.0164246032910618,-0.019412043027823,-0.0138120290037896,3.0,-0.020578915993978,0.0058196228670781,1.2123488530068454,219.82116129878528,215.4247380728096,-0.0199999999999999,-39.999999999999815,3,3,SL,SL,4,HIGH,2024
JPM,2024-09-03,2024-09-04,2024-09-05,-0.0200178944650933,0.0130406657739294,1.5350362329745997,1.2932557523318704,0.032345665234732,0.0523710545501814,0.1758833516533284,-0.0044738018003415,0.0051557711171046,0.0225110042917568,1.0,-0.020578915993978,0.0058196228670781,1.2123488530068454,212.12723207920712,207.88468743762297,-0.02,-40.00000000000004,1,1,SL,SL,4,HIGH,2024
NFLX,2024-09-03,2024-09-04,2024-09-11,-0.0371141994194328,0.0253086471757227,1.466463187927112,1.0680695850206705,0.0107689139942646,0.0244563394180421,0.1444779359707162,-0.0124591274482809,-0.0190576383653343,-0.0191857901093664,2.0,-0.020578915993978,0.0058196228670781,1.2123488530068454,67.33100128173828,68.14700317382812,0.0121192597251804,24.23851945036093,5,5,TIME,TIME,4,HIGH,2024
XOM,2024-09-03,2024-09-04,2024-09-06,-0.0209428583094419,0.0190660808887898,1.0984354063952186,1.2737139114999232,-0.0110830211883991,0.0018157382099623,0.0605260327839027,-0.0090113322658779,-0.0281120104111152,-0.0258162710407185,4.0,-0.020578915993978,0.0058196228670781,1.2123488530068454,108.13292466802255,105.97026617466211,-0.02,-40.00000000000004,2,2,SL,SL,3,MEDIUM,2024
ABBV,2024-09-05,2024-09-06,2024-09-13,-0.0210647969899326,0.0145071738847929,1.4520262290378734,1.4001114813980242,-0.0092773439584487,0.0557519802494612,0.1540310968521558,-0.0175742425505113,-0.0129988958064412,-0.0186739718122312,3.0,-0.0024321808589056,0.0008456056039185,0.9461433601391932,181.169361866873,181.86231994628903,0.0038249186963812,7.649837392762482,5,5,TIME,TIME,4,HIGH,2024
JPM,2024-09-06,2024-09-09,2024-09-10,-0.0237559017334351,0.0160265572598819,1.4822835215459211,1.1592954190911822,-0.014694211714279,0.009296340068269,0.1279171544208772,-0.0355877133495984,-0.0438773272331581,-0.0192493583302567,4.0,-0.0168299785200245,-0.0158140071291438,1.455927580495904,206.51312105129105,202.3828586302652,-0.02,-40.00000000000004,1,1,SL,SL,4,HIGH,2024
NFLX,2024-09-06,2024-09-09,2024-09-16,-0.0261109394907159,0.0259259496331542,1.0071353165526922,1.087998661506678,-0.0166001820799199,0.0096643324025116,0.1222618116679565,-0.0141413586811988,-0.0385714761040465,-0.0336594304287868,2.0,-0.0168299785200245,-0.0158140071291438,1.455927580495904,67.4000015258789,70.09600158691407,0.04,80.00000000000007,5,5,TP,TP,4,HIGH,2024
ABBV,2024-09-11,2024-09-12,2024-09-19,-0.0238777005038512,0.0168669598906092,1.4156493321090642,1.1384623233508495,-0.0060122541054892,0.0527810186092618,0.1559026281743976,0.0061530132020717,-0.0122835869003414,-0.0067884734430637,2.0,0.010259077279622,0.0092909075970075,1.5800398513412055,182.396077266414,181.30979919433597,-0.0059555999688053,-11.911199937610697,5,5,TIME,TIME,3,MEDIUM,2024
WMT,2024-09-17,2024-09-18,2024-09-25,-0.024329865054486,0.0145038337062472,1.6774782135020274,1.331039313108171,0.0172320883742778,0.0819855240825204,0.262262918207983,-0.0133065640391194,-0.0026646628465148,0.0185304944330899,2.0,0.0004087336229028,0.0236727758412682,1.04632093164801,77.23037940101375,79.94090270996094,0.0350965945003709,70.1931890007419,5,5,TIME,TIME,5,HIGH,2024
NFLX,2024-09-18,2024-09-19,2024-09-26,-0.0232562105186586,0.0252033057275148,0.922744451465724,1.2279005468033195,0.004518660612631,0.0454990850285319,0.1475334714271854,-0.0094540527258508,0.013206654065017,0.0158750399328655,2.0,-0.0029656033947648,0.0204299264107195,1.2198559288724344,70.5,71.14299774169922,0.0091205353432513,18.2410706865026,5,5,TIME,TIME,4,HIGH,2024
NEE,2024-09-19,2024-09-20,2024-09-27,-0.0236114966751126,0.0188444702262454,1.2529668593297985,1.7924393897193875,0.0107895161756657,0.058709064354435,0.2248823862140212,-0.0277644420277016,-0.0140185198563133,0.0243993552663273,3.0,0.0170641543468708,0.0374783693065357,1.5035068618068472,77.53908310739074,79.69792175292969,0.027841941883024,55.68388376604805,5,5,TIME,TIME,5,HIGH,2024
PLD,2024-09-20,2024-09-23,2024-09-30,-0.0235797713104206,0.0222825114630435,1.05821874475544,2.494886514790947,-0.0184288319896688,0.0078011803755337,0.0426835429035825,-0.0263832665137178,-0.0275152163131596,-0.0064954766894163,3.0,-0.0017286028901163,0.0351766386404615,1.5148478469498048,119.3558272761903,119.05413818359376,-0.0025276444349754,-5.055288869950881,5,5,TIME,TIME,4,HIGH,2024
TSLA,2024-09-20,2024-09-23,2024-09-24,-0.0232453190042176,0.0462269440635071,0.502852167175121,1.292679566529108,0.0745341028023163,0.0733026248689672,0.1778755174470525,0.0455523109897568,0.0345651437141558,0.1305936735653077,3.0,-0.0017286028901163,0.0351766386404615,1.5148478469498048,242.6100006103516,252.31440063476563,0.04,80.00000000000007,1,1,TP,TP,3,MEDIUM,2024
AAPL,2024-10-01,2024-10-02,2024-10-07,-0.0291416378506752,0.0213929010814392,1.3622106576259976,1.0164696676119291,0.0101817530438843,0.0178613375021574,0.1473248470850301,-0.0057578064056703,-0.0051017425100005,0.0434522103615369,2.0,-0.0089584969691969,0.0317357789780787,1.3749268014875262,224.0160654907427,219.53574418092785,-0.02,-40.00000000000004,3,3,SL,SL,5,HIGH,2024
DIS,2024-10-01,2024-10-02,2024-10-08,-0.022247648693928,0.0173995673219366,1.278632294831788,1.118597942392073,0.0232446916859145,0.0391209023697325,-0.0632367896140266,-0.0120797743881916,0.0038424936751475,0.0128149810366093,1.0,-0.0089584969691969,0.0317357789780787,1.3749268014875262,91.45715143597444,89.62800840725495,-0.02,-40.00000000000004,4,4,SL,SL,5,HIGH,2024
MSFT,2024-10-01,2024-10-02,2024-10-07,-0.0223332293047171,0.0163438924503661,1.3664571871443536,1.0164518813215806,-0.0096646267971748,0.0038530570280244,0.0143139134263479,-0.024622564645705,-0.0197591146421156,-0.0332299417620972,3.0,-0.0089584969691969,0.0317357789780787,1.3749268014875262,416.0082934736332,407.68812760416057,-0.0199999999999999,-39.999999999999815,3,3,SL,SL,4,HIGH,2024
TSLA,2024-10-02,2024-10-03,2024-10-03,-0.0348809593226284,0.0394575249089787,0.884012856941545,1.149535058783411,0.0418745796114572,0.1165504485369508,0.2276922653960595,-0.04392224356112,-0.0311259243761985,0.0960387659212402,3.0,0.0004221833121256,0.0315434718609652,0.7271058875216748,244.47999572753903,239.59039581298828,-0.02,-40.00000000000004,0,0,SL,SL,4,HIGH,2024
TSLA,2024-10-03,2024-10-04,2024-10-07,-0.0335716025496675,0.0424991941813891,0.7899350375064031,1.0113032706583414,0.0046924267493271,0.0766841167260292,0.1868523216174142,-0.0801513619590225,-0.0533396172350008,-0.0133650152972614,3.0,-0.0018281779867485,0.0286039651510068,0.7821163584414197,246.69000244140625,241.75620239257813,-0.02,-40.00000000000004,1,1,SL,SL,4,HIGH,2024
AMZN,2024-10-07,2024-10-08,2024-10-11,-0.0306149355168676,0.0227244068269431,1.3472270475535175,1.1157910927821584,-0.0337286342418767,0.0088159939517096,0.0207878415520461,-0.0214331650401278,-0.0296785205010137,-0.0674644187210572,4.0,-0.0090404831795332,0.0262906435114262,0.9716256952153396,181.9199981689453,189.19679809570317,0.04,80.00000000000006,3,3,TP,TP,4,HIGH,2024
DIS,2024-10-07,2024-10-08,2024-10-15,-0.0290069527380379,0.018732728383739,1.5484638512784672,1.2192573235095878,-0.0062439981621621,0.0173092749269518,-0.0799014283839597,-0.0186936944407589,-0.0395052373310061,-0.0062386321733878,3.0,-0.0090404831795332,0.0262906435114262,0.9716256952153396,90.41153828525265,92.07278442382812,0.0183742713605223,36.74854272104477,5,5,TIME,TIME,4,HIGH,2024
NFLX,2024-10-07,2024-10-08,2024-10-10,-0.0247047359701617,0.0220273483938449,1.1215483374778292,1.2659896889933675,-0.001611525694097,0.0370245382488434,0.136575540976217,-0.0128956925556513,-0.0103627756723359,-0.004891067215291,3.0,-0.0090404831795332,0.0262906435114262,0.9716256952153396,70.38800048828125,73.2035205078125,0.04,80.00000000000007,2,2,TP,TP,4,HIGH,2024
AMD,2024-10-10,2024-10-11,2024-10-15,-0.0399953889942752,0.0332431267998709,1.2031175417118256,2.213194912400162,0.0192925004330102,0.0922599229855289,0.0121896339974465,-0.039714619503083,0.008166942108803,-0.0197624497511758,2.0,-0.0017500368840644,0.0378249433732444,0.8966943890701778,164.19000244140625,160.9062023925781,-0.0200000000000001,-40.000000000000256,2,2,SL,SL,5,HIGH,2024
PFE,2024-10-10,2024-10-11,2024-10-18,-0.0281550020649539,0.0208881069808595,1.347896297675668,1.1243843910592526,0.0033341931118848,0.0084553649345391,0.0594735657510039,0.0047945433484155,0.0352858170061136,0.0127719214220973,2.0,-0.0017500368840644,0.0378249433732444,0.8966943890701778,25.63696544153383,25.51471710205078,-0.0047684403117772,-9.536880623554511,5,5,TIME,TIME,4,HIGH,2024
CAT,2024-10-14,2024-10-15,2024-10-22,-0.0200735768164402,0.0227965875020608,0.8805518288483153,1.1600651405461309,0.0220415801597455,0.0998076798554876,0.1640539055141423,-0.005653938955018,-0.0107972160934748,0.0072357140932037,2.0,0.0081784553619244,0.0491281681911714,0.7338985518567681,381.1122196570243,380.3567504882813,-0.0019822748518085,-3.964549703617149,5,5,TIME,TIME,4,HIGH,2024
AVGO,2024-10-15,2024-10-16,2024-10-23,-0.0347210571307592,0.0347117228383775,1.0002689089338832,1.0887703616689848,0.0055655086033958,0.0752677910403545,0.232720582092945,-0.0522914506846782,-0.0262822537473692,0.0508148111961457,3.0,-0.0077696023223633,0.0385906333282433,1.0929646885958222,175.7910623441153,172.275241097233,-0.0199999999999999,-39.99999999999981,5,5,SL,SL,5,HIGH,2024
XOM,2024-10-15,2024-10-16,2024-10-23,-0.0300612345856422,0.0225236080576391,1.3346544882469062,1.0114965676407424,0.006940232743547,0.0285653257509923,0.0788629543335068,-0.022657191324751,-0.0138479535874498,0.0035020578735869,1.0,-0.0077696023223633,0.0385906333282433,1.0929646885958222,113.38528113909746,112.80377197265624,-0.0051286124671493,-10.2572249342987,5,5,TIME,TIME,5,HIGH,2024
HD,2024-10-21,2024-10-22,2024-10-29,-0.0207230044083798,0.0174775039679889,1.1856958777600723,1.1835691993671849,-0.0070913713572606,0.0549020349029152,0.1351162284264573,-0.0291680052572039,-0.0217130812098347,-0.0040681321080847,3.0,-0.0016422798462758,0.0367636464196385,0.8330264264540242,381.34093416063297,373.7141154774203,-0.02,-40.00000000000004,5,5,SL,SL,4,HIGH,2024
MS,2024-10-21,2024-10-22,2024-10-29,-0.0229638517446887,0.0229540332497365,1.0004277459584283,1.215715380896808,0.0827733068579745,0.1409256606657702,0.2444830469146062,-0.0102920812998782,0.0534376646218872,0.0988478677513602,3.0,-0.0016422798462758,0.0367636464196385,0.8330264264540242,111.7066142903585,113.27324676513672,0.0140245274170254,28.04905483405085,5,5,TIME,TIME,5,HIGH,2024
UPS,2024-10-21,2024-10-22,2024-10-24,-0.0338408318496079,0.0161207603711853,2.099208168250917,1.3201083242489902,-0.0135539869298566,0.0094550927044392,-0.053450292600933,-0.0332009189320132,-0.0240767500537926,0.0009907992412065,3.0,-0.0016422798462758,0.0367636464196385,0.8330264264540242,115.43782759325,120.05534069698,0.04,80.00000000000007,2,2,TP,TP,4,HIGH,2024
AAPL,2024-10-23,2024-10-24,2024-10-31,-0.0216230709063617,0.0182966669530782,1.1818038204342949,1.302156002458026,0.0044965698384218,0.0188492589751627,0.1520221869706144,-0.018042653414344,-0.0044007798500802,0.0053149352159738,2.0,-0.0091374725646238,0.0234977901783843,1.129614946268123,228.0721400698136,223.5106972684173,-0.02,-40.00000000000004,5,5,SL,SL,5,HIGH,2024
AMZN,2024-10-23,2024-10-24,2024-10-30,-0.0263046405622054,0.020905361629582,1.2582724483934906,1.029705875240805,-0.0096243765259275,0.0096609865554513,0.0301631643990816,-0.0226466937663096,-0.0116645763973499,-0.0024841575829063,1.0,-0.0091374725646238,0.0234977901783843,1.129614946268123,185.25,192.66,0.04,80.00000000000009,4,4,TP,TP,4,HIGH,2024
AVGO,2024-10-23,2024-10-24,2024-10-24,-0.0327238351284047,0.0338391373134267,0.9670410573800444,1.0253186239480785,-0.0220050296292295,0.0354961856964952,0.1971938667596067,-0.0354661035745524,-0.018719677169891,-0.0668996843878126,3.0,-0.0091374725646238,0.0234977901783843,1.129614946268123,171.60580866000575,168.17369248680563,-0.02,-40.00000000000004,0,0,SL,SL,3,MEDIUM,2024
META,2024-10-23,2024-10-24,2024-10-29,-0.0314772414689259,0.02100573772078,1.4985068311972132,1.3813301715901671,-0.0285671347120488,0.0259778074926548,0.1413930621862344,-0.0221694403757698,-0.022711843157355,-0.0454185487670345,3.0,-0.0091374725646238,0.0234977901783843,1.129614946268123,563.885798473118,586.4412304120427,0.04,80.00000000000007,3,3,TP,TP,4,HIGH,2024
NVDA,2024-10-23,2024-10-24,2024-10-30,-0.028066224369082,0.0333906634670482,0.8405410810952988,1.0851340468634605,0.0651198742370469,0.1298068714405225,0.3711251000145013,0.0113042739648536,0.0282934733527988,0.0520919404943991,2.0,-0.0091374725646238,0.0234977901783843,1.129614946268123,140.6003124972593,137.7883062473141,-0.0200000000000001,-40.000000000000256,4,4,SL,SL,3,MEDIUM,2024
NEE,2024-10-24,2024-10-25,2024-10-29,-0.0253059064324533,0.0212189481451596,1.1926089012204857,1.0634251799613532,-0.0062341703064878,0.0083564888211102,0.1799088063354097,-0.0145184306838764,-0.01157776623762,0.0231036202874157,3.0,0.0021628025973028,0.0243635646206279,0.813707261346166,78.1518583382883,76.58882117152254,-0.02,-40.00000000000004,2,2,SL,SL,4,HIGH,2024
TSLA,2024-10-28,2024-10-29,2024-10-29,-0.0248151588662185,0.0430731965803812,0.576116026585341,1.259314772016961,0.1111464151136889,0.1339662353045587,0.3011774297993084,0.2286918664402761,0.199497383799287,0.197800718101605,3.0,0.003091430193628,0.0251493995702545,0.7257451980083478,264.510009765625,259.2198095703125,-0.0199999999999999,-39.999999999999815,0,0,SL,SL,2,LOW,2024
CAT,2024-10-30,2024-10-31,2024-11-06,-0.0213415051013227,0.0205396401855491,1.039039871610687,1.8540926655997505,-0.0289922391823402,0.0257091632023738,0.1045947279684302,-0.017436556204243,-0.016825468059358,-0.0330712147944265,3.0,-0.0030255297407282,0.0220104485412435,1.0293078159682345,369.4785136561292,384.2576542023744,0.04,80.00000000000006,4,4,TP,TP,4,HIGH,2024
AMZN,2024-10-31,2024-11-01,2024-11-04,-0.0328438850795356,0.0211143559037821,1.5555238923320598,2.3340215599475407,-0.004632445070702,0.0110948865163023,0.033456169688669,-0.010563222568137,0.0001072487023725,-0.0060257286309823,1.0,-0.0196031957578906,0.0016321729697299,1.4599328987597515,199.0,195.02,-0.0199999999999999,-39.999999999999815,1,1,SL,SL,4,HIGH,2024
AVGO,2024-10-31,2024-11-01,2024-11-06,-0.0388926871484964,0.0331246287890347,1.1741320150694363,1.3411702708781852,-0.0454315179014125,0.0064152878538745,0.155833037143801,-0.0130798691706826,-0.0092210066524067,-0.0647827143894591,3.0,-0.0196031957578906,0.0016321729697299,1.4599328987597515,165.69718646200965,172.32507392049004,0.04,80.00000000000006,3,3,TP,TP,4,HIGH,2024
MA,2024-10-31,2024-11-01,2024-11-06,-0.0274483954841935,0.0154412206421607,1.777605289134231,2.4108528316052054,-0.0136315958557748,0.0108382687165091,0.0735247663369262,-0.0169614469754427,-0.0216011757023921,-0.0275808170156808,3.0,-0.0196031957578906,0.0016321729697299,1.4599328987597515,495.1524691313103,514.9585678965627,0.04,80.00000000000007,3,3,TP,TP,4,HIGH,2024
ORCL,2024-10-31,2024-11-01,2024-11-06,-0.0384966366238099,0.0176571289162654,2.180231950866462,1.6485533085869146,-0.0345099991372767,0.032794125275497,0.2529745709891242,-0.0265629025555551,-0.0375042069982322,-0.0446264290168502,3.0,-0.0196031957578906,0.0016321729697299,1.4599328987597515,166.86478450753503,173.53937588783643,0.04,80.00000000000007,3,3,TP,TP,4,HIGH,2024
CAT,2024-11-07,2024-11-08,2024-11-08,-0.0207974059783019,0.0242259553228713,0.85847619634085,1.3453916220451327,0.0475880531726324,0.0885151244237847,0.1778483902220273,0.0841654704492989,0.0850875815802174,0.0546424950998956,2.0,0.0077320619787468,0.0449508162824801,1.1102188332115577,392.59597584055376,384.74405632374265,-0.0200000000000001,-40.000000000000256,0,0,SL,SL,3,MEDIUM,2024
GS,2024-11-07,2024-11-08,2024-11-15,-0.0231716616073658,0.0256380141958637,0.9038009508202922,1.8441063463776923,0.1020552450327394,0.1502590990448273,0.2884268290710943,0.1382291192132254,0.1243362025425751,0.109952500419082,2.0,0.0077320619787468,0.0449508162824801,1.1102188332115577,563.608279614201,570.4513549804688,0.0121415451365476,24.28309027309528,5,5,TIME,TIME,2,LOW,2024
CAT,2024-11-08,2024-11-11,2024-11-13,-0.036353809139467,0.027300698792001,1.331607275566096,1.3665017367669792,0.010439146066604,0.0465441035985081,0.1334596689162595,0.0260843280783329,0.0361930095708411,0.0191725565621345,3.0,0.0043317120961334,0.0479495050541782,1.0863569690844292,389.60960551118654,381.8174134009628,-0.0200000000000001,-40.000000000000256,2,2,SL,SL,4,HIGH,2024
CRM,2024-11-14,2024-11-15,2024-11-18,-0.0294688302256918,0.0280566710703026,1.0503323844746448,1.4775413940465378,0.0872449972100504,0.163972652561072,0.208952728145612,-0.0294970080244277,0.0671533683000535,0.1382433283790749,2.0,-0.0064299985241053,0.0330762838460889,0.8980596223353207,322.7967888965877,316.340853118656,-0.02,-40.00000000000004,1,1,SL,SL,5,HIGH,2024
NVDA,2024-11-15,2024-11-18,2024-11-19,-0.0325702500182754,0.0322479906483918,1.0099931612297086,1.2105360471488475,-0.0017999071197298,0.0840895130248873,0.3040226341314926,-0.0425516609520394,-0.0382713844793755,0.048596740532725,3.0,-0.0128086394804487,0.0181761081151894,1.6793559604652282,139.28235565663965,144.85364988290524,0.04,80.00000000000007,1,1,TP,TP,4,HIGH,2024
BLK,2024-11-19,2024-11-20,2024-11-27,-0.0208196410001356,0.0216117585035116,0.9633478458845798,1.1929327370145686,0.0146001003406228,0.0541577948874278,0.2151032310657268,-0.0181170544743037,-0.0079508568444487,0.0135652915145476,2.0,0.0036553682972868,0.0230051853241284,1.0732798242855082,995.445796711894,983.0069580078124,-0.0124957468755896,-24.99149375117926,5,5,TIME,TIME,4,HIGH,2024
AMZN,2024-11-21,2024-11-22,2024-11-26,-0.0221805988352538,0.0279550060773197,0.7934392421130326,1.2446701973246788,-0.0121058827642926,0.0290241250736589,0.0801113685045271,-0.0164600501520166,-0.0619443498646745,-0.0555581909040474,4.0,0.0053685648345396,0.0262111072391997,1.0018764436036118,198.25,206.18,0.04,80.00000000000007,2,2,TP,TP,3,MEDIUM,2024
NVDA,2024-11-22,2024-11-25,2024-11-25,-0.0321811534025134,0.0381673634082764,0.8431589328891159,1.0808156167542966,-0.0065019667755311,0.059276202275756,0.281485200233075,-0.0344194455859435,-0.0002111883770183,-0.0384744903848194,3.0,0.0030993941282533,0.0281399068529561,0.8272205649563467,141.76848775116036,138.93311799613716,-0.02,-40.00000000000004,0,0,SL,SL,3,MEDIUM,2024
NFLX,2024-11-25,2024-11-26,2024-12-02,-0.0358658622259435,0.0254723075094587,1.4080334972646402,1.854577468589023,0.0623192977707753,0.1407179063220032,0.3029370101312019,-0.02065965926556,0.0218876835697765,0.0746796717988704,1.0,0.003392105066349,0.0303320601494947,0.9064029898352308,86.7490005493164,90.21896057128906,0.04,80.00000000000007,3,3,TP,TP,5,HIGH,2024
ORCL,2024-11-25,2024-11-26,2024-11-27,-0.0223619162071823,0.0245757725563866,0.9099171208504292,2.011790205571111,0.026902987426675,0.0691010737981412,0.3420834473085226,-0.0144693623656443,0.0121681449290222,-0.006027719612564,2.0,0.003392105066349,0.0303320601494947,0.9064029898352308,184.68398963627945,180.99030984355383,-0.02,-40.00000000000004,1,1,SL,SL,4,HIGH,2024
CRM,2024-11-27,2024-11-29,2024-12-04,-0.0383763928699899,0.0329621891924688,1.164254978512112,1.1738865046651443,0.0210373247800865,0.1016181311646629,0.193960979271049,-0.0351149650485141,0.0132328842625824,-0.034267978989354,2.0,-0.0030299846945225,0.0297876373467846,0.7298014940880524,325.1763388395336,338.1833923931149,0.04,80.00000000000006,3,3,TP,TP,5,HIGH,2024
CVX,2024-12-04,2024-12-05,2024-12-06,-0.0222331103883342,0.0151556728176513,1.4669827368165425,1.044140281077406,-0.0065991689058221,0.0367914009784424,0.0472389513581239,-0.0222935607517545,-0.0259027248764228,-0.0080199691483485,4.0,0.0062095106190234,0.039989685698879,0.9726245058749452,148.0974157092234,145.13546739503894,-0.02,-40.00000000000004,1,1,SL,SL,4,HIGH,2024
CVX,2024-12-06,2024-12-09,2024-12-13,-0.0256701843296611,0.0162973525804927,1.57511376175216,1.3253308306728906,-0.0269192026414881,0.0124444436452444,0.0264143700485894,-0.0412550789527751,-0.0413143532844388,-0.0395349772326003,3.0,0.0018955917276137,0.0376844889981164,0.7578965499046914,145.96834413289952,143.0489772502415,-0.0199999999999999,-39.999999999999815,4,4,SL,SL,4,HIGH,2024
NFLX,2024-12-09,2024-12-10,2024-12-17,-0.0225195856551645,0.0249467127041355,0.9027075399570116,1.034198535495104,0.0445914329483454,0.1512099693743369,0.3457208633488837,0.0028867525758606,0.0177668499101459,0.017710199257906,1.0,-0.0051495705890026,0.031171553385171,0.8549688990473153,91.3759994506836,91.91300201416016,0.0058768447590702,11.753689518140488,5,5,TIME,TIME,3,MEDIUM,2024
AVGO,2024-12-17,2024-12-18,2024-12-18,-0.0390800405914028,0.0501632296837496,0.7790575056227449,1.985130300256807,0.3372335615184463,0.3517041453867795,0.5456065766921046,0.3297353208569908,0.398230683880461,0.4286650516078558,2.0,-0.0041198888264414,0.0231767671602456,1.45684032026012,235.7634966722545,231.04822673880943,-0.02,-40.00000000000004,0,0,SL,SL,1,LOW,2024
AAPL,2024-12-18,2024-12-19,2024-12-24,-0.0214217124163833,0.015112163071432,1.4175146413605637,1.2986147660843794,0.0274668326707605,0.0609657026145717,0.1827578370523206,-0.0003223431098354,0.0063288834527694,0.020739905137902,1.0,-0.0298035611594255,-0.0077580570313958,2.6257567637092527,245.71681628677703,255.54548893824813,0.04,80.00000000000007,3,3,TP,TP,4,HIGH,2024
BLK,2024-12-18,2024-12-19,2024-12-19,-0.027563359407717,0.0210293229453429,1.3107107384938943,1.1149569757323794,-0.0160414674102126,0.0045623050022043,0.1765684516819374,-0.0343005946215375,-0.0422057012493137,-0.0093213668679764,4.0,-0.0298035611594255,-0.0077580570313958,2.6257567637092527,1008.2920860184388,988.12624429807,-0.02,-40.00000000000004,0,0,SL,SL,3,MEDIUM,2024
CRM,2024-12-18,2024-12-19,2024-12-20,-0.0380522915072315,0.0335192203905691,1.1352379638858725,1.1031294732556765,-0.0232275466221415,0.054209788375118,0.205134682820119,-0.0471203982953528,-0.0485705431120894,-0.0822442206401681,3.0,-0.0298035611594255,-0.0077580570313958,2.6257567637092527,337.7650416623256,331.009740829079,-0.02,-40.00000000000003,1,1,SL,SL,3,MEDIUM,2024
GOOGL,2024-12-18,2024-12-19,2024-12-20,-0.035922614641908,0.0282108253426573,1.2733627678588253,1.042259493361968,0.0573203855962534,0.088115569641469,0.1287256898139523,-0.0074808062831726,-0.0358240061479552,0.0816992615050073,4.0,-0.0298035611594255,-0.0077580570313958,2.6257567637092527,190.63425468245924,186.8215695888101,-0.02,-40.00000000000004,1,1,SL,SL,4,HIGH,2024
HON,2024-12-18,2024-12-19,2024-12-27,-0.0268946963499702,0.021970755510905,1.2241134055049296,1.5908648568035657,-0.009202147143578,0.0236919003311684,0.0992345832772436,-0.0033387939239948,-0.0096044416992081,-0.0127506772701534,4.0,-0.0298035611594255,-0.0077580570313958,2.6257567637092527,218.2056909487081,219.05514526367188,0.0038929063273762,7.785812654752533,5,5,TIME,TIME,3,MEDIUM,2024
MA,2024-12-18,2024-12-19,2024-12-27,-0.0208095912871366,0.0157677051889777,1.3197602972487996,1.2264606099049489,-0.0124114189127838,0.0028842052319055,0.0911100370366648,-0.0170889111511188,-0.027112232903566,-0.0022644026901056,3.0,-0.0298035611594255,-0.0077580570313958,2.6257567637092527,518.6218062091313,526.576904296875,0.0153389194062076,30.67783881241537,5,5,TIME,TIME,3,MEDIUM,2024
META,2024-12-18,2024-12-19,2024-12-19,-0.0359195396608056,0.0282964828917827,1.2693994443824186,1.5142190538602809,-0.0023794811709576,0.0201297782625664,0.1414499002930678,-0.0365574788423336,-0.0553332639275038,-0.0262443561102528,4.0,-0.0298035611594255,-0.0077580570313958,2.6257567637092527,607.3878634532757,595.2401061842102,-0.02,-40.00000000000004,0,0,SL,SL,3,MEDIUM,2024
MSFT,2024-12-18,2024-12-19,2024-12-20,-0.037561104854187,0.018084564649471,2.076970365735936,1.1525485422874209,0.0052446927805054,0.0278566286081565,0.0341491479229854,-0.0220895600023822,-0.0258357905494753,-6.853520463911966e-05,2.0,-0.0298035611594255,-0.0077580570313958,2.6257567637092527,435.6224481744677,426.9099992109784,-0.02,-40.00000000000004,1,1,SL,SL,4,HIGH,2024
V,2024-12-18,2024-12-19,2024-12-27,-0.0267674229344521,0.0140998733189827,1.8984158459363576,1.7057447128864365,-0.0085550839784396,0.0303899268947067,0.1081079409162326,-0.015759164684995,-0.0127795240684797,-0.0003873092661497,1.0,-0.0298035611594255,-0.0077580570313958,2.6257567637092527,307.78259909112774,314.52398681640625,0.0219030827122312,43.80616542446258,5,5,TIME,TIME,3,MEDIUM,2024
AVGO,2024-12-19,2024-12-20,2024-12-20,-0.0237008264444484,0.0619601370217673,0.3825173342680329,1.06271095730418,0.1781086795797064,0.2181066145687777,0.3967537859853594,-0.1267198989293159,0.2084579824004666,0.2806947507212256,3.0,-0.0003070465047961,-0.0083634704564681,1.9971961917300909,217.0036349117485,225.68378030821847,0.04,80.00000000000006,0,0,TP,TP,2,LOW,2024
TSLA,2024-12-20,2024-12-23,2024-12-23,-0.0346424912395865,0.0580558456918125,0.5967097856688708,1.4587698119311203,0.0737628543823452,0.3134581180426561,0.8230175651127944,-0.1225357178925635,-0.0347752631540286,0.0818046252454434,3.0,0.0120109061557289,0.0029696934982261,2.6766241458615347,431.0,422.38,-0.02,-40.00000000000004,0,0,SL,SL,3,MEDIUM,2024
WMT,2024-12-23,2024-12-24,2025-01-02,-0.0204899748085514,0.0190270914049788,1.0768842369249252,1.3207188673187926,-0.0314189621805587,0.0348357408080106,0.2414836269297258,-0.034206246204533,-0.0476440691911561,-0.0349550179387594,4.0,0.0059883138459082,0.0083922389877868,1.2022774847540147,88.94675785137672,88.58257293701172,-0.0040944147168749,-8.188829433749987,5,5,TIME,TIME,4,HIGH,2024
BA,2024-12-30,2024-12-31,2025-01-02,-0.0230743589020494,0.0329853936035962,0.6995326228132007,1.5817786185253628,0.0469015685928109,0.1195435563188112,0.0403095823046095,-0.0155570053702702,-0.0045108712953235,0.0406720271353715,1.0,-0.0114117926552489,-0.0047702844076403,1.1287946499824433,177.5399932861328,173.98919342041015,-0.02,-40.00000000000004,1,1,SL,SL,4,HIGH,2024
AAPL,2025-01-02,2025-01-03,2025-01-10,-0.0262360213894238,0.0191892263813599,1.3672266337380332,1.1776303328749844,-0.024090588724832,0.0259371975095661,0.1425975199288136,-0.0459328610567755,-0.055577242729598,-0.0379911230514409,4.0,-0.0024570183326234,-0.0110421579869832,0.955294904297828,241.60665893554688,236.77452575683597,-0.02,-40.00000000000004,4,4,SL,SL,4,HIGH,2025
BA,2025-01-02,2025-01-03,2025-01-10,-0.0289830784339689,0.0330773253036081,0.8762219486594162,1.0613679541045742,0.0079937827595775,0.0851803517443241,0.0131358994656336,-0.0489708169750818,-0.0416527343216237,-0.0067040609737794,2.0,-0.0024570183326234,-0.0110421579869832,0.955294904297828,171.39999389648438,167.97199401855468,-0.02,-40.00000000000004,4,4,SL,SL,4,HIGH,2025
META,2025-01-14,2025-01-15,2025-01-23,-0.0231455219463718,0.0287084559363505,0.806226639206504,1.0464854082316644,-0.0185935883544101,0.0027525023696324,0.117740742902531,-0.0269682434817053,-0.0570454973924058,-0.0092696036619879,4.0,0.0013757365727138,-0.0172123222478269,0.8215378703141681,607.2087300599234,631.4970792623203,0.04,80.00000000000007,5,5,TP,TP,3,MEDIUM,2025
CVX,2025-01-21,2025-01-22,2025-01-29,-0.0200035737002495,0.0183355884774146,1.0909698221515751,1.1295868491000232,0.0580299213392141,0.0257149676949661,0.0452144825944202,-0.0005683503194029,0.0186032772836164,0.0702740396158763,1.0,0.0091534804439163,0.0143530022507412,0.7488313182758018,146.60055259414003,144.75039672851562,-0.0126203880741605,-25.240776148321096,5,5,TIME,TIME,5,HIGH,2025
GE,2025-01-24,2025-01-27,2025-01-30,-0.0201693287197125,0.0263205652286437,0.7662954250603636,1.3794396472048378,0.1107469735957185,0.1193243376991204,0.1560894455710544,0.0493333299412994,0.0946367289584653,0.1380067828855404,1.0,-0.0029192649597693,0.0210723981422074,0.6986179740892349,192.71752413869825,200.42622510424616,0.04,80.00000000000009,3,3,TP,TP,2,LOW,2025
NVDA,2025-01-24,2025-01-27,2025-01-27,-0.0312458544490442,0.0451048648233708,0.692738013325215,1.1683123330205156,0.0232604301052008,0.0220998529078544,0.1730166849923664,0.0127103061730393,0.0677545794963498,0.0179144914329465,1.0,-0.0029192649597693,0.0210723981422074,0.6986179740892349,124.61389107098998,122.12161324957016,-0.02,-40.00000000000004,0,0,SL,SL,3,MEDIUM,2025
CAT,2025-01-27,2025-01-28,2025-01-30,-0.0310330896869448,0.0235316993420932,1.3187780973995875,1.4748148645656871,0.0559530643101764,0.0363757289933113,0.1020315474753712,-0.0066145615951175,0.0269624078459818,0.1294244971450446,2.0,-0.0141454583328227,0.0065403344861987,1.3690759835020752,387.2347967060406,379.4901007719197,-0.0200000000000001,-40.000000000000256,2,2,SL,SL,5,HIGH,2025
MSFT,2025-01-27,2025-01-28,2025-01-30,-0.0213934815468785,0.0220732357831775,0.9692045949684902,1.8791819650656167,0.0149192437198157,0.0090821847826769,0.0237736089223459,-0.026086987873683,0.0128896070814057,0.0372597562421008,3.0,-0.0141454583328227,0.0065403344861987,1.3690759835020752,428.6978498364148,420.1238928396865,-0.02,-40.00000000000004,2,2,SL,SL,4,HIGH,2025
BA,2025-01-29,2025-01-30,2025-01-31,-0.0231746830097699,0.0341060514060084,0.6794888899301694,1.2912501704416532,0.0044827751496128,0.0496552596864869,0.0301731918712402,-0.013631681982079,-0.0065217355248609,0.0397557132067638,3.0,-0.0044828644654661,0.0100868604801096,0.7411135162105998,174.58999633789062,181.57359619140627,0.04,80.00000000000009,1,1,TP,TP,4,HIGH,2025
CRM,2025-01-30,2025-01-31,2025-01-31,-0.0294632352748797,0.0312869917231096,0.9417087950043188,1.2290015283390323,0.0349975406562494,0.0166604581478859,0.2085804561366131,-0.010169891932557,0.0266240646207907,0.0697783559676199,3.0,0.0053670822667903,0.0150419486359845,0.7967911151805794,343.9925143071796,337.112664021036,-0.02,-40.00000000000004,0,0,SL,SL,4,HIGH,2025
AMZN,2025-02-05,2025-02-06,2025-02-07,-0.0243328077710266,0.0241079389942682,1.0093275819559644,1.164762354469745,0.0259451016746841,0.0542804575897022,0.2095343996898238,-0.0063530568552975,-0.0037963855716365,0.0049359758700628,3.0,0.0040544230627781,0.0116706046155761,0.6194436321875223,238.00999450683597,233.2497946166992,-0.02,-40.00000000000004,1,1,SL,SL,5,HIGH,2025
DUK,2025-02-13,2025-02-14,2025-02-18,-0.0207958186821272,0.0182724374665924,1.1380976796417157,1.6901261210134484,0.0140064982486025,0.0331533352697033,0.0488928328540261,-0.0142734406299269,-0.0049772967152844,0.0150542949247416,2.0,0.0105572945208087,0.0190657778661011,0.9254790281738574,107.51378120874593,105.363505584571,-0.02,-40.00000000000004,1,1,SL,SL,5,HIGH,2025
META,2025-02-18,2025-02-19,2025-02-21,-0.0275564087536324,0.0256481631536674,1.074400867950349,1.275012117401053,0.0391216935748353,0.1165823544523225,0.2944342870773984,-0.0124211780091496,-0.0014357812978392,0.0271126123594789,1.0,0.002935795547341,0.0214031557428602,0.6394723379026436,700.6368658835008,686.6241285658308,-0.02,-40.00000000000004,2,2,SL,SL,5,HIGH,2025
BA,2025-02-20,2025-02-21,2025-02-21,-0.0283104441926678,0.0269831677060131,1.0491890537506785,1.0317462400243536,0.0030666758403132,0.0332634821077459,0.0673823752805449,-0.0191952788270275,-0.0288321885486577,-0.0052793195909127,3.0,-0.0041601439693004,0.0191044392520483,0.8987596015992482,181.27999877929688,177.65439880371093,-0.02,-40.00000000000004,0,0,SL,SL,5,HIGH,2025
COST,2025-02-20,2025-02-21,2025-02-28,-0.0260792388032378,0.0197101765031544,1.3231357313854637,1.050817988659255,0.0160555074931199,0.0595904825999911,0.1570767503344452,-0.0345385568812074,-0.0284380622531807,-0.0066226417814738,3.0,-0.0041601439693004,0.0191044392520483,0.8987596015992482,1025.8487718311603,1039.730224609375,0.0135316755835617,27.06335116712344,5,5,TIME,TIME,5,HIGH,2025
GS,2025-02-20,2025-02-21,2025-02-21,-0.0387487980288382,0.0218981001482043,1.769505014891238,1.6418000881699717,-0.0070153124312356,0.0536328565191033,0.2262110788989622,-0.0276889249274944,-0.0103849852369162,-0.0049423161478658,3.0,-0.0041601439693004,0.0191044392520483,0.8987596015992482,622.7391279904155,610.2843454306071,-0.02,-40.00000000000004,0,0,SL,SL,4,HIGH,2025
BA,2025-02-21,2025-02-24,2025-02-26,-0.0206214666388621,0.0281359688892715,0.7329218595605281,1.1639735016934083,-0.0172501655861699,0.0092786085608684,0.0454528196067594,-0.0422771653382217,-0.0447045321170187,-0.0413961527540173,3.0,-0.0171042078114819,0.0018685464281678,1.8030115225037135,177.47999572753906,173.93039581298828,-0.02,-40.00000000000004,2,2,SL,SL,3,MEDIUM,2025
GS,2025-02-21,2025-02-24,2025-02-24,-0.0259398383794018,0.0237954283961048,1.0901185701556022,1.2430768720924934,-0.0317327379449201,0.0254297258119275,0.1921869529426514,-0.0693108930668519,-0.0359812850226624,-0.0495580070769174,3.0,-0.0171042078114819,0.0018685464281678,1.8030115225037135,611.8829208190689,599.6452624026875,-0.0199999999999999,-39.999999999999815,0,0,SL,SL,4,HIGH,2025
NFLX,2025-02-21,2025-02-24,2025-02-24,-0.0208776610895451,0.0250340028233121,0.8339721472789589,1.0185001048820554,-0.0036322576194297,0.0667401070662592,0.3166748641105008,-0.0315682451317081,-0.0388429584116906,-0.0123365463754554,3.0,-0.0171042078114819,0.0018685464281678,1.8030115225037135,100.8000030517578,98.78400299072266,-0.02,-40.00000000000004,0,0,SL,SL,3,MEDIUM,2025
MCD,2025-02-26,2025-02-27,2025-03-06,-0.0207582926441106,0.0204986930598676,1.0126642017364147,1.2391281904730556,0.0128103819796878,0.0358664106837769,0.0804624243461338,-0.0017714943596426,0.0077166787045335,-0.0191482523786223,1.0,0.0005045885696586,-0.0063906455880911,1.017265996662542,292.5001377859469,299.1822204589844,0.0228447163260054,45.68943265201098,5,5,TIME,TIME,5,HIGH,2025
PEP,2025-02-26,2025-02-27,2025-03-04,-0.0313898330469312,0.020451252560769,1.5348611511035404,1.237167783341273,0.0242179534604523,0.0143336386346877,-0.071708499279097,-0.0129642002318148,0.039092133561803,0.0403048415999207,1.0,0.0005045885696586,-0.0063906455880911,1.017265996662542,142.31930286444558,148.0120749790234,0.04,80.00000000000007,3,3,TP,TP,5,HIGH,2025
NFLX,2025-02-27,2025-02-28,2025-03-04,-0.0272609497142386,0.0291382193603754,0.9355736319052604,1.0153272196973373,-0.0443610572863527,0.0191408805699777,0.2517922408778998,-0.025696287316667,-0.0599976870694298,-0.0625322777497301,4.0,-0.015961704022717,-0.0216861819137055,1.6696952805606644,96.95600128173828,95.01688125610352,-0.02,-40.00000000000004,2,2,SL,SL,3,MEDIUM,2025
CVX,2025-03-03,2025-03-04,2025-03-05,-0.0348631699936421,0.0205210144096361,1.6989009070268597,1.3543678580184533,-0.0094937869920499,0.0114811731394159,0.0230945436573444,-0.0132137494224549,-0.0304007920128424,-0.0144841957960993,3.0,-0.017519875016547,-0.0228793510779893,1.5699322490288252,142.14451516707013,139.30162486372873,-0.0199999999999999,-39.999999999999815,1,1,SL,SL,4,HIGH,2025
GE,2025-03-03,2025-03-04,2025-03-04,-0.024253543963284,0.0264479453644662,0.917029418696152,1.2961411570140344,-0.0152208268922638,0.0665382384671715,0.1487735827106506,0.0017360171663141,0.0163554293043686,-0.03029730114711,2.0,-0.017519875016547,-0.0228793510779893,1.5699322490288252,196.34695892424963,192.42001974576465,-0.02,-40.00000000000004,0,0,SL,SL,2,LOW,2025
KO,2025-03-04,2025-03-05,2025-03-10,-0.0294524416636876,0.0197728261798247,1.4895413228150218,1.3333434773894235,0.0245219086050363,0.083643833554557,0.073642863931336,-0.0095951533317475,-0.0181842817885071,0.0165097637389917,2.0,-0.0118368679920383,-0.0336235948690637,2.2158280214392208,67.00057699848895,69.68060007842851,0.04,80.00000000000007,3,3,TP,TP,5,HIGH,2025
MA,2025-03-04,2025-03-05,2025-03-07,-0.0345266004849951,0.016893623303142,2.04376526370003,1.4192439054122548,-0.0170959454470552,0.0216820490429254,0.1206572698977705,-0.0172621222217012,-0.015885716844283,-0.0238124589709314,3.0,-0.0118368679920383,-0.0336235948690637,2.2158280214392208,547.547394922644,536.5964470241911,-0.02,-40.00000000000004,2,2,SL,SL,4,HIGH,2025
V,2025-03-04,2025-03-05,2025-03-06,-0.0265049514486659,0.0170019001990529,1.5589405383136126,1.3990879792287971,-0.0002135903355238,0.0567488362499213,0.2004687999114029,-0.0098668549422648,0.0003974856882358,-0.0126145829448609,3.0,-0.0118368679920383,-0.0336235948690637,2.2158280214392208,346.8590742868907,339.92189280115286,-0.02,-40.00000000000003,1,1,SL,SL,4,HIGH,2025
COST,2025-03-06,2025-03-07,2025-03-07,-0.0201670645092494,0.0206085600680533,0.9785770787795944,1.3178083931178972,-0.0207652438948311,0.039334365525115,0.1309396466465433,-0.0193248381545907,0.004805534661068,-0.0079336366253685,3.0,-0.0177510502483798,-0.0401680106988767,1.4875141146405966,986.7230367734217,966.9885760379532,-0.02,-40.00000000000004,0,0,SL,SL,3,MEDIUM,2025
GE,2025-03-06,2025-03-07,2025-03-07,-0.0318518386245848,0.0300724985241963,1.0591683494125648,1.2829062228277617,-0.0408700648645,0.0236974962086593,0.1115197887007892,-0.029263206190923,-0.0267090977814187,-0.0607934215636892,3.0,-0.0177510502483798,-0.0401680106988767,1.4875141146405966,193.4414443268857,189.57261544034796,-0.0200000000000001,-40.000000000000256,0,0,SL,SL,4,HIGH,2025
PLD,2025-03-06,2025-03-07,2025-03-07,-0.0301515506945122,0.0196651091348976,1.5332511245007716,1.2515067955328305,-0.0079618170077804,0.0443252773734894,0.0341788709752088,-0.02622633279354,-0.0201188358819853,-0.004962763843204,3.0,-0.0177510502483798,-0.0401680106988767,1.4875141146405966,114.83254591379796,112.535894995522,-0.02,-40.00000000000004,0,0,SL,SL,4,HIGH,2025
V,2025-03-06,2025-03-07,2025-03-11,-0.0241579308185772,0.0190131941921938,1.2705877073772065,1.2813469536556876,-0.0235933686653562,0.0280203298066694,0.1701899524878278,-0.0488088857092816,-0.0325519878656296,-0.0180604556831729,3.0,-0.0177510502483798,-0.0401680106988767,1.4875141146405966,337.01185432851344,330.27161724194315,-0.02,-40.00000000000004,2,2,SL,SL,4,HIGH,2025
NKE,2025-03-10,2025-03-11,2025-03-11,-0.0278662852600466,0.0290541503958509,0.9591154750829012,1.1863278315361396,-0.0028414905329168,0.0223067217110268,-0.0319785943509592,-0.0181211232179601,-0.0256346105126382,-0.0435142542770419,3.0,-0.0266356165730233,-0.0589409273237058,1.6966994282817174,72.62444130351646,71.17195247744613,-0.0200000000000001,-40.000000000000256,0,0,SL,SL,2,LOW,2025
CVX,2025-03-11,2025-03-12,2025-03-18,-0.0221488715518323,0.0245419696957085,0.902489564874057,1.3899570315586631,-0.008846099056082,0.0086632050921171,0.0301833253159831,0.0073881616852442,0.0136841682603159,-0.0149597044752719,2.0,-0.0083128902567809,-0.0653397916096635,1.4292140613142552,144.42881447286427,150.20596705177886,0.04,80.00000000000007,4,4,TP,TP,2,LOW,2025
MCD,2025-03-11,2025-03-12,2025-03-12,-0.0330655269176881,0.0248229660504539,1.3320538267055102,1.192886189337742,-0.0011258652902996,0.0391991793152146,0.0876810618921859,-0.0116314379519447,0.0032376288049773,-0.0070446573932779,2.0,-0.0083128902567809,-0.0653397916096635,1.4292140613142552,292.7430346815478,286.88817398791684,-0.0199999999999999,-39.999999999999815,0,0,SL,SL,4,HIGH,2025
NEE,2025-03-11,2025-03-12,2025-03-17,-0.0279674332357883,0.0264300765742839,1.058166939364838,1.2222569591613048,0.0520696509223439,0.0561982323745249,-0.0083897003430762,0.0574203940912732,0.0448836994170733,0.0471380410622908,3.0,-0.0083128902567809,-0.0653397916096635,1.4292140613142552,69.85094954157717,68.45393055074562,-0.0199999999999999,-39.999999999999815,3,3,SL,SL,4,HIGH,2025
PEP,2025-03-11,2025-03-12,2025-03-19,-0.0250879955529581,0.0286741655283824,0.8749337632206037,1.0055185350591695,0.0166621379626519,0.0289152910877805,-0.0527713528255145,-0.0060358806372975,-0.0033284045399182,-0.0175373434588723,2.0,-0.0083128902567809,-0.0653397916096635,1.4292140613142552,140.38066841557858,140.92300415039062,0.003863322072285,7.726644144570027,5,5,TIME,TIME,4,HIGH,2025
XOM,2025-03-11,2025-03-12,2025-03-17,-0.0236136922851453,0.0263178742420271,0.8972492256778285,1.175094007461561,-0.002107133463677,0.0064959225282468,-0.0292325453258165,0.0143095933116139,0.0150641987777051,-0.0051945835420587,2.0,-0.0083128902567809,-0.0653397916096635,1.4292140613142552,104.04313204500156,108.20485732680164,0.04,80.00000000000007,3,3,TP,TP,2,LOW,2025
MCD,2025-03-12,2025-03-13,2025-03-20,-0.0239924917228034,0.0267354187891211,0.8974047465666107,1.1958538891818915,-0.0236560765415307,0.013833975255858,0.0608337315861975,-0.0681314436672109,-0.0261831234933896,-0.0103241493002486,3.0,0.0053063762836984,-0.059036354925102,1.093804706877041,289.6005301343105,295.93365478515625,0.0218684843149583,43.73696862991672,5,5,TIME,TIME,3,MEDIUM,2025
PEP,2025-03-12,2025-03-13,2025-03-20,-0.0273089782770663,0.0302826811863516,0.9018018618963796,1.0365322172733389,-0.0123563791959888,0.0012135056988404,-0.0778347332226376,-0.0405981490392453,-0.0285934596688903,-0.0133981267182801,2.0,0.0053063762836984,-0.059036354925102,1.093804706877041,141.1703735394255,140.00958251953125,-0.0082226248382778,-16.445249676555697,5,5,TIME,TIME,3,MEDIUM,2025
ABBV,2025-03-25,2025-03-26,2025-03-26,-0.0374336447559163,0.0240708722957151,1.5551428421885622,1.4151411164621963,-0.043869685864165,0.0305945034157564,0.0929202078375102,-0.0501036919909647,-0.0584988702102068,-0.0573528015839085,5.0,0.0024038215328545,-0.0213949750717211,0.5320343913626545,193.53270268507256,189.6620486313711,-0.02,-40.00000000000003,0,0,SL,SL,4,HIGH,2025
AMT,2025-04-04,2025-04-07,2025-04-07,-0.0351461462751441,0.025074790066444,1.4016526631733572,2.8717632624105227,0.0275641651913827,0.0894953140187608,0.0665019923041723,0.0033267031667088,0.0213861977897189,0.0182213470557608,2.0,-0.0585428839735896,-0.1309169112768159,2.8037973095958604,205.93759473275423,201.8188428380992,-0.0199999999999999,-39.999999999999815,0,0,SL,SL,3,MEDIUM,2025
UNH,2025-04-04,2025-04-07,2025-04-08,-0.0284768102870699,0.0214945485068018,1.3248387272735038,2.2227675125015267,0.0328351538735958,0.0333572225731488,-0.0317138724372054,0.0036894309768025,0.017460007230718,0.0158653692043502,2.0,-0.0585428839735896,-0.1309169112768159,2.8037973095958604,496.4843458687631,516.3437197035136,0.04,80.00000000000006,1,1,TP,TP,3,MEDIUM,2025
AMT,2025-04-07,2025-04-08,2025-04-08,-0.0307943578409081,0.0276623070105305,1.1132244982020216,1.4580141721892304,-0.0041533798734099,0.0529947242337318,0.0330670612338128,-0.0206974240965358,-0.0193473890953044,0.0027725572231562,3.0,-0.0017811884523963,-0.1294171967558706,2.99767451070044,203.79625440504972,199.72032931694875,-0.02,-40.00000000000003,0,0,SL,SL,4,HIGH,2025
AMT,2025-04-23,2025-04-24,2025-04-25,-0.037878337736253,0.0440835021388199,0.8592406659746147,1.837431872115159,-0.0104681742198157,0.0256183493652617,0.0308992768420945,-0.0451808328739175,-0.024815205681308,0.0473429972218248,3.0,0.0154954803088249,-0.0496131762470105,0.8294871379897825,204.7469891465589,200.65204936362773,-0.02,-40.00000000000004,1,1,SL,SL,3,MEDIUM,2025
HON,2025-05-06,2025-05-07,2025-05-14,-0.0201632901112267,0.0235384368019447,0.8566112644133144,1.0151122002394533,0.0432989731132158,0.0183326338406757,-0.0046637278296989,-0.0038435850944326,-0.0073761428322012,0.058274997358628,2.0,-0.0083584364312236,0.007593377337987,0.5623107439476219,205.24886266384723,208.3961944580078,0.015334222822541,30.66844564508209,5,5,TIME,TIME,4,HIGH,2025
DUK,2025-05-08,2025-05-09,2025-05-12,-0.0212071184555389,0.0180476172238351,1.175064729737899,1.0489292773833896,-0.0071484703622912,0.0053973683623111,0.0593038089590798,-0.0062110912314891,-0.0109617874392646,-0.0057994507613065,3.0,0.006967652273661,0.0210537060549285,0.9111173486684916,114.12957387234526,111.84698239489836,-0.0200000000000001,-40.000000000000256,1,1,SL,SL,4,HIGH,2025
NFLX,2025-05-12,2025-05-13,2025-05-15,-0.0265036842864533,0.0274613968347183,0.965125133509078,1.2011312223485933,0.0278743803289618,0.1208525432393161,0.2978020828992276,-0.0393020689782682,-0.0212157934106911,-0.0003422433173402,3.0,0.0330475427139513,0.0545340299089247,1.2284301676507603,111.4459991455078,115.90383911132812,0.04,80.00000000000009,2,2,TP,TP,4,HIGH,2025
AMD,2025-05-15,2025-05-16,2025-05-19,-0.0231906500902538,0.0399040857141587,0.5811597904127753,1.0286714190758166,0.1594772633095427,0.1593042559649744,-0.0957883457513588,0.0635404637686682,0.1306784790002597,0.1897568137438665,1.0,0.0048841797995009,0.0670256536590725,1.1108067451006185,118.06999969482422,115.70859970092772,-0.02,-40.00000000000004,1,1,SL,SL,2,LOW,2025
AMZN,2025-05-15,2025-05-16,2025-05-19,-0.0241617209562648,0.0317506728782971,0.7609829577117523,1.3015620208695569,0.0828141377440108,0.0778203342199725,0.0274294060564164,-0.0166315243043242,0.0681486683314591,0.078706632286523,2.0,0.0048841797995009,0.0670256536590725,1.1108067451006185,206.8500061035156,202.7130059814453,-0.0199999999999999,-39.999999999999815,1,1,SL,SL,4,HIGH,2025
ORCL,2025-05-15,2025-05-16,2025-05-21,-0.0217858011278659,0.0262770770675955,0.8290800788772601,1.2440217727053364,0.1020503112158477,0.110139663127905,-0.0010883936730846,0.0138659253091919,0.0605455069857627,0.0956077638921295,1.0,0.0048841797995009,0.0670256536590725,1.1108067451006185,157.8614991833425,154.70426919967562,-0.0200000000000001,-40.000000000000256,3,3,SL,SL,2,LOW,2025
BAC,2025-05-21,2025-05-22,2025-05-30,-0.0322219470346728,0.0231213940609153,1.393598800737589,1.426845978985667,0.0290268705153837,0.0684657936022066,0.0258487909789506,-0.0322219470346728,-0.0333035376267193,0.0566821060932203,3.0,-0.0168508797471333,0.0492557799661075,1.5022102512388995,42.011867244581815,42.93617248535156,0.0220010511646313,44.00210232926271,5,5,TIME,TIME,5,HIGH,2025
BLK,2025-05-21,2025-05-22,2025-05-23,-0.0249371917627639,0.0180959520788846,1.3780535919887926,1.0815094515535044,0.0323441068270402,0.0535285842499464,0.0195815630348465,-0.0170555048419053,0.0059664917233364,0.0570102651134658,1.0,-0.0168508797471333,0.0492557799661075,1.5022102512388995,947.0360319484644,928.0953113094952,-0.02,-40.00000000000004,1,1,SL,SL,5,HIGH,2025
CRM,2025-05-21,2025-05-22,2025-05-23,-0.0200652490842271,0.0205469543241731,0.9765558811127902,1.1088396530320717,0.0141080855103654,0.0453273318071907,-0.0406833524151805,-0.0304652392631087,-0.0290980098290362,0.0145563847333061,2.0,-0.0168508797471333,0.0492557799661075,1.5022102512388995,279.6855269353524,274.09181639664536,-0.02,-40.00000000000004,1,1,SL,SL,4,HIGH,2025
GS,2025-05-21,2025-05-22,2025-05-27,-0.0215327753918247,0.0242933572103113,0.8863647459431884,1.1419473627206758,0.0320477516398935,0.0840389802948373,0.0750839239746763,-0.0413067203655554,-0.0296600075485564,0.0752644645603077,3.0,-0.0168508797471333,0.0492557799661075,1.5022102512388995,575.159195193085,598.1655630008084,0.04,80.00000000000007,2,2,TP,TP,4,HIGH,2025
MS,2025-05-21,2025-05-22,2025-05-30,-0.029660086785317,0.0247520350486256,1.1982888165376886,1.03070553246352,0.0226987147876538,0.0765443183266119,0.0678106694308868,-0.0520502348704274,-0.0438033494319556,0.0520570912227054,4.0,-0.0168508797471333,0.0492557799661075,1.5022102512388995,121.00710349423676,124.3282241821289,0.027445667171517,54.891334343034174,5,5,TIME,TIME,5,HIGH,2025
NEE,2025-05-21,2025-05-22,2025-05-22,-0.0385700651101369,0.0277068178946903,1.39207848612339,1.2423169031979855,0.0309247807343238,0.0344726893841633,-0.0309396729880091,-0.0461334638268937,-0.0090041711237625,0.062054562030533,2.0,-0.0168508797471333,0.0492557799661075,1.5022102512388995,65.92780179194692,64.60924575610798,-0.02,-40.00000000000004,0,0,SL,SL,5,HIGH,2025
V,2025-05-21,2025-05-22,2025-05-30,-0.0232800049528351,0.0157318299946045,1.4798027286602555,1.087109881421522,0.0212451445305368,0.0521085680293056,0.1450326378850306,-0.0186789391852691,0.0051617240199721,0.0258538590963752,2.0,-0.0168508797471333,0.0492557799661075,1.5022102512388995,354.29805254441374,361.6561584472656,0.0207681240413522,41.5362480827044,5,5,TIME,TIME,5,HIGH,2025
CRM,2025-05-23,2025-05-27,2025-05-29,-0.0363063813015099,0.0228671538971971,1.5877087924772348,1.6986184081018736,-0.022975850718222,0.0113608496010051,-0.0730575433215593,-0.0518294483790028,-0.0618923269691822,-0.0083145580254662,3.0,-0.0068258512570531,0.0404358805556179,1.1796087752690052,270.44852736238744,265.0395568151397,-0.02,-40.00000000000004,2,2,SL,SL,4,HIGH,2025
NVDA,2025-05-30,2025-06-02,2025-06-03,-0.0291686747120215,0.0361715051234569,0.8063992530160411,1.4739850221281865,0.0549037911805123,0.1628928693898861,0.0660847402983315,-0.0027304712608681,0.0173154979130247,0.0022251050646469,3.0,-0.00111840103268,0.0548503304920569,1.3532802608540115,135.30038976970178,140.71240536048987,0.04,80.00000000000007,1,1,TP,TP,4,HIGH,2025
TSLA,2025-05-30,2025-06-02,2025-06-02,-0.0333956461939574,0.0448474660255964,0.7446495678238997,1.1783497068963074,0.0626563927935919,0.2096500697398984,0.1457408112814033,-0.0452754899009181,0.0158925134129601,0.0106177704133145,3.0,-0.00111840103268,0.0548503304920569,1.3532802608540115,343.5,336.63,-0.02,-40.00000000000004,0,0,SL,SL,3,MEDIUM,2025
ADBE,2025-06-02,2025-06-03,2025-06-05,-0.028162573284205,0.0195622779774019,1.4396366985858209,1.482233502538071,0.0006908482675356,0.057003772769304,-0.1218583800691888,-0.0214201219089228,-0.0105227219682396,-0.0329154240299386,2.0,0.0056329207040395,0.0596953886573021,0.9199270661826404,403.4599914550781,419.59839111328125,0.04,80.00000000000006,2,2,TP,TP,5,HIGH,2025
COST,2025-06-05,2025-06-06,2025-06-09,-0.0388705736999914,0.0198949118040629,1.9537947231338504,1.521278662140538,-0.0107893806727231,0.0220624594356486,0.0638057906159674,-0.0435635169535251,0.0020520953836751,-0.014132477897336,3.0,-0.0048327562642984,0.0575972051532893,1.3083731317794034,1013.3057862037916,993.039670479716,-0.02,-40.00000000000004,1,1,SL,SL,4,HIGH,2025
GE,2025-06-10,2025-06-11,2025-06-13,-0.0374288964107154,0.0221487695485958,1.6898860376236282,1.8047651301680965,0.008997643947999,0.1387657211814144,0.2629361390695237,-0.0393774590450026,-0.0276047001361587,0.0009100355591027,2.0,0.0056697178052858,0.0712593998503987,0.9365445046310512,241.06197371507503,236.24073424077355,-0.02,-40.00000000000004,2,2,SL,SL,5,HIGH,2025
AMZN,2025-06-11,2025-06-12,2025-06-20,-0.0202656295654621,0.0219344686939978,0.9239170480116388,1.0253106455825227,0.0282726583942931,0.0992353667250631,0.0513958333499038,-0.0017325015839646,0.0288085766722321,0.0414224095201962,1.0,-0.0028520773519503,0.0666137217357796,1.037131072719083,211.77999877929688,209.69000244140625,-0.0098687144675483,-19.73742893509667,5,5,TIME,TIME,4,HIGH,2025
AMD,2025-06-12,2025-06-13,2025-06-16,-0.0217929618866584,0.03384568189698,0.6438919432319966,1.2298595387999227,0.0252284085639002,0.1434780281451415,-0.0492634021326499,-0.0265341597622622,0.02428902670321,0.048394242942388,2.0,0.003974378305442,0.0692302364613639,0.9043285692820896,116.0500030517578,120.69200317382813,0.04,80.00000000000009,1,1,TP,TP,4,HIGH,2025
GE,2025-06-12,2025-06-13,2025-06-23,-0.0225236169654555,0.0242778169101064,0.9277447411706672,1.393634976552332,-0.0077994060415615,0.1207039456279959,0.2476834242195829,-0.045423825439539,-0.0473562036902402,-0.0170789152608219,3.0,0.003974378305442,0.0692302364613639,0.9043285692820896,233.47167882403883,242.8105459770004,0.04,80.00000000000007,5,5,TP,TP,3,MEDIUM,2025
NKE,2025-06-13,2025-06-16,2025-06-17,-0.0361464742879571,0.0292188300789425,1.2370951947869837,1.232087392479578,-0.0205860187532989,0.0271029907481108,-0.156702730414307,-0.0522937001927329,-0.0361464742879571,0.0056487177607447,4.0,-0.0111801611547373,0.0560611464219236,1.2461629108859722,59.11357635760545,57.93130483045334,-0.02,-40.00000000000004,1,1,SL,SL,4,HIGH,2025
COP,2025-06-16,2025-06-17,2025-06-18,-0.0202144634510134,0.0262556418621705,0.769909322999209,1.2291627500767452,0.0722227171992049,0.0736216778976799,-0.0361986132519799,0.0176755411718685,0.0790550070331181,0.0954797544296792,1.0,0.0095141361677757,0.0636258325208767,1.1105527931234231,92.2371779255452,90.3924343670343,-0.0199999999999999,-39.999999999999815,1,1,SL,SL,3,MEDIUM,2025
MRK,2025-06-17,2025-06-18,2025-06-24,-0.0331027499096491,0.0228515059550208,1.4486025548953358,1.0501236871677602,0.0065507258877535,0.0001250308396643,-0.1616121388743069,-0.0336864923114537,-0.0281036121244965,0.0249387440557087,3.0,-0.0085449668804867,0.0511146418695702,1.1304312851650953,75.5250615157793,78.54606397641048,0.04,80.00000000000006,3,3,TP,TP,5,HIGH,2025
NKE,2025-06-17,2025-06-18,2025-06-26,-0.0306946366708386,0.0289160319789413,1.0615092932942043,1.0214127234155594,-0.0272229216106936,0.0147297632233289,-0.1615956305466646,-0.0445859539170832,-0.0605917950777511,-0.0379989875658325,4.0,-0.0085449668804867,0.0511146418695702,1.1304312851650953,57.78453068741667,60.09591191491334,0.04,80.00000000000009,5,5,TP,TP,4,HIGH,2025
GOOGL,2025-06-20,2025-06-23,2025-06-23,-0.0385414980891085,0.0245251310750689,1.571510381377245,1.9519972136402628,-0.0328987337081089,0.0151047424752821,-0.0278199734130348,-0.0573061705727526,-0.0515651563501574,-0.0081342288481085,4.0,-0.0023484742531844,0.041430571204772,1.2802007346650264,165.7970070061314,162.48106686600875,-0.0199999999999999,-39.999999999999815,0,0,SL,SL,4,HIGH,2025
ORCL,2025-06-20,2025-06-23,2025-06-24,-0.0270309180844288,0.0354827981509265,0.7618034510540128,1.3365001901138251,0.14051443205471,0.2933886929704745,0.2464455792683011,-0.028091082460832,0.0265686829154221,0.1988429524728345,3.0,-0.0023484742531844,0.041430571204772,1.2802007346650264,202.7632167849784,210.87374545637752,0.04,80.00000000000006,1,1,TP,TP,2,LOW,2025
COP,2025-06-23,2025-06-24,2025-07-01,-0.0314711459119202,0.0303830314063599,1.035813230451143,1.055625030451659,0.0222143195396513,0.0288845374638839,-0.0665463560733279,-0.0396858631783254,-0.0541459982300447,0.0514789726585336,3.0,0.0098774857395875,0.0497618680143241,1.1767506346203815,86.76621429375037,88.44883728027344,0.0193926057535078,38.78521150701575,5,5,TIME,TIME,5,HIGH,2025
XOM,2025-06-23,2025-06-24,2025-07-01,-0.0258064440362997,0.0229422726227862,1.1248425324119284,1.3653277471535912,0.0450999152150639,0.0548455438682455,0.0142758043876147,-0.0198246250554302,-0.0033893528244206,0.0716409170364444,2.0,0.0098774857395875,0.0497618680143241,1.1767506346203815,105.1939600565902,105.18431854248048,-9.165463591764844e-05,-0.1833092718352968,5,5,TIME,TIME,5,HIGH,2025
COP,2025-06-24,2025-06-25,2025-07-02,-0.0252971133114376,0.0307320922565111,0.8231497257098727,1.1660710807766892,-0.0059714644916374,0.0013282864664783,-0.0893886029409699,-0.0470148947554303,-0.059052627824732,0.0153339733003778,3.0,0.0110471860395073,0.0582583824735101,0.9168319916707872,85.87200063524057,89.3068806606502,0.04,80.00000000000007,5,5,TP,TP,3,MEDIUM,2025
CVX,2025-06-24,2025-06-25,2025-07-02,-0.022538613279725,0.021719679971221,1.037704667361082,1.0829009375315537,0.0098025137163315,0.0354645316042261,-0.0217210590825631,-0.0313111660346278,-0.0169829073851877,0.0198209859988374,3.0,0.0110471860395073,0.0582583824735101,0.9168319916707872,136.45419022019502,140.8025360107422,0.0318667076733245,63.73341534664911,5,5,TIME,TIME,5,HIGH,2025
XOM,2025-06-24,2025-06-25,2025-07-02,-0.0304277322302267,0.0245720842189405,1.2383048975052988,1.2325642641601322,0.010789885130737,0.0209520880301015,-0.0164629206425411,-0.0428483705622183,-0.0368066139800226,0.0321043715714175,3.0,0.0110471860395073,0.0582583824735101,0.9168319916707872,104.09627706097524,106.92713165283205,0.0271945805535251,54.389161107050384,5,5,TIME,TIME,5,HIGH,2025
AVGO,2025-07-01,2025-07-02,2025-07-03,-0.0395792344156743,0.0311012231911654,1.272594141149957,1.0473763943110204,0.032305972965499,0.1498041094403381,0.3149234541436121,-0.0200986808157034,0.0036772405591523,0.0526103564042106,2.0,-0.0003235144354958,0.0618633572772935,0.9313691133014296,262.0697825574709,272.5525738597697,0.04,80.00000000000007,1,1,TP,TP,5,HIGH,2025
META,2025-07-01,2025-07-02,2025-07-10,-0.0255659811400322,0.0214125845993819,1.193969883522154,1.0641874292107216,0.0264966004590392,0.1221612666220126,0.1761456018427232,-0.0094617731024777,0.0098567868370968,0.0243547985627712,2.0,-0.0003235144354958,0.0618633572772935,0.9313691133014296,712.9932128907722,724.8642578125,0.0166495903566847,33.299180713369566,5,5,TIME,TIME,5,HIGH,2025
NFLX,2025-07-01,2025-07-02,2025-07-08,-0.0339996412994259,0.0209531489021522,1.6226506792940083,1.7309858813170966,0.0350924060466997,0.0890282313636077,0.3595903030575254,-0.0100025772494617,0.0113281692919009,0.0556983453239381,2.0,-0.0003235144354958,0.0618633572772935,0.9313691133014296,129.6959991455078,127.10207916259763,-0.02,-40.00000000000004,3,3,SL,SL,5,HIGH,2025
NVDA,2025-07-01,2025-07-02,2025-07-03,-0.0296854208999173,0.0236930611834408,1.2529162302026462,1.111055364094236,0.0465018628609636,0.164352699112551,0.1827204864237541,-0.0110952458816522,0.0365112959549813,0.0595065931233329,1.0,-0.0003235144354958,0.0618633572772935,0.9313691133014296,152.77650803107835,158.8875683523215,0.04,80.00000000000007,1,1,TP,TP,5,HIGH,2025
UPS,2025-07-07,2025-07-08,2025-07-15,-0.0314990873427034,0.0202138876783247,1.5582894218057677,1.0554763365224529,-0.0012082855205086,0.0262031705305316,-0.1171473059808835,-0.0346511292465243,-0.0032615608725354,0.0159162562316306,3.0,-0.007452168554898,0.0563730173679661,1.0089606119050192,93.28508613657247,91.66417694091795,-0.0173758664196488,-34.75173283929767,5,5,TIME,TIME,4,HIGH,2025
BAC,2025-07-08,2025-07-09,2025-07-15,-0.0310316827570175,0.0188304888923376,1.6479488628489414,2.053156705271617,0.0184575446567252,0.0690369843062908,0.0956341926723958,-0.032026253099791,-0.0035925278978151,0.0183584426771263,2.0,-0.0005476359239223,0.0530966443022178,0.8000963510953668,46.15459300758366,45.23150114743199,-0.02,-40.00000000000003,4,4,SL,SL,5,HIGH,2025
JPM,2025-07-08,2025-07-09,2025-07-16,-0.0314758312464668,0.0187337604211913,1.6801662100291277,1.6441409065886383,0.0162030578509251,0.0648331496164478,0.1580799865366011,-0.0269099882047996,-0.0198947843065347,0.0211028663942585,2.0,-0.0005476359239223,0.0530966443022178,0.8000963510953668,281.7891933154563,280.4547119140625,-0.0047357437156928,-9.471487431385706,5,5,TIME,TIME,5,HIGH,2025
NEE,2025-07-08,2025-07-09,2025-07-14,-0.0306353656108101,0.0296813913669602,1.0321404826362632,1.5557006429866471,0.002206162320921,0.0298860898665196,0.0035841083012417,-0.0076689919198346,0.0437916110997493,0.0244591496149211,2.0,-0.0005476359239223,0.0530966443022178,0.8000963510953668,70.29074611908601,73.10237596384945,0.04,80.00000000000007,3,3,TP,TP,5,HIGH,2025
NFLX,2025-07-10,2025-07-11,2025-07-11,-0.0292560991094026,0.0245289936265869,1.19271501940838,1.4594451017796344,-0.0115100917300349,0.030282253588618,0.2906225086136667,-0.0302647860406969,-0.0266721240103566,-0.0193374113974686,3.0,0.002820258275139,0.0569578659542824,0.7775154779357057,125.97899627685548,123.45941635131835,-0.02,-40.00000000000004,0,0,SL,SL,4,HIGH,2025
CVX,2025-07-14,2025-07-15,2025-07-18,-0.0235656957516449,0.0185106767782915,1.2730866641938017,1.0505152590768263,0.0245583472811994,0.0672426417020803,0.0282828482533434,-0.0089530246287039,0.0288331557954786,0.0546629969492629,2.0,0.0019080849682644,0.0501850264732104,0.7121100698773056,144.24693867852642,141.3619999049559,-0.02,-40.00000000000004,3,3,SL,SL,5,HIGH,2025
LLY,2025-07-15,2025-07-16,2025-07-23,-0.0345161240143646,0.0240316584287163,1.436277238907494,1.3532040569213886,-0.0147296520825259,0.0043080053310555,-0.0475871985046799,-0.0239044237232581,-0.0075997466751108,-0.009980527417964,1.0,-0.0042733109576953,0.0434062768114242,1.0304608470967669,766.9676730048795,792.1432495117188,0.0328248209056902,65.64964181138055,5,5,TIME,TIME,4,HIGH,2025
PFE,2025-07-15,2025-07-16,2025-07-23,-0.0291912260542643,0.0192720782334234,1.5146900972847954,1.3854055671893588,-0.0057971091443965,0.0307981908715408,-0.0149433800205125,-0.0453840285538753,-0.0394223250106228,0.0152640611744518,4.0,-0.0042733109576953,0.0434062768114242,1.0304608470967669,22.671371652346004,23.29602813720703,0.0275526551476381,55.105310295276325,5,5,TIME,TIME,4,HIGH,2025
GE,2025-07-17,2025-07-18,2025-07-21,-0.0221654126500974,0.0242709742810694,0.9132477499012348,1.922729911799102,0.0351603626250824,0.0776163834376495,0.2968587328898757,-0.0078524041257479,0.0305260968107319,0.0650055074735409,1.0,0.0061196378775145,0.0488921673856954,0.958017401847327,264.0590008558239,258.77782083870744,-0.02,-40.00000000000004,1,1,SL,SL,4,HIGH,2025
NVDA,2025-07-22,2025-07-23,2025-07-28,-0.0253821538589918,0.0231908655247388,1.0944892863923303,1.0687025519928042,0.0301083771654433,0.1332776379019939,0.2569048524203263,-0.0345086237777594,-0.0214995996729356,0.0439375684038667,3.0,0.0001431954391026,0.043113335893242,0.8771971087671648,169.30450383433347,176.07668398770682,0.04,80.00000000000007,3,3,TP,TP,5,HIGH,2025
AMT,2025-07-28,2025-07-29,2025-07-29,-0.024622569462614,0.0180060919869492,1.367457718224501,1.221182576979729,0.0011408976284406,0.0284175592091346,0.094948382522618,-0.025936211315629,-0.0101103323825559,0.010956918717029,3.0,-0.0002510690047468,0.0485931211573256,0.8270691808668555,210.85473990022908,206.6376451022245,-0.02,-40.00000000000004,0,0,SL,SL,5,HIGH,2025
META,2025-07-29,2025-07-30,2025-07-30,-0.0245669514405371,0.0193397957323069,1.2702797785758508,1.2806305949763217,-0.0199324365569901,0.0104067296740049,0.1181534906929568,-0.0207050032622223,-0.0068244829248047,-0.0146257130954234,2.0,-0.0026375648019045,0.0442272231231219,0.934477129566396,705.7768943450448,691.6613564581438,-0.02,-40.00000000000004,0,0,SL,SL,4,HIGH,2025
NKE,2025-07-30,2025-07-31,2025-07-31,-0.0210645048312708,0.0239119763017021,0.8809186060364004,1.0445715430316949,0.0238130466261781,0.1361544282930213,0.0930302000491074,0.0053758241945429,-0.0009118192166157,0.0635230287391588,3.0,-0.001259466642834,0.0414736203889227,1.2311193319532423,73.53082300454676,72.06020654445582,-0.02,-40.00000000000004,0,0,SL,SL,3,MEDIUM,2025
AVGO,2025-07-31,2025-08-01,2025-08-04,-0.0294757622873832,0.0286055054569824,1.0304227041787306,1.5423809069963406,0.0353580237949679,0.1128464710466601,0.3781505577077495,-0.002038549220633,0.017283891462988,0.0253098291618727,1.0,-0.003751164153554,0.0362406645800461,1.5392601396713774,284.45579610141215,295.8340279454686,0.04,80.00000000000007,1,1,TP,TP,5,HIGH,2025
GOOGL,2025-07-31,2025-08-01,2025-08-05,-0.0235587805859496,0.0202337541437849,1.1643306733163008,1.2911690758551644,0.0333704892683737,0.0807866678700131,0.0991811370346233,-0.0035310231107281,-0.0014049753997916,0.0453208022922635,2.0,-0.003751164153554,0.0362406645800461,1.5392601396713774,188.49227361862015,196.031964563365,0.04,80.00000000000007,2,2,TP,TP,5,HIGH,2025
NKE,2025-07-31,2025-08-01,2025-08-08,-0.0259520904510465,0.0246925349888364,1.0510095647441438,1.287632902798751,-0.0016239900122657,0.1024154471044744,0.0651226942758491,-0.0574204237819944,-0.0096789695008684,0.023431171084195,3.0,-0.003751164153554,0.0362406645800461,1.5392601396713774,70.72827087240049,71.4505844116211,0.0102125151698353,20.42503033967069,5,5,TIME,TIME,4,HIGH,2025
PEP,2025-07-31,2025-08-01,2025-08-08,-0.034579415488079,0.0241599898595537,1.431267798086643,1.2183579677601075,-0.0119283241168678,0.0289505181243727,-0.0494429616005072,-0.0257824844760305,-0.0456025758282945,-0.0517052314706251,4.0,-0.003751164153554,0.0362406645800461,1.5392601396713774,133.80241771945762,139.15451442823593,0.04,80.00000000000009,5,5,TP,TP,4,HIGH,2025
AMD,2025-08-01,2025-08-04,2025-08-06,-0.0261471310429772,0.0404068395177684,0.6470966637091077,1.324403976403662,0.0872180381096578,0.2464048574141528,0.3902203358958591,-0.0323489935425328,0.0314170462497036,0.0937001779754613,2.0,-0.0163905152536356,0.0182339497841199,1.956278644835009,174.61000061035156,171.11780059814453,-0.02,-40.00000000000004,2,2,SL,SL,3,MEDIUM,2025
CAT,2025-08-01,2025-08-04,2025-08-07,-0.0213003986223683,0.0198844288016328,1.0712099821856207,1.4723942081123718,0.0299562596504572,0.1190933282969342,0.1865627829792213,-0.0031623581571456,-0.0116657145609559,0.0400048705894833,3.0,-0.0163905152536356,0.0182339497841199,1.956278644835009,427.0161509616799,418.4758279424463,-0.02,-40.00000000000004,3,3,SL,SL,5,HIGH,2025
COP,2025-08-01,2025-08-04,2025-08-11,-0.027061037558937,0.0219460279577082,1.2330722266045515,1.1072155078530652,-0.0162786286594178,0.0120406874464202,-0.0392290873230098,-0.0533726380488519,-0.023064705978211,0.0122218636551885,3.0,-0.0163905152536356,0.0182339497841199,1.956278644835009,88.69883243967664,89.92955017089844,0.0138752416167236,27.7504832334472,5,5,TIME,TIME,4,HIGH,2025
JPM,2025-08-01,2025-08-04,2025-08-11,-0.0231906169182841,0.0182687333514912,1.269415699057818,1.287198819479025,-0.007322277224205,0.035831948640401,0.1489200081715467,-0.0258213669267001,-0.030975693787718,-0.0065231042715387,4.0,-0.0163905152536356,0.0182339497841199,1.956278644835009,284.8113235431083,284.1244812011719,-0.0024115696433413,-4.823139286682654,5,5,TIME,TIME,4,HIGH,2025
META,2025-08-01,2025-08-04,2025-08-11,-0.0302931505313585,0.0266005774460606,1.138815523564686,1.459467108550584,0.0451943958668199,0.0732281512166426,0.1936644776263389,0.0714429304576351,0.0523798623935034,0.0649316751219957,3.0,-0.0163905152536356,0.0182339497841199,1.956278644835009,757.5171630668631,763.3679809570312,0.0077236770009021,15.447354001804303,5,5,TIME,TIME,4,HIGH,2025
MS,2025-08-01,2025-08-04,2025-08-11,-0.0236558037344143,0.0190803294769496,1.2398005895543989,1.1645374501189647,-0.0142662482485318,0.026792778707652,0.1060186906946718,-0.0244057755851616,-0.0206537119129339,-0.005493952523949,3.0,-0.0163905152536356,0.0182339497841199,1.956278644835009,137.07263540111225,140.69064331054688,0.0263948227072992,52.78964541459841,5,5,TIME,TIME,4,HIGH,2025
NVDA,2025-08-01,2025-08-04,2025-08-07,-0.0233315921312785,0.0256241392281686,0.9105317421016068,1.2496999923256693,0.0215098091489249,0.1243364128265465,0.2892082012621169,-0.0101989000537567,0.0012680341956212,0.0075980806154962,3.0,-0.0163905152536356,0.0182339497841199,1.956278644835009,174.9270307365029,181.92411196596305,0.04,80.00000000000007,3,3,TP,TP,4,HIGH,2025
ORCL,2025-08-01,2025-08-04,2025-08-05,-0.036844430908657,0.0270056149310061,1.3643248266253931,1.1316237049994684,0.0132742240947971,0.1607816617553465,0.3986932623837891,-0.0222417869685578,-0.0028557929992997,-0.0041963500224087,1.0,-0.0163905152536356,0.0182339497841199,1.956278644835009,243.12888392325144,252.85403928018152,0.04,80.00000000000006,1,1,TP,TP,5,HIGH,2025
CAT,2025-08-07,2025-08-08,2025-08-11,-0.0247826337049376,0.0235475174085636,1.0524520812510274,1.4571574640378488,-0.0123501129881677,0.07016032303172,0.1518732046275202,-0.0382292214024909,-0.0477147544265754,-0.0288694868695842,3.0,-0.0008376363499652,0.0289130824404599,1.0202217722781766,416.7684226430092,408.433054190149,-0.0199999999999999,-39.999999999999815,1,1,SL,SL,4,HIGH,2025
ORCL,2025-08-07,2025-08-08,2025-08-13,-0.0274538198455802,0.0271691380908316,1.0104781297734524,1.1542680359811983,0.0174408251764035,0.1428122837952292,0.4142236890666515,-0.0124341040701931,-0.0172597303810613,0.0270148264667662,2.0,-0.0008376363499652,0.0289130824404599,1.0202217722781766,247.21235311830205,242.268106055936,-0.0199999999999999,-39.999999999999815,3,3,SL,SL,5,HIGH,2025
GE,2025-08-13,2025-08-14,2025-08-15,-0.0385153750529664,0.0241654988596147,1.5938166754476997,1.4402374242651086,-0.0032015233096736,0.045809511135632,0.2889078565153125,-0.0223628300442761,-0.0125607877714418,-0.017145013200245,2.0,0.003423228406564,0.0424343768858486,0.8443300239405375,271.61066569075984,266.1784523769446,-0.0200000000000001,-40.000000000000256,1,1,SL,SL,4,HIGH,2025
ORCL,2025-08-13,2025-08-14,2025-08-19,-0.0381313480714653,0.0316862355264878,1.2034041733859395,1.392006862814382,-0.0167849268297912,0.0848048653536706,0.3726306719597088,-0.0234753609064715,-0.0477713304492076,-0.025618595212635,2.0,0.003423228406564,0.0424343768858486,0.8443300239405375,242.18959644503747,237.34580451613672,-0.02,-40.00000000000004,3,3,SL,SL,4,HIGH,2025
WMT,2025-08-13,2025-08-14,2025-08-21,-0.0253813732794488,0.016684834626094,1.5212241444547463,1.318172721839632,0.0205854282311508,0.0345956935630726,0.0803142249392629,-0.026414814361047,-0.0229296991722489,0.0348396201963498,3.0,0.003423228406564,0.0424343768858486,0.8443300239405375,100.1409913616483,98.13817153441532,-0.02,-40.00000000000003,5,5,SL,SL,5,HIGH,2025
BLK,2025-08-15,2025-08-18,2025-08-25,-0.0216781023998442,0.0184454066662713,1.1752574932101734,1.1638529890951252,0.0118650496615537,0.0610279611181898,0.1408372377459505,-0.0212139954957593,0.0089247157684084,0.0395768900878104,1.0,-0.0023412936104089,0.0367425759975938,0.9682352357448296,1110.7266146955628,1113.76318359375,0.0027338580511275,5.46771610225516,5,5,TIME,TIME,5,HIGH,2025
MS,2025-08-15,2025-08-18,2025-08-20,-0.0261260736832571,0.0207531119933838,1.2588990842234282,1.0195818610129563,0.0141398289290548,0.0412012357139834,0.1366082441150065,-0.018059453169166,0.0101271404552347,0.039830402558322,1.0,-0.0023412936104089,0.0367425759975938,0.9682352357448296,140.915532307343,138.09722166119613,-0.02,-40.00000000000004,2,2,SL,SL,5,HIGH,2025
META,2025-08-18,2025-08-19,2025-08-19,-0.0227449041501406,0.0311927910719326,0.7291718172217855,1.240169484397342,0.0234472560703049,0.0577688527269213,0.2004461858990662,-0.0162932500850335,0.0019586598599299,-0.0115923101574154,2.0,-0.000217520760141,0.0347831395713964,0.6269997695532625,764.613945820292,749.3216669038861,-0.02,-40.00000000000004,0,0,SL,SL,4,HIGH,2025
AVGO,2025-08-19,2025-08-20,2025-08-20,-0.0354853735577378,0.0348459794544247,1.0183491499829815,1.156082232069038,-0.0143991400233564,0.0544728308375448,0.3323822592218592,-0.0524371101174966,-0.057283473058988,0.0067593243341237,4.0,-0.005425292366708,0.0277660217359296,0.9914879305502012,293.31086698084704,287.4446496412301,-0.0199999999999999,-39.999999999999815,0,0,SL,SL,4,HIGH,2025
BA,2025-08-19,2025-08-20,2025-08-22,-0.0318833249229772,0.0231650845966641,1.3763526219787063,1.250924964658067,-0.0167738359581003,0.0211259658030305,0.2211075793802375,-0.0351215847834821,-0.0327157069360022,0.0006226069077133,3.0,-0.005425292366708,0.0277660217359296,0.9914879305502012,224.4900054931641,233.46960571289063,0.04,80.00000000000007,2,2,TP,TP,4,HIGH,2025
NVDA,2025-08-19,2025-08-20,2025-08-20,-0.0349979936771448,0.0272838792044404,1.2827352523774869,1.2011744752531568,-0.0158073970728618,0.0643738521073751,0.2798278465441117,-0.0350510513938769,-0.04105706492905,-0.0146976388259854,3.0,-0.005425292366708,0.0277660217359296,0.9914879305502012,174.93699721113848,171.4382572669157,-0.0199999999999999,-39.999999999999815,0,0,SL,SL,4,HIGH,2025
AVGO,2025-08-29,2025-09-02,2025-09-03,-0.0364813640101762,0.0333304511419003,1.0945355601357225,1.2257971748587555,-0.0117322694223819,0.03530466658335,0.3144932508824698,-0.0020804273747436,0.0115306620291397,-0.0292158640315323,1.0,-0.0059636393929621,0.0243741313759138,1.1608327404984549,287.23542079872874,298.7248376306779,0.04,80.00000000000007,1,1,TP,TP,4,HIGH,2025
CAT,2025-08-29,2025-09-02,2025-09-09,-0.036490318283222,0.0222020938317926,1.6435530162010754,1.1367148884031133,-0.0073188240491843,0.0187459317474232,0.147933529446699,-0.0283355980458188,-0.0381710681863191,0.0275877082466067,3.0,-0.0059636393929621,0.0243741313759138,1.1608327404984549,410.2174249912014,414.3600769042969,0.0100986736806323,20.197347361264654,5,5,TIME,TIME,4,HIGH,2025
NVDA,2025-08-29,2025-09-02,2025-09-05,-0.0332465054873185,0.0294235747625289,1.129927473314975,1.429095294266867,-0.0307125388704442,0.0214516809490072,0.2554408175644636,-0.0417561807818918,-0.0214058636281617,-0.0347465390418366,3.0,-0.0059636393929621,0.0243741313759138,1.1608327404984549,169.77387989783634,166.3784022998796,-0.02,-40.00000000000004,3,3,SL,SL,4,HIGH,2025
TSLA,2025-08-29,2025-09-02,2025-09-03,-0.0350020679940933,0.0358629634073197,0.975994861231943,1.071885451313116,0.003907426946667,0.0311172636752141,0.0115992759032839,-0.0506156841097986,-0.0180583349668732,0.0100133034336891,3.0,-0.0059636393929621,0.0243741313759138,1.1608327404984549,328.2300109863281,341.35921142578127,0.04,80.00000000000007,1,1,TP,TP,4,HIGH,2025
NKE,2025-09-02,2025-09-03,2025-09-10,-0.034818911699878,0.0245588716464285,1.417773267484037,1.6449951507733125,-0.0231118746611304,0.0056093006691742,0.0677796481586026,-0.0433503679028602,-0.0567629646566048,-0.0355666332895477,5.0,-0.0074102519726757,0.0153002195056146,1.2683980845500222,72.02518815694856,71.8799819946289,-0.0020160469696134,-4.032093939226877,5,5,TIME,TIME,4,HIGH,2025
PLD,2025-09-02,2025-09-03,2025-09-10,-0.0217964241481213,0.0214606657769361,1.0156452914683591,1.1480051044985506,0.02454108264811,0.0308323140434447,0.0238285565025051,-0.0122471094301078,-0.0028668777149318,0.0555765633590705,3.0,-0.0074102519726757,0.0153002195056146,1.2683980845500222,107.51687880670352,107.49750518798828,-0.0001801914167361,-0.3603828334723946,5,5,TIME,TIME,5,HIGH,2025
BA,2025-09-03,2025-09-04,2025-09-05,-0.021063273642059,0.0234437397523368,0.8984604787706496,1.0054310708201244,0.006538321121311,0.0296552285583548,0.2340388526181303,-0.0160060921438042,-0.0104330661718633,0.0328000217013888,2.0,0.0054195456406531,0.0193934290261177,1.0933548275741756,233.00999450683597,228.34979461669923,-0.0199999999999999,-39.99999999999981,1,1,SL,SL,4,HIGH,2025
CVX,2025-09-03,2025-09-04,2025-09-05,-0.0232961439175508,0.0158499651529066,1.4697914911995014,1.215859961269998,0.0164702477890728,0.0433393962903683,0.0713997815949152,-0.0079087252314774,0.0044482945600488,0.0398684324616596,1.0,0.0054195456406531,0.0193934290261177,1.0933548275741756,152.0678060501505,149.02644992914747,-0.02,-40.00000000000004,1,1,SL,SL,5,HIGH,2025
XOM,2025-09-03,2025-09-04,2025-09-05,-0.0242391917494915,0.0152414062097075,1.5903514030124792,1.002146675138735,0.0270693413095606,0.0224381245716078,0.035892629631349,-0.0127039817865292,0.0037673180127753,0.0417986200429008,1.0,0.0054195456406531,0.0193934290261177,1.0933548275741756,108.9522753120418,106.77322980580097,-0.02,-40.00000000000004,1,1,SL,SL,5,HIGH,2025
CVX,2025-09-05,2025-09-08,2025-09-15,-0.0255565276924406,0.0168880054927805,1.513294610388764,1.3671131549118467,-0.0146071071546902,0.0105961562780367,0.041407524862562,-0.0504851219469169,-0.0355260502833099,-0.0121505064869213,3.0,-0.0028962888998979,0.022266054198754,1.3031134993164608,148.07512815587538,151.3462371826172,0.0220908741898799,44.181748379759966,5,5,TIME,TIME,4,HIGH,2025
JPM,2025-09-05,2025-09-08,2025-09-12,-0.0310709970178197,0.0167834451258248,1.851288384767357,1.4197403028477211,-0.0022944183453962,0.0059193657743283,0.1311718996590734,-0.0177510439257211,-0.022220658905107,0.0099838832285272,3.0,-0.0028962888998979,0.022266054198754,1.3031134993164608,289.3544641521949,300.9286427182828,0.04,80.00000000000007,4,4,TP,TP,4,HIGH,2025
PEP,2025-09-08,2025-09-09,2025-09-16,-0.0319694326921075,0.0236626564744717,1.3510500279880882,1.280861550786812,-0.0352091494703091,0.0019190512803981,0.0021455978576641,-0.0372964388036299,-0.0373612634590732,-0.0437298944019485,3.0,0.0024566730815143,0.0235823841148612,0.9665238334099692,137.13168562605193,136.0146484375,-0.0081457263757263,-16.291452751452606,5,5,TIME,TIME,4,HIGH,2025
AVGO,2025-09-09,2025-09-10,2025-09-10,-0.0259800136500996,0.0398440193821399,0.65204299297538,1.1315253544734756,0.097109504872265,0.1439936229093921,0.4590106446087598,0.0998693826033214,0.1288558928775369,0.1442408475426277,1.0,0.0023117892883861,0.0248034120177975,1.0067676891538024,348.9631095115502,362.9216338920122,0.04,80.00000000000009,0,0,TP,TP,3,MEDIUM,2025
AAPL,2025-09-10,2025-09-11,2025-09-15,-0.0322594600896611,0.0193508187427363,1.667085022010777,1.709741395897029,-0.0216472373633274,0.0303260180425029,0.0261047733120021,-0.0538195206533511,-0.0489789511839172,-0.010989496853317,4.0,0.002890805295761,0.0266541491590954,1.1760238790062831,226.04499474029723,235.08679452990916,0.04,80.00000000000007,2,2,TP,TP,4,HIGH,2025
AMZN,2025-09-10,2025-09-11,2025-09-12,-0.0332018279034851,0.0214940045672358,1.5447018167147883,1.7040815427234637,0.0034438611563767,0.0173272103197748,0.0778927695912132,-0.0086084448165861,0.0192043729032163,0.0070831842491887,2.0,0.002890805295761,0.0266541491590954,1.1760238790062831,231.4900054931641,226.8602053833008,-0.02,-40.00000000000004,1,1,SL,SL,5,HIGH,2025
MCD,2025-09-10,2025-09-11,2025-09-18,-0.0210544777161383,0.0125964876720215,1.671456223698223,1.1275643217195883,-0.0160258211778709,0.0095195560675003,0.0222105538590184,-0.0268463038277726,-0.0330288530413467,-0.016818189682888,4.0,0.002890805295761,0.0266541491590954,1.1760238790062831,298.5510767423181,292.58005520747173,-0.0200000000000001,-40.000000000000256,5,5,SL,SL,4,HIGH,2025
AVGO,2025-09-11,2025-09-12,2025-09-17,-0.0268961429328137,0.0436420791825009,0.6162892198682915,1.127017886218712,0.1517964012443939,0.2065294964796036,0.5450119662601065,0.040445579521791,0.1748775725531131,0.1977685535456641,2.0,0.0083102904575622,0.0338846306882203,1.046192326909671,360.2702457908928,353.06484087507494,-0.0199999999999999,-39.99999999999981,3,3,SL,SL,1,LOW,2025
AVGO,2025-09-17,2025-09-18,2025-09-19,-0.0384165761936503,0.0478480893049026,0.8028863169195364,1.5882985490032084,0.0723031166531855,0.1355376310282947,0.4627512359038206,-0.0380692003422046,-0.0633168368881542,0.144779895415529,3.0,-0.0012424570616919,0.0314343171868261,1.4615439807369937,347.4541836475093,340.5050999745592,-0.0199999999999999,-39.999999999999815,1,1,SL,SL,4,HIGH,2025
MA,2025-09-18,2025-09-19,2025-09-23,-0.0210147227710399,0.017396118580723,1.2080121593518465,1.373814706397458,-0.0058794498560356,0.0178203689778471,0.0602171960767956,0.0053004261347924,-0.0045522556448627,-0.0161003797586211,2.0,0.0046724059178502,0.0350162901415127,1.295328485235545,584.9746371243326,573.275144381846,-0.02,-40.00000000000004,2,2,SL,SL,3,MEDIUM,2025
TSLA,2025-09-18,2025-09-19,2025-09-22,-0.0211571398064291,0.0380815119223436,0.5555751003156896,1.0150698104921352,0.1545588412660354,0.2334628604664581,0.2542096778894063,0.0166081294914608,0.1302567958106657,0.2313532260261495,1.0,0.0046724059178502,0.0350162901415127,1.295328485235545,421.8200073242188,438.6928076171875,0.04,80.00000000000009,1,1,TP,TP,1,LOW,2025
COP,2025-09-29,2025-09-30,2025-10-07,-0.0267059523481305,0.0253744502544198,1.052474125758796,1.2077754055532266,0.0170624723495913,0.0144670153839412,0.0230640937781594,0.0023005719704993,0.0417345373690014,0.0381240757657106,1.0,0.0028104467833012,0.0312460973456116,0.9670536139844432,91.71844378702576,89.88407491128524,-0.0200000000000001,-40.000000000000256,5,5,SL,SL,4,HIGH,2025
CVX,2025-09-29,2025-09-30,2025-10-07,-0.0253496520808799,0.0173972734086865,1.4571048856553943,1.069451107444139,-0.0104156541606293,0.0055116385614648,0.0563896108249148,-0.0193491118895339,0.0003203518015673,-0.0076917904060713,2.0,0.0028104467833012,0.0312460973456116,0.9670536139844432,149.01798698683243,146.03762724709577,-0.02,-40.00000000000004,5,5,SL,SL,4,HIGH,2025
XOM,2025-09-29,2025-09-30,2025-10-02,-0.0255929308135428,0.0172599552253179,1.482792422080076,1.1493733769899517,0.0098313419214803,0.0341477115110595,0.0589905170484288,-0.002967859077781,0.0196394635775545,0.0166444893402444,1.0,0.0028104467833012,0.0312460973456116,0.9670536139844432,110.15734800250948,107.95420104245927,-0.02,-40.00000000000004,2,2,SL,SL,5,HIGH,2025
BLK,2025-10-01,2025-10-02,2025-10-09,-0.0212717174316857,0.0176500981626988,1.205189752238362,1.083023432949505,0.0097199668052379,0.0146462426128586,0.1303023440939326,-0.0132994487407404,0.011604773915959,0.0082081205506057,2.0,0.0034075722246513,0.0360667582262628,0.9507358513376836,1127.3271079167791,1148.869140625,0.0191089458924029,38.21789178480594,5,5,TIME,TIME,5,HIGH,2025
ABBV,2025-10-02,2025-10-03,2025-10-06,-0.0319993485167974,0.0217915298448849,1.4684305665812851,1.3050571225065493,0.0699013303740017,0.1289879063476471,0.2319285352504647,0.0600465732851056,0.0824563508829165,0.0656334849854225,1.0,0.0011517326256851,0.0360792821179598,0.7497333416877157,229.77181892325189,225.17638254478683,-0.02,-40.00000000000004,1,1,SL,SL,4,HIGH,2025
PFE,2025-10-06,2025-10-07,2025-10-08,-0.0343441315811611,0.0256742870039609,1.3376858946798629,1.0041616195842271,0.0675553592904358,0.0694949789411689,0.0899668019950363,-0.028665855471483,0.1081762031112587,0.0994177726812155,2.0,0.0035862719664676,0.0374404915691037,0.730955751880806,24.68853769035076,24.19476693654374,-0.02,-40.00000000000004,1,1,SL,SL,5,HIGH,2025
AAPL,2025-10-10,2025-10-13,2025-10-20,-0.0345220986103322,0.018108334189929,1.90642044973589,1.1254517529074743,-0.0233286885887997,0.0349382781753273,0.1053940187456687,-0.0437071272853082,-0.0494147333671902,-0.0398888263397163,4.0,-0.0270278621788456,0.0045443770446051,2.0356119016361687,248.46219085423505,258.4006784884045,0.04,80.00000000000007,5,5,TP,TP,3,MEDIUM,2025
BLK,2025-10-10,2025-10-13,2025-10-14,-0.0300403674809297,0.0220771609335849,1.3606988494263674,1.1170614427191377,-0.0136004731877219,0.0007391372592271,0.1164288161561699,-0.029042332252909,-0.0244078382857947,-0.0208310227439225,3.0,-0.0270278621788456,0.0045443770446051,2.0356119016361687,1129.3741244002722,1174.549089376283,0.04,80.00000000000007,1,1,TP,TP,3,MEDIUM,2025
GOOGL,2025-10-10,2025-10-13,2025-10-15,-0.020535638722347,0.0234149829087623,0.8770298403533011,1.03829223437655,-0.0431389418046845,0.0479454672684145,0.2621166557057763,-0.0373940997251888,-0.0357855836096266,-0.0404395643647687,4.0,-0.0270278621788456,0.0045443770446051,2.0356119016361687,239.74092459803205,249.33056158195333,0.04,80.00000000000007,2,2,TP,TP,2,LOW,2025
GS,2025-10-10,2025-10-13,2025-10-14,-0.020001077210026,0.0246405828518291,0.8117128288035336,1.4187913806937238,-0.0348989741928474,0.0077787793292403,0.1927133549739144,-0.0320268491519555,-0.0324311698031453,-0.0475382688058184,3.0,-0.0270278621788456,0.0045443770446051,2.0356119016361687,762.8754690539175,747.6179596728392,-0.0199999999999999,-39.99999999999981,1,1,SL,SL,2,LOW,2025
UNH,2025-10-10,2025-10-13,2025-10-20,-0.0358726861057607,0.026066908977577,1.3761772113685884,1.3592737108030606,0.0130785017956329,0.1230027285954993,-0.0991591429815383,-0.0251884395756074,-0.0158245900889658,0.030283606206513,3.0,-0.0270278621788456,0.0045443770446051,2.0356119016361687,347.6668450586018,357.2126770019531,0.0274568371388486,54.913674277697226,5,5,TIME,TIME,4,HIGH,2025
GS,2025-10-14,2025-10-15,2025-10-15,-0.020361483589922,0.0269622359860263,0.7551852747107004,2.3971646002478177,-0.0259111774361647,0.0127562287860714,0.1987582696386416,-0.0117956093717271,-0.023922072327295,-0.0321340866368905,3.0,-0.0012216462876413,0.0163406409291522,1.103034003245007,763.6012970748222,748.3292711333257,-0.0200000000000001,-40.000000000000256,0,0,SL,SL,3,MEDIUM,2025
BAC,2025-10-16,2025-10-17,2025-10-24,-0.0351951392556428,0.0253766880677701,1.3869082979485725,1.4494710867507603,-0.0091054897284703,0.0130674415926845,0.1192754157093802,0.0323372009464801,0.013054789430329,-0.0007924472406365,2.0,-0.0068101345623303,0.0117718278940031,1.3738077624904392,50.14114888620818,51.73542785644531,0.0317958205117165,63.591641023433176,5,5,TIME,TIME,3,MEDIUM,2025
BLK,2025-10-16,2025-10-17,2025-10-21,-0.0259689878903396,0.0282095734069885,0.9205735767668932,1.8415354475688253,0.0106695688114164,0.0296343491818986,0.1515049985224712,0.0140590462330665,0.0033662943009515,0.0093232250141352,2.0,-0.0068101345623303,0.0117718278940031,1.3738077624904392,1150.4732751571794,1127.4638096540357,-0.0200000000000001,-40.000000000000256,2,2,SL,SL,3,MEDIUM,2025
LLY,2025-10-17,2025-10-20,2025-10-27,-0.0201981412507877,0.0326149858792866,0.619290203759228,1.0900636714318752,0.0059688163903957,0.0691408572740748,0.0238520721417427,-0.0117190769452009,-0.0367851446337096,-0.0441020670403194,4.0,0.0056762051642531,0.0164597759574862,1.200152175389225,800.5510267310221,821.2305297851562,0.0258315864493696,51.66317289873934,5,5,TIME,TIME,4,HIGH,2025
GOOGL,2025-10-21,2025-10-22,2025-10-27,-0.0237380715199874,0.0250282299022088,0.9484518726549008,1.6651957679648646,0.0152679455197992,0.0733617211938248,0.3218443553922963,-0.0039767743440173,0.0204115408126794,0.0191243679887773,1.0,-1.494287878323064e-05,0.0247269046865281,0.714851387379643,253.8732607664205,264.0281911970773,0.04,80.00000000000007,3,3,TP,TP,4,HIGH,2025
CAT,2025-10-22,2025-10-23,2025-10-29,-0.0204707470046484,0.0297089420765001,0.6890432837337834,1.355120651137269,0.0274932083700911,0.1204521665721358,0.3475812460583121,-0.0221856535834727,-0.034947124679205,0.0264209481732702,3.0,-0.005198916065879,0.0185633390127517,1.0158065700735874,515.1817592483561,535.7890296182903,0.04,80.00000000000007,4,4,TP,TP,4,HIGH,2025
GE,2025-10-22,2025-10-23,2025-10-27,-0.0285034646974717,0.0259012141544261,1.100468284132576,1.440092834348709,-0.0039601878467963,0.0368593687263298,0.2607970240050217,-0.0074965926666572,-0.0074304365658364,-0.0154350160410156,2.0,-0.005198916065879,0.0185633390127517,1.0158065700735874,298.00214543445765,309.922231251836,0.04,80.00000000000007,2,2,TP,TP,4,HIGH,2025
HON,2025-10-24,2025-10-27,2025-10-28,-0.0205283231603243,0.0238800142983699,0.8596445087441025,1.7454141725072996,0.0387177121306849,0.01959860233251,0.0069739202708776,0.0337671015188585,0.0649390490968937,0.0758052096805264,2.0,0.0081725546944804,0.0310039080675739,0.9488076565593564,212.27704132861285,208.0315005020406,-0.02,-40.00000000000004,1,1,SL,SL,3,MEDIUM,2025
TSLA,2025-10-24,2025-10-27,2025-10-27,-0.0339881718388788,0.0434612180922746,0.7820344972089109,1.0665598693391594,-0.0105995704628919,0.0897536767905484,0.2916656167875953,-0.0200632732949751,-0.0127244915184181,0.048925031957512,3.0,0.0081725546944804,0.0310039080675739,0.9488076565593564,439.9800109863281,457.5792114257813,0.04,80.00000000000006,0,0,TP,TP,3,MEDIUM,2025
NEE,2025-10-28,2025-10-29,2025-10-29,-0.0285948125345654,0.0235217719101987,1.2156742546324526,1.3314354632217122,0.0029402056148917,0.0853754289195418,0.1684629638305896,0.0038438142976957,-0.0050006560014412,-0.0126418616149664,2.0,0.0026560160190798,0.0431077086835576,0.8056343420623295,80.97293155001661,79.35347291901628,-0.0199999999999999,-39.999999999999815,0,0,SL,SL,4,HIGH,2025
KO,2025-10-29,2025-10-30,2025-11-06,-0.0257983005838206,0.0165534719436206,1.5584827564686636,1.2618013327288806,0.0042018584313963,0.0104172994109561,0.0001277958357359,-0.0195095075328931,-0.0347408935750754,0.0189325693048822,3.0,0.000480370638686,0.0420473279767938,1.1082775714728028,67.0753260451263,67.6730728149414,0.0089115745693573,17.823149138714633,5,5,TIME,TIME,5,HIGH,2025
NEE,2025-10-29,2025-10-30,2025-11-06,-0.021658326980621,0.0252393706113146,0.8581167618701147,1.129151915711127,-0.0205977991093931,0.060260443030077,0.1418479994807997,-0.0313944309051569,-0.0130371612579259,-0.0469751023165837,2.0,0.000480370638686,0.0420473279767938,1.1082775714728028,79.53427051022446,79.70924377441406,0.0021999732073623,4.399946414724631,5,5,TIME,TIME,3,MEDIUM,2025
PEP,2025-10-29,2025-10-30,2025-11-03,-0.0263788158268291,0.0206574041715587,1.2769666318068973,1.0788235939536657,-0.0151606748147825,0.0036774154230363,0.0407361567968667,-0.0355658226862701,-0.0448931595526103,-0.0330774500548514,3.0,0.000480370638686,0.0420473279767938,1.1082775714728028,142.1437207931667,139.30084637730334,-0.0200000000000001,-40.000000000000256,2,2,SL,SL,4,HIGH,2025
UNH,2025-10-29,2025-10-30,2025-10-31,-0.0341996351492629,0.027396432473791,1.2483244007036414,1.3893256770606652,-0.0165594563097385,0.0414222140110451,-0.0753048275275865,-0.0199723284436953,-0.0172340366883967,-0.0163089071909594,2.0,0.000480370638686,0.0420473279767938,1.1082775714728028,340.5908266262187,333.7790100936943,-0.0200000000000001,-40.000000000000256,1,1,SL,SL,4,HIGH,2025
AVGO,2025-10-30,2025-10-31,2025-10-31,-0.0246385792571828,0.0371856437934974,0.6625831031461484,1.1487215518211469,0.0742244486276004,0.1157864600588114,0.4622640674478844,0.0398288151452603,0.0934677372127184,0.0630242474207793,1.0,-0.0109981871425081,0.0292297629105302,0.9754067442469048,376.1619333582533,368.6386946910882,-0.02,-40.00000000000004,0,0,SL,SL,3,MEDIUM,2025
MSFT,2025-10-30,2025-10-31,2025-10-31,-0.0291571391089149,0.0176031102588102,1.6563629199744416,2.1005956699866406,0.0077425981579304,0.02376764350781,0.143621702416739,-0.0108369931132884,0.0099892969285471,0.0276577616688464,2.0,-0.0109981871425081,0.0292297629105302,0.9754067442469048,524.5640198650095,514.0727394677093,-0.02,-40.00000000000004,0,0,SL,SL,5,HIGH,2025
NVDA,2025-10-30,2025-10-31,2025-10-31,-0.0200444385737446,0.030590127033856,0.6552584286936818,1.0103722160689348,0.0817338717795292,0.1186756834109357,0.3720794559654932,0.0595331568516799,0.1138010762712311,0.1159452040151856,1.0,-0.0109981871425081,0.0292297629105302,0.9754067442469048,206.18701808603035,202.06327772430973,-0.02,-40.00000000000004,0,0,SL,SL,3,MEDIUM,2025
UNH,2025-10-30,2025-10-31,2025-10-31,-0.0295839758058691,0.0271480388310933,1.0897279169936136,1.31650390484546,-0.0444672012742827,0.0078480481555396,-0.1004426076628085,-0.0580085654125184,-0.0435566746025281,-0.0334202029643115,2.0,-0.0109981871425081,0.0292297629105302,0.9754067442469048,337.52322317661793,330.7727587130856,-0.02,-40.00000000000004,0,0,SL,SL,4,HIGH,2025
UPS,2025-10-30,2025-10-31,2025-11-04,-0.0240247301835104,0.0268852698699665,0.8936019723703219,1.2389592771589637,0.0854757091567532,0.1040213647757928,-0.0261494098681535,0.0654560959742185,0.0922669573467791,0.1099953090871082,1.0,-0.0109981871425081,0.0292297629105302,0.9754067442469048,89.06942223164842,87.28803378701545,-0.02,-40.00000000000004,2,2,SL,SL,3,MEDIUM,2025
AVGO,2025-11-04,2025-11-05,2025-11-07,-0.0292649328346636,0.0352048628298923,0.8312752978493343,1.1068013223163318,-0.0062402932615565,0.0303926570445371,0.3566009337593154,-0.0651579496619542,-0.0563852567007741,0.0270822031990982,4.0,-0.011853547360019,0.0184990525640937,0.9858967871269614,348.93452000871264,341.95582960853835,-0.0200000000000001,-40.000000000000256,2,2,SL,SL,3,MEDIUM,2025
NVDA,2025-11-04,2025-11-05,2025-11-05,-0.0395881577898881,0.031434466293895,1.2593869868748704,1.0339872009402469,0.0454452047519553,0.0864950193994262,0.3346221809464327,-0.0207009033814263,-0.011640136766287,0.0967653219792774,3.0,-0.011853547360019,0.0184990525640937,0.9858967871269614,198.5168123443512,194.5464760974641,-0.02,-40.00000000000004,0,0,SL,SL,5,HIGH,2025
BAC,2025-11-05,2025-11-06,2025-11-13,-0.0203586276798884,0.019338139306719,1.0527707633595789,1.4547377684328628,0.0136441064821875,0.0245599156433145,0.1500418966918844,-0.0187090493428314,-0.0024724446785158,0.0264187737779659,2.0,0.0034654763403132,0.0209751681529255,0.927318694010967,52.57192991371738,52.03066253662109,-0.0102957486625397,-20.591497325079587,5,5,TIME,TIME,5,HIGH,2025
NVDA,2025-11-06,2025-11-07,2025-11-07,-0.0365248082353061,0.0376321586371957,0.9705743586870652,1.1941400827749755,-0.010800302107319,0.0262384250494254,0.2593165338532075,-0.0908739110793683,-0.072995231354533,0.0324989090258849,4.0,-0.0107294537191834,0.0092460718444593,1.0477414680711663,184.66447901682176,180.97118943648533,-0.0199999999999999,-39.999999999999815,0,0,SL,SL,3,MEDIUM,2025
TSLA,2025-11-06,2025-11-07,2025-11-07,-0.0349730634015603,0.0462937793571601,0.755459240684163,1.2872806252716258,0.0037038818840595,0.0634761124388367,0.3202099016499786,-0.0479535232598719,0.0132015393729105,-0.0068377372023188,2.0,-0.0107294537191834,0.0092460718444593,1.0477414680711663,437.9200134277344,429.1616131591797,-0.02,-40.00000000000004,0,0,SL,SL,4,HIGH,2025
GOOGL,2025-11-07,2025-11-10,2025-11-13,-0.0207901944780045,0.0304256058659758,0.683312423410233,1.0288468367068642,0.0521449799510727,0.1099781182305381,0.4327663679638052,0.0046479595878268,-0.0083928517057342,0.0727530511114324,2.0,0.000984565078659,0.0095148949877912,1.2860342935574594,283.8645774088431,278.18728586066624,-0.02,-40.00000000000004,3,3,SL,SL,3,MEDIUM,2025
TSLA,2025-11-07,2025-11-10,2025-11-12,-0.0367563286623574,0.0503119839423601,0.7305680631570259,1.2212385495054745,-0.0349296763620393,0.020320875770696,0.2713612468661648,-0.0331788151711638,-0.0592255315610553,-0.0096836949995626,3.0,0.000984565078659,0.0095148949877912,1.2860342935574594,439.6000061035156,430.8080059814453,-0.02,-40.00000000000004,2,2,SL,SL,3,MEDIUM,2025
UPS,2025-11-10,2025-11-11,2025-11-18,-0.0301197591090389,0.032383081398135,0.9301078775898562,1.1480199624998235,0.0261273572102416,0.0692348881037372,-0.0359845550163934,0.0016143805886486,-0.0109469718703704,0.0430397121342089,3.0,0.0156043703463399,0.0240913819566273,0.9719313648417656,88.02783389297394,88.62252807617188,0.0067557516401115,13.511503280223105,5,5,TIME,TIME,3,MEDIUM,2025
AMD,2025-11-11,2025-11-12,2025-11-12,-0.0264775455701385,0.052124919687023,0.5079632876006218,1.0828094067752028,-0.0334322659003039,0.1730761691780511,0.6520366839272387,-0.0007572262435512,-0.0501099725109912,-0.0794155448146258,3.0,0.0022891770278539,0.0250646580570181,0.7702110772697951,253.1300048828125,263.255205078125,0.04,80.00000000000007,0,0,TP,TP,3,MEDIUM,2025
BAC,2025-11-13,2025-11-14,2025-11-17,-0.0229163450500289,0.0190359065295131,1.2038483701577087,1.0475319558752358,0.0019994182765152,0.0249619645489647,0.153428406127283,-0.0102958208143618,-0.0078814339288264,-0.0030170745837854,2.0,-0.0165939964147862,0.0066173501782982,1.3754559385735383,52.02082284809795,50.98040639113599,-0.0199999999999999,-39.999999999999815,1,1,SL,SL,5,HIGH,2025
CAT,2025-11-13,2025-11-14,2025-11-21,-0.0339780890991291,0.0379098509151372,0.8962865397490082,1.21848065991788,0.0044883397088921,0.1011426481272594,0.3982927665897522,-0.0303058337248099,-0.0284848697132911,-0.0507589378513606,3.0,-0.0165939964147862,0.0066173501782982,1.3754559385735383,545.6257647642421,534.7132494689573,-0.02,-40.00000000000004,5,5,SL,SL,4,HIGH,2025
GS,2025-11-13,2025-11-14,2025-11-14,-0.0398940873602726,0.0264653640196533,1.5074074677622795,1.3114535524730135,0.0266155113066972,0.0275741882840347,0.2129441721823695,0.0104114279950655,0.0227531611885534,0.0194138166754054,2.0,-0.0165939964147862,0.0066173501782982,1.3754559385735383,780.204688586814,764.6005948150777,-0.02,-40.00000000000004,0,0,SL,SL,4,HIGH,2025
JPM,2025-11-13,2025-11-14,2025-11-14,-0.034112382360686,0.0199920475883518,1.706297577070656,1.2251794425776923,0.0077517180551234,0.0090156023030152,0.1258624713474412,-0.0233833857532954,-0.0125708633700603,0.0001294289662026,2.0,-0.0165939964147862,0.0066173501782982,1.3754559385735383,303.20448907001065,297.1403992886104,-0.0200000000000001,-40.000000000000256,0,0,SL,SL,5,HIGH,2025
MS,2025-11-13,2025-11-14,2025-11-14,-0.0253650235018194,0.0224093447605585,1.1318949203040989,1.195245626910835,0.0155240522314703,0.0432138079275628,0.2155382195367374,0.003392807068586,0.0134009804632466,0.0082186689625822,2.0,-0.0165939964147862,0.0066173501782982,1.3754559385735383,161.53765440578357,158.3069013176679,-0.02,-40.00000000000004,0,0,SL,SL,4,HIGH,2025
NEE,2025-11-13,2025-11-14,2025-11-21,-0.0221213464779651,0.0231915212424695,0.95385491303845,1.2838853139100836,0.0057839128773053,0.0598909380810257,0.1602466359982031,-0.0092013611125925,0.0242682325690466,0.0287848755145994,1.0,-0.0165939964147862,0.0066173501782982,1.3754559385735383,81.17706136599108,81.6973876953125,0.0064097704519692,12.819540903938442,5,5,TIME,TIME,4,HIGH,2025
NVDA,2025-11-13,2025-11-14,2025-11-14,-0.0358102308931413,0.0462760670510449,0.7738391176078292,1.1163744583240156,-0.0294349053835769,0.0092660446777872,0.2386980621308136,-0.0612410267628417,-0.0064866766149674,-0.0790084115092688,2.0,-0.0165939964147862,0.0066173501782982,1.3754559385735383,182.62707860640327,189.93216175065945,0.04,80.00000000000009,0,0,TP,TP,3,MEDIUM,2025
PFE,2025-11-14,2025-11-17,2025-11-20,-0.0283056030777422,0.0263212777042084,1.075388641684993,1.022286311054155,0.0234900968631535,0.0263155234502012,0.053732699343024,-0.0176402339272513,0.0257879051556433,0.0345341798206815,3.0,-0.0001635496688257,0.0056549830465051,1.2872664540289656,23.877563470234623,23.40001220082993,-0.02,-40.00000000000004,3,3,SL,SL,5,HIGH,2025
MS,2025-11-17,2025-11-18,2025-11-20,-0.0269132483912564,0.0257181936709269,1.0464672883181692,1.1382553323422555,-0.0236293615213274,0.0008514148795906,0.1681120458908727,-0.0616174494916716,-0.0339292923369772,-0.0256645959765984,3.0,-0.0093166205734077,-0.0042697117604143,1.1788495933666716,156.06783274030855,162.31054604992093,0.04,80.00000000000007,2,2,TP,TP,4,HIGH,2025
ABBV,2025-11-24,2025-11-25,2025-11-28,-0.0286525124626583,0.0272194854017495,1.0526471033437192,1.5849587094534272,0.0156387968148188,0.0142082997448664,0.1429491181179365,-0.0145979914072655,-0.019188091436351,0.0493803954459539,4.0,0.0147186068762346,-0.0006961164107617,0.9071629682890108,225.00024828604296,220.50024332032208,-0.0200000000000001,-40.00000000000026,2,2,SL,SL,5,HIGH,2025
MCD,2025-12-01,2025-12-02,2025-12-09,-0.0206156682612389,0.0160472128785221,1.2846884014875437,1.0108571988276336,0.0016943446868347,0.0057382514115102,0.0047421567864827,-0.0162936412692656,-0.0127957308370384,-0.0053360985604594,3.0,-0.0045654703011644,0.014163143049592,0.7092216416131115,297.9593101826422,304.81494140625,0.0230086155703792,46.01723114075851,5,5,TIME,TIME,5,HIGH,2025
UPS,2025-12-04,2025-12-05,2025-12-10,-0.0351287454010199,0.0239654420704137,1.4658083626334508,1.4513611357450256,0.006647979036412,0.0599211849883944,0.0131496226549896,-0.0048308035378948,-0.0095117457546813,0.0254302008833577,2.0,0.0007311397879883,0.0185239529827923,0.7299693613423314,90.69418119357115,94.32194844131402,0.04,80.00000000000007,3,3,TP,TP,5,HIGH,2025
ADBE,2025-12-08,2025-12-09,2025-12-11,-0.0206203848179592,0.0268425979239345,0.7681963152893183,1.1600985121850065,0.0385648858092417,0.0065482478546132,-0.0811929976532964,0.0377623978945691,0.0503948852596745,0.0460532174445438,2.0,-0.003004209105806,0.0158976124518861,0.6708011167569717,341.3999938964844,334.5719940185547,-0.02,-40.00000000000004,2,2,SL,SL,3,MEDIUM,2025
MRK,2025-12-09,2025-12-10,2025-12-17,-0.0206206695828373,0.0306238268203111,0.6733537811532032,1.0067995245433623,-0.0125356835925724,0.0637153158804255,0.1539367099725306,-0.0396471785785645,-0.040977902596282,-0.0349601576895752,4.0,-0.0008631180942337,0.0144370750947906,0.7158128006038793,95.81525746064209,97.74787902832033,0.0201702903994396,40.34058079887926,5,5,TIME,TIME,3,MEDIUM,2025
GS,2025-12-12,2025-12-15,2025-12-17,-0.0253230003669369,0.0228789807493692,1.106823797980381,1.2695829855680325,0.0792539300564518,0.1151797524229283,0.3055302249422462,0.0129822713153409,0.0390844573605688,0.0802893288786039,1.0,-0.0107520755752826,0.0108950749459977,1.3395862978773423,879.1311248961666,861.5485023982433,-0.02,-40.00000000000004,2,2,SL,SL,4,HIGH,2025
CRM,2025-12-15,2025-12-16,2025-12-19,-0.0291728413879347,0.0283604431811208,1.0286454693823213,1.112587200123912,0.0500915701903175,0.0346887800400017,-0.0118043689212929,-0.0364118267881421,-0.0190728976042749,0.0934158543318939,3.0,-0.0015108085502177,0.0090230941164688,1.078870621064322,252.3068168853155,258.5941772460937,0.0249195025263075,49.83900505261518,3,3,FINAL,FINAL,5,HIGH,2025
COP,2025-12-16,2025-12-17,2025-12-19,-0.0380458042064082,0.0257164643437582,1.479433708220567,1.2979214118927902,-0.0031409555354078,0.0180921188451836,-0.0010379945255243,-0.0614207738567922,-0.0284705266720275,0.01657514482795,4.0,-0.0027322851452302,0.0060496272291359,1.4230806974215635,89.94726295199213,89.95704650878906,0.0001087699222392,0.2175398444785869,2,2,FINAL,FINAL,4,HIGH,2025
JNJ,2025-12-16,2025-12-17,2025-12-19,-0.022738941019252,0.0180226429122681,1.2616873745955133,1.0379685035427255,0.0199921969518577,0.0689803255813845,0.2332429697391449,-0.0033807921923884,0.0467092849141079,0.0188880950522811,1.0,-0.0027322851452302,0.0060496272291359,1.4230806974215635,206.0753812226996,203.10321044921875,-0.0144227357768123,-28.84547155362461,2,2,FINAL,FINAL,5,HIGH,2025
PFE,2025-12-16,2025-12-17,2025-12-19,-0.0340521642069292,0.0229701914752858,1.4824501677997188,2.149092207658773,0.0004507293570663,0.0247952134028512,0.0696637736217078,-0.0104649700117906,0.007895852539379,0.0151095081045735,1.0,-0.0027322851452302,0.0060496272291359,1.4230806974215635,24.153330260892364,23.953638076782227,-0.0082676873935462,-16.535374787092437,2,2,FINAL,FINAL,5,HIGH,2025
NKE,2025-12-17,2025-12-18,2025-12-19,-0.0213051118687983,0.0254603361672032,0.836796173030996,1.0235905234841376,0.0148154157565218,0.0107340136393958,-0.013943989316012,-0.0263821485323428,-0.0015200670755411,0.0006091803006096,3.0,-0.0110035939834002,-0.0050877681485256,1.2929714258798823,64.31097407870494,63.02475459713085,-0.02,-40.00000000000004,1,1,SL,SL,4,HIGH,2025
COP,2025-12-18,2025-12-19,2025-12-19,-0.028748865796529,0.0279425367052912,1.0288566889879078,1.014489547310536,0.0076203145433073,0.0344800564095737,0.0143454657363253,-0.0225730450104836,-0.0463239943885864,-0.0095575514688273,4.0,0.0075512627097522,0.0023252654540948,1.2596201005504006,90.45604148760587,89.95704650878906,-0.0055164361673418,-11.032872334683752,0,0,FINAL,FINAL,5,HIGH,2025
